dataset,representation,target_kappa,model,remedy,seed,epoch,train_loss,val_primary,val_roc_auc,val_accuracy
adult,controlled,1.0,mlp,adamw,31415,1,0.6246318125900531,0.7554766977569591,0.7554766977569591,0.7592507293106096
adult,controlled,1.0,mlp,adamw,31415,2,0.46517551362660947,0.8636326117909247,0.8636326117909247,0.8206663595885153
adult,controlled,1.0,mlp,adamw,31415,3,0.3587269186241328,0.8967003105590062,0.8967003105590062,0.844925533548288
adult,controlled,1.0,mlp,adamw,31415,4,0.32418846154095793,0.9044944646210356,0.9044944646210356,0.8507600184246891
adult,controlled,1.0,mlp,adamw,31415,5,0.31598207896406,0.9074323940900931,0.9074323940900931,0.8506064793489944
adult,controlled,1.0,mlp,adamw,31415,6,0.3107630130114075,0.9089265079135801,0.9089265079135801,0.8524489482573315
adult,controlled,1.0,mlp,adamw,31415,7,0.3070228640218918,0.9099298920781658,0.9099298920781658,0.8550591125441425
adult,controlled,1.0,mlp,adamw,31415,8,0.3037006537949424,0.9106468345680032,0.9106468345680032,0.8530631045601106
adult,controlled,1.0,mlp,adamw,31415,9,0.3023972465892389,0.9105931831782258,0.9105931831782258,0.8538307999385844
adult,controlled,1.0,mlp,adamw,31415,10,0.3001200172327074,0.9115375637110255,0.9115375637110255,0.8545984953170582
adult,controlled,1.0,mlp,adamw,31415,11,0.2982654023814846,0.9112198468871875,0.9112198468871875,0.8536772608628896
adult,controlled,1.0,mlp,adamw,31415,12,0.2959642712695007,0.9115572315882876,0.9115572315882876,0.8532166436358053
adult,controlled,1.0,mlp,adamw,31415,13,0.2936134511188441,0.9112444800973979,0.9112444800973979,0.8539843390142792
adult,controlled,1.0,mlp,adamw,31415,14,0.2931505797536133,0.9113622294215967,0.9113622294215967,0.8542914171656687
adult,controlled,1.0,mlp,adamw,31415,15,0.29189849727276795,0.9118274230824785,0.9118274230824785,0.8538307999385844
adult,controlled,1.0,mlp,adamw,31415,16,0.28957839467601637,0.9112438352489631,0.9112438352489631,0.8518347919545525
adult,controlled,1.0,mlp,adamw,31415,17,0.28816101687253254,0.9109421751511524,0.9109421751511524,0.8532166436358053
adult,controlled,1.0,mlp,adamw,31415,18,0.286780662193931,0.911328568333299,0.911328568333299,0.8519883310302472
adult,controlled,1.0,mlp,adamw,31415,19,0.28641685140513673,0.9106518643857947,0.9106518643857947,0.8512206356517734
adult,controlled,1.0,mlp,adamw,31415,20,0.28481924716904944,0.9107618755287757,0.9107618755287757,0.8527560264087211
adult,controlled,1.0,mlp,adamw,31415,21,0.28403355419196424,0.910661795051691,0.910661795051691,0.8513741747274681
adult,controlled,1.0,mlp,diagonal_adamw,31415,1,0.6246318107594436,0.7554766977569591,0.7554766977569591,0.7592507293106096
adult,controlled,1.0,mlp,diagonal_adamw,31415,2,0.46517551362660947,0.8636326117909248,0.8636326117909248,0.8206663595885153
adult,controlled,1.0,mlp,diagonal_adamw,31415,3,0.35872692096731296,0.8967003105590062,0.8967003105590062,0.844925533548288
adult,controlled,1.0,mlp,diagonal_adamw,31415,4,0.324188462712548,0.9044944646210356,0.9044944646210356,0.8507600184246891
adult,controlled,1.0,mlp,diagonal_adamw,31415,5,0.3159820796230794,0.9074323940900931,0.9074323940900931,0.8506064793489944
adult,controlled,1.0,mlp,diagonal_adamw,31415,6,0.3107630101556567,0.9089265079135801,0.9089265079135801,0.8524489482573315
adult,controlled,1.0,mlp,diagonal_adamw,31415,7,0.3070228616787116,0.9099298920781658,0.9099298920781658,0.8550591125441425
adult,controlled,1.0,mlp,diagonal_adamw,31415,8,0.3037006537949424,0.9106468345680032,0.9106468345680032,0.8530631045601106
adult,controlled,1.0,mlp,diagonal_adamw,31415,9,0.30239724424605874,0.9105931831782258,0.9105931831782258,0.8538307999385844
adult,controlled,1.0,mlp,diagonal_adamw,31415,10,0.3001200113747571,0.9115376281958689,0.9115376281958689,0.8545984953170582
adult,controlled,1.0,mlp,diagonal_adamw,31415,11,0.2982654012098945,0.9112198468871875,0.9112198468871875,0.8536772608628896
adult,controlled,1.0,mlp,diagonal_adamw,31415,12,0.2959642719285201,0.9115572315882875,0.9115572315882875,0.8532166436358053
adult,controlled,1.0,mlp,diagonal_adamw,31415,13,0.29361344591991323,0.9112444800973979,0.9112444800973979,0.8539843390142792
adult,controlled,1.0,mlp,diagonal_adamw,31415,14,0.29315058209679346,0.9113622294215967,0.9113622294215967,0.8542914171656687
adult,controlled,1.0,mlp,diagonal_adamw,31415,15,0.2918984961011779,0.9118274230824787,0.9118274230824787,0.8538307999385844
adult,controlled,1.0,mlp,diagonal_adamw,31415,16,0.289578395188587,0.9112438352489631,0.9112438352489631,0.8518347919545525
adult,controlled,1.0,mlp,diagonal_adamw,31415,17,0.2881610180441226,0.9109421751511524,0.9109421751511524,0.8532166436358053
adult,controlled,1.0,mlp,diagonal_adamw,31415,18,0.2867806586791608,0.9113285038484555,0.9113285038484555,0.8519883310302472
adult,controlled,1.0,mlp,diagonal_adamw,31415,19,0.2864168455471864,0.9106517354161078,0.9106517354161078,0.8512206356517734
adult,controlled,1.0,mlp,diagonal_adamw,31415,20,0.28481924365427924,0.9107618755287757,0.9107618755287757,0.8527560264087211
adult,controlled,1.0,mlp,diagonal_adamw,31415,21,0.2840335582925295,0.910661795051691,0.910661795051691,0.8513741747274681
adult,controlled,1.0,mlp,whiten_adamw,31415,1,0.6273677743037737,0.7446213836899774,0.7446213836899774,0.7594042683863043
adult,controlled,1.0,mlp,whiten_adamw,31415,2,0.4667852509959031,0.8664748457522543,0.8664748457522543,0.8240442192538001
adult,controlled,1.0,mlp,whiten_adamw,31415,3,0.35148870432406154,0.8988789954809021,0.8988789954809021,0.8450790726239829
adult,controlled,1.0,mlp,whiten_adamw,31415,4,0.3234457949894945,0.9048904015600174,0.9048904015600174,0.8496852448948258
adult,controlled,1.0,mlp,whiten_adamw,31415,5,0.3155434863133864,0.9076215926208703,0.9076215926208703,0.8515277138031629
adult,controlled,1.0,mlp,whiten_adamw,31415,6,0.3110248146976827,0.9089761612430614,0.9089761612430614,0.8524489482573315
adult,controlled,1.0,mlp,whiten_adamw,31415,7,0.30696737429433724,0.9092764026743153,0.9092764026743153,0.8530631045601106
adult,controlled,1.0,mlp,whiten_adamw,31415,8,0.3033123006106009,0.9102703720517532,0.9102703720517532,0.8522954091816367
adult,controlled,1.0,mlp,whiten_adamw,31415,9,0.30236538812627956,0.9096604744020965,0.9096604744020965,0.8524489482573315
adult,controlled,1.0,mlp,whiten_adamw,31415,10,0.2998948206333329,0.9106612791729431,0.9106612791729431,0.8515277138031629
adult,controlled,1.0,mlp,whiten_adamw,31415,11,0.2986883731233986,0.9107776098305853,0.9107776098305853,0.8509135575003839
adult,controlled,1.0,mlp,whiten_adamw,31415,12,0.29630997000806747,0.9109410144239698,0.9109410144239698,0.8506064793489944
adult,controlled,1.0,mlp,whiten_adamw,31415,13,0.29458154002044357,0.9103480118033058,0.9103480118033058,0.8510670965760786
adult,controlled,1.0,mlp,whiten_adamw,31415,14,0.29342890869487415,0.9108936825488537,0.9108936825488537,0.8512206356517734
adult,controlled,1.0,mlp,whiten_adamw,31415,15,0.2918219480672691,0.9109753203607025,0.9109753203607025,0.8515277138031629
adult,controlled,1.0,mlp,whiten_adamw,31415,16,0.29112697321308334,0.9109207661831163,0.9109207661831163,0.8513741747274681
adult,controlled,1.0,mlp,whiten_adamw,31415,17,0.2885586326479619,0.9100303594643114,0.9100303594643114,0.85014586212191
adult,controlled,1.0,mlp,whiten_adamw,31415,18,0.2875492837856677,0.9107521383174098,0.9107521383174098,0.8515277138031629
adult,controlled,1.0,mlp,whiten_adamw,31415,19,0.28595358514082814,0.9094890736881204,0.9094890736881204,0.8504529402732995
adult,controlled,1.0,mlp,whiten_adamw,31415,20,0.2874784459353079,0.9100313912218074,0.9100313912218074,0.8504529402732995
adult,controlled,1.0,mlp,whiten_adamw,31415,21,0.2841451419952168,0.9102532190833865,0.9102532190833865,0.8509135575003839
adult,controlled,1.0,mlp,anchor_whiten_adamw,31415,1,0.625528972769838,0.7394647242112214,0.7394647242112214,0.7598648856133886
adult,controlled,1.0,mlp,anchor_whiten_adamw,31415,2,0.4708092255879386,0.8612602143992076,0.8612602143992076,0.8146783356364194
adult,controlled,1.0,mlp,anchor_whiten_adamw,31415,3,0.3601937767035838,0.8969127236334373,0.8969127236334373,0.846307385229541
adult,controlled,1.0,mlp,anchor_whiten_adamw,31415,4,0.3253057596870957,0.9032429427787293,0.9032429427787293,0.8490710885920467
adult,controlled,1.0,mlp,anchor_whiten_adamw,31415,5,0.3151779726184264,0.9060693134685622,0.9060693134685622,0.8492246276677414
adult,controlled,1.0,mlp,anchor_whiten_adamw,31415,6,0.3103884487099378,0.9074881089948618,0.9074881089948618,0.8515277138031629
adult,controlled,1.0,mlp,anchor_whiten_adamw,31415,7,0.3072173295208512,0.9082851416603043,0.9082851416603043,0.8507600184246891
adult,controlled,1.0,mlp,anchor_whiten_adamw,31415,8,0.3046064014370377,0.9090550906914838,0.9090550906914838,0.8506064793489944
adult,controlled,1.0,mlp,anchor_whiten_adamw,31415,9,0.3014571956686071,0.9089047120364832,0.9089047120364832,0.8533701827115001
adult,controlled,1.0,mlp,anchor_whiten_adamw,31415,10,0.3004090777193299,0.9099777398320298,0.9099777398320298,0.8507600184246891
adult,controlled,1.0,mlp,anchor_whiten_adamw,31415,11,0.2982658473660378,0.9097891861496874,0.9097891861496874,0.8502994011976048
adult,controlled,1.0,mlp,anchor_whiten_adamw,31415,12,0.2978966377437554,0.9099592971667939,0.9099592971667939,0.8502994011976048
adult,controlled,1.0,mlp,anchor_whiten_adamw,31415,13,0.2942922080178226,0.9097160603371782,0.9097160603371782,0.85014586212191
adult,controlled,1.0,mlp,anchor_whiten_adamw,31415,14,0.29422227265793804,0.9101336641835702,0.9101336641835702,0.8515277138031629
adult,controlled,1.0,mlp,anchor_whiten_adamw,31415,15,0.29255411651269225,0.9102213635707064,0.9102213635707064,0.8515277138031629
adult,controlled,1.0,mlp,anchor_whiten_adamw,31415,16,0.290660412657173,0.9099905078310393,0.9099905078310393,0.8513741747274681
adult,controlled,1.0,mlp,anchor_whiten_adamw,31415,17,0.29000423149336174,0.9097483027589196,0.9097483027589196,0.8510670965760786
adult,controlled,1.0,mlp,anchor_whiten_adamw,31415,18,0.2878948658777982,0.9100271352221374,0.9100271352221374,0.8510670965760786
adult,controlled,1.0,mlp,anchor_whiten_adamw,31415,19,0.2862347787662572,0.9094000846041147,0.9094000846041147,0.8513741747274681
adult,controlled,1.0,mlp,anchor_whiten_adamw,31415,20,0.2856045782712519,0.9094557995088834,0.9094557995088834,0.8498387839705205
adult,controlled,1.0,mlp,anchor_whiten_adamw,31415,21,0.2854093524835619,0.909479658900972,0.909479658900972,0.8516812528788577
adult,controlled,1000.0,mlp,adamw,31415,1,0.6223424195657491,0.675190101318586,0.675190101318586,0.7670812221710426
adult,controlled,1000.0,mlp,adamw,31415,2,0.5126785843173175,0.7372875224407256,0.7372875224407256,0.7819745125134346
adult,controlled,1000.0,mlp,adamw,31415,3,0.46681985852173563,0.7855895720269908,0.7855895720269908,0.8034699831107017
adult,controlled,1000.0,mlp,adamw,31415,4,0.43094337316051456,0.8249916169703473,0.8249916169703473,0.8143712574850299
adult,controlled,1000.0,mlp,adamw,31415,5,0.4058447901241902,0.8436086492230865,0.8436086492230865,0.8226623675725472
adult,controlled,1000.0,mlp,adamw,31415,6,0.3882102018785125,0.8540600302304947,0.8540600302304947,0.826654383540611
adult,controlled,1000.0,mlp,adamw,31415,7,0.3779032684368349,0.8625261808464538,0.8625261808464538,0.8281897742975587
adult,controlled,1000.0,mlp,adamw,31415,8,0.37033703564425946,0.8678254163141494,0.8678254163141494,0.8323353293413174
adult,controlled,1000.0,mlp,adamw,31415,9,0.36405826976902655,0.8693850467386146,0.8693850467386146,0.8346384154767388
adult,controlled,1000.0,mlp,adamw,31415,10,0.3591866884243283,0.8716626514104124,0.8716626514104124,0.8326424074927069
adult,controlled,1000.0,mlp,adamw,31415,11,0.3556283073870497,0.874102499948412,0.874102499948412,0.8324888684170121
adult,controlled,1000.0,mlp,adamw,31415,12,0.3521773822477467,0.8778494562637997,0.8778494562637997,0.8340242591739597
adult,controlled,1000.0,mlp,adamw,31415,13,0.34705982212645414,0.8801216442087453,0.8801216442087453,0.8366344234607708
adult,controlled,1000.0,mlp,adamw,31415,14,0.3463246320770179,0.880320902375106,0.880320902375106,0.8378627360663289
adult,controlled,1000.0,mlp,adamw,31415,15,0.34405380348315695,0.8827092920080063,0.8827092920080063,0.8383233532934131
adult,controlled,1000.0,mlp,adamw,31415,16,0.34165362446255415,0.883607565877716,0.883607565877716,0.8398587440503608
adult,controlled,1000.0,mlp,adamw,31415,17,0.33765069433746525,0.8846793039763934,0.8846793039763934,0.8378627360663289
adult,controlled,1000.0,mlp,adamw,31415,18,0.340051051512983,0.8850424826148863,0.8850424826148863,0.8389375095961922
adult,controlled,1000.0,mlp,adamw,31415,19,0.3343749581595897,0.8855584903324322,0.8855584903324322,0.8387839705204975
adult,controlled,1000.0,mlp,adamw,31415,20,0.33340681975830977,0.8866552485503809,0.8866552485503809,0.8400122831260556
adult,controlled,1000.0,mlp,adamw,31415,21,0.3312663645357699,0.8855711293617549,0.8855711293617549,0.8354061108552127
adult,controlled,1000.0,mlp,adamw,31415,22,0.32999198420627696,0.88725482862508,0.88725482862508,0.8380162751420236
adult,controlled,1000.0,mlp,adamw,31415,23,0.3293481283896678,0.8872684349270546,0.8872684349270546,0.8389375095961922
adult,controlled,1000.0,mlp,adamw,31415,24,0.3296460884209054,0.8879195383916965,0.8879195383916965,0.8367879625364655
adult,controlled,1000.0,mlp,adamw,31415,25,0.32878632546935677,0.8881124770433957,0.8881124770433957,0.8384768923691079
adult,controlled,1000.0,mlp,adamw,31415,26,0.3265711517972501,0.889444475970368,0.889444475970368,0.8387839705204975
adult,controlled,1000.0,mlp,adamw,31415,27,0.3267008729590245,0.889206397928231,0.889206397928231,0.8413941348073085
adult,controlled,1000.0,mlp,adamw,31415,28,0.3248842609748793,0.8897051237077237,0.8897051237077237,0.8372485797635498
adult,controlled,1000.0,mlp,adamw,31415,29,0.3223553155651842,0.8883630651451682,0.8883630651451682,0.8381698142177184
adult,controlled,1000.0,mlp,adamw,31415,30,0.32223971103860355,0.8892728173170178,0.8892728173170178,0.839091048671887
adult,controlled,1000.0,mlp,diagonal_adamw,31415,1,0.6215153715827249,0.6768106699201419,0.6768106699201419,0.7706126209120221
adult,controlled,1000.0,mlp,diagonal_adamw,31415,2,0.5123903620301652,0.7377701914941912,0.7377701914941912,0.783049286043298
adult,controlled,1000.0,mlp,diagonal_adamw,31415,3,0.46702009505370323,0.7855817693609294,0.7855817693609294,0.8016275142023646
adult,controlled,1000.0,mlp,diagonal_adamw,31415,4,0.43108753519503434,0.8250785425393616,0.8250785425393616,0.8140641793336404
adult,controlled,1000.0,mlp,diagonal_adamw,31415,5,0.40581240437247534,0.8432599151895339,0.8432599151895339,0.8215875940426839
adult,controlled,1000.0,mlp,diagonal_adamw,31415,6,0.38798942715295703,0.8536161810528055,0.8536161810528055,0.8251189927836634
adult,controlled,1000.0,mlp,diagonal_adamw,31415,7,0.37799529683677807,0.8622914560161778,0.8622914560161778,0.8295716259788116
adult,controlled,1000.0,mlp,diagonal_adamw,31415,8,0.3702936444147799,0.8675169208229296,0.8675169208229296,0.8323353293413174
adult,controlled,1000.0,mlp,diagonal_adamw,31415,9,0.36410031989399866,0.8692596882028848,0.8692596882028848,0.833870720098265
adult,controlled,1000.0,mlp,diagonal_adamw,31415,10,0.35895923461023654,0.8715081457254287,0.8715081457254287,0.8327959465684016
adult,controlled,1000.0,mlp,diagonal_adamw,31415,11,0.35585492702901217,0.874175625760921,0.874175625760921,0.8321817902656226
adult,controlled,1000.0,mlp,diagonal_adamw,31415,12,0.35227424360317444,0.8779169074100823,0.8779169074100823,0.8337171810225702
adult,controlled,1000.0,mlp,diagonal_adamw,31415,13,0.34697267610845167,0.8802249489280042,0.8802249489280042,0.8361738062336864
adult,controlled,1000.0,mlp,diagonal_adamw,31415,14,0.3463853488536666,0.8804327190937041,0.8804327190937041,0.8383233532934131
adult,controlled,1000.0,mlp,diagonal_adamw,31415,15,0.3438283557973857,0.8828003446070035,0.8828003446070035,0.8378627360663289
adult,controlled,1000.0,mlp,diagonal_adamw,31415,16,0.34135592847842844,0.8835615236994696,0.8835615236994696,0.8395516658989712
adult,controlled,1000.0,mlp,diagonal_adamw,31415,17,0.33754198637582744,0.8847633277274509,0.8847633277274509,0.8384768923691079
adult,controlled,1000.0,mlp,diagonal_adamw,31415,18,0.33952071347459234,0.8852296176306722,0.8852296176306722,0.8400122831260556
adult,controlled,1000.0,mlp,diagonal_adamw,31415,19,0.33453310231611827,0.8856367749324199,0.8856367749324199,0.8393981268232765
adult,controlled,1000.0,mlp,diagonal_adamw,31415,20,0.3330401507290927,0.8869062235612142,0.8869062235612142,0.8409335175802242
adult,controlled,1000.0,mlp,diagonal_adamw,31415,21,0.33097107060418374,0.8856019531169392,0.8856019531169392,0.8372485797635498
adult,controlled,1000.0,mlp,diagonal_adamw,31415,22,0.3301431053393596,0.8871659685107612,0.8871659685107612,0.837095040687855
adult,controlled,1000.0,mlp,diagonal_adamw,31415,23,0.328918875728251,0.8873193134685624,0.8873193134685624,0.8378627360663289
adult,controlled,1000.0,mlp,diagonal_adamw,31415,24,0.32889557990453755,0.8879809279626918,0.8879809279626918,0.8386304314448026
adult,controlled,1000.0,mlp,diagonal_adamw,31415,25,0.32805231272149143,0.8882209405501331,0.8882209405501331,0.8377091969906341
adult,controlled,1000.0,mlp,diagonal_adamw,31415,26,0.32614198385644017,0.8895974340191082,0.8895974340191082,0.839705204974666
adult,controlled,1000.0,mlp,diagonal_adamw,31415,27,0.32609353516552897,0.8895194073584943,0.8895194073584943,0.8395516658989712
adult,controlled,1000.0,mlp,diagonal_adamw,31415,28,0.3243061386835956,0.8897458781288048,0.8897458781288048,0.8381698142177184
adult,controlled,1000.0,mlp,diagonal_adamw,31415,29,0.3221922508768133,0.8885422685252058,0.8885422685252058,0.8374021188392445
adult,controlled,1000.0,mlp,diagonal_adamw,31415,30,0.3215957518291708,0.8894063009430263,0.8894063009430263,0.8392445877475817
adult,controlled,1000.0,mlp,whiten_adamw,31415,1,0.6257811002707891,0.7491070138874559,0.7491070138874559,0.7592507293106096
adult,controlled,1000.0,mlp,whiten_adamw,31415,2,0.46392270995885204,0.8652961917830834,0.8652961917830834,0.8209734377399048
adult,controlled,1000.0,mlp,whiten_adamw,31415,3,0.3540423993542973,0.8973356152369947,0.8973356152369947,0.8464609243052357
adult,controlled,1000.0,mlp,whiten_adamw,31415,4,0.3249968607390542,0.9035282237262953,0.9035282237262953,0.8484569322892677
adult,controlled,1000.0,mlp,whiten_adamw,31415,5,0.31699264276525607,0.9060293328656033,0.9060293328656033,0.8499923230462153
adult,controlled,1000.0,mlp,whiten_adamw,31415,6,0.31098560055292207,0.9077981521223252,0.9077981521223252,0.8519883310302472
adult,controlled,1000.0,mlp,whiten_adamw,31415,7,0.3082540991558197,0.9085549462454344,0.9085549462454344,0.8524489482573315
adult,controlled,1000.0,mlp,whiten_adamw,31415,8,0.30527931100320466,0.909347207032459,0.909347207032459,0.8518347919545525
adult,controlled,1000.0,mlp,whiten_adamw,31415,9,0.30249329940107006,0.9090024710592022,0.9090024710592022,0.8529095654844158
adult,controlled,1000.0,mlp,whiten_adamw,31415,10,0.29984634953576167,0.9099269257753659,0.9099269257753659,0.8522954091816367
adult,controlled,1000.0,mlp,whiten_adamw,31415,11,0.29832869218959857,0.9097351478508491,0.9097351478508491,0.8524489482573315
adult,controlled,1000.0,mlp,whiten_adamw,31415,12,0.29665567321332137,0.9098430954788386,0.9098430954788386,0.8516812528788577
adult,controlled,1000.0,mlp,whiten_adamw,31415,13,0.29547959236606625,0.9099044205649904,0.9099044205649904,0.8509135575003839
adult,controlled,1000.0,mlp,whiten_adamw,31415,14,0.2949482069261537,0.9097116753678216,0.9097116753678216,0.8527560264087211
adult,controlled,1000.0,mlp,whiten_adamw,31415,15,0.2923836072481235,0.9104882018530364,0.9104882018530364,0.8522954091816367
adult,controlled,1000.0,mlp,whiten_adamw,31415,16,0.28926005036883623,0.910068921400714,0.910068921400714,0.8516812528788577
adult,controlled,1000.0,mlp,whiten_adamw,31415,17,0.28862734830935993,0.9096863973091763,0.9096863973091763,0.8527560264087211
adult,controlled,1000.0,mlp,whiten_adamw,31415,18,0.2882165443106424,0.9098793359608757,0.9098793359608757,0.8530631045601106
adult,controlled,1000.0,mlp,whiten_adamw,31415,19,0.2855971454841792,0.9097007129444294,0.9097007129444294,0.8509135575003839
adult,controlled,1000.0,mlp,whiten_adamw,31415,20,0.2848653947106157,0.9090356162687522,0.9090356162687522,0.8516812528788577
adult,controlled,1000.0,mlp,whiten_adamw,31415,21,0.2841237843475998,0.9093576535771032,0.9093576535771032,0.8513741747274681
adult,controlled,1000.0,mlp,anchor_whiten_adamw,31415,1,0.625528972769838,0.7394647886960649,0.7394647886960649,0.7598648856133886
adult,controlled,1000.0,mlp,anchor_whiten_adamw,31415,2,0.47080922675952863,0.8612602143992076,0.8612602143992076,0.8146783356364194
adult,controlled,1000.0,mlp,anchor_whiten_adamw,31415,3,0.3601937748729743,0.8969127236334372,0.8969127236334372,0.846307385229541
adult,controlled,1000.0,mlp,anchor_whiten_adamw,31415,4,0.3253057596870957,0.9032430072635728,0.9032430072635728,0.8490710885920467
adult,controlled,1000.0,mlp,anchor_whiten_adamw,31415,5,0.31517797379001644,0.9060693134685622,0.9060693134685622,0.8492246276677414
adult,controlled,1000.0,mlp,anchor_whiten_adamw,31415,6,0.31038845456788816,0.9074880445100184,0.9074880445100184,0.8515277138031629
adult,controlled,1000.0,mlp,anchor_whiten_adamw,31415,7,0.3072173283492611,0.9082851416603043,0.9082851416603043,0.8507600184246891
adult,controlled,1000.0,mlp,anchor_whiten_adamw,31415,8,0.30460639557908736,0.9090550906914838,0.9090550906914838,0.8506064793489944
adult,controlled,1000.0,mlp,anchor_whiten_adamw,31415,9,0.30145719332542703,0.9089047120364832,0.9089047120364832,0.8533701827115001
adult,controlled,1000.0,mlp,anchor_whiten_adamw,31415,10,0.3004090777193299,0.9099777398320298,0.9099777398320298,0.8507600184246891
adult,controlled,1000.0,mlp,anchor_whiten_adamw,31415,11,0.2982658438512676,0.9097891861496874,0.9097891861496874,0.8502994011976048
adult,controlled,1000.0,mlp,anchor_whiten_adamw,31415,12,0.29789663891534546,0.9099592971667939,0.9099592971667939,0.8502994011976048
adult,controlled,1000.0,mlp,anchor_whiten_adamw,31415,13,0.2942922045030524,0.9097160603371782,0.9097160603371782,0.85014586212191
adult,controlled,1000.0,mlp,anchor_whiten_adamw,31415,14,0.2942222703147579,0.9101336641835702,0.9101336641835702,0.8515277138031629
adult,controlled,1000.0,mlp,anchor_whiten_adamw,31415,15,0.29255412002746245,0.9102213635707063,0.9102213635707063,0.8515277138031629
adult,controlled,1000.0,mlp,anchor_whiten_adamw,31415,16,0.29066041148558297,0.9099905078310393,0.9099905078310393,0.8513741747274681
adult,controlled,1000.0,mlp,anchor_whiten_adamw,31415,17,0.2900042321523812,0.9097483027589196,0.9097483027589196,0.8510670965760786
adult,controlled,1000.0,mlp,anchor_whiten_adamw,31415,18,0.28789486704938827,0.9100271352221375,0.9100271352221375,0.8510670965760786
adult,controlled,1000.0,mlp,anchor_whiten_adamw,31415,19,0.2862347787662572,0.9094000846041147,0.9094000846041147,0.8513741747274681
adult,controlled,1000.0,mlp,anchor_whiten_adamw,31415,20,0.2856045782712519,0.9094557995088834,0.9094557995088834,0.8498387839705205
adult,controlled,1000.0,mlp,anchor_whiten_adamw,31415,21,0.2854093571699222,0.909479658900972,0.909479658900972,0.8516812528788577
adult,controlled,1.0,mlp,adamw,31415,1,0.5022752350905604,0.8904374135903096,0.8904374135903096,0.8421618301857823
adult,controlled,1.0,mlp,adamw,31415,2,0.3308596548049983,0.9061505643713501,0.9061505643713501,0.8479963150621833
adult,controlled,1.0,mlp,adamw,31415,3,0.3117385497843018,0.9095037762324343,0.9095037762324343,0.8524489482573315
adult,controlled,1.0,mlp,adamw,31415,4,0.30519343872328064,0.9090953292338168,0.9090953292338168,0.8524489482573315
adult,controlled,1.0,mlp,adamw,31415,5,0.30028519766629475,0.9111069984110935,0.9111069984110935,0.855980346998311
adult,controlled,1.0,mlp,adamw,31415,6,0.2962755081987498,0.9103099657456513,0.9103099657456513,0.8504529402732995
adult,controlled,1.0,mlp,adamw,31415,7,0.2926790766985469,0.9106963589277974,0.9106963589277974,0.8530631045601106
adult,controlled,1.0,mlp,adamw,31415,8,0.2894506876240198,0.9101628113328245,0.9101628113328245,0.8526024873330262
adult,controlled,1.0,mlp,adamw,31415,9,0.2870944424987718,0.9080807247064651,0.9080807247064651,0.8529095654844158
adult,controlled,1.0,mlp,adamw,31415,10,0.2856848184980397,0.9087845122882318,0.9087845122882318,0.8479963150621833
adult,controlled,1.0,mlp,adamw,31415,11,0.28157313003294004,0.9080488691937847,0.9080488691937847,0.84692154153232
adult,controlled,1.0,mlp,diagonal_adamw,31415,1,0.5022752350905604,0.8904374135903096,0.8904374135903096,0.8421618301857823
adult,controlled,1.0,mlp,diagonal_adamw,31415,2,0.33085965246181814,0.9061505643713503,0.9061505643713503,0.8479963150621833
adult,controlled,1.0,mlp,diagonal_adamw,31415,3,0.3117385450979416,0.9095037762324343,0.9095037762324343,0.8524489482573315
adult,controlled,1.0,mlp,diagonal_adamw,31415,4,0.3051934398948707,0.9090953292338168,0.9090953292338168,0.8524489482573315
adult,controlled,1.0,mlp,diagonal_adamw,31415,5,0.30028519415152455,0.9111069984110935,0.9111069984110935,0.855980346998311
adult,controlled,1.0,mlp,diagonal_adamw,31415,6,0.29627551054192997,0.910309965745651,0.910309965745651,0.8504529402732995
adult,controlled,1.0,mlp,diagonal_adamw,31415,7,0.2926790742821424,0.9106963589277974,0.9106963589277974,0.8530631045601106
adult,controlled,1.0,mlp,diagonal_adamw,31415,8,0.28945068345023023,0.9101628113328245,0.9101628113328245,0.8526024873330262
adult,controlled,1.0,mlp,diagonal_adamw,31415,9,0.2870944389840016,0.908080853676152,0.908080853676152,0.8529095654844158
adult,controlled,1.0,mlp,diagonal_adamw,31415,10,0.2856848226718293,0.9087845122882318,0.9087845122882318,0.8479963150621833
adult,controlled,1.0,mlp,diagonal_adamw,31415,11,0.28157312717718924,0.9080488691937847,0.9080488691937847,0.84692154153232
adult,controlled,1.0,mlp,whiten_adamw,31415,1,0.49909325372381935,0.8931100524132808,0.8931100524132808,0.8409335175802242
adult,controlled,1.0,mlp,whiten_adamw,31415,2,0.32962152047004983,0.9063258341759353,0.9063258341759353,0.8512206356517734
adult,controlled,1.0,mlp,whiten_adamw,31415,3,0.3118834072307521,0.9088488681620273,0.9088488681620273,0.8513741747274681
adult,controlled,1.0,mlp,whiten_adamw,31415,4,0.305623858581304,0.9088661501000805,0.9088661501000805,0.852141870105942
adult,controlled,1.0,mlp,whiten_adamw,31415,5,0.3000244228787153,0.9111282784094428,0.9111282784094428,0.8539843390142792
adult,controlled,1.0,mlp,whiten_adamw,31415,6,0.29645340902506573,0.9095905728317616,0.9095905728317616,0.8509135575003839
adult,controlled,1.0,mlp,whiten_adamw,31415,7,0.2926141863519495,0.9094913951424857,0.9094913951424857,0.8506064793489944
adult,controlled,1.0,mlp,whiten_adamw,31415,8,0.28871877597649503,0.9090606363880235,0.9090606363880235,0.8502994011976048
adult,controlled,1.0,mlp,whiten_adamw,31415,9,0.28701031237328084,0.9063526598708239,0.9063526598708239,0.8467680024566252
adult,controlled,1.0,mlp,whiten_adamw,31415,10,0.28623980195867926,0.9082402602092403,0.9082402602092403,0.8476892369107938
adult,controlled,1.0,mlp,whiten_adamw,31415,11,0.28267118781438916,0.9077568818224965,0.9077568818224965,0.8492246276677414
adult,controlled,1.0,mlp,anchor_whiten_adamw,31415,1,0.5040986300686361,0.8909237582798539,0.8909237582798539,0.839705204974666
adult,controlled,1.0,mlp,anchor_whiten_adamw,31415,2,0.3316554068347453,0.9053549503724645,0.9053549503724645,0.85014586212191
adult,controlled,1.0,mlp,anchor_whiten_adamw,31415,3,0.3118486023652173,0.9080891077361177,0.9080891077361177,0.8526024873330262
adult,controlled,1.0,mlp,anchor_whiten_adamw,31415,4,0.30631497216751885,0.9084658281917418,0.9084658281917418,0.8499923230462153
adult,controlled,1.0,mlp,anchor_whiten_adamw,31415,5,0.30047447660924176,0.9096867842182375,0.9096867842182375,0.8507600184246891
adult,controlled,1.0,mlp,anchor_whiten_adamw,31415,6,0.2964208360386129,0.9089657146984171,0.9089657146984171,0.8493781667434362
adult,controlled,1.0,mlp,anchor_whiten_adamw,31415,7,0.2931293167851188,0.9095342130785581,0.9095342130785581,0.8502994011976048
adult,controlled,1.0,mlp,anchor_whiten_adamw,31415,8,0.2896263854216592,0.9090238800272384,0.9090238800272384,0.84692154153232
adult,controlled,1.0,mlp,anchor_whiten_adamw,31415,9,0.286252949176315,0.9069006520707372,0.9069006520707372,0.8486104713649624
adult,controlled,1.0,mlp,anchor_whiten_adamw,31415,10,0.2856844627007806,0.9083800633499102,0.9083800633499102,0.8490710885920467
adult,controlled,1.0,mlp,anchor_whiten_adamw,31415,11,0.281271144345,0.9067605909906937,0.9067605909906937,0.8496852448948258
adult,controlled,1000.0,mlp,adamw,31415,1,0.5459987895348148,0.7674646880997091,0.7674646880997091,0.7907262398280362
adult,controlled,1000.0,mlp,adamw,31415,2,0.4345439061778769,0.8337745171374918,0.8337745171374918,0.8159066482419776
adult,controlled,1000.0,mlp,adamw,31415,3,0.38717476968683245,0.8603032593219289,0.8603032593219289,0.8329494856440964
adult,controlled,1000.0,mlp,adamw,31415,4,0.36632891332488093,0.8702866738201853,0.8702866738201853,0.8327959465684016
adult,controlled,1000.0,mlp,adamw,31415,5,0.3586294694233878,0.876720713563484,0.876720713563484,0.8352525717795178
adult,controlled,1000.0,mlp,adamw,31415,6,0.34943574886650064,0.878562142753967,0.878562142753967,0.8361738062336864
adult,controlled,1000.0,mlp,adamw,31415,7,0.34463253778380315,0.8779050421988815,0.8779050421988815,0.831874712114233
adult,controlled,1000.0,mlp,adamw,31415,8,0.3421869266970445,0.8855770619673551,0.8855770619673551,0.8367879625364655
adult,controlled,1000.0,mlp,adamw,31415,9,0.3370770111277297,0.8859147046078291,0.8859147046078291,0.8354061108552127
adult,controlled,1000.0,mlp,adamw,31415,10,0.33308694191295335,0.8864282619013226,0.8864282619013226,0.8372485797635498
adult,controlled,1000.0,mlp,adamw,31415,11,0.32869824759790295,0.8889344008584223,0.8889344008584223,0.839091048671887
adult,controlled,1000.0,mlp,adamw,31415,12,0.3284177217788134,0.8852205897525846,0.8852205897525846,0.8367879625364655
adult,controlled,1000.0,mlp,adamw,31415,13,0.32321675601403893,0.888671173727327,0.888671173727327,0.8427759864885613
adult,controlled,1000.0,mlp,adamw,31415,14,0.32396176267021703,0.8892661108932955,0.8892661108932955,0.8398587440503608
adult,controlled,1000.0,mlp,adamw,31415,15,0.3189554746818777,0.8877549730711292,0.8877549730711292,0.837095040687855
adult,controlled,1000.0,mlp,adamw,31415,16,0.3190109950904471,0.8867168960607499,0.8867168960607499,0.8358667280822969
adult,controlled,1000.0,mlp,adamw,31415,17,0.31533359785630605,0.8904571459524153,0.8904571459524153,0.8400122831260556
adult,controlled,1000.0,mlp,adamw,31415,18,0.3139252045377174,0.8891651921132459,0.8891651921132459,0.8393981268232765
adult,controlled,1000.0,mlp,adamw,31415,19,0.30855858589566015,0.8894042374280349,0.8894042374280349,0.8374021188392445
adult,controlled,1000.0,mlp,adamw,31415,20,0.3077502189895152,0.8892227770784755,0.8892227770784755,0.8393981268232765
adult,controlled,1000.0,mlp,adamw,31415,21,0.30536126365532745,0.8858539598852686,0.8858539598852686,0.837095040687855
adult,controlled,1000.0,mlp,adamw,31415,22,0.3036353666454334,0.8888439286230163,0.8888439286230163,0.8375556579149394
adult,controlled,1000.0,mlp,adamw,31415,23,0.3029161034110723,0.888312766967252,0.888312766967252,0.8384768923691079
adult,controlled,1000.0,mlp,diagonal_adamw,31415,1,0.5458293290630313,0.7677647360764326,0.7677647360764326,0.7902656226009519
adult,controlled,1000.0,mlp,diagonal_adamw,31415,2,0.4349905550479889,0.8333719382596315,0.8333719382596315,0.8160601873176724
adult,controlled,1000.0,mlp,diagonal_adamw,31415,3,0.38726445446729074,0.8594982305358949,0.8594982305358949,0.833256563795486
adult,controlled,1000.0,mlp,diagonal_adamw,31415,4,0.36668912015617333,0.8703110490910217,0.8703110490910217,0.8324888684170121
adult,controlled,1000.0,mlp,diagonal_adamw,31415,5,0.35852623476443185,0.8766584212046801,0.8766584212046801,0.8354061108552127
adult,controlled,1000.0,mlp,diagonal_adamw,31415,6,0.34929851378504123,0.878496626152989,0.878496626152989,0.8366344234607708
adult,controlled,1000.0,mlp,diagonal_adamw,31415,7,0.34444310009040174,0.8778017374796229,0.8778017374796229,0.8323353293413174
adult,controlled,1000.0,mlp,diagonal_adamw,31415,8,0.3415935049039433,0.885351107075793,0.885351107075793,0.8381698142177184
adult,controlled,1000.0,mlp,diagonal_adamw,31415,9,0.3364862579971332,0.8861292456820948,0.8861292456820948,0.8340242591739597
adult,controlled,1000.0,mlp,diagonal_adamw,31415,10,0.33242592420566286,0.8866929076989744,0.8866929076989744,0.8354061108552127
adult,controlled,1000.0,mlp,diagonal_adamw,31415,11,0.32829132529675814,0.8893041569509503,0.8893041569509503,0.8409335175802242
adult,controlled,1000.0,mlp,diagonal_adamw,31415,12,0.3278188017867414,0.8856977775943542,0.8856977775943542,0.836480884385076
adult,controlled,1000.0,mlp,diagonal_adamw,31415,13,0.32260562995727876,0.8884801696209322,0.8884801696209322,0.8432366037156457
adult,controlled,1000.0,mlp,diagonal_adamw,31415,14,0.32293809316960836,0.8896689477105301,0.8896689477105301,0.8401658222017504
adult,controlled,1000.0,mlp,diagonal_adamw,31415,15,0.3178158404639663,0.8874975495759477,0.8874975495759477,0.8357131890066022
adult,controlled,1000.0,mlp,diagonal_adamw,31415,16,0.3179676130011275,0.8864447700212543,0.8864447700212543,0.8372485797635498
adult,controlled,1000.0,mlp,diagonal_adamw,31415,17,0.3141357484994415,0.8904966106766266,0.8904966106766266,0.8412405957316137
adult,controlled,1000.0,mlp,diagonal_adamw,31415,18,0.31215982684632193,0.8894137811848704,0.8894137811848704,0.8384768923691079
adult,controlled,1000.0,mlp,diagonal_adamw,31415,19,0.30743365271671397,0.8897193103732899,0.8897193103732899,0.8369415016121603
adult,controlled,1000.0,mlp,diagonal_adamw,31415,20,0.3060255052855911,0.8891910505354821,0.8891910505354821,0.8403193612774451
adult,controlled,1000.0,mlp,diagonal_adamw,31415,21,0.30402036402969457,0.8860191700542706,0.8860191700542706,0.8378627360663289
adult,controlled,1000.0,mlp,diagonal_adamw,31415,22,0.302442021027244,0.8883751882957429,0.8883751882957429,0.8366344234607708
adult,controlled,1000.0,mlp,diagonal_adamw,31415,23,0.30155823857544095,0.8880703684406018,0.8880703684406018,0.837095040687855
adult,controlled,1000.0,mlp,whiten_adamw,31415,1,0.49818468064582316,0.8918652369946967,0.8918652369946967,0.8436972209427299
adult,controlled,1000.0,mlp,whiten_adamw,31415,2,0.3304905203109291,0.9059215142073008,0.9059215142073008,0.8504529402732995
adult,controlled,1000.0,mlp,whiten_adamw,31415,3,0.3126949796073267,0.9088804657353337,0.9088804657353337,0.8535237217871948
adult,controlled,1000.0,mlp,whiten_adamw,31415,4,0.3059139044483991,0.9083249932935762,0.9083249932935762,0.8506064793489944
adult,controlled,1000.0,mlp,whiten_adamw,31415,5,0.2998472704787805,0.9102421276903077,0.9102421276903077,0.8524489482573315
adult,controlled,1000.0,mlp,whiten_adamw,31415,6,0.2955787211144,0.9091396303212891,0.9091396303212891,0.8476892369107938
adult,controlled,1000.0,mlp,whiten_adamw,31415,7,0.29266984881581487,0.9098014382699491,0.9098014382699491,0.8507600184246891
adult,controlled,1000.0,mlp,whiten_adamw,31415,8,0.28940299863604424,0.9091168671715399,0.9091168671715399,0.8515277138031629
adult,controlled,1000.0,mlp,whiten_adamw,31415,9,0.2861388757715061,0.9074139514248571,0.9074139514248571,0.8502994011976048
adult,controlled,1000.0,mlp,whiten_adamw,31415,10,0.2849003220805372,0.9076663451022472,0.9076663451022472,0.846307385229541
adult,controlled,1000.0,mlp,whiten_adamw,31415,11,0.2818232318546614,0.9075273157796991,0.9075273157796991,0.8502994011976048
adult,controlled,1000.0,mlp,anchor_whiten_adamw,31415,1,0.504098628897046,0.8909237582798539,0.8909237582798539,0.839705204974666
adult,controlled,1000.0,mlp,anchor_whiten_adamw,31415,2,0.33165540434511637,0.9053549503724645,0.9053549503724645,0.85014586212191
adult,controlled,1000.0,mlp,anchor_whiten_adamw,31415,3,0.3118486045619487,0.9080891077361177,0.9080891077361177,0.8526024873330262
adult,controlled,1000.0,mlp,anchor_whiten_adamw,31415,4,0.3063149709959288,0.9084658281917418,0.9084658281917418,0.8499923230462153
adult,controlled,1000.0,mlp,anchor_whiten_adamw,31415,5,0.30047447660924176,0.9096867842182375,0.9096867842182375,0.8507600184246891
adult,controlled,1000.0,mlp,anchor_whiten_adamw,31415,6,0.29642083721020296,0.9089657146984171,0.9089657146984171,0.8493781667434362
adult,controlled,1000.0,mlp,anchor_whiten_adamw,31415,7,0.2931293232288642,0.9095343420482451,0.9095343420482451,0.8502994011976048
adult,controlled,1000.0,mlp,anchor_whiten_adamw,31415,8,0.2896263865932493,0.9090238800272384,0.9090238800272384,0.84692154153232
adult,controlled,1000.0,mlp,anchor_whiten_adamw,31415,9,0.2862529538626753,0.9069006520707372,0.9069006520707372,0.8486104713649624
adult,controlled,1000.0,mlp,anchor_whiten_adamw,31415,10,0.28568446152919047,0.9083800633499102,0.9083800633499102,0.8490710885920467
adult,controlled,1000.0,mlp,anchor_whiten_adamw,31415,11,0.281271144345,0.9067605909906937,0.9067605909906937,0.8496852448948258
adult,controlled,1.0,mlp,adamw,31415,1,0.41048320117395104,0.9009786219846888,0.9009786219846888,0.8450790726239829
adult,controlled,1.0,mlp,adamw,31415,2,0.31697617372365194,0.91022291120695,0.91022291120695,0.8515277138031629
adult,controlled,1.0,mlp,adamw,31415,3,0.30181392587959327,0.909373258909226,0.909373258909226,0.8542914171656687
adult,controlled,1.0,mlp,adamw,31415,4,0.29706687350237987,0.9064667980437879,0.9064667980437879,0.8466144633809305
adult,controlled,1.0,mlp,adamw,31415,5,0.2928694273535098,0.9082590897835372,0.9082590897835372,0.8522954091816367
adult,controlled,1.0,mlp,adamw,31415,6,0.28719573890840683,0.9077294112791731,0.9077294112791731,0.8466144633809305
adult,controlled,1.0,mlp,adamw,31415,7,0.2833371059168176,0.9052909814077299,0.9052909814077299,0.8481498541378781
adult,controlled,1.0,mlp,adamw,31415,8,0.2794415947846171,0.9045307051030725,0.9045307051030725,0.8466144633809305
adult,controlled,1.0,mlp,diagonal_adamw,31415,1,0.41048319765918084,0.9009786219846888,0.9009786219846888,0.8450790726239829
adult,controlled,1.0,mlp,diagonal_adamw,31415,2,0.3169761725520619,0.91022291120695,0.91022291120695,0.8515277138031629
adult,controlled,1.0,mlp,diagonal_adamw,31415,3,0.30181392119323297,0.909373258909226,0.909373258909226,0.8542914171656687
adult,controlled,1.0,mlp,diagonal_adamw,31415,4,0.29706687350237987,0.9064667980437879,0.9064667980437879,0.8466144633809305
adult,controlled,1.0,mlp,diagonal_adamw,31415,5,0.2928694273535098,0.9082592187532241,0.9082592187532241,0.8522954091816367
adult,controlled,1.0,mlp,diagonal_adamw,31415,6,0.2871957342220466,0.907729411279173,0.907729411279173,0.8466144633809305
adult,controlled,1.0,mlp,diagonal_adamw,31415,7,0.28333710357363745,0.9052909814077299,0.9052909814077299,0.8481498541378781
adult,controlled,1.0,mlp,diagonal_adamw,31415,8,0.2794415899518081,0.9045307051030725,0.9045307051030725,0.8466144633809305
adult,controlled,1.0,mlp,whiten_adamw,31415,1,0.4108563726012771,0.9013103320195621,0.9013103320195621,0.8421618301857823
adult,controlled,1.0,mlp,whiten_adamw,31415,2,0.3173392636916561,0.9091246053527579,0.9091246053527579,0.8484569322892677
adult,controlled,1.0,mlp,whiten_adamw,31415,3,0.30256653747335993,0.9087467241699511,0.9087467241699511,0.8504529402732995
adult,controlled,1.0,mlp,whiten_adamw,31415,4,0.29801403194739134,0.9055677503559563,0.9055677503559563,0.8473821587594043
adult,controlled,1.0,mlp,whiten_adamw,31415,5,0.29256024422165217,0.9075065516600976,0.9075065516600976,0.8492246276677414
adult,controlled,1.0,mlp,whiten_adamw,31415,6,0.2886238786453697,0.9059160329956049,0.9059160329956049,0.8475356978350991
adult,controlled,1.0,mlp,whiten_adamw,31415,7,0.28350514158862816,0.9017667557417304,0.9017667557417304,0.8446184553968985
adult,controlled,1.0,mlp,whiten_adamw,31415,8,0.27929001577949053,0.9034570324590908,0.9034570324590908,0.8493781667434362
adult,controlled,1.0,mlp,anchor_whiten_adamw,31415,1,0.40995574685806724,0.9000736416912571,0.9000736416912571,0.844311377245509
adult,controlled,1.0,mlp,anchor_whiten_adamw,31415,2,0.3161408133823104,0.909592507377066,0.909592507377066,0.8507600184246891
adult,controlled,1.0,mlp,anchor_whiten_adamw,31415,3,0.3024892876569996,0.9092860754008377,0.9092860754008377,0.8529095654844158
adult,controlled,1.0,mlp,anchor_whiten_adamw,31415,4,0.2981910979425585,0.9064698933162749,0.9064698933162749,0.8460003070781514
adult,controlled,1.0,mlp,anchor_whiten_adamw,31415,5,0.2929019614578172,0.9079291853242812,0.9079291853242812,0.8509135575003839
adult,controlled,1.0,mlp,anchor_whiten_adamw,31415,6,0.287885500333233,0.9068154031076536,0.9068154031076536,0.8452326116996776
adult,controlled,1.0,mlp,anchor_whiten_adamw,31415,7,0.2839398969889273,0.9051461484492684,0.9051461484492684,0.8484569322892677
adult,controlled,1.0,mlp,anchor_whiten_adamw,31415,8,0.2807364318821881,0.9045040083778709,0.9045040083778709,0.8481498541378781
adult,controlled,1000.0,mlp,adamw,31415,1,0.48258319614267464,0.8373453653453292,0.8373453653453292,0.8183632734530938
adult,controlled,1000.0,mlp,adamw,31415,2,0.38538602653533877,0.8658659798600936,0.8658659798600936,0.8288039306003377
adult,controlled,1000.0,mlp,adamw,31415,3,0.3608338749379432,0.8761375126390293,0.8761375126390293,0.8335636419468755
adult,controlled,1000.0,mlp,adamw,31415,4,0.3516202517018564,0.8775842945874002,0.8775842945874002,0.8349454936281283
adult,controlled,1000.0,mlp,adamw,31415,5,0.3472634092595712,0.8827978941829512,0.8827978941829512,0.839705204974666
adult,controlled,1000.0,mlp,adamw,31415,6,0.33837558017901764,0.8802924000742867,0.8802924000742867,0.8334101028711807
adult,controlled,1000.0,mlp,adamw,31415,7,0.33443203260916166,0.8801528548729907,0.8801528548729907,0.8357131890066022
adult,controlled,1000.0,mlp,adamw,31415,8,0.3317919320790715,0.8851108365489776,0.8851108365489776,0.8378627360663289
adult,controlled,1000.0,mlp,adamw,31415,9,0.32533045460902504,0.8858736922473741,0.8858736922473741,0.8363273453093812
adult,controlled,1000.0,mlp,adamw,31415,10,0.32074328495477866,0.8858157848579271,0.8858157848579271,0.8383233532934131
adult,controlled,1000.0,mlp,adamw,31415,11,0.3159933995995533,0.8873364664369289,0.8873364664369289,0.8395516658989712
adult,controlled,1000.0,mlp,adamw,31415,12,0.31456163576838425,0.884182899651266,0.884182899651266,0.8377091969906341
adult,controlled,1000.0,mlp,adamw,31415,13,0.3070186890606798,0.8846805936732631,0.8846805936732631,0.8377091969906341
adult,controlled,1000.0,mlp,adamw,31415,14,0.3091501864519986,0.8817333783867438,0.8817333783867438,0.8337171810225702
adult,controlled,1000.0,mlp,adamw,31415,15,0.3068134033416354,0.8792753451228824,0.8792753451228824,0.8314140948871488
adult,controlled,1000.0,mlp,adamw,31415,16,0.29923397859132844,0.8806519675615444,0.8806519675615444,0.8306463995086749
adult,controlled,1000.0,mlp,adamw,31415,17,0.2933622122689606,0.8825326035368646,0.8825326035368646,0.8361738062336864
adult,controlled,1000.0,mlp,diagonal_adamw,31415,1,0.4822333201729402,0.8378277119745776,0.8378277119745776,0.8189774297558728
adult,controlled,1000.0,mlp,diagonal_adamw,31415,2,0.38481267327465646,0.8659850833660055,0.8659850833660055,0.8292645478274221
adult,controlled,1000.0,mlp,diagonal_adamw,31415,3,0.3598184094967948,0.8768374311301873,0.8768374311301873,0.8335636419468755
adult,controlled,1000.0,mlp,diagonal_adamw,31415,4,0.35085040301597087,0.8787768772827634,0.8787768772827634,0.8337171810225702
adult,controlled,1000.0,mlp,diagonal_adamw,31415,5,0.3466578786437576,0.8830814985245867,0.8830814985245867,0.8392445877475817
adult,controlled,1000.0,mlp,diagonal_adamw,31415,6,0.3377534474729027,0.8809268019644664,0.8809268019644664,0.8363273453093812
adult,controlled,1000.0,mlp,diagonal_adamw,31415,7,0.33366324230845495,0.8808220785786508,0.8808220785786508,0.8360202671579917
adult,controlled,1000.0,mlp,diagonal_adamw,31415,8,0.33073188653742064,0.8867344359381771,0.8867344359381771,0.8392445877475817
adult,controlled,1000.0,mlp,diagonal_adamw,31415,9,0.3239659513976123,0.8859755783000763,0.8859755783000763,0.8366344234607708
adult,controlled,1000.0,mlp,diagonal_adamw,31415,10,0.3194434160975332,0.8859982769649823,0.8859982769649823,0.8375556579149394
adult,controlled,1000.0,mlp,diagonal_adamw,31415,11,0.314974785583318,0.8878264222777079,0.8878264222777079,0.8378627360663289
adult,controlled,1000.0,mlp,diagonal_adamw,31415,12,0.31334752217850464,0.8852447070840469,0.8852447070840469,0.8377091969906341
adult,controlled,1000.0,mlp,diagonal_adamw,31415,13,0.30602522293238443,0.8837713573801613,0.8837713573801613,0.8369415016121603
adult,controlled,1000.0,mlp,diagonal_adamw,31415,14,0.3071750546702589,0.8813049410866469,0.8813049410866469,0.8350990327038231
adult,controlled,1000.0,mlp,diagonal_adamw,31415,15,0.30461126221778645,0.8779942892222611,0.8779942892222611,0.8301857822815907
adult,controlled,1000.0,mlp,diagonal_adamw,31415,16,0.29976341787368715,0.879702944120014,0.879702944120014,0.8326424074927069
adult,controlled,1000.0,mlp,diagonal_adamw,31415,17,0.29221787814426187,0.8816713439673138,0.8816713439673138,0.8380162751420236
adult,controlled,1000.0,mlp,whiten_adamw,31415,1,0.41041152585636487,0.9013365128660162,0.9013365128660162,0.8418547520343928
adult,controlled,1000.0,mlp,whiten_adamw,31415,2,0.3160692281307108,0.909838452570108,0.909838452570108,0.8510670965760786
adult,controlled,1000.0,mlp,whiten_adamw,31415,3,0.3023797164531539,0.9100820763087843,0.9100820763087843,0.8541378780899739
adult,controlled,1000.0,mlp,whiten_adamw,31415,4,0.2970933471177075,0.9056012824745672,0.9056012824745672,0.8447719944725933
adult,controlled,1000.0,mlp,whiten_adamw,31415,5,0.2923963408212404,0.9076098563793565,0.9076098563793565,0.8490710885920467
adult,controlled,1000.0,mlp,whiten_adamw,31415,6,0.2866751969739319,0.9068236571676194,0.9068236571676194,0.8456932289267619
adult,controlled,1000.0,mlp,whiten_adamw,31415,7,0.2829555218137746,0.9040775056230783,0.9040775056230783,0.8492246276677414
adult,controlled,1000.0,mlp,whiten_adamw,31415,8,0.28020851625271453,0.9047503404799735,0.9047503404799735,0.8467680024566252
adult,controlled,1000.0,mlp,whiten_adamw,31415,9,0.274671743411104,0.9034262087039063,0.9034262087039063,0.8464609243052357
adult,controlled,1000.0,mlp,anchor_whiten_adamw,31415,1,0.40995574334329704,0.9000735772064137,0.9000735772064137,0.844311377245509
adult,controlled,1000.0,mlp,anchor_whiten_adamw,31415,2,0.3161408122107204,0.909592507377066,0.909592507377066,0.8507600184246891
adult,controlled,1000.0,mlp,anchor_whiten_adamw,31415,3,0.30248928531381947,0.9092860754008377,0.9092860754008377,0.8529095654844158
adult,controlled,1000.0,mlp,anchor_whiten_adamw,31415,4,0.2981910979425585,0.9064698933162749,0.9064698933162749,0.8460003070781514
adult,controlled,1000.0,mlp,anchor_whiten_adamw,31415,5,0.2929019614578172,0.9079291853242812,0.9079291853242812,0.8509135575003839
adult,controlled,1000.0,mlp,anchor_whiten_adamw,31415,6,0.2878855021638425,0.9068154031076536,0.9068154031076536,0.8452326116996776
adult,controlled,1000.0,mlp,anchor_whiten_adamw,31415,7,0.2839399005036975,0.9051461484492684,0.9051461484492684,0.8484569322892677
adult,controlled,1000.0,mlp,anchor_whiten_adamw,31415,8,0.28073643422536826,0.9045040083778709,0.9045040083778709,0.8481498541378781
adult,controlled,1.0,mlp,input_natural,31415,1,0.5602957585812787,0.8554025401869545,0.8554025401869545,0.796714263780132
adult,controlled,1.0,mlp,input_natural,31415,2,0.3813811260154265,0.8942945100183652,0.8942945100183652,0.839091048671887
adult,controlled,1.0,mlp,input_natural,31415,3,0.3432130314208366,0.9013817812261407,0.9013817812261407,0.8487640104406572
adult,controlled,1.0,mlp,input_natural,31415,4,0.3334411653605374,0.9043086193021191,0.9043086193021191,0.8516812528788577
adult,controlled,1.0,mlp,input_natural,31415,5,0.3284449181187651,0.9068691834671179,0.9068691834671179,0.8510670965760786
adult,controlled,1.0,mlp,input_natural,31415,6,0.323182836577699,0.907333990218939,0.907333990218939,0.8509135575003839
adult,controlled,1.0,mlp,input_natural,31415,7,0.3215269142491812,0.9073573337322797,0.9073573337322797,0.8506064793489944
adult,controlled,1.0,mlp,input_natural,31415,8,0.31841638691595203,0.9076515135882463,0.9076515135882463,0.8527560264087211
adult,controlled,1.0,mlp,input_natural,31415,9,0.3156287070427831,0.9075137739625678,0.9075137739625678,0.8519883310302472
adult,controlled,1.0,mlp,input_natural,31415,10,0.3118822686648779,0.9084918800685087,0.9084918800685087,0.8510670965760786
adult,controlled,1.0,mlp,input_natural,31415,11,0.31084401257500893,0.9083645869874744,0.9083645869874744,0.8524489482573315
adult,controlled,1.0,mlp,input_natural,31415,12,0.30838718051113717,0.9076240430449227,0.9076240430449227,0.8492246276677414
adult,controlled,1.0,mlp,input_natural,31415,13,0.3058173168057013,0.9078380682404408,0.9078380682404408,0.85014586212191
adult,controlled,1.0,mlp,input_natural,31415,14,0.3049194125197736,0.9071161604176554,0.9071161604176554,0.8493781667434362
adult,controlled,1.0,mlp,input_natural,31415,15,0.30159723875856514,0.9068273972885413,0.9068273972885413,0.849531705819131
adult,controlled,1.0,mlp,input_natural,31415,16,0.2999196466269013,0.9063075204803863,0.9063075204803863,0.8466144633809305
adult,controlled,1000.0,mlp,input_natural,31415,1,0.560295798781463,0.8554031850353893,0.8554031850353893,0.796714263780132
adult,controlled,1000.0,mlp,input_natural,31415,2,0.38138131390918384,0.8942941231093046,0.8942941231093046,0.839091048671887
adult,controlled,1000.0,mlp,input_natural,31415,3,0.3432131431612394,0.9013817812261405,0.9013817812261405,0.8487640104406572
adult,controlled,1000.0,mlp,input_natural,31415,4,0.333441298848581,0.9043086193021193,0.9043086193021193,0.8516812528788577
adult,controlled,1000.0,mlp,input_natural,31415,5,0.32844504003735664,0.9068699572852394,0.9068699572852394,0.8510670965760786
adult,controlled,1000.0,mlp,input_natural,31415,6,0.32318288527191125,0.9073332164008173,0.9073332164008173,0.8509135575003839
adult,controlled,1000.0,mlp,input_natural,31415,7,0.3215268905977066,0.9073578496110275,0.9073578496110275,0.8506064793489944
adult,controlled,1000.0,mlp,input_natural,31415,8,0.31841639467773625,0.9076508687398115,0.9076508687398115,0.8527560264087211
adult,controlled,1000.0,mlp,input_natural,31415,9,0.3156287507577376,0.907513516023194,0.907513516023194,0.8519883310302472
adult,controlled,1000.0,mlp,input_natural,31415,10,0.3118822841884463,0.9084920090381956,0.9084920090381956,0.8510670965760786
adult,controlled,1000.0,mlp,input_natural,31415,11,0.3108440270002117,0.9083648449268483,0.9083648449268483,0.8524489482573315
adult,controlled,1000.0,mlp,input_natural,31415,12,0.30838706078927697,0.9076253327417925,0.9076253327417925,0.8492246276677414
adult,controlled,1000.0,mlp,input_natural,31415,13,0.30581715549239363,0.9078381327252841,0.9078381327252841,0.85014586212191
adult,controlled,1000.0,mlp,input_natural,31415,14,0.30491942511436687,0.9071171921751512,0.9071171921751512,0.8493781667434362
adult,controlled,1000.0,mlp,input_natural,31415,15,0.3015971977529127,0.9068270103794803,0.9068270103794803,0.849531705819131
adult,controlled,1000.0,mlp,input_natural,31415,16,0.2999195387673905,0.9063071335713254,0.9063071335713254,0.8466144633809305
adult,controlled,1.0,mlp,input_natural,31415,1,0.5583840815089551,0.8604798188233838,0.8604798188233838,0.8019345923537541
adult,controlled,1.0,mlp,input_natural,31415,2,0.37200945630413307,0.8982395637729308,0.8982395637729308,0.8429295255642562
adult,controlled,1.0,mlp,input_natural,31415,3,0.33404301681741155,0.904305652999319,0.904305652999319,0.8506064793489944
adult,controlled,1.0,mlp,input_natural,31415,4,0.32469581583793977,0.9065780988836383,0.9065780988836383,0.8519883310302472
adult,controlled,1.0,mlp,input_natural,31415,5,0.3193103985206501,0.909117125110914,0.909117125110914,0.8535237217871948
adult,controlled,1.0,mlp,input_natural,31415,6,0.3143529766021841,0.9091903798931099,0.9091903798931099,0.8515277138031629
adult,controlled,1.0,mlp,input_natural,31415,7,0.3125896144850541,0.9093195430346053,0.9093195430346053,0.8522954091816367
adult,controlled,1.0,mlp,input_natural,31415,8,0.30971091063075334,0.9094781112647283,0.9094781112647283,0.8539843390142792
adult,controlled,1.0,mlp,input_natural,31415,9,0.3072036181093727,0.9092551226759661,0.9092551226759661,0.8516812528788577
adult,controlled,1.0,mlp,input_natural,31415,10,0.3039669029835694,0.9100635046738614,0.9100635046738614,0.852141870105942
adult,controlled,1.0,mlp,input_natural,31415,11,0.3032112697125653,0.9101223148511175,0.9101223148511175,0.8549055734684478
adult,controlled,1.0,mlp,input_natural,31415,12,0.3009914688454799,0.9091960545593363,0.9091960545593363,0.8513741747274681
adult,controlled,1.0,mlp,input_natural,31415,13,0.29897645833451275,0.9094772084769196,0.9094772084769196,0.8530631045601106
adult,controlled,1.0,mlp,input_natural,31415,14,0.2982042296366258,0.9086459988444316,0.9086459988444316,0.8509135575003839
adult,controlled,1.0,mlp,input_natural,31415,15,0.29523957859386096,0.9086800468417902,0.9086800468417902,0.8516812528788577
adult,controlled,1.0,mlp,input_natural,31415,16,0.29352221332252465,0.9082263314830482,0.9082263314830482,0.8490710885920467
adult,controlled,1.0,mlp,input_natural,31415,17,0.2901637022559707,0.9083105486886363,0.9083105486886363,0.8510670965760786
adult,controlled,1000.0,mlp,input_natural,31415,1,0.5583843607867379,0.8604780132477662,0.8604780132477662,0.8019345923537541
adult,controlled,1000.0,mlp,input_natural,31415,2,0.37200991102752873,0.8982391768638699,0.8982391768638699,0.8429295255642562
adult,controlled,1000.0,mlp,input_natural,31415,3,0.3340431177206063,0.9043070716658757,0.9043070716658757,0.8506064793489944
adult,controlled,1000.0,mlp,input_natural,31415,4,0.3246958899410117,0.9065780988836384,0.9065780988836384,0.8519883310302472
adult,controlled,1000.0,mlp,input_natural,31415,5,0.3193105306906548,0.9091180278987226,0.9091180278987226,0.8535237217871948
adult,controlled,1000.0,mlp,input_natural,31415,6,0.31435308014145646,0.9091905088627968,0.9091905088627968,0.8515277138031629
adult,controlled,1000.0,mlp,input_natural,31415,7,0.3125894101890358,0.9093211551556923,0.9093211551556923,0.8522954091816367
adult,controlled,1000.0,mlp,input_natural,31415,8,0.30971099132401936,0.9094784981737892,0.9094784981737892,0.8539843390142792
adult,controlled,1000.0,mlp,input_natural,31415,9,0.30720349846073686,0.909256154433462,0.909256154433462,0.8516812528788577
adult,controlled,1000.0,mlp,input_natural,31415,10,0.3039667170668703,0.9100626018860528,0.9100626018860528,0.852141870105942
adult,controlled,1000.0,mlp,input_natural,31415,11,0.3032111105227646,0.9101228307298652,0.9101228307298652,0.8549055734684478
adult,controlled,1000.0,mlp,input_natural,31415,12,0.30099118817643394,0.9091950228018406,0.9091950228018406,0.8513741747274681
adult,controlled,1000.0,mlp,input_natural,31415,13,0.29897636292314644,0.9094787561131632,0.9094787561131632,0.8530631045601106
adult,controlled,1000.0,mlp,input_natural,31415,14,0.2982040811375845,0.9086453539959969,0.9086453539959969,0.8509135575003839
adult,controlled,1000.0,mlp,input_natural,31415,15,0.29523957581133453,0.9086805627205382,0.9086805627205382,0.8516812528788577
adult,controlled,1000.0,mlp,input_natural,31415,16,0.29352194100105794,0.9082267183921092,0.9082267183921092,0.8490710885920467
adult,controlled,1000.0,mlp,input_natural,31415,17,0.29016343044707466,0.9083101617795752,0.9083101617795752,0.8510670965760786
adult,controlled,1.0,mlp,input_natural,31415,1,0.5530370815819545,0.8708765811683621,0.8708765811683621,0.8131429448794718
adult,controlled,1.0,mlp,input_natural,31415,2,0.3568910416719076,0.9018290481005344,0.9018290481005344,0.8472286196837095
adult,controlled,1.0,mlp,input_natural,31415,3,0.32381132274353536,0.9068197880770104,0.9068197880770104,0.8530631045601106
adult,controlled,1.0,mlp,input_natural,31415,4,0.31608084693587674,0.9079632333216401,0.9079632333216401,0.8515277138031629
adult,controlled,1.0,mlp,input_natural,31415,5,0.31041528244276306,0.9106574100823344,0.9106574100823344,0.8541378780899739
adult,controlled,1.0,mlp,input_natural,31415,6,0.305788040966601,0.9098470935391345,0.9098470935391345,0.8527560264087211
adult,controlled,1.0,mlp,input_natural,31415,7,0.30377761928103775,0.9103596190751325,0.9103596190751325,0.8533701827115001
adult,controlled,1.0,mlp,input_natural,31415,8,0.30113179919467803,0.9102323259940983,0.9102323259940983,0.8556732688469215
adult,controlled,1.0,mlp,input_natural,31415,9,0.2987026179744805,0.9095037762324342,0.9095037762324342,0.8499923230462153
adult,controlled,1.0,mlp,input_natural,31415,10,0.29589724013494917,0.9100092084356491,0.9100092084356491,0.8513741747274681
adult,controlled,1.0,mlp,input_natural,31415,11,0.2948875083091511,0.910310352654712,0.910310352654712,0.8545984953170582
adult,controlled,1000.0,mlp,input_natural,31415,1,0.5530379309115304,0.8708778708652318,0.8708778708652318,0.8131429448794718
adult,controlled,1000.0,mlp,input_natural,31415,2,0.3568913686919857,0.9018291770702215,0.9018291770702215,0.8472286196837095
adult,controlled,1000.0,mlp,input_natural,31415,3,0.3238110532778194,0.9068188852892017,0.9068188852892017,0.8530631045601106
adult,controlled,1000.0,mlp,input_natural,31415,4,0.3160806915537438,0.9079625239883617,0.9079625239883617,0.8515277138031629
adult,controlled,1000.0,mlp,input_natural,31415,5,0.310414842510692,0.9106574100823341,0.9106574100823341,0.8541378780899739
adult,controlled,1000.0,mlp,input_natural,31415,6,0.3057876913201897,0.9098465776603868,0.9098465776603868,0.8527560264087211
adult,controlled,1000.0,mlp,input_natural,31415,7,0.30377747371097163,0.9103607798023153,0.9103607798023153,0.8533701827115001
adult,controlled,1000.0,mlp,input_natural,31415,8,0.3011320004884968,0.9102312942366028,0.9102312942366028,0.8556732688469215
adult,controlled,1000.0,mlp,input_natural,31415,9,0.29870252695657695,0.909505323868678,0.909505323868678,0.8499923230462153
adult,controlled,1000.0,mlp,input_natural,31415,10,0.29589699681033665,0.9100085635872144,0.9100085635872144,0.8513741747274681
adult,controlled,1000.0,mlp,input_natural,31415,11,0.2948874771887899,0.9103106105940859,0.9103106105940859,0.8545984953170582
adult,controlled,1.0,mlp,first_layer_kfac,31415,1,0.4756175732876218,0.8802963981345824,0.8802963981345824,0.8354061108552127
adult,controlled,1.0,mlp,first_layer_kfac,31415,2,0.42150970920005065,0.863952972493345,0.863952972493345,0.8234300629510211
adult,controlled,1.0,mlp,first_layer_kfac,31415,3,0.43279069786575564,0.8729514454922516,0.8729514454922516,0.8243512974051896
adult,controlled,1.0,mlp,first_layer_kfac,31415,4,0.4012819277420091,0.8737742720950867,0.8737742720950867,0.8315676339628435
adult,controlled,1.0,mlp,first_layer_kfac,31415,5,0.4060458040793932,0.8746866036606755,0.8746866036606755,0.8209734377399048
adult,controlled,1.0,mlp,first_layer_kfac,31415,6,0.44553908390846536,0.8543979952951859,0.8543979952951859,0.8027022877322278
adult,controlled,1.0,mlp,first_layer_kfac,31415,7,0.626623946413654,0.610500711912672,0.610500711912672,0.2938737908797789
adult,controlled,1000.0,mlp,first_layer_kfac,31415,1,0.4696953000834884,0.8707599925713461,0.8707599925713461,0.8295716259788116
adult,controlled,1000.0,mlp,first_layer_kfac,31415,2,0.41752563384006885,0.8625562307835167,0.8625562307835167,0.8311070167357593
adult,controlled,1000.0,mlp,first_layer_kfac,31415,3,0.40973820140086464,0.8736846381626462,0.8736846381626462,0.8314140948871488
adult,controlled,1000.0,mlp,first_layer_kfac,31415,4,0.39826176602951724,0.8703739862982603,0.8703739862982603,0.8281897742975587
adult,controlled,1000.0,mlp,first_layer_kfac,31415,5,0.3960086523168503,0.8780329156435072,0.8780329156435072,0.8352525717795178
adult,controlled,1000.0,mlp,first_layer_kfac,31415,6,0.39514063397555155,0.875853005509585,0.875853005509585,0.8288039306003377
adult,controlled,1000.0,mlp,first_layer_kfac,31415,7,0.4954657661534059,0.8523108143661913,0.8523108143661913,0.8119146322739137
adult,controlled,1000.0,mlp,first_layer_kfac,31415,8,0.5385838553712174,0.501834593797074,0.501834593797074,0.2430523568248119
adult,controlled,1000.0,mlp,first_layer_kfac,31415,9,0.7080752912551823,0.5025278058645096,0.5025278058645096,0.7592507293106096
adult,controlled,1000.0,mlp,first_layer_kfac,31415,10,0.6816051596505636,0.5,0.5,0.7592507293106096
adult,controlled,1000.0,mlp,first_layer_kfac,31415,11,0.6685983698256771,0.5,0.5,0.7592507293106096
adult,controlled,1.0,mlp,first_layer_kfac,31415,1,0.45104831720745825,0.8767931945275583,0.8767931945275583,0.8277291570704745
adult,controlled,1.0,mlp,first_layer_kfac,31415,2,0.4059817591082552,0.879042296898537,0.879042296898537,0.8346384154767388
adult,controlled,1.0,mlp,first_layer_kfac,31415,3,0.3995762425646442,0.8758664183570294,0.8758664183570294,0.8291110087517273
adult,controlled,1.0,mlp,first_layer_kfac,31415,4,0.3833479493197411,0.8815140009492168,0.8815140009492168,0.8344848764010441
adult,controlled,1.0,mlp,first_layer_kfac,31415,5,0.3786477311823233,0.8885496842822064,0.8885496842822064,0.8415476738830032
adult,controlled,1.0,mlp,first_layer_kfac,31415,6,0.3768749584144105,0.8892103959885268,0.8892103959885268,0.8326424074927069
adult,controlled,1.0,mlp,first_layer_kfac,31415,7,0.3875082801542352,0.886420265780731,0.886420265780731,0.822815906648242
adult,controlled,1.0,mlp,first_layer_kfac,31415,8,0.40944748904546885,0.8810812431646066,0.8810812431646066,0.8238906801781053
adult,controlled,1.0,mlp,first_layer_kfac,31415,9,0.5046985192585929,0.8057762943397784,0.8057762943397784,0.8294180869031168
adult,controlled,1.0,mlp,first_layer_kfac,31415,10,0.5040544252430778,0.8646143290481005,0.8646143290481005,0.82081989866421
adult,controlled,1.0,mlp,first_layer_kfac,31415,11,0.507722052953753,0.7517009812013784,0.7517009812013784,0.8380162751420236
adult,controlled,1.0,mlp,first_layer_kfac,31415,12,0.7077612591317011,0.6026555503394482,0.6026555503394482,0.7592507293106096
adult,controlled,1000.0,mlp,first_layer_kfac,31415,1,0.46165888154243073,0.8833727120777534,0.8833727120777534,0.8384768923691079
adult,controlled,1000.0,mlp,first_layer_kfac,31415,2,0.38598500085990023,0.8781258383029653,0.8781258383029653,0.8361738062336864
adult,controlled,1000.0,mlp,first_layer_kfac,31415,3,0.383916029546419,0.8794306246259879,0.8794306246259879,0.8331030247197911
adult,controlled,1000.0,mlp,first_layer_kfac,31415,4,0.3755817370859938,0.877368657270795,0.877368657270795,0.8352525717795178
adult,controlled,1000.0,mlp,first_layer_kfac,31415,5,0.3688310526805662,0.8818899475867192,0.8818899475867192,0.8350990327038231
adult,controlled,1000.0,mlp,first_layer_kfac,31415,6,0.36465751495056714,0.88360060151462,0.88360060151462,0.833256563795486
adult,controlled,1000.0,mlp,first_layer_kfac,31415,7,0.3744130664727026,0.8829057128412539,0.8829057128412539,0.8354061108552127
adult,controlled,1000.0,mlp,first_layer_kfac,31415,8,0.38279595165639313,0.8779100075318297,0.8779100075318297,0.815599570090588
adult,controlled,1000.0,mlp,first_layer_kfac,31415,9,0.3837668182515981,0.8875103175749572,0.8875103175749572,0.8404729003531399
adult,controlled,1000.0,mlp,first_layer_kfac,31415,10,0.37510585411467773,0.8850345509791379,0.8850345509791379,0.841087056655919
adult,controlled,1000.0,mlp,first_layer_kfac,31415,11,0.37839441341908614,0.884596634407049,0.884596634407049,0.8377091969906341
adult,controlled,1000.0,mlp,first_layer_kfac,31415,12,0.4025600324831079,0.8771410902581459,0.8771410902581459,0.8314140948871488
adult,controlled,1000.0,mlp,first_layer_kfac,31415,13,0.41443332590400733,0.8776259517962899,0.8776259517962899,0.8126823276523876
adult,controlled,1000.0,mlp,first_layer_kfac,31415,14,0.4312433707333314,0.8133289526629662,0.8133289526629662,0.8352525717795178
adult,controlled,1000.0,mlp,first_layer_kfac,31415,15,0.49191553374473235,0.8800976558469698,0.8800976558469698,0.8268079226163059
adult,controlled,1.0,mlp,first_layer_kfac,31415,1,0.4192725672622278,0.896884350302305,0.896884350302305,0.8460003070781514
adult,controlled,1.0,mlp,first_layer_kfac,31415,2,0.32835152825793706,0.9009784930150018,0.9009784930150018,0.8467680024566252
adult,controlled,1.0,mlp,first_layer_kfac,31415,3,0.3240967289675073,0.9019928396029797,0.9019928396029797,0.8529095654844158
adult,controlled,1.0,mlp,first_layer_kfac,31415,4,0.31869645383785633,0.8997777852293597,0.8997777852293597,0.8435436818670352
adult,controlled,1.0,mlp,first_layer_kfac,31415,5,0.31910293386374994,0.9016413972060007,0.9016413972060007,0.8515277138031629
adult,controlled,1.0,mlp,first_layer_kfac,31415,6,0.3111130215904929,0.9027110717896865,0.9027110717896865,0.8487640104406572
adult,controlled,1.0,mlp,first_layer_kfac,31415,7,0.3077478821066732,0.9009002728998577,0.9009002728998577,0.8467680024566252
adult,controlled,1.0,mlp,first_layer_kfac,31415,8,0.30714229371682433,0.9008616464786117,0.9008616464786117,0.8473821587594043
adult,controlled,1.0,mlp,first_layer_kfac,31415,9,0.30070663743288567,0.9031266121210871,0.9031266121210871,0.8492246276677414
adult,controlled,1.0,mlp,first_layer_kfac,31415,10,0.301097526670381,0.8989049183879819,0.8989049183879819,0.8490710885920467
adult,controlled,1.0,mlp,first_layer_kfac,31415,11,0.30100324032347675,0.9016643538102804,0.9016643538102804,0.8507600184246891
adult,controlled,1.0,mlp,first_layer_kfac,31415,12,0.2980266148247356,0.8990060306225627,0.8990060306225627,0.8478427759864886
adult,controlled,1.0,mlp,first_layer_kfac,31415,13,0.29771708373062733,0.9016590660531147,0.9016590660531147,0.8496852448948258
adult,controlled,1.0,mlp,first_layer_kfac,31415,14,0.298110725545766,0.8990493644373827,0.8990493644373827,0.8464609243052357
adult,controlled,1.0,mlp,first_layer_kfac,31415,15,0.2967992990989357,0.9008768649016735,0.9008768649016735,0.8509135575003839
adult,controlled,1000.0,mlp,first_layer_kfac,31415,1,0.46873044235407574,0.8763430903200512,0.8763430903200512,0.8366344234607708
adult,controlled,1000.0,mlp,first_layer_kfac,31415,2,0.3544560834875271,0.8887747363859598,0.8887747363859598,0.8409335175802242
adult,controlled,1000.0,mlp,first_layer_kfac,31415,3,0.33699420848701156,0.8891346907822785,0.8891346907822785,0.8424689083371718
adult,controlled,1000.0,mlp,first_layer_kfac,31415,4,0.32821692200492,0.8905596768535524,0.8905596768535524,0.8420082911100876
adult,controlled,1000.0,mlp,first_layer_kfac,31415,5,0.3213595736964036,0.893047244175729,0.893047244175729,0.8440042990941194
adult,controlled,1000.0,mlp,first_layer_kfac,31415,6,0.3115173767181228,0.8910355749984524,0.8910355749984524,0.839705204974666
adult,controlled,1000.0,mlp,first_layer_kfac,31415,7,0.30690244638363323,0.8917955933637356,0.8917955933637356,0.836480884385076
adult,controlled,1000.0,mlp,first_layer_kfac,31415,8,0.30572158266636895,0.8917967540909184,0.8917967540909184,0.8424689083371718
adult,controlled,1000.0,mlp,first_layer_kfac,31415,9,0.2980281398688839,0.8900199387136049,0.8900199387136049,0.8415476738830032
adult,controlled,1000.0,mlp,first_layer_kfac,31415,10,0.2924742027934119,0.8908529539217103,0.8908529539217103,0.8403193612774451
adult,controlled,1000.0,mlp,first_layer_kfac,31415,11,0.28901601628530815,0.8915954968944099,0.8915954968944099,0.8432366037156457
adult,controlled,1.0,mlp,first_layer_kfac,31415,1,0.6452390996771304,0.8297558216916696,0.8297558216916696,0.8108398587440504
adult,controlled,1.0,mlp,first_layer_kfac,31415,2,0.8772729463893599,0.8347008419141165,0.8347008419141165,0.8060801473975127
adult,controlled,1.0,mlp,first_layer_kfac,31415,3,0.7916545698039362,0.8329204153855676,0.8329204153855676,0.8088438507600184
adult,controlled,1.0,mlp,first_layer_kfac,31415,4,0.657544722428193,0.8458284109902808,0.8458284109902808,0.8200522032857362
adult,controlled,1.0,mlp,first_layer_kfac,31415,5,0.630293940882718,0.8532089592662141,0.8532089592662141,0.816981421771841
adult,controlled,1.0,mlp,first_layer_kfac,31415,6,0.8065614258042132,0.5735953911392665,0.5735953911392665,0.356364194687548
adult,controlled,1.0,mlp,first_layer_kfac,31415,7,0.767218068425134,0.5904827464352779,0.5904827464352779,0.7592507293106096
adult,controlled,1.0,mlp,first_layer_kfac,31415,8,0.7514420504652018,0.532132281628526,0.532132281628526,0.7592507293106096
adult,controlled,1.0,mlp,first_layer_kfac,31415,9,0.7471596108021842,0.5397450398258393,0.5397450398258393,0.7592507293106096
adult,controlled,1.0,mlp,first_layer_kfac,31415,10,0.9175952339055204,0.5804216277006252,0.5804216277006252,0.7592507293106096
adult,controlled,1.0,mlp,first_layer_kfac,31415,11,0.7461870135487737,0.5047522750252781,0.5047522750252781,0.7592507293106096
adult,controlled,1000.0,mlp,first_layer_kfac,31415,1,0.6134830143586424,0.8381286627391097,0.8381286627391097,0.8171349608475357
adult,controlled,1000.0,mlp,first_layer_kfac,31415,2,0.7109247580793039,0.8433730860898456,0.8433730860898456,0.8132964839551666
adult,controlled,1000.0,mlp,first_layer_kfac,31415,3,0.62239298656473,0.8485743045954478,0.8485743045954478,0.8068478427759865
adult,controlled,1000.0,mlp,first_layer_kfac,31415,4,0.5281363331715071,0.8460181898846495,0.8460181898846495,0.8125287885766928
adult,controlled,1000.0,mlp,first_layer_kfac,31415,5,0.6160435849384243,0.5883402375105756,0.5883402375105756,0.3304160908951328
adult,controlled,1000.0,mlp,first_layer_kfac,31415,6,0.8312693119634867,0.581834426136481,0.581834426136481,0.3491478581298941
adult,controlled,1000.0,mlp,first_layer_kfac,31415,7,0.6850062813747134,0.5502165401044138,0.5502165401044138,0.7592507293106096
adult,controlled,1000.0,mlp,first_layer_kfac,31415,8,0.7974118584496969,0.5450960566228513,0.5450960566228513,0.7592507293106096
adult,controlled,1000.0,mlp,first_layer_kfac,31415,9,0.7108328339508769,0.3956918965766287,0.3956918965766287,0.584369722094273
adult,controlled,1.0,mlp,first_layer_kfac,31415,1,0.5873499331075963,0.8426933513546975,0.8426933513546975,0.8215875940426839
adult,controlled,1.0,mlp,first_layer_kfac,31415,2,0.6780556323194387,0.8238783506324673,0.8238783506324673,0.8043912175648703
adult,controlled,1.0,mlp,first_layer_kfac,31415,3,0.5886700258061692,0.8584175935288171,0.8584175935288171,0.8248119146322739
adult,controlled,1.0,mlp,first_layer_kfac,31415,4,0.4875701308543325,0.8537817136460246,0.8537817136460246,0.8031629049593122
adult,controlled,1.0,mlp,first_layer_kfac,31415,5,0.5036819880366032,0.7805862575060357,0.7805862575060357,0.691847075080608
adult,controlled,1.0,mlp,first_layer_kfac,31415,6,0.6593032999179287,0.5940075524648687,0.5940075524648687,0.36542300015353907
adult,controlled,1.0,mlp,first_layer_kfac,31415,7,0.6812468037851319,0.5745211355522998,0.5745211355522998,0.7592507293106096
adult,controlled,1.0,mlp,first_layer_kfac,31415,8,0.7202837552133884,0.513741720146097,0.513741720146097,0.7592507293106096
adult,controlled,1.0,mlp,first_layer_kfac,31415,9,0.716786489879177,0.6104796898536968,0.6104796898536968,0.7592507293106096
adult,controlled,1000.0,mlp,first_layer_kfac,31415,1,0.5047348597125867,0.8569581725511237,0.8569581725511237,0.8185168125287886
adult,controlled,1000.0,mlp,first_layer_kfac,31415,2,0.5174778074538678,0.847106951982006,0.847106951982006,0.8205128205128205
adult,controlled,1000.0,mlp,first_layer_kfac,31415,3,0.4668606264146013,0.8516441055694269,0.8516441055694269,0.8171349608475357
adult,controlled,1000.0,mlp,first_layer_kfac,31415,4,0.43380725874361886,0.8599190586244608,0.8599190586244608,0.8122217104253032
adult,controlled,1000.0,mlp,first_layer_kfac,31415,5,0.4652040342294613,0.8335890587276366,0.8335890587276366,0.7541839398126823
adult,controlled,1000.0,mlp,first_layer_kfac,31415,6,0.589654296563357,0.6366738201853036,0.6366738201853036,0.42069706740365426
adult,controlled,1000.0,mlp,first_layer_kfac,31415,7,0.6498994467006561,0.5438072625410124,0.5438072625410124,0.7592507293106096
adult,controlled,1000.0,mlp,first_layer_kfac,31415,8,0.6599042956014816,0.5813222230247003,0.5813222230247003,0.7592507293106096
adult,controlled,1000.0,mlp,first_layer_kfac,31415,9,0.6520298158507383,0.5552116005654031,0.5552116005654031,0.7592507293106096
adult,controlled,1000.0,mlp,first_layer_kfac,31415,10,0.6436098869661149,0.5775361888941623,0.5775361888941623,0.7592507293106096
adult,controlled,1.0,mlp,first_layer_kfac,31415,1,0.4576804728707166,0.8711670209034068,0.8711670209034068,0.8354061108552127
adult,controlled,1.0,mlp,first_layer_kfac,31415,2,0.4520335351219927,0.8562226584263635,0.8562226584263635,0.8163672654690619
adult,controlled,1.0,mlp,first_layer_kfac,31415,3,0.4592621217342208,0.8658952559790346,0.8658952559790346,0.8218946721940734
adult,controlled,1.0,mlp,first_layer_kfac,31415,4,0.4063366795787062,0.8854909102164626,0.8854909102164626,0.8337171810225702
adult,controlled,1.0,mlp,first_layer_kfac,31415,5,0.40172934890964984,0.8855442391820226,0.8855442391820226,0.8307999385843697
adult,controlled,1.0,mlp,first_layer_kfac,31415,6,0.3937371007054678,0.8689502254390128,0.8689502254390128,0.8066943037002917
adult,controlled,1.0,mlp,first_layer_kfac,31415,7,0.42575159134384455,0.8688249313881267,0.8688249313881267,0.7970213419315215
adult,controlled,1.0,mlp,first_layer_kfac,31415,8,0.5598125055029586,0.8670001392872619,0.8670001392872619,0.8027022877322278
adult,controlled,1.0,mlp,first_layer_kfac,31415,9,0.5783862823057526,0.7953804347826088,0.7953804347826088,0.7736834024259174
adult,controlled,1.0,mlp,first_layer_kfac,31415,10,0.48257500943739234,0.8519221642145232,0.8519221642145232,0.7592507293106096
adult,controlled,1.0,mlp,first_layer_kfac,31415,11,0.5344953474014339,0.5449040207589608,0.5449040207589608,0.7592507293106096
adult,controlled,1000.0,mlp,first_layer_kfac,31415,1,0.4630122602864624,0.8687723117558451,0.8687723117558451,0.8294180869031168
adult,controlled,1000.0,mlp,first_layer_kfac,31415,2,0.39794468857732396,0.8703690854501559,0.8703690854501559,0.8269614616920006
adult,controlled,1000.0,mlp,first_layer_kfac,31415,3,0.40161514377418256,0.8721359701615733,0.8721359701615733,0.826040227237832
adult,controlled,1000.0,mlp,first_layer_kfac,31415,4,0.40427880490734186,0.8661223715977796,0.8661223715977796,0.8223552894211577
adult,controlled,1000.0,mlp,first_layer_kfac,31415,5,0.39299697687057666,0.8698185138565032,0.8698185138565032,0.8323353293413174
adult,controlled,1000.0,mlp,first_layer_kfac,31415,6,0.3816993579231843,0.8763016910505355,0.8763016910505355,0.8289574696760326
adult,controlled,1000.0,mlp,first_layer_kfac,31415,7,0.3805338599025764,0.877819406326737,0.877819406326737,0.8361738062336864
adult,controlled,1000.0,mlp,first_layer_kfac,31415,8,0.38595904420869065,0.877410636903902,0.877410636903902,0.8291110087517273
adult,controlled,1000.0,mlp,first_layer_kfac,31415,9,0.3915069757866918,0.8763749458327315,0.8763749458327315,0.8354061108552127
adult,controlled,1000.0,mlp,first_layer_kfac,31415,10,0.390598494092721,0.874472900889375,0.874472900889375,0.8122217104253032
adult,controlled,1000.0,mlp,first_layer_kfac,31415,11,0.3925756972457033,0.8744031282887271,0.8744031282887271,0.8277291570704745
adult,controlled,1000.0,mlp,first_layer_kfac,31415,12,0.39350646375438214,0.8750362404820371,0.8750362404820371,0.8246583755565792
adult,controlled,1000.0,mlp,first_layer_kfac,31415,13,0.40402903706201465,0.877101690018778,0.877101690018778,0.8231229847996315
adult,controlled,1.0,mlp,first_layer_kfac,31415,1,1.8144038139455734,0.796821928973814,0.796821928973814,0.787655458314141
adult,controlled,1.0,mlp,first_layer_kfac,31415,2,1.968946488249214,0.7825335063246736,0.7825335063246736,0.7784431137724551
adult,controlled,1.0,mlp,first_layer_kfac,31415,3,1.665431082102239,0.7892275489568932,0.7892275489568932,0.790879778903731
adult,controlled,1.0,mlp,first_layer_kfac,31415,4,1.4367515607313677,0.6265516987887167,0.6265516987887167,0.458621219100261
adult,controlled,1.0,mlp,first_layer_kfac,31415,5,1.7828632941702953,0.6022996584882689,0.6022996584882689,0.4099493321050207
adult,controlled,1.0,mlp,first_layer_kfac,31415,6,0.9599153282308461,0.5692284775386393,0.5692284775386393,0.75894365115922
adult,controlled,1.0,mlp,first_layer_kfac,31415,7,0.9219953908381356,0.6253658870019191,0.6253658870019191,0.7590971902349147
adult,controlled,1000.0,mlp,first_layer_kfac,31415,1,1.6241146246982734,0.7891052856936505,0.7891052856936505,0.7885766927683096
adult,controlled,1000.0,mlp,first_layer_kfac,31415,2,1.6263095310337714,0.7690265110088526,0.7690265110088526,0.78826961461692
adult,controlled,1000.0,mlp,first_layer_kfac,31415,3,1.5147914901119486,0.7698866098512205,0.7698866098512205,0.7650852141870106
adult,controlled,1000.0,mlp,first_layer_kfac,31415,4,1.158705213731864,0.726322197230763,0.726322197230763,0.6339628435436818
adult,controlled,1000.0,mlp,first_layer_kfac,31415,5,1.2755299699687255,0.6785850348734034,0.6785850348734034,0.5462920313219715
adult,controlled,1000.0,mlp,first_layer_kfac,31415,6,1.657010751215773,0.6603634881657416,0.6603634881657416,0.7587901120835252
adult,controlled,1000.0,mlp,first_layer_kfac,31415,7,0.8983573474227943,0.6989327758403665,0.6989327758403665,0.7586365730078305
adult,controlled,1.0,mlp,first_layer_kfac,31415,1,1.2913784204595504,0.7883101875735128,0.7883101875735128,0.7988638108398587
adult,controlled,1.0,mlp,first_layer_kfac,31415,2,1.5733901502459289,0.8063195791461175,0.8063195791461175,0.8043912175648703
adult,controlled,1.0,mlp,first_layer_kfac,31415,3,1.5751455585845273,0.786437934627845,0.786437934627845,0.796714263780132
adult,controlled,1.0,mlp,first_layer_kfac,31415,4,1.17726610729091,0.7859459152720745,0.7859459152720745,0.7610931982189467
adult,controlled,1.0,mlp,first_layer_kfac,31415,5,0.946937379731593,0.8277375750603578,0.8277375750603578,0.8017810532780593
adult,controlled,1.0,mlp,first_layer_kfac,31415,6,0.9092171511427484,0.7784299488248282,0.7784299488248282,0.7067403654230001
adult,controlled,1.0,mlp,first_layer_kfac,31415,7,0.9140423192146077,0.6102164627226017,0.6102164627226017,0.41148472286196836
adult,controlled,1.0,mlp,first_layer_kfac,31415,8,0.7462494232730725,0.6448913817296382,0.6448913817296382,0.7425149700598802
adult,controlled,1.0,mlp,first_layer_kfac,31415,9,0.7863584898906493,0.5686516606136893,0.5686516606136893,0.7592507293106096
adult,controlled,1.0,mlp,first_layer_kfac,31415,10,0.8897758625649117,0.5152419600297147,0.5152419600297147,0.7592507293106096
adult,controlled,1.0,mlp,first_layer_kfac,31415,11,0.7759150749928242,0.5002022244691608,0.5002022244691608,0.7592507293106096
adult,controlled,1000.0,mlp,first_layer_kfac,31415,1,0.880811362799614,0.802445652173913,0.802445652173913,0.8053124520190389
adult,controlled,1000.0,mlp,first_layer_kfac,31415,2,1.139633279760581,0.7983123026763789,0.7983123026763789,0.7990173499155535
adult,controlled,1000.0,mlp,first_layer_kfac,31415,3,0.9483047215592949,0.8285654959658282,0.8285654959658282,0.8002456625211116
adult,controlled,1000.0,mlp,first_layer_kfac,31415,4,0.6095994961349619,0.8565228998576175,0.8565228998576175,0.8179026562260096
adult,controlled,1000.0,mlp,first_layer_kfac,31415,5,0.6534241742525405,0.7448724231856545,0.7448724231856545,0.6133886074005834
adult,controlled,1000.0,mlp,first_layer_kfac,31415,6,1.0066329221760613,0.5131445904954499,0.5131445904954499,0.26070935052970984
adult,controlled,1000.0,mlp,first_layer_kfac,31415,7,0.757554478375859,0.5241658240647118,0.5241658240647118,0.7592507293106096
adult,controlled,1000.0,mlp,first_layer_kfac,31415,8,0.7485815585391821,0.5254802831142569,0.5254802831142569,0.7592507293106096
adult,controlled,1000.0,mlp,first_layer_kfac,31415,9,0.7753318189403056,0.5569777759435423,0.5569777759435423,0.7592507293106096
adult,controlled,1000.0,mlp,first_layer_kfac,31415,10,0.7106052751330252,0.519099572336518,0.519099572336518,0.7592507293106096
adult,controlled,1.0,mlp,first_layer_kfac,31415,1,0.6493210146702478,0.8269038505189739,0.8269038505189739,0.8022416705051436
adult,controlled,1.0,mlp,first_layer_kfac,31415,2,0.9020126314069481,0.8128946472421122,0.8128946472421122,0.8037770612620913
adult,controlled,1.0,mlp,first_layer_kfac,31415,3,0.8014523360594484,0.8199519974825118,0.8199519974825118,0.7959465684016582
adult,controlled,1.0,mlp,first_layer_kfac,31415,4,0.560720033156491,0.8660806499040465,0.8660806499040465,0.8160601873176724
adult,controlled,1.0,mlp,first_layer_kfac,31415,5,0.5242562428739206,0.7957753399640949,0.7957753399640949,0.7329955473668048
adult,controlled,1.0,mlp,first_layer_kfac,31415,6,0.705263144407577,0.5534173097955056,0.5534173097955056,0.30492860432980196
adult,controlled,1.0,mlp,first_layer_kfac,31415,7,0.7036217566790101,0.5822834985864923,0.5822834985864923,0.7626285889758944
adult,controlled,1.0,mlp,first_layer_kfac,31415,8,0.6397639146893851,0.6067194496605518,0.6067194496605518,0.7621679717488101
adult,controlled,1.0,mlp,first_layer_kfac,31415,9,0.6690806687903346,0.5475299725552506,0.5475299725552506,0.7640104406571473
adult,controlled,1.0,mlp,first_layer_kfac,31415,10,0.745111519200796,0.5382023689152101,0.5382023689152101,0.7592507293106096
adult,controlled,1000.0,mlp,first_layer_kfac,31415,1,0.5446479421575766,0.8244157673180497,0.8244157673180497,0.8094580070627975
adult,controlled,1000.0,mlp,first_layer_kfac,31415,2,0.6234090968197628,0.8115732238294712,0.8115732238294712,0.8093044679871028
adult,controlled,1000.0,mlp,first_layer_kfac,31415,3,0.5917027642451574,0.8315659757330636,0.8315659757330636,0.8100721633655765
adult,controlled,1000.0,mlp,first_layer_kfac,31415,4,0.4720769988084601,0.8564777604671799,0.8564777604671799,0.8189774297558728
adult,controlled,1000.0,mlp,first_layer_kfac,31415,5,0.4749795129609635,0.8603166721693735,0.8603166721693735,0.8129894058037771
adult,controlled,1000.0,mlp,first_layer_kfac,31415,6,0.5385212993446088,0.5603217019871649,0.5603217019871649,0.3179794257638569
adult,controlled,1000.0,mlp,first_layer_kfac,31415,7,0.6363930090053661,0.6295403778295949,0.6295403778295949,0.7488100721633656
adult,controlled,1000.0,mlp,first_layer_kfac,31415,8,0.6175847158970938,0.6291662367677101,0.6291662367677101,0.7646245969599264
adult,controlled,1000.0,mlp,first_layer_kfac,31415,9,0.6554117527875033,0.6508524896308372,0.6508524896308372,0.771380316290496
adult,controlled,1000.0,mlp,first_layer_kfac,31415,10,0.6835743979681329,0.6577882859412723,0.6577882859412723,0.7703055427606326
adult,controlled,1000.0,mlp,first_layer_kfac,31415,11,0.6464618501557765,0.5303261901322713,0.5303261901322713,0.7345309381237525
adult,controlled,1.0,mlp,shampoo,31415,1,0.5022394103558702,0.8910336404531478,0.8910336404531478,0.8378627360663289
adult,controlled,1.0,mlp,shampoo,31415,2,0.3297904543853216,0.9038163420069748,0.9038163420069748,0.8472286196837095
adult,controlled,1.0,mlp,shampoo,31415,3,0.3111621122395377,0.9063251893275005,0.9063251893275005,0.8493781667434362
adult,controlled,1.0,mlp,shampoo,31415,4,0.30358721539195105,0.9082001506365943,0.9082001506365943,0.8518347919545525
adult,controlled,1.0,mlp,shampoo,31415,5,0.2987715783517542,0.9088059212562679,0.9088059212562679,0.852141870105942
adult,controlled,1.0,mlp,shampoo,31415,6,0.2935645161448298,0.9092333267988693,0.9092333267988693,0.8507600184246891
adult,controlled,1.0,mlp,shampoo,31415,7,0.29010394581705695,0.9089608138503126,0.9089608138503126,0.8526024873330262
adult,controlled,1.0,mlp,shampoo,31415,8,0.28603947060114043,0.9074519974825118,0.9074519974825118,0.8504529402732995
adult,controlled,1.0,mlp,shampoo,31415,9,0.28385574182069856,0.9077363756422689,0.9077363756422689,0.8519883310302472
adult,controlled,1.0,mlp,shampoo,31415,10,0.2812959570849557,0.9070917851468191,0.9070917851468191,0.8493781667434362
adult,controlled,1.0,mlp,shampoo,31415,11,0.27799150845635434,0.9063166773281608,0.9063166773281608,0.8510670965760786
adult,controlled,1.0,mlp,shampoo,31415,12,0.27515510676533933,0.9044887899548091,0.9044887899548091,0.8496852448948258
adult,controlled,1000.0,mlp,shampoo,31415,1,0.5319953040203825,0.8010558103423371,0.8010558103423371,0.8027022877322278
adult,controlled,1000.0,mlp,shampoo,31415,2,0.40600158204610576,0.8573103887662243,0.8573103887662243,0.8275756179947796
adult,controlled,1000.0,mlp,shampoo,31415,3,0.3701664122961077,0.8702416633994347,0.8702416633994347,0.8343313373253493
adult,controlled,1000.0,mlp,shampoo,31415,4,0.3563839572067636,0.875406383483626,0.875406383483626,0.8317211730385383
adult,controlled,1000.0,mlp,shampoo,31415,5,0.35135902651111967,0.881253611151235,0.881253611151235,0.8377091969906341
adult,controlled,1000.0,mlp,shampoo,31415,6,0.3437531996857036,0.8824548993004684,0.8824548993004684,0.8357131890066022
adult,controlled,1000.0,mlp,shampoo,31415,7,0.3394500561223276,0.8836752749633726,0.8836752749633726,0.8377091969906341
adult,controlled,1000.0,mlp,shampoo,31415,8,0.335807931803954,0.8855618435442935,0.8855618435442935,0.8401658222017504
adult,controlled,1000.0,mlp,shampoo,31415,9,0.33256673476034065,0.8876693371989848,0.8876693371989848,0.8377091969906341
adult,controlled,1000.0,mlp,shampoo,31415,10,0.32852381877875736,0.8855489465755968,0.8855489465755968,0.8334101028711807
adult,controlled,1000.0,mlp,shampoo,31415,11,0.32534244451534544,0.8895632570520624,0.8895632570520624,0.8401658222017504
adult,controlled,1000.0,mlp,shampoo,31415,12,0.32282372576891644,0.8883370132684014,0.8883370132684014,0.8386304314448026
adult,controlled,1000.0,mlp,shampoo,31415,13,0.31943734594293544,0.8892066558676051,0.8892066558676051,0.8403193612774451
adult,controlled,1000.0,mlp,shampoo,31415,14,0.31775675922705443,0.8873681929799219,0.8873681929799219,0.8357131890066022
adult,controlled,1000.0,mlp,shampoo,31415,15,0.3151468856475277,0.8888980314066982,0.8888980314066982,0.8392445877475817
adult,controlled,1000.0,mlp,shampoo,31415,16,0.3132339980297651,0.8901679959142405,0.8901679959142405,0.8395516658989712
adult,controlled,1000.0,mlp,shampoo,31415,17,0.3099641663729412,0.8903894368667589,0.8903894368667589,0.8406264394288346
adult,controlled,1000.0,mlp,shampoo,31415,18,0.3097279413765713,0.8892122015641445,0.8892122015641445,0.841087056655919
adult,controlled,1000.0,mlp,shampoo,31415,19,0.30511364465263613,0.8892122015641444,0.8892122015641444,0.841701212958698
adult,controlled,1000.0,mlp,shampoo,31415,20,0.3034247071356387,0.8905853418212584,0.8905853418212584,0.8400122831260556
adult,controlled,1000.0,mlp,shampoo,31415,21,0.2997841940465079,0.8877007413177607,0.8877007413177607,0.837095040687855
adult,controlled,1000.0,mlp,shampoo,31415,22,0.29910103043115693,0.8901739285198408,0.8901739285198408,0.8377091969906341
adult,controlled,1000.0,mlp,shampoo,31415,23,0.2992358030499639,0.8884169744743196,0.8884169744743196,0.8386304314448026
adult,controlled,1000.0,mlp,shampoo,31415,24,0.2980940284102203,0.8877808959782093,0.8877808959782093,0.8386304314448026
adult,controlled,1000.0,mlp,shampoo,31415,25,0.2948757347808716,0.88785905160851,0.88785905160851,0.8386304314448026
adult,controlled,1000.0,mlp,shampoo,31415,26,0.29325841553966886,0.8891390757516353,0.8891390757516353,0.8372485797635498
adult,controlled,1.0,mlp,shampoo,31415,1,0.5022394103558702,0.8910336404531478,0.8910336404531478,0.8378627360663289
adult,controlled,1.0,mlp,shampoo,31415,2,0.3297904543853216,0.9038163420069748,0.9038163420069748,0.8472286196837095
adult,controlled,1.0,mlp,shampoo,31415,3,0.3111621122395377,0.9063251893275005,0.9063251893275005,0.8493781667434362
adult,controlled,1.0,mlp,shampoo,31415,4,0.30358721539195105,0.9082001506365943,0.9082001506365943,0.8518347919545525
adult,controlled,1.0,mlp,shampoo,31415,5,0.2987715783517542,0.9088059212562679,0.9088059212562679,0.852141870105942
adult,controlled,1.0,mlp,shampoo,31415,6,0.2935645161448298,0.9092333267988693,0.9092333267988693,0.8507600184246891
adult,controlled,1.0,mlp,shampoo,31415,7,0.29010394581705695,0.9089608138503126,0.9089608138503126,0.8526024873330262
adult,controlled,1.0,mlp,shampoo,31415,8,0.28603947060114043,0.9074519974825118,0.9074519974825118,0.8504529402732995
adult,controlled,1.0,mlp,shampoo,31415,9,0.28385574182069856,0.9077363756422689,0.9077363756422689,0.8519883310302472
adult,controlled,1.0,mlp,shampoo,31415,10,0.2812959570849557,0.9070917851468191,0.9070917851468191,0.8493781667434362
adult,controlled,1.0,mlp,shampoo,31415,11,0.27799150845635434,0.9063166773281608,0.9063166773281608,0.8510670965760786
adult,controlled,1.0,mlp,shampoo,31415,12,0.27515510676533933,0.9044887899548091,0.9044887899548091,0.8496852448948258
adult,controlled,1000.0,mlp,shampoo,31415,1,0.5319953040203825,0.8010558103423371,0.8010558103423371,0.8027022877322278
adult,controlled,1000.0,mlp,shampoo,31415,2,0.40600158204610576,0.8573103887662243,0.8573103887662243,0.8275756179947796
adult,controlled,1000.0,mlp,shampoo,31415,3,0.3701664122961077,0.8702416633994347,0.8702416633994347,0.8343313373253493
adult,controlled,1000.0,mlp,shampoo,31415,4,0.3563839572067636,0.875406383483626,0.875406383483626,0.8317211730385383
adult,controlled,1000.0,mlp,shampoo,31415,5,0.35135902651111967,0.881253611151235,0.881253611151235,0.8377091969906341
adult,controlled,1000.0,mlp,shampoo,31415,6,0.3437531996857036,0.8824548993004684,0.8824548993004684,0.8357131890066022
adult,controlled,1000.0,mlp,shampoo,31415,7,0.3394500561223276,0.8836752749633726,0.8836752749633726,0.8377091969906341
adult,controlled,1000.0,mlp,shampoo,31415,8,0.335807931803954,0.8855618435442935,0.8855618435442935,0.8401658222017504
adult,controlled,1000.0,mlp,shampoo,31415,9,0.33256673476034065,0.8876693371989848,0.8876693371989848,0.8377091969906341
adult,controlled,1000.0,mlp,shampoo,31415,10,0.32852381877875736,0.8855489465755968,0.8855489465755968,0.8334101028711807
adult,controlled,1000.0,mlp,shampoo,31415,11,0.32534244451534544,0.8895632570520624,0.8895632570520624,0.8401658222017504
adult,controlled,1000.0,mlp,shampoo,31415,12,0.32282372576891644,0.8883370132684014,0.8883370132684014,0.8386304314448026
adult,controlled,1000.0,mlp,shampoo,31415,13,0.31943734594293544,0.8892066558676051,0.8892066558676051,0.8403193612774451
adult,controlled,1000.0,mlp,shampoo,31415,14,0.31775675922705443,0.8873681929799219,0.8873681929799219,0.8357131890066022
adult,controlled,1000.0,mlp,shampoo,31415,15,0.3151468856475277,0.8888980314066982,0.8888980314066982,0.8392445877475817
adult,controlled,1000.0,mlp,shampoo,31415,16,0.3132339980297651,0.8901679959142405,0.8901679959142405,0.8395516658989712
adult,controlled,1000.0,mlp,shampoo,31415,17,0.3099641663729412,0.8903894368667589,0.8903894368667589,0.8406264394288346
adult,controlled,1000.0,mlp,shampoo,31415,18,0.3097279413765713,0.8892122015641445,0.8892122015641445,0.841087056655919
adult,controlled,1000.0,mlp,shampoo,31415,19,0.30511364465263613,0.8892122015641444,0.8892122015641444,0.841701212958698
adult,controlled,1000.0,mlp,shampoo,31415,20,0.3034247071356387,0.8905853418212584,0.8905853418212584,0.8400122831260556
adult,controlled,1000.0,mlp,shampoo,31415,21,0.2997841940465079,0.8877007413177607,0.8877007413177607,0.837095040687855
adult,controlled,1000.0,mlp,shampoo,31415,22,0.29910103043115693,0.8901739285198408,0.8901739285198408,0.8377091969906341
adult,controlled,1000.0,mlp,shampoo,31415,23,0.2992358030499639,0.8884169744743196,0.8884169744743196,0.8386304314448026
adult,controlled,1000.0,mlp,shampoo,31415,24,0.2980940284102203,0.8877808959782093,0.8877808959782093,0.8386304314448026
adult,controlled,1000.0,mlp,shampoo,31415,25,0.2948757347808716,0.88785905160851,0.88785905160851,0.8386304314448026
adult,controlled,1000.0,mlp,shampoo,31415,26,0.29325841553966886,0.8891390757516353,0.8891390757516353,0.8372485797635498
adult,controlled,1.0,mlp,shampoo,31415,1,0.4461467088147522,0.8992163801820021,0.8992163801820021,0.8446184553968985
adult,controlled,1.0,mlp,shampoo,31415,2,0.3148379227746031,0.9073651363983409,0.9073651363983409,0.8510670965760786
adult,controlled,1.0,mlp,shampoo,31415,3,0.29757734137319525,0.9080835620395782,0.9080835620395782,0.8515277138031629
adult,controlled,1.0,mlp,shampoo,31415,4,0.28926893211992716,0.9076213346814964,0.9076213346814964,0.8492246276677414
adult,controlled,1.0,mlp,shampoo,31415,5,0.28466817868429556,0.9067591723241369,0.9067591723241369,0.8530631045601106
adult,controlled,1.0,mlp,shampoo,31415,6,0.27950772064616697,0.9055170652689792,0.9055170652689792,0.8483033932135728
adult,controlled,1.0,mlp,shampoo,31415,7,0.2773639146760289,0.9045864200078413,0.9045864200078413,0.8502994011976048
adult,controlled,1.0,mlp,shampoo,31415,8,0.2728124965320934,0.9027807154206475,0.9027807154206475,0.8444649163212038
adult,controlled,1.0,mlp,shampoo,31415,9,0.27057860063100625,0.9031949660551783,0.9031949660551783,0.8496852448948258
adult,controlled,1000.0,mlp,shampoo,31415,1,0.4955127600955729,0.843464203173686,0.843464203173686,0.8198986642100414
adult,controlled,1000.0,mlp,shampoo,31415,2,0.37799079339100045,0.8710964744846371,0.8710964744846371,0.8343313373253493
adult,controlled,1000.0,mlp,shampoo,31415,3,0.35377935556287554,0.878637783475372,0.878637783475372,0.8400122831260556
adult,controlled,1000.0,mlp,shampoo,31415,4,0.34202728136751515,0.8798680898041725,0.8798680898041725,0.8329494856440964
adult,controlled,1000.0,mlp,shampoo,31415,5,0.3381408005586713,0.8858721446111306,0.8858721446111306,0.8372485797635498
adult,controlled,1000.0,mlp,shampoo,31415,6,0.33103212523811865,0.8860974546542582,0.8860974546542582,0.8395516658989712
adult,controlled,1000.0,mlp,shampoo,31415,7,0.3267093598110377,0.8859820267844247,0.8859820267844247,0.836480884385076
adult,controlled,1000.0,mlp,shampoo,31415,8,0.3223984951762075,0.8871842822063102,0.8871842822063102,0.837095040687855
adult,controlled,1000.0,mlp,shampoo,31415,9,0.31682284502198127,0.8892537298033472,0.8892537298033472,0.8377091969906341
adult,controlled,1000.0,mlp,shampoo,31415,10,0.3146398192688054,0.885811657827944,0.885811657827944,0.8343313373253493
adult,controlled,1000.0,mlp,shampoo,31415,11,0.31101075349334417,0.8906611759971936,0.8906611759971936,0.841701212958698
adult,controlled,1000.0,mlp,shampoo,31415,12,0.3065892690083319,0.8862836868822352,0.8862836868822352,0.8354061108552127
adult,controlled,1000.0,mlp,shampoo,31415,13,0.30397297094143577,0.8888958389220198,0.8888958389220198,0.8432366037156457
adult,controlled,1000.0,mlp,shampoo,31415,14,0.29963365372920214,0.8832463217845277,0.8832463217845277,0.8297251650545063
adult,controlled,1000.0,mlp,shampoo,31415,15,0.2966723679324626,0.8864176863869917,0.8864176863869917,0.8349454936281283
adult,controlled,1000.0,mlp,shampoo,31415,16,0.29351323747810626,0.8889574864323889,0.8889574864323889,0.841701212958698
adult,controlled,1000.0,mlp,shampoo,31415,17,0.2888291351478867,0.8874707238810591,0.8874707238810591,0.8372485797635498
adult,controlled,1.0,mlp,shampoo,31415,1,0.4461467088147522,0.8992163801820021,0.8992163801820021,0.8446184553968985
adult,controlled,1.0,mlp,shampoo,31415,2,0.3148379227746031,0.9073651363983409,0.9073651363983409,0.8510670965760786
adult,controlled,1.0,mlp,shampoo,31415,3,0.29757734137319525,0.9080835620395782,0.9080835620395782,0.8515277138031629
adult,controlled,1.0,mlp,shampoo,31415,4,0.28926893211992716,0.9076213346814964,0.9076213346814964,0.8492246276677414
adult,controlled,1.0,mlp,shampoo,31415,5,0.28466817868429556,0.9067591723241369,0.9067591723241369,0.8530631045601106
adult,controlled,1.0,mlp,shampoo,31415,6,0.27950772064616697,0.9055170652689792,0.9055170652689792,0.8483033932135728
adult,controlled,1.0,mlp,shampoo,31415,7,0.2773639146760289,0.9045864200078413,0.9045864200078413,0.8502994011976048
adult,controlled,1.0,mlp,shampoo,31415,8,0.2728124965320934,0.9027807154206475,0.9027807154206475,0.8444649163212038
adult,controlled,1.0,mlp,shampoo,31415,9,0.27057860063100625,0.9031949660551783,0.9031949660551783,0.8496852448948258
adult,controlled,1000.0,mlp,shampoo,31415,1,0.4955127600955729,0.843464203173686,0.843464203173686,0.8198986642100414
adult,controlled,1000.0,mlp,shampoo,31415,2,0.37799079339100045,0.8710964744846371,0.8710964744846371,0.8343313373253493
adult,controlled,1000.0,mlp,shampoo,31415,3,0.35377935556287554,0.878637783475372,0.878637783475372,0.8400122831260556
adult,controlled,1000.0,mlp,shampoo,31415,4,0.34202728136751515,0.8798680898041725,0.8798680898041725,0.8329494856440964
adult,controlled,1000.0,mlp,shampoo,31415,5,0.3381408005586713,0.8858721446111306,0.8858721446111306,0.8372485797635498
adult,controlled,1000.0,mlp,shampoo,31415,6,0.33103212523811865,0.8860974546542582,0.8860974546542582,0.8395516658989712
adult,controlled,1000.0,mlp,shampoo,31415,7,0.3267093598110377,0.8859820267844247,0.8859820267844247,0.836480884385076
adult,controlled,1000.0,mlp,shampoo,31415,8,0.3223984951762075,0.8871842822063102,0.8871842822063102,0.837095040687855
adult,controlled,1000.0,mlp,shampoo,31415,9,0.31682284502198127,0.8892537298033472,0.8892537298033472,0.8377091969906341
adult,controlled,1000.0,mlp,shampoo,31415,10,0.3146398192688054,0.885811657827944,0.885811657827944,0.8343313373253493
adult,controlled,1000.0,mlp,shampoo,31415,11,0.31101075349334417,0.8906611759971936,0.8906611759971936,0.841701212958698
adult,controlled,1000.0,mlp,shampoo,31415,12,0.3065892690083319,0.8862836868822352,0.8862836868822352,0.8354061108552127
adult,controlled,1000.0,mlp,shampoo,31415,13,0.30397297094143577,0.8888958389220198,0.8888958389220198,0.8432366037156457
adult,controlled,1000.0,mlp,shampoo,31415,14,0.29963365372920214,0.8832463217845277,0.8832463217845277,0.8297251650545063
adult,controlled,1000.0,mlp,shampoo,31415,15,0.2966723679324626,0.8864176863869917,0.8864176863869917,0.8349454936281283
adult,controlled,1000.0,mlp,shampoo,31415,16,0.29351323747810626,0.8889574864323889,0.8889574864323889,0.841701212958698
adult,controlled,1000.0,mlp,shampoo,31415,17,0.2888291351478867,0.8874707238810591,0.8874707238810591,0.8372485797635498
adult,controlled,1.0,mlp,shampoo,31415,1,0.4045281120980987,0.9044430057159364,0.9044430057159364,0.846307385229541
adult,controlled,1.0,mlp,shampoo,31415,2,0.3034706521385718,0.9083572357153175,0.9083572357153175,0.8498387839705205
adult,controlled,1.0,mlp,shampoo,31415,3,0.28949222217613707,0.9068858205567364,0.9068858205567364,0.8512206356517734
adult,controlled,1.0,mlp,shampoo,31415,4,0.2812398587895846,0.9051705237201048,0.9051705237201048,0.8478427759864886
adult,controlled,1.0,mlp,shampoo,31415,5,0.27559085032863756,0.903137703514166,0.903137703514166,0.8479963150621833
adult,controlled,1.0,mlp,shampoo,31415,6,0.2696922499805469,0.9024519716885743,0.9024519716885743,0.8452326116996776
adult,controlled,1.0,mlp,shampoo,31415,7,0.2644897026424033,0.9017346422896764,0.9017346422896764,0.8467680024566252
adult,controlled,1.0,mlp,shampoo,31415,8,0.2579643968721573,0.899025762984668,0.899025762984668,0.8470750806080147
adult,controlled,1000.0,mlp,shampoo,31415,1,0.46085984517959766,0.8625249556344278,0.8625249556344278,0.8309534776600644
adult,controlled,1000.0,mlp,shampoo,31415,2,0.3644907501610843,0.8781663347846721,0.8781663347846721,0.8367879625364655
adult,controlled,1000.0,mlp,shampoo,31415,3,0.3449593260335102,0.8823386331276696,0.8823386331276696,0.8401658222017504
adult,controlled,1000.0,mlp,shampoo,31415,4,0.33334312296909546,0.8820969439342976,0.8820969439342976,0.8360202671579917
adult,controlled,1000.0,mlp,shampoo,31415,5,0.328519830979059,0.8880215534140855,0.8880215534140855,0.8384768923691079
adult,controlled,1000.0,mlp,shampoo,31415,6,0.320312795533595,0.8850497049173562,0.8850497049173562,0.836480884385076
adult,controlled,1000.0,mlp,shampoo,31415,7,0.31534669916225594,0.8857283434101648,0.8857283434101648,0.8383233532934131
adult,controlled,1000.0,mlp,shampoo,31415,8,0.30857402122870126,0.8850931677018633,0.8850931677018633,0.8389375095961922
adult,controlled,1000.0,mlp,shampoo,31415,9,0.302133320810168,0.8873137677720229,0.8873137677720229,0.8401658222017504
adult,controlled,1000.0,mlp,shampoo,31415,10,0.2968609471432407,0.8823174820990073,0.8823174820990073,0.8323353293413174
adult,controlled,1000.0,mlp,shampoo,31415,11,0.29129467351723654,0.8854306813726501,0.8854306813726501,0.8354061108552127
adult,controlled,1.0,mlp,shampoo,31415,1,0.4045281120980987,0.9044430057159364,0.9044430057159364,0.846307385229541
adult,controlled,1.0,mlp,shampoo,31415,2,0.3034706521385718,0.9083572357153175,0.9083572357153175,0.8498387839705205
adult,controlled,1.0,mlp,shampoo,31415,3,0.28949222217613707,0.9068858205567364,0.9068858205567364,0.8512206356517734
adult,controlled,1.0,mlp,shampoo,31415,4,0.2812398587895846,0.9051705237201048,0.9051705237201048,0.8478427759864886
adult,controlled,1.0,mlp,shampoo,31415,5,0.27559085032863756,0.903137703514166,0.903137703514166,0.8479963150621833
adult,controlled,1.0,mlp,shampoo,31415,6,0.2696922499805469,0.9024519716885743,0.9024519716885743,0.8452326116996776
adult,controlled,1.0,mlp,shampoo,31415,7,0.2644897026424033,0.9017346422896764,0.9017346422896764,0.8467680024566252
adult,controlled,1.0,mlp,shampoo,31415,8,0.2579643968721573,0.899025762984668,0.899025762984668,0.8470750806080147
adult,controlled,1000.0,mlp,shampoo,31415,1,0.46085984517959766,0.8625249556344278,0.8625249556344278,0.8309534776600644
adult,controlled,1000.0,mlp,shampoo,31415,2,0.3644907501610843,0.8781663347846721,0.8781663347846721,0.8367879625364655
adult,controlled,1000.0,mlp,shampoo,31415,3,0.3449593260335102,0.8823386331276696,0.8823386331276696,0.8401658222017504
adult,controlled,1000.0,mlp,shampoo,31415,4,0.33334312296909546,0.8820969439342976,0.8820969439342976,0.8360202671579917
adult,controlled,1000.0,mlp,shampoo,31415,5,0.328519830979059,0.8880215534140855,0.8880215534140855,0.8384768923691079
adult,controlled,1000.0,mlp,shampoo,31415,6,0.320312795533595,0.8850497049173562,0.8850497049173562,0.836480884385076
adult,controlled,1000.0,mlp,shampoo,31415,7,0.31534669916225594,0.8857283434101648,0.8857283434101648,0.8383233532934131
adult,controlled,1000.0,mlp,shampoo,31415,8,0.30857402122870126,0.8850931677018633,0.8850931677018633,0.8389375095961922
adult,controlled,1000.0,mlp,shampoo,31415,9,0.302133320810168,0.8873137677720229,0.8873137677720229,0.8401658222017504
adult,controlled,1000.0,mlp,shampoo,31415,10,0.2968609471432407,0.8823174820990073,0.8823174820990073,0.8323353293413174
adult,controlled,1000.0,mlp,shampoo,31415,11,0.29129467351723654,0.8854306813726501,0.8854306813726501,0.8354061108552127
adult,controlled,1.0,mlp,soap,31415,1,0.541383936744943,0.8752057066507088,0.8752057066507088,0.8136035621065562
adult,controlled,1.0,mlp,soap,31415,2,0.3500903002753012,0.8999865871525556,0.8999865871525556,0.8435436818670352
adult,controlled,1.0,mlp,soap,31415,3,0.3145306595127471,0.907944790656404,0.907944790656404,0.8530631045601106
adult,controlled,1.0,mlp,soap,31415,4,0.2997775151776447,0.9095411774416541,0.9095411774416541,0.852141870105942
adult,controlled,1.0,mlp,soap,31415,5,0.29167265534693837,0.9093540424258684,0.9093540424258684,0.8515277138031629
adult,controlled,1.0,mlp,soap,31415,6,0.2868359985896352,0.9084596376467675,0.9084596376467675,0.8496852448948258
adult,controlled,1.0,mlp,soap,31415,7,0.28342496330966527,0.9087129985968098,0.9087129985968098,0.8515277138031629
adult,controlled,1.0,mlp,soap,31415,8,0.27825756184299105,0.9049417314954293,0.9049417314954293,0.8483033932135728
adult,controlled,1.0,mlp,soap,31415,9,0.2746937466780735,0.903807572068261,0.903807572068261,0.8473821587594043
adult,controlled,1.0,mlp,soap,31415,10,0.2738218104663586,0.9038215007944532,0.9038215007944532,0.8476892369107938
adult,controlled,1000.0,mlp,soap,31415,1,0.5582611420962968,0.750222859619075,0.750222859619075,0.7813603562106556
adult,controlled,1000.0,mlp,soap,31415,2,0.4414395536925342,0.8339562999112689,0.8339562999112689,0.8205128205128205
adult,controlled,1000.0,mlp,soap,31415,3,0.3879195760743331,0.8611882493138813,0.8611882493138813,0.8289574696760326
adult,controlled,1000.0,mlp,soap,31415,4,0.36338058062794754,0.8735400631435587,0.8735400631435587,0.8289574696760326
adult,controlled,1000.0,mlp,soap,31415,5,0.3519953340658099,0.8803794546129877,0.8803794546129877,0.8369415016121603
adult,controlled,1000.0,mlp,soap,31415,6,0.34238495031504435,0.8835690039413137,0.8835690039413137,0.8413941348073085
adult,controlled,1000.0,mlp,soap,31415,7,0.3368014436242621,0.8862669208229298,0.8862669208229298,0.839091048671887
adult,controlled,1000.0,mlp,soap,31415,8,0.33359187123816486,0.8870875549410868,0.8870875549410868,0.8407799785045295
adult,controlled,1000.0,mlp,soap,31415,9,0.3309979199338018,0.8879000639689647,0.8879000639689647,0.8377091969906341
adult,controlled,1000.0,mlp,soap,31415,10,0.3266643037520697,0.8890205526093147,0.8890205526093147,0.8378627360663289
adult,controlled,1000.0,mlp,soap,31415,11,0.3222157868032666,0.8903387517797817,0.8903387517797817,0.8380162751420236
adult,controlled,1000.0,mlp,soap,31415,12,0.3219401008227533,0.8886529890014652,0.8886529890014652,0.8395516658989712
adult,controlled,1000.0,mlp,soap,31415,13,0.3160930912969153,0.8896660458925735,0.8896660458925735,0.8398587440503608
adult,controlled,1000.0,mlp,soap,31415,14,0.3146538898458645,0.8886781380904232,0.8886781380904232,0.8392445877475817
adult,controlled,1000.0,mlp,soap,31415,15,0.31099734750075186,0.8900173593198655,0.8900173593198655,0.8393981268232765
adult,controlled,1000.0,mlp,soap,31415,16,0.3106352707384845,0.8908486979220406,0.8908486979220406,0.8406264394288346
adult,controlled,1000.0,mlp,soap,31415,17,0.30686445999204087,0.891700155795382,0.891700155795382,0.8446184553968985
adult,controlled,1000.0,mlp,soap,31415,18,0.3066222705770769,0.8911366872330327,0.8911366872330327,0.8432366037156457
adult,controlled,1000.0,mlp,soap,31415,19,0.30073596233232014,0.891655145374631,0.891655145374631,0.839091048671887
adult,controlled,1000.0,mlp,soap,31415,20,0.29838538081991584,0.890897448463713,0.890897448463713,0.8407799785045295
adult,controlled,1000.0,mlp,soap,31415,21,0.2967925941621935,0.8893220837374385,0.8893220837374385,0.8381698142177184
adult,controlled,1000.0,mlp,soap,31415,22,0.2944376830386881,0.8911405563236419,0.8911405563236419,0.8389375095961922
adult,controlled,1000.0,mlp,soap,31415,23,0.2931219673273897,0.8897500051587874,0.8897500051587874,0.8424689083371718
adult,controlled,1.0,mlp,soap,31415,1,0.5091203768218179,0.8842134654670766,0.8842134654670766,0.8317211730385383
adult,controlled,1.0,mlp,soap,31415,2,0.33769412056819814,0.9007334506097688,0.9007334506097688,0.8429295255642562
adult,controlled,1.0,mlp,soap,31415,3,0.31233167941212947,0.9063716184148078,0.9063716184148078,0.85014586212191
adult,controlled,1.0,mlp,soap,31415,4,0.29798301578446745,0.9088362291327046,0.9088362291327046,0.8529095654844158
adult,controlled,1.0,mlp,soap,31415,5,0.2885134731229459,0.9083105486886363,0.9083105486886363,0.8492246276677414
adult,controlled,1.0,mlp,soap,31415,6,0.2833908722353802,0.9076257196508533,0.9076257196508533,0.8498387839705205
adult,controlled,1.0,mlp,soap,31415,7,0.2791922267444011,0.9068232702585585,0.9068232702585585,0.846307385229541
adult,controlled,1.0,mlp,soap,31415,8,0.2748862561341879,0.9042790852438042,0.9042790852438042,0.8475356978350991
adult,controlled,1.0,mlp,soap,31415,9,0.27122972228310327,0.9025662388312252,0.9025662388312252,0.8460003070781514
adult,controlled,1.0,mlp,soap,31415,10,0.26922985054644083,0.9024177947215286,0.9024177947215286,0.8455396898510671
adult,controlled,1000.0,mlp,soap,31415,1,0.5461307020093651,0.7695364571511113,0.7695364571511113,0.7916474742822048
adult,controlled,1000.0,mlp,soap,31415,2,0.4322232686770343,0.8427420374115269,0.8427420374115269,0.8203592814371258
adult,controlled,1000.0,mlp,soap,31415,3,0.3823171501077657,0.8629374651781846,0.8629374651781846,0.8278826961461692
adult,controlled,1000.0,mlp,soap,31415,4,0.3625387923576908,0.8739979055322837,0.8739979055322837,0.8304928604329802
adult,controlled,1000.0,mlp,soap,31415,5,0.35294887555319204,0.8806894977404511,0.8806894977404511,0.8354061108552127
adult,controlled,1000.0,mlp,soap,31415,6,0.3426577817895782,0.883644967086936,0.883644967086936,0.839091048671887
adult,controlled,1000.0,mlp,soap,31415,7,0.3361442399552179,0.885743174924166,0.885743174924166,0.8372485797635498
adult,controlled,1000.0,mlp,soap,31415,8,0.33310173931520165,0.8870393202781619,0.8870393202781619,0.8383233532934131
adult,controlled,1000.0,mlp,soap,31415,9,0.3299020470946075,0.8873879253420277,0.8873879253420277,0.837095040687855
adult,controlled,1000.0,mlp,soap,31415,10,0.32538776125310387,0.8884300004127031,0.8884300004127031,0.8375556579149394
adult,controlled,1000.0,mlp,soap,31415,11,0.3213304522142949,0.8899149573884152,0.8899149573884152,0.8389375095961922
adult,controlled,1000.0,mlp,soap,31415,12,0.31923433193703543,0.8897474257650482,0.8897474257650482,0.8401658222017504
adult,controlled,1000.0,mlp,soap,31415,13,0.3140911812864299,0.8915724758052868,0.8915724758052868,0.841087056655919
adult,controlled,1000.0,mlp,soap,31415,14,0.31337182417841447,0.8904979003734961,0.8904979003734961,0.841701212958698
adult,controlled,1000.0,mlp,soap,31415,15,0.3087930375440115,0.8905440715214294,0.8905440715214294,0.8409335175802242
adult,controlled,1000.0,mlp,soap,31415,16,0.3089782353994009,0.8914785858731764,0.8914785858731764,0.8418547520343928
adult,controlled,1000.0,mlp,soap,31415,17,0.3035921108810556,0.8926289954809021,0.8926289954809021,0.8438507600184247
adult,controlled,1000.0,mlp,soap,31415,18,0.3036202098579313,0.8933075050040239,0.8933075050040239,0.844311377245509
adult,controlled,1000.0,mlp,soap,31415,19,0.297954667258907,0.8921033150368337,0.8921033150368337,0.839705204974666
adult,controlled,1000.0,mlp,soap,31415,20,0.2973429759099384,0.8913156971585399,0.8913156971585399,0.8409335175802242
adult,controlled,1000.0,mlp,soap,31415,21,0.29514647665129246,0.8914731691463239,0.8914731691463239,0.8380162751420236
adult,controlled,1000.0,mlp,soap,31415,22,0.29286514233605576,0.8923784073791295,0.8923784073791295,0.8393981268232765
adult,controlled,1000.0,mlp,soap,31415,23,0.29145391171921675,0.8917535492457851,0.8917535492457851,0.841087056655919
adult,controlled,1000.0,mlp,soap,31415,24,0.29113912179663376,0.889499030147954,0.889499030147954,0.8387839705204975
adult,controlled,1.0,mlp,soap,31415,1,0.509780235094286,0.8870853624564081,0.8870853624564081,0.8340242591739597
adult,controlled,1.0,mlp,soap,31415,2,0.3349101924193286,0.9049191618002104,0.9049191618002104,0.8487640104406572
adult,controlled,1.0,mlp,soap,31415,3,0.30432821279368766,0.9078739862982603,0.9078739862982603,0.8516812528788577
adult,controlled,1.0,mlp,soap,31415,4,0.2948565731323908,0.9087183508388189,0.9087183508388189,0.8512206356517734
adult,controlled,1.0,mlp,soap,31415,5,0.2856817681900699,0.9064393275004644,0.9064393275004644,0.8493781667434362
adult,controlled,1.0,mlp,soap,31415,6,0.2790599311598982,0.9037205175295598,0.9037205175295598,0.8464609243052357
adult,controlled,1.0,mlp,soap,31415,7,0.2740366839659595,0.9043497606322611,0.9043497606322611,0.849531705819131
adult,controlled,1.0,mlp,soap,31415,8,0.2677505176322173,0.90024517137492,0.90024517137492,0.8444649163212038
adult,controlled,1.0,mlp,soap,31415,9,0.2616841523594587,0.8985337436288975,0.8985337436288975,0.8420082911100876
adult,controlled,1.0,mlp,soap,31415,10,0.25763488269848084,0.8981839778378489,0.8981839778378489,0.8435436818670352
adult,controlled,1000.0,mlp,soap,31415,1,0.5468995660470217,0.7758328862384186,0.7758328862384186,0.7976354982343006
adult,controlled,1000.0,mlp,soap,31415,2,0.4262334742475786,0.8492430769072038,0.8492430769072038,0.8234300629510211
adult,controlled,1000.0,mlp,soap,31415,3,0.3759655316866001,0.870177823404387,0.870177823404387,0.8315676339628435
adult,controlled,1000.0,mlp,soap,31415,4,0.3549459083074434,0.879550953343926,0.879550953343926,0.8335636419468755
adult,controlled,1000.0,mlp,soap,31415,5,0.3437041780140242,0.8849309238356616,0.8849309238356616,0.8375556579149394
adult,controlled,1000.0,mlp,soap,31415,6,0.3336220317742163,0.8859337921214997,0.8859337921214997,0.8380162751420236
adult,controlled,1000.0,mlp,soap,31415,7,0.3284451749166634,0.8863698386331276,0.8863698386331276,0.8369415016121603
adult,controlled,1000.0,mlp,soap,31415,8,0.3245871386305413,0.8884087204143538,0.8884087204143538,0.8392445877475817
adult,controlled,1000.0,mlp,soap,31415,9,0.32126456001173953,0.8878802026371722,0.8878802026371722,0.839091048671887
adult,controlled,1000.0,mlp,soap,31415,10,0.3167253485182872,0.8873758021914528,0.8873758021914528,0.839091048671887
adult,controlled,1000.0,mlp,soap,31415,11,0.31089305672657286,0.8870439631868927,0.8870439631868927,0.8360202671579917
adult,controlled,1000.0,mlp,soap,31415,12,0.30921008648392023,0.8858743370958091,0.8858743370958091,0.8354061108552127
adult,controlled,1000.0,mlp,soap,31415,13,0.29813946274633196,0.8863810589958937,0.8863810589958937,0.8392445877475817
adult,controlled,1000.0,mlp,soap,31415,14,0.29488554194166855,0.8847842853015827,0.8847842853015827,0.8352525717795178
adult,controlled,1.0,mlp,soap,31415,1,0.45596029248811687,0.8937605755143311,0.8937605755143311,0.841701212958698
adult,controlled,1.0,mlp,soap,31415,2,0.3216480244436194,0.9075834820783724,0.9075834820783724,0.8522954091816367
adult,controlled,1.0,mlp,soap,31415,3,0.2983140705258606,0.9075630403829884,0.9075630403829884,0.8526024873330262
adult,controlled,1.0,mlp,soap,31415,4,0.2915273384175078,0.9073457264604526,0.9073457264604526,0.8486104713649624
adult,controlled,1.0,mlp,soap,31415,5,0.2820855593652046,0.9065045861620684,0.9065045861620684,0.8467680024566252
adult,controlled,1.0,mlp,soap,31415,6,0.27657143533669176,0.9040522275644333,0.9040522275644333,0.8466144633809305
adult,controlled,1.0,mlp,soap,31415,7,0.27176276237431557,0.9040625451393904,0.9040625451393904,0.8467680024566252
adult,controlled,1.0,mlp,soap,31415,8,0.2662542721563241,0.900637239223293,0.900637239223293,0.8444649163212038
adult,controlled,1000.0,mlp,soap,31415,1,0.5197875244172258,0.8088634417366543,0.8088634417366543,0.8083832335329342
adult,controlled,1000.0,mlp,soap,31415,2,0.4015405854663333,0.861056700233177,0.861056700233177,0.8309534776600644
adult,controlled,1000.0,mlp,soap,31415,3,0.3636136730121453,0.8754602928127774,0.8754602928127774,0.837095040687855
adult,controlled,1000.0,mlp,soap,31415,4,0.34753248249283586,0.8832512226326324,0.8832512226326324,0.836480884385076
adult,controlled,1000.0,mlp,soap,31415,5,0.34029671864661887,0.8872590201399062,0.8872590201399062,0.841701212958698
adult,controlled,1000.0,mlp,soap,31415,6,0.330616887576457,0.8883834423557088,0.8883834423557088,0.8421618301857823
adult,controlled,1000.0,mlp,soap,31415,7,0.32444578877830976,0.8884272920492767,0.8884272920492767,0.8392445877475817
adult,controlled,1000.0,mlp,soap,31415,8,0.32089909435197234,0.8910500196033923,0.8910500196033923,0.8423153692614771
adult,controlled,1000.0,mlp,soap,31415,9,0.314741332569052,0.8909113771899053,0.8909113771899053,0.8400122831260556
adult,controlled,1000.0,mlp,soap,31415,10,0.31001794916698916,0.8913899836982314,0.8913899836982314,0.8412405957316137
adult,controlled,1000.0,mlp,soap,31415,11,0.30624970068802704,0.891845504632591,0.891845504632591,0.839705204974666
adult,controlled,1000.0,mlp,soap,31415,12,0.30414573295403463,0.8899294019933556,0.8899294019933556,0.8406264394288346
adult,controlled,1000.0,mlp,soap,31415,13,0.2969925629126059,0.8890459596376468,0.8890459596376468,0.8413941348073085
adult,controlled,1000.0,mlp,soap,31415,14,0.2940658385103399,0.8905207924929324,0.8905207924929324,0.8407799785045295
adult,controlled,1000.0,mlp,soap,31415,15,0.28830803831906515,0.8879800251748828,0.8879800251748828,0.8409335175802242
adult,controlled,1000.0,mlp,soap,31415,16,0.28611937904826545,0.8880706908648192,0.8880706908648192,0.8413941348073085
adult,controlled,1000.0,mlp,soap,31415,17,0.2786551069568943,0.8848085316027322,0.8848085316027322,0.8387839705204975
adult,controlled,1.0,mlp,soap,31415,1,0.4702244804444419,0.8953114360000825,0.8953114360000825,0.8358667280822969
adult,controlled,1.0,mlp,soap,31415,2,0.32401758864412145,0.9094588947813704,0.9094588947813704,0.8515277138031629
adult,controlled,1.0,mlp,soap,31415,3,0.2993095836782924,0.9086342626029178,0.9086342626029178,0.8522954091816367
adult,controlled,1.0,mlp,soap,31415,4,0.2888075781835092,0.9071707145952416,0.9071707145952416,0.85014586212191
adult,controlled,1.0,mlp,soap,31415,5,0.27972123634610185,0.9055447937516765,0.9055447937516765,0.8490710885920467
adult,controlled,1.0,mlp,soap,31415,6,0.2697356610538333,0.9015718825447266,0.9015718825447266,0.8433901427913404
adult,controlled,1.0,mlp,soap,31415,7,0.26492901032914107,0.8972072903984647,0.8972072903984647,0.8409335175802242
adult,controlled,1.0,mlp,soap,31415,8,0.25591166511507524,0.8976598450300242,0.8976598450300242,0.8424689083371718
adult,controlled,1000.0,mlp,soap,31415,1,0.539848453362978,0.8019367377891501,0.8019367377891501,0.790879778903731
adult,controlled,1000.0,mlp,soap,31415,2,0.41895771246284463,0.851172205484823,0.851172205484823,0.8252725318593582
adult,controlled,1000.0,mlp,soap,31415,3,0.3746592152030814,0.8705247518623224,0.8705247518623224,0.831260555811454
adult,controlled,1000.0,mlp,soap,31415,4,0.353359991780663,0.8787403788613524,0.8787403788613524,0.833870720098265
adult,controlled,1000.0,mlp,soap,31415,5,0.3441985529968721,0.8816864334206889,0.8816864334206889,0.8309534776600644
adult,controlled,1000.0,mlp,soap,31415,6,0.33189076551348334,0.8815970574276223,0.8815970574276223,0.8329494856440964
adult,controlled,1000.0,mlp,soap,31415,7,0.32450294890040554,0.8797943191432285,0.8797943191432285,0.8354061108552127
adult,controlled,1000.0,mlp,soap,31415,8,0.32103312901548436,0.8835282495202328,0.8835282495202328,0.8360202671579917
adult,controlled,1000.0,mlp,soap,31415,9,0.3138911415815939,0.882447096634407,0.882447096634407,0.8340242591739597
adult,controlled,1000.0,mlp,soap,31415,10,0.3086689135073444,0.8804951404221949,0.8804951404221949,0.8317211730385383
adult,controlled,1000.0,mlp,soap,31415,11,0.3005077401748161,0.8815013619198943,0.8815013619198943,0.8283433133732535
adult,controlled,1000.0,mlp,soap,31415,12,0.29355056638799665,0.8794217902024308,0.8794217902024308,0.831874712114233
adult,controlled,1000.0,mlp,soap,31415,13,0.28705215820223456,0.8799372175563854,0.8799372175563854,0.8309534776600644
adult,controlled,1000.0,mlp,soap,31415,14,0.2814977381387565,0.8794840180763914,0.8794840180763914,0.831260555811454
adult,controlled,1.0,mlp,soap,31415,1,0.41700413559519983,0.8983708549142609,0.8983708549142609,0.8412405957316137
adult,controlled,1.0,mlp,soap,31415,2,0.31172182211419,0.9077651358824622,0.9077651358824622,0.8499923230462153
adult,controlled,1.0,mlp,soap,31415,3,0.29466632308772506,0.9064256567136459,0.9064256567136459,0.8509135575003839
adult,controlled,1.0,mlp,soap,31415,4,0.28560337717175777,0.9057127122841047,0.9057127122841047,0.8487640104406572
adult,controlled,1.0,mlp,soap,31415,5,0.27464631822243957,0.9047353799962855,0.9047353799962855,0.8489175495163519
adult,controlled,1.0,mlp,soap,31415,6,0.2666606957994456,0.9016032221786592,0.9016032221786592,0.8436972209427299
adult,controlled,1.0,mlp,soap,31415,7,0.2580717265313029,0.8966683905614823,0.8966683905614823,0.8424689083371718
adult,controlled,1.0,mlp,soap,31415,8,0.2509501861998724,0.8973182043292545,0.8973182043292545,0.8432366037156457
adult,controlled,1000.0,mlp,soap,31415,1,0.48868791879834356,0.8427436495326138,0.8427436495326138,0.8211269768155995
adult,controlled,1000.0,mlp,soap,31415,2,0.3800941742315925,0.8710637161841481,0.8710637161841481,0.8311070167357593
adult,controlled,1000.0,mlp,soap,31415,3,0.3534274257957496,0.8809030715420648,0.8809030715420648,0.8372485797635498
adult,controlled,1000.0,mlp,soap,31415,4,0.3410820766221686,0.8834132085594603,0.8834132085594603,0.8340242591739597
adult,controlled,1000.0,mlp,soap,31415,5,0.33318318342401004,0.8860047254493304,0.8860047254493304,0.8401658222017504
adult,controlled,1000.0,mlp,soap,31415,6,0.3229701814838944,0.8866146230989869,0.8866146230989869,0.8360202671579917
adult,controlled,1000.0,mlp,soap,31415,7,0.31531883999522253,0.8856550886279688,0.8856550886279688,0.8361738062336864
adult,controlled,1000.0,mlp,soap,31415,8,0.3098179263037604,0.8865498803161305,0.8865498803161305,0.8349454936281283
adult,controlled,1000.0,mlp,soap,31415,9,0.3043309644926385,0.8871099956666185,0.8871099956666185,0.8367879625364655
adult,controlled,1000.0,mlp,soap,31415,10,0.29709592329782114,0.8848040176636882,0.8848040176636882,0.8366344234607708
adult,controlled,1000.0,mlp,soap,31415,11,0.28985944434231564,0.8850484152204866,0.8850484152204866,0.8346384154767388
adult,controlled,1000.0,mlp,soap,31415,12,0.2820895675212804,0.8801608509935824,0.8801608509935824,0.8311070167357593
adult,controlled,1000.0,mlp,soap,31415,13,0.2766433205153491,0.8794136006273086,0.8794136006273086,0.8321817902656226
adult,controlled,1000.0,mlp,soap,31415,14,0.2732175578356375,0.88085058087947,0.88085058087947,0.8323353293413174
adult,controlled,1000.0,mlp,soap,31415,15,0.26458824142191273,0.874113978250552,0.874113978250552,0.8315676339628435
