dataset,problem_type,model,seed,method,track,representation_id,member,is_reference,split,task_error,disagreement,fit_seconds,prediction_reused_due_to_coordinate_identity
bike-sharing,regression,catboost,2,Raw,representation,rbf_reference,-1,True,validation,58.00124860136777,0.0,0.2738217678852379,False
bike-sharing,regression,catboost,2,Raw,representation,rbf_reference,-1,True,test,59.57392099623329,0.0,0.2738217678852379,False
bike-sharing,regression,catboost,2,Raw,representation,orthogonal_all__m0,0,False,validation,57.34891837754778,0.10340155488553528,0.4206026771571487,False
bike-sharing,regression,catboost,2,Raw,representation,orthogonal_all__m0,0,False,test,60.15940223732964,0.09957196743725477,0.4206026771571487,False
bike-sharing,regression,catboost,2,Raw,representation,orthogonal_all__m1,1,False,validation,57.94225083531337,0.0948210911605531,0.3495937758125365,False
bike-sharing,regression,catboost,2,Raw,representation,orthogonal_all__m1,1,False,test,60.62100775079452,0.08982647642848272,0.3495937758125365,False
bike-sharing,regression,catboost,2,Raw,representation,orthogonal_all__m2,2,False,validation,56.56089609809861,0.10206818601282826,0.3440086508635431,False
bike-sharing,regression,catboost,2,Raw,representation,orthogonal_all__m2,2,False,test,60.568066645006404,0.08984728676994648,0.3440086508635431,False
bike-sharing,regression,catboost,2,Raw,representation,orthogonal_all__m3,3,False,validation,58.222600150019524,0.09063321610343603,0.4144141129218042,False
bike-sharing,regression,catboost,2,Raw,representation,orthogonal_all__m3,3,False,test,60.6344577176499,0.08660743494321142,0.4144141129218042,False
bike-sharing,regression,catboost,2,Raw,representation,orthogonal_all__m4,4,False,validation,58.4544316852136,0.09437527674771856,0.4020197000354528,False
bike-sharing,regression,catboost,2,Raw,representation,orthogonal_all__m4,4,False,test,59.043334783444855,0.0939284134589965,0.4020197000354528,False
bike-sharing,regression,catboost,2,Raw,representation,orthogonal_all__m5,5,False,validation,56.177351851492375,0.0839376590865435,0.4153369639534503,False
bike-sharing,regression,catboost,2,Raw,representation,orthogonal_all__m5,5,False,test,58.672440237444576,0.08497148631742495,0.4153369639534503,False
bike-sharing,regression,catboost,2,Raw,representation,orthogonal_all__m6,6,False,validation,57.67341278844073,0.09702486451140489,0.3857455109246075,False
bike-sharing,regression,catboost,2,Raw,representation,orthogonal_all__m6,6,False,test,59.7412224704689,0.08603015588308914,0.3857455109246075,False
bike-sharing,regression,catboost,2,Raw,representation,orthogonal_all__m7,7,False,validation,59.085078523096875,0.08688804295568787,0.4132713610306382,False
bike-sharing,regression,catboost,2,Raw,representation,orthogonal_all__m7,7,False,test,59.927526144793134,0.09753961200453087,0.4132713610306382,False
bike-sharing,regression,catboost,2,PCA,representation,pca__v1__rbf_reference,-1,True,validation,59.216783162052316,0.0,0.29143556393682957,False
bike-sharing,regression,catboost,2,PCA,representation,pca__v1__rbf_reference,-1,True,test,61.07041062347187,0.0,0.29143556393682957,False
bike-sharing,regression,catboost,2,PCA,representation,pca__v1__orthogonal_all__m0,0,False,validation,59.216783162052316,0.0,0.0,True
bike-sharing,regression,catboost,2,PCA,representation,pca__v1__orthogonal_all__m0,0,False,test,61.07041062347187,0.0,0.0,True
bike-sharing,regression,catboost,2,PCA,representation,pca__v1__orthogonal_all__m1,1,False,validation,59.216783162052316,0.0,0.0,True
bike-sharing,regression,catboost,2,PCA,representation,pca__v1__orthogonal_all__m1,1,False,test,61.07041062347187,0.0,0.0,True
bike-sharing,regression,catboost,2,PCA,representation,pca__v1__orthogonal_all__m2,2,False,validation,59.216783162052316,0.0,0.0,True
bike-sharing,regression,catboost,2,PCA,representation,pca__v1__orthogonal_all__m2,2,False,test,61.07041062347187,0.0,0.0,True
bike-sharing,regression,catboost,2,PCA,representation,pca__v1__orthogonal_all__m3,3,False,validation,59.216783162052316,0.0,0.0,True
bike-sharing,regression,catboost,2,PCA,representation,pca__v1__orthogonal_all__m3,3,False,test,61.07041062347187,0.0,0.0,True
bike-sharing,regression,catboost,2,PCA,representation,pca__v1__orthogonal_all__m4,4,False,validation,59.216783162052316,0.0,0.0,True
bike-sharing,regression,catboost,2,PCA,representation,pca__v1__orthogonal_all__m4,4,False,test,61.07041062347187,0.0,0.0,True
bike-sharing,regression,catboost,2,PCA,representation,pca__v1__orthogonal_all__m5,5,False,validation,59.216783162052316,0.0,0.0,True
bike-sharing,regression,catboost,2,PCA,representation,pca__v1__orthogonal_all__m5,5,False,test,61.07041062347187,0.0,0.0,True
bike-sharing,regression,catboost,2,PCA,representation,pca__v1__orthogonal_all__m6,6,False,validation,59.216783162052316,0.0,0.0,True
bike-sharing,regression,catboost,2,PCA,representation,pca__v1__orthogonal_all__m6,6,False,test,61.07041062347187,0.0,0.0,True
bike-sharing,regression,catboost,2,PCA,representation,pca__v1__orthogonal_all__m7,7,False,validation,59.216783162052316,0.0,0.0,True
bike-sharing,regression,catboost,2,PCA,representation,pca__v1__orthogonal_all__m7,7,False,test,61.07041062347187,0.0,0.0,True
bike-sharing,regression,catboost,2,GramAnchor,representation,gram_anchor__pivot_tie_v2__rbf_reference,-1,True,validation,56.37496823605772,0.0,0.8381474069319665,False
bike-sharing,regression,catboost,2,GramAnchor,representation,gram_anchor__pivot_tie_v2__rbf_reference,-1,True,test,58.16621317103092,0.0,0.8381474069319665,False
bike-sharing,regression,catboost,2,GramAnchor,representation,gram_anchor__pivot_tie_v2__orthogonal_all__m0,0,False,validation,56.37496823605772,0.0,0.0,True
bike-sharing,regression,catboost,2,GramAnchor,representation,gram_anchor__pivot_tie_v2__orthogonal_all__m0,0,False,test,58.16621317103092,0.0,0.0,True
bike-sharing,regression,catboost,2,GramAnchor,representation,gram_anchor__pivot_tie_v2__orthogonal_all__m1,1,False,validation,56.37496823605772,0.0,0.0,True
bike-sharing,regression,catboost,2,GramAnchor,representation,gram_anchor__pivot_tie_v2__orthogonal_all__m1,1,False,test,58.16621317103092,0.0,0.0,True
bike-sharing,regression,catboost,2,GramAnchor,representation,gram_anchor__pivot_tie_v2__orthogonal_all__m2,2,False,validation,56.37496823605772,0.0,0.0,True
bike-sharing,regression,catboost,2,GramAnchor,representation,gram_anchor__pivot_tie_v2__orthogonal_all__m2,2,False,test,58.16621317103092,0.0,0.0,True
bike-sharing,regression,catboost,2,GramAnchor,representation,gram_anchor__pivot_tie_v2__orthogonal_all__m3,3,False,validation,56.37496823605772,0.0,0.0,True
bike-sharing,regression,catboost,2,GramAnchor,representation,gram_anchor__pivot_tie_v2__orthogonal_all__m3,3,False,test,58.16621317103092,0.0,0.0,True
bike-sharing,regression,catboost,2,GramAnchor,representation,gram_anchor__pivot_tie_v2__orthogonal_all__m4,4,False,validation,56.37496823605772,0.0,0.0,True
bike-sharing,regression,catboost,2,GramAnchor,representation,gram_anchor__pivot_tie_v2__orthogonal_all__m4,4,False,test,58.16621317103092,0.0,0.0,True
bike-sharing,regression,catboost,2,GramAnchor,representation,gram_anchor__pivot_tie_v2__orthogonal_all__m5,5,False,validation,56.37496823605772,0.0,0.0,True
bike-sharing,regression,catboost,2,GramAnchor,representation,gram_anchor__pivot_tie_v2__orthogonal_all__m5,5,False,test,58.16621317103092,0.0,0.0,True
bike-sharing,regression,catboost,2,GramAnchor,representation,gram_anchor__pivot_tie_v2__orthogonal_all__m6,6,False,validation,56.37496823605772,0.0,0.0,True
bike-sharing,regression,catboost,2,GramAnchor,representation,gram_anchor__pivot_tie_v2__orthogonal_all__m6,6,False,test,58.16621317103092,0.0,0.0,True
bike-sharing,regression,catboost,2,GramAnchor,representation,gram_anchor__pivot_tie_v2__orthogonal_all__m7,7,False,validation,56.37496823605772,0.0,0.0,True
bike-sharing,regression,catboost,2,GramAnchor,representation,gram_anchor__pivot_tie_v2__orthogonal_all__m7,7,False,test,58.16621317103092,0.0,0.0,True
bike-sharing,regression,catboost,2,GramAnchor-m8,representation,gram_anchor__pivot_tie_v2__rbf_reference,-1,True,validation,57.2736532599454,0.0,0.9653153328690678,False
bike-sharing,regression,catboost,2,GramAnchor-m8,representation,gram_anchor__pivot_tie_v2__rbf_reference,-1,True,test,59.02084505223893,0.0,0.9653153328690678,False
bike-sharing,regression,catboost,2,GramAnchor-m8,representation,gram_anchor__pivot_tie_v2__orthogonal_all__m0,0,False,validation,57.2736532599454,0.0,0.0,True
bike-sharing,regression,catboost,2,GramAnchor-m8,representation,gram_anchor__pivot_tie_v2__orthogonal_all__m0,0,False,test,59.02084505223893,0.0,0.0,True
bike-sharing,regression,catboost,2,GramAnchor-m8,representation,gram_anchor__pivot_tie_v2__orthogonal_all__m1,1,False,validation,57.2736532599454,0.0,0.0,True
bike-sharing,regression,catboost,2,GramAnchor-m8,representation,gram_anchor__pivot_tie_v2__orthogonal_all__m1,1,False,test,59.02084505223893,0.0,0.0,True
bike-sharing,regression,catboost,2,GramAnchor-m8,representation,gram_anchor__pivot_tie_v2__orthogonal_all__m2,2,False,validation,57.2736532599454,0.0,0.0,True
bike-sharing,regression,catboost,2,GramAnchor-m8,representation,gram_anchor__pivot_tie_v2__orthogonal_all__m2,2,False,test,59.02084505223893,0.0,0.0,True
bike-sharing,regression,catboost,2,GramAnchor-m8,representation,gram_anchor__pivot_tie_v2__orthogonal_all__m3,3,False,validation,57.2736532599454,0.0,0.0,True
bike-sharing,regression,catboost,2,GramAnchor-m8,representation,gram_anchor__pivot_tie_v2__orthogonal_all__m3,3,False,test,59.02084505223893,0.0,0.0,True
bike-sharing,regression,catboost,2,GramAnchor-m8,representation,gram_anchor__pivot_tie_v2__orthogonal_all__m4,4,False,validation,57.2736532599454,0.0,0.0,True
bike-sharing,regression,catboost,2,GramAnchor-m8,representation,gram_anchor__pivot_tie_v2__orthogonal_all__m4,4,False,test,59.02084505223893,0.0,0.0,True
bike-sharing,regression,catboost,2,GramAnchor-m8,representation,gram_anchor__pivot_tie_v2__orthogonal_all__m5,5,False,validation,57.2736532599454,0.0,0.0,True
bike-sharing,regression,catboost,2,GramAnchor-m8,representation,gram_anchor__pivot_tie_v2__orthogonal_all__m5,5,False,test,59.02084505223893,0.0,0.0,True
bike-sharing,regression,catboost,2,GramAnchor-m8,representation,gram_anchor__pivot_tie_v2__orthogonal_all__m6,6,False,validation,57.2736532599454,0.0,0.0,True
bike-sharing,regression,catboost,2,GramAnchor-m8,representation,gram_anchor__pivot_tie_v2__orthogonal_all__m6,6,False,test,59.02084505223893,0.0,0.0,True
bike-sharing,regression,catboost,2,GramAnchor-m8,representation,gram_anchor__pivot_tie_v2__orthogonal_all__m7,7,False,validation,57.2736532599454,0.0,0.0,True
bike-sharing,regression,catboost,2,GramAnchor-m8,representation,gram_anchor__pivot_tie_v2__orthogonal_all__m7,7,False,test,59.02084505223893,0.0,0.0,True
bike-sharing,regression,catboost,2,GramDistance,representation,gram_distance__pivot_tie_v2__rbf_reference,-1,True,validation,56.52358358634497,0.0,0.829062043922022,False
bike-sharing,regression,catboost,2,GramDistance,representation,gram_distance__pivot_tie_v2__rbf_reference,-1,True,test,57.4262678101204,0.0,0.829062043922022,False
bike-sharing,regression,catboost,2,GramDistance,representation,gram_distance__pivot_tie_v2__orthogonal_all__m0,0,False,validation,56.52358358634497,0.0,0.0,True
bike-sharing,regression,catboost,2,GramDistance,representation,gram_distance__pivot_tie_v2__orthogonal_all__m0,0,False,test,57.4262678101204,0.0,0.0,True
bike-sharing,regression,catboost,2,GramDistance,representation,gram_distance__pivot_tie_v2__orthogonal_all__m1,1,False,validation,56.52358358634497,0.0,0.0,True
bike-sharing,regression,catboost,2,GramDistance,representation,gram_distance__pivot_tie_v2__orthogonal_all__m1,1,False,test,57.4262678101204,0.0,0.0,True
bike-sharing,regression,catboost,2,GramDistance,representation,gram_distance__pivot_tie_v2__orthogonal_all__m2,2,False,validation,56.52358358634497,0.0,0.0,True
bike-sharing,regression,catboost,2,GramDistance,representation,gram_distance__pivot_tie_v2__orthogonal_all__m2,2,False,test,57.4262678101204,0.0,0.0,True
bike-sharing,regression,catboost,2,GramDistance,representation,gram_distance__pivot_tie_v2__orthogonal_all__m3,3,False,validation,56.52358358634497,0.0,0.0,True
bike-sharing,regression,catboost,2,GramDistance,representation,gram_distance__pivot_tie_v2__orthogonal_all__m3,3,False,test,57.4262678101204,0.0,0.0,True
bike-sharing,regression,catboost,2,GramDistance,representation,gram_distance__pivot_tie_v2__orthogonal_all__m4,4,False,validation,56.52358358634497,0.0,0.0,True
bike-sharing,regression,catboost,2,GramDistance,representation,gram_distance__pivot_tie_v2__orthogonal_all__m4,4,False,test,57.4262678101204,0.0,0.0,True
bike-sharing,regression,catboost,2,GramDistance,representation,gram_distance__pivot_tie_v2__orthogonal_all__m5,5,False,validation,56.52358358634497,0.0,0.0,True
bike-sharing,regression,catboost,2,GramDistance,representation,gram_distance__pivot_tie_v2__orthogonal_all__m5,5,False,test,57.4262678101204,0.0,0.0,True
bike-sharing,regression,catboost,2,GramDistance,representation,gram_distance__pivot_tie_v2__orthogonal_all__m6,6,False,validation,56.52358358634497,0.0,0.0,True
bike-sharing,regression,catboost,2,GramDistance,representation,gram_distance__pivot_tie_v2__orthogonal_all__m6,6,False,test,57.4262678101204,0.0,0.0,True
bike-sharing,regression,catboost,2,GramDistance,representation,gram_distance__pivot_tie_v2__orthogonal_all__m7,7,False,validation,56.52358358634497,0.0,0.0,True
bike-sharing,regression,catboost,2,GramDistance,representation,gram_distance__pivot_tie_v2__orthogonal_all__m7,7,False,test,57.4262678101204,0.0,0.0,True
bike-sharing,regression,catboost,2,NystromGram,representation,nystrom_gram__nystrom_degeneracy_v3__rbf_reference,-1,True,validation,56.67983904446277,0.0,0.3522063880227506,False
bike-sharing,regression,catboost,2,NystromGram,representation,nystrom_gram__nystrom_degeneracy_v3__rbf_reference,-1,True,test,59.570380858698044,0.0,0.3522063880227506,False
bike-sharing,regression,catboost,2,NystromGram,representation,nystrom_gram__nystrom_degeneracy_v3__orthogonal_all__m0,0,False,validation,56.67983904446277,0.0,0.0,True
bike-sharing,regression,catboost,2,NystromGram,representation,nystrom_gram__nystrom_degeneracy_v3__orthogonal_all__m0,0,False,test,59.570380858698044,0.0,0.0,True
bike-sharing,regression,catboost,2,NystromGram,representation,nystrom_gram__nystrom_degeneracy_v3__orthogonal_all__m1,1,False,validation,56.67983904446277,0.0,0.0,True
bike-sharing,regression,catboost,2,NystromGram,representation,nystrom_gram__nystrom_degeneracy_v3__orthogonal_all__m1,1,False,test,59.570380858698044,0.0,0.0,True
bike-sharing,regression,catboost,2,NystromGram,representation,nystrom_gram__nystrom_degeneracy_v3__orthogonal_all__m2,2,False,validation,56.67983904446277,0.0,0.0,True
bike-sharing,regression,catboost,2,NystromGram,representation,nystrom_gram__nystrom_degeneracy_v3__orthogonal_all__m2,2,False,test,59.570380858698044,0.0,0.0,True
bike-sharing,regression,catboost,2,NystromGram,representation,nystrom_gram__nystrom_degeneracy_v3__orthogonal_all__m3,3,False,validation,56.67983904446277,0.0,0.0,True
bike-sharing,regression,catboost,2,NystromGram,representation,nystrom_gram__nystrom_degeneracy_v3__orthogonal_all__m3,3,False,test,59.570380858698044,0.0,0.0,True
bike-sharing,regression,catboost,2,NystromGram,representation,nystrom_gram__nystrom_degeneracy_v3__orthogonal_all__m4,4,False,validation,56.67983904446277,0.0,0.0,True
bike-sharing,regression,catboost,2,NystromGram,representation,nystrom_gram__nystrom_degeneracy_v3__orthogonal_all__m4,4,False,test,59.570380858698044,0.0,0.0,True
bike-sharing,regression,catboost,2,NystromGram,representation,nystrom_gram__nystrom_degeneracy_v3__orthogonal_all__m5,5,False,validation,56.67983904446277,0.0,0.0,True
bike-sharing,regression,catboost,2,NystromGram,representation,nystrom_gram__nystrom_degeneracy_v3__orthogonal_all__m5,5,False,test,59.570380858698044,0.0,0.0,True
bike-sharing,regression,catboost,2,NystromGram,representation,nystrom_gram__nystrom_degeneracy_v3__orthogonal_all__m6,6,False,validation,56.67983904446277,0.0,0.0,True
bike-sharing,regression,catboost,2,NystromGram,representation,nystrom_gram__nystrom_degeneracy_v3__orthogonal_all__m6,6,False,test,59.570380858698044,0.0,0.0,True
bike-sharing,regression,catboost,2,NystromGram,representation,nystrom_gram__nystrom_degeneracy_v3__orthogonal_all__m7,7,False,validation,56.67983904446277,0.0,0.0,True
bike-sharing,regression,catboost,2,NystromGram,representation,nystrom_gram__nystrom_degeneracy_v3__orthogonal_all__m7,7,False,test,59.570380858698044,0.0,0.0,True
bike-sharing,regression,catboost,2,HybridSpectral-t0.01,representation,hybrid_spectral__pivot_tie_v2__rbf_reference,-1,True,validation,58.55470529588023,0.0,0.3559540829155594,False
bike-sharing,regression,catboost,2,HybridSpectral-t0.01,representation,hybrid_spectral__pivot_tie_v2__rbf_reference,-1,True,test,61.5420476630599,0.0,0.3559540829155594,False
bike-sharing,regression,catboost,2,HybridSpectral-t0.01,representation,hybrid_spectral__pivot_tie_v2__orthogonal_all__m0,0,False,validation,58.55470529588023,0.0,0.0,True
bike-sharing,regression,catboost,2,HybridSpectral-t0.01,representation,hybrid_spectral__pivot_tie_v2__orthogonal_all__m0,0,False,test,61.5420476630599,0.0,0.0,True
bike-sharing,regression,catboost,2,HybridSpectral-t0.01,representation,hybrid_spectral__pivot_tie_v2__orthogonal_all__m1,1,False,validation,58.55470529588023,0.0,0.0,True
bike-sharing,regression,catboost,2,HybridSpectral-t0.01,representation,hybrid_spectral__pivot_tie_v2__orthogonal_all__m1,1,False,test,61.5420476630599,0.0,0.0,True
bike-sharing,regression,catboost,2,HybridSpectral-t0.01,representation,hybrid_spectral__pivot_tie_v2__orthogonal_all__m2,2,False,validation,58.55470529588023,0.0,0.0,True
bike-sharing,regression,catboost,2,HybridSpectral-t0.01,representation,hybrid_spectral__pivot_tie_v2__orthogonal_all__m2,2,False,test,61.5420476630599,0.0,0.0,True
bike-sharing,regression,catboost,2,HybridSpectral-t0.01,representation,hybrid_spectral__pivot_tie_v2__orthogonal_all__m3,3,False,validation,58.55470529588023,0.0,0.0,True
bike-sharing,regression,catboost,2,HybridSpectral-t0.01,representation,hybrid_spectral__pivot_tie_v2__orthogonal_all__m3,3,False,test,61.5420476630599,0.0,0.0,True
bike-sharing,regression,catboost,2,HybridSpectral-t0.01,representation,hybrid_spectral__pivot_tie_v2__orthogonal_all__m4,4,False,validation,58.55470529588023,0.0,0.0,True
bike-sharing,regression,catboost,2,HybridSpectral-t0.01,representation,hybrid_spectral__pivot_tie_v2__orthogonal_all__m4,4,False,test,61.5420476630599,0.0,0.0,True
bike-sharing,regression,catboost,2,HybridSpectral-t0.01,representation,hybrid_spectral__pivot_tie_v2__orthogonal_all__m5,5,False,validation,58.55470529588023,0.0,0.0,True
bike-sharing,regression,catboost,2,HybridSpectral-t0.01,representation,hybrid_spectral__pivot_tie_v2__orthogonal_all__m5,5,False,test,61.5420476630599,0.0,0.0,True
bike-sharing,regression,catboost,2,HybridSpectral-t0.01,representation,hybrid_spectral__pivot_tie_v2__orthogonal_all__m6,6,False,validation,58.55470529588023,0.0,0.0,True
bike-sharing,regression,catboost,2,HybridSpectral-t0.01,representation,hybrid_spectral__pivot_tie_v2__orthogonal_all__m6,6,False,test,61.5420476630599,0.0,0.0,True
bike-sharing,regression,catboost,2,HybridSpectral-t0.01,representation,hybrid_spectral__pivot_tie_v2__orthogonal_all__m7,7,False,validation,58.55470529588023,0.0,0.0,True
bike-sharing,regression,catboost,2,HybridSpectral-t0.01,representation,hybrid_spectral__pivot_tie_v2__orthogonal_all__m7,7,False,test,61.5420476630599,0.0,0.0,True
bike-sharing,regression,catboost,2,HybridSpectral-t0.05,representation,hybrid_spectral__pivot_tie_v2__rbf_reference,-1,True,validation,58.63384404938494,0.0,0.2625971978995949,False
bike-sharing,regression,catboost,2,HybridSpectral-t0.05,representation,hybrid_spectral__pivot_tie_v2__rbf_reference,-1,True,test,60.7765553422506,0.0,0.2625971978995949,False
bike-sharing,regression,catboost,2,HybridSpectral-t0.05,representation,hybrid_spectral__pivot_tie_v2__orthogonal_all__m0,0,False,validation,58.63384404938494,0.0,0.0,True
bike-sharing,regression,catboost,2,HybridSpectral-t0.05,representation,hybrid_spectral__pivot_tie_v2__orthogonal_all__m0,0,False,test,60.7765553422506,0.0,0.0,True
bike-sharing,regression,catboost,2,HybridSpectral-t0.05,representation,hybrid_spectral__pivot_tie_v2__orthogonal_all__m1,1,False,validation,58.63384404938494,0.0,0.0,True
bike-sharing,regression,catboost,2,HybridSpectral-t0.05,representation,hybrid_spectral__pivot_tie_v2__orthogonal_all__m1,1,False,test,60.7765553422506,0.0,0.0,True
bike-sharing,regression,catboost,2,HybridSpectral-t0.05,representation,hybrid_spectral__pivot_tie_v2__orthogonal_all__m2,2,False,validation,58.63384404938494,0.0,0.0,True
bike-sharing,regression,catboost,2,HybridSpectral-t0.05,representation,hybrid_spectral__pivot_tie_v2__orthogonal_all__m2,2,False,test,60.7765553422506,0.0,0.0,True
bike-sharing,regression,catboost,2,HybridSpectral-t0.05,representation,hybrid_spectral__pivot_tie_v2__orthogonal_all__m3,3,False,validation,58.63384404938494,0.0,0.0,True
bike-sharing,regression,catboost,2,HybridSpectral-t0.05,representation,hybrid_spectral__pivot_tie_v2__orthogonal_all__m3,3,False,test,60.7765553422506,0.0,0.0,True
bike-sharing,regression,catboost,2,HybridSpectral-t0.05,representation,hybrid_spectral__pivot_tie_v2__orthogonal_all__m4,4,False,validation,58.63384404938494,0.0,0.0,True
bike-sharing,regression,catboost,2,HybridSpectral-t0.05,representation,hybrid_spectral__pivot_tie_v2__orthogonal_all__m4,4,False,test,60.7765553422506,0.0,0.0,True
bike-sharing,regression,catboost,2,HybridSpectral-t0.05,representation,hybrid_spectral__pivot_tie_v2__orthogonal_all__m5,5,False,validation,58.63384404938494,0.0,0.0,True
bike-sharing,regression,catboost,2,HybridSpectral-t0.05,representation,hybrid_spectral__pivot_tie_v2__orthogonal_all__m5,5,False,test,60.7765553422506,0.0,0.0,True
bike-sharing,regression,catboost,2,HybridSpectral-t0.05,representation,hybrid_spectral__pivot_tie_v2__orthogonal_all__m6,6,False,validation,58.63384404938494,0.0,0.0,True
bike-sharing,regression,catboost,2,HybridSpectral-t0.05,representation,hybrid_spectral__pivot_tie_v2__orthogonal_all__m6,6,False,test,60.7765553422506,0.0,0.0,True
bike-sharing,regression,catboost,2,HybridSpectral-t0.05,representation,hybrid_spectral__pivot_tie_v2__orthogonal_all__m7,7,False,validation,58.63384404938494,0.0,0.0,True
bike-sharing,regression,catboost,2,HybridSpectral-t0.05,representation,hybrid_spectral__pivot_tie_v2__orthogonal_all__m7,7,False,test,60.7765553422506,0.0,0.0,True
bike-sharing,regression,catboost,2,HybridSpectral-t0.10,representation,hybrid_spectral__pivot_tie_v2__rbf_reference,-1,True,validation,58.63384404938494,0.0,0.2999483309686184,False
bike-sharing,regression,catboost,2,HybridSpectral-t0.10,representation,hybrid_spectral__pivot_tie_v2__rbf_reference,-1,True,test,60.7765553422506,0.0,0.2999483309686184,False
bike-sharing,regression,catboost,2,HybridSpectral-t0.10,representation,hybrid_spectral__pivot_tie_v2__orthogonal_all__m0,0,False,validation,58.63384404938494,0.0,0.0,True
bike-sharing,regression,catboost,2,HybridSpectral-t0.10,representation,hybrid_spectral__pivot_tie_v2__orthogonal_all__m0,0,False,test,60.7765553422506,0.0,0.0,True
bike-sharing,regression,catboost,2,HybridSpectral-t0.10,representation,hybrid_spectral__pivot_tie_v2__orthogonal_all__m1,1,False,validation,58.63384404938494,0.0,0.0,True
bike-sharing,regression,catboost,2,HybridSpectral-t0.10,representation,hybrid_spectral__pivot_tie_v2__orthogonal_all__m1,1,False,test,60.7765553422506,0.0,0.0,True
bike-sharing,regression,catboost,2,HybridSpectral-t0.10,representation,hybrid_spectral__pivot_tie_v2__orthogonal_all__m2,2,False,validation,58.63384404938494,0.0,0.0,True
bike-sharing,regression,catboost,2,HybridSpectral-t0.10,representation,hybrid_spectral__pivot_tie_v2__orthogonal_all__m2,2,False,test,60.7765553422506,0.0,0.0,True
bike-sharing,regression,catboost,2,HybridSpectral-t0.10,representation,hybrid_spectral__pivot_tie_v2__orthogonal_all__m3,3,False,validation,58.63384404938494,0.0,0.0,True
bike-sharing,regression,catboost,2,HybridSpectral-t0.10,representation,hybrid_spectral__pivot_tie_v2__orthogonal_all__m3,3,False,test,60.7765553422506,0.0,0.0,True
bike-sharing,regression,catboost,2,HybridSpectral-t0.10,representation,hybrid_spectral__pivot_tie_v2__orthogonal_all__m4,4,False,validation,58.63384404938494,0.0,0.0,True
bike-sharing,regression,catboost,2,HybridSpectral-t0.10,representation,hybrid_spectral__pivot_tie_v2__orthogonal_all__m4,4,False,test,60.7765553422506,0.0,0.0,True
bike-sharing,regression,catboost,2,HybridSpectral-t0.10,representation,hybrid_spectral__pivot_tie_v2__orthogonal_all__m5,5,False,validation,58.63384404938494,0.0,0.0,True
bike-sharing,regression,catboost,2,HybridSpectral-t0.10,representation,hybrid_spectral__pivot_tie_v2__orthogonal_all__m5,5,False,test,60.7765553422506,0.0,0.0,True
bike-sharing,regression,catboost,2,HybridSpectral-t0.10,representation,hybrid_spectral__pivot_tie_v2__orthogonal_all__m6,6,False,validation,58.63384404938494,0.0,0.0,True
bike-sharing,regression,catboost,2,HybridSpectral-t0.10,representation,hybrid_spectral__pivot_tie_v2__orthogonal_all__m6,6,False,test,60.7765553422506,0.0,0.0,True
bike-sharing,regression,catboost,2,HybridSpectral-t0.10,representation,hybrid_spectral__pivot_tie_v2__orthogonal_all__m7,7,False,validation,58.63384404938494,0.0,0.0,True
bike-sharing,regression,catboost,2,HybridSpectral-t0.10,representation,hybrid_spectral__pivot_tie_v2__orthogonal_all__m7,7,False,test,60.7765553422506,0.0,0.0,True
bike-sharing,regression,catboost,2,Raw+PCA@0.25,hybrid_prediction_mixture,rbf_reference,-1,True,validation,57.6380891665894,0.0,0.0,False
bike-sharing,regression,catboost,2,Raw+PCA@0.25,hybrid_prediction_mixture,rbf_reference,-1,True,test,59.30397752123917,0.0,0.0,False
bike-sharing,regression,catboost,2,Raw+PCA@0.25,hybrid_prediction_mixture,orthogonal_all__m0,0,False,validation,57.25043596439634,0.07755116616415143,0.0,True
bike-sharing,regression,catboost,2,Raw+PCA@0.25,hybrid_prediction_mixture,orthogonal_all__m0,0,False,test,59.9522294411819,0.07467897557794109,0.0,True
bike-sharing,regression,catboost,2,Raw+PCA@0.25,hybrid_prediction_mixture,orthogonal_all__m1,1,False,validation,57.649425371928814,0.07111581837041481,0.0,True
bike-sharing,regression,catboost,2,Raw+PCA@0.25,hybrid_prediction_mixture,orthogonal_all__m1,1,False,test,60.212288013301276,0.06736985732136205,0.0,True
bike-sharing,regression,catboost,2,Raw+PCA@0.25,hybrid_prediction_mixture,orthogonal_all__m2,2,False,validation,56.679326980198184,0.0765511395096212,0.0,True
bike-sharing,regression,catboost,2,Raw+PCA@0.25,hybrid_prediction_mixture,orthogonal_all__m2,2,False,test,60.26815631676153,0.06738546507745985,0.0,True
bike-sharing,regression,catboost,2,Raw+PCA@0.25,hybrid_prediction_mixture,orthogonal_all__m3,3,False,validation,57.92934600281288,0.06797491207757701,0.0,True
bike-sharing,regression,catboost,2,Raw+PCA@0.25,hybrid_prediction_mixture,orthogonal_all__m3,3,False,test,60.22916177762762,0.06495557620740858,0.0,True
bike-sharing,regression,catboost,2,Raw+PCA@0.25,hybrid_prediction_mixture,orthogonal_all__m4,4,False,validation,58.11543421956054,0.0707814575607889,0.0,True
bike-sharing,regression,catboost,2,Raw+PCA@0.25,hybrid_prediction_mixture,orthogonal_all__m4,4,False,test,59.07713105869626,0.07044631009424739,0.0,True
bike-sharing,regression,catboost,2,Raw+PCA@0.25,hybrid_prediction_mixture,orthogonal_all__m5,5,False,validation,56.33590175911157,0.06295324431490763,0.0,True
bike-sharing,regression,catboost,2,Raw+PCA@0.25,hybrid_prediction_mixture,orthogonal_all__m5,5,False,test,58.801374665633,0.06372861473806872,0.0,True
bike-sharing,regression,catboost,2,Raw+PCA@0.25,hybrid_prediction_mixture,orthogonal_all__m6,6,False,validation,57.39199123777748,0.07276864838355365,0.0,True
bike-sharing,regression,catboost,2,Raw+PCA@0.25,hybrid_prediction_mixture,orthogonal_all__m6,6,False,test,59.56934830903333,0.06452261691231685,0.0,True
bike-sharing,regression,catboost,2,Raw+PCA@0.25,hybrid_prediction_mixture,orthogonal_all__m7,7,False,validation,58.58216293232418,0.0651660322167659,0.0,True
bike-sharing,regression,catboost,2,Raw+PCA@0.25,hybrid_prediction_mixture,orthogonal_all__m7,7,False,test,59.695066788205615,0.07315470900339816,0.0,True
bike-sharing,regression,catboost,2,Raw+PCA@0.5,hybrid_prediction_mixture,rbf_reference,-1,True,validation,57.722594467438554,0.0,0.0,False
bike-sharing,regression,catboost,2,Raw+PCA@0.5,hybrid_prediction_mixture,rbf_reference,-1,True,test,59.46726391306993,0.0,0.0,False
bike-sharing,regression,catboost,2,Raw+PCA@0.5,hybrid_prediction_mixture,orthogonal_all__m0,0,False,validation,57.5338037385344,0.051700777442767624,0.0,True
bike-sharing,regression,catboost,2,Raw+PCA@0.5,hybrid_prediction_mixture,orthogonal_all__m0,0,False,test,60.03650631186264,0.04978598371862738,0.0,True
bike-sharing,regression,catboost,2,Raw+PCA@0.5,hybrid_prediction_mixture,orthogonal_all__m1,1,False,validation,57.767297666562065,0.04741054558027655,0.0,True
bike-sharing,regression,catboost,2,Raw+PCA@0.5,hybrid_prediction_mixture,orthogonal_all__m1,1,False,test,60.15124317630206,0.044913238214241355,0.0,True
bike-sharing,regression,catboost,2,Raw+PCA@0.5,hybrid_prediction_mixture,orthogonal_all__m2,2,False,validation,57.16874344317236,0.051034093006414136,0.0,True
bike-sharing,regression,catboost,2,Raw+PCA@0.5,hybrid_prediction_mixture,orthogonal_all__m2,2,False,test,60.25242497049458,0.04492364338497324,0.0,True
bike-sharing,regression,catboost,2,Raw+PCA@0.5,hybrid_prediction_mixture,orthogonal_all__m3,3,False,validation,57.99926282560733,0.045316608051718006,0.0,True
bike-sharing,regression,catboost,2,Raw+PCA@0.5,hybrid_prediction_mixture,orthogonal_all__m3,3,False,test,60.16698720098944,0.043303717471605704,0.0,True
bike-sharing,regression,catboost,2,Raw+PCA@0.5,hybrid_prediction_mixture,orthogonal_all__m4,4,False,validation,58.130736581952576,0.04718763837385927,0.0,True
bike-sharing,regression,catboost,2,Raw+PCA@0.5,hybrid_prediction_mixture,orthogonal_all__m4,4,False,test,59.43078357731316,0.04696420672949825,0.0,True
bike-sharing,regression,catboost,2,Raw+PCA@0.5,hybrid_prediction_mixture,orthogonal_all__m5,5,False,validation,56.9046182089242,0.041968829543271746,0.0,True
bike-sharing,regression,catboost,2,Raw+PCA@0.5,hybrid_prediction_mixture,orthogonal_all__m5,5,False,test,59.24953252138383,0.04248574315871247,0.0,True
bike-sharing,regression,catboost,2,Raw+PCA@0.5,hybrid_prediction_mixture,orthogonal_all__m6,6,False,validation,57.55965752440521,0.048512432255702446,0.0,True
bike-sharing,regression,catboost,2,Raw+PCA@0.5,hybrid_prediction_mixture,orthogonal_all__m6,6,False,test,59.736382172877896,0.04301507794154457,0.0,True
bike-sharing,regression,catboost,2,Raw+PCA@0.5,hybrid_prediction_mixture,orthogonal_all__m7,7,False,validation,58.43578584859192,0.04344402147784394,0.0,True
bike-sharing,regression,catboost,2,Raw+PCA@0.5,hybrid_prediction_mixture,orthogonal_all__m7,7,False,test,59.810364033615315,0.04876980600226543,0.0,True
bike-sharing,regression,catboost,2,Raw+PCA@0.75,hybrid_prediction_mixture,rbf_reference,-1,True,validation,58.25281630228395,0.0,0.0,False
bike-sharing,regression,catboost,2,Raw+PCA@0.75,hybrid_prediction_mixture,rbf_reference,-1,True,test,60.0602467965846,0.0,0.0,False
bike-sharing,regression,catboost,2,Raw+PCA@0.75,hybrid_prediction_mixture,orthogonal_all__m0,0,False,validation,58.19344381119653,0.025850388721383826,0.0,True
bike-sharing,regression,catboost,2,Raw+PCA@0.75,hybrid_prediction_mixture,orthogonal_all__m0,0,False,test,60.411013094066206,0.02489299185931369,0.0,True
bike-sharing,regression,catboost,2,Raw+PCA@0.75,hybrid_prediction_mixture,orthogonal_all__m1,1,False,validation,58.293376414590746,0.023705272790138263,0.0,True
bike-sharing,regression,catboost,2,Raw+PCA@0.75,hybrid_prediction_mixture,orthogonal_all__m1,1,False,test,60.43892673017559,0.022456619107120688,0.0,True
bike-sharing,regression,catboost,2,Raw+PCA@0.75,hybrid_prediction_mixture,orthogonal_all__m2,2,False,validation,58.01975807644349,0.025517046503207075,0.0,True
bike-sharing,regression,catboost,2,Raw+PCA@0.75,hybrid_prediction_mixture,orthogonal_all__m2,2,False,test,60.521094207923625,0.022461821692486613,0.0,True
bike-sharing,regression,catboost,2,Raw+PCA@0.75,hybrid_prediction_mixture,orthogonal_all__m3,3,False,validation,58.431046954764106,0.022658304025859013,0.0,True
bike-sharing,regression,catboost,2,Raw+PCA@0.75,hybrid_prediction_mixture,orthogonal_all__m3,3,False,test,60.44899274544312,0.021651858735802863,0.0,True
bike-sharing,regression,catboost,2,Raw+PCA@0.75,hybrid_prediction_mixture,orthogonal_all__m4,4,False,validation,58.50006074132041,0.02359381918692964,0.0,True
bike-sharing,regression,catboost,2,Raw+PCA@0.75,hybrid_prediction_mixture,orthogonal_all__m4,4,False,test,60.09864598983186,0.023482103364749117,0.0,True
bike-sharing,regression,catboost,2,Raw+PCA@0.75,hybrid_prediction_mixture,orthogonal_all__m5,5,False,validation,57.87141004433748,0.020984414771635877,0.0,True
bike-sharing,regression,catboost,2,Raw+PCA@0.75,hybrid_prediction_mixture,orthogonal_all__m5,5,False,test,60.00976227014757,0.02124287157935623,0.0,True
bike-sharing,regression,catboost,2,Raw+PCA@0.75,hybrid_prediction_mixture,orthogonal_all__m6,6,False,validation,58.17252866203213,0.024256216127851234,0.0,True
bike-sharing,regression,catboost,2,Raw+PCA@0.75,hybrid_prediction_mixture,orthogonal_all__m6,6,False,test,60.23950492566847,0.021507538970772285,0.0,True
bike-sharing,regression,catboost,2,Raw+PCA@0.75,hybrid_prediction_mixture,orthogonal_all__m7,7,False,validation,58.64861691310271,0.021722010738921972,0.0,True
bike-sharing,regression,catboost,2,Raw+PCA@0.75,hybrid_prediction_mixture,orthogonal_all__m7,7,False,test,60.27142217328732,0.02438490300113272,0.0,True
bike-sharing,regression,catboost,2,Raw+PCA@1,hybrid_prediction_mixture,rbf_reference,-1,True,validation,59.216783162052316,0.0,0.0,False
bike-sharing,regression,catboost,2,Raw+PCA@1,hybrid_prediction_mixture,rbf_reference,-1,True,test,61.07041062347187,0.0,0.0,False
bike-sharing,regression,catboost,2,Raw+PCA@1,hybrid_prediction_mixture,orthogonal_all__m0,0,False,validation,59.216783162052316,0.0,0.0,True
bike-sharing,regression,catboost,2,Raw+PCA@1,hybrid_prediction_mixture,orthogonal_all__m0,0,False,test,61.07041062347187,0.0,0.0,True
bike-sharing,regression,catboost,2,Raw+PCA@1,hybrid_prediction_mixture,orthogonal_all__m1,1,False,validation,59.216783162052316,0.0,0.0,True
bike-sharing,regression,catboost,2,Raw+PCA@1,hybrid_prediction_mixture,orthogonal_all__m1,1,False,test,61.07041062347187,0.0,0.0,True
bike-sharing,regression,catboost,2,Raw+PCA@1,hybrid_prediction_mixture,orthogonal_all__m2,2,False,validation,59.216783162052316,0.0,0.0,True
bike-sharing,regression,catboost,2,Raw+PCA@1,hybrid_prediction_mixture,orthogonal_all__m2,2,False,test,61.07041062347187,0.0,0.0,True
bike-sharing,regression,catboost,2,Raw+PCA@1,hybrid_prediction_mixture,orthogonal_all__m3,3,False,validation,59.216783162052316,0.0,0.0,True
bike-sharing,regression,catboost,2,Raw+PCA@1,hybrid_prediction_mixture,orthogonal_all__m3,3,False,test,61.07041062347187,0.0,0.0,True
bike-sharing,regression,catboost,2,Raw+PCA@1,hybrid_prediction_mixture,orthogonal_all__m4,4,False,validation,59.216783162052316,0.0,0.0,True
bike-sharing,regression,catboost,2,Raw+PCA@1,hybrid_prediction_mixture,orthogonal_all__m4,4,False,test,61.07041062347187,0.0,0.0,True
bike-sharing,regression,catboost,2,Raw+PCA@1,hybrid_prediction_mixture,orthogonal_all__m5,5,False,validation,59.216783162052316,0.0,0.0,True
bike-sharing,regression,catboost,2,Raw+PCA@1,hybrid_prediction_mixture,orthogonal_all__m5,5,False,test,61.07041062347187,0.0,0.0,True
bike-sharing,regression,catboost,2,Raw+PCA@1,hybrid_prediction_mixture,orthogonal_all__m6,6,False,validation,59.216783162052316,0.0,0.0,True
bike-sharing,regression,catboost,2,Raw+PCA@1,hybrid_prediction_mixture,orthogonal_all__m6,6,False,test,61.07041062347187,0.0,0.0,True
bike-sharing,regression,catboost,2,Raw+PCA@1,hybrid_prediction_mixture,orthogonal_all__m7,7,False,validation,59.216783162052316,0.0,0.0,True
bike-sharing,regression,catboost,2,Raw+PCA@1,hybrid_prediction_mixture,orthogonal_all__m7,7,False,test,61.07041062347187,0.0,0.0,True
bike-sharing,regression,catboost,2,Raw+GramAnchor@0.25,hybrid_prediction_mixture,rbf_reference,-1,True,validation,57.2766757895375,0.0,0.0,False
bike-sharing,regression,catboost,2,Raw+GramAnchor@0.25,hybrid_prediction_mixture,rbf_reference,-1,True,test,58.894183880900115,0.0,0.0,False
bike-sharing,regression,catboost,2,Raw+GramAnchor@0.25,hybrid_prediction_mixture,orthogonal_all__m0,0,False,validation,56.691317147571,0.07755116616415145,0.0,True
bike-sharing,regression,catboost,2,Raw+GramAnchor@0.25,hybrid_prediction_mixture,orthogonal_all__m0,0,False,test,59.2768507448796,0.07467897557794108,0.0,True
bike-sharing,regression,catboost,2,Raw+GramAnchor@0.25,hybrid_prediction_mixture,orthogonal_all__m1,1,False,validation,57.158522511760005,0.07111581837041481,0.0,True
bike-sharing,regression,catboost,2,Raw+GramAnchor@0.25,hybrid_prediction_mixture,orthogonal_all__m1,1,False,test,59.679328971482214,0.06736985732136204,0.0,True
bike-sharing,regression,catboost,2,Raw+GramAnchor@0.25,hybrid_prediction_mixture,orthogonal_all__m2,2,False,validation,56.14232782202806,0.0765511395096212,0.0,True
bike-sharing,regression,catboost,2,Raw+GramAnchor@0.25,hybrid_prediction_mixture,orthogonal_all__m2,2,False,test,59.6404693584886,0.06738546507745985,0.0,True
bike-sharing,regression,catboost,2,Raw+GramAnchor@0.25,hybrid_prediction_mixture,orthogonal_all__m3,3,False,validation,57.43517755570592,0.067974912077577,0.0,True
bike-sharing,regression,catboost,2,Raw+GramAnchor@0.25,hybrid_prediction_mixture,orthogonal_all__m3,3,False,test,59.639395073242916,0.06495557620740856,0.0,True
bike-sharing,regression,catboost,2,Raw+GramAnchor@0.25,hybrid_prediction_mixture,orthogonal_all__m4,4,False,validation,57.6265605050717,0.07078145756078891,0.0,True
bike-sharing,regression,catboost,2,Raw+GramAnchor@0.25,hybrid_prediction_mixture,orthogonal_all__m4,4,False,test,58.49867496477666,0.07044631009424737,0.0,True
bike-sharing,regression,catboost,2,Raw+GramAnchor@0.25,hybrid_prediction_mixture,orthogonal_all__m5,5,False,validation,55.86877724010426,0.06295324431490763,0.0,True
bike-sharing,regression,catboost,2,Raw+GramAnchor@0.25,hybrid_prediction_mixture,orthogonal_all__m5,5,False,test,58.190431954441095,0.0637286147380687,0.0,True
bike-sharing,regression,catboost,2,Raw+GramAnchor@0.25,hybrid_prediction_mixture,orthogonal_all__m6,6,False,validation,56.9688554067167,0.07276864838355365,0.0,True
bike-sharing,regression,catboost,2,Raw+GramAnchor@0.25,hybrid_prediction_mixture,orthogonal_all__m6,6,False,test,58.970249230837396,0.06452261691231685,0.0,True
bike-sharing,regression,catboost,2,Raw+GramAnchor@0.25,hybrid_prediction_mixture,orthogonal_all__m7,7,False,validation,58.0483429604627,0.0651660322167659,0.0,True
bike-sharing,regression,catboost,2,Raw+GramAnchor@0.25,hybrid_prediction_mixture,orthogonal_all__m7,7,False,test,59.05067110254129,0.07315470900339816,0.0,True
bike-sharing,regression,catboost,2,Raw+GramAnchor@0.5,hybrid_prediction_mixture,rbf_reference,-1,True,validation,56.760671891815264,0.0,0.0,False
bike-sharing,regression,catboost,2,Raw+GramAnchor@0.5,hybrid_prediction_mixture,rbf_reference,-1,True,test,58.42994569858803,0.0,0.0,False
bike-sharing,regression,catboost,2,Raw+GramAnchor@0.5,hybrid_prediction_mixture,orthogonal_all__m0,0,False,validation,56.306727315369734,0.05170077744276764,0.0,True
bike-sharing,regression,catboost,2,Raw+GramAnchor@0.5,hybrid_prediction_mixture,orthogonal_all__m0,0,False,test,58.6455562338205,0.049785983718627365,0.0,True
bike-sharing,regression,catboost,2,Raw+GramAnchor@0.5,hybrid_prediction_mixture,orthogonal_all__m1,1,False,validation,56.63184809782154,0.047410545580276534,0.0,True
bike-sharing,regression,catboost,2,Raw+GramAnchor@0.5,hybrid_prediction_mixture,orthogonal_all__m1,1,False,test,58.95134584890508,0.04491323821424136,0.0,True
bike-sharing,regression,catboost,2,Raw+GramAnchor@0.5,hybrid_prediction_mixture,orthogonal_all__m2,2,False,validation,55.97085540345279,0.051034093006414115,0.0,True
bike-sharing,regression,catboost,2,Raw+GramAnchor@0.5,hybrid_prediction_mixture,orthogonal_all__m2,2,False,test,58.926113263027034,0.044923643384973226,0.0,True
bike-sharing,regression,catboost,2,Raw+GramAnchor@0.5,hybrid_prediction_mixture,orthogonal_all__m3,3,False,validation,56.8608249819579,0.045316608051718006,0.0,True
bike-sharing,regression,catboost,2,Raw+GramAnchor@0.5,hybrid_prediction_mixture,orthogonal_all__m3,3,False,test,58.890513559961704,0.043303717471605704,0.0,True
bike-sharing,regression,catboost,2,Raw+GramAnchor@0.5,hybrid_prediction_mixture,orthogonal_all__m4,4,False,validation,56.999910961699634,0.04718763837385928,0.0,True
bike-sharing,regression,catboost,2,Raw+GramAnchor@0.5,hybrid_prediction_mixture,orthogonal_all__m4,4,False,test,58.168894879028294,0.046964206729498234,0.0,True
bike-sharing,regression,catboost,2,Raw+GramAnchor@0.5,hybrid_prediction_mixture,orthogonal_all__m5,5,False,validation,55.79876734437856,0.04196882954327175,0.0,True
bike-sharing,regression,catboost,2,Raw+GramAnchor@0.5,hybrid_prediction_mixture,orthogonal_all__m5,5,False,test,57.943871681659616,0.042485743158712466,0.0,True
bike-sharing,regression,catboost,2,Raw+GramAnchor@0.5,hybrid_prediction_mixture,orthogonal_all__m6,6,False,validation,56.514118157073575,0.04851243225570244,0.0,True
bike-sharing,regression,catboost,2,Raw+GramAnchor@0.5,hybrid_prediction_mixture,orthogonal_all__m6,6,False,test,58.446827291473895,0.043015077941544556,0.0,True
bike-sharing,regression,catboost,2,Raw+GramAnchor@0.5,hybrid_prediction_mixture,orthogonal_all__m7,7,False,validation,57.24491024684922,0.04344402147784394,0.0,True
bike-sharing,regression,catboost,2,Raw+GramAnchor@0.5,hybrid_prediction_mixture,orthogonal_all__m7,7,False,test,58.45972580394879,0.04876980600226543,0.0,True
bike-sharing,regression,catboost,2,Raw+GramAnchor@0.75,hybrid_prediction_mixture,rbf_reference,-1,True,validation,56.458955814372054,0.0,0.0,False
bike-sharing,regression,catboost,2,Raw+GramAnchor@0.75,hybrid_prediction_mixture,rbf_reference,-1,True,test,58.186364733444705,0.0,0.0,False
bike-sharing,regression,catboost,2,Raw+GramAnchor@0.75,hybrid_prediction_mixture,orthogonal_all__m0,0,False,validation,56.200753929083696,0.025850388721383812,0.0,True
bike-sharing,regression,catboost,2,Raw+GramAnchor@0.75,hybrid_prediction_mixture,orthogonal_all__m0,0,False,test,58.27368507983022,0.024892991859313682,0.0,True
bike-sharing,regression,catboost,2,Raw+GramAnchor@0.75,hybrid_prediction_mixture,orthogonal_all__m1,1,False,validation,56.36943322053582,0.023705272790138256,0.0,True
bike-sharing,regression,catboost,2,Raw+GramAnchor@0.75,hybrid_prediction_mixture,orthogonal_all__m1,1,False,test,58.44504421637781,0.02245661910712067,0.0,True
bike-sharing,regression,catboost,2,Raw+GramAnchor@0.75,hybrid_prediction_mixture,orthogonal_all__m2,2,False,validation,56.04874674222762,0.025517046503207057,0.0,True
bike-sharing,regression,catboost,2,Raw+GramAnchor@0.75,hybrid_prediction_mixture,orthogonal_all__m2,2,False,test,58.43281966560193,0.022461821692486613,0.0,True
bike-sharing,regression,catboost,2,Raw+GramAnchor@0.75,hybrid_prediction_mixture,orthogonal_all__m3,3,False,validation,56.506040018295366,0.022658304025859,0.0,True
bike-sharing,regression,catboost,2,Raw+GramAnchor@0.75,hybrid_prediction_mixture,orthogonal_all__m3,3,False,test,58.39728495978662,0.021651858735802852,0.0,True
bike-sharing,regression,catboost,2,Raw+GramAnchor@0.75,hybrid_prediction_mixture,orthogonal_all__m4,4,False,validation,56.58116917873203,0.023593819186929644,0.0,True
bike-sharing,regression,catboost,2,Raw+GramAnchor@0.75,hybrid_prediction_mixture,orthogonal_all__m4,4,False,test,58.057656332205816,0.023482103364749117,0.0,True
bike-sharing,regression,catboost,2,Raw+GramAnchor@0.75,hybrid_prediction_mixture,orthogonal_all__m5,5,False,validation,55.96821742372597,0.020984414771635884,0.0,True
bike-sharing,regression,catboost,2,Raw+GramAnchor@0.75,hybrid_prediction_mixture,orthogonal_all__m5,5,False,test,57.93576552238774,0.021242871579356223,0.0,True
bike-sharing,regression,catboost,2,Raw+GramAnchor@0.75,hybrid_prediction_mixture,orthogonal_all__m6,6,False,validation,56.31525314536652,0.024256216127851223,0.0,True
bike-sharing,regression,catboost,2,Raw+GramAnchor@0.75,hybrid_prediction_mixture,orthogonal_all__m6,6,False,test,58.17763866420633,0.021507538970772278,0.0,True
bike-sharing,regression,catboost,2,Raw+GramAnchor@0.75,hybrid_prediction_mixture,orthogonal_all__m7,7,False,validation,56.68470155362464,0.02172201073892197,0.0,True
bike-sharing,regression,catboost,2,Raw+GramAnchor@0.75,hybrid_prediction_mixture,orthogonal_all__m7,7,False,test,58.16340550614259,0.02438490300113271,0.0,True
bike-sharing,regression,catboost,2,Raw+GramAnchor@1,hybrid_prediction_mixture,rbf_reference,-1,True,validation,56.37496823605772,0.0,0.0,False
bike-sharing,regression,catboost,2,Raw+GramAnchor@1,hybrid_prediction_mixture,rbf_reference,-1,True,test,58.16621317103092,0.0,0.0,False
bike-sharing,regression,catboost,2,Raw+GramAnchor@1,hybrid_prediction_mixture,orthogonal_all__m0,0,False,validation,56.37496823605772,0.0,0.0,True
bike-sharing,regression,catboost,2,Raw+GramAnchor@1,hybrid_prediction_mixture,orthogonal_all__m0,0,False,test,58.16621317103092,0.0,0.0,True
bike-sharing,regression,catboost,2,Raw+GramAnchor@1,hybrid_prediction_mixture,orthogonal_all__m1,1,False,validation,56.37496823605772,0.0,0.0,True
bike-sharing,regression,catboost,2,Raw+GramAnchor@1,hybrid_prediction_mixture,orthogonal_all__m1,1,False,test,58.16621317103092,0.0,0.0,True
bike-sharing,regression,catboost,2,Raw+GramAnchor@1,hybrid_prediction_mixture,orthogonal_all__m2,2,False,validation,56.37496823605772,0.0,0.0,True
bike-sharing,regression,catboost,2,Raw+GramAnchor@1,hybrid_prediction_mixture,orthogonal_all__m2,2,False,test,58.16621317103092,0.0,0.0,True
bike-sharing,regression,catboost,2,Raw+GramAnchor@1,hybrid_prediction_mixture,orthogonal_all__m3,3,False,validation,56.37496823605772,0.0,0.0,True
bike-sharing,regression,catboost,2,Raw+GramAnchor@1,hybrid_prediction_mixture,orthogonal_all__m3,3,False,test,58.16621317103092,0.0,0.0,True
bike-sharing,regression,catboost,2,Raw+GramAnchor@1,hybrid_prediction_mixture,orthogonal_all__m4,4,False,validation,56.37496823605772,0.0,0.0,True
bike-sharing,regression,catboost,2,Raw+GramAnchor@1,hybrid_prediction_mixture,orthogonal_all__m4,4,False,test,58.16621317103092,0.0,0.0,True
bike-sharing,regression,catboost,2,Raw+GramAnchor@1,hybrid_prediction_mixture,orthogonal_all__m5,5,False,validation,56.37496823605772,0.0,0.0,True
bike-sharing,regression,catboost,2,Raw+GramAnchor@1,hybrid_prediction_mixture,orthogonal_all__m5,5,False,test,58.16621317103092,0.0,0.0,True
bike-sharing,regression,catboost,2,Raw+GramAnchor@1,hybrid_prediction_mixture,orthogonal_all__m6,6,False,validation,56.37496823605772,0.0,0.0,True
bike-sharing,regression,catboost,2,Raw+GramAnchor@1,hybrid_prediction_mixture,orthogonal_all__m6,6,False,test,58.16621317103092,0.0,0.0,True
bike-sharing,regression,catboost,2,Raw+GramAnchor@1,hybrid_prediction_mixture,orthogonal_all__m7,7,False,validation,56.37496823605772,0.0,0.0,True
bike-sharing,regression,catboost,2,Raw+GramAnchor@1,hybrid_prediction_mixture,orthogonal_all__m7,7,False,test,58.16621317103092,0.0,0.0,True
bike-sharing,regression,catboost,2,Raw+GramAnchor-m8@0.25,hybrid_prediction_mixture,rbf_reference,-1,True,validation,57.577590109519505,0.0,0.0,False
bike-sharing,regression,catboost,2,Raw+GramAnchor-m8@0.25,hybrid_prediction_mixture,rbf_reference,-1,True,test,59.16944565432764,0.0,0.0,False
bike-sharing,regression,catboost,2,Raw+GramAnchor-m8@0.25,hybrid_prediction_mixture,orthogonal_all__m0,0,False,validation,56.875055299285535,0.07755116616415145,0.0,True
bike-sharing,regression,catboost,2,Raw+GramAnchor-m8@0.25,hybrid_prediction_mixture,orthogonal_all__m0,0,False,test,59.502649579909374,0.07467897557794108,0.0,True
bike-sharing,regression,catboost,2,Raw+GramAnchor-m8@0.25,hybrid_prediction_mixture,orthogonal_all__m1,1,False,validation,57.44588350843402,0.0711158183704148,0.0,True
bike-sharing,regression,catboost,2,Raw+GramAnchor-m8@0.25,hybrid_prediction_mixture,orthogonal_all__m1,1,False,test,59.875559680270776,0.06736985732136205,0.0,True
bike-sharing,regression,catboost,2,Raw+GramAnchor-m8@0.25,hybrid_prediction_mixture,orthogonal_all__m2,2,False,validation,56.3046117704394,0.0765511395096212,0.0,True
bike-sharing,regression,catboost,2,Raw+GramAnchor-m8@0.25,hybrid_prediction_mixture,orthogonal_all__m2,2,False,test,59.81008320304775,0.06738546507745985,0.0,True
bike-sharing,regression,catboost,2,Raw+GramAnchor-m8@0.25,hybrid_prediction_mixture,orthogonal_all__m3,3,False,validation,57.73029420327722,0.06797491207757701,0.0,True
bike-sharing,regression,catboost,2,Raw+GramAnchor-m8@0.25,hybrid_prediction_mixture,orthogonal_all__m3,3,False,test,59.93349872742021,0.06495557620740858,0.0,True
bike-sharing,regression,catboost,2,Raw+GramAnchor-m8@0.25,hybrid_prediction_mixture,orthogonal_all__m4,4,False,validation,57.832202025668636,0.0707814575607889,0.0,True
bike-sharing,regression,catboost,2,Raw+GramAnchor-m8@0.25,hybrid_prediction_mixture,orthogonal_all__m4,4,False,test,58.746304448141224,0.07044631009424739,0.0,True
bike-sharing,regression,catboost,2,Raw+GramAnchor-m8@0.25,hybrid_prediction_mixture,orthogonal_all__m5,5,False,validation,56.122099552118044,0.06295324431490763,0.0,True
bike-sharing,regression,catboost,2,Raw+GramAnchor-m8@0.25,hybrid_prediction_mixture,orthogonal_all__m5,5,False,test,58.44497615392955,0.0637286147380687,0.0,True
bike-sharing,regression,catboost,2,Raw+GramAnchor-m8@0.25,hybrid_prediction_mixture,orthogonal_all__m6,6,False,validation,57.15073898458747,0.07276864838355367,0.0,True
bike-sharing,regression,catboost,2,Raw+GramAnchor-m8@0.25,hybrid_prediction_mixture,orthogonal_all__m6,6,False,test,59.20492534659437,0.06452261691231685,0.0,True
bike-sharing,regression,catboost,2,Raw+GramAnchor-m8@0.25,hybrid_prediction_mixture,orthogonal_all__m7,7,False,validation,58.34361328670425,0.0651660322167659,0.0,True
bike-sharing,regression,catboost,2,Raw+GramAnchor-m8@0.25,hybrid_prediction_mixture,orthogonal_all__m7,7,False,test,59.34191935841114,0.07315470900339816,0.0,True
bike-sharing,regression,catboost,2,Raw+GramAnchor-m8@0.5,hybrid_prediction_mixture,rbf_reference,-1,True,validation,57.313855076450416,0.0,0.0,False
bike-sharing,regression,catboost,2,Raw+GramAnchor-m8@0.5,hybrid_prediction_mixture,rbf_reference,-1,True,test,58.94134139748252,0.0,0.0,False
bike-sharing,regression,catboost,2,Raw+GramAnchor-m8@0.5,hybrid_prediction_mixture,orthogonal_all__m0,0,False,validation,56.70354392641733,0.051700777442767645,0.0,True
bike-sharing,regression,catboost,2,Raw+GramAnchor-m8@0.5,hybrid_prediction_mixture,orthogonal_all__m0,0,False,test,59.091061893569325,0.049785983718627386,0.0,True
bike-sharing,regression,catboost,2,Raw+GramAnchor-m8@0.5,hybrid_prediction_mixture,orthogonal_all__m1,1,False,validation,57.16729006268928,0.04741054558027655,0.0,True
bike-sharing,regression,catboost,2,Raw+GramAnchor-m8@0.5,hybrid_prediction_mixture,orthogonal_all__m1,1,False,test,59.35683277815069,0.04491323821424136,0.0,True
bike-sharing,regression,catboost,2,Raw+GramAnchor-m8@0.5,hybrid_prediction_mixture,orthogonal_all__m2,2,False,validation,56.33906416871565,0.05103409300641413,0.0,True
bike-sharing,regression,catboost,2,Raw+GramAnchor-m8@0.5,hybrid_prediction_mixture,orthogonal_all__m2,2,False,test,59.2958071611905,0.04492364338497324,0.0,True
bike-sharing,regression,catboost,2,Raw+GramAnchor-m8@0.5,hybrid_prediction_mixture,orthogonal_all__m3,3,False,validation,57.406377118790616,0.04531660805171801,0.0,True
bike-sharing,regression,catboost,2,Raw+GramAnchor-m8@0.5,hybrid_prediction_mixture,orthogonal_all__m3,3,False,test,59.42788615935763,0.04330371747160571,0.0,True
bike-sharing,regression,catboost,2,Raw+GramAnchor-m8@0.5,hybrid_prediction_mixture,orthogonal_all__m4,4,False,validation,57.42534042261388,0.04718763837385928,0.0,True
bike-sharing,regression,catboost,2,Raw+GramAnchor-m8@0.5,hybrid_prediction_mixture,orthogonal_all__m4,4,False,test,58.64318700715956,0.04696420672949825,0.0,True
bike-sharing,regression,catboost,2,Raw+GramAnchor-m8@0.5,hybrid_prediction_mixture,orthogonal_all__m5,5,False,validation,56.288108927351196,0.04196882954327173,0.0,True
bike-sharing,regression,catboost,2,Raw+GramAnchor-m8@0.5,hybrid_prediction_mixture,orthogonal_all__m5,5,False,test,58.42747116653552,0.04248574315871247,0.0,True
bike-sharing,regression,catboost,2,Raw+GramAnchor-m8@0.5,hybrid_prediction_mixture,orthogonal_all__m6,6,False,validation,56.90820014376719,0.048512432255702446,0.0,True
bike-sharing,regression,catboost,2,Raw+GramAnchor-m8@0.5,hybrid_prediction_mixture,orthogonal_all__m6,6,False,test,58.904166018837635,0.04301507794154457,0.0,True
bike-sharing,regression,catboost,2,Raw+GramAnchor-m8@0.5,hybrid_prediction_mixture,orthogonal_all__m7,7,False,validation,57.79121838752382,0.04344402147784393,0.0,True
bike-sharing,regression,catboost,2,Raw+GramAnchor-m8@0.5,hybrid_prediction_mixture,orthogonal_all__m7,7,False,test,58.99327945664258,0.04876980600226543,0.0,True
bike-sharing,regression,catboost,2,Raw+GramAnchor-m8@0.75,hybrid_prediction_mixture,rbf_reference,-1,True,validation,57.21225517344368,0.0,0.0,False
bike-sharing,regression,catboost,2,Raw+GramAnchor-m8@0.75,hybrid_prediction_mixture,rbf_reference,-1,True,test,58.89165766853492,0.0,0.0,False
bike-sharing,regression,catboost,2,Raw+GramAnchor-m8@0.75,hybrid_prediction_mixture,orthogonal_all__m0,0,False,validation,56.837121449187556,0.025850388721383823,0.0,True
bike-sharing,regression,catboost,2,Raw+GramAnchor-m8@0.75,hybrid_prediction_mixture,orthogonal_all__m0,0,False,test,58.929776374879246,0.024892991859313682,0.0,True
bike-sharing,regression,catboost,2,Raw+GramAnchor-m8@0.75,hybrid_prediction_mixture,orthogonal_all__m1,1,False,validation,57.109657633395194,0.023705272790138277,0.0,True
bike-sharing,regression,catboost,2,Raw+GramAnchor-m8@0.75,hybrid_prediction_mixture,orthogonal_all__m1,1,False,test,59.0708001639128,0.02245661910712068,0.0,True
bike-sharing,regression,catboost,2,Raw+GramAnchor-m8@0.75,hybrid_prediction_mixture,orthogonal_all__m2,2,False,validation,56.663722978464605,0.025517046503207085,0.0,True
bike-sharing,regression,catboost,2,Raw+GramAnchor-m8@0.75,hybrid_prediction_mixture,orthogonal_all__m2,2,False,test,59.03160830892824,0.022461821692486623,0.0,True
bike-sharing,regression,catboost,2,Raw+GramAnchor-m8@0.75,hybrid_prediction_mixture,orthogonal_all__m3,3,False,validation,57.25370698524807,0.02265830402585901,0.0,True
bike-sharing,regression,catboost,2,Raw+GramAnchor-m8@0.75,hybrid_prediction_mixture,orthogonal_all__m3,3,False,test,59.12263199226791,0.021651858735802863,0.0,True
bike-sharing,regression,catboost,2,Raw+GramAnchor-m8@0.75,hybrid_prediction_mixture,orthogonal_all__m4,4,False,validation,57.238439690363045,0.023593819186929644,0.0,True
bike-sharing,regression,catboost,2,Raw+GramAnchor-m8@0.75,hybrid_prediction_mixture,orthogonal_all__m4,4,False,test,58.735003792278086,0.023482103364749127,0.0,True
bike-sharing,regression,catboost,2,Raw+GramAnchor-m8@0.75,hybrid_prediction_mixture,orthogonal_all__m5,5,False,validation,56.673435633327266,0.020984414771635877,0.0,True
bike-sharing,regression,catboost,2,Raw+GramAnchor-m8@0.75,hybrid_prediction_mixture,orthogonal_all__m5,5,False,test,58.62011336789907,0.021242871579356237,0.0,True
bike-sharing,regression,catboost,2,Raw+GramAnchor-m8@0.75,hybrid_prediction_mixture,orthogonal_all__m6,6,False,validation,56.94937553671448,0.024256216127851213,0.0,True
bike-sharing,regression,catboost,2,Raw+GramAnchor-m8@0.75,hybrid_prediction_mixture,orthogonal_all__m6,6,False,test,58.84255627947329,0.02150753897077229,0.0,True
bike-sharing,regression,catboost,2,Raw+GramAnchor-m8@0.75,hybrid_prediction_mixture,orthogonal_all__m7,7,False,validation,57.43334952950645,0.021722010738921965,0.0,True
bike-sharing,regression,catboost,2,Raw+GramAnchor-m8@0.75,hybrid_prediction_mixture,orthogonal_all__m7,7,False,test,58.885815554876515,0.02438490300113271,0.0,True
bike-sharing,regression,catboost,2,Raw+GramAnchor-m8@1,hybrid_prediction_mixture,rbf_reference,-1,True,validation,57.2736532599454,0.0,0.0,False
bike-sharing,regression,catboost,2,Raw+GramAnchor-m8@1,hybrid_prediction_mixture,rbf_reference,-1,True,test,59.02084505223893,0.0,0.0,False
bike-sharing,regression,catboost,2,Raw+GramAnchor-m8@1,hybrid_prediction_mixture,orthogonal_all__m0,0,False,validation,57.2736532599454,0.0,0.0,True
bike-sharing,regression,catboost,2,Raw+GramAnchor-m8@1,hybrid_prediction_mixture,orthogonal_all__m0,0,False,test,59.02084505223893,0.0,0.0,True
bike-sharing,regression,catboost,2,Raw+GramAnchor-m8@1,hybrid_prediction_mixture,orthogonal_all__m1,1,False,validation,57.2736532599454,0.0,0.0,True
bike-sharing,regression,catboost,2,Raw+GramAnchor-m8@1,hybrid_prediction_mixture,orthogonal_all__m1,1,False,test,59.02084505223893,0.0,0.0,True
bike-sharing,regression,catboost,2,Raw+GramAnchor-m8@1,hybrid_prediction_mixture,orthogonal_all__m2,2,False,validation,57.2736532599454,0.0,0.0,True
bike-sharing,regression,catboost,2,Raw+GramAnchor-m8@1,hybrid_prediction_mixture,orthogonal_all__m2,2,False,test,59.02084505223893,0.0,0.0,True
bike-sharing,regression,catboost,2,Raw+GramAnchor-m8@1,hybrid_prediction_mixture,orthogonal_all__m3,3,False,validation,57.2736532599454,0.0,0.0,True
bike-sharing,regression,catboost,2,Raw+GramAnchor-m8@1,hybrid_prediction_mixture,orthogonal_all__m3,3,False,test,59.02084505223893,0.0,0.0,True
bike-sharing,regression,catboost,2,Raw+GramAnchor-m8@1,hybrid_prediction_mixture,orthogonal_all__m4,4,False,validation,57.2736532599454,0.0,0.0,True
bike-sharing,regression,catboost,2,Raw+GramAnchor-m8@1,hybrid_prediction_mixture,orthogonal_all__m4,4,False,test,59.02084505223893,0.0,0.0,True
bike-sharing,regression,catboost,2,Raw+GramAnchor-m8@1,hybrid_prediction_mixture,orthogonal_all__m5,5,False,validation,57.2736532599454,0.0,0.0,True
bike-sharing,regression,catboost,2,Raw+GramAnchor-m8@1,hybrid_prediction_mixture,orthogonal_all__m5,5,False,test,59.02084505223893,0.0,0.0,True
bike-sharing,regression,catboost,2,Raw+GramAnchor-m8@1,hybrid_prediction_mixture,orthogonal_all__m6,6,False,validation,57.2736532599454,0.0,0.0,True
bike-sharing,regression,catboost,2,Raw+GramAnchor-m8@1,hybrid_prediction_mixture,orthogonal_all__m6,6,False,test,59.02084505223893,0.0,0.0,True
bike-sharing,regression,catboost,2,Raw+GramAnchor-m8@1,hybrid_prediction_mixture,orthogonal_all__m7,7,False,validation,57.2736532599454,0.0,0.0,True
bike-sharing,regression,catboost,2,Raw+GramAnchor-m8@1,hybrid_prediction_mixture,orthogonal_all__m7,7,False,test,59.02084505223893,0.0,0.0,True
bike-sharing,regression,catboost,2,Raw+GramDistance@0.25,hybrid_prediction_mixture,rbf_reference,-1,True,validation,57.275274404489316,0.0,0.0,False
bike-sharing,regression,catboost,2,Raw+GramDistance@0.25,hybrid_prediction_mixture,rbf_reference,-1,True,test,58.63656623243179,0.0,0.0,False
bike-sharing,regression,catboost,2,Raw+GramDistance@0.25,hybrid_prediction_mixture,orthogonal_all__m0,0,False,validation,56.722595650006035,0.07755116616415145,0.0,True
bike-sharing,regression,catboost,2,Raw+GramDistance@0.25,hybrid_prediction_mixture,orthogonal_all__m0,0,False,test,59.13410229782446,0.07467897557794106,0.0,True
bike-sharing,regression,catboost,2,Raw+GramDistance@0.25,hybrid_prediction_mixture,orthogonal_all__m1,1,False,validation,57.247578009884265,0.07111581837041484,0.0,True
bike-sharing,regression,catboost,2,Raw+GramDistance@0.25,hybrid_prediction_mixture,orthogonal_all__m1,1,False,test,59.473662183295595,0.06736985732136205,0.0,True
bike-sharing,regression,catboost,2,Raw+GramDistance@0.25,hybrid_prediction_mixture,orthogonal_all__m2,2,False,validation,56.17223846589702,0.07655113950962118,0.0,True
bike-sharing,regression,catboost,2,Raw+GramDistance@0.25,hybrid_prediction_mixture,orthogonal_all__m2,2,False,test,59.43078385666258,0.06738546507745986,0.0,True
bike-sharing,regression,catboost,2,Raw+GramDistance@0.25,hybrid_prediction_mixture,orthogonal_all__m3,3,False,validation,57.44019360894122,0.06797491207757701,0.0,True
bike-sharing,regression,catboost,2,Raw+GramDistance@0.25,hybrid_prediction_mixture,orthogonal_all__m3,3,False,test,59.41536070659878,0.06495557620740858,0.0,True
bike-sharing,regression,catboost,2,Raw+GramDistance@0.25,hybrid_prediction_mixture,orthogonal_all__m4,4,False,validation,57.63433523547399,0.0707814575607889,0.0,True
bike-sharing,regression,catboost,2,Raw+GramDistance@0.25,hybrid_prediction_mixture,orthogonal_all__m4,4,False,test,58.29729433855359,0.07044631009424737,0.0,True
bike-sharing,regression,catboost,2,Raw+GramDistance@0.25,hybrid_prediction_mixture,orthogonal_all__m5,5,False,validation,55.95124035976994,0.06295324431490763,0.0,True
bike-sharing,regression,catboost,2,Raw+GramDistance@0.25,hybrid_prediction_mixture,orthogonal_all__m5,5,False,test,58.0540420913797,0.0637286147380687,0.0,True
bike-sharing,regression,catboost,2,Raw+GramDistance@0.25,hybrid_prediction_mixture,orthogonal_all__m6,6,False,validation,56.99191289256892,0.07276864838355365,0.0,True
bike-sharing,regression,catboost,2,Raw+GramDistance@0.25,hybrid_prediction_mixture,orthogonal_all__m6,6,False,test,58.78214939114635,0.06452261691231685,0.0,True
bike-sharing,regression,catboost,2,Raw+GramDistance@0.25,hybrid_prediction_mixture,orthogonal_all__m7,7,False,validation,58.115217616307554,0.0651660322167659,0.0,True
bike-sharing,regression,catboost,2,Raw+GramDistance@0.25,hybrid_prediction_mixture,orthogonal_all__m7,7,False,test,58.92388921242496,0.07315470900339816,0.0,True
bike-sharing,regression,catboost,2,Raw+GramDistance@0.5,hybrid_prediction_mixture,rbf_reference,-1,True,validation,56.783415196642764,0.0,0.0,False
bike-sharing,regression,catboost,2,Raw+GramDistance@0.5,hybrid_prediction_mixture,rbf_reference,-1,True,test,57.96061197377378,0.0,0.0,False
bike-sharing,regression,catboost,2,Raw+GramDistance@0.5,hybrid_prediction_mixture,orthogonal_all__m0,0,False,validation,56.37352073803694,0.051700777442767624,0.0,True
bike-sharing,regression,catboost,2,Raw+GramDistance@0.5,hybrid_prediction_mixture,orthogonal_all__m0,0,False,test,58.33102610460656,0.049785983718627386,0.0,True
bike-sharing,regression,catboost,2,Raw+GramDistance@0.5,hybrid_prediction_mixture,orthogonal_all__m1,1,False,validation,56.776291574678844,0.04741054558027655,0.0,True
bike-sharing,regression,catboost,2,Raw+GramDistance@0.5,hybrid_prediction_mixture,orthogonal_all__m1,1,False,test,58.551954764374464,0.044913238214241376,0.0,True
bike-sharing,regression,catboost,2,Raw+GramDistance@0.5,hybrid_prediction_mixture,orthogonal_all__m2,2,False,validation,56.03581234850265,0.051034093006414115,0.0,True
bike-sharing,regression,catboost,2,Raw+GramDistance@0.5,hybrid_prediction_mixture,orthogonal_all__m2,2,False,test,58.52129057274316,0.04492364338497324,0.0,True
bike-sharing,regression,catboost,2,Raw+GramDistance@0.5,hybrid_prediction_mixture,orthogonal_all__m3,3,False,validation,56.892162218558404,0.04531660805171801,0.0,True
bike-sharing,regression,catboost,2,Raw+GramDistance@0.5,hybrid_prediction_mixture,orthogonal_all__m3,3,False,test,58.466008001261144,0.043303717471605725,0.0,True
bike-sharing,regression,catboost,2,Raw+GramDistance@0.5,hybrid_prediction_mixture,orthogonal_all__m4,4,False,validation,57.03491114337867,0.04718763837385927,0.0,True
bike-sharing,regression,catboost,2,Raw+GramDistance@0.5,hybrid_prediction_mixture,orthogonal_all__m4,4,False,test,57.77546524422145,0.046964206729498234,0.0,True
bike-sharing,regression,catboost,2,Raw+GramDistance@0.5,hybrid_prediction_mixture,orthogonal_all__m5,5,False,validation,55.933831891914025,0.04196882954327177,0.0,True
bike-sharing,regression,catboost,2,Raw+GramDistance@0.5,hybrid_prediction_mixture,orthogonal_all__m5,5,False,test,57.637639509744616,0.04248574315871248,0.0,True
bike-sharing,regression,catboost,2,Raw+GramDistance@0.5,hybrid_prediction_mixture,orthogonal_all__m6,6,False,validation,56.56982846399983,0.048512432255702426,0.0,True
bike-sharing,regression,catboost,2,Raw+GramDistance@0.5,hybrid_prediction_mixture,orthogonal_all__m6,6,False,test,58.07102539727518,0.043015077941544584,0.0,True
bike-sharing,regression,catboost,2,Raw+GramDistance@0.5,hybrid_prediction_mixture,orthogonal_all__m7,7,False,validation,57.359689878763035,0.04344402147784393,0.0,True
bike-sharing,regression,catboost,2,Raw+GramDistance@0.5,hybrid_prediction_mixture,orthogonal_all__m7,7,False,test,58.16649783801686,0.04876980600226545,0.0,True
bike-sharing,regression,catboost,2,Raw+GramDistance@0.75,hybrid_prediction_mixture,rbf_reference,-1,True,validation,56.53178211565578,0.0,0.0,False
bike-sharing,regression,catboost,2,Raw+GramDistance@0.75,hybrid_prediction_mixture,rbf_reference,-1,True,test,57.555268962949626,0.0,0.0,False
bike-sharing,regression,catboost,2,Raw+GramDistance@0.75,hybrid_prediction_mixture,orthogonal_all__m0,0,False,validation,56.30685028003278,0.025850388721383802,0.0,True
bike-sharing,regression,catboost,2,Raw+GramDistance@0.75,hybrid_prediction_mixture,orthogonal_all__m0,0,False,test,57.75944367021719,0.024892991859313693,0.0,True
bike-sharing,regression,catboost,2,Raw+GramDistance@0.75,hybrid_prediction_mixture,orthogonal_all__m1,1,False,validation,56.53397848009516,0.023705272790138253,0.0,True
bike-sharing,regression,catboost,2,Raw+GramDistance@0.75,hybrid_prediction_mixture,orthogonal_all__m1,1,False,test,57.86666847531189,0.022456619107120677,0.0,True
bike-sharing,regression,catboost,2,Raw+GramDistance@0.75,hybrid_prediction_mixture,orthogonal_all__m2,2,False,validation,56.153456182864744,0.025517046503207057,0.0,True
bike-sharing,regression,catboost,2,Raw+GramDistance@0.75,hybrid_prediction_mixture,orthogonal_all__m2,2,False,test,57.85033136085058,0.022461821692486613,0.0,True
bike-sharing,regression,catboost,2,Raw+GramDistance@0.75,hybrid_prediction_mixture,orthogonal_all__m3,3,False,validation,56.585316191034835,0.022658304025859,0.0,True
bike-sharing,regression,catboost,2,Raw+GramDistance@0.75,hybrid_prediction_mixture,orthogonal_all__m3,3,False,test,57.79969267944546,0.021651858735802863,0.0,True
bike-sharing,regression,catboost,2,Raw+GramDistance@0.75,hybrid_prediction_mixture,orthogonal_all__m4,4,False,validation,56.663163139164844,0.023593819186929623,0.0,True
bike-sharing,regression,catboost,2,Raw+GramDistance@0.75,hybrid_prediction_mixture,orthogonal_all__m4,4,False,test,57.48395387689345,0.023482103364749124,0.0,True
bike-sharing,regression,catboost,2,Raw+GramDistance@0.75,hybrid_prediction_mixture,orthogonal_all__m5,5,False,validation,56.125320649372014,0.020984414771635866,0.0,True
bike-sharing,regression,catboost,2,Raw+GramDistance@0.75,hybrid_prediction_mixture,orthogonal_all__m5,5,False,test,57.427626615935196,0.02124287157935624,0.0,True
bike-sharing,regression,catboost,2,Raw+GramDistance@0.75,hybrid_prediction_mixture,orthogonal_all__m6,6,False,validation,56.41298267723918,0.024256216127851223,0.0,True
bike-sharing,regression,catboost,2,Raw+GramDistance@0.75,hybrid_prediction_mixture,orthogonal_all__m6,6,False,test,57.61703197154338,0.021507538970772292,0.0,True
bike-sharing,regression,catboost,2,Raw+GramDistance@0.75,hybrid_prediction_mixture,orthogonal_all__m7,7,False,validation,56.8270447698258,0.02172201073892197,0.0,True
bike-sharing,regression,catboost,2,Raw+GramDistance@0.75,hybrid_prediction_mixture,orthogonal_all__m7,7,False,test,57.66505564291544,0.024384903001132715,0.0,True
bike-sharing,regression,catboost,2,Raw+GramDistance@1,hybrid_prediction_mixture,rbf_reference,-1,True,validation,56.52358358634497,0.0,0.0,False
bike-sharing,regression,catboost,2,Raw+GramDistance@1,hybrid_prediction_mixture,rbf_reference,-1,True,test,57.4262678101204,0.0,0.0,False
bike-sharing,regression,catboost,2,Raw+GramDistance@1,hybrid_prediction_mixture,orthogonal_all__m0,0,False,validation,56.52358358634497,0.0,0.0,True
bike-sharing,regression,catboost,2,Raw+GramDistance@1,hybrid_prediction_mixture,orthogonal_all__m0,0,False,test,57.4262678101204,0.0,0.0,True
bike-sharing,regression,catboost,2,Raw+GramDistance@1,hybrid_prediction_mixture,orthogonal_all__m1,1,False,validation,56.52358358634497,0.0,0.0,True
bike-sharing,regression,catboost,2,Raw+GramDistance@1,hybrid_prediction_mixture,orthogonal_all__m1,1,False,test,57.4262678101204,0.0,0.0,True
bike-sharing,regression,catboost,2,Raw+GramDistance@1,hybrid_prediction_mixture,orthogonal_all__m2,2,False,validation,56.52358358634497,0.0,0.0,True
bike-sharing,regression,catboost,2,Raw+GramDistance@1,hybrid_prediction_mixture,orthogonal_all__m2,2,False,test,57.4262678101204,0.0,0.0,True
bike-sharing,regression,catboost,2,Raw+GramDistance@1,hybrid_prediction_mixture,orthogonal_all__m3,3,False,validation,56.52358358634497,0.0,0.0,True
bike-sharing,regression,catboost,2,Raw+GramDistance@1,hybrid_prediction_mixture,orthogonal_all__m3,3,False,test,57.4262678101204,0.0,0.0,True
bike-sharing,regression,catboost,2,Raw+GramDistance@1,hybrid_prediction_mixture,orthogonal_all__m4,4,False,validation,56.52358358634497,0.0,0.0,True
bike-sharing,regression,catboost,2,Raw+GramDistance@1,hybrid_prediction_mixture,orthogonal_all__m4,4,False,test,57.4262678101204,0.0,0.0,True
bike-sharing,regression,catboost,2,Raw+GramDistance@1,hybrid_prediction_mixture,orthogonal_all__m5,5,False,validation,56.52358358634497,0.0,0.0,True
bike-sharing,regression,catboost,2,Raw+GramDistance@1,hybrid_prediction_mixture,orthogonal_all__m5,5,False,test,57.4262678101204,0.0,0.0,True
bike-sharing,regression,catboost,2,Raw+GramDistance@1,hybrid_prediction_mixture,orthogonal_all__m6,6,False,validation,56.52358358634497,0.0,0.0,True
bike-sharing,regression,catboost,2,Raw+GramDistance@1,hybrid_prediction_mixture,orthogonal_all__m6,6,False,test,57.4262678101204,0.0,0.0,True
bike-sharing,regression,catboost,2,Raw+GramDistance@1,hybrid_prediction_mixture,orthogonal_all__m7,7,False,validation,56.52358358634497,0.0,0.0,True
bike-sharing,regression,catboost,2,Raw+GramDistance@1,hybrid_prediction_mixture,orthogonal_all__m7,7,False,test,57.4262678101204,0.0,0.0,True
bike-sharing,regression,catboost,2,Raw+NystromGram@0.25,hybrid_prediction_mixture,rbf_reference,-1,True,validation,57.162672047782486,0.0,0.0,False
bike-sharing,regression,catboost,2,Raw+NystromGram@0.25,hybrid_prediction_mixture,rbf_reference,-1,True,test,58.99962945907948,0.0,0.0,False
bike-sharing,regression,catboost,2,Raw+NystromGram@0.25,hybrid_prediction_mixture,orthogonal_all__m0,0,False,validation,56.7691764118631,0.07755116616415145,0.0,True
bike-sharing,regression,catboost,2,Raw+NystromGram@0.25,hybrid_prediction_mixture,orthogonal_all__m0,0,False,test,59.642533018648635,0.07467897557794109,0.0,True
bike-sharing,regression,catboost,2,Raw+NystromGram@0.25,hybrid_prediction_mixture,orthogonal_all__m1,1,False,validation,57.302624126551045,0.07111581837041482,0.0,True
bike-sharing,regression,catboost,2,Raw+NystromGram@0.25,hybrid_prediction_mixture,orthogonal_all__m1,1,False,test,60.006527087629415,0.06736985732136207,0.0,True
bike-sharing,regression,catboost,2,Raw+NystromGram@0.25,hybrid_prediction_mixture,orthogonal_all__m2,2,False,validation,56.1869539597239,0.0765511395096212,0.0,True
bike-sharing,regression,catboost,2,Raw+NystromGram@0.25,hybrid_prediction_mixture,orthogonal_all__m2,2,False,test,59.90088214279489,0.06738546507745985,0.0,True
bike-sharing,regression,catboost,2,Raw+NystromGram@0.25,hybrid_prediction_mixture,orthogonal_all__m3,3,False,validation,57.38434405050709,0.06797491207757703,0.0,True
bike-sharing,regression,catboost,2,Raw+NystromGram@0.25,hybrid_prediction_mixture,orthogonal_all__m3,3,False,test,59.952392504151085,0.06495557620740858,0.0,True
bike-sharing,regression,catboost,2,Raw+NystromGram@0.25,hybrid_prediction_mixture,orthogonal_all__m4,4,False,validation,57.62122053402522,0.07078145756078892,0.0,True
bike-sharing,regression,catboost,2,Raw+NystromGram@0.25,hybrid_prediction_mixture,orthogonal_all__m4,4,False,test,58.76461041749347,0.07044631009424739,0.0,True
bike-sharing,regression,catboost,2,Raw+NystromGram@0.25,hybrid_prediction_mixture,orthogonal_all__m5,5,False,validation,55.87401079434812,0.06295324431490763,0.0,True
bike-sharing,regression,catboost,2,Raw+NystromGram@0.25,hybrid_prediction_mixture,orthogonal_all__m5,5,False,test,58.489977809339976,0.0637286147380687,0.0,True
bike-sharing,regression,catboost,2,Raw+NystromGram@0.25,hybrid_prediction_mixture,orthogonal_all__m6,6,False,validation,57.02135875682747,0.07276864838355368,0.0,True
bike-sharing,regression,catboost,2,Raw+NystromGram@0.25,hybrid_prediction_mixture,orthogonal_all__m6,6,False,test,59.3271444147794,0.06452261691231687,0.0,True
bike-sharing,regression,catboost,2,Raw+NystromGram@0.25,hybrid_prediction_mixture,orthogonal_all__m7,7,False,validation,58.14846290305443,0.06516603221676591,0.0,True
bike-sharing,regression,catboost,2,Raw+NystromGram@0.25,hybrid_prediction_mixture,orthogonal_all__m7,7,False,test,59.491643461740466,0.07315470900339816,0.0,True
bike-sharing,regression,catboost,2,Raw+NystromGram@0.5,hybrid_prediction_mixture,rbf_reference,-1,True,validation,56.6579477232922,0.0,0.0,False
bike-sharing,regression,catboost,2,Raw+NystromGram@0.5,hybrid_prediction_mixture,rbf_reference,-1,True,test,58.80635495353008,0.0,0.0,False
bike-sharing,regression,catboost,2,Raw+NystromGram@0.5,hybrid_prediction_mixture,orthogonal_all__m0,0,False,validation,56.46211703542497,0.05170077744276764,0.0,True
bike-sharing,regression,catboost,2,Raw+NystromGram@0.5,hybrid_prediction_mixture,orthogonal_all__m0,0,False,test,59.37033939889037,0.04978598371862738,0.0,True
bike-sharing,regression,catboost,2,Raw+NystromGram@0.5,hybrid_prediction_mixture,orthogonal_all__m1,1,False,validation,56.876205793561574,0.047410545580276534,0.0,True
bike-sharing,regression,catboost,2,Raw+NystromGram@0.5,hybrid_prediction_mixture,orthogonal_all__m1,1,False,test,59.624067956980674,0.044913238214241376,0.0,True
bike-sharing,regression,catboost,2,Raw+NystromGram@0.5,hybrid_prediction_mixture,orthogonal_all__m2,2,False,validation,56.08177008325069,0.05103409300641413,0.0,True
bike-sharing,regression,catboost,2,Raw+NystromGram@0.5,hybrid_prediction_mixture,orthogonal_all__m2,2,False,test,59.50922006460926,0.04492364338497325,0.0,True
bike-sharing,regression,catboost,2,Raw+NystromGram@0.5,hybrid_prediction_mixture,orthogonal_all__m3,3,False,validation,56.84290367066469,0.04531660805171799,0.0,True
bike-sharing,regression,catboost,2,Raw+NystromGram@0.5,hybrid_prediction_mixture,orthogonal_all__m3,3,False,test,59.54456709513787,0.04330371747160571,0.0,True
bike-sharing,regression,catboost,2,Raw+NystromGram@0.5,hybrid_prediction_mixture,orthogonal_all__m4,4,False,validation,57.04308729640027,0.04718763837385928,0.0,True
bike-sharing,regression,catboost,2,Raw+NystromGram@0.5,hybrid_prediction_mixture,orthogonal_all__m4,4,False,test,58.76013335127646,0.04696420672949825,0.0,True
bike-sharing,regression,catboost,2,Raw+NystromGram@0.5,hybrid_prediction_mixture,orthogonal_all__m5,5,False,validation,55.857199221083,0.04196882954327174,0.0,True
bike-sharing,regression,catboost,2,Raw+NystromGram@0.5,hybrid_prediction_mixture,orthogonal_all__m5,5,False,test,58.580264848749025,0.04248574315871249,0.0,True
bike-sharing,regression,catboost,2,Raw+NystromGram@0.5,hybrid_prediction_mixture,orthogonal_all__m6,6,False,validation,56.63541201096001,0.04851243225570244,0.0,True
bike-sharing,regression,catboost,2,Raw+NystromGram@0.5,hybrid_prediction_mixture,orthogonal_all__m6,6,False,test,59.15976927517112,0.04301507794154458,0.0,True
bike-sharing,regression,catboost,2,Raw+NystromGram@0.5,hybrid_prediction_mixture,orthogonal_all__m7,7,False,validation,57.43026865362872,0.04344402147784395,0.0,True
bike-sharing,regression,catboost,2,Raw+NystromGram@0.5,hybrid_prediction_mixture,orthogonal_all__m7,7,False,test,59.28567876586571,0.04876980600226543,0.0,True
bike-sharing,regression,catboost,2,Raw+NystromGram@0.75,hybrid_prediction_mixture,rbf_reference,-1,True,validation,56.49602404626898,0.0,0.0,False
bike-sharing,regression,catboost,2,Raw+NystromGram@0.75,hybrid_prediction_mixture,rbf_reference,-1,True,test,58.997842186821764,0.0,0.0,False
bike-sharing,regression,catboost,2,Raw+NystromGram@0.75,hybrid_prediction_mixture,orthogonal_all__m0,0,False,validation,56.4321915930705,0.025850388721383833,0.0,True
bike-sharing,regression,catboost,2,Raw+NystromGram@0.75,hybrid_prediction_mixture,orthogonal_all__m0,0,False,test,59.34618811625015,0.02489299185931369,0.0,True
bike-sharing,regression,catboost,2,Raw+NystromGram@0.75,hybrid_prediction_mixture,orthogonal_all__m1,1,False,validation,56.66780914161678,0.023705272790138263,0.0,True
bike-sharing,regression,catboost,2,Raw+NystromGram@0.75,hybrid_prediction_mixture,orthogonal_all__m1,1,False,test,59.47810639708218,0.022456619107120677,0.0,True
bike-sharing,regression,catboost,2,Raw+NystromGram@0.75,hybrid_prediction_mixture,orthogonal_all__m2,2,False,validation,56.24685225517321,0.025517046503207054,0.0,True
bike-sharing,regression,catboost,2,Raw+NystromGram@0.75,hybrid_prediction_mixture,orthogonal_all__m2,2,False,test,59.398530880428396,0.02246182169248661,0.0,True
bike-sharing,regression,catboost,2,Raw+NystromGram@0.75,hybrid_prediction_mixture,orthogonal_all__m3,3,False,validation,56.606796721290856,0.022658304025858986,0.0,True
bike-sharing,regression,catboost,2,Raw+NystromGram@0.75,hybrid_prediction_mixture,orthogonal_all__m3,3,False,test,59.41662876199073,0.021651858735802852,0.0,True
bike-sharing,regression,catboost,2,Raw+NystromGram@0.75,hybrid_prediction_mixture,orthogonal_all__m4,4,False,validation,56.727831274104076,0.02359381918692963,0.0,True
bike-sharing,regression,catboost,2,Raw+NystromGram@0.75,hybrid_prediction_mixture,orthogonal_all__m4,4,False,test,59.02996598482822,0.023482103364749134,0.0,True
bike-sharing,regression,catboost,2,Raw+NystromGram@0.75,hybrid_prediction_mixture,orthogonal_all__m5,5,False,validation,56.12717460176351,0.020984414771635873,0.0,True
bike-sharing,regression,catboost,2,Raw+NystromGram@0.75,hybrid_prediction_mixture,orthogonal_all__m5,5,False,test,58.94204798150468,0.02124287157935624,0.0,True
bike-sharing,regression,catboost,2,Raw+NystromGram@0.75,hybrid_prediction_mixture,orthogonal_all__m6,6,False,validation,56.521024054726645,0.024256216127851213,0.0,True
bike-sharing,regression,catboost,2,Raw+NystromGram@0.75,hybrid_prediction_mixture,orthogonal_all__m6,6,False,test,59.2411881304235,0.021507538970772275,0.0,True
bike-sharing,regression,catboost,2,Raw+NystromGram@0.75,hybrid_prediction_mixture,orthogonal_all__m7,7,False,validation,56.93876151621792,0.02172201073892196,0.0,True
bike-sharing,regression,catboost,2,Raw+NystromGram@0.75,hybrid_prediction_mixture,orthogonal_all__m7,7,False,test,59.31202731897287,0.02438490300113271,0.0,True
bike-sharing,regression,catboost,2,Raw+NystromGram@1,hybrid_prediction_mixture,rbf_reference,-1,True,validation,56.67983904446277,0.0,0.0,False
bike-sharing,regression,catboost,2,Raw+NystromGram@1,hybrid_prediction_mixture,rbf_reference,-1,True,test,59.570380858698044,0.0,0.0,False
bike-sharing,regression,catboost,2,Raw+NystromGram@1,hybrid_prediction_mixture,orthogonal_all__m0,0,False,validation,56.67983904446277,0.0,0.0,True
bike-sharing,regression,catboost,2,Raw+NystromGram@1,hybrid_prediction_mixture,orthogonal_all__m0,0,False,test,59.570380858698044,0.0,0.0,True
bike-sharing,regression,catboost,2,Raw+NystromGram@1,hybrid_prediction_mixture,orthogonal_all__m1,1,False,validation,56.67983904446277,0.0,0.0,True
bike-sharing,regression,catboost,2,Raw+NystromGram@1,hybrid_prediction_mixture,orthogonal_all__m1,1,False,test,59.570380858698044,0.0,0.0,True
bike-sharing,regression,catboost,2,Raw+NystromGram@1,hybrid_prediction_mixture,orthogonal_all__m2,2,False,validation,56.67983904446277,0.0,0.0,True
bike-sharing,regression,catboost,2,Raw+NystromGram@1,hybrid_prediction_mixture,orthogonal_all__m2,2,False,test,59.570380858698044,0.0,0.0,True
bike-sharing,regression,catboost,2,Raw+NystromGram@1,hybrid_prediction_mixture,orthogonal_all__m3,3,False,validation,56.67983904446277,0.0,0.0,True
bike-sharing,regression,catboost,2,Raw+NystromGram@1,hybrid_prediction_mixture,orthogonal_all__m3,3,False,test,59.570380858698044,0.0,0.0,True
bike-sharing,regression,catboost,2,Raw+NystromGram@1,hybrid_prediction_mixture,orthogonal_all__m4,4,False,validation,56.67983904446277,0.0,0.0,True
bike-sharing,regression,catboost,2,Raw+NystromGram@1,hybrid_prediction_mixture,orthogonal_all__m4,4,False,test,59.570380858698044,0.0,0.0,True
bike-sharing,regression,catboost,2,Raw+NystromGram@1,hybrid_prediction_mixture,orthogonal_all__m5,5,False,validation,56.67983904446277,0.0,0.0,True
bike-sharing,regression,catboost,2,Raw+NystromGram@1,hybrid_prediction_mixture,orthogonal_all__m5,5,False,test,59.570380858698044,0.0,0.0,True
bike-sharing,regression,catboost,2,Raw+NystromGram@1,hybrid_prediction_mixture,orthogonal_all__m6,6,False,validation,56.67983904446277,0.0,0.0,True
bike-sharing,regression,catboost,2,Raw+NystromGram@1,hybrid_prediction_mixture,orthogonal_all__m6,6,False,test,59.570380858698044,0.0,0.0,True
bike-sharing,regression,catboost,2,Raw+NystromGram@1,hybrid_prediction_mixture,orthogonal_all__m7,7,False,validation,56.67983904446277,0.0,0.0,True
bike-sharing,regression,catboost,2,Raw+NystromGram@1,hybrid_prediction_mixture,orthogonal_all__m7,7,False,test,59.570380858698044,0.0,0.0,True
bike-sharing,regression,catboost,2,Raw+HybridSpectral-t0.01@0.25,hybrid_prediction_mixture,rbf_reference,-1,True,validation,57.52708118916233,0.0,0.0,False
bike-sharing,regression,catboost,2,Raw+HybridSpectral-t0.01@0.25,hybrid_prediction_mixture,rbf_reference,-1,True,test,59.32715265719411,0.0,0.0,False
bike-sharing,regression,catboost,2,Raw+HybridSpectral-t0.01@0.25,hybrid_prediction_mixture,orthogonal_all__m0,0,False,validation,57.14500500763916,0.07755116616415145,0.0,True
bike-sharing,regression,catboost,2,Raw+HybridSpectral-t0.01@0.25,hybrid_prediction_mixture,orthogonal_all__m0,0,False,test,60.04309755771467,0.07467897557794106,0.0,True
bike-sharing,regression,catboost,2,Raw+HybridSpectral-t0.01@0.25,hybrid_prediction_mixture,orthogonal_all__m1,1,False,validation,57.56908561321336,0.07111581837041481,0.0,True
bike-sharing,regression,catboost,2,Raw+HybridSpectral-t0.01@0.25,hybrid_prediction_mixture,orthogonal_all__m1,1,False,test,60.31842459108144,0.06736985732136203,0.0,True
bike-sharing,regression,catboost,2,Raw+HybridSpectral-t0.01@0.25,hybrid_prediction_mixture,orthogonal_all__m2,2,False,validation,56.541721208638556,0.0765511395096212,0.0,True
bike-sharing,regression,catboost,2,Raw+HybridSpectral-t0.01@0.25,hybrid_prediction_mixture,orthogonal_all__m2,2,False,test,60.33816440273594,0.06738546507745985,0.0,True
bike-sharing,regression,catboost,2,Raw+HybridSpectral-t0.01@0.25,hybrid_prediction_mixture,orthogonal_all__m3,3,False,validation,57.74735100117682,0.067974912077577,0.0,True
bike-sharing,regression,catboost,2,Raw+HybridSpectral-t0.01@0.25,hybrid_prediction_mixture,orthogonal_all__m3,3,False,test,60.26728154387319,0.06495557620740858,0.0,True
bike-sharing,regression,catboost,2,Raw+HybridSpectral-t0.01@0.25,hybrid_prediction_mixture,orthogonal_all__m4,4,False,validation,57.96743939415454,0.07078145756078892,0.0,True
bike-sharing,regression,catboost,2,Raw+HybridSpectral-t0.01@0.25,hybrid_prediction_mixture,orthogonal_all__m4,4,False,test,59.143156031896375,0.07044631009424736,0.0,True
bike-sharing,regression,catboost,2,Raw+HybridSpectral-t0.01@0.25,hybrid_prediction_mixture,orthogonal_all__m5,5,False,validation,56.261604866364074,0.06295324431490763,0.0,True
bike-sharing,regression,catboost,2,Raw+HybridSpectral-t0.01@0.25,hybrid_prediction_mixture,orthogonal_all__m5,5,False,test,58.88488599261835,0.0637286147380687,0.0,True
bike-sharing,regression,catboost,2,Raw+HybridSpectral-t0.01@0.25,hybrid_prediction_mixture,orthogonal_all__m6,6,False,validation,57.31307993151041,0.07276864838355365,0.0,True
bike-sharing,regression,catboost,2,Raw+HybridSpectral-t0.01@0.25,hybrid_prediction_mixture,orthogonal_all__m6,6,False,test,59.62557743339936,0.06452261691231685,0.0,True
bike-sharing,regression,catboost,2,Raw+HybridSpectral-t0.01@0.25,hybrid_prediction_mixture,orthogonal_all__m7,7,False,validation,58.45862720722572,0.0651660322167659,0.0,True
bike-sharing,regression,catboost,2,Raw+HybridSpectral-t0.01@0.25,hybrid_prediction_mixture,orthogonal_all__m7,7,False,test,59.80127300448259,0.07315470900339816,0.0,True
bike-sharing,regression,catboost,2,Raw+HybridSpectral-t0.01@0.5,hybrid_prediction_mixture,rbf_reference,-1,True,validation,57.46178375739563,0.0,0.0,False
bike-sharing,regression,catboost,2,Raw+HybridSpectral-t0.01@0.5,hybrid_prediction_mixture,rbf_reference,-1,True,test,59.57901725334475,0.0,0.0,False
bike-sharing,regression,catboost,2,Raw+HybridSpectral-t0.01@0.5,hybrid_prediction_mixture,orthogonal_all__m0,0,False,validation,57.2805536717426,0.05170077744276764,0.0,True
bike-sharing,regression,catboost,2,Raw+HybridSpectral-t0.01@0.5,hybrid_prediction_mixture,orthogonal_all__m0,0,False,test,60.23751753476372,0.049785983718627386,0.0,True
bike-sharing,regression,catboost,2,Raw+HybridSpectral-t0.01@0.5,hybrid_prediction_mixture,orthogonal_all__m1,1,False,validation,57.54757041415416,0.047410545580276534,0.0,True
bike-sharing,regression,catboost,2,Raw+HybridSpectral-t0.01@0.5,hybrid_prediction_mixture,orthogonal_all__m1,1,False,test,60.372734808571344,0.044913238214241376,0.0,True
bike-sharing,regression,catboost,2,Raw+HybridSpectral-t0.01@0.5,hybrid_prediction_mixture,orthogonal_all__m2,2,False,validation,56.87263329568233,0.05103409300641413,0.0,True
bike-sharing,regression,catboost,2,Raw+HybridSpectral-t0.01@0.5,hybrid_prediction_mixture,orthogonal_all__m2,2,False,test,60.425579858137965,0.044923643384973226,0.0,True
bike-sharing,regression,catboost,2,Raw+HybridSpectral-t0.01@0.5,hybrid_prediction_mixture,orthogonal_all__m3,3,False,validation,57.64415609123669,0.04531660805171801,0.0,True
bike-sharing,regression,catboost,2,Raw+HybridSpectral-t0.01@0.5,hybrid_prediction_mixture,orthogonal_all__m3,3,False,test,60.29783445521315,0.04330371747160572,0.0,True
bike-sharing,regression,catboost,2,Raw+HybridSpectral-t0.01@0.5,hybrid_prediction_mixture,orthogonal_all__m4,4,False,validation,57.82110917978443,0.04718763837385928,0.0,True
bike-sharing,regression,catboost,2,Raw+HybridSpectral-t0.01@0.5,hybrid_prediction_mixture,orthogonal_all__m4,4,False,test,59.599190048772776,0.046964206729498234,0.0,True
bike-sharing,regression,catboost,2,Raw+HybridSpectral-t0.01@0.5,hybrid_prediction_mixture,orthogonal_all__m5,5,False,validation,56.692025286130146,0.04196882954327176,0.0,True
bike-sharing,regression,catboost,2,Raw+HybridSpectral-t0.01@0.5,hybrid_prediction_mixture,orthogonal_all__m5,5,False,test,59.44114215931323,0.04248574315871247,0.0,True
bike-sharing,regression,catboost,2,Raw+HybridSpectral-t0.01@0.5,hybrid_prediction_mixture,orthogonal_all__m6,6,False,validation,57.34151918429228,0.048512432255702446,0.0,True
bike-sharing,regression,catboost,2,Raw+HybridSpectral-t0.01@0.5,hybrid_prediction_mixture,orthogonal_all__m6,6,False,test,59.891650110699324,0.04301507794154457,0.0,True
bike-sharing,regression,catboost,2,Raw+HybridSpectral-t0.01@0.5,hybrid_prediction_mixture,orthogonal_all__m7,7,False,validation,58.15898147846261,0.043444021477843923,0.0,True
bike-sharing,regression,catboost,2,Raw+HybridSpectral-t0.01@0.5,hybrid_prediction_mixture,orthogonal_all__m7,7,False,test,60.03198659147056,0.04876980600226543,0.0,True
bike-sharing,regression,catboost,2,Raw+HybridSpectral-t0.01@0.75,hybrid_prediction_mixture,rbf_reference,-1,True,validation,57.80674187868862,0.0,0.0,False
bike-sharing,regression,catboost,2,Raw+HybridSpectral-t0.01@0.75,hybrid_prediction_mixture,rbf_reference,-1,True,test,60.323269359828785,0.0,0.0,False
bike-sharing,regression,catboost,2,Raw+HybridSpectral-t0.01@0.75,hybrid_prediction_mixture,orthogonal_all__m0,0,False,validation,57.753174232499795,0.025850388721383812,0.0,True
bike-sharing,regression,catboost,2,Raw+HybridSpectral-t0.01@0.75,hybrid_prediction_mixture,orthogonal_all__m0,0,False,test,60.73967847157242,0.024892991859313693,0.0,True
bike-sharing,regression,catboost,2,Raw+HybridSpectral-t0.01@0.75,hybrid_prediction_mixture,orthogonal_all__m1,1,False,validation,57.87809739922345,0.023705272790138277,0.0,True
bike-sharing,regression,catboost,2,Raw+HybridSpectral-t0.01@0.75,hybrid_prediction_mixture,orthogonal_all__m1,1,False,test,60.782981747115706,0.022456619107120688,0.0,True
bike-sharing,regression,catboost,2,Raw+HybridSpectral-t0.01@0.75,hybrid_prediction_mixture,orthogonal_all__m2,2,False,validation,57.54759343073476,0.025517046503207068,0.0,True
bike-sharing,regression,catboost,2,Raw+HybridSpectral-t0.01@0.75,hybrid_prediction_mixture,orthogonal_all__m2,2,False,test,60.828945003310636,0.022461821692486613,0.0,True
bike-sharing,regression,catboost,2,Raw+HybridSpectral-t0.01@0.75,hybrid_prediction_mixture,orthogonal_all__m3,3,False,validation,57.91500427076115,0.02265830402585901,0.0,True
bike-sharing,regression,catboost,2,Raw+HybridSpectral-t0.01@0.75,hybrid_prediction_mixture,orthogonal_all__m3,3,False,test,60.725516124714076,0.021651858735802856,0.0,True
bike-sharing,regression,catboost,2,Raw+HybridSpectral-t0.01@0.75,hybrid_prediction_mixture,orthogonal_all__m4,4,False,validation,58.01801870314101,0.02359381918692964,0.0,True
bike-sharing,regression,catboost,2,Raw+HybridSpectral-t0.01@0.75,hybrid_prediction_mixture,orthogonal_all__m4,4,False,test,60.40336935568607,0.023482103364749127,0.0,True
bike-sharing,regression,catboost,2,Raw+HybridSpectral-t0.01@0.75,hybrid_prediction_mixture,orthogonal_all__m5,5,False,validation,57.46083455502006,0.02098441477163587,0.0,True
bike-sharing,regression,catboost,2,Raw+HybridSpectral-t0.01@0.75,hybrid_prediction_mixture,orthogonal_all__m5,5,False,test,60.33169972689794,0.02124287157935623,0.0,True
bike-sharing,regression,catboost,2,Raw+HybridSpectral-t0.01@0.75,hybrid_prediction_mixture,orthogonal_all__m6,6,False,validation,57.75815627291486,0.02425621612785123,0.0,True
bike-sharing,regression,catboost,2,Raw+HybridSpectral-t0.01@0.75,hybrid_prediction_mixture,orthogonal_all__m6,6,False,test,60.534407310342445,0.021507538970772285,0.0,True
bike-sharing,regression,catboost,2,Raw+HybridSpectral-t0.01@0.75,hybrid_prediction_mixture,orthogonal_all__m7,7,False,validation,58.19119004674867,0.021722010738921955,0.0,True
bike-sharing,regression,catboost,2,Raw+HybridSpectral-t0.01@0.75,hybrid_prediction_mixture,orthogonal_all__m7,7,False,test,60.61559100858783,0.02438490300113271,0.0,True
bike-sharing,regression,catboost,2,Raw+HybridSpectral-t0.01@1,hybrid_prediction_mixture,rbf_reference,-1,True,validation,58.55470529588023,0.0,0.0,False
bike-sharing,regression,catboost,2,Raw+HybridSpectral-t0.01@1,hybrid_prediction_mixture,rbf_reference,-1,True,test,61.5420476630599,0.0,0.0,False
bike-sharing,regression,catboost,2,Raw+HybridSpectral-t0.01@1,hybrid_prediction_mixture,orthogonal_all__m0,0,False,validation,58.55470529588023,0.0,0.0,True
bike-sharing,regression,catboost,2,Raw+HybridSpectral-t0.01@1,hybrid_prediction_mixture,orthogonal_all__m0,0,False,test,61.5420476630599,0.0,0.0,True
bike-sharing,regression,catboost,2,Raw+HybridSpectral-t0.01@1,hybrid_prediction_mixture,orthogonal_all__m1,1,False,validation,58.55470529588023,0.0,0.0,True
bike-sharing,regression,catboost,2,Raw+HybridSpectral-t0.01@1,hybrid_prediction_mixture,orthogonal_all__m1,1,False,test,61.5420476630599,0.0,0.0,True
bike-sharing,regression,catboost,2,Raw+HybridSpectral-t0.01@1,hybrid_prediction_mixture,orthogonal_all__m2,2,False,validation,58.55470529588023,0.0,0.0,True
bike-sharing,regression,catboost,2,Raw+HybridSpectral-t0.01@1,hybrid_prediction_mixture,orthogonal_all__m2,2,False,test,61.5420476630599,0.0,0.0,True
bike-sharing,regression,catboost,2,Raw+HybridSpectral-t0.01@1,hybrid_prediction_mixture,orthogonal_all__m3,3,False,validation,58.55470529588023,0.0,0.0,True
bike-sharing,regression,catboost,2,Raw+HybridSpectral-t0.01@1,hybrid_prediction_mixture,orthogonal_all__m3,3,False,test,61.5420476630599,0.0,0.0,True
bike-sharing,regression,catboost,2,Raw+HybridSpectral-t0.01@1,hybrid_prediction_mixture,orthogonal_all__m4,4,False,validation,58.55470529588023,0.0,0.0,True
bike-sharing,regression,catboost,2,Raw+HybridSpectral-t0.01@1,hybrid_prediction_mixture,orthogonal_all__m4,4,False,test,61.5420476630599,0.0,0.0,True
bike-sharing,regression,catboost,2,Raw+HybridSpectral-t0.01@1,hybrid_prediction_mixture,orthogonal_all__m5,5,False,validation,58.55470529588023,0.0,0.0,True
bike-sharing,regression,catboost,2,Raw+HybridSpectral-t0.01@1,hybrid_prediction_mixture,orthogonal_all__m5,5,False,test,61.5420476630599,0.0,0.0,True
bike-sharing,regression,catboost,2,Raw+HybridSpectral-t0.01@1,hybrid_prediction_mixture,orthogonal_all__m6,6,False,validation,58.55470529588023,0.0,0.0,True
bike-sharing,regression,catboost,2,Raw+HybridSpectral-t0.01@1,hybrid_prediction_mixture,orthogonal_all__m6,6,False,test,61.5420476630599,0.0,0.0,True
bike-sharing,regression,catboost,2,Raw+HybridSpectral-t0.01@1,hybrid_prediction_mixture,orthogonal_all__m7,7,False,validation,58.55470529588023,0.0,0.0,True
bike-sharing,regression,catboost,2,Raw+HybridSpectral-t0.01@1,hybrid_prediction_mixture,orthogonal_all__m7,7,False,test,61.5420476630599,0.0,0.0,True
bike-sharing,regression,catboost,2,Raw+HybridSpectral-t0.05@0.25,hybrid_prediction_mixture,rbf_reference,-1,True,validation,57.619805035689765,0.0,0.0,False
bike-sharing,regression,catboost,2,Raw+HybridSpectral-t0.05@0.25,hybrid_prediction_mixture,rbf_reference,-1,True,test,59.27127149639236,0.0,0.0,False
bike-sharing,regression,catboost,2,Raw+HybridSpectral-t0.05@0.25,hybrid_prediction_mixture,orthogonal_all__m0,0,False,validation,57.16512395566326,0.07755116616415145,0.0,True
bike-sharing,regression,catboost,2,Raw+HybridSpectral-t0.05@0.25,hybrid_prediction_mixture,orthogonal_all__m0,0,False,test,59.91565087134781,0.07467897557794108,0.0,True
bike-sharing,regression,catboost,2,Raw+HybridSpectral-t0.05@0.25,hybrid_prediction_mixture,orthogonal_all__m1,1,False,validation,57.633888659311516,0.0711158183704148,0.0,True
bike-sharing,regression,catboost,2,Raw+HybridSpectral-t0.05@0.25,hybrid_prediction_mixture,orthogonal_all__m1,1,False,test,60.20293270103746,0.06736985732136204,0.0,True
bike-sharing,regression,catboost,2,Raw+HybridSpectral-t0.05@0.25,hybrid_prediction_mixture,orthogonal_all__m2,2,False,validation,56.630047959525676,0.0765511395096212,0.0,True
bike-sharing,regression,catboost,2,Raw+HybridSpectral-t0.05@0.25,hybrid_prediction_mixture,orthogonal_all__m2,2,False,test,60.20220273355042,0.06738546507745985,0.0,True
bike-sharing,regression,catboost,2,Raw+HybridSpectral-t0.05@0.25,hybrid_prediction_mixture,orthogonal_all__m3,3,False,validation,57.803786832454215,0.06797491207757698,0.0,True
bike-sharing,regression,catboost,2,Raw+HybridSpectral-t0.05@0.25,hybrid_prediction_mixture,orthogonal_all__m3,3,False,test,60.183918460139296,0.06495557620740858,0.0,True
bike-sharing,regression,catboost,2,Raw+HybridSpectral-t0.05@0.25,hybrid_prediction_mixture,orthogonal_all__m4,4,False,validation,57.996409272514015,0.0707814575607889,0.0,True
bike-sharing,regression,catboost,2,Raw+HybridSpectral-t0.05@0.25,hybrid_prediction_mixture,orthogonal_all__m4,4,False,test,59.02728167228323,0.07044631009424737,0.0,True
bike-sharing,regression,catboost,2,Raw+HybridSpectral-t0.05@0.25,hybrid_prediction_mixture,orthogonal_all__m5,5,False,validation,56.301962530921095,0.06295324431490762,0.0,True
bike-sharing,regression,catboost,2,Raw+HybridSpectral-t0.05@0.25,hybrid_prediction_mixture,orthogonal_all__m5,5,False,test,58.77841326479268,0.06372861473806872,0.0,True
bike-sharing,regression,catboost,2,Raw+HybridSpectral-t0.05@0.25,hybrid_prediction_mixture,orthogonal_all__m6,6,False,validation,57.38347157283355,0.07276864838355365,0.0,True
bike-sharing,regression,catboost,2,Raw+HybridSpectral-t0.05@0.25,hybrid_prediction_mixture,orthogonal_all__m6,6,False,test,59.53006922229287,0.06452261691231685,0.0,True
bike-sharing,regression,catboost,2,Raw+HybridSpectral-t0.05@0.25,hybrid_prediction_mixture,orthogonal_all__m7,7,False,validation,58.464400566879284,0.0651660322167659,0.0,True
bike-sharing,regression,catboost,2,Raw+HybridSpectral-t0.05@0.25,hybrid_prediction_mixture,orthogonal_all__m7,7,False,test,59.65558694373702,0.07315470900339817,0.0,True
bike-sharing,regression,catboost,2,Raw+HybridSpectral-t0.05@0.5,hybrid_prediction_mixture,rbf_reference,-1,True,validation,57.59894184337908,0.0,0.0,False
bike-sharing,regression,catboost,2,Raw+HybridSpectral-t0.05@0.5,hybrid_prediction_mixture,rbf_reference,-1,True,test,59.37353856315924,0.0,0.0,False
bike-sharing,regression,catboost,2,Raw+HybridSpectral-t0.05@0.5,hybrid_prediction_mixture,orthogonal_all__m0,0,False,validation,57.32079832794034,0.051700777442767645,0.0,True
bike-sharing,regression,catboost,2,Raw+HybridSpectral-t0.05@0.5,hybrid_prediction_mixture,orthogonal_all__m0,0,False,test,59.93803800774752,0.04978598371862738,0.0,True
bike-sharing,regression,catboost,2,Raw+HybridSpectral-t0.05@0.5,hybrid_prediction_mixture,orthogonal_all__m1,1,False,validation,57.64739853681143,0.04741054558027655,0.0,True
bike-sharing,regression,catboost,2,Raw+HybridSpectral-t0.05@0.5,hybrid_prediction_mixture,orthogonal_all__m1,1,False,test,60.08912101141818,0.044913238214241376,0.0,True
bike-sharing,regression,catboost,2,Raw+HybridSpectral-t0.05@0.5,hybrid_prediction_mixture,orthogonal_all__m2,2,False,validation,57.003247598906306,0.05103409300641415,0.0,True
bike-sharing,regression,catboost,2,Raw+HybridSpectral-t0.05@0.5,hybrid_prediction_mixture,orthogonal_all__m2,2,False,test,60.1148335822087,0.04492364338497324,0.0,True
bike-sharing,regression,catboost,2,Raw+HybridSpectral-t0.05@0.5,hybrid_prediction_mixture,orthogonal_all__m3,3,False,validation,57.732914270074886,0.04531660805171801,0.0,True
bike-sharing,regression,catboost,2,Raw+HybridSpectral-t0.05@0.5,hybrid_prediction_mixture,orthogonal_all__m3,3,False,test,60.056930797456396,0.04330371747160571,0.0,True
bike-sharing,regression,catboost,2,Raw+HybridSpectral-t0.05@0.5,hybrid_prediction_mixture,orthogonal_all__m4,4,False,validation,57.8731858248753,0.04718763837385928,0.0,True
bike-sharing,regression,catboost,2,Raw+HybridSpectral-t0.05@0.5,hybrid_prediction_mixture,orthogonal_all__m4,4,False,test,59.314421216053226,0.04696420672949825,0.0,True
bike-sharing,regression,catboost,2,Raw+HybridSpectral-t0.05@0.5,hybrid_prediction_mixture,orthogonal_all__m5,5,False,validation,56.759038874195205,0.04196882954327175,0.0,True
bike-sharing,regression,catboost,2,Raw+HybridSpectral-t0.05@0.5,hybrid_prediction_mixture,orthogonal_all__m5,5,False,test,59.168740165217585,0.04248574315871246,0.0,True
bike-sharing,regression,catboost,2,Raw+HybridSpectral-t0.05@0.5,hybrid_prediction_mixture,orthogonal_all__m6,6,False,validation,57.44876343028271,0.048512432255702446,0.0,True
bike-sharing,regression,catboost,2,Raw+HybridSpectral-t0.05@0.5,hybrid_prediction_mixture,orthogonal_all__m6,6,False,test,59.63413707119902,0.04301507794154458,0.0,True
bike-sharing,regression,catboost,2,Raw+HybridSpectral-t0.05@0.5,hybrid_prediction_mixture,orthogonal_all__m7,7,False,validation,58.18000404623875,0.043444021477843944,0.0,True
bike-sharing,regression,catboost,2,Raw+HybridSpectral-t0.05@0.5,hybrid_prediction_mixture,orthogonal_all__m7,7,False,test,59.707867905019,0.04876980600226544,0.0,True
bike-sharing,regression,catboost,2,Raw+HybridSpectral-t0.05@0.75,hybrid_prediction_mixture,rbf_reference,-1,True,validation,57.93904854841736,0.0,0.0,False
bike-sharing,regression,catboost,2,Raw+HybridSpectral-t0.05@0.75,hybrid_prediction_mixture,rbf_reference,-1,True,test,59.878647554876814,0.0,0.0,False
bike-sharing,regression,catboost,2,Raw+HybridSpectral-t0.05@0.75,hybrid_prediction_mixture,orthogonal_all__m0,0,False,validation,57.81319928297364,0.02585038872138382,0.0,True
bike-sharing,regression,catboost,2,Raw+HybridSpectral-t0.05@0.75,hybrid_prediction_mixture,orthogonal_all__m0,0,False,test,60.226266862521506,0.02489299185931369,0.0,True
bike-sharing,regression,catboost,2,Raw+HybridSpectral-t0.05@0.75,hybrid_prediction_mixture,orthogonal_all__m1,1,False,validation,57.982555480648905,0.023705272790138277,0.0,True
bike-sharing,regression,catboost,2,Raw+HybridSpectral-t0.05@0.75,hybrid_prediction_mixture,orthogonal_all__m1,1,False,test,60.28129606336883,0.02245661910712068,0.0,True
bike-sharing,regression,catboost,2,Raw+HybridSpectral-t0.05@0.75,hybrid_prediction_mixture,orthogonal_all__m2,2,False,validation,57.67459303880715,0.025517046503207064,0.0,True
bike-sharing,regression,catboost,2,Raw+HybridSpectral-t0.05@0.75,hybrid_prediction_mixture,orthogonal_all__m2,2,False,test,60.30716959905648,0.02246182169248661,0.0,True
bike-sharing,regression,catboost,2,Raw+HybridSpectral-t0.05@0.75,hybrid_prediction_mixture,orthogonal_all__m3,3,False,validation,58.01125771831773,0.022658304025859013,0.0,True
bike-sharing,regression,catboost,2,Raw+HybridSpectral-t0.05@0.75,hybrid_prediction_mixture,orthogonal_all__m3,3,False,test,60.25554040496844,0.021651858735802856,0.0,True
bike-sharing,regression,catboost,2,Raw+HybridSpectral-t0.05@0.75,hybrid_prediction_mixture,orthogonal_all__m4,4,False,validation,58.086892072894514,0.02359381918692965,0.0,True
bike-sharing,regression,catboost,2,Raw+HybridSpectral-t0.05@0.75,hybrid_prediction_mixture,orthogonal_all__m4,4,False,test,59.90039340504297,0.023482103364749117,0.0,True
bike-sharing,regression,catboost,2,Raw+HybridSpectral-t0.05@0.75,hybrid_prediction_mixture,orthogonal_all__m5,5,False,validation,57.54065856691121,0.020984414771635873,0.0,True
bike-sharing,regression,catboost,2,Raw+HybridSpectral-t0.05@0.75,hybrid_prediction_mixture,orthogonal_all__m5,5,False,test,59.83785661145735,0.021242871579356233,0.0,True
bike-sharing,regression,catboost,2,Raw+HybridSpectral-t0.05@0.75,hybrid_prediction_mixture,orthogonal_all__m6,6,False,validation,57.8680859578149,0.02425621612785122,0.0,True
bike-sharing,regression,catboost,2,Raw+HybridSpectral-t0.05@0.75,hybrid_prediction_mixture,orthogonal_all__m6,6,False,test,60.05178723495894,0.021507538970772278,0.0,True
bike-sharing,regression,catboost,2,Raw+HybridSpectral-t0.05@0.75,hybrid_prediction_mixture,orthogonal_all__m7,7,False,validation,58.236815809314734,0.021722010738921965,0.0,True
bike-sharing,regression,catboost,2,Raw+HybridSpectral-t0.05@0.75,hybrid_prediction_mixture,orthogonal_all__m7,7,False,test,60.083522685667816,0.024384903001132715,0.0,True
bike-sharing,regression,catboost,2,Raw+HybridSpectral-t0.05@1,hybrid_prediction_mixture,rbf_reference,-1,True,validation,58.63384404938494,0.0,0.0,False
bike-sharing,regression,catboost,2,Raw+HybridSpectral-t0.05@1,hybrid_prediction_mixture,rbf_reference,-1,True,test,60.7765553422506,0.0,0.0,False
bike-sharing,regression,catboost,2,Raw+HybridSpectral-t0.05@1,hybrid_prediction_mixture,orthogonal_all__m0,0,False,validation,58.63384404938494,0.0,0.0,True
bike-sharing,regression,catboost,2,Raw+HybridSpectral-t0.05@1,hybrid_prediction_mixture,orthogonal_all__m0,0,False,test,60.7765553422506,0.0,0.0,True
bike-sharing,regression,catboost,2,Raw+HybridSpectral-t0.05@1,hybrid_prediction_mixture,orthogonal_all__m1,1,False,validation,58.63384404938494,0.0,0.0,True
bike-sharing,regression,catboost,2,Raw+HybridSpectral-t0.05@1,hybrid_prediction_mixture,orthogonal_all__m1,1,False,test,60.7765553422506,0.0,0.0,True
bike-sharing,regression,catboost,2,Raw+HybridSpectral-t0.05@1,hybrid_prediction_mixture,orthogonal_all__m2,2,False,validation,58.63384404938494,0.0,0.0,True
bike-sharing,regression,catboost,2,Raw+HybridSpectral-t0.05@1,hybrid_prediction_mixture,orthogonal_all__m2,2,False,test,60.7765553422506,0.0,0.0,True
bike-sharing,regression,catboost,2,Raw+HybridSpectral-t0.05@1,hybrid_prediction_mixture,orthogonal_all__m3,3,False,validation,58.63384404938494,0.0,0.0,True
bike-sharing,regression,catboost,2,Raw+HybridSpectral-t0.05@1,hybrid_prediction_mixture,orthogonal_all__m3,3,False,test,60.7765553422506,0.0,0.0,True
bike-sharing,regression,catboost,2,Raw+HybridSpectral-t0.05@1,hybrid_prediction_mixture,orthogonal_all__m4,4,False,validation,58.63384404938494,0.0,0.0,True
bike-sharing,regression,catboost,2,Raw+HybridSpectral-t0.05@1,hybrid_prediction_mixture,orthogonal_all__m4,4,False,test,60.7765553422506,0.0,0.0,True
bike-sharing,regression,catboost,2,Raw+HybridSpectral-t0.05@1,hybrid_prediction_mixture,orthogonal_all__m5,5,False,validation,58.63384404938494,0.0,0.0,True
bike-sharing,regression,catboost,2,Raw+HybridSpectral-t0.05@1,hybrid_prediction_mixture,orthogonal_all__m5,5,False,test,60.7765553422506,0.0,0.0,True
bike-sharing,regression,catboost,2,Raw+HybridSpectral-t0.05@1,hybrid_prediction_mixture,orthogonal_all__m6,6,False,validation,58.63384404938494,0.0,0.0,True
bike-sharing,regression,catboost,2,Raw+HybridSpectral-t0.05@1,hybrid_prediction_mixture,orthogonal_all__m6,6,False,test,60.7765553422506,0.0,0.0,True
bike-sharing,regression,catboost,2,Raw+HybridSpectral-t0.05@1,hybrid_prediction_mixture,orthogonal_all__m7,7,False,validation,58.63384404938494,0.0,0.0,True
bike-sharing,regression,catboost,2,Raw+HybridSpectral-t0.05@1,hybrid_prediction_mixture,orthogonal_all__m7,7,False,test,60.7765553422506,0.0,0.0,True
bike-sharing,regression,catboost,2,Raw+HybridSpectral-t0.10@0.25,hybrid_prediction_mixture,rbf_reference,-1,True,validation,57.619805035689765,0.0,0.0,False
bike-sharing,regression,catboost,2,Raw+HybridSpectral-t0.10@0.25,hybrid_prediction_mixture,rbf_reference,-1,True,test,59.27127149639236,0.0,0.0,False
bike-sharing,regression,catboost,2,Raw+HybridSpectral-t0.10@0.25,hybrid_prediction_mixture,orthogonal_all__m0,0,False,validation,57.16512395566326,0.07755116616415145,0.0,True
bike-sharing,regression,catboost,2,Raw+HybridSpectral-t0.10@0.25,hybrid_prediction_mixture,orthogonal_all__m0,0,False,test,59.91565087134781,0.07467897557794108,0.0,True
bike-sharing,regression,catboost,2,Raw+HybridSpectral-t0.10@0.25,hybrid_prediction_mixture,orthogonal_all__m1,1,False,validation,57.633888659311516,0.0711158183704148,0.0,True
bike-sharing,regression,catboost,2,Raw+HybridSpectral-t0.10@0.25,hybrid_prediction_mixture,orthogonal_all__m1,1,False,test,60.20293270103746,0.06736985732136204,0.0,True
bike-sharing,regression,catboost,2,Raw+HybridSpectral-t0.10@0.25,hybrid_prediction_mixture,orthogonal_all__m2,2,False,validation,56.630047959525676,0.0765511395096212,0.0,True
bike-sharing,regression,catboost,2,Raw+HybridSpectral-t0.10@0.25,hybrid_prediction_mixture,orthogonal_all__m2,2,False,test,60.20220273355042,0.06738546507745985,0.0,True
bike-sharing,regression,catboost,2,Raw+HybridSpectral-t0.10@0.25,hybrid_prediction_mixture,orthogonal_all__m3,3,False,validation,57.803786832454215,0.06797491207757698,0.0,True
bike-sharing,regression,catboost,2,Raw+HybridSpectral-t0.10@0.25,hybrid_prediction_mixture,orthogonal_all__m3,3,False,test,60.183918460139296,0.06495557620740858,0.0,True
bike-sharing,regression,catboost,2,Raw+HybridSpectral-t0.10@0.25,hybrid_prediction_mixture,orthogonal_all__m4,4,False,validation,57.996409272514015,0.0707814575607889,0.0,True
bike-sharing,regression,catboost,2,Raw+HybridSpectral-t0.10@0.25,hybrid_prediction_mixture,orthogonal_all__m4,4,False,test,59.02728167228323,0.07044631009424737,0.0,True
bike-sharing,regression,catboost,2,Raw+HybridSpectral-t0.10@0.25,hybrid_prediction_mixture,orthogonal_all__m5,5,False,validation,56.301962530921095,0.06295324431490762,0.0,True
bike-sharing,regression,catboost,2,Raw+HybridSpectral-t0.10@0.25,hybrid_prediction_mixture,orthogonal_all__m5,5,False,test,58.77841326479268,0.06372861473806872,0.0,True
bike-sharing,regression,catboost,2,Raw+HybridSpectral-t0.10@0.25,hybrid_prediction_mixture,orthogonal_all__m6,6,False,validation,57.38347157283355,0.07276864838355365,0.0,True
bike-sharing,regression,catboost,2,Raw+HybridSpectral-t0.10@0.25,hybrid_prediction_mixture,orthogonal_all__m6,6,False,test,59.53006922229287,0.06452261691231685,0.0,True
bike-sharing,regression,catboost,2,Raw+HybridSpectral-t0.10@0.25,hybrid_prediction_mixture,orthogonal_all__m7,7,False,validation,58.464400566879284,0.0651660322167659,0.0,True
bike-sharing,regression,catboost,2,Raw+HybridSpectral-t0.10@0.25,hybrid_prediction_mixture,orthogonal_all__m7,7,False,test,59.65558694373702,0.07315470900339817,0.0,True
bike-sharing,regression,catboost,2,Raw+HybridSpectral-t0.10@0.5,hybrid_prediction_mixture,rbf_reference,-1,True,validation,57.59894184337908,0.0,0.0,False
bike-sharing,regression,catboost,2,Raw+HybridSpectral-t0.10@0.5,hybrid_prediction_mixture,rbf_reference,-1,True,test,59.37353856315924,0.0,0.0,False
bike-sharing,regression,catboost,2,Raw+HybridSpectral-t0.10@0.5,hybrid_prediction_mixture,orthogonal_all__m0,0,False,validation,57.32079832794034,0.051700777442767645,0.0,True
bike-sharing,regression,catboost,2,Raw+HybridSpectral-t0.10@0.5,hybrid_prediction_mixture,orthogonal_all__m0,0,False,test,59.93803800774752,0.04978598371862738,0.0,True
bike-sharing,regression,catboost,2,Raw+HybridSpectral-t0.10@0.5,hybrid_prediction_mixture,orthogonal_all__m1,1,False,validation,57.64739853681143,0.04741054558027655,0.0,True
bike-sharing,regression,catboost,2,Raw+HybridSpectral-t0.10@0.5,hybrid_prediction_mixture,orthogonal_all__m1,1,False,test,60.08912101141818,0.044913238214241376,0.0,True
bike-sharing,regression,catboost,2,Raw+HybridSpectral-t0.10@0.5,hybrid_prediction_mixture,orthogonal_all__m2,2,False,validation,57.003247598906306,0.05103409300641415,0.0,True
bike-sharing,regression,catboost,2,Raw+HybridSpectral-t0.10@0.5,hybrid_prediction_mixture,orthogonal_all__m2,2,False,test,60.1148335822087,0.04492364338497324,0.0,True
bike-sharing,regression,catboost,2,Raw+HybridSpectral-t0.10@0.5,hybrid_prediction_mixture,orthogonal_all__m3,3,False,validation,57.732914270074886,0.04531660805171801,0.0,True
bike-sharing,regression,catboost,2,Raw+HybridSpectral-t0.10@0.5,hybrid_prediction_mixture,orthogonal_all__m3,3,False,test,60.056930797456396,0.04330371747160571,0.0,True
bike-sharing,regression,catboost,2,Raw+HybridSpectral-t0.10@0.5,hybrid_prediction_mixture,orthogonal_all__m4,4,False,validation,57.8731858248753,0.04718763837385928,0.0,True
bike-sharing,regression,catboost,2,Raw+HybridSpectral-t0.10@0.5,hybrid_prediction_mixture,orthogonal_all__m4,4,False,test,59.314421216053226,0.04696420672949825,0.0,True
bike-sharing,regression,catboost,2,Raw+HybridSpectral-t0.10@0.5,hybrid_prediction_mixture,orthogonal_all__m5,5,False,validation,56.759038874195205,0.04196882954327175,0.0,True
bike-sharing,regression,catboost,2,Raw+HybridSpectral-t0.10@0.5,hybrid_prediction_mixture,orthogonal_all__m5,5,False,test,59.168740165217585,0.04248574315871246,0.0,True
bike-sharing,regression,catboost,2,Raw+HybridSpectral-t0.10@0.5,hybrid_prediction_mixture,orthogonal_all__m6,6,False,validation,57.44876343028271,0.048512432255702446,0.0,True
bike-sharing,regression,catboost,2,Raw+HybridSpectral-t0.10@0.5,hybrid_prediction_mixture,orthogonal_all__m6,6,False,test,59.63413707119902,0.04301507794154458,0.0,True
bike-sharing,regression,catboost,2,Raw+HybridSpectral-t0.10@0.5,hybrid_prediction_mixture,orthogonal_all__m7,7,False,validation,58.18000404623875,0.043444021477843944,0.0,True
bike-sharing,regression,catboost,2,Raw+HybridSpectral-t0.10@0.5,hybrid_prediction_mixture,orthogonal_all__m7,7,False,test,59.707867905019,0.04876980600226544,0.0,True
bike-sharing,regression,catboost,2,Raw+HybridSpectral-t0.10@0.75,hybrid_prediction_mixture,rbf_reference,-1,True,validation,57.93904854841736,0.0,0.0,False
bike-sharing,regression,catboost,2,Raw+HybridSpectral-t0.10@0.75,hybrid_prediction_mixture,rbf_reference,-1,True,test,59.878647554876814,0.0,0.0,False
bike-sharing,regression,catboost,2,Raw+HybridSpectral-t0.10@0.75,hybrid_prediction_mixture,orthogonal_all__m0,0,False,validation,57.81319928297364,0.02585038872138382,0.0,True
bike-sharing,regression,catboost,2,Raw+HybridSpectral-t0.10@0.75,hybrid_prediction_mixture,orthogonal_all__m0,0,False,test,60.226266862521506,0.02489299185931369,0.0,True
bike-sharing,regression,catboost,2,Raw+HybridSpectral-t0.10@0.75,hybrid_prediction_mixture,orthogonal_all__m1,1,False,validation,57.982555480648905,0.023705272790138277,0.0,True
bike-sharing,regression,catboost,2,Raw+HybridSpectral-t0.10@0.75,hybrid_prediction_mixture,orthogonal_all__m1,1,False,test,60.28129606336883,0.02245661910712068,0.0,True
bike-sharing,regression,catboost,2,Raw+HybridSpectral-t0.10@0.75,hybrid_prediction_mixture,orthogonal_all__m2,2,False,validation,57.67459303880715,0.025517046503207064,0.0,True
bike-sharing,regression,catboost,2,Raw+HybridSpectral-t0.10@0.75,hybrid_prediction_mixture,orthogonal_all__m2,2,False,test,60.30716959905648,0.02246182169248661,0.0,True
bike-sharing,regression,catboost,2,Raw+HybridSpectral-t0.10@0.75,hybrid_prediction_mixture,orthogonal_all__m3,3,False,validation,58.01125771831773,0.022658304025859013,0.0,True
bike-sharing,regression,catboost,2,Raw+HybridSpectral-t0.10@0.75,hybrid_prediction_mixture,orthogonal_all__m3,3,False,test,60.25554040496844,0.021651858735802856,0.0,True
bike-sharing,regression,catboost,2,Raw+HybridSpectral-t0.10@0.75,hybrid_prediction_mixture,orthogonal_all__m4,4,False,validation,58.086892072894514,0.02359381918692965,0.0,True
bike-sharing,regression,catboost,2,Raw+HybridSpectral-t0.10@0.75,hybrid_prediction_mixture,orthogonal_all__m4,4,False,test,59.90039340504297,0.023482103364749117,0.0,True
bike-sharing,regression,catboost,2,Raw+HybridSpectral-t0.10@0.75,hybrid_prediction_mixture,orthogonal_all__m5,5,False,validation,57.54065856691121,0.020984414771635873,0.0,True
bike-sharing,regression,catboost,2,Raw+HybridSpectral-t0.10@0.75,hybrid_prediction_mixture,orthogonal_all__m5,5,False,test,59.83785661145735,0.021242871579356233,0.0,True
bike-sharing,regression,catboost,2,Raw+HybridSpectral-t0.10@0.75,hybrid_prediction_mixture,orthogonal_all__m6,6,False,validation,57.8680859578149,0.02425621612785122,0.0,True
bike-sharing,regression,catboost,2,Raw+HybridSpectral-t0.10@0.75,hybrid_prediction_mixture,orthogonal_all__m6,6,False,test,60.05178723495894,0.021507538970772278,0.0,True
bike-sharing,regression,catboost,2,Raw+HybridSpectral-t0.10@0.75,hybrid_prediction_mixture,orthogonal_all__m7,7,False,validation,58.236815809314734,0.021722010738921965,0.0,True
bike-sharing,regression,catboost,2,Raw+HybridSpectral-t0.10@0.75,hybrid_prediction_mixture,orthogonal_all__m7,7,False,test,60.083522685667816,0.024384903001132715,0.0,True
bike-sharing,regression,catboost,2,Raw+HybridSpectral-t0.10@1,hybrid_prediction_mixture,rbf_reference,-1,True,validation,58.63384404938494,0.0,0.0,False
bike-sharing,regression,catboost,2,Raw+HybridSpectral-t0.10@1,hybrid_prediction_mixture,rbf_reference,-1,True,test,60.7765553422506,0.0,0.0,False
bike-sharing,regression,catboost,2,Raw+HybridSpectral-t0.10@1,hybrid_prediction_mixture,orthogonal_all__m0,0,False,validation,58.63384404938494,0.0,0.0,True
bike-sharing,regression,catboost,2,Raw+HybridSpectral-t0.10@1,hybrid_prediction_mixture,orthogonal_all__m0,0,False,test,60.7765553422506,0.0,0.0,True
bike-sharing,regression,catboost,2,Raw+HybridSpectral-t0.10@1,hybrid_prediction_mixture,orthogonal_all__m1,1,False,validation,58.63384404938494,0.0,0.0,True
bike-sharing,regression,catboost,2,Raw+HybridSpectral-t0.10@1,hybrid_prediction_mixture,orthogonal_all__m1,1,False,test,60.7765553422506,0.0,0.0,True
bike-sharing,regression,catboost,2,Raw+HybridSpectral-t0.10@1,hybrid_prediction_mixture,orthogonal_all__m2,2,False,validation,58.63384404938494,0.0,0.0,True
bike-sharing,regression,catboost,2,Raw+HybridSpectral-t0.10@1,hybrid_prediction_mixture,orthogonal_all__m2,2,False,test,60.7765553422506,0.0,0.0,True
bike-sharing,regression,catboost,2,Raw+HybridSpectral-t0.10@1,hybrid_prediction_mixture,orthogonal_all__m3,3,False,validation,58.63384404938494,0.0,0.0,True
bike-sharing,regression,catboost,2,Raw+HybridSpectral-t0.10@1,hybrid_prediction_mixture,orthogonal_all__m3,3,False,test,60.7765553422506,0.0,0.0,True
bike-sharing,regression,catboost,2,Raw+HybridSpectral-t0.10@1,hybrid_prediction_mixture,orthogonal_all__m4,4,False,validation,58.63384404938494,0.0,0.0,True
bike-sharing,regression,catboost,2,Raw+HybridSpectral-t0.10@1,hybrid_prediction_mixture,orthogonal_all__m4,4,False,test,60.7765553422506,0.0,0.0,True
bike-sharing,regression,catboost,2,Raw+HybridSpectral-t0.10@1,hybrid_prediction_mixture,orthogonal_all__m5,5,False,validation,58.63384404938494,0.0,0.0,True
bike-sharing,regression,catboost,2,Raw+HybridSpectral-t0.10@1,hybrid_prediction_mixture,orthogonal_all__m5,5,False,test,60.7765553422506,0.0,0.0,True
bike-sharing,regression,catboost,2,Raw+HybridSpectral-t0.10@1,hybrid_prediction_mixture,orthogonal_all__m6,6,False,validation,58.63384404938494,0.0,0.0,True
bike-sharing,regression,catboost,2,Raw+HybridSpectral-t0.10@1,hybrid_prediction_mixture,orthogonal_all__m6,6,False,test,60.7765553422506,0.0,0.0,True
bike-sharing,regression,catboost,2,Raw+HybridSpectral-t0.10@1,hybrid_prediction_mixture,orthogonal_all__m7,7,False,validation,58.63384404938494,0.0,0.0,True
bike-sharing,regression,catboost,2,Raw+HybridSpectral-t0.10@1,hybrid_prediction_mixture,orthogonal_all__m7,7,False,test,60.7765553422506,0.0,0.0,True
