dataset,problem_type,model,seed,method,track,representation_id,member,is_reference,split,task_error,disagreement,fit_seconds,prediction_reused_due_to_coordinate_identity
wine-quality-red,regression,catboost,1,Raw,representation,rbf_reference,-1,True,validation,0.6471725064992828,0.0,0.5630854091141373,False
wine-quality-red,regression,catboost,1,Raw,representation,rbf_reference,-1,True,test,0.6434968461287921,0.0,0.5630854091141373,False
wine-quality-red,regression,catboost,1,Raw,representation,orthogonal_all__m0,0,False,validation,0.6573222529832761,0.13747255909809408,0.8260956869926304,False
wine-quality-red,regression,catboost,1,Raw,representation,orthogonal_all__m0,0,False,test,0.6516281358810204,0.1287006037095962,0.8260956869926304,False
wine-quality-red,regression,catboost,1,Raw,representation,orthogonal_all__m1,1,False,validation,0.6482000097889636,0.13965012432135337,0.6330358781851828,False
wine-quality-red,regression,catboost,1,Raw,representation,orthogonal_all__m1,1,False,test,0.6513024714112778,0.136233724385004,0.6330358781851828,False
wine-quality-red,regression,catboost,1,Raw,representation,orthogonal_all__m2,2,False,validation,0.6492136365068234,0.1317184184550618,0.7613963410258293,False
wine-quality-red,regression,catboost,1,Raw,representation,orthogonal_all__m2,2,False,test,0.6590389545400601,0.12361596931080415,0.7613963410258293,False
wine-quality-red,regression,catboost,1,Raw,representation,orthogonal_all__m3,3,False,validation,0.6444405162294251,0.1470791775792303,0.6899247940164059,False
wine-quality-red,regression,catboost,1,Raw,representation,orthogonal_all__m3,3,False,test,0.6514272229889985,0.13532596328331428,0.6899247940164059,False
wine-quality-red,regression,catboost,1,Raw,representation,orthogonal_all__m4,4,False,validation,0.6621502448005511,0.13819986717487637,0.9472570409998298,False
wine-quality-red,regression,catboost,1,Raw,representation,orthogonal_all__m4,4,False,test,0.6497757567296409,0.14072038281235408,0.9472570409998298,False
wine-quality-red,regression,catboost,1,Raw,representation,orthogonal_all__m5,5,False,validation,0.650960372118053,0.13659188377489972,0.9009193750098348,False
wine-quality-red,regression,catboost,1,Raw,representation,orthogonal_all__m5,5,False,test,0.6511909355903016,0.13492974155315052,0.9009193750098348,False
wine-quality-red,regression,catboost,1,Raw,representation,orthogonal_all__m6,6,False,validation,0.6519152763837959,0.1297955787952141,0.7536391499452293,False
wine-quality-red,regression,catboost,1,Raw,representation,orthogonal_all__m6,6,False,test,0.6443643316473862,0.13013568803755812,0.7536391499452293,False
wine-quality-red,regression,catboost,1,Raw,representation,orthogonal_all__m7,7,False,validation,0.6478768276416748,0.1304001326506873,0.906913188053295,False
wine-quality-red,regression,catboost,1,Raw,representation,orthogonal_all__m7,7,False,test,0.6470937926353058,0.13399221260897048,0.906913188053295,False
wine-quality-red,regression,catboost,1,PCA,representation,pca__v1__rbf_reference,-1,True,validation,0.6559976835537731,0.0,0.7525660039391369,False
wine-quality-red,regression,catboost,1,PCA,representation,pca__v1__rbf_reference,-1,True,test,0.6493435971405662,0.0,0.7525660039391369,False
wine-quality-red,regression,catboost,1,PCA,representation,pca__v1__orthogonal_all__m0,0,False,validation,0.6559976835537731,0.0,0.0,True
wine-quality-red,regression,catboost,1,PCA,representation,pca__v1__orthogonal_all__m0,0,False,test,0.6493435971405662,0.0,0.0,True
wine-quality-red,regression,catboost,1,PCA,representation,pca__v1__orthogonal_all__m1,1,False,validation,0.6559976835537731,0.0,0.0,True
wine-quality-red,regression,catboost,1,PCA,representation,pca__v1__orthogonal_all__m1,1,False,test,0.6493435971405662,0.0,0.0,True
wine-quality-red,regression,catboost,1,PCA,representation,pca__v1__orthogonal_all__m2,2,False,validation,0.6559976835537731,0.0,0.0,True
wine-quality-red,regression,catboost,1,PCA,representation,pca__v1__orthogonal_all__m2,2,False,test,0.6493435971405662,0.0,0.0,True
wine-quality-red,regression,catboost,1,PCA,representation,pca__v1__orthogonal_all__m3,3,False,validation,0.6559976835537731,0.0,0.0,True
wine-quality-red,regression,catboost,1,PCA,representation,pca__v1__orthogonal_all__m3,3,False,test,0.6493435971405662,0.0,0.0,True
wine-quality-red,regression,catboost,1,PCA,representation,pca__v1__orthogonal_all__m4,4,False,validation,0.6559976835537731,0.0,0.0,True
wine-quality-red,regression,catboost,1,PCA,representation,pca__v1__orthogonal_all__m4,4,False,test,0.6493435971405662,0.0,0.0,True
wine-quality-red,regression,catboost,1,PCA,representation,pca__v1__orthogonal_all__m5,5,False,validation,0.6559976835537731,0.0,0.0,True
wine-quality-red,regression,catboost,1,PCA,representation,pca__v1__orthogonal_all__m5,5,False,test,0.6493435971405662,0.0,0.0,True
wine-quality-red,regression,catboost,1,PCA,representation,pca__v1__orthogonal_all__m6,6,False,validation,0.6559976835537731,0.0,0.0,True
wine-quality-red,regression,catboost,1,PCA,representation,pca__v1__orthogonal_all__m6,6,False,test,0.6493435971405662,0.0,0.0,True
wine-quality-red,regression,catboost,1,PCA,representation,pca__v1__orthogonal_all__m7,7,False,validation,0.6559976835537731,0.0,0.0,True
wine-quality-red,regression,catboost,1,PCA,representation,pca__v1__orthogonal_all__m7,7,False,test,0.6493435971405662,0.0,0.0,True
wine-quality-red,regression,catboost,1,GramAnchor,representation,gram_anchor__pivot_tie_v2__rbf_reference,-1,True,validation,0.6415744019647092,0.0,1.1737047259230167,False
wine-quality-red,regression,catboost,1,GramAnchor,representation,gram_anchor__pivot_tie_v2__rbf_reference,-1,True,test,0.6486798031200971,0.0,1.1737047259230167,False
wine-quality-red,regression,catboost,1,GramAnchor,representation,gram_anchor__pivot_tie_v2__orthogonal_all__m0,0,False,validation,0.6415744019647092,0.0,0.0,True
wine-quality-red,regression,catboost,1,GramAnchor,representation,gram_anchor__pivot_tie_v2__orthogonal_all__m0,0,False,test,0.6486798031200971,0.0,0.0,True
wine-quality-red,regression,catboost,1,GramAnchor,representation,gram_anchor__pivot_tie_v2__orthogonal_all__m1,1,False,validation,0.6415744019647092,0.0,0.0,True
wine-quality-red,regression,catboost,1,GramAnchor,representation,gram_anchor__pivot_tie_v2__orthogonal_all__m1,1,False,test,0.6486798031200971,0.0,0.0,True
wine-quality-red,regression,catboost,1,GramAnchor,representation,gram_anchor__pivot_tie_v2__orthogonal_all__m2,2,False,validation,0.6415744019647092,0.0,0.0,True
wine-quality-red,regression,catboost,1,GramAnchor,representation,gram_anchor__pivot_tie_v2__orthogonal_all__m2,2,False,test,0.6486798031200971,0.0,0.0,True
wine-quality-red,regression,catboost,1,GramAnchor,representation,gram_anchor__pivot_tie_v2__orthogonal_all__m3,3,False,validation,0.6415744019647092,0.0,0.0,True
wine-quality-red,regression,catboost,1,GramAnchor,representation,gram_anchor__pivot_tie_v2__orthogonal_all__m3,3,False,test,0.6486798031200971,0.0,0.0,True
wine-quality-red,regression,catboost,1,GramAnchor,representation,gram_anchor__pivot_tie_v2__orthogonal_all__m4,4,False,validation,0.6415744019647092,0.0,0.0,True
wine-quality-red,regression,catboost,1,GramAnchor,representation,gram_anchor__pivot_tie_v2__orthogonal_all__m4,4,False,test,0.6486798031200971,0.0,0.0,True
wine-quality-red,regression,catboost,1,GramAnchor,representation,gram_anchor__pivot_tie_v2__orthogonal_all__m5,5,False,validation,0.6415744019647092,0.0,0.0,True
wine-quality-red,regression,catboost,1,GramAnchor,representation,gram_anchor__pivot_tie_v2__orthogonal_all__m5,5,False,test,0.6486798031200971,0.0,0.0,True
wine-quality-red,regression,catboost,1,GramAnchor,representation,gram_anchor__pivot_tie_v2__orthogonal_all__m6,6,False,validation,0.6415744019647092,0.0,0.0,True
wine-quality-red,regression,catboost,1,GramAnchor,representation,gram_anchor__pivot_tie_v2__orthogonal_all__m6,6,False,test,0.6486798031200971,0.0,0.0,True
wine-quality-red,regression,catboost,1,GramAnchor,representation,gram_anchor__pivot_tie_v2__orthogonal_all__m7,7,False,validation,0.6415744019647092,0.0,0.0,True
wine-quality-red,regression,catboost,1,GramAnchor,representation,gram_anchor__pivot_tie_v2__orthogonal_all__m7,7,False,test,0.6486798031200971,0.0,0.0,True
wine-quality-red,regression,catboost,1,GramAnchor-m8,representation,gram_anchor__pivot_tie_v2__rbf_reference,-1,True,validation,0.6405699763479827,0.0,0.9466647359076887,False
wine-quality-red,regression,catboost,1,GramAnchor-m8,representation,gram_anchor__pivot_tie_v2__rbf_reference,-1,True,test,0.652189001073825,0.0,0.9466647359076887,False
wine-quality-red,regression,catboost,1,GramAnchor-m8,representation,gram_anchor__pivot_tie_v2__orthogonal_all__m0,0,False,validation,0.6405699763479827,0.0,0.0,True
wine-quality-red,regression,catboost,1,GramAnchor-m8,representation,gram_anchor__pivot_tie_v2__orthogonal_all__m0,0,False,test,0.652189001073825,0.0,0.0,True
wine-quality-red,regression,catboost,1,GramAnchor-m8,representation,gram_anchor__pivot_tie_v2__orthogonal_all__m1,1,False,validation,0.6405699763479827,0.0,0.0,True
wine-quality-red,regression,catboost,1,GramAnchor-m8,representation,gram_anchor__pivot_tie_v2__orthogonal_all__m1,1,False,test,0.652189001073825,0.0,0.0,True
wine-quality-red,regression,catboost,1,GramAnchor-m8,representation,gram_anchor__pivot_tie_v2__orthogonal_all__m2,2,False,validation,0.6405699763479827,0.0,0.0,True
wine-quality-red,regression,catboost,1,GramAnchor-m8,representation,gram_anchor__pivot_tie_v2__orthogonal_all__m2,2,False,test,0.652189001073825,0.0,0.0,True
wine-quality-red,regression,catboost,1,GramAnchor-m8,representation,gram_anchor__pivot_tie_v2__orthogonal_all__m3,3,False,validation,0.6405699763479827,0.0,0.0,True
wine-quality-red,regression,catboost,1,GramAnchor-m8,representation,gram_anchor__pivot_tie_v2__orthogonal_all__m3,3,False,test,0.652189001073825,0.0,0.0,True
wine-quality-red,regression,catboost,1,GramAnchor-m8,representation,gram_anchor__pivot_tie_v2__orthogonal_all__m4,4,False,validation,0.6405699763479827,0.0,0.0,True
wine-quality-red,regression,catboost,1,GramAnchor-m8,representation,gram_anchor__pivot_tie_v2__orthogonal_all__m4,4,False,test,0.652189001073825,0.0,0.0,True
wine-quality-red,regression,catboost,1,GramAnchor-m8,representation,gram_anchor__pivot_tie_v2__orthogonal_all__m5,5,False,validation,0.6405699763479827,0.0,0.0,True
wine-quality-red,regression,catboost,1,GramAnchor-m8,representation,gram_anchor__pivot_tie_v2__orthogonal_all__m5,5,False,test,0.652189001073825,0.0,0.0,True
wine-quality-red,regression,catboost,1,GramAnchor-m8,representation,gram_anchor__pivot_tie_v2__orthogonal_all__m6,6,False,validation,0.6405699763479827,0.0,0.0,True
wine-quality-red,regression,catboost,1,GramAnchor-m8,representation,gram_anchor__pivot_tie_v2__orthogonal_all__m6,6,False,test,0.652189001073825,0.0,0.0,True
wine-quality-red,regression,catboost,1,GramAnchor-m8,representation,gram_anchor__pivot_tie_v2__orthogonal_all__m7,7,False,validation,0.6405699763479827,0.0,0.0,True
wine-quality-red,regression,catboost,1,GramAnchor-m8,representation,gram_anchor__pivot_tie_v2__orthogonal_all__m7,7,False,test,0.652189001073825,0.0,0.0,True
wine-quality-red,regression,catboost,1,GramDistance,representation,gram_distance__pivot_tie_v2__rbf_reference,-1,True,validation,0.6545710325201253,0.0,1.4197980219032615,False
wine-quality-red,regression,catboost,1,GramDistance,representation,gram_distance__pivot_tie_v2__rbf_reference,-1,True,test,0.6558919920319968,0.0,1.4197980219032615,False
wine-quality-red,regression,catboost,1,GramDistance,representation,gram_distance__pivot_tie_v2__orthogonal_all__m0,0,False,validation,0.6545710325201253,0.0,0.0,True
wine-quality-red,regression,catboost,1,GramDistance,representation,gram_distance__pivot_tie_v2__orthogonal_all__m0,0,False,test,0.6558919920319968,0.0,0.0,True
wine-quality-red,regression,catboost,1,GramDistance,representation,gram_distance__pivot_tie_v2__orthogonal_all__m1,1,False,validation,0.6545710325201253,0.0,0.0,True
wine-quality-red,regression,catboost,1,GramDistance,representation,gram_distance__pivot_tie_v2__orthogonal_all__m1,1,False,test,0.6558919920319968,0.0,0.0,True
wine-quality-red,regression,catboost,1,GramDistance,representation,gram_distance__pivot_tie_v2__orthogonal_all__m2,2,False,validation,0.6545710325201253,0.0,0.0,True
wine-quality-red,regression,catboost,1,GramDistance,representation,gram_distance__pivot_tie_v2__orthogonal_all__m2,2,False,test,0.6558919920319968,0.0,0.0,True
wine-quality-red,regression,catboost,1,GramDistance,representation,gram_distance__pivot_tie_v2__orthogonal_all__m3,3,False,validation,0.6545710325201253,0.0,0.0,True
wine-quality-red,regression,catboost,1,GramDistance,representation,gram_distance__pivot_tie_v2__orthogonal_all__m3,3,False,test,0.6558919920319968,0.0,0.0,True
wine-quality-red,regression,catboost,1,GramDistance,representation,gram_distance__pivot_tie_v2__orthogonal_all__m4,4,False,validation,0.6545710325201253,0.0,0.0,True
wine-quality-red,regression,catboost,1,GramDistance,representation,gram_distance__pivot_tie_v2__orthogonal_all__m4,4,False,test,0.6558919920319968,0.0,0.0,True
wine-quality-red,regression,catboost,1,GramDistance,representation,gram_distance__pivot_tie_v2__orthogonal_all__m5,5,False,validation,0.6545710325201253,0.0,0.0,True
wine-quality-red,regression,catboost,1,GramDistance,representation,gram_distance__pivot_tie_v2__orthogonal_all__m5,5,False,test,0.6558919920319968,0.0,0.0,True
wine-quality-red,regression,catboost,1,GramDistance,representation,gram_distance__pivot_tie_v2__orthogonal_all__m6,6,False,validation,0.6545710325201253,0.0,0.0,True
wine-quality-red,regression,catboost,1,GramDistance,representation,gram_distance__pivot_tie_v2__orthogonal_all__m6,6,False,test,0.6558919920319968,0.0,0.0,True
wine-quality-red,regression,catboost,1,GramDistance,representation,gram_distance__pivot_tie_v2__orthogonal_all__m7,7,False,validation,0.6545710325201253,0.0,0.0,True
wine-quality-red,regression,catboost,1,GramDistance,representation,gram_distance__pivot_tie_v2__orthogonal_all__m7,7,False,test,0.6558919920319968,0.0,0.0,True
wine-quality-red,regression,catboost,1,NystromGram,representation,nystrom_gram__nystrom_degeneracy_v3__rbf_reference,-1,True,validation,0.6465770821265598,0.0,0.5885516558773816,False
wine-quality-red,regression,catboost,1,NystromGram,representation,nystrom_gram__nystrom_degeneracy_v3__rbf_reference,-1,True,test,0.645065343920625,0.0,0.5885516558773816,False
wine-quality-red,regression,catboost,1,NystromGram,representation,nystrom_gram__nystrom_degeneracy_v3__orthogonal_all__m0,0,False,validation,0.6465770821265598,0.0,0.0,True
wine-quality-red,regression,catboost,1,NystromGram,representation,nystrom_gram__nystrom_degeneracy_v3__orthogonal_all__m0,0,False,test,0.645065343920625,0.0,0.0,True
wine-quality-red,regression,catboost,1,NystromGram,representation,nystrom_gram__nystrom_degeneracy_v3__orthogonal_all__m1,1,False,validation,0.6465770821265598,0.0,0.0,True
wine-quality-red,regression,catboost,1,NystromGram,representation,nystrom_gram__nystrom_degeneracy_v3__orthogonal_all__m1,1,False,test,0.645065343920625,0.0,0.0,True
wine-quality-red,regression,catboost,1,NystromGram,representation,nystrom_gram__nystrom_degeneracy_v3__orthogonal_all__m2,2,False,validation,0.6465770821265598,0.0,0.0,True
wine-quality-red,regression,catboost,1,NystromGram,representation,nystrom_gram__nystrom_degeneracy_v3__orthogonal_all__m2,2,False,test,0.645065343920625,0.0,0.0,True
wine-quality-red,regression,catboost,1,NystromGram,representation,nystrom_gram__nystrom_degeneracy_v3__orthogonal_all__m3,3,False,validation,0.6465770821265598,0.0,0.0,True
wine-quality-red,regression,catboost,1,NystromGram,representation,nystrom_gram__nystrom_degeneracy_v3__orthogonal_all__m3,3,False,test,0.645065343920625,0.0,0.0,True
wine-quality-red,regression,catboost,1,NystromGram,representation,nystrom_gram__nystrom_degeneracy_v3__orthogonal_all__m4,4,False,validation,0.6465770821265598,0.0,0.0,True
wine-quality-red,regression,catboost,1,NystromGram,representation,nystrom_gram__nystrom_degeneracy_v3__orthogonal_all__m4,4,False,test,0.645065343920625,0.0,0.0,True
wine-quality-red,regression,catboost,1,NystromGram,representation,nystrom_gram__nystrom_degeneracy_v3__orthogonal_all__m5,5,False,validation,0.6465770821265598,0.0,0.0,True
wine-quality-red,regression,catboost,1,NystromGram,representation,nystrom_gram__nystrom_degeneracy_v3__orthogonal_all__m5,5,False,test,0.645065343920625,0.0,0.0,True
wine-quality-red,regression,catboost,1,NystromGram,representation,nystrom_gram__nystrom_degeneracy_v3__orthogonal_all__m6,6,False,validation,0.6465770821265598,0.0,0.0,True
wine-quality-red,regression,catboost,1,NystromGram,representation,nystrom_gram__nystrom_degeneracy_v3__orthogonal_all__m6,6,False,test,0.645065343920625,0.0,0.0,True
wine-quality-red,regression,catboost,1,NystromGram,representation,nystrom_gram__nystrom_degeneracy_v3__orthogonal_all__m7,7,False,validation,0.6465770821265598,0.0,0.0,True
wine-quality-red,regression,catboost,1,NystromGram,representation,nystrom_gram__nystrom_degeneracy_v3__orthogonal_all__m7,7,False,test,0.645065343920625,0.0,0.0,True
wine-quality-red,regression,catboost,1,HybridSpectral-t0.01,representation,hybrid_spectral__pivot_tie_v2__rbf_reference,-1,True,validation,0.6559976835537731,0.0,0.7996559729799628,False
wine-quality-red,regression,catboost,1,HybridSpectral-t0.01,representation,hybrid_spectral__pivot_tie_v2__rbf_reference,-1,True,test,0.6493435971405662,0.0,0.7996559729799628,False
wine-quality-red,regression,catboost,1,HybridSpectral-t0.01,representation,hybrid_spectral__pivot_tie_v2__orthogonal_all__m0,0,False,validation,0.6559976835537731,0.0,0.0,True
wine-quality-red,regression,catboost,1,HybridSpectral-t0.01,representation,hybrid_spectral__pivot_tie_v2__orthogonal_all__m0,0,False,test,0.6493435971405662,0.0,0.0,True
wine-quality-red,regression,catboost,1,HybridSpectral-t0.01,representation,hybrid_spectral__pivot_tie_v2__orthogonal_all__m1,1,False,validation,0.6559976835537731,0.0,0.0,True
wine-quality-red,regression,catboost,1,HybridSpectral-t0.01,representation,hybrid_spectral__pivot_tie_v2__orthogonal_all__m1,1,False,test,0.6493435971405662,0.0,0.0,True
wine-quality-red,regression,catboost,1,HybridSpectral-t0.01,representation,hybrid_spectral__pivot_tie_v2__orthogonal_all__m2,2,False,validation,0.6559976835537731,0.0,0.0,True
wine-quality-red,regression,catboost,1,HybridSpectral-t0.01,representation,hybrid_spectral__pivot_tie_v2__orthogonal_all__m2,2,False,test,0.6493435971405662,0.0,0.0,True
wine-quality-red,regression,catboost,1,HybridSpectral-t0.01,representation,hybrid_spectral__pivot_tie_v2__orthogonal_all__m3,3,False,validation,0.6559976835537731,0.0,0.0,True
wine-quality-red,regression,catboost,1,HybridSpectral-t0.01,representation,hybrid_spectral__pivot_tie_v2__orthogonal_all__m3,3,False,test,0.6493435971405662,0.0,0.0,True
wine-quality-red,regression,catboost,1,HybridSpectral-t0.01,representation,hybrid_spectral__pivot_tie_v2__orthogonal_all__m4,4,False,validation,0.6559976835537731,0.0,0.0,True
wine-quality-red,regression,catboost,1,HybridSpectral-t0.01,representation,hybrid_spectral__pivot_tie_v2__orthogonal_all__m4,4,False,test,0.6493435971405662,0.0,0.0,True
wine-quality-red,regression,catboost,1,HybridSpectral-t0.01,representation,hybrid_spectral__pivot_tie_v2__orthogonal_all__m5,5,False,validation,0.6559976835537731,0.0,0.0,True
wine-quality-red,regression,catboost,1,HybridSpectral-t0.01,representation,hybrid_spectral__pivot_tie_v2__orthogonal_all__m5,5,False,test,0.6493435971405662,0.0,0.0,True
wine-quality-red,regression,catboost,1,HybridSpectral-t0.01,representation,hybrid_spectral__pivot_tie_v2__orthogonal_all__m6,6,False,validation,0.6559976835537731,0.0,0.0,True
wine-quality-red,regression,catboost,1,HybridSpectral-t0.01,representation,hybrid_spectral__pivot_tie_v2__orthogonal_all__m6,6,False,test,0.6493435971405662,0.0,0.0,True
wine-quality-red,regression,catboost,1,HybridSpectral-t0.01,representation,hybrid_spectral__pivot_tie_v2__orthogonal_all__m7,7,False,validation,0.6559976835537731,0.0,0.0,True
wine-quality-red,regression,catboost,1,HybridSpectral-t0.01,representation,hybrid_spectral__pivot_tie_v2__orthogonal_all__m7,7,False,test,0.6493435971405662,0.0,0.0,True
wine-quality-red,regression,catboost,1,HybridSpectral-t0.05,representation,hybrid_spectral__pivot_tie_v2__rbf_reference,-1,True,validation,0.6551990322317135,0.0,0.7839987589977682,False
wine-quality-red,regression,catboost,1,HybridSpectral-t0.05,representation,hybrid_spectral__pivot_tie_v2__rbf_reference,-1,True,test,0.650174511869445,0.0,0.7839987589977682,False
wine-quality-red,regression,catboost,1,HybridSpectral-t0.05,representation,hybrid_spectral__pivot_tie_v2__orthogonal_all__m0,0,False,validation,0.6551990322317135,0.0,0.0,True
wine-quality-red,regression,catboost,1,HybridSpectral-t0.05,representation,hybrid_spectral__pivot_tie_v2__orthogonal_all__m0,0,False,test,0.650174511869445,0.0,0.0,True
wine-quality-red,regression,catboost,1,HybridSpectral-t0.05,representation,hybrid_spectral__pivot_tie_v2__orthogonal_all__m1,1,False,validation,0.6551990322317135,0.0,0.0,True
wine-quality-red,regression,catboost,1,HybridSpectral-t0.05,representation,hybrid_spectral__pivot_tie_v2__orthogonal_all__m1,1,False,test,0.650174511869445,0.0,0.0,True
wine-quality-red,regression,catboost,1,HybridSpectral-t0.05,representation,hybrid_spectral__pivot_tie_v2__orthogonal_all__m2,2,False,validation,0.6551990322317135,0.0,0.0,True
wine-quality-red,regression,catboost,1,HybridSpectral-t0.05,representation,hybrid_spectral__pivot_tie_v2__orthogonal_all__m2,2,False,test,0.650174511869445,0.0,0.0,True
wine-quality-red,regression,catboost,1,HybridSpectral-t0.05,representation,hybrid_spectral__pivot_tie_v2__orthogonal_all__m3,3,False,validation,0.6551990322317135,0.0,0.0,True
wine-quality-red,regression,catboost,1,HybridSpectral-t0.05,representation,hybrid_spectral__pivot_tie_v2__orthogonal_all__m3,3,False,test,0.650174511869445,0.0,0.0,True
wine-quality-red,regression,catboost,1,HybridSpectral-t0.05,representation,hybrid_spectral__pivot_tie_v2__orthogonal_all__m4,4,False,validation,0.6551990322317135,0.0,0.0,True
wine-quality-red,regression,catboost,1,HybridSpectral-t0.05,representation,hybrid_spectral__pivot_tie_v2__orthogonal_all__m4,4,False,test,0.650174511869445,0.0,0.0,True
wine-quality-red,regression,catboost,1,HybridSpectral-t0.05,representation,hybrid_spectral__pivot_tie_v2__orthogonal_all__m5,5,False,validation,0.6551990322317135,0.0,0.0,True
wine-quality-red,regression,catboost,1,HybridSpectral-t0.05,representation,hybrid_spectral__pivot_tie_v2__orthogonal_all__m5,5,False,test,0.650174511869445,0.0,0.0,True
wine-quality-red,regression,catboost,1,HybridSpectral-t0.05,representation,hybrid_spectral__pivot_tie_v2__orthogonal_all__m6,6,False,validation,0.6551990322317135,0.0,0.0,True
wine-quality-red,regression,catboost,1,HybridSpectral-t0.05,representation,hybrid_spectral__pivot_tie_v2__orthogonal_all__m6,6,False,test,0.650174511869445,0.0,0.0,True
wine-quality-red,regression,catboost,1,HybridSpectral-t0.05,representation,hybrid_spectral__pivot_tie_v2__orthogonal_all__m7,7,False,validation,0.6551990322317135,0.0,0.0,True
wine-quality-red,regression,catboost,1,HybridSpectral-t0.05,representation,hybrid_spectral__pivot_tie_v2__orthogonal_all__m7,7,False,test,0.650174511869445,0.0,0.0,True
wine-quality-red,regression,catboost,1,HybridSpectral-t0.10,representation,hybrid_spectral__pivot_tie_v2__rbf_reference,-1,True,validation,0.6551990322317135,0.0,0.7668209250550717,False
wine-quality-red,regression,catboost,1,HybridSpectral-t0.10,representation,hybrid_spectral__pivot_tie_v2__rbf_reference,-1,True,test,0.650174511869445,0.0,0.7668209250550717,False
wine-quality-red,regression,catboost,1,HybridSpectral-t0.10,representation,hybrid_spectral__pivot_tie_v2__orthogonal_all__m0,0,False,validation,0.6551990322317135,0.0,0.0,True
wine-quality-red,regression,catboost,1,HybridSpectral-t0.10,representation,hybrid_spectral__pivot_tie_v2__orthogonal_all__m0,0,False,test,0.650174511869445,0.0,0.0,True
wine-quality-red,regression,catboost,1,HybridSpectral-t0.10,representation,hybrid_spectral__pivot_tie_v2__orthogonal_all__m1,1,False,validation,0.6551990322317135,0.0,0.0,True
wine-quality-red,regression,catboost,1,HybridSpectral-t0.10,representation,hybrid_spectral__pivot_tie_v2__orthogonal_all__m1,1,False,test,0.650174511869445,0.0,0.0,True
wine-quality-red,regression,catboost,1,HybridSpectral-t0.10,representation,hybrid_spectral__pivot_tie_v2__orthogonal_all__m2,2,False,validation,0.6551990322317135,0.0,0.0,True
wine-quality-red,regression,catboost,1,HybridSpectral-t0.10,representation,hybrid_spectral__pivot_tie_v2__orthogonal_all__m2,2,False,test,0.650174511869445,0.0,0.0,True
wine-quality-red,regression,catboost,1,HybridSpectral-t0.10,representation,hybrid_spectral__pivot_tie_v2__orthogonal_all__m3,3,False,validation,0.6551990322317135,0.0,0.0,True
wine-quality-red,regression,catboost,1,HybridSpectral-t0.10,representation,hybrid_spectral__pivot_tie_v2__orthogonal_all__m3,3,False,test,0.650174511869445,0.0,0.0,True
wine-quality-red,regression,catboost,1,HybridSpectral-t0.10,representation,hybrid_spectral__pivot_tie_v2__orthogonal_all__m4,4,False,validation,0.6551990322317135,0.0,0.0,True
wine-quality-red,regression,catboost,1,HybridSpectral-t0.10,representation,hybrid_spectral__pivot_tie_v2__orthogonal_all__m4,4,False,test,0.650174511869445,0.0,0.0,True
wine-quality-red,regression,catboost,1,HybridSpectral-t0.10,representation,hybrid_spectral__pivot_tie_v2__orthogonal_all__m5,5,False,validation,0.6551990322317135,0.0,0.0,True
wine-quality-red,regression,catboost,1,HybridSpectral-t0.10,representation,hybrid_spectral__pivot_tie_v2__orthogonal_all__m5,5,False,test,0.650174511869445,0.0,0.0,True
wine-quality-red,regression,catboost,1,HybridSpectral-t0.10,representation,hybrid_spectral__pivot_tie_v2__orthogonal_all__m6,6,False,validation,0.6551990322317135,0.0,0.0,True
wine-quality-red,regression,catboost,1,HybridSpectral-t0.10,representation,hybrid_spectral__pivot_tie_v2__orthogonal_all__m6,6,False,test,0.650174511869445,0.0,0.0,True
wine-quality-red,regression,catboost,1,HybridSpectral-t0.10,representation,hybrid_spectral__pivot_tie_v2__orthogonal_all__m7,7,False,validation,0.6551990322317135,0.0,0.0,True
wine-quality-red,regression,catboost,1,HybridSpectral-t0.10,representation,hybrid_spectral__pivot_tie_v2__orthogonal_all__m7,7,False,test,0.650174511869445,0.0,0.0,True
wine-quality-red,regression,catboost,1,Raw+PCA@0.25,hybrid_prediction_mixture,rbf_reference,-1,True,validation,0.6467815226941587,0.0,0.0,False
wine-quality-red,regression,catboost,1,Raw+PCA@0.25,hybrid_prediction_mixture,rbf_reference,-1,True,test,0.6424338685909848,0.0,0.0,False
wine-quality-red,regression,catboost,1,Raw+PCA@0.25,hybrid_prediction_mixture,orthogonal_all__m0,0,False,validation,0.6547849384604906,0.10310441932357052,0.0,True
wine-quality-red,regression,catboost,1,Raw+PCA@0.25,hybrid_prediction_mixture,orthogonal_all__m0,0,False,test,0.6487881187480312,0.09652545278219712,0.0,True
wine-quality-red,regression,catboost,1,Raw+PCA@0.25,hybrid_prediction_mixture,orthogonal_all__m1,1,False,validation,0.647432159862833,0.10473759324101505,0.0,True
wine-quality-red,regression,catboost,1,Raw+PCA@0.25,hybrid_prediction_mixture,orthogonal_all__m1,1,False,test,0.6481236056386984,0.10217529328875291,0.0,True
wine-quality-red,regression,catboost,1,Raw+PCA@0.25,hybrid_prediction_mixture,orthogonal_all__m2,2,False,validation,0.6484844663376945,0.0987888138412963,0.0,True
wine-quality-red,regression,catboost,1,Raw+PCA@0.25,hybrid_prediction_mixture,orthogonal_all__m2,2,False,test,0.6542281423200775,0.09271197698310306,0.0,True
wine-quality-red,regression,catboost,1,Raw+PCA@0.25,hybrid_prediction_mixture,orthogonal_all__m3,3,False,validation,0.6449048263357412,0.1103093831844227,0.0,True
wine-quality-red,regression,catboost,1,Raw+PCA@0.25,hybrid_prediction_mixture,orthogonal_all__m3,3,False,test,0.6482891231312428,0.10149447246248569,0.0,True
wine-quality-red,regression,catboost,1,Raw+PCA@0.25,hybrid_prediction_mixture,orthogonal_all__m4,4,False,validation,0.6582347665726594,0.10364990038115725,0.0,True
wine-quality-red,regression,catboost,1,Raw+PCA@0.25,hybrid_prediction_mixture,orthogonal_all__m4,4,False,test,0.6471668735284077,0.10554028710926554,0.0,True
wine-quality-red,regression,catboost,1,Raw+PCA@0.25,hybrid_prediction_mixture,orthogonal_all__m5,5,False,validation,0.6500037514489094,0.10244391283117478,0.0,True
wine-quality-red,regression,catboost,1,Raw+PCA@0.25,hybrid_prediction_mixture,orthogonal_all__m5,5,False,test,0.6480664135151312,0.10119730616486287,0.0,True
wine-quality-red,regression,catboost,1,Raw+PCA@0.25,hybrid_prediction_mixture,orthogonal_all__m6,6,False,validation,0.6506616046754787,0.09734668409641055,0.0,True
wine-quality-red,regression,catboost,1,Raw+PCA@0.25,hybrid_prediction_mixture,orthogonal_all__m6,6,False,test,0.6432329332425016,0.0976017660281686,0.0,True
wine-quality-red,regression,catboost,1,Raw+PCA@0.25,hybrid_prediction_mixture,orthogonal_all__m7,7,False,validation,0.6481545880746605,0.09780009948801549,0.0,True
wine-quality-red,regression,catboost,1,Raw+PCA@0.25,hybrid_prediction_mixture,orthogonal_all__m7,7,False,test,0.645264924959707,0.10049415945672786,0.0,True
wine-quality-red,regression,catboost,1,Raw+PCA@0.5,hybrid_prediction_mixture,rbf_reference,-1,True,validation,0.6481315332182219,0.0,0.0,False
wine-quality-red,regression,catboost,1,Raw+PCA@0.5,hybrid_prediction_mixture,rbf_reference,-1,True,test,0.6430594501180241,0.0,0.0,False
wine-quality-red,regression,catboost,1,Raw+PCA@0.5,hybrid_prediction_mixture,orthogonal_all__m0,0,False,validation,0.653715260785682,0.06873627954904707,0.0,True
wine-quality-red,regression,catboost,1,Raw+PCA@0.5,hybrid_prediction_mixture,orthogonal_all__m0,0,False,test,0.6474562545018009,0.06435030185479815,0.0,True
wine-quality-red,regression,catboost,1,Raw+PCA@0.5,hybrid_prediction_mixture,orthogonal_all__m1,1,False,validation,0.648484183275879,0.06982506216067673,0.0,True
wine-quality-red,regression,catboost,1,Raw+PCA@0.5,hybrid_prediction_mixture,orthogonal_all__m1,1,False,test,0.646732304852246,0.06811686219250206,0.0,True
wine-quality-red,regression,catboost,1,Raw+PCA@0.5,hybrid_prediction_mixture,orthogonal_all__m2,2,False,validation,0.6493785167372149,0.06585920922753097,0.0,True
wine-quality-red,regression,catboost,1,Raw+PCA@0.5,hybrid_prediction_mixture,orthogonal_all__m2,2,False,test,0.6509948507185396,0.061807984655402076,0.0,True
wine-quality-red,regression,catboost,1,Raw+PCA@0.5,hybrid_prediction_mixture,orthogonal_all__m3,3,False,validation,0.6469982102245766,0.07353958878961521,0.0,True
wine-quality-red,regression,catboost,1,Raw+PCA@0.5,hybrid_prediction_mixture,orthogonal_all__m3,3,False,test,0.6468906558757542,0.0676629816416572,0.0,True
wine-quality-red,regression,catboost,1,Raw+PCA@0.5,hybrid_prediction_mixture,orthogonal_all__m4,4,False,validation,0.6558948320372882,0.06909993358743827,0.0,True
wine-quality-red,regression,catboost,1,Raw+PCA@0.5,hybrid_prediction_mixture,orthogonal_all__m4,4,False,test,0.646222511031996,0.07036019140617712,0.0,True
wine-quality-red,regression,catboost,1,Raw+PCA@0.5,hybrid_prediction_mixture,orthogonal_all__m5,5,False,validation,0.6505284720652047,0.06829594188744986,0.0,True
wine-quality-red,regression,catboost,1,Raw+PCA@0.5,hybrid_prediction_mixture,orthogonal_all__m5,5,False,test,0.6467120448820907,0.06746487077657531,0.0,True
wine-quality-red,regression,catboost,1,Raw+PCA@0.5,hybrid_prediction_mixture,orthogonal_all__m6,6,False,validation,0.6509271040179518,0.06489778939760711,0.0,True
wine-quality-red,regression,catboost,1,Raw+PCA@0.5,hybrid_prediction_mixture,orthogonal_all__m6,6,False,test,0.6436898557938342,0.0650678440187791,0.0,True
wine-quality-red,regression,catboost,1,Raw+PCA@0.5,hybrid_prediction_mixture,orthogonal_all__m7,7,False,validation,0.6496069029011132,0.06520006632534374,0.0,True
wine-quality-red,regression,catboost,1,Raw+PCA@0.5,hybrid_prediction_mixture,orthogonal_all__m7,7,False,test,0.6450310799762633,0.06699610630448527,0.0,True
wine-quality-red,regression,catboost,1,Raw+PCA@0.75,hybrid_prediction_mixture,rbf_reference,-1,True,validation,0.6512117105275752,0.0,0.0,False
wine-quality-red,regression,catboost,1,Raw+PCA@0.75,hybrid_prediction_mixture,rbf_reference,-1,True,test,0.6453686803662326,0.0,0.0,False
wine-quality-red,regression,catboost,1,Raw+PCA@0.75,hybrid_prediction_mixture,orthogonal_all__m0,0,False,validation,0.6541204200414182,0.034368139774523555,0.0,True
wine-quality-red,regression,catboost,1,Raw+PCA@0.75,hybrid_prediction_mixture,orthogonal_all__m0,0,False,test,0.6476418476800644,0.03217515092739908,0.0,True
wine-quality-red,regression,catboost,1,Raw+PCA@0.75,hybrid_prediction_mixture,orthogonal_all__m1,1,False,validation,0.651347261983502,0.034912531080338316,0.0,True
wine-quality-red,regression,catboost,1,Raw+PCA@0.75,hybrid_prediction_mixture,orthogonal_all__m1,1,False,test,0.647140098530923,0.03405843109625103,0.0,True
wine-quality-red,regression,catboost,1,Raw+PCA@0.75,hybrid_prediction_mixture,orthogonal_all__m2,2,False,validation,0.6518891091144534,0.032929604613765456,0.0,True
wine-quality-red,regression,catboost,1,Raw+PCA@0.75,hybrid_prediction_mixture,orthogonal_all__m2,2,False,test,0.649362644426577,0.03090399232770106,0.0,True
wine-quality-red,regression,catboost,1,Raw+PCA@0.75,hybrid_prediction_mixture,orthogonal_all__m3,3,False,validation,0.6507049453985013,0.036769794394807584,0.0,True
wine-quality-red,regression,catboost,1,Raw+PCA@0.75,hybrid_prediction_mixture,orthogonal_all__m3,3,False,test,0.6472430975440537,0.03383149082082855,0.0,True
wine-quality-red,regression,catboost,1,Raw+PCA@0.75,hybrid_prediction_mixture,orthogonal_all__m4,4,False,validation,0.655147323122217,0.03454996679371912,0.0,True
wine-quality-red,regression,catboost,1,Raw+PCA@0.75,hybrid_prediction_mixture,orthogonal_all__m4,4,False,test,0.6469499584585119,0.03518009570308852,0.0,True
wine-quality-red,regression,catboost,1,Raw+PCA@0.75,hybrid_prediction_mixture,orthogonal_all__m5,5,False,validation,0.6525309603977245,0.03414797094372498,0.0,True
wine-quality-red,regression,catboost,1,Raw+PCA@0.75,hybrid_prediction_mixture,orthogonal_all__m5,5,False,test,0.6471389438154713,0.03373243538828765,0.0,True
wine-quality-red,regression,catboost,1,Raw+PCA@0.75,hybrid_prediction_mixture,orthogonal_all__m6,6,False,validation,0.6527099205784654,0.0324488946988035,0.0,True
wine-quality-red,regression,catboost,1,Raw+PCA@0.75,hybrid_prediction_mixture,orthogonal_all__m6,6,False,test,0.6457317276019402,0.0325339220093895,0.0,True
wine-quality-red,regression,catboost,1,Raw+PCA@0.75,hybrid_prediction_mixture,orthogonal_all__m7,7,False,validation,0.6522259260092861,0.03260003316267184,0.0,True
wine-quality-red,regression,catboost,1,Raw+PCA@0.75,hybrid_prediction_mixture,orthogonal_all__m7,7,False,test,0.6463939887741912,0.03349805315224256,0.0,True
wine-quality-red,regression,catboost,1,Raw+PCA@1,hybrid_prediction_mixture,rbf_reference,-1,True,validation,0.6559976835537731,0.0,0.0,False
wine-quality-red,regression,catboost,1,Raw+PCA@1,hybrid_prediction_mixture,rbf_reference,-1,True,test,0.6493435971405662,0.0,0.0,False
wine-quality-red,regression,catboost,1,Raw+PCA@1,hybrid_prediction_mixture,orthogonal_all__m0,0,False,validation,0.6559976835537731,0.0,0.0,True
wine-quality-red,regression,catboost,1,Raw+PCA@1,hybrid_prediction_mixture,orthogonal_all__m0,0,False,test,0.6493435971405662,0.0,0.0,True
wine-quality-red,regression,catboost,1,Raw+PCA@1,hybrid_prediction_mixture,orthogonal_all__m1,1,False,validation,0.6559976835537731,0.0,0.0,True
wine-quality-red,regression,catboost,1,Raw+PCA@1,hybrid_prediction_mixture,orthogonal_all__m1,1,False,test,0.6493435971405662,0.0,0.0,True
wine-quality-red,regression,catboost,1,Raw+PCA@1,hybrid_prediction_mixture,orthogonal_all__m2,2,False,validation,0.6559976835537731,0.0,0.0,True
wine-quality-red,regression,catboost,1,Raw+PCA@1,hybrid_prediction_mixture,orthogonal_all__m2,2,False,test,0.6493435971405662,0.0,0.0,True
wine-quality-red,regression,catboost,1,Raw+PCA@1,hybrid_prediction_mixture,orthogonal_all__m3,3,False,validation,0.6559976835537731,0.0,0.0,True
wine-quality-red,regression,catboost,1,Raw+PCA@1,hybrid_prediction_mixture,orthogonal_all__m3,3,False,test,0.6493435971405662,0.0,0.0,True
wine-quality-red,regression,catboost,1,Raw+PCA@1,hybrid_prediction_mixture,orthogonal_all__m4,4,False,validation,0.6559976835537731,0.0,0.0,True
wine-quality-red,regression,catboost,1,Raw+PCA@1,hybrid_prediction_mixture,orthogonal_all__m4,4,False,test,0.6493435971405662,0.0,0.0,True
wine-quality-red,regression,catboost,1,Raw+PCA@1,hybrid_prediction_mixture,orthogonal_all__m5,5,False,validation,0.6559976835537731,0.0,0.0,True
wine-quality-red,regression,catboost,1,Raw+PCA@1,hybrid_prediction_mixture,orthogonal_all__m5,5,False,test,0.6493435971405662,0.0,0.0,True
wine-quality-red,regression,catboost,1,Raw+PCA@1,hybrid_prediction_mixture,orthogonal_all__m6,6,False,validation,0.6559976835537731,0.0,0.0,True
wine-quality-red,regression,catboost,1,Raw+PCA@1,hybrid_prediction_mixture,orthogonal_all__m6,6,False,test,0.6493435971405662,0.0,0.0,True
wine-quality-red,regression,catboost,1,Raw+PCA@1,hybrid_prediction_mixture,orthogonal_all__m7,7,False,validation,0.6559976835537731,0.0,0.0,True
wine-quality-red,regression,catboost,1,Raw+PCA@1,hybrid_prediction_mixture,orthogonal_all__m7,7,False,test,0.6493435971405662,0.0,0.0,True
wine-quality-red,regression,catboost,1,Raw+GramAnchor@0.25,hybrid_prediction_mixture,rbf_reference,-1,True,validation,0.6445073554114282,0.0,0.0,False
wine-quality-red,regression,catboost,1,Raw+GramAnchor@0.25,hybrid_prediction_mixture,rbf_reference,-1,True,test,0.643499092902003,0.0,0.0,False
wine-quality-red,regression,catboost,1,Raw+GramAnchor@0.25,hybrid_prediction_mixture,orthogonal_all__m0,0,False,validation,0.6513568420956202,0.10310441932357053,0.0,True
wine-quality-red,regression,catboost,1,Raw+GramAnchor@0.25,hybrid_prediction_mixture,orthogonal_all__m0,0,False,test,0.6489785544296984,0.09652545278219715,0.0,True
wine-quality-red,regression,catboost,1,Raw+GramAnchor@0.25,hybrid_prediction_mixture,orthogonal_all__m1,1,False,validation,0.6442014349684033,0.10473759324101505,0.0,True
wine-quality-red,regression,catboost,1,Raw+GramAnchor@0.25,hybrid_prediction_mixture,orthogonal_all__m1,1,False,test,0.6487093867250407,0.10217529328875294,0.0,True
wine-quality-red,regression,catboost,1,Raw+GramAnchor@0.25,hybrid_prediction_mixture,orthogonal_all__m2,2,False,validation,0.645306977546959,0.09878881384129637,0.0,True
wine-quality-red,regression,catboost,1,Raw+GramAnchor@0.25,hybrid_prediction_mixture,orthogonal_all__m2,2,False,test,0.6546487631754034,0.09271197698310309,0.0,True
wine-quality-red,regression,catboost,1,Raw+GramAnchor@0.25,hybrid_prediction_mixture,orthogonal_all__m3,3,False,validation,0.641284578960898,0.11030938318442274,0.0,True
wine-quality-red,regression,catboost,1,Raw+GramAnchor@0.25,hybrid_prediction_mixture,orthogonal_all__m3,3,False,test,0.6488568308086082,0.10149447246248569,0.0,True
wine-quality-red,regression,catboost,1,Raw+GramAnchor@0.25,hybrid_prediction_mixture,orthogonal_all__m4,4,False,validation,0.6546775938645623,0.10364990038115723,0.0,True
wine-quality-red,regression,catboost,1,Raw+GramAnchor@0.25,hybrid_prediction_mixture,orthogonal_all__m4,4,False,test,0.6475916396356379,0.10554028710926557,0.0,True
wine-quality-red,regression,catboost,1,Raw+GramAnchor@0.25,hybrid_prediction_mixture,orthogonal_all__m5,5,False,validation,0.6461341811734592,0.10244391283117481,0.0,True
wine-quality-red,regression,catboost,1,Raw+GramAnchor@0.25,hybrid_prediction_mixture,orthogonal_all__m5,5,False,test,0.6484343911716214,0.10119730616486285,0.0,True
wine-quality-red,regression,catboost,1,Raw+GramAnchor@0.25,hybrid_prediction_mixture,orthogonal_all__m6,6,False,validation,0.6471905873588971,0.0973466840964106,0.0,True
wine-quality-red,regression,catboost,1,Raw+GramAnchor@0.25,hybrid_prediction_mixture,orthogonal_all__m6,6,False,test,0.6435519898158892,0.0976017660281686,0.0,True
wine-quality-red,regression,catboost,1,Raw+GramAnchor@0.25,hybrid_prediction_mixture,orthogonal_all__m7,7,False,validation,0.64420227247251,0.09780009948801549,0.0,True
wine-quality-red,regression,catboost,1,Raw+GramAnchor@0.25,hybrid_prediction_mixture,orthogonal_all__m7,7,False,test,0.6456401953832597,0.10049415945672792,0.0,True
wine-quality-red,regression,catboost,1,Raw+GramAnchor@0.5,hybrid_prediction_mixture,rbf_reference,-1,True,validation,0.6426817256862251,0.0,0.0,False
wine-quality-red,regression,catboost,1,Raw+GramAnchor@0.5,hybrid_prediction_mixture,rbf_reference,-1,True,test,0.6443665590547597,0.0,0.0,False
wine-quality-red,regression,catboost,1,Raw+GramAnchor@0.5,hybrid_prediction_mixture,orthogonal_all__m0,0,False,validation,0.6467258520699443,0.06873627954904697,0.0,True
wine-quality-red,regression,catboost,1,Raw+GramAnchor@0.5,hybrid_prediction_mixture,orthogonal_all__m0,0,False,test,0.6475998143707136,0.06435030185479809,0.0,True
wine-quality-red,regression,catboost,1,Raw+GramAnchor@0.5,hybrid_prediction_mixture,orthogonal_all__m1,1,False,validation,0.6417543488630646,0.06982506216067669,0.0,True
wine-quality-red,regression,catboost,1,Raw+GramAnchor@0.5,hybrid_prediction_mixture,orthogonal_all__m1,1,False,test,0.6474040091753681,0.06811686219250197,0.0,True
wine-quality-red,regression,catboost,1,Raw+GramAnchor@0.5,hybrid_prediction_mixture,orthogonal_all__m2,2,False,validation,0.642722262197219,0.06585920922753088,0.0,True
wine-quality-red,regression,catboost,1,Raw+GramAnchor@0.5,hybrid_prediction_mixture,orthogonal_all__m2,2,False,test,0.6514481920036372,0.06180798465540202,0.0,True
wine-quality-red,regression,catboost,1,Raw+GramAnchor@0.5,hybrid_prediction_mixture,orthogonal_all__m3,3,False,validation,0.6397492042572464,0.07353958878961515,0.0,True
wine-quality-red,regression,catboost,1,Raw+GramAnchor@0.5,hybrid_prediction_mixture,orthogonal_all__m3,3,False,test,0.6475382487439616,0.06766298164165711,0.0,True
wine-quality-red,regression,catboost,1,Raw+GramAnchor@0.5,hybrid_prediction_mixture,orthogonal_all__m4,4,False,validation,0.6487309263033515,0.06909993358743823,0.0,True
wine-quality-red,regression,catboost,1,Raw+GramAnchor@0.5,hybrid_prediction_mixture,orthogonal_all__m4,4,False,test,0.6466786088265416,0.07036019140617703,0.0,True
wine-quality-red,regression,catboost,1,Raw+GramAnchor@0.5,hybrid_prediction_mixture,orthogonal_all__m5,5,False,validation,0.642946930896805,0.06829594188744989,0.0,True
wine-quality-red,regression,catboost,1,Raw+GramAnchor@0.5,hybrid_prediction_mixture,orthogonal_all__m5,5,False,test,0.6470927110834405,0.06746487077657522,0.0,True
wine-quality-red,regression,catboost,1,Raw+GramAnchor@0.5,hybrid_prediction_mixture,orthogonal_all__m6,6,False,validation,0.6438791788107876,0.06489778939760707,0.0,True
wine-quality-red,regression,catboost,1,Raw+GramAnchor@0.5,hybrid_prediction_mixture,orthogonal_all__m6,6,False,test,0.644003444613679,0.06506784401877906,0.0,True
wine-quality-red,regression,catboost,1,Raw+GramAnchor@0.5,hybrid_prediction_mixture,orthogonal_all__m7,7,False,validation,0.641918622145261,0.0652000663253437,0.0,True
wine-quality-red,regression,catboost,1,Raw+GramAnchor@0.5,hybrid_prediction_mixture,orthogonal_all__m7,7,False,test,0.6454203349666486,0.06699610630448527,0.0,True
wine-quality-red,regression,catboost,1,Raw+GramAnchor@0.75,hybrid_prediction_mixture,rbf_reference,-1,True,validation,0.641702782620847,0.0,0.0,False
wine-quality-red,regression,catboost,1,Raw+GramAnchor@0.75,hybrid_prediction_mixture,rbf_reference,-1,True,test,0.6460957595935867,0.0,0.0,False
wine-quality-red,regression,catboost,1,Raw+GramAnchor@0.75,hybrid_prediction_mixture,orthogonal_all__m0,0,False,validation,0.6434580951697326,0.034368139774523514,0.0,True
wine-quality-red,regression,catboost,1,Raw+GramAnchor@0.75,hybrid_prediction_mixture,orthogonal_all__m0,0,False,test,0.6475000338700673,0.03217515092739903,0.0,True
wine-quality-red,regression,catboost,1,Raw+GramAnchor@0.75,hybrid_prediction_mixture,orthogonal_all__m1,1,False,validation,0.6408765240655416,0.03491253108033833,0.0,True
wine-quality-red,regression,catboost,1,Raw+GramAnchor@0.75,hybrid_prediction_mixture,orthogonal_all__m1,1,False,test,0.6473941282402269,0.03405843109625101,0.0,True
wine-quality-red,regression,catboost,1,Raw+GramAnchor@0.75,hybrid_prediction_mixture,orthogonal_all__m2,2,False,validation,0.641475470291555,0.032929604613765456,0.0,True
wine-quality-red,regression,catboost,1,Raw+GramAnchor@0.75,hybrid_prediction_mixture,orthogonal_all__m2,2,False,test,0.649454828925324,0.030903992327701014,0.0,True
wine-quality-red,regression,catboost,1,Raw+GramAnchor@0.75,hybrid_prediction_mixture,orthogonal_all__m3,3,False,validation,0.6398460583313922,0.03676979439480756,0.0,True
wine-quality-red,regression,catboost,1,Raw+GramAnchor@0.75,hybrid_prediction_mixture,orthogonal_all__m3,3,False,test,0.6474791247209254,0.03383149082082855,0.0,True
wine-quality-red,regression,catboost,1,Raw+GramAnchor@0.75,hybrid_prediction_mixture,orthogonal_all__m4,4,False,validation,0.6443524929662064,0.03454996679371907,0.0,True
wine-quality-red,regression,catboost,1,Raw+GramAnchor@0.75,hybrid_prediction_mixture,orthogonal_all__m4,4,False,test,0.6470420451540604,0.035180095703088554,0.0,True
wine-quality-red,regression,catboost,1,Raw+GramAnchor@0.75,hybrid_prediction_mixture,orthogonal_all__m5,5,False,validation,0.6414230535885397,0.03414797094372489,0.0,True
wine-quality-red,regression,catboost,1,Raw+GramAnchor@0.75,hybrid_prediction_mixture,orthogonal_all__m5,5,False,test,0.6471746949970998,0.03373243538828766,0.0,True
wine-quality-red,regression,catboost,1,Raw+GramAnchor@0.75,hybrid_prediction_mixture,orthogonal_all__m6,6,False,validation,0.6420029199332825,0.03244889469880348,0.0,True
wine-quality-red,regression,catboost,1,Raw+GramAnchor@0.75,hybrid_prediction_mixture,orthogonal_all__m6,6,False,test,0.645716045281719,0.032533922009389545,0.0,True
wine-quality-red,regression,catboost,1,Raw+GramAnchor@0.75,hybrid_prediction_mixture,orthogonal_all__m7,7,False,validation,0.6410407417546976,0.032600033162671856,0.0,True
wine-quality-red,regression,catboost,1,Raw+GramAnchor@0.75,hybrid_prediction_mixture,orthogonal_all__m7,7,False,test,0.646435470212554,0.03349805315224264,0.0,True
wine-quality-red,regression,catboost,1,Raw+GramAnchor@1,hybrid_prediction_mixture,rbf_reference,-1,True,validation,0.6415744019647092,0.0,0.0,False
wine-quality-red,regression,catboost,1,Raw+GramAnchor@1,hybrid_prediction_mixture,rbf_reference,-1,True,test,0.6486798031200971,0.0,0.0,False
wine-quality-red,regression,catboost,1,Raw+GramAnchor@1,hybrid_prediction_mixture,orthogonal_all__m0,0,False,validation,0.6415744019647092,0.0,0.0,True
wine-quality-red,regression,catboost,1,Raw+GramAnchor@1,hybrid_prediction_mixture,orthogonal_all__m0,0,False,test,0.6486798031200971,0.0,0.0,True
wine-quality-red,regression,catboost,1,Raw+GramAnchor@1,hybrid_prediction_mixture,orthogonal_all__m1,1,False,validation,0.6415744019647092,0.0,0.0,True
wine-quality-red,regression,catboost,1,Raw+GramAnchor@1,hybrid_prediction_mixture,orthogonal_all__m1,1,False,test,0.6486798031200971,0.0,0.0,True
wine-quality-red,regression,catboost,1,Raw+GramAnchor@1,hybrid_prediction_mixture,orthogonal_all__m2,2,False,validation,0.6415744019647092,0.0,0.0,True
wine-quality-red,regression,catboost,1,Raw+GramAnchor@1,hybrid_prediction_mixture,orthogonal_all__m2,2,False,test,0.6486798031200971,0.0,0.0,True
wine-quality-red,regression,catboost,1,Raw+GramAnchor@1,hybrid_prediction_mixture,orthogonal_all__m3,3,False,validation,0.6415744019647092,0.0,0.0,True
wine-quality-red,regression,catboost,1,Raw+GramAnchor@1,hybrid_prediction_mixture,orthogonal_all__m3,3,False,test,0.6486798031200971,0.0,0.0,True
wine-quality-red,regression,catboost,1,Raw+GramAnchor@1,hybrid_prediction_mixture,orthogonal_all__m4,4,False,validation,0.6415744019647092,0.0,0.0,True
wine-quality-red,regression,catboost,1,Raw+GramAnchor@1,hybrid_prediction_mixture,orthogonal_all__m4,4,False,test,0.6486798031200971,0.0,0.0,True
wine-quality-red,regression,catboost,1,Raw+GramAnchor@1,hybrid_prediction_mixture,orthogonal_all__m5,5,False,validation,0.6415744019647092,0.0,0.0,True
wine-quality-red,regression,catboost,1,Raw+GramAnchor@1,hybrid_prediction_mixture,orthogonal_all__m5,5,False,test,0.6486798031200971,0.0,0.0,True
wine-quality-red,regression,catboost,1,Raw+GramAnchor@1,hybrid_prediction_mixture,orthogonal_all__m6,6,False,validation,0.6415744019647092,0.0,0.0,True
wine-quality-red,regression,catboost,1,Raw+GramAnchor@1,hybrid_prediction_mixture,orthogonal_all__m6,6,False,test,0.6486798031200971,0.0,0.0,True
wine-quality-red,regression,catboost,1,Raw+GramAnchor@1,hybrid_prediction_mixture,orthogonal_all__m7,7,False,validation,0.6415744019647092,0.0,0.0,True
wine-quality-red,regression,catboost,1,Raw+GramAnchor@1,hybrid_prediction_mixture,orthogonal_all__m7,7,False,test,0.6486798031200971,0.0,0.0,True
wine-quality-red,regression,catboost,1,Raw+GramAnchor-m8@0.25,hybrid_prediction_mixture,rbf_reference,-1,True,validation,0.6442031016550464,0.0,0.0,False
wine-quality-red,regression,catboost,1,Raw+GramAnchor-m8@0.25,hybrid_prediction_mixture,rbf_reference,-1,True,test,0.6444528854923948,0.0,0.0,False
wine-quality-red,regression,catboost,1,Raw+GramAnchor-m8@0.25,hybrid_prediction_mixture,orthogonal_all__m0,0,False,validation,0.65116548708471,0.10310441932357052,0.0,True
wine-quality-red,regression,catboost,1,Raw+GramAnchor-m8@0.25,hybrid_prediction_mixture,orthogonal_all__m0,0,False,test,0.6501456517840832,0.09652545278219708,0.0,True
wine-quality-red,regression,catboost,1,Raw+GramAnchor-m8@0.25,hybrid_prediction_mixture,orthogonal_all__m1,1,False,validation,0.6440888980232361,0.10473759324101505,0.0,True
wine-quality-red,regression,catboost,1,Raw+GramAnchor-m8@0.25,hybrid_prediction_mixture,orthogonal_all__m1,1,False,test,0.6494001104138466,0.10217529328875291,0.0,True
wine-quality-red,regression,catboost,1,Raw+GramAnchor-m8@0.25,hybrid_prediction_mixture,orthogonal_all__m2,2,False,validation,0.645350631510578,0.09878881384129633,0.0,True
wine-quality-red,regression,catboost,1,Raw+GramAnchor-m8@0.25,hybrid_prediction_mixture,orthogonal_all__m2,2,False,test,0.6556966344434508,0.09271197698310309,0.0,True
wine-quality-red,regression,catboost,1,Raw+GramAnchor-m8@0.25,hybrid_prediction_mixture,orthogonal_all__m3,3,False,validation,0.6411249960401443,0.1103093831844227,0.0,True
wine-quality-red,regression,catboost,1,Raw+GramAnchor-m8@0.25,hybrid_prediction_mixture,orthogonal_all__m3,3,False,test,0.6495894970767653,0.10149447246248572,0.0,True
wine-quality-red,regression,catboost,1,Raw+GramAnchor-m8@0.25,hybrid_prediction_mixture,orthogonal_all__m4,4,False,validation,0.6544263804446171,0.10364990038115725,0.0,True
wine-quality-red,regression,catboost,1,Raw+GramAnchor-m8@0.25,hybrid_prediction_mixture,orthogonal_all__m4,4,False,test,0.6480717987976384,0.10554028710926547,0.0,True
wine-quality-red,regression,catboost,1,Raw+GramAnchor-m8@0.25,hybrid_prediction_mixture,orthogonal_all__m5,5,False,validation,0.6461119955098041,0.10244391283117481,0.0,True
wine-quality-red,regression,catboost,1,Raw+GramAnchor-m8@0.25,hybrid_prediction_mixture,orthogonal_all__m5,5,False,test,0.6493874815915932,0.10119730616486285,0.0,True
wine-quality-red,regression,catboost,1,Raw+GramAnchor-m8@0.25,hybrid_prediction_mixture,orthogonal_all__m6,6,False,validation,0.6473780209686458,0.0973466840964106,0.0,True
wine-quality-red,regression,catboost,1,Raw+GramAnchor-m8@0.25,hybrid_prediction_mixture,orthogonal_all__m6,6,False,test,0.6446701816682507,0.0976017660281686,0.0,True
wine-quality-red,regression,catboost,1,Raw+GramAnchor-m8@0.25,hybrid_prediction_mixture,orthogonal_all__m7,7,False,validation,0.6438741466402166,0.09780009948801549,0.0,True
wine-quality-red,regression,catboost,1,Raw+GramAnchor-m8@0.25,hybrid_prediction_mixture,orthogonal_all__m7,7,False,test,0.6465051601915744,0.10049415945672786,0.0,True
wine-quality-red,regression,catboost,1,Raw+GramAnchor-m8@0.5,hybrid_prediction_mixture,rbf_reference,-1,True,validation,0.642107756344761,0.0,0.0,False
wine-quality-red,regression,catboost,1,Raw+GramAnchor-m8@0.5,hybrid_prediction_mixture,rbf_reference,-1,True,test,0.6462252049588125,0.0,0.0,False
wine-quality-red,regression,catboost,1,Raw+GramAnchor-m8@0.5,hybrid_prediction_mixture,orthogonal_all__m0,0,False,validation,0.646302843662779,0.06873627954904704,0.0,True
wine-quality-red,regression,catboost,1,Raw+GramAnchor-m8@0.5,hybrid_prediction_mixture,orthogonal_all__m0,0,False,test,0.6497445342820458,0.06435030185479809,0.0,True
wine-quality-red,regression,catboost,1,Raw+GramAnchor-m8@0.5,hybrid_prediction_mixture,orthogonal_all__m1,1,False,validation,0.6414364355337571,0.0698250621606767,0.0,True
wine-quality-red,regression,catboost,1,Raw+GramAnchor-m8@0.5,hybrid_prediction_mixture,orthogonal_all__m1,1,False,test,0.6489131673506721,0.06811686219250201,0.0,True
wine-quality-red,regression,catboost,1,Raw+GramAnchor-m8@0.5,hybrid_prediction_mixture,orthogonal_all__m2,2,False,validation,0.6426137198774016,0.06585920922753094,0.0,True
wine-quality-red,regression,catboost,1,Raw+GramAnchor-m8@0.5,hybrid_prediction_mixture,orthogonal_all__m2,2,False,test,0.6534342703085056,0.061807984655402035,0.0,True
wine-quality-red,regression,catboost,1,Raw+GramAnchor-m8@0.5,hybrid_prediction_mixture,orthogonal_all__m3,3,False,validation,0.6393680789269083,0.07353958878961508,0.0,True
wine-quality-red,regression,catboost,1,Raw+GramAnchor-m8@0.5,hybrid_prediction_mixture,orthogonal_all__m3,3,False,test,0.649103269938325,0.06766298164165713,0.0,True
wine-quality-red,regression,catboost,1,Raw+GramAnchor-m8@0.5,hybrid_prediction_mixture,orthogonal_all__m4,4,False,validation,0.6482273461660535,0.06909993358743816,0.0,True
wine-quality-red,regression,catboost,1,Raw+GramAnchor-m8@0.5,hybrid_prediction_mixture,orthogonal_all__m4,4,False,test,0.6479070589463938,0.07036019140617704,0.0,True
wine-quality-red,regression,catboost,1,Raw+GramAnchor-m8@0.5,hybrid_prediction_mixture,orthogonal_all__m5,5,False,validation,0.6427502576594223,0.06829594188744988,0.0,True
wine-quality-red,regression,catboost,1,Raw+GramAnchor-m8@0.5,hybrid_prediction_mixture,orthogonal_all__m5,5,False,test,0.6489522837260753,0.06746487077657524,0.0,True
wine-quality-red,regression,catboost,1,Raw+GramAnchor-m8@0.5,hybrid_prediction_mixture,orthogonal_all__m6,6,False,validation,0.6439637319131432,0.06489778939760704,0.0,True
wine-quality-red,regression,catboost,1,Raw+GramAnchor-m8@0.5,hybrid_prediction_mixture,orthogonal_all__m6,6,False,test,0.6460819688038725,0.06506784401877906,0.0,True
wine-quality-red,regression,catboost,1,Raw+GramAnchor-m8@0.5,hybrid_prediction_mixture,orthogonal_all__m7,7,False,validation,0.6413122064572854,0.06520006632534367,0.0,True
wine-quality-red,regression,catboost,1,Raw+GramAnchor-m8@0.5,hybrid_prediction_mixture,orthogonal_all__m7,7,False,test,0.6471618474738897,0.06699610630448523,0.0,True
wine-quality-red,regression,catboost,1,Raw+GramAnchor-m8@0.75,hybrid_prediction_mixture,rbf_reference,-1,True,validation,0.6408950435889853,0.0,0.0,False
wine-quality-red,regression,catboost,1,Raw+GramAnchor-m8@0.75,hybrid_prediction_mixture,rbf_reference,-1,True,test,0.6488071151671037,0.0,0.0,False
wine-quality-red,regression,catboost,1,Raw+GramAnchor-m8@0.75,hybrid_prediction_mixture,orthogonal_all__m0,0,False,validation,0.6427636943200746,0.03436813977452349,0.0,True
wine-quality-red,regression,catboost,1,Raw+GramAnchor-m8@0.75,hybrid_prediction_mixture,orthogonal_all__m0,0,False,test,0.6504267840108526,0.032175150927399095,0.0,True
wine-quality-red,regression,catboost,1,Raw+GramAnchor-m8@0.75,hybrid_prediction_mixture,orthogonal_all__m1,1,False,validation,0.640260751187208,0.03491253108033831,0.0,True
wine-quality-red,regression,catboost,1,Raw+GramAnchor-m8@0.75,hybrid_prediction_mixture,orthogonal_all__m1,1,False,test,0.6498448240411967,0.034058431096251056,0.0,True
wine-quality-red,regression,catboost,1,Raw+GramAnchor-m8@0.75,hybrid_prediction_mixture,orthogonal_all__m2,2,False,validation,0.6410173258010446,0.03292960461376544,0.0,True
wine-quality-red,regression,catboost,1,Raw+GramAnchor-m8@0.75,hybrid_prediction_mixture,orthogonal_all__m2,2,False,test,0.6522630996619981,0.030903992327701073,0.0,True
wine-quality-red,regression,catboost,1,Raw+GramAnchor-m8@0.75,hybrid_prediction_mixture,orthogonal_all__m3,3,False,validation,0.6391826173854218,0.03676979439480757,0.0,True
wine-quality-red,regression,catboost,1,Raw+GramAnchor-m8@0.75,hybrid_prediction_mixture,orthogonal_all__m3,3,False,test,0.6499715746459244,0.033831490820828564,0.0,True
wine-quality-red,regression,catboost,1,Raw+GramAnchor-m8@0.75,hybrid_prediction_mixture,orthogonal_all__m4,4,False,validation,0.643597204295012,0.03454996679371909,0.0,True
wine-quality-red,regression,catboost,1,Raw+GramAnchor-m8@0.75,hybrid_prediction_mixture,orthogonal_all__m4,4,False,test,0.6492827087955252,0.03518009570308853,0.0,True
wine-quality-red,regression,catboost,1,Raw+GramAnchor-m8@0.75,hybrid_prediction_mixture,orthogonal_all__m5,5,False,validation,0.6408985528200635,0.034147970943724945,0.0,True
wine-quality-red,regression,catboost,1,Raw+GramAnchor-m8@0.75,hybrid_prediction_mixture,orthogonal_all__m5,5,False,test,0.6498880907596496,0.033732435388287636,0.0,True
wine-quality-red,regression,catboost,1,Raw+GramAnchor-m8@0.75,hybrid_prediction_mixture,orthogonal_all__m6,6,False,validation,0.6416903346172728,0.0324488946988035,0.0,True
wine-quality-red,regression,catboost,1,Raw+GramAnchor-m8@0.75,hybrid_prediction_mixture,orthogonal_all__m6,6,False,test,0.6485924712354598,0.03253392200938954,0.0,True
wine-quality-red,regression,catboost,1,Raw+GramAnchor-m8@0.75,hybrid_prediction_mixture,orthogonal_all__m7,7,False,validation,0.6402083036898025,0.03260003316267183,0.0,True
wine-quality-red,regression,catboost,1,Raw+GramAnchor-m8@0.75,hybrid_prediction_mixture,orthogonal_all__m7,7,False,test,0.6490600746322317,0.0334980531522426,0.0,True
wine-quality-red,regression,catboost,1,Raw+GramAnchor-m8@1,hybrid_prediction_mixture,rbf_reference,-1,True,validation,0.6405699763479827,0.0,0.0,False
wine-quality-red,regression,catboost,1,Raw+GramAnchor-m8@1,hybrid_prediction_mixture,rbf_reference,-1,True,test,0.652189001073825,0.0,0.0,False
wine-quality-red,regression,catboost,1,Raw+GramAnchor-m8@1,hybrid_prediction_mixture,orthogonal_all__m0,0,False,validation,0.6405699763479827,0.0,0.0,True
wine-quality-red,regression,catboost,1,Raw+GramAnchor-m8@1,hybrid_prediction_mixture,orthogonal_all__m0,0,False,test,0.652189001073825,0.0,0.0,True
wine-quality-red,regression,catboost,1,Raw+GramAnchor-m8@1,hybrid_prediction_mixture,orthogonal_all__m1,1,False,validation,0.6405699763479827,0.0,0.0,True
wine-quality-red,regression,catboost,1,Raw+GramAnchor-m8@1,hybrid_prediction_mixture,orthogonal_all__m1,1,False,test,0.652189001073825,0.0,0.0,True
wine-quality-red,regression,catboost,1,Raw+GramAnchor-m8@1,hybrid_prediction_mixture,orthogonal_all__m2,2,False,validation,0.6405699763479827,0.0,0.0,True
wine-quality-red,regression,catboost,1,Raw+GramAnchor-m8@1,hybrid_prediction_mixture,orthogonal_all__m2,2,False,test,0.652189001073825,0.0,0.0,True
wine-quality-red,regression,catboost,1,Raw+GramAnchor-m8@1,hybrid_prediction_mixture,orthogonal_all__m3,3,False,validation,0.6405699763479827,0.0,0.0,True
wine-quality-red,regression,catboost,1,Raw+GramAnchor-m8@1,hybrid_prediction_mixture,orthogonal_all__m3,3,False,test,0.652189001073825,0.0,0.0,True
wine-quality-red,regression,catboost,1,Raw+GramAnchor-m8@1,hybrid_prediction_mixture,orthogonal_all__m4,4,False,validation,0.6405699763479827,0.0,0.0,True
wine-quality-red,regression,catboost,1,Raw+GramAnchor-m8@1,hybrid_prediction_mixture,orthogonal_all__m4,4,False,test,0.652189001073825,0.0,0.0,True
wine-quality-red,regression,catboost,1,Raw+GramAnchor-m8@1,hybrid_prediction_mixture,orthogonal_all__m5,5,False,validation,0.6405699763479827,0.0,0.0,True
wine-quality-red,regression,catboost,1,Raw+GramAnchor-m8@1,hybrid_prediction_mixture,orthogonal_all__m5,5,False,test,0.652189001073825,0.0,0.0,True
wine-quality-red,regression,catboost,1,Raw+GramAnchor-m8@1,hybrid_prediction_mixture,orthogonal_all__m6,6,False,validation,0.6405699763479827,0.0,0.0,True
wine-quality-red,regression,catboost,1,Raw+GramAnchor-m8@1,hybrid_prediction_mixture,orthogonal_all__m6,6,False,test,0.652189001073825,0.0,0.0,True
wine-quality-red,regression,catboost,1,Raw+GramAnchor-m8@1,hybrid_prediction_mixture,orthogonal_all__m7,7,False,validation,0.6405699763479827,0.0,0.0,True
wine-quality-red,regression,catboost,1,Raw+GramAnchor-m8@1,hybrid_prediction_mixture,orthogonal_all__m7,7,False,test,0.652189001073825,0.0,0.0,True
wine-quality-red,regression,catboost,1,Raw+GramDistance@0.25,hybrid_prediction_mixture,rbf_reference,-1,True,validation,0.6471435378779488,0.0,0.0,False
wine-quality-red,regression,catboost,1,Raw+GramDistance@0.25,hybrid_prediction_mixture,rbf_reference,-1,True,test,0.6446924265972686,0.0,0.0,False
wine-quality-red,regression,catboost,1,Raw+GramDistance@0.25,hybrid_prediction_mixture,orthogonal_all__m0,0,False,validation,0.6548884758657849,0.10310441932357052,0.0,True
wine-quality-red,regression,catboost,1,Raw+GramDistance@0.25,hybrid_prediction_mixture,orthogonal_all__m0,0,False,test,0.6509308803143783,0.09652545278219712,0.0,True
wine-quality-red,regression,catboost,1,Raw+GramDistance@0.25,hybrid_prediction_mixture,orthogonal_all__m1,1,False,validation,0.6482276309685344,0.10473759324101507,0.0,True
wine-quality-red,regression,catboost,1,Raw+GramDistance@0.25,hybrid_prediction_mixture,orthogonal_all__m1,1,False,test,0.6508605065190454,0.10217529328875297,0.0,True
wine-quality-red,regression,catboost,1,Raw+GramDistance@0.25,hybrid_prediction_mixture,orthogonal_all__m2,2,False,validation,0.648694517847477,0.09878881384129633,0.0,True
wine-quality-red,regression,catboost,1,Raw+GramDistance@0.25,hybrid_prediction_mixture,orthogonal_all__m2,2,False,test,0.656404000893506,0.0927119769831031,0.0,True
wine-quality-red,regression,catboost,1,Raw+GramDistance@0.25,hybrid_prediction_mixture,orthogonal_all__m3,3,False,validation,0.6449117619414936,0.11030938318442275,0.0,True
wine-quality-red,regression,catboost,1,Raw+GramDistance@0.25,hybrid_prediction_mixture,orthogonal_all__m3,3,False,test,0.6505613861538835,0.10149447246248572,0.0,True
wine-quality-red,regression,catboost,1,Raw+GramDistance@0.25,hybrid_prediction_mixture,orthogonal_all__m4,4,False,validation,0.6587996180116542,0.10364990038115726,0.0,True
wine-quality-red,regression,catboost,1,Raw+GramDistance@0.25,hybrid_prediction_mixture,orthogonal_all__m4,4,False,test,0.6494910390437459,0.10554028710926554,0.0,True
wine-quality-red,regression,catboost,1,Raw+GramDistance@0.25,hybrid_prediction_mixture,orthogonal_all__m5,5,False,validation,0.6500395700491512,0.10244391283117478,0.0,True
wine-quality-red,regression,catboost,1,Raw+GramDistance@0.25,hybrid_prediction_mixture,orthogonal_all__m5,5,False,test,0.6502323902796107,0.10119730616486289,0.0,True
wine-quality-red,regression,catboost,1,Raw+GramDistance@0.25,hybrid_prediction_mixture,orthogonal_all__m6,6,False,validation,0.6509280441324188,0.0973466840964106,0.0,True
wine-quality-red,regression,catboost,1,Raw+GramDistance@0.25,hybrid_prediction_mixture,orthogonal_all__m6,6,False,test,0.6454619647085391,0.09760176602816859,0.0,True
wine-quality-red,regression,catboost,1,Raw+GramDistance@0.25,hybrid_prediction_mixture,orthogonal_all__m7,7,False,validation,0.6478418010732505,0.0978000994880155,0.0,True
wine-quality-red,regression,catboost,1,Raw+GramDistance@0.25,hybrid_prediction_mixture,orthogonal_all__m7,7,False,test,0.6472422016061495,0.10049415945672786,0.0,True
wine-quality-red,regression,catboost,1,Raw+GramDistance@0.5,hybrid_prediction_mixture,rbf_reference,-1,True,validation,0.6483729053107061,0.0,0.0,False
wine-quality-red,regression,catboost,1,Raw+GramDistance@0.5,hybrid_prediction_mixture,rbf_reference,-1,True,test,0.6471677180316282,0.0,0.0,False
wine-quality-red,regression,catboost,1,Raw+GramDistance@0.5,hybrid_prediction_mixture,orthogonal_all__m0,0,False,validation,0.6536151939263039,0.06873627954904708,0.0,True
wine-quality-red,regression,catboost,1,Raw+GramDistance@0.5,hybrid_prediction_mixture,orthogonal_all__m0,0,False,test,0.6514118909941174,0.06435030185479809,0.0,True
wine-quality-red,regression,catboost,1,Raw+GramDistance@0.5,hybrid_prediction_mixture,orthogonal_all__m1,1,False,validation,0.6493029558626509,0.06982506216067667,0.0,True
wine-quality-red,regression,catboost,1,Raw+GramDistance@0.5,hybrid_prediction_mixture,orthogonal_all__m1,1,False,test,0.6514809755449774,0.06811686219250196,0.0,True
wine-quality-red,regression,catboost,1,Raw+GramDistance@0.5,hybrid_prediction_mixture,orthogonal_all__m2,2,False,validation,0.6494183062580167,0.06585920922753088,0.0,True
wine-quality-red,regression,catboost,1,Raw+GramDistance@0.5,hybrid_prediction_mixture,orthogonal_all__m2,2,False,test,0.6549970704158338,0.061807984655402104,0.0,True
wine-quality-red,regression,catboost,1,Raw+GramDistance@0.5,hybrid_prediction_mixture,orthogonal_all__m3,3,False,validation,0.6467665659860303,0.07353958878961515,0.0,True
wine-quality-red,regression,catboost,1,Raw+GramDistance@0.5,hybrid_prediction_mixture,orthogonal_all__m3,3,False,test,0.6510200920982808,0.06766298164165716,0.0,True
wine-quality-red,regression,catboost,1,Raw+GramDistance@0.5,hybrid_prediction_mixture,orthogonal_all__m4,4,False,validation,0.6564132197130841,0.06909993358743818,0.0,True
wine-quality-red,regression,catboost,1,Raw+GramDistance@0.5,hybrid_prediction_mixture,orthogonal_all__m4,4,False,test,0.6504200670202764,0.07036019140617704,0.0,True
wine-quality-red,regression,catboost,1,Raw+GramDistance@0.5,hybrid_prediction_mixture,orthogonal_all__m5,5,False,validation,0.6503366512107049,0.0682959418874499,0.0,True
wine-quality-red,regression,catboost,1,Raw+GramDistance@0.5,hybrid_prediction_mixture,orthogonal_all__m5,5,False,test,0.6506999682875705,0.06746487077657526,0.0,True
wine-quality-red,regression,catboost,1,Raw+GramDistance@0.5,hybrid_prediction_mixture,orthogonal_all__m6,6,False,validation,0.6510429073124685,0.06489778939760703,0.0,True
wine-quality-red,regression,catboost,1,Raw+GramDistance@0.5,hybrid_prediction_mixture,orthogonal_all__m6,6,False,test,0.6477586114951581,0.06506784401877906,0.0,True
wine-quality-red,regression,catboost,1,Raw+GramDistance@0.5,hybrid_prediction_mixture,orthogonal_all__m7,7,False,validation,0.6489507016422751,0.06520006632534367,0.0,True
wine-quality-red,regression,catboost,1,Raw+GramDistance@0.5,hybrid_prediction_mixture,orthogonal_all__m7,7,False,test,0.6487658689298826,0.0669961063044853,0.0,True
wine-quality-red,regression,catboost,1,Raw+GramDistance@0.75,hybrid_prediction_mixture,rbf_reference,-1,True,validation,0.6508534783959731,0.0,0.0,False
wine-quality-red,regression,catboost,1,Raw+GramDistance@0.75,hybrid_prediction_mixture,rbf_reference,-1,True,test,0.6509081210346618,0.0,0.0,False
wine-quality-red,regression,catboost,1,Raw+GramDistance@0.75,hybrid_prediction_mixture,orthogonal_all__m0,0,False,validation,0.6535091904445852,0.03436813977452353,0.0,True
wine-quality-red,regression,catboost,1,Raw+GramDistance@0.75,hybrid_prediction_mixture,orthogonal_all__m0,0,False,test,0.6530685644071494,0.032175150927399046,0.0,True
wine-quality-red,regression,catboost,1,Raw+GramDistance@0.75,hybrid_prediction_mixture,orthogonal_all__m1,1,False,validation,0.6514207960397823,0.03491253108033839,0.0,True
wine-quality-red,regression,catboost,1,Raw+GramDistance@0.75,hybrid_prediction_mixture,orthogonal_all__m1,1,False,test,0.6531608507242758,0.034058431096251056,0.0,True
wine-quality-red,regression,catboost,1,Raw+GramDistance@0.75,hybrid_prediction_mixture,orthogonal_all__m2,2,False,validation,0.6513808585454406,0.032929604613765415,0.0,True
wine-quality-red,regression,catboost,1,Raw+GramDistance@0.75,hybrid_prediction_mixture,orthogonal_all__m2,2,False,test,0.6548260785844013,0.03090399232770107,0.0,True
wine-quality-red,regression,catboost,1,Raw+GramDistance@0.75,hybrid_prediction_mixture,orthogonal_all__m3,3,False,validation,0.6499930842083546,0.036769794394807646,0.0,True
wine-quality-red,regression,catboost,1,Raw+GramDistance@0.75,hybrid_prediction_mixture,orthogonal_all__m3,3,False,test,0.6528005486630152,0.03383149082082857,0.0,True
wine-quality-red,regression,catboost,1,Raw+GramDistance@0.75,hybrid_prediction_mixture,orthogonal_all__m4,4,False,validation,0.6550015890475518,0.03454996679371915,0.0,True
wine-quality-red,regression,catboost,1,Raw+GramDistance@0.75,hybrid_prediction_mixture,orthogonal_all__m4,4,False,test,0.6525576567531687,0.03518009570308857,0.0,True
wine-quality-red,regression,catboost,1,Raw+GramDistance@0.75,hybrid_prediction_mixture,orthogonal_all__m5,5,False,validation,0.6518499504509301,0.034147970943724966,0.0,True
wine-quality-red,regression,catboost,1,Raw+GramDistance@0.75,hybrid_prediction_mixture,orthogonal_all__m5,5,False,test,0.6525906041900238,0.03373243538828764,0.0,True
wine-quality-red,regression,catboost,1,Raw+GramDistance@0.75,hybrid_prediction_mixture,orthogonal_all__m6,6,False,validation,0.6522592836855655,0.03244889469880355,0.0,True
wine-quality-red,regression,catboost,1,Raw+GramDistance@0.75,hybrid_prediction_mixture,orthogonal_all__m6,6,False,test,0.6512415869257479,0.03253392200938954,0.0,True
wine-quality-red,regression,catboost,1,Raw+GramDistance@0.75,hybrid_prediction_mixture,orthogonal_all__m7,7,False,validation,0.6511976855207214,0.032600033162671835,0.0,True
wine-quality-red,regression,catboost,1,Raw+GramDistance@0.75,hybrid_prediction_mixture,orthogonal_all__m7,7,False,test,0.6516551479979683,0.03349805315224263,0.0,True
wine-quality-red,regression,catboost,1,Raw+GramDistance@1,hybrid_prediction_mixture,rbf_reference,-1,True,validation,0.6545710325201253,0.0,0.0,False
wine-quality-red,regression,catboost,1,Raw+GramDistance@1,hybrid_prediction_mixture,rbf_reference,-1,True,test,0.6558919920319968,0.0,0.0,False
wine-quality-red,regression,catboost,1,Raw+GramDistance@1,hybrid_prediction_mixture,orthogonal_all__m0,0,False,validation,0.6545710325201253,0.0,0.0,True
wine-quality-red,regression,catboost,1,Raw+GramDistance@1,hybrid_prediction_mixture,orthogonal_all__m0,0,False,test,0.6558919920319968,0.0,0.0,True
wine-quality-red,regression,catboost,1,Raw+GramDistance@1,hybrid_prediction_mixture,orthogonal_all__m1,1,False,validation,0.6545710325201253,0.0,0.0,True
wine-quality-red,regression,catboost,1,Raw+GramDistance@1,hybrid_prediction_mixture,orthogonal_all__m1,1,False,test,0.6558919920319968,0.0,0.0,True
wine-quality-red,regression,catboost,1,Raw+GramDistance@1,hybrid_prediction_mixture,orthogonal_all__m2,2,False,validation,0.6545710325201253,0.0,0.0,True
wine-quality-red,regression,catboost,1,Raw+GramDistance@1,hybrid_prediction_mixture,orthogonal_all__m2,2,False,test,0.6558919920319968,0.0,0.0,True
wine-quality-red,regression,catboost,1,Raw+GramDistance@1,hybrid_prediction_mixture,orthogonal_all__m3,3,False,validation,0.6545710325201253,0.0,0.0,True
wine-quality-red,regression,catboost,1,Raw+GramDistance@1,hybrid_prediction_mixture,orthogonal_all__m3,3,False,test,0.6558919920319968,0.0,0.0,True
wine-quality-red,regression,catboost,1,Raw+GramDistance@1,hybrid_prediction_mixture,orthogonal_all__m4,4,False,validation,0.6545710325201253,0.0,0.0,True
wine-quality-red,regression,catboost,1,Raw+GramDistance@1,hybrid_prediction_mixture,orthogonal_all__m4,4,False,test,0.6558919920319968,0.0,0.0,True
wine-quality-red,regression,catboost,1,Raw+GramDistance@1,hybrid_prediction_mixture,orthogonal_all__m5,5,False,validation,0.6545710325201253,0.0,0.0,True
wine-quality-red,regression,catboost,1,Raw+GramDistance@1,hybrid_prediction_mixture,orthogonal_all__m5,5,False,test,0.6558919920319968,0.0,0.0,True
wine-quality-red,regression,catboost,1,Raw+GramDistance@1,hybrid_prediction_mixture,orthogonal_all__m6,6,False,validation,0.6545710325201253,0.0,0.0,True
wine-quality-red,regression,catboost,1,Raw+GramDistance@1,hybrid_prediction_mixture,orthogonal_all__m6,6,False,test,0.6558919920319968,0.0,0.0,True
wine-quality-red,regression,catboost,1,Raw+GramDistance@1,hybrid_prediction_mixture,orthogonal_all__m7,7,False,validation,0.6545710325201253,0.0,0.0,True
wine-quality-red,regression,catboost,1,Raw+GramDistance@1,hybrid_prediction_mixture,orthogonal_all__m7,7,False,test,0.6558919920319968,0.0,0.0,True
wine-quality-red,regression,catboost,1,Raw+NystromGram@0.25,hybrid_prediction_mixture,rbf_reference,-1,True,validation,0.6449765338491559,0.0,0.0,False
wine-quality-red,regression,catboost,1,Raw+NystromGram@0.25,hybrid_prediction_mixture,rbf_reference,-1,True,test,0.6419303186466879,0.0,0.0,False
wine-quality-red,regression,catboost,1,Raw+NystromGram@0.25,hybrid_prediction_mixture,orthogonal_all__m0,0,False,validation,0.653038192353117,0.10310441932357053,0.0,True
wine-quality-red,regression,catboost,1,Raw+NystromGram@0.25,hybrid_prediction_mixture,orthogonal_all__m0,0,False,test,0.6482275685011042,0.09652545278219708,0.0,True
wine-quality-red,regression,catboost,1,Raw+NystromGram@0.25,hybrid_prediction_mixture,orthogonal_all__m1,1,False,validation,0.6460540128194191,0.10473759324101505,0.0,True
wine-quality-red,regression,catboost,1,Raw+NystromGram@0.25,hybrid_prediction_mixture,orthogonal_all__m1,1,False,test,0.6477387495801249,0.10217529328875291,0.0,True
wine-quality-red,regression,catboost,1,Raw+NystromGram@0.25,hybrid_prediction_mixture,orthogonal_all__m2,2,False,validation,0.6467387555090685,0.0987888138412963,0.0,True
wine-quality-red,regression,catboost,1,Raw+NystromGram@0.25,hybrid_prediction_mixture,orthogonal_all__m2,2,False,test,0.653766980059731,0.09271197698310307,0.0,True
wine-quality-red,regression,catboost,1,Raw+NystromGram@0.25,hybrid_prediction_mixture,orthogonal_all__m3,3,False,validation,0.642915306402235,0.11030938318442274,0.0,True
wine-quality-red,regression,catboost,1,Raw+NystromGram@0.25,hybrid_prediction_mixture,orthogonal_all__m3,3,False,test,0.6481662320305654,0.10149447246248568,0.0,True
wine-quality-red,regression,catboost,1,Raw+NystromGram@0.25,hybrid_prediction_mixture,orthogonal_all__m4,4,False,validation,0.6559763647409871,0.10364990038115726,0.0,True
wine-quality-red,regression,catboost,1,Raw+NystromGram@0.25,hybrid_prediction_mixture,orthogonal_all__m4,4,False,test,0.6466782972450666,0.10554028710926552,0.0,True
wine-quality-red,regression,catboost,1,Raw+NystromGram@0.25,hybrid_prediction_mixture,orthogonal_all__m5,5,False,validation,0.6482656516851271,0.10244391283117478,0.0,True
wine-quality-red,regression,catboost,1,Raw+NystromGram@0.25,hybrid_prediction_mixture,orthogonal_all__m5,5,False,test,0.6476161600740837,0.10119730616486283,0.0,True
wine-quality-red,regression,catboost,1,Raw+NystromGram@0.25,hybrid_prediction_mixture,orthogonal_all__m6,6,False,validation,0.6489860963952749,0.0973466840964106,0.0,True
wine-quality-red,regression,catboost,1,Raw+NystromGram@0.25,hybrid_prediction_mixture,orthogonal_all__m6,6,False,test,0.6428962123245342,0.09760176602816856,0.0,True
wine-quality-red,regression,catboost,1,Raw+NystromGram@0.25,hybrid_prediction_mixture,orthogonal_all__m7,7,False,validation,0.6459509737411526,0.09780009948801545,0.0,True
wine-quality-red,regression,catboost,1,Raw+NystromGram@0.25,hybrid_prediction_mixture,orthogonal_all__m7,7,False,test,0.6445898193176157,0.10049415945672784,0.0,True
wine-quality-red,regression,catboost,1,Raw+NystromGram@0.5,hybrid_prediction_mixture,rbf_reference,-1,True,validation,0.6441432290717872,0.0,0.0,False
wine-quality-red,regression,catboost,1,Raw+NystromGram@0.5,hybrid_prediction_mixture,rbf_reference,-1,True,test,0.6416698264394539,0.0,0.0,False
wine-quality-red,regression,catboost,1,Raw+NystromGram@0.5,hybrid_prediction_mixture,orthogonal_all__m0,0,False,validation,0.6498096305463725,0.068736279549047,0.0,True
wine-quality-red,regression,catboost,1,Raw+NystromGram@0.5,hybrid_prediction_mixture,orthogonal_all__m0,0,False,test,0.645993222362658,0.06435030185479808,0.0,True
wine-quality-red,regression,catboost,1,Raw+NystromGram@0.5,hybrid_prediction_mixture,orthogonal_all__m1,1,False,validation,0.6450656897945424,0.06982506216067665,0.0,True
wine-quality-red,regression,catboost,1,Raw+NystromGram@0.5,hybrid_prediction_mixture,orthogonal_all__m1,1,False,test,0.6455034820186369,0.06811686219250192,0.0,True
wine-quality-red,regression,catboost,1,Raw+NystromGram@0.5,hybrid_prediction_mixture,orthogonal_all__m2,2,False,validation,0.6454707621407552,0.06585920922753087,0.0,True
wine-quality-red,regression,catboost,1,Raw+NystromGram@0.5,hybrid_prediction_mixture,orthogonal_all__m2,2,False,test,0.649666886547128,0.061807984655402076,0.0,True
wine-quality-red,regression,catboost,1,Raw+NystromGram@0.5,hybrid_prediction_mixture,orthogonal_all__m3,3,False,validation,0.6427638130121346,0.0735395887896151,0.0,True
wine-quality-red,regression,catboost,1,Raw+NystromGram@0.5,hybrid_prediction_mixture,orthogonal_all__m3,3,False,test,0.6460124782246296,0.06766298164165713,0.0,True
wine-quality-red,regression,catboost,1,Raw+NystromGram@0.5,hybrid_prediction_mixture,orthogonal_all__m4,4,False,validation,0.6513029264294523,0.06909993358743811,0.0,True
wine-quality-red,regression,catboost,1,Raw+NystromGram@0.5,hybrid_prediction_mixture,orthogonal_all__m4,4,False,test,0.6448547972023021,0.070360191406177,0.0,True
wine-quality-red,regression,catboost,1,Raw+NystromGram@0.5,hybrid_prediction_mixture,orthogonal_all__m5,5,False,validation,0.6466323718782069,0.0682959418874498,0.0,True
wine-quality-red,regression,catboost,1,Raw+NystromGram@0.5,hybrid_prediction_mixture,orthogonal_all__m5,5,False,test,0.6453957339564783,0.06746487077657518,0.0,True
wine-quality-red,regression,catboost,1,Raw+NystromGram@0.5,hybrid_prediction_mixture,orthogonal_all__m6,6,False,validation,0.6471147459941745,0.06489778939760706,0.0,True
wine-quality-red,regression,catboost,1,Raw+NystromGram@0.5,hybrid_prediction_mixture,orthogonal_all__m6,6,False,test,0.6425233382011823,0.06506784401877908,0.0,True
wine-quality-red,regression,catboost,1,Raw+NystromGram@0.5,hybrid_prediction_mixture,orthogonal_all__m7,7,False,validation,0.6450904401145781,0.06520006632534359,0.0,True
wine-quality-red,regression,catboost,1,Raw+NystromGram@0.5,hybrid_prediction_mixture,orthogonal_all__m7,7,False,test,0.6434136111229093,0.06699610630448526,0.0,True
wine-quality-red,regression,catboost,1,Raw+NystromGram@0.75,hybrid_prediction_mixture,rbf_reference,-1,True,validation,0.6446778763052423,0.0,0.0,False
wine-quality-red,regression,catboost,1,Raw+NystromGram@0.75,hybrid_prediction_mixture,rbf_reference,-1,True,test,0.642716957511395,0.0,0.0,False
wine-quality-red,regression,catboost,1,Raw+NystromGram@0.75,hybrid_prediction_mixture,orthogonal_all__m0,0,False,validation,0.647652352812811,0.03436813977452352,0.0,True
wine-quality-red,regression,catboost,1,Raw+NystromGram@0.75,hybrid_prediction_mixture,orthogonal_all__m0,0,False,test,0.6449372184892759,0.03217515092739909,0.0,True
wine-quality-red,regression,catboost,1,Raw+NystromGram@0.75,hybrid_prediction_mixture,orthogonal_all__m1,1,False,validation,0.6452403604088294,0.03491253108033834,0.0,True
wine-quality-red,regression,catboost,1,Raw+NystromGram@0.75,hybrid_prediction_mixture,orthogonal_all__m1,1,False,test,0.6446104886193844,0.03405843109625101,0.0,True
wine-quality-red,regression,catboost,1,Raw+NystromGram@0.75,hybrid_prediction_mixture,orthogonal_all__m2,2,False,validation,0.6454167696379292,0.03292960461376542,0.0,True
wine-quality-red,regression,catboost,1,Raw+NystromGram@0.75,hybrid_prediction_mixture,orthogonal_all__m2,2,False,test,0.6467609615456935,0.03090399232770109,0.0,True
wine-quality-red,regression,catboost,1,Raw+NystromGram@0.75,hybrid_prediction_mixture,orthogonal_all__m3,3,False,validation,0.6439870055310929,0.03676979439480761,0.0,True
wine-quality-red,regression,catboost,1,Raw+NystromGram@0.75,hybrid_prediction_mixture,orthogonal_all__m3,3,False,test,0.6449770537645806,0.03383149082082855,0.0,True
wine-quality-red,regression,catboost,1,Raw+NystromGram@0.75,hybrid_prediction_mixture,orthogonal_all__m4,4,False,validation,0.6481623865357614,0.03454996679371906,0.0,True
wine-quality-red,regression,catboost,1,Raw+NystromGram@0.75,hybrid_prediction_mixture,orthogonal_all__m4,4,False,test,0.6443160731152895,0.03518009570308856,0.0,True
wine-quality-red,regression,catboost,1,Raw+NystromGram@0.75,hybrid_prediction_mixture,orthogonal_all__m5,5,False,validation,0.646068582803988,0.03414797094372493,0.0,True
wine-quality-red,regression,catboost,1,Raw+NystromGram@0.75,hybrid_prediction_mixture,orthogonal_all__m5,5,False,test,0.6445436544217407,0.03373243538828766,0.0,True
wine-quality-red,regression,catboost,1,Raw+NystromGram@0.75,hybrid_prediction_mixture,orthogonal_all__m6,6,False,validation,0.6463104138792324,0.03244889469880351,0.0,True
wine-quality-red,regression,catboost,1,Raw+NystromGram@0.75,hybrid_prediction_mixture,orthogonal_all__m6,6,False,test,0.6432476139367004,0.03253392200938953,0.0,True
wine-quality-red,regression,catboost,1,Raw+NystromGram@0.75,hybrid_prediction_mixture,orthogonal_all__m7,7,False,validation,0.6452994887223071,0.03260003316267187,0.0,True
wine-quality-red,regression,catboost,1,Raw+NystromGram@0.75,hybrid_prediction_mixture,orthogonal_all__m7,7,False,test,0.6435724480569855,0.033498053152242614,0.0,True
wine-quality-red,regression,catboost,1,Raw+NystromGram@1,hybrid_prediction_mixture,rbf_reference,-1,True,validation,0.6465770821265598,0.0,0.0,False
wine-quality-red,regression,catboost,1,Raw+NystromGram@1,hybrid_prediction_mixture,rbf_reference,-1,True,test,0.645065343920625,0.0,0.0,False
wine-quality-red,regression,catboost,1,Raw+NystromGram@1,hybrid_prediction_mixture,orthogonal_all__m0,0,False,validation,0.6465770821265598,0.0,0.0,True
wine-quality-red,regression,catboost,1,Raw+NystromGram@1,hybrid_prediction_mixture,orthogonal_all__m0,0,False,test,0.645065343920625,0.0,0.0,True
wine-quality-red,regression,catboost,1,Raw+NystromGram@1,hybrid_prediction_mixture,orthogonal_all__m1,1,False,validation,0.6465770821265598,0.0,0.0,True
wine-quality-red,regression,catboost,1,Raw+NystromGram@1,hybrid_prediction_mixture,orthogonal_all__m1,1,False,test,0.645065343920625,0.0,0.0,True
wine-quality-red,regression,catboost,1,Raw+NystromGram@1,hybrid_prediction_mixture,orthogonal_all__m2,2,False,validation,0.6465770821265598,0.0,0.0,True
wine-quality-red,regression,catboost,1,Raw+NystromGram@1,hybrid_prediction_mixture,orthogonal_all__m2,2,False,test,0.645065343920625,0.0,0.0,True
wine-quality-red,regression,catboost,1,Raw+NystromGram@1,hybrid_prediction_mixture,orthogonal_all__m3,3,False,validation,0.6465770821265598,0.0,0.0,True
wine-quality-red,regression,catboost,1,Raw+NystromGram@1,hybrid_prediction_mixture,orthogonal_all__m3,3,False,test,0.645065343920625,0.0,0.0,True
wine-quality-red,regression,catboost,1,Raw+NystromGram@1,hybrid_prediction_mixture,orthogonal_all__m4,4,False,validation,0.6465770821265598,0.0,0.0,True
wine-quality-red,regression,catboost,1,Raw+NystromGram@1,hybrid_prediction_mixture,orthogonal_all__m4,4,False,test,0.645065343920625,0.0,0.0,True
wine-quality-red,regression,catboost,1,Raw+NystromGram@1,hybrid_prediction_mixture,orthogonal_all__m5,5,False,validation,0.6465770821265598,0.0,0.0,True
wine-quality-red,regression,catboost,1,Raw+NystromGram@1,hybrid_prediction_mixture,orthogonal_all__m5,5,False,test,0.645065343920625,0.0,0.0,True
wine-quality-red,regression,catboost,1,Raw+NystromGram@1,hybrid_prediction_mixture,orthogonal_all__m6,6,False,validation,0.6465770821265598,0.0,0.0,True
wine-quality-red,regression,catboost,1,Raw+NystromGram@1,hybrid_prediction_mixture,orthogonal_all__m6,6,False,test,0.645065343920625,0.0,0.0,True
wine-quality-red,regression,catboost,1,Raw+NystromGram@1,hybrid_prediction_mixture,orthogonal_all__m7,7,False,validation,0.6465770821265598,0.0,0.0,True
wine-quality-red,regression,catboost,1,Raw+NystromGram@1,hybrid_prediction_mixture,orthogonal_all__m7,7,False,test,0.645065343920625,0.0,0.0,True
wine-quality-red,regression,catboost,1,Raw+HybridSpectral-t0.01@0.25,hybrid_prediction_mixture,rbf_reference,-1,True,validation,0.6467815226941587,0.0,0.0,False
wine-quality-red,regression,catboost,1,Raw+HybridSpectral-t0.01@0.25,hybrid_prediction_mixture,rbf_reference,-1,True,test,0.6424338685909848,0.0,0.0,False
wine-quality-red,regression,catboost,1,Raw+HybridSpectral-t0.01@0.25,hybrid_prediction_mixture,orthogonal_all__m0,0,False,validation,0.6547849384604906,0.10310441932357052,0.0,True
wine-quality-red,regression,catboost,1,Raw+HybridSpectral-t0.01@0.25,hybrid_prediction_mixture,orthogonal_all__m0,0,False,test,0.6487881187480312,0.09652545278219712,0.0,True
wine-quality-red,regression,catboost,1,Raw+HybridSpectral-t0.01@0.25,hybrid_prediction_mixture,orthogonal_all__m1,1,False,validation,0.647432159862833,0.10473759324101505,0.0,True
wine-quality-red,regression,catboost,1,Raw+HybridSpectral-t0.01@0.25,hybrid_prediction_mixture,orthogonal_all__m1,1,False,test,0.6481236056386984,0.10217529328875291,0.0,True
wine-quality-red,regression,catboost,1,Raw+HybridSpectral-t0.01@0.25,hybrid_prediction_mixture,orthogonal_all__m2,2,False,validation,0.6484844663376945,0.0987888138412963,0.0,True
wine-quality-red,regression,catboost,1,Raw+HybridSpectral-t0.01@0.25,hybrid_prediction_mixture,orthogonal_all__m2,2,False,test,0.6542281423200775,0.09271197698310306,0.0,True
wine-quality-red,regression,catboost,1,Raw+HybridSpectral-t0.01@0.25,hybrid_prediction_mixture,orthogonal_all__m3,3,False,validation,0.6449048263357412,0.1103093831844227,0.0,True
wine-quality-red,regression,catboost,1,Raw+HybridSpectral-t0.01@0.25,hybrid_prediction_mixture,orthogonal_all__m3,3,False,test,0.6482891231312428,0.10149447246248569,0.0,True
wine-quality-red,regression,catboost,1,Raw+HybridSpectral-t0.01@0.25,hybrid_prediction_mixture,orthogonal_all__m4,4,False,validation,0.6582347665726594,0.10364990038115725,0.0,True
wine-quality-red,regression,catboost,1,Raw+HybridSpectral-t0.01@0.25,hybrid_prediction_mixture,orthogonal_all__m4,4,False,test,0.6471668735284077,0.10554028710926554,0.0,True
wine-quality-red,regression,catboost,1,Raw+HybridSpectral-t0.01@0.25,hybrid_prediction_mixture,orthogonal_all__m5,5,False,validation,0.6500037514489094,0.10244391283117478,0.0,True
wine-quality-red,regression,catboost,1,Raw+HybridSpectral-t0.01@0.25,hybrid_prediction_mixture,orthogonal_all__m5,5,False,test,0.6480664135151312,0.10119730616486287,0.0,True
wine-quality-red,regression,catboost,1,Raw+HybridSpectral-t0.01@0.25,hybrid_prediction_mixture,orthogonal_all__m6,6,False,validation,0.6506616046754787,0.09734668409641055,0.0,True
wine-quality-red,regression,catboost,1,Raw+HybridSpectral-t0.01@0.25,hybrid_prediction_mixture,orthogonal_all__m6,6,False,test,0.6432329332425016,0.0976017660281686,0.0,True
wine-quality-red,regression,catboost,1,Raw+HybridSpectral-t0.01@0.25,hybrid_prediction_mixture,orthogonal_all__m7,7,False,validation,0.6481545880746605,0.09780009948801549,0.0,True
wine-quality-red,regression,catboost,1,Raw+HybridSpectral-t0.01@0.25,hybrid_prediction_mixture,orthogonal_all__m7,7,False,test,0.645264924959707,0.10049415945672786,0.0,True
wine-quality-red,regression,catboost,1,Raw+HybridSpectral-t0.01@0.5,hybrid_prediction_mixture,rbf_reference,-1,True,validation,0.6481315332182219,0.0,0.0,False
wine-quality-red,regression,catboost,1,Raw+HybridSpectral-t0.01@0.5,hybrid_prediction_mixture,rbf_reference,-1,True,test,0.6430594501180241,0.0,0.0,False
wine-quality-red,regression,catboost,1,Raw+HybridSpectral-t0.01@0.5,hybrid_prediction_mixture,orthogonal_all__m0,0,False,validation,0.653715260785682,0.06873627954904707,0.0,True
wine-quality-red,regression,catboost,1,Raw+HybridSpectral-t0.01@0.5,hybrid_prediction_mixture,orthogonal_all__m0,0,False,test,0.6474562545018009,0.06435030185479815,0.0,True
wine-quality-red,regression,catboost,1,Raw+HybridSpectral-t0.01@0.5,hybrid_prediction_mixture,orthogonal_all__m1,1,False,validation,0.648484183275879,0.06982506216067673,0.0,True
wine-quality-red,regression,catboost,1,Raw+HybridSpectral-t0.01@0.5,hybrid_prediction_mixture,orthogonal_all__m1,1,False,test,0.646732304852246,0.06811686219250206,0.0,True
wine-quality-red,regression,catboost,1,Raw+HybridSpectral-t0.01@0.5,hybrid_prediction_mixture,orthogonal_all__m2,2,False,validation,0.6493785167372149,0.06585920922753097,0.0,True
wine-quality-red,regression,catboost,1,Raw+HybridSpectral-t0.01@0.5,hybrid_prediction_mixture,orthogonal_all__m2,2,False,test,0.6509948507185396,0.061807984655402076,0.0,True
wine-quality-red,regression,catboost,1,Raw+HybridSpectral-t0.01@0.5,hybrid_prediction_mixture,orthogonal_all__m3,3,False,validation,0.6469982102245766,0.07353958878961521,0.0,True
wine-quality-red,regression,catboost,1,Raw+HybridSpectral-t0.01@0.5,hybrid_prediction_mixture,orthogonal_all__m3,3,False,test,0.6468906558757542,0.0676629816416572,0.0,True
wine-quality-red,regression,catboost,1,Raw+HybridSpectral-t0.01@0.5,hybrid_prediction_mixture,orthogonal_all__m4,4,False,validation,0.6558948320372882,0.06909993358743827,0.0,True
wine-quality-red,regression,catboost,1,Raw+HybridSpectral-t0.01@0.5,hybrid_prediction_mixture,orthogonal_all__m4,4,False,test,0.646222511031996,0.07036019140617712,0.0,True
wine-quality-red,regression,catboost,1,Raw+HybridSpectral-t0.01@0.5,hybrid_prediction_mixture,orthogonal_all__m5,5,False,validation,0.6505284720652047,0.06829594188744986,0.0,True
wine-quality-red,regression,catboost,1,Raw+HybridSpectral-t0.01@0.5,hybrid_prediction_mixture,orthogonal_all__m5,5,False,test,0.6467120448820907,0.06746487077657531,0.0,True
wine-quality-red,regression,catboost,1,Raw+HybridSpectral-t0.01@0.5,hybrid_prediction_mixture,orthogonal_all__m6,6,False,validation,0.6509271040179518,0.06489778939760711,0.0,True
wine-quality-red,regression,catboost,1,Raw+HybridSpectral-t0.01@0.5,hybrid_prediction_mixture,orthogonal_all__m6,6,False,test,0.6436898557938342,0.0650678440187791,0.0,True
wine-quality-red,regression,catboost,1,Raw+HybridSpectral-t0.01@0.5,hybrid_prediction_mixture,orthogonal_all__m7,7,False,validation,0.6496069029011132,0.06520006632534374,0.0,True
wine-quality-red,regression,catboost,1,Raw+HybridSpectral-t0.01@0.5,hybrid_prediction_mixture,orthogonal_all__m7,7,False,test,0.6450310799762633,0.06699610630448527,0.0,True
wine-quality-red,regression,catboost,1,Raw+HybridSpectral-t0.01@0.75,hybrid_prediction_mixture,rbf_reference,-1,True,validation,0.6512117105275752,0.0,0.0,False
wine-quality-red,regression,catboost,1,Raw+HybridSpectral-t0.01@0.75,hybrid_prediction_mixture,rbf_reference,-1,True,test,0.6453686803662326,0.0,0.0,False
wine-quality-red,regression,catboost,1,Raw+HybridSpectral-t0.01@0.75,hybrid_prediction_mixture,orthogonal_all__m0,0,False,validation,0.6541204200414182,0.034368139774523555,0.0,True
wine-quality-red,regression,catboost,1,Raw+HybridSpectral-t0.01@0.75,hybrid_prediction_mixture,orthogonal_all__m0,0,False,test,0.6476418476800644,0.03217515092739908,0.0,True
wine-quality-red,regression,catboost,1,Raw+HybridSpectral-t0.01@0.75,hybrid_prediction_mixture,orthogonal_all__m1,1,False,validation,0.651347261983502,0.034912531080338316,0.0,True
wine-quality-red,regression,catboost,1,Raw+HybridSpectral-t0.01@0.75,hybrid_prediction_mixture,orthogonal_all__m1,1,False,test,0.647140098530923,0.03405843109625103,0.0,True
wine-quality-red,regression,catboost,1,Raw+HybridSpectral-t0.01@0.75,hybrid_prediction_mixture,orthogonal_all__m2,2,False,validation,0.6518891091144534,0.032929604613765456,0.0,True
wine-quality-red,regression,catboost,1,Raw+HybridSpectral-t0.01@0.75,hybrid_prediction_mixture,orthogonal_all__m2,2,False,test,0.649362644426577,0.03090399232770106,0.0,True
wine-quality-red,regression,catboost,1,Raw+HybridSpectral-t0.01@0.75,hybrid_prediction_mixture,orthogonal_all__m3,3,False,validation,0.6507049453985013,0.036769794394807584,0.0,True
wine-quality-red,regression,catboost,1,Raw+HybridSpectral-t0.01@0.75,hybrid_prediction_mixture,orthogonal_all__m3,3,False,test,0.6472430975440537,0.03383149082082855,0.0,True
wine-quality-red,regression,catboost,1,Raw+HybridSpectral-t0.01@0.75,hybrid_prediction_mixture,orthogonal_all__m4,4,False,validation,0.655147323122217,0.03454996679371912,0.0,True
wine-quality-red,regression,catboost,1,Raw+HybridSpectral-t0.01@0.75,hybrid_prediction_mixture,orthogonal_all__m4,4,False,test,0.6469499584585119,0.03518009570308852,0.0,True
wine-quality-red,regression,catboost,1,Raw+HybridSpectral-t0.01@0.75,hybrid_prediction_mixture,orthogonal_all__m5,5,False,validation,0.6525309603977245,0.03414797094372498,0.0,True
wine-quality-red,regression,catboost,1,Raw+HybridSpectral-t0.01@0.75,hybrid_prediction_mixture,orthogonal_all__m5,5,False,test,0.6471389438154713,0.03373243538828765,0.0,True
wine-quality-red,regression,catboost,1,Raw+HybridSpectral-t0.01@0.75,hybrid_prediction_mixture,orthogonal_all__m6,6,False,validation,0.6527099205784654,0.0324488946988035,0.0,True
wine-quality-red,regression,catboost,1,Raw+HybridSpectral-t0.01@0.75,hybrid_prediction_mixture,orthogonal_all__m6,6,False,test,0.6457317276019402,0.0325339220093895,0.0,True
wine-quality-red,regression,catboost,1,Raw+HybridSpectral-t0.01@0.75,hybrid_prediction_mixture,orthogonal_all__m7,7,False,validation,0.6522259260092861,0.03260003316267184,0.0,True
wine-quality-red,regression,catboost,1,Raw+HybridSpectral-t0.01@0.75,hybrid_prediction_mixture,orthogonal_all__m7,7,False,test,0.6463939887741912,0.03349805315224256,0.0,True
wine-quality-red,regression,catboost,1,Raw+HybridSpectral-t0.01@1,hybrid_prediction_mixture,rbf_reference,-1,True,validation,0.6559976835537731,0.0,0.0,False
wine-quality-red,regression,catboost,1,Raw+HybridSpectral-t0.01@1,hybrid_prediction_mixture,rbf_reference,-1,True,test,0.6493435971405662,0.0,0.0,False
wine-quality-red,regression,catboost,1,Raw+HybridSpectral-t0.01@1,hybrid_prediction_mixture,orthogonal_all__m0,0,False,validation,0.6559976835537731,0.0,0.0,True
wine-quality-red,regression,catboost,1,Raw+HybridSpectral-t0.01@1,hybrid_prediction_mixture,orthogonal_all__m0,0,False,test,0.6493435971405662,0.0,0.0,True
wine-quality-red,regression,catboost,1,Raw+HybridSpectral-t0.01@1,hybrid_prediction_mixture,orthogonal_all__m1,1,False,validation,0.6559976835537731,0.0,0.0,True
wine-quality-red,regression,catboost,1,Raw+HybridSpectral-t0.01@1,hybrid_prediction_mixture,orthogonal_all__m1,1,False,test,0.6493435971405662,0.0,0.0,True
wine-quality-red,regression,catboost,1,Raw+HybridSpectral-t0.01@1,hybrid_prediction_mixture,orthogonal_all__m2,2,False,validation,0.6559976835537731,0.0,0.0,True
wine-quality-red,regression,catboost,1,Raw+HybridSpectral-t0.01@1,hybrid_prediction_mixture,orthogonal_all__m2,2,False,test,0.6493435971405662,0.0,0.0,True
wine-quality-red,regression,catboost,1,Raw+HybridSpectral-t0.01@1,hybrid_prediction_mixture,orthogonal_all__m3,3,False,validation,0.6559976835537731,0.0,0.0,True
wine-quality-red,regression,catboost,1,Raw+HybridSpectral-t0.01@1,hybrid_prediction_mixture,orthogonal_all__m3,3,False,test,0.6493435971405662,0.0,0.0,True
wine-quality-red,regression,catboost,1,Raw+HybridSpectral-t0.01@1,hybrid_prediction_mixture,orthogonal_all__m4,4,False,validation,0.6559976835537731,0.0,0.0,True
wine-quality-red,regression,catboost,1,Raw+HybridSpectral-t0.01@1,hybrid_prediction_mixture,orthogonal_all__m4,4,False,test,0.6493435971405662,0.0,0.0,True
wine-quality-red,regression,catboost,1,Raw+HybridSpectral-t0.01@1,hybrid_prediction_mixture,orthogonal_all__m5,5,False,validation,0.6559976835537731,0.0,0.0,True
wine-quality-red,regression,catboost,1,Raw+HybridSpectral-t0.01@1,hybrid_prediction_mixture,orthogonal_all__m5,5,False,test,0.6493435971405662,0.0,0.0,True
wine-quality-red,regression,catboost,1,Raw+HybridSpectral-t0.01@1,hybrid_prediction_mixture,orthogonal_all__m6,6,False,validation,0.6559976835537731,0.0,0.0,True
wine-quality-red,regression,catboost,1,Raw+HybridSpectral-t0.01@1,hybrid_prediction_mixture,orthogonal_all__m6,6,False,test,0.6493435971405662,0.0,0.0,True
wine-quality-red,regression,catboost,1,Raw+HybridSpectral-t0.01@1,hybrid_prediction_mixture,orthogonal_all__m7,7,False,validation,0.6559976835537731,0.0,0.0,True
wine-quality-red,regression,catboost,1,Raw+HybridSpectral-t0.01@1,hybrid_prediction_mixture,orthogonal_all__m7,7,False,test,0.6493435971405662,0.0,0.0,True
wine-quality-red,regression,catboost,1,Raw+HybridSpectral-t0.05@0.25,hybrid_prediction_mixture,rbf_reference,-1,True,validation,0.6461236854919304,0.0,0.0,False
wine-quality-red,regression,catboost,1,Raw+HybridSpectral-t0.05@0.25,hybrid_prediction_mixture,rbf_reference,-1,True,test,0.64261801837947,0.0,0.0,False
wine-quality-red,regression,catboost,1,Raw+HybridSpectral-t0.05@0.25,hybrid_prediction_mixture,orthogonal_all__m0,0,False,validation,0.6543483316731955,0.10310441932357056,0.0,True
wine-quality-red,regression,catboost,1,Raw+HybridSpectral-t0.05@0.25,hybrid_prediction_mixture,orthogonal_all__m0,0,False,test,0.6488487281234194,0.09652545278219715,0.0,True
wine-quality-red,regression,catboost,1,Raw+HybridSpectral-t0.05@0.25,hybrid_prediction_mixture,orthogonal_all__m1,1,False,validation,0.64732767374014,0.10473759324101507,0.0,True
wine-quality-red,regression,catboost,1,Raw+HybridSpectral-t0.05@0.25,hybrid_prediction_mixture,orthogonal_all__m1,1,False,test,0.6483164468488295,0.10217529328875292,0.0,True
wine-quality-red,regression,catboost,1,Raw+HybridSpectral-t0.05@0.25,hybrid_prediction_mixture,orthogonal_all__m2,2,False,validation,0.6483298598667655,0.09878881384129637,0.0,True
wine-quality-red,regression,catboost,1,Raw+HybridSpectral-t0.05@0.25,hybrid_prediction_mixture,orthogonal_all__m2,2,False,test,0.6545046666750972,0.09271197698310306,0.0,True
wine-quality-red,regression,catboost,1,Raw+HybridSpectral-t0.05@0.25,hybrid_prediction_mixture,orthogonal_all__m3,3,False,validation,0.6449102525257409,0.1103093831844227,0.0,True
wine-quality-red,regression,catboost,1,Raw+HybridSpectral-t0.05@0.25,hybrid_prediction_mixture,orthogonal_all__m3,3,False,test,0.6486412304134668,0.10149447246248572,0.0,True
wine-quality-red,regression,catboost,1,Raw+HybridSpectral-t0.05@0.25,hybrid_prediction_mixture,orthogonal_all__m4,4,False,validation,0.6577264651729511,0.10364990038115726,0.0,True
wine-quality-red,regression,catboost,1,Raw+HybridSpectral-t0.05@0.25,hybrid_prediction_mixture,orthogonal_all__m4,4,False,test,0.6475684210295964,0.10554028710926552,0.0,True
wine-quality-red,regression,catboost,1,Raw+HybridSpectral-t0.05@0.25,hybrid_prediction_mixture,orthogonal_all__m5,5,False,validation,0.6497805271722785,0.10244391283117478,0.0,True
wine-quality-red,regression,catboost,1,Raw+HybridSpectral-t0.05@0.25,hybrid_prediction_mixture,orthogonal_all__m5,5,False,test,0.648468820097055,0.10119730616486285,0.0,True
wine-quality-red,regression,catboost,1,Raw+HybridSpectral-t0.05@0.25,hybrid_prediction_mixture,orthogonal_all__m6,6,False,validation,0.6500919814996969,0.09734668409641062,0.0,True
wine-quality-red,regression,catboost,1,Raw+HybridSpectral-t0.05@0.25,hybrid_prediction_mixture,orthogonal_all__m6,6,False,test,0.643177256272785,0.09760176602816856,0.0,True
wine-quality-red,regression,catboost,1,Raw+HybridSpectral-t0.05@0.25,hybrid_prediction_mixture,orthogonal_all__m7,7,False,validation,0.6478623772836508,0.0978000994880155,0.0,True
wine-quality-red,regression,catboost,1,Raw+HybridSpectral-t0.05@0.25,hybrid_prediction_mixture,orthogonal_all__m7,7,False,test,0.6455298325488813,0.10049415945672786,0.0,True
wine-quality-red,regression,catboost,1,Raw+HybridSpectral-t0.05@0.5,hybrid_prediction_mixture,rbf_reference,-1,True,validation,0.647121259626185,0.0,0.0,False
wine-quality-red,regression,catboost,1,Raw+HybridSpectral-t0.05@0.5,hybrid_prediction_mixture,rbf_reference,-1,True,test,0.6434445927090664,0.0,0.0,False
wine-quality-red,regression,catboost,1,Raw+HybridSpectral-t0.05@0.5,hybrid_prediction_mixture,orthogonal_all__m0,0,False,validation,0.6529984752846286,0.06873627954904704,0.0,True
wine-quality-red,regression,catboost,1,Raw+HybridSpectral-t0.05@0.5,hybrid_prediction_mixture,orthogonal_all__m0,0,False,test,0.6476761780098116,0.06435030185479809,0.0,True
wine-quality-red,regression,catboost,1,Raw+HybridSpectral-t0.05@0.5,hybrid_prediction_mixture,orthogonal_all__m1,1,False,validation,0.6482104790992796,0.06982506216067667,0.0,True
wine-quality-red,regression,catboost,1,Raw+HybridSpectral-t0.05@0.5,hybrid_prediction_mixture,orthogonal_all__m1,1,False,test,0.6471290301687505,0.068116862192502,0.0,True
wine-quality-red,regression,catboost,1,Raw+HybridSpectral-t0.05@0.5,hybrid_prediction_mixture,orthogonal_all__m2,2,False,validation,0.6490382104721071,0.06585920922753094,0.0,True
wine-quality-red,regression,catboost,1,Raw+HybridSpectral-t0.05@0.5,hybrid_prediction_mixture,orthogonal_all__m2,2,False,test,0.6515034835768655,0.061807984655402104,0.0,True
wine-quality-red,regression,catboost,1,Raw+HybridSpectral-t0.05@0.5,hybrid_prediction_mixture,orthogonal_all__m3,3,False,validation,0.6468705312845001,0.07353958878961517,0.0,True
wine-quality-red,regression,catboost,1,Raw+HybridSpectral-t0.05@0.5,hybrid_prediction_mixture,orthogonal_all__m3,3,False,test,0.6475000877309547,0.06766298164165718,0.0,True
wine-quality-red,regression,catboost,1,Raw+HybridSpectral-t0.05@0.5,hybrid_prediction_mixture,orthogonal_all__m4,4,False,validation,0.6550813887958664,0.06909993358743817,0.0,True
wine-quality-red,regression,catboost,1,Raw+HybridSpectral-t0.05@0.5,hybrid_prediction_mixture,orthogonal_all__m4,4,False,test,0.6468977473426611,0.07036019140617707,0.0,True
wine-quality-red,regression,catboost,1,Raw+HybridSpectral-t0.05@0.5,hybrid_prediction_mixture,orthogonal_all__m5,5,False,validation,0.6500968417053244,0.06829594188744986,0.0,True
wine-quality-red,regression,catboost,1,Raw+HybridSpectral-t0.05@0.5,hybrid_prediction_mixture,orthogonal_all__m5,5,False,test,0.6473886618825263,0.06746487077657524,0.0,True
wine-quality-red,regression,catboost,1,Raw+HybridSpectral-t0.05@0.5,hybrid_prediction_mixture,orthogonal_all__m6,6,False,validation,0.6500335714883385,0.0648977893976071,0.0,True
wine-quality-red,regression,catboost,1,Raw+HybridSpectral-t0.05@0.5,hybrid_prediction_mixture,orthogonal_all__m6,6,False,test,0.6437554639352876,0.0650678440187791,0.0,True
wine-quality-red,regression,catboost,1,Raw+HybridSpectral-t0.05@0.5,hybrid_prediction_mixture,orthogonal_all__m7,7,False,validation,0.649083700258711,0.06520006632534371,0.0,True
wine-quality-red,regression,catboost,1,Raw+HybridSpectral-t0.05@0.5,hybrid_prediction_mixture,orthogonal_all__m7,7,False,test,0.6455238033524832,0.06699610630448526,0.0,True
wine-quality-red,regression,catboost,1,Raw+HybridSpectral-t0.05@0.75,hybrid_prediction_mixture,rbf_reference,-1,True,validation,0.6501558092396622,0.0,0.0,False
wine-quality-red,regression,catboost,1,Raw+HybridSpectral-t0.05@0.75,hybrid_prediction_mixture,rbf_reference,-1,True,test,0.6459700225238328,0.0,0.0,False
wine-quality-red,regression,catboost,1,Raw+HybridSpectral-t0.05@0.75,hybrid_prediction_mixture,orthogonal_all__m0,0,False,validation,0.6532827511489004,0.03436813977452356,0.0,True
wine-quality-red,regression,catboost,1,Raw+HybridSpectral-t0.05@0.75,hybrid_prediction_mixture,orthogonal_all__m0,0,False,test,0.6481192067774476,0.032175150927399074,0.0,True
wine-quality-red,regression,catboost,1,Raw+HybridSpectral-t0.05@0.75,hybrid_prediction_mixture,orthogonal_all__m1,1,False,validation,0.6508412838498353,0.034912531080338365,0.0,True
wine-quality-red,regression,catboost,1,Raw+HybridSpectral-t0.05@0.75,hybrid_prediction_mixture,orthogonal_all__m1,1,False,test,0.6477501127470435,0.034058431096251035,0.0,True
wine-quality-red,regression,catboost,1,Raw+HybridSpectral-t0.05@0.75,hybrid_prediction_mixture,orthogonal_all__m2,2,False,validation,0.6513334938419335,0.032929604613765456,0.0,True
wine-quality-red,regression,catboost,1,Raw+HybridSpectral-t0.05@0.75,hybrid_prediction_mixture,orthogonal_all__m2,2,False,test,0.6500566397177927,0.03090399232770105,0.0,True
wine-quality-red,regression,catboost,1,Raw+HybridSpectral-t0.05@0.75,hybrid_prediction_mixture,orthogonal_all__m3,3,False,validation,0.6503078734357118,0.03676979439480761,0.0,True
wine-quality-red,regression,catboost,1,Raw+HybridSpectral-t0.05@0.75,hybrid_prediction_mixture,orthogonal_all__m3,3,False,test,0.6480124846860996,0.03383149082082854,0.0,True
wine-quality-red,regression,catboost,1,Raw+HybridSpectral-t0.05@0.75,hybrid_prediction_mixture,orthogonal_all__m4,4,False,validation,0.6542365898991567,0.03454996679371913,0.0,True
wine-quality-red,regression,catboost,1,Raw+HybridSpectral-t0.05@0.75,hybrid_prediction_mixture,orthogonal_all__m4,4,False,test,0.6477685086821615,0.03518009570308854,0.0,True
wine-quality-red,regression,catboost,1,Raw+HybridSpectral-t0.05@0.75,hybrid_prediction_mixture,orthogonal_all__m5,5,False,validation,0.6519071378478183,0.03414797094372499,0.0,True
wine-quality-red,regression,catboost,1,Raw+HybridSpectral-t0.05@0.75,hybrid_prediction_mixture,orthogonal_all__m5,5,False,test,0.6479586725115392,0.033732435388287664,0.0,True
wine-quality-red,regression,catboost,1,Raw+HybridSpectral-t0.05@0.75,hybrid_prediction_mixture,orthogonal_all__m6,6,False,validation,0.6517405208651743,0.03244889469880356,0.0,True
wine-quality-red,regression,catboost,1,Raw+HybridSpectral-t0.05@0.75,hybrid_prediction_mixture,orthogonal_all__m6,6,False,test,0.6460942152497822,0.03253392200938956,0.0,True
wine-quality-red,regression,catboost,1,Raw+HybridSpectral-t0.05@0.75,hybrid_prediction_mixture,orthogonal_all__m7,7,False,validation,0.6515338471029655,0.03260003316267187,0.0,True
wine-quality-red,regression,catboost,1,Raw+HybridSpectral-t0.05@0.75,hybrid_prediction_mixture,orthogonal_all__m7,7,False,test,0.6470757485946681,0.03349805315224262,0.0,True
wine-quality-red,regression,catboost,1,Raw+HybridSpectral-t0.05@1,hybrid_prediction_mixture,rbf_reference,-1,True,validation,0.6551990322317135,0.0,0.0,False
wine-quality-red,regression,catboost,1,Raw+HybridSpectral-t0.05@1,hybrid_prediction_mixture,rbf_reference,-1,True,test,0.650174511869445,0.0,0.0,False
wine-quality-red,regression,catboost,1,Raw+HybridSpectral-t0.05@1,hybrid_prediction_mixture,orthogonal_all__m0,0,False,validation,0.6551990322317135,0.0,0.0,True
wine-quality-red,regression,catboost,1,Raw+HybridSpectral-t0.05@1,hybrid_prediction_mixture,orthogonal_all__m0,0,False,test,0.650174511869445,0.0,0.0,True
wine-quality-red,regression,catboost,1,Raw+HybridSpectral-t0.05@1,hybrid_prediction_mixture,orthogonal_all__m1,1,False,validation,0.6551990322317135,0.0,0.0,True
wine-quality-red,regression,catboost,1,Raw+HybridSpectral-t0.05@1,hybrid_prediction_mixture,orthogonal_all__m1,1,False,test,0.650174511869445,0.0,0.0,True
wine-quality-red,regression,catboost,1,Raw+HybridSpectral-t0.05@1,hybrid_prediction_mixture,orthogonal_all__m2,2,False,validation,0.6551990322317135,0.0,0.0,True
wine-quality-red,regression,catboost,1,Raw+HybridSpectral-t0.05@1,hybrid_prediction_mixture,orthogonal_all__m2,2,False,test,0.650174511869445,0.0,0.0,True
wine-quality-red,regression,catboost,1,Raw+HybridSpectral-t0.05@1,hybrid_prediction_mixture,orthogonal_all__m3,3,False,validation,0.6551990322317135,0.0,0.0,True
wine-quality-red,regression,catboost,1,Raw+HybridSpectral-t0.05@1,hybrid_prediction_mixture,orthogonal_all__m3,3,False,test,0.650174511869445,0.0,0.0,True
wine-quality-red,regression,catboost,1,Raw+HybridSpectral-t0.05@1,hybrid_prediction_mixture,orthogonal_all__m4,4,False,validation,0.6551990322317135,0.0,0.0,True
wine-quality-red,regression,catboost,1,Raw+HybridSpectral-t0.05@1,hybrid_prediction_mixture,orthogonal_all__m4,4,False,test,0.650174511869445,0.0,0.0,True
wine-quality-red,regression,catboost,1,Raw+HybridSpectral-t0.05@1,hybrid_prediction_mixture,orthogonal_all__m5,5,False,validation,0.6551990322317135,0.0,0.0,True
wine-quality-red,regression,catboost,1,Raw+HybridSpectral-t0.05@1,hybrid_prediction_mixture,orthogonal_all__m5,5,False,test,0.650174511869445,0.0,0.0,True
wine-quality-red,regression,catboost,1,Raw+HybridSpectral-t0.05@1,hybrid_prediction_mixture,orthogonal_all__m6,6,False,validation,0.6551990322317135,0.0,0.0,True
wine-quality-red,regression,catboost,1,Raw+HybridSpectral-t0.05@1,hybrid_prediction_mixture,orthogonal_all__m6,6,False,test,0.650174511869445,0.0,0.0,True
wine-quality-red,regression,catboost,1,Raw+HybridSpectral-t0.05@1,hybrid_prediction_mixture,orthogonal_all__m7,7,False,validation,0.6551990322317135,0.0,0.0,True
wine-quality-red,regression,catboost,1,Raw+HybridSpectral-t0.05@1,hybrid_prediction_mixture,orthogonal_all__m7,7,False,test,0.650174511869445,0.0,0.0,True
wine-quality-red,regression,catboost,1,Raw+HybridSpectral-t0.10@0.25,hybrid_prediction_mixture,rbf_reference,-1,True,validation,0.6461236854919304,0.0,0.0,False
wine-quality-red,regression,catboost,1,Raw+HybridSpectral-t0.10@0.25,hybrid_prediction_mixture,rbf_reference,-1,True,test,0.64261801837947,0.0,0.0,False
wine-quality-red,regression,catboost,1,Raw+HybridSpectral-t0.10@0.25,hybrid_prediction_mixture,orthogonal_all__m0,0,False,validation,0.6543483316731955,0.10310441932357056,0.0,True
wine-quality-red,regression,catboost,1,Raw+HybridSpectral-t0.10@0.25,hybrid_prediction_mixture,orthogonal_all__m0,0,False,test,0.6488487281234194,0.09652545278219715,0.0,True
wine-quality-red,regression,catboost,1,Raw+HybridSpectral-t0.10@0.25,hybrid_prediction_mixture,orthogonal_all__m1,1,False,validation,0.64732767374014,0.10473759324101507,0.0,True
wine-quality-red,regression,catboost,1,Raw+HybridSpectral-t0.10@0.25,hybrid_prediction_mixture,orthogonal_all__m1,1,False,test,0.6483164468488295,0.10217529328875292,0.0,True
wine-quality-red,regression,catboost,1,Raw+HybridSpectral-t0.10@0.25,hybrid_prediction_mixture,orthogonal_all__m2,2,False,validation,0.6483298598667655,0.09878881384129637,0.0,True
wine-quality-red,regression,catboost,1,Raw+HybridSpectral-t0.10@0.25,hybrid_prediction_mixture,orthogonal_all__m2,2,False,test,0.6545046666750972,0.09271197698310306,0.0,True
wine-quality-red,regression,catboost,1,Raw+HybridSpectral-t0.10@0.25,hybrid_prediction_mixture,orthogonal_all__m3,3,False,validation,0.6449102525257409,0.1103093831844227,0.0,True
wine-quality-red,regression,catboost,1,Raw+HybridSpectral-t0.10@0.25,hybrid_prediction_mixture,orthogonal_all__m3,3,False,test,0.6486412304134668,0.10149447246248572,0.0,True
wine-quality-red,regression,catboost,1,Raw+HybridSpectral-t0.10@0.25,hybrid_prediction_mixture,orthogonal_all__m4,4,False,validation,0.6577264651729511,0.10364990038115726,0.0,True
wine-quality-red,regression,catboost,1,Raw+HybridSpectral-t0.10@0.25,hybrid_prediction_mixture,orthogonal_all__m4,4,False,test,0.6475684210295964,0.10554028710926552,0.0,True
wine-quality-red,regression,catboost,1,Raw+HybridSpectral-t0.10@0.25,hybrid_prediction_mixture,orthogonal_all__m5,5,False,validation,0.6497805271722785,0.10244391283117478,0.0,True
wine-quality-red,regression,catboost,1,Raw+HybridSpectral-t0.10@0.25,hybrid_prediction_mixture,orthogonal_all__m5,5,False,test,0.648468820097055,0.10119730616486285,0.0,True
wine-quality-red,regression,catboost,1,Raw+HybridSpectral-t0.10@0.25,hybrid_prediction_mixture,orthogonal_all__m6,6,False,validation,0.6500919814996969,0.09734668409641062,0.0,True
wine-quality-red,regression,catboost,1,Raw+HybridSpectral-t0.10@0.25,hybrid_prediction_mixture,orthogonal_all__m6,6,False,test,0.643177256272785,0.09760176602816856,0.0,True
wine-quality-red,regression,catboost,1,Raw+HybridSpectral-t0.10@0.25,hybrid_prediction_mixture,orthogonal_all__m7,7,False,validation,0.6478623772836508,0.0978000994880155,0.0,True
wine-quality-red,regression,catboost,1,Raw+HybridSpectral-t0.10@0.25,hybrid_prediction_mixture,orthogonal_all__m7,7,False,test,0.6455298325488813,0.10049415945672786,0.0,True
wine-quality-red,regression,catboost,1,Raw+HybridSpectral-t0.10@0.5,hybrid_prediction_mixture,rbf_reference,-1,True,validation,0.647121259626185,0.0,0.0,False
wine-quality-red,regression,catboost,1,Raw+HybridSpectral-t0.10@0.5,hybrid_prediction_mixture,rbf_reference,-1,True,test,0.6434445927090664,0.0,0.0,False
wine-quality-red,regression,catboost,1,Raw+HybridSpectral-t0.10@0.5,hybrid_prediction_mixture,orthogonal_all__m0,0,False,validation,0.6529984752846286,0.06873627954904704,0.0,True
wine-quality-red,regression,catboost,1,Raw+HybridSpectral-t0.10@0.5,hybrid_prediction_mixture,orthogonal_all__m0,0,False,test,0.6476761780098116,0.06435030185479809,0.0,True
wine-quality-red,regression,catboost,1,Raw+HybridSpectral-t0.10@0.5,hybrid_prediction_mixture,orthogonal_all__m1,1,False,validation,0.6482104790992796,0.06982506216067667,0.0,True
wine-quality-red,regression,catboost,1,Raw+HybridSpectral-t0.10@0.5,hybrid_prediction_mixture,orthogonal_all__m1,1,False,test,0.6471290301687505,0.068116862192502,0.0,True
wine-quality-red,regression,catboost,1,Raw+HybridSpectral-t0.10@0.5,hybrid_prediction_mixture,orthogonal_all__m2,2,False,validation,0.6490382104721071,0.06585920922753094,0.0,True
wine-quality-red,regression,catboost,1,Raw+HybridSpectral-t0.10@0.5,hybrid_prediction_mixture,orthogonal_all__m2,2,False,test,0.6515034835768655,0.061807984655402104,0.0,True
wine-quality-red,regression,catboost,1,Raw+HybridSpectral-t0.10@0.5,hybrid_prediction_mixture,orthogonal_all__m3,3,False,validation,0.6468705312845001,0.07353958878961517,0.0,True
wine-quality-red,regression,catboost,1,Raw+HybridSpectral-t0.10@0.5,hybrid_prediction_mixture,orthogonal_all__m3,3,False,test,0.6475000877309547,0.06766298164165718,0.0,True
wine-quality-red,regression,catboost,1,Raw+HybridSpectral-t0.10@0.5,hybrid_prediction_mixture,orthogonal_all__m4,4,False,validation,0.6550813887958664,0.06909993358743817,0.0,True
wine-quality-red,regression,catboost,1,Raw+HybridSpectral-t0.10@0.5,hybrid_prediction_mixture,orthogonal_all__m4,4,False,test,0.6468977473426611,0.07036019140617707,0.0,True
wine-quality-red,regression,catboost,1,Raw+HybridSpectral-t0.10@0.5,hybrid_prediction_mixture,orthogonal_all__m5,5,False,validation,0.6500968417053244,0.06829594188744986,0.0,True
wine-quality-red,regression,catboost,1,Raw+HybridSpectral-t0.10@0.5,hybrid_prediction_mixture,orthogonal_all__m5,5,False,test,0.6473886618825263,0.06746487077657524,0.0,True
wine-quality-red,regression,catboost,1,Raw+HybridSpectral-t0.10@0.5,hybrid_prediction_mixture,orthogonal_all__m6,6,False,validation,0.6500335714883385,0.0648977893976071,0.0,True
wine-quality-red,regression,catboost,1,Raw+HybridSpectral-t0.10@0.5,hybrid_prediction_mixture,orthogonal_all__m6,6,False,test,0.6437554639352876,0.0650678440187791,0.0,True
wine-quality-red,regression,catboost,1,Raw+HybridSpectral-t0.10@0.5,hybrid_prediction_mixture,orthogonal_all__m7,7,False,validation,0.649083700258711,0.06520006632534371,0.0,True
wine-quality-red,regression,catboost,1,Raw+HybridSpectral-t0.10@0.5,hybrid_prediction_mixture,orthogonal_all__m7,7,False,test,0.6455238033524832,0.06699610630448526,0.0,True
wine-quality-red,regression,catboost,1,Raw+HybridSpectral-t0.10@0.75,hybrid_prediction_mixture,rbf_reference,-1,True,validation,0.6501558092396622,0.0,0.0,False
wine-quality-red,regression,catboost,1,Raw+HybridSpectral-t0.10@0.75,hybrid_prediction_mixture,rbf_reference,-1,True,test,0.6459700225238328,0.0,0.0,False
wine-quality-red,regression,catboost,1,Raw+HybridSpectral-t0.10@0.75,hybrid_prediction_mixture,orthogonal_all__m0,0,False,validation,0.6532827511489004,0.03436813977452356,0.0,True
wine-quality-red,regression,catboost,1,Raw+HybridSpectral-t0.10@0.75,hybrid_prediction_mixture,orthogonal_all__m0,0,False,test,0.6481192067774476,0.032175150927399074,0.0,True
wine-quality-red,regression,catboost,1,Raw+HybridSpectral-t0.10@0.75,hybrid_prediction_mixture,orthogonal_all__m1,1,False,validation,0.6508412838498353,0.034912531080338365,0.0,True
wine-quality-red,regression,catboost,1,Raw+HybridSpectral-t0.10@0.75,hybrid_prediction_mixture,orthogonal_all__m1,1,False,test,0.6477501127470435,0.034058431096251035,0.0,True
wine-quality-red,regression,catboost,1,Raw+HybridSpectral-t0.10@0.75,hybrid_prediction_mixture,orthogonal_all__m2,2,False,validation,0.6513334938419335,0.032929604613765456,0.0,True
wine-quality-red,regression,catboost,1,Raw+HybridSpectral-t0.10@0.75,hybrid_prediction_mixture,orthogonal_all__m2,2,False,test,0.6500566397177927,0.03090399232770105,0.0,True
wine-quality-red,regression,catboost,1,Raw+HybridSpectral-t0.10@0.75,hybrid_prediction_mixture,orthogonal_all__m3,3,False,validation,0.6503078734357118,0.03676979439480761,0.0,True
wine-quality-red,regression,catboost,1,Raw+HybridSpectral-t0.10@0.75,hybrid_prediction_mixture,orthogonal_all__m3,3,False,test,0.6480124846860996,0.03383149082082854,0.0,True
wine-quality-red,regression,catboost,1,Raw+HybridSpectral-t0.10@0.75,hybrid_prediction_mixture,orthogonal_all__m4,4,False,validation,0.6542365898991567,0.03454996679371913,0.0,True
wine-quality-red,regression,catboost,1,Raw+HybridSpectral-t0.10@0.75,hybrid_prediction_mixture,orthogonal_all__m4,4,False,test,0.6477685086821615,0.03518009570308854,0.0,True
wine-quality-red,regression,catboost,1,Raw+HybridSpectral-t0.10@0.75,hybrid_prediction_mixture,orthogonal_all__m5,5,False,validation,0.6519071378478183,0.03414797094372499,0.0,True
wine-quality-red,regression,catboost,1,Raw+HybridSpectral-t0.10@0.75,hybrid_prediction_mixture,orthogonal_all__m5,5,False,test,0.6479586725115392,0.033732435388287664,0.0,True
wine-quality-red,regression,catboost,1,Raw+HybridSpectral-t0.10@0.75,hybrid_prediction_mixture,orthogonal_all__m6,6,False,validation,0.6517405208651743,0.03244889469880356,0.0,True
wine-quality-red,regression,catboost,1,Raw+HybridSpectral-t0.10@0.75,hybrid_prediction_mixture,orthogonal_all__m6,6,False,test,0.6460942152497822,0.03253392200938956,0.0,True
wine-quality-red,regression,catboost,1,Raw+HybridSpectral-t0.10@0.75,hybrid_prediction_mixture,orthogonal_all__m7,7,False,validation,0.6515338471029655,0.03260003316267187,0.0,True
wine-quality-red,regression,catboost,1,Raw+HybridSpectral-t0.10@0.75,hybrid_prediction_mixture,orthogonal_all__m7,7,False,test,0.6470757485946681,0.03349805315224262,0.0,True
wine-quality-red,regression,catboost,1,Raw+HybridSpectral-t0.10@1,hybrid_prediction_mixture,rbf_reference,-1,True,validation,0.6551990322317135,0.0,0.0,False
wine-quality-red,regression,catboost,1,Raw+HybridSpectral-t0.10@1,hybrid_prediction_mixture,rbf_reference,-1,True,test,0.650174511869445,0.0,0.0,False
wine-quality-red,regression,catboost,1,Raw+HybridSpectral-t0.10@1,hybrid_prediction_mixture,orthogonal_all__m0,0,False,validation,0.6551990322317135,0.0,0.0,True
wine-quality-red,regression,catboost,1,Raw+HybridSpectral-t0.10@1,hybrid_prediction_mixture,orthogonal_all__m0,0,False,test,0.650174511869445,0.0,0.0,True
wine-quality-red,regression,catboost,1,Raw+HybridSpectral-t0.10@1,hybrid_prediction_mixture,orthogonal_all__m1,1,False,validation,0.6551990322317135,0.0,0.0,True
wine-quality-red,regression,catboost,1,Raw+HybridSpectral-t0.10@1,hybrid_prediction_mixture,orthogonal_all__m1,1,False,test,0.650174511869445,0.0,0.0,True
wine-quality-red,regression,catboost,1,Raw+HybridSpectral-t0.10@1,hybrid_prediction_mixture,orthogonal_all__m2,2,False,validation,0.6551990322317135,0.0,0.0,True
wine-quality-red,regression,catboost,1,Raw+HybridSpectral-t0.10@1,hybrid_prediction_mixture,orthogonal_all__m2,2,False,test,0.650174511869445,0.0,0.0,True
wine-quality-red,regression,catboost,1,Raw+HybridSpectral-t0.10@1,hybrid_prediction_mixture,orthogonal_all__m3,3,False,validation,0.6551990322317135,0.0,0.0,True
wine-quality-red,regression,catboost,1,Raw+HybridSpectral-t0.10@1,hybrid_prediction_mixture,orthogonal_all__m3,3,False,test,0.650174511869445,0.0,0.0,True
wine-quality-red,regression,catboost,1,Raw+HybridSpectral-t0.10@1,hybrid_prediction_mixture,orthogonal_all__m4,4,False,validation,0.6551990322317135,0.0,0.0,True
wine-quality-red,regression,catboost,1,Raw+HybridSpectral-t0.10@1,hybrid_prediction_mixture,orthogonal_all__m4,4,False,test,0.650174511869445,0.0,0.0,True
wine-quality-red,regression,catboost,1,Raw+HybridSpectral-t0.10@1,hybrid_prediction_mixture,orthogonal_all__m5,5,False,validation,0.6551990322317135,0.0,0.0,True
wine-quality-red,regression,catboost,1,Raw+HybridSpectral-t0.10@1,hybrid_prediction_mixture,orthogonal_all__m5,5,False,test,0.650174511869445,0.0,0.0,True
wine-quality-red,regression,catboost,1,Raw+HybridSpectral-t0.10@1,hybrid_prediction_mixture,orthogonal_all__m6,6,False,validation,0.6551990322317135,0.0,0.0,True
wine-quality-red,regression,catboost,1,Raw+HybridSpectral-t0.10@1,hybrid_prediction_mixture,orthogonal_all__m6,6,False,test,0.650174511869445,0.0,0.0,True
wine-quality-red,regression,catboost,1,Raw+HybridSpectral-t0.10@1,hybrid_prediction_mixture,orthogonal_all__m7,7,False,validation,0.6551990322317135,0.0,0.0,True
wine-quality-red,regression,catboost,1,Raw+HybridSpectral-t0.10@1,hybrid_prediction_mixture,orthogonal_all__m7,7,False,test,0.650174511869445,0.0,0.0,True
