dataset,problem_type,model,seed,method,track,representation_id,member,is_reference,split,task_error,disagreement,fit_seconds,prediction_reused_due_to_coordinate_identity
wine-quality-red,regression,catboost,2,Raw,representation,rbf_reference,-1,True,validation,0.6472304342031273,0.0,0.6629748281557113,False
wine-quality-red,regression,catboost,2,Raw,representation,rbf_reference,-1,True,test,0.6467352901325547,0.0,0.6629748281557113,False
wine-quality-red,regression,catboost,2,Raw,representation,orthogonal_all__m0,0,False,validation,0.6519151071089588,0.1434926074624634,0.7549641451332718,False
wine-quality-red,regression,catboost,2,Raw,representation,orthogonal_all__m0,0,False,test,0.6498435099173391,0.14389081055188002,0.7549641451332718,False
wine-quality-red,regression,catboost,2,Raw,representation,orthogonal_all__m1,1,False,validation,0.6491843264056469,0.15029379001559273,0.6381423200946301,False
wine-quality-red,regression,catboost,2,Raw,representation,orthogonal_all__m1,1,False,test,0.6418349344506389,0.14441915942964947,0.6381423200946301,False
wine-quality-red,regression,catboost,2,Raw,representation,orthogonal_all__m2,2,False,validation,0.6419156250200035,0.14131231881044218,0.7673658209387213,False
wine-quality-red,regression,catboost,2,Raw,representation,orthogonal_all__m2,2,False,test,0.653240216025716,0.13032801451011553,0.7673658209387213,False
wine-quality-red,regression,catboost,2,Raw,representation,orthogonal_all__m3,3,False,validation,0.6479169714156865,0.14846606818595778,0.754704502876848,False
wine-quality-red,regression,catboost,2,Raw,representation,orthogonal_all__m3,3,False,test,0.6551327597243605,0.14302762499908592,0.754704502876848,False
wine-quality-red,regression,catboost,2,Raw,representation,orthogonal_all__m4,4,False,validation,0.657866204252375,0.15457134720261348,0.6999300441239029,False
wine-quality-red,regression,catboost,2,Raw,representation,orthogonal_all__m4,4,False,test,0.6574995327366777,0.14643045314071737,0.6999300441239029,False
wine-quality-red,regression,catboost,2,Raw,representation,orthogonal_all__m5,5,False,validation,0.6450507678114032,0.14832328630589287,0.8171756910160184,False
wine-quality-red,regression,catboost,2,Raw,representation,orthogonal_all__m5,5,False,test,0.651405534980521,0.14520730364392576,0.8171756910160184,False
wine-quality-red,regression,catboost,2,Raw,representation,orthogonal_all__m6,6,False,validation,0.653501541777251,0.14576899442717572,0.8936470958869904,False
wine-quality-red,regression,catboost,2,Raw,representation,orthogonal_all__m6,6,False,test,0.6460544109318944,0.13500948990870296,0.8936470958869904,False
wine-quality-red,regression,catboost,2,Raw,representation,orthogonal_all__m7,7,False,validation,0.651902927822315,0.13891059851096263,0.9526156501378864,False
wine-quality-red,regression,catboost,2,Raw,representation,orthogonal_all__m7,7,False,test,0.6409862419606779,0.1466933875562177,0.9526156501378864,False
wine-quality-red,regression,catboost,2,PCA,representation,pca__v1__rbf_reference,-1,True,validation,0.6589149968284036,0.0,0.7863183307927102,False
wine-quality-red,regression,catboost,2,PCA,representation,pca__v1__rbf_reference,-1,True,test,0.6594610046229323,0.0,0.7863183307927102,False
wine-quality-red,regression,catboost,2,PCA,representation,pca__v1__orthogonal_all__m0,0,False,validation,0.6589149968284036,0.0,0.0,True
wine-quality-red,regression,catboost,2,PCA,representation,pca__v1__orthogonal_all__m0,0,False,test,0.6594610046229323,0.0,0.0,True
wine-quality-red,regression,catboost,2,PCA,representation,pca__v1__orthogonal_all__m1,1,False,validation,0.6589149968284036,0.0,0.0,True
wine-quality-red,regression,catboost,2,PCA,representation,pca__v1__orthogonal_all__m1,1,False,test,0.6594610046229323,0.0,0.0,True
wine-quality-red,regression,catboost,2,PCA,representation,pca__v1__orthogonal_all__m2,2,False,validation,0.6589149968284036,0.0,0.0,True
wine-quality-red,regression,catboost,2,PCA,representation,pca__v1__orthogonal_all__m2,2,False,test,0.6594610046229323,0.0,0.0,True
wine-quality-red,regression,catboost,2,PCA,representation,pca__v1__orthogonal_all__m3,3,False,validation,0.6589149968284036,0.0,0.0,True
wine-quality-red,regression,catboost,2,PCA,representation,pca__v1__orthogonal_all__m3,3,False,test,0.6594610046229323,0.0,0.0,True
wine-quality-red,regression,catboost,2,PCA,representation,pca__v1__orthogonal_all__m4,4,False,validation,0.6589149968284036,0.0,0.0,True
wine-quality-red,regression,catboost,2,PCA,representation,pca__v1__orthogonal_all__m4,4,False,test,0.6594610046229323,0.0,0.0,True
wine-quality-red,regression,catboost,2,PCA,representation,pca__v1__orthogonal_all__m5,5,False,validation,0.6589149968284036,0.0,0.0,True
wine-quality-red,regression,catboost,2,PCA,representation,pca__v1__orthogonal_all__m5,5,False,test,0.6594610046229323,0.0,0.0,True
wine-quality-red,regression,catboost,2,PCA,representation,pca__v1__orthogonal_all__m6,6,False,validation,0.6589149968284036,0.0,0.0,True
wine-quality-red,regression,catboost,2,PCA,representation,pca__v1__orthogonal_all__m6,6,False,test,0.6594610046229323,0.0,0.0,True
wine-quality-red,regression,catboost,2,PCA,representation,pca__v1__orthogonal_all__m7,7,False,validation,0.6589149968284036,0.0,0.0,True
wine-quality-red,regression,catboost,2,PCA,representation,pca__v1__orthogonal_all__m7,7,False,test,0.6594610046229323,0.0,0.0,True
wine-quality-red,regression,catboost,2,GramAnchor,representation,gram_anchor__pivot_tie_v2__rbf_reference,-1,True,validation,0.6488708393234277,0.0,1.3000278109684587,False
wine-quality-red,regression,catboost,2,GramAnchor,representation,gram_anchor__pivot_tie_v2__rbf_reference,-1,True,test,0.6521817437831146,0.0,1.3000278109684587,False
wine-quality-red,regression,catboost,2,GramAnchor,representation,gram_anchor__pivot_tie_v2__orthogonal_all__m0,0,False,validation,0.6488708393234277,0.0,0.0,True
wine-quality-red,regression,catboost,2,GramAnchor,representation,gram_anchor__pivot_tie_v2__orthogonal_all__m0,0,False,test,0.6521817437831146,0.0,0.0,True
wine-quality-red,regression,catboost,2,GramAnchor,representation,gram_anchor__pivot_tie_v2__orthogonal_all__m1,1,False,validation,0.6488708393234277,0.0,0.0,True
wine-quality-red,regression,catboost,2,GramAnchor,representation,gram_anchor__pivot_tie_v2__orthogonal_all__m1,1,False,test,0.6521817437831146,0.0,0.0,True
wine-quality-red,regression,catboost,2,GramAnchor,representation,gram_anchor__pivot_tie_v2__orthogonal_all__m2,2,False,validation,0.6488708393234277,0.0,0.0,True
wine-quality-red,regression,catboost,2,GramAnchor,representation,gram_anchor__pivot_tie_v2__orthogonal_all__m2,2,False,test,0.6521817437831146,0.0,0.0,True
wine-quality-red,regression,catboost,2,GramAnchor,representation,gram_anchor__pivot_tie_v2__orthogonal_all__m3,3,False,validation,0.6488708393234277,0.0,0.0,True
wine-quality-red,regression,catboost,2,GramAnchor,representation,gram_anchor__pivot_tie_v2__orthogonal_all__m3,3,False,test,0.6521817437831146,0.0,0.0,True
wine-quality-red,regression,catboost,2,GramAnchor,representation,gram_anchor__pivot_tie_v2__orthogonal_all__m4,4,False,validation,0.6488708393234277,0.0,0.0,True
wine-quality-red,regression,catboost,2,GramAnchor,representation,gram_anchor__pivot_tie_v2__orthogonal_all__m4,4,False,test,0.6521817437831146,0.0,0.0,True
wine-quality-red,regression,catboost,2,GramAnchor,representation,gram_anchor__pivot_tie_v2__orthogonal_all__m5,5,False,validation,0.6488708393234277,0.0,0.0,True
wine-quality-red,regression,catboost,2,GramAnchor,representation,gram_anchor__pivot_tie_v2__orthogonal_all__m5,5,False,test,0.6521817437831146,0.0,0.0,True
wine-quality-red,regression,catboost,2,GramAnchor,representation,gram_anchor__pivot_tie_v2__orthogonal_all__m6,6,False,validation,0.6488708393234277,0.0,0.0,True
wine-quality-red,regression,catboost,2,GramAnchor,representation,gram_anchor__pivot_tie_v2__orthogonal_all__m6,6,False,test,0.6521817437831146,0.0,0.0,True
wine-quality-red,regression,catboost,2,GramAnchor,representation,gram_anchor__pivot_tie_v2__orthogonal_all__m7,7,False,validation,0.6488708393234277,0.0,0.0,True
wine-quality-red,regression,catboost,2,GramAnchor,representation,gram_anchor__pivot_tie_v2__orthogonal_all__m7,7,False,test,0.6521817437831146,0.0,0.0,True
wine-quality-red,regression,catboost,2,GramAnchor-m8,representation,gram_anchor__pivot_tie_v2__rbf_reference,-1,True,validation,0.6455226781608592,0.0,0.6963752210140228,False
wine-quality-red,regression,catboost,2,GramAnchor-m8,representation,gram_anchor__pivot_tie_v2__rbf_reference,-1,True,test,0.6482468366923629,0.0,0.6963752210140228,False
wine-quality-red,regression,catboost,2,GramAnchor-m8,representation,gram_anchor__pivot_tie_v2__orthogonal_all__m0,0,False,validation,0.6455226781608592,0.0,0.0,True
wine-quality-red,regression,catboost,2,GramAnchor-m8,representation,gram_anchor__pivot_tie_v2__orthogonal_all__m0,0,False,test,0.6482468366923629,0.0,0.0,True
wine-quality-red,regression,catboost,2,GramAnchor-m8,representation,gram_anchor__pivot_tie_v2__orthogonal_all__m1,1,False,validation,0.6455226781608592,0.0,0.0,True
wine-quality-red,regression,catboost,2,GramAnchor-m8,representation,gram_anchor__pivot_tie_v2__orthogonal_all__m1,1,False,test,0.6482468366923629,0.0,0.0,True
wine-quality-red,regression,catboost,2,GramAnchor-m8,representation,gram_anchor__pivot_tie_v2__orthogonal_all__m2,2,False,validation,0.6455226781608592,0.0,0.0,True
wine-quality-red,regression,catboost,2,GramAnchor-m8,representation,gram_anchor__pivot_tie_v2__orthogonal_all__m2,2,False,test,0.6482468366923629,0.0,0.0,True
wine-quality-red,regression,catboost,2,GramAnchor-m8,representation,gram_anchor__pivot_tie_v2__orthogonal_all__m3,3,False,validation,0.6455226781608592,0.0,0.0,True
wine-quality-red,regression,catboost,2,GramAnchor-m8,representation,gram_anchor__pivot_tie_v2__orthogonal_all__m3,3,False,test,0.6482468366923629,0.0,0.0,True
wine-quality-red,regression,catboost,2,GramAnchor-m8,representation,gram_anchor__pivot_tie_v2__orthogonal_all__m4,4,False,validation,0.6455226781608592,0.0,0.0,True
wine-quality-red,regression,catboost,2,GramAnchor-m8,representation,gram_anchor__pivot_tie_v2__orthogonal_all__m4,4,False,test,0.6482468366923629,0.0,0.0,True
wine-quality-red,regression,catboost,2,GramAnchor-m8,representation,gram_anchor__pivot_tie_v2__orthogonal_all__m5,5,False,validation,0.6455226781608592,0.0,0.0,True
wine-quality-red,regression,catboost,2,GramAnchor-m8,representation,gram_anchor__pivot_tie_v2__orthogonal_all__m5,5,False,test,0.6482468366923629,0.0,0.0,True
wine-quality-red,regression,catboost,2,GramAnchor-m8,representation,gram_anchor__pivot_tie_v2__orthogonal_all__m6,6,False,validation,0.6455226781608592,0.0,0.0,True
wine-quality-red,regression,catboost,2,GramAnchor-m8,representation,gram_anchor__pivot_tie_v2__orthogonal_all__m6,6,False,test,0.6482468366923629,0.0,0.0,True
wine-quality-red,regression,catboost,2,GramAnchor-m8,representation,gram_anchor__pivot_tie_v2__orthogonal_all__m7,7,False,validation,0.6455226781608592,0.0,0.0,True
wine-quality-red,regression,catboost,2,GramAnchor-m8,representation,gram_anchor__pivot_tie_v2__orthogonal_all__m7,7,False,test,0.6482468366923629,0.0,0.0,True
wine-quality-red,regression,catboost,2,GramDistance,representation,gram_distance__pivot_tie_v2__rbf_reference,-1,True,validation,0.6497316401430862,0.0,1.36760648409836,False
wine-quality-red,regression,catboost,2,GramDistance,representation,gram_distance__pivot_tie_v2__rbf_reference,-1,True,test,0.6492713932303413,0.0,1.36760648409836,False
wine-quality-red,regression,catboost,2,GramDistance,representation,gram_distance__pivot_tie_v2__orthogonal_all__m0,0,False,validation,0.6497316401430862,0.0,0.0,True
wine-quality-red,regression,catboost,2,GramDistance,representation,gram_distance__pivot_tie_v2__orthogonal_all__m0,0,False,test,0.6492713932303413,0.0,0.0,True
wine-quality-red,regression,catboost,2,GramDistance,representation,gram_distance__pivot_tie_v2__orthogonal_all__m1,1,False,validation,0.6497316401430862,0.0,0.0,True
wine-quality-red,regression,catboost,2,GramDistance,representation,gram_distance__pivot_tie_v2__orthogonal_all__m1,1,False,test,0.6492713932303413,0.0,0.0,True
wine-quality-red,regression,catboost,2,GramDistance,representation,gram_distance__pivot_tie_v2__orthogonal_all__m2,2,False,validation,0.6497316401430862,0.0,0.0,True
wine-quality-red,regression,catboost,2,GramDistance,representation,gram_distance__pivot_tie_v2__orthogonal_all__m2,2,False,test,0.6492713932303413,0.0,0.0,True
wine-quality-red,regression,catboost,2,GramDistance,representation,gram_distance__pivot_tie_v2__orthogonal_all__m3,3,False,validation,0.6497316401430862,0.0,0.0,True
wine-quality-red,regression,catboost,2,GramDistance,representation,gram_distance__pivot_tie_v2__orthogonal_all__m3,3,False,test,0.6492713932303413,0.0,0.0,True
wine-quality-red,regression,catboost,2,GramDistance,representation,gram_distance__pivot_tie_v2__orthogonal_all__m4,4,False,validation,0.6497316401430862,0.0,0.0,True
wine-quality-red,regression,catboost,2,GramDistance,representation,gram_distance__pivot_tie_v2__orthogonal_all__m4,4,False,test,0.6492713932303413,0.0,0.0,True
wine-quality-red,regression,catboost,2,GramDistance,representation,gram_distance__pivot_tie_v2__orthogonal_all__m5,5,False,validation,0.6497316401430862,0.0,0.0,True
wine-quality-red,regression,catboost,2,GramDistance,representation,gram_distance__pivot_tie_v2__orthogonal_all__m5,5,False,test,0.6492713932303413,0.0,0.0,True
wine-quality-red,regression,catboost,2,GramDistance,representation,gram_distance__pivot_tie_v2__orthogonal_all__m6,6,False,validation,0.6497316401430862,0.0,0.0,True
wine-quality-red,regression,catboost,2,GramDistance,representation,gram_distance__pivot_tie_v2__orthogonal_all__m6,6,False,test,0.6492713932303413,0.0,0.0,True
wine-quality-red,regression,catboost,2,GramDistance,representation,gram_distance__pivot_tie_v2__orthogonal_all__m7,7,False,validation,0.6497316401430862,0.0,0.0,True
wine-quality-red,regression,catboost,2,GramDistance,representation,gram_distance__pivot_tie_v2__orthogonal_all__m7,7,False,test,0.6492713932303413,0.0,0.0,True
wine-quality-red,regression,catboost,2,NystromGram,representation,nystrom_gram__nystrom_degeneracy_v3__rbf_reference,-1,True,validation,0.6470850180296417,0.0,0.5267231881152838,False
wine-quality-red,regression,catboost,2,NystromGram,representation,nystrom_gram__nystrom_degeneracy_v3__rbf_reference,-1,True,test,0.667081766136455,0.0,0.5267231881152838,False
wine-quality-red,regression,catboost,2,NystromGram,representation,nystrom_gram__nystrom_degeneracy_v3__orthogonal_all__m0,0,False,validation,0.6470850180296417,0.0,0.0,True
wine-quality-red,regression,catboost,2,NystromGram,representation,nystrom_gram__nystrom_degeneracy_v3__orthogonal_all__m0,0,False,test,0.667081766136455,0.0,0.0,True
wine-quality-red,regression,catboost,2,NystromGram,representation,nystrom_gram__nystrom_degeneracy_v3__orthogonal_all__m1,1,False,validation,0.6470850180296417,0.0,0.0,True
wine-quality-red,regression,catboost,2,NystromGram,representation,nystrom_gram__nystrom_degeneracy_v3__orthogonal_all__m1,1,False,test,0.667081766136455,0.0,0.0,True
wine-quality-red,regression,catboost,2,NystromGram,representation,nystrom_gram__nystrom_degeneracy_v3__orthogonal_all__m2,2,False,validation,0.6470850180296417,0.0,0.0,True
wine-quality-red,regression,catboost,2,NystromGram,representation,nystrom_gram__nystrom_degeneracy_v3__orthogonal_all__m2,2,False,test,0.667081766136455,0.0,0.0,True
wine-quality-red,regression,catboost,2,NystromGram,representation,nystrom_gram__nystrom_degeneracy_v3__orthogonal_all__m3,3,False,validation,0.6470850180296417,0.0,0.0,True
wine-quality-red,regression,catboost,2,NystromGram,representation,nystrom_gram__nystrom_degeneracy_v3__orthogonal_all__m3,3,False,test,0.667081766136455,0.0,0.0,True
wine-quality-red,regression,catboost,2,NystromGram,representation,nystrom_gram__nystrom_degeneracy_v3__orthogonal_all__m4,4,False,validation,0.6470850180296417,0.0,0.0,True
wine-quality-red,regression,catboost,2,NystromGram,representation,nystrom_gram__nystrom_degeneracy_v3__orthogonal_all__m4,4,False,test,0.667081766136455,0.0,0.0,True
wine-quality-red,regression,catboost,2,NystromGram,representation,nystrom_gram__nystrom_degeneracy_v3__orthogonal_all__m5,5,False,validation,0.6470850180296417,0.0,0.0,True
wine-quality-red,regression,catboost,2,NystromGram,representation,nystrom_gram__nystrom_degeneracy_v3__orthogonal_all__m5,5,False,test,0.667081766136455,0.0,0.0,True
wine-quality-red,regression,catboost,2,NystromGram,representation,nystrom_gram__nystrom_degeneracy_v3__orthogonal_all__m6,6,False,validation,0.6470850180296417,0.0,0.0,True
wine-quality-red,regression,catboost,2,NystromGram,representation,nystrom_gram__nystrom_degeneracy_v3__orthogonal_all__m6,6,False,test,0.667081766136455,0.0,0.0,True
wine-quality-red,regression,catboost,2,NystromGram,representation,nystrom_gram__nystrom_degeneracy_v3__orthogonal_all__m7,7,False,validation,0.6470850180296417,0.0,0.0,True
wine-quality-red,regression,catboost,2,NystromGram,representation,nystrom_gram__nystrom_degeneracy_v3__orthogonal_all__m7,7,False,test,0.667081766136455,0.0,0.0,True
wine-quality-red,regression,catboost,2,HybridSpectral-t0.01,representation,hybrid_spectral__pivot_tie_v2__rbf_reference,-1,True,validation,0.6589149968284036,0.0,0.7713832720182836,False
wine-quality-red,regression,catboost,2,HybridSpectral-t0.01,representation,hybrid_spectral__pivot_tie_v2__rbf_reference,-1,True,test,0.6594610046229323,0.0,0.7713832720182836,False
wine-quality-red,regression,catboost,2,HybridSpectral-t0.01,representation,hybrid_spectral__pivot_tie_v2__orthogonal_all__m0,0,False,validation,0.6589149968284036,0.0,0.0,True
wine-quality-red,regression,catboost,2,HybridSpectral-t0.01,representation,hybrid_spectral__pivot_tie_v2__orthogonal_all__m0,0,False,test,0.6594610046229323,0.0,0.0,True
wine-quality-red,regression,catboost,2,HybridSpectral-t0.01,representation,hybrid_spectral__pivot_tie_v2__orthogonal_all__m1,1,False,validation,0.6589149968284036,0.0,0.0,True
wine-quality-red,regression,catboost,2,HybridSpectral-t0.01,representation,hybrid_spectral__pivot_tie_v2__orthogonal_all__m1,1,False,test,0.6594610046229323,0.0,0.0,True
wine-quality-red,regression,catboost,2,HybridSpectral-t0.01,representation,hybrid_spectral__pivot_tie_v2__orthogonal_all__m2,2,False,validation,0.6589149968284036,0.0,0.0,True
wine-quality-red,regression,catboost,2,HybridSpectral-t0.01,representation,hybrid_spectral__pivot_tie_v2__orthogonal_all__m2,2,False,test,0.6594610046229323,0.0,0.0,True
wine-quality-red,regression,catboost,2,HybridSpectral-t0.01,representation,hybrid_spectral__pivot_tie_v2__orthogonal_all__m3,3,False,validation,0.6589149968284036,0.0,0.0,True
wine-quality-red,regression,catboost,2,HybridSpectral-t0.01,representation,hybrid_spectral__pivot_tie_v2__orthogonal_all__m3,3,False,test,0.6594610046229323,0.0,0.0,True
wine-quality-red,regression,catboost,2,HybridSpectral-t0.01,representation,hybrid_spectral__pivot_tie_v2__orthogonal_all__m4,4,False,validation,0.6589149968284036,0.0,0.0,True
wine-quality-red,regression,catboost,2,HybridSpectral-t0.01,representation,hybrid_spectral__pivot_tie_v2__orthogonal_all__m4,4,False,test,0.6594610046229323,0.0,0.0,True
wine-quality-red,regression,catboost,2,HybridSpectral-t0.01,representation,hybrid_spectral__pivot_tie_v2__orthogonal_all__m5,5,False,validation,0.6589149968284036,0.0,0.0,True
wine-quality-red,regression,catboost,2,HybridSpectral-t0.01,representation,hybrid_spectral__pivot_tie_v2__orthogonal_all__m5,5,False,test,0.6594610046229323,0.0,0.0,True
wine-quality-red,regression,catboost,2,HybridSpectral-t0.01,representation,hybrid_spectral__pivot_tie_v2__orthogonal_all__m6,6,False,validation,0.6589149968284036,0.0,0.0,True
wine-quality-red,regression,catboost,2,HybridSpectral-t0.01,representation,hybrid_spectral__pivot_tie_v2__orthogonal_all__m6,6,False,test,0.6594610046229323,0.0,0.0,True
wine-quality-red,regression,catboost,2,HybridSpectral-t0.01,representation,hybrid_spectral__pivot_tie_v2__orthogonal_all__m7,7,False,validation,0.6589149968284036,0.0,0.0,True
wine-quality-red,regression,catboost,2,HybridSpectral-t0.01,representation,hybrid_spectral__pivot_tie_v2__orthogonal_all__m7,7,False,test,0.6594610046229323,0.0,0.0,True
wine-quality-red,regression,catboost,2,HybridSpectral-t0.05,representation,hybrid_spectral__pivot_tie_v2__rbf_reference,-1,True,validation,0.6569411606416158,0.0,0.7498844969086349,False
wine-quality-red,regression,catboost,2,HybridSpectral-t0.05,representation,hybrid_spectral__pivot_tie_v2__rbf_reference,-1,True,test,0.6563391341685856,0.0,0.7498844969086349,False
wine-quality-red,regression,catboost,2,HybridSpectral-t0.05,representation,hybrid_spectral__pivot_tie_v2__orthogonal_all__m0,0,False,validation,0.6569411606416158,0.0,0.0,True
wine-quality-red,regression,catboost,2,HybridSpectral-t0.05,representation,hybrid_spectral__pivot_tie_v2__orthogonal_all__m0,0,False,test,0.6563391341685856,0.0,0.0,True
wine-quality-red,regression,catboost,2,HybridSpectral-t0.05,representation,hybrid_spectral__pivot_tie_v2__orthogonal_all__m1,1,False,validation,0.6569411606416158,0.0,0.0,True
wine-quality-red,regression,catboost,2,HybridSpectral-t0.05,representation,hybrid_spectral__pivot_tie_v2__orthogonal_all__m1,1,False,test,0.6563391341685856,0.0,0.0,True
wine-quality-red,regression,catboost,2,HybridSpectral-t0.05,representation,hybrid_spectral__pivot_tie_v2__orthogonal_all__m2,2,False,validation,0.6569411606416158,0.0,0.0,True
wine-quality-red,regression,catboost,2,HybridSpectral-t0.05,representation,hybrid_spectral__pivot_tie_v2__orthogonal_all__m2,2,False,test,0.6563391341685856,0.0,0.0,True
wine-quality-red,regression,catboost,2,HybridSpectral-t0.05,representation,hybrid_spectral__pivot_tie_v2__orthogonal_all__m3,3,False,validation,0.6569411606416158,0.0,0.0,True
wine-quality-red,regression,catboost,2,HybridSpectral-t0.05,representation,hybrid_spectral__pivot_tie_v2__orthogonal_all__m3,3,False,test,0.6563391341685856,0.0,0.0,True
wine-quality-red,regression,catboost,2,HybridSpectral-t0.05,representation,hybrid_spectral__pivot_tie_v2__orthogonal_all__m4,4,False,validation,0.6569411606416158,0.0,0.0,True
wine-quality-red,regression,catboost,2,HybridSpectral-t0.05,representation,hybrid_spectral__pivot_tie_v2__orthogonal_all__m4,4,False,test,0.6563391341685856,0.0,0.0,True
wine-quality-red,regression,catboost,2,HybridSpectral-t0.05,representation,hybrid_spectral__pivot_tie_v2__orthogonal_all__m5,5,False,validation,0.6569411606416158,0.0,0.0,True
wine-quality-red,regression,catboost,2,HybridSpectral-t0.05,representation,hybrid_spectral__pivot_tie_v2__orthogonal_all__m5,5,False,test,0.6563391341685856,0.0,0.0,True
wine-quality-red,regression,catboost,2,HybridSpectral-t0.05,representation,hybrid_spectral__pivot_tie_v2__orthogonal_all__m6,6,False,validation,0.6569411606416158,0.0,0.0,True
wine-quality-red,regression,catboost,2,HybridSpectral-t0.05,representation,hybrid_spectral__pivot_tie_v2__orthogonal_all__m6,6,False,test,0.6563391341685856,0.0,0.0,True
wine-quality-red,regression,catboost,2,HybridSpectral-t0.05,representation,hybrid_spectral__pivot_tie_v2__orthogonal_all__m7,7,False,validation,0.6569411606416158,0.0,0.0,True
wine-quality-red,regression,catboost,2,HybridSpectral-t0.05,representation,hybrid_spectral__pivot_tie_v2__orthogonal_all__m7,7,False,test,0.6563391341685856,0.0,0.0,True
wine-quality-red,regression,catboost,2,HybridSpectral-t0.10,representation,hybrid_spectral__pivot_tie_v2__rbf_reference,-1,True,validation,0.6569411606416158,0.0,0.7549559890758246,False
wine-quality-red,regression,catboost,2,HybridSpectral-t0.10,representation,hybrid_spectral__pivot_tie_v2__rbf_reference,-1,True,test,0.6563391341685856,0.0,0.7549559890758246,False
wine-quality-red,regression,catboost,2,HybridSpectral-t0.10,representation,hybrid_spectral__pivot_tie_v2__orthogonal_all__m0,0,False,validation,0.6569411606416158,0.0,0.0,True
wine-quality-red,regression,catboost,2,HybridSpectral-t0.10,representation,hybrid_spectral__pivot_tie_v2__orthogonal_all__m0,0,False,test,0.6563391341685856,0.0,0.0,True
wine-quality-red,regression,catboost,2,HybridSpectral-t0.10,representation,hybrid_spectral__pivot_tie_v2__orthogonal_all__m1,1,False,validation,0.6569411606416158,0.0,0.0,True
wine-quality-red,regression,catboost,2,HybridSpectral-t0.10,representation,hybrid_spectral__pivot_tie_v2__orthogonal_all__m1,1,False,test,0.6563391341685856,0.0,0.0,True
wine-quality-red,regression,catboost,2,HybridSpectral-t0.10,representation,hybrid_spectral__pivot_tie_v2__orthogonal_all__m2,2,False,validation,0.6569411606416158,0.0,0.0,True
wine-quality-red,regression,catboost,2,HybridSpectral-t0.10,representation,hybrid_spectral__pivot_tie_v2__orthogonal_all__m2,2,False,test,0.6563391341685856,0.0,0.0,True
wine-quality-red,regression,catboost,2,HybridSpectral-t0.10,representation,hybrid_spectral__pivot_tie_v2__orthogonal_all__m3,3,False,validation,0.6569411606416158,0.0,0.0,True
wine-quality-red,regression,catboost,2,HybridSpectral-t0.10,representation,hybrid_spectral__pivot_tie_v2__orthogonal_all__m3,3,False,test,0.6563391341685856,0.0,0.0,True
wine-quality-red,regression,catboost,2,HybridSpectral-t0.10,representation,hybrid_spectral__pivot_tie_v2__orthogonal_all__m4,4,False,validation,0.6569411606416158,0.0,0.0,True
wine-quality-red,regression,catboost,2,HybridSpectral-t0.10,representation,hybrid_spectral__pivot_tie_v2__orthogonal_all__m4,4,False,test,0.6563391341685856,0.0,0.0,True
wine-quality-red,regression,catboost,2,HybridSpectral-t0.10,representation,hybrid_spectral__pivot_tie_v2__orthogonal_all__m5,5,False,validation,0.6569411606416158,0.0,0.0,True
wine-quality-red,regression,catboost,2,HybridSpectral-t0.10,representation,hybrid_spectral__pivot_tie_v2__orthogonal_all__m5,5,False,test,0.6563391341685856,0.0,0.0,True
wine-quality-red,regression,catboost,2,HybridSpectral-t0.10,representation,hybrid_spectral__pivot_tie_v2__orthogonal_all__m6,6,False,validation,0.6569411606416158,0.0,0.0,True
wine-quality-red,regression,catboost,2,HybridSpectral-t0.10,representation,hybrid_spectral__pivot_tie_v2__orthogonal_all__m6,6,False,test,0.6563391341685856,0.0,0.0,True
wine-quality-red,regression,catboost,2,HybridSpectral-t0.10,representation,hybrid_spectral__pivot_tie_v2__orthogonal_all__m7,7,False,validation,0.6569411606416158,0.0,0.0,True
wine-quality-red,regression,catboost,2,HybridSpectral-t0.10,representation,hybrid_spectral__pivot_tie_v2__orthogonal_all__m7,7,False,test,0.6563391341685856,0.0,0.0,True
wine-quality-red,regression,catboost,2,Raw+PCA@0.25,hybrid_prediction_mixture,rbf_reference,-1,True,validation,0.6472858358560712,0.0,0.0,False
wine-quality-red,regression,catboost,2,Raw+PCA@0.25,hybrid_prediction_mixture,rbf_reference,-1,True,test,0.6472677739020413,0.0,0.0,False
wine-quality-red,regression,catboost,2,Raw+PCA@0.25,hybrid_prediction_mixture,orthogonal_all__m0,0,False,validation,0.6512557234477578,0.10761945559684753,0.0,True
wine-quality-red,regression,catboost,2,Raw+PCA@0.25,hybrid_prediction_mixture,orthogonal_all__m0,0,False,test,0.6495828908935922,0.10791810791391003,0.0,True
wine-quality-red,regression,catboost,2,Raw+PCA@0.25,hybrid_prediction_mixture,orthogonal_all__m1,1,False,validation,0.6489306388003515,0.11272034251169452,0.0,True
wine-quality-red,regression,catboost,2,Raw+PCA@0.25,hybrid_prediction_mixture,orthogonal_all__m1,1,False,test,0.6433195788329582,0.10831436957223714,0.0,True
wine-quality-red,regression,catboost,2,Raw+PCA@0.25,hybrid_prediction_mixture,orthogonal_all__m2,2,False,validation,0.643831810236904,0.10598423910783157,0.0,True
wine-quality-red,regression,catboost,2,Raw+PCA@0.25,hybrid_prediction_mixture,orthogonal_all__m2,2,False,test,0.652187686423258,0.09774601088258669,0.0,True
wine-quality-red,regression,catboost,2,Raw+PCA@0.25,hybrid_prediction_mixture,orthogonal_all__m3,3,False,validation,0.6483505442445503,0.11134955113946833,0.0,True
wine-quality-red,regression,catboost,2,Raw+PCA@0.25,hybrid_prediction_mixture,orthogonal_all__m3,3,False,test,0.653658896812935,0.10727071874931446,0.0,True
wine-quality-red,regression,catboost,2,Raw+PCA@0.25,hybrid_prediction_mixture,orthogonal_all__m4,4,False,validation,0.6556594126509415,0.11592851040196014,0.0,True
wine-quality-red,regression,catboost,2,Raw+PCA@0.25,hybrid_prediction_mixture,orthogonal_all__m4,4,False,test,0.6552898950287133,0.10982283985553812,0.0,True
wine-quality-red,regression,catboost,2,Raw+PCA@0.25,hybrid_prediction_mixture,orthogonal_all__m5,5,False,validation,0.6461799214813432,0.11124246472941966,0.0,True
wine-quality-red,regression,catboost,2,Raw+PCA@0.25,hybrid_prediction_mixture,orthogonal_all__m5,5,False,test,0.6508675182980261,0.10890547773294436,0.0,True
wine-quality-red,regression,catboost,2,Raw+PCA@0.25,hybrid_prediction_mixture,orthogonal_all__m6,6,False,validation,0.6523074121325804,0.10932674582038178,0.0,True
wine-quality-red,regression,catboost,2,Raw+PCA@0.25,hybrid_prediction_mixture,orthogonal_all__m6,6,False,test,0.6468722249490686,0.10125711743152721,0.0,True
wine-quality-red,regression,catboost,2,Raw+PCA@0.25,hybrid_prediction_mixture,orthogonal_all__m7,7,False,validation,0.6516998502547751,0.10418294888322192,0.0,True
wine-quality-red,regression,catboost,2,Raw+PCA@0.25,hybrid_prediction_mixture,orthogonal_all__m7,7,False,test,0.6430533093827439,0.11002004066716328,0.0,True
wine-quality-red,regression,catboost,2,Raw+PCA@0.5,hybrid_prediction_mixture,rbf_reference,-1,True,validation,0.6492661106418811,0.0,0.0,False
wine-quality-red,regression,catboost,2,Raw+PCA@0.5,hybrid_prediction_mixture,rbf_reference,-1,True,test,0.649581118768934,0.0,0.0,False
wine-quality-red,regression,catboost,2,Raw+PCA@0.5,hybrid_prediction_mixture,orthogonal_all__m0,0,False,validation,0.652209218860842,0.07174630373123174,0.0,True
wine-quality-red,regression,catboost,2,Raw+PCA@0.5,hybrid_prediction_mixture,orthogonal_all__m0,0,False,test,0.6511096312714472,0.07194540527593997,0.0,True
wine-quality-red,regression,catboost,2,Raw+PCA@0.5,hybrid_prediction_mixture,orthogonal_all__m1,1,False,validation,0.6504787846763046,0.07514689500779642,0.0,True
wine-quality-red,regression,catboost,2,Raw+PCA@0.5,hybrid_prediction_mixture,orthogonal_all__m1,1,False,test,0.6467757482895491,0.07220957971482468,0.0,True
wine-quality-red,regression,catboost,2,Raw+PCA@0.5,hybrid_prediction_mixture,orthogonal_all__m2,2,False,validation,0.6473223260857427,0.07065615940522112,0.0,True
wine-quality-red,regression,catboost,2,Raw+PCA@0.5,hybrid_prediction_mixture,orthogonal_all__m2,2,False,test,0.6528796090775197,0.06516400725505775,0.0,True
wine-quality-red,regression,catboost,2,Raw+PCA@0.5,hybrid_prediction_mixture,orthogonal_all__m3,3,False,validation,0.6503392951987428,0.0742330340929789,0.0,True
wine-quality-red,regression,catboost,2,Raw+PCA@0.5,hybrid_prediction_mixture,orthogonal_all__m3,3,False,test,0.6538924026025156,0.07151381249954293,0.0,True
wine-quality-red,regression,catboost,2,Raw+PCA@0.5,hybrid_prediction_mixture,orthogonal_all__m4,4,False,validation,0.6550978639530781,0.07728567360130674,0.0,True
wine-quality-red,regression,catboost,2,Raw+PCA@0.5,hybrid_prediction_mixture,orthogonal_all__m4,4,False,test,0.6548804830126607,0.07321522657035867,0.0,True
wine-quality-red,regression,catboost,2,Raw+PCA@0.5,hybrid_prediction_mixture,orthogonal_all__m5,5,False,validation,0.6488817844682512,0.07416164315294649,0.0,True
wine-quality-red,regression,catboost,2,Raw+PCA@0.5,hybrid_prediction_mixture,orthogonal_all__m5,5,False,test,0.652039047221862,0.07260365182196282,0.0,True
wine-quality-red,regression,catboost,2,Raw+PCA@0.5,hybrid_prediction_mixture,orthogonal_all__m6,6,False,validation,0.6528164439711054,0.07288449721358789,0.0,True
wine-quality-red,regression,catboost,2,Raw+PCA@0.5,hybrid_prediction_mixture,orthogonal_all__m6,6,False,test,0.6493945018565479,0.06750474495435144,0.0,True
wine-quality-red,regression,catboost,2,Raw+PCA@0.5,hybrid_prediction_mixture,orthogonal_all__m7,7,False,validation,0.6528065371547972,0.06945529925548131,0.0,True
wine-quality-red,regression,catboost,2,Raw+PCA@0.5,hybrid_prediction_mixture,orthogonal_all__m7,7,False,test,0.6468435152253416,0.07334669377810885,0.0,True
wine-quality-red,regression,catboost,2,Raw+PCA@0.75,hybrid_prediction_mixture,rbf_reference,-1,True,validation,0.6531537509217843,0.0,0.0,False
wine-quality-red,regression,catboost,2,Raw+PCA@0.75,hybrid_prediction_mixture,rbf_reference,-1,True,test,0.6536564171564658,0.0,0.0,False
wine-quality-red,regression,catboost,2,Raw+PCA@0.75,hybrid_prediction_mixture,orthogonal_all__m0,0,False,validation,0.6547685472040539,0.03587315186561585,0.0,True
wine-quality-red,regression,catboost,2,Raw+PCA@0.75,hybrid_prediction_mixture,orthogonal_all__m0,0,False,test,0.654411221450226,0.035972702637970026,0.0,True
wine-quality-red,regression,catboost,2,Raw+PCA@0.75,hybrid_prediction_mixture,orthogonal_all__m1,1,False,validation,0.6538159646805385,0.03757344750389819,0.0,True
wine-quality-red,regression,catboost,2,Raw+PCA@0.75,hybrid_prediction_mixture,orthogonal_all__m1,1,False,test,0.652172099432604,0.03610478985741234,0.0,True
wine-quality-red,regression,catboost,2,Raw+PCA@0.75,hybrid_prediction_mixture,orthogonal_all__m2,2,False,validation,0.65236190230056,0.03532807970261059,0.0,True
wine-quality-red,regression,catboost,2,Raw+PCA@0.75,hybrid_prediction_mixture,orthogonal_all__m2,2,False,test,0.6553104582673799,0.03258200362752888,0.0,True
wine-quality-red,regression,catboost,2,Raw+PCA@0.75,hybrid_prediction_mixture,orthogonal_all__m3,3,False,validation,0.6538690341503063,0.037116517046489515,0.0,True
wine-quality-red,regression,catboost,2,Raw+PCA@0.75,hybrid_prediction_mixture,orthogonal_all__m3,3,False,test,0.6558314533931857,0.035756906249771465,0.0,True
wine-quality-red,regression,catboost,2,Raw+PCA@0.75,hybrid_prediction_mixture,orthogonal_all__m4,4,False,validation,0.6561857820554721,0.038642836800653356,0.0,True
wine-quality-red,regression,catboost,2,Raw+PCA@0.75,hybrid_prediction_mixture,orthogonal_all__m4,4,False,test,0.6562746658689568,0.03660761328517929,0.0,True
wine-quality-red,regression,catboost,2,Raw+PCA@0.75,hybrid_prediction_mixture,orthogonal_all__m5,5,False,validation,0.6531368393539612,0.03708082157647321,0.0,True
wine-quality-red,regression,catboost,2,Raw+PCA@0.75,hybrid_prediction_mixture,orthogonal_all__m5,5,False,test,0.6549109475210698,0.036301825910981404,0.0,True
wine-quality-red,regression,catboost,2,Raw+PCA@0.75,hybrid_prediction_mixture,orthogonal_all__m6,6,False,validation,0.6550246666295626,0.036442248606793994,0.0,True
wine-quality-red,regression,catboost,2,Raw+PCA@0.75,hybrid_prediction_mixture,orthogonal_all__m6,6,False,test,0.6536015091609134,0.033752372477175746,0.0,True
wine-quality-red,regression,catboost,2,Raw+PCA@0.75,hybrid_prediction_mixture,orthogonal_all__m7,7,False,validation,0.6552163518206262,0.034727649627740664,0.0,True
wine-quality-red,regression,catboost,2,Raw+PCA@0.75,hybrid_prediction_mixture,orthogonal_all__m7,7,False,test,0.6523268243954146,0.03667334688905444,0.0,True
wine-quality-red,regression,catboost,2,Raw+PCA@1,hybrid_prediction_mixture,rbf_reference,-1,True,validation,0.6589149968284036,0.0,0.0,False
wine-quality-red,regression,catboost,2,Raw+PCA@1,hybrid_prediction_mixture,rbf_reference,-1,True,test,0.6594610046229323,0.0,0.0,False
wine-quality-red,regression,catboost,2,Raw+PCA@1,hybrid_prediction_mixture,orthogonal_all__m0,0,False,validation,0.6589149968284036,0.0,0.0,True
wine-quality-red,regression,catboost,2,Raw+PCA@1,hybrid_prediction_mixture,orthogonal_all__m0,0,False,test,0.6594610046229323,0.0,0.0,True
wine-quality-red,regression,catboost,2,Raw+PCA@1,hybrid_prediction_mixture,orthogonal_all__m1,1,False,validation,0.6589149968284036,0.0,0.0,True
wine-quality-red,regression,catboost,2,Raw+PCA@1,hybrid_prediction_mixture,orthogonal_all__m1,1,False,test,0.6594610046229323,0.0,0.0,True
wine-quality-red,regression,catboost,2,Raw+PCA@1,hybrid_prediction_mixture,orthogonal_all__m2,2,False,validation,0.6589149968284036,0.0,0.0,True
wine-quality-red,regression,catboost,2,Raw+PCA@1,hybrid_prediction_mixture,orthogonal_all__m2,2,False,test,0.6594610046229323,0.0,0.0,True
wine-quality-red,regression,catboost,2,Raw+PCA@1,hybrid_prediction_mixture,orthogonal_all__m3,3,False,validation,0.6589149968284036,0.0,0.0,True
wine-quality-red,regression,catboost,2,Raw+PCA@1,hybrid_prediction_mixture,orthogonal_all__m3,3,False,test,0.6594610046229323,0.0,0.0,True
wine-quality-red,regression,catboost,2,Raw+PCA@1,hybrid_prediction_mixture,orthogonal_all__m4,4,False,validation,0.6589149968284036,0.0,0.0,True
wine-quality-red,regression,catboost,2,Raw+PCA@1,hybrid_prediction_mixture,orthogonal_all__m4,4,False,test,0.6594610046229323,0.0,0.0,True
wine-quality-red,regression,catboost,2,Raw+PCA@1,hybrid_prediction_mixture,orthogonal_all__m5,5,False,validation,0.6589149968284036,0.0,0.0,True
wine-quality-red,regression,catboost,2,Raw+PCA@1,hybrid_prediction_mixture,orthogonal_all__m5,5,False,test,0.6594610046229323,0.0,0.0,True
wine-quality-red,regression,catboost,2,Raw+PCA@1,hybrid_prediction_mixture,orthogonal_all__m6,6,False,validation,0.6589149968284036,0.0,0.0,True
wine-quality-red,regression,catboost,2,Raw+PCA@1,hybrid_prediction_mixture,orthogonal_all__m6,6,False,test,0.6594610046229323,0.0,0.0,True
wine-quality-red,regression,catboost,2,Raw+PCA@1,hybrid_prediction_mixture,orthogonal_all__m7,7,False,validation,0.6589149968284036,0.0,0.0,True
wine-quality-red,regression,catboost,2,Raw+PCA@1,hybrid_prediction_mixture,orthogonal_all__m7,7,False,test,0.6594610046229323,0.0,0.0,True
wine-quality-red,regression,catboost,2,Raw+GramAnchor@0.25,hybrid_prediction_mixture,rbf_reference,-1,True,validation,0.6465550202611599,0.0,0.0,False
wine-quality-red,regression,catboost,2,Raw+GramAnchor@0.25,hybrid_prediction_mixture,rbf_reference,-1,True,test,0.646628138239512,0.0,0.0,False
wine-quality-red,regression,catboost,2,Raw+GramAnchor@0.25,hybrid_prediction_mixture,orthogonal_all__m0,0,False,validation,0.6491291157299419,0.10761945559684755,0.0,True
wine-quality-red,regression,catboost,2,Raw+GramAnchor@0.25,hybrid_prediction_mixture,orthogonal_all__m0,0,False,test,0.6485705979349369,0.10791810791391,0.0,True
wine-quality-red,regression,catboost,2,Raw+GramAnchor@0.25,hybrid_prediction_mixture,orthogonal_all__m1,1,False,validation,0.64690653871522,0.11272034251169451,0.0,True
wine-quality-red,regression,catboost,2,Raw+GramAnchor@0.25,hybrid_prediction_mixture,orthogonal_all__m1,1,False,test,0.6424881342849788,0.10831436957223711,0.0,True
wine-quality-red,regression,catboost,2,Raw+GramAnchor@0.25,hybrid_prediction_mixture,orthogonal_all__m2,2,False,validation,0.6417952014372302,0.1059842391078316,0.0,True
wine-quality-red,regression,catboost,2,Raw+GramAnchor@0.25,hybrid_prediction_mixture,orthogonal_all__m2,2,False,test,0.6512253750259838,0.09774601088258665,0.0,True
wine-quality-red,regression,catboost,2,Raw+GramAnchor@0.25,hybrid_prediction_mixture,orthogonal_all__m3,3,False,validation,0.6461378848336805,0.11134955113946829,0.0,True
wine-quality-red,regression,catboost,2,Raw+GramAnchor@0.25,hybrid_prediction_mixture,orthogonal_all__m3,3,False,test,0.6525421733004706,0.10727071874931444,0.0,True
wine-quality-red,regression,catboost,2,Raw+GramAnchor@0.25,hybrid_prediction_mixture,orthogonal_all__m4,4,False,validation,0.6534456681889199,0.11592851040196013,0.0,True
wine-quality-red,regression,catboost,2,Raw+GramAnchor@0.25,hybrid_prediction_mixture,orthogonal_all__m4,4,False,test,0.6542225674777705,0.10982283985553805,0.0,True
wine-quality-red,regression,catboost,2,Raw+GramAnchor@0.25,hybrid_prediction_mixture,orthogonal_all__m5,5,False,validation,0.6439341418045009,0.11124246472941969,0.0,True
wine-quality-red,regression,catboost,2,Raw+GramAnchor@0.25,hybrid_prediction_mixture,orthogonal_all__m5,5,False,test,0.6498192085271666,0.1089054777329443,0.0,True
wine-quality-red,regression,catboost,2,Raw+GramAnchor@0.25,hybrid_prediction_mixture,orthogonal_all__m6,6,False,validation,0.6504442227543128,0.10932674582038175,0.0,True
wine-quality-red,regression,catboost,2,Raw+GramAnchor@0.25,hybrid_prediction_mixture,orthogonal_all__m6,6,False,test,0.645949993073651,0.1012571174315272,0.0,True
wine-quality-red,regression,catboost,2,Raw+GramAnchor@0.25,hybrid_prediction_mixture,orthogonal_all__m7,7,False,validation,0.6495460004183659,0.10418294888322198,0.0,True
wine-quality-red,regression,catboost,2,Raw+GramAnchor@0.25,hybrid_prediction_mixture,orthogonal_all__m7,7,False,test,0.6417870766456855,0.11002004066716323,0.0,True
wine-quality-red,regression,catboost,2,Raw+GramAnchor@0.5,hybrid_prediction_mixture,rbf_reference,-1,True,validation,0.6466037961337239,0.0,0.0,False
wine-quality-red,regression,catboost,2,Raw+GramAnchor@0.5,hybrid_prediction_mixture,rbf_reference,-1,True,test,0.6475035410096541,0.0,0.0,False
wine-quality-red,regression,catboost,2,Raw+GramAnchor@0.5,hybrid_prediction_mixture,orthogonal_all__m0,0,False,validation,0.6476884946485109,0.07174630373123167,0.0,True
wine-quality-red,regression,catboost,2,Raw+GramAnchor@0.5,hybrid_prediction_mixture,orthogonal_all__m0,0,False,test,0.6485370496772429,0.07194540527594001,0.0,True
wine-quality-red,regression,catboost,2,Raw+GramAnchor@0.5,hybrid_prediction_mixture,orthogonal_all__m1,1,False,validation,0.6460930087626807,0.07514689500779637,0.0,True
wine-quality-red,regression,catboost,2,Raw+GramAnchor@0.5,hybrid_prediction_mixture,orthogonal_all__m1,1,False,test,0.6444393945200433,0.07220957971482474,0.0,True
wine-quality-red,regression,catboost,2,Raw+GramAnchor@0.5,hybrid_prediction_mixture,orthogonal_all__m2,2,False,validation,0.6429197723268256,0.07065615940522113,0.0,True
wine-quality-red,regression,catboost,2,Raw+GramAnchor@0.5,hybrid_prediction_mixture,orthogonal_all__m2,2,False,test,0.65037535316742,0.06516400725505779,0.0,True
wine-quality-red,regression,catboost,2,Raw+GramAnchor@0.5,hybrid_prediction_mixture,orthogonal_all__m3,3,False,validation,0.6457034265457586,0.07423303409297888,0.0,True
wine-quality-red,regression,catboost,2,Raw+GramAnchor@0.5,hybrid_prediction_mixture,orthogonal_all__m3,3,False,test,0.6511828381002048,0.07151381249954296,0.0,True
wine-quality-red,regression,catboost,2,Raw+GramAnchor@0.5,hybrid_prediction_mixture,orthogonal_all__m4,4,False,validation,0.650461306590807,0.07728567360130673,0.0,True
wine-quality-red,regression,catboost,2,Raw+GramAnchor@0.5,hybrid_prediction_mixture,orthogonal_all__m4,4,False,test,0.6522373625522618,0.07321522657035866,0.0,True
wine-quality-red,regression,catboost,2,Raw+GramAnchor@0.5,hybrid_prediction_mixture,orthogonal_all__m5,5,False,validation,0.6442012261726456,0.07416164315294645,0.0,True
wine-quality-red,regression,catboost,2,Raw+GramAnchor@0.5,hybrid_prediction_mixture,orthogonal_all__m5,5,False,test,0.6494194258568178,0.07260365182196286,0.0,True
wine-quality-red,regression,catboost,2,Raw+GramAnchor@0.5,hybrid_prediction_mixture,orthogonal_all__m6,6,False,validation,0.6486475758741227,0.07288449721358793,0.0,True
wine-quality-red,regression,catboost,2,Raw+GramAnchor@0.5,hybrid_prediction_mixture,orthogonal_all__m6,6,False,test,0.6469406554037125,0.06750474495435146,0.0,True
wine-quality-red,regression,catboost,2,Raw+GramAnchor@0.5,hybrid_prediction_mixture,orthogonal_all__m7,7,False,validation,0.6482516406317247,0.0694552992554813,0.0,True
wine-quality-red,regression,catboost,2,Raw+GramAnchor@0.5,hybrid_prediction_mixture,orthogonal_all__m7,7,False,test,0.6439301403323561,0.07334669377810887,0.0,True
wine-quality-red,regression,catboost,2,Raw+GramAnchor@0.75,hybrid_prediction_mixture,rbf_reference,-1,True,validation,0.6473765981310022,0.0,0.0,False
wine-quality-red,regression,catboost,2,Raw+GramAnchor@0.75,hybrid_prediction_mixture,rbf_reference,-1,True,test,0.6493575246916522,0.0,0.0,False
wine-quality-red,regression,catboost,2,Raw+GramAnchor@0.75,hybrid_prediction_mixture,orthogonal_all__m0,0,False,validation,0.6476022224421706,0.03587315186561584,0.0,True
wine-quality-red,regression,catboost,2,Raw+GramAnchor@0.75,hybrid_prediction_mixture,orthogonal_all__m0,0,False,test,0.6497430571209132,0.03597270263796998,0.0,True
wine-quality-red,regression,catboost,2,Raw+GramAnchor@0.75,hybrid_prediction_mixture,orthogonal_all__m1,1,False,validation,0.6467492621327638,0.03757344750389816,0.0,True
wine-quality-red,regression,catboost,2,Raw+GramAnchor@0.75,hybrid_prediction_mixture,orthogonal_all__m1,1,False,test,0.6476769832396062,0.036104789857412334,0.0,True
wine-quality-red,regression,catboost,2,Raw+GramAnchor@0.75,hybrid_prediction_mixture,orthogonal_all__m2,2,False,validation,0.6452828285547267,0.035328079702610544,0.0,True
wine-quality-red,regression,catboost,2,Raw+GramAnchor@0.75,hybrid_prediction_mixture,orthogonal_all__m2,2,False,test,0.6506947153796957,0.03258200362752887,0.0,True
wine-quality-red,regression,catboost,2,Raw+GramAnchor@0.75,hybrid_prediction_mixture,orthogonal_all__m3,3,False,validation,0.6466163069048364,0.03711651704648947,0.0,True
wine-quality-red,regression,catboost,2,Raw+GramAnchor@0.75,hybrid_prediction_mixture,orthogonal_all__m3,3,False,test,0.6510624662547098,0.03575690624977144,0.0,True
wine-quality-red,regression,catboost,2,Raw+GramAnchor@0.75,hybrid_prediction_mixture,orthogonal_all__m4,4,False,validation,0.6489329341220824,0.03864283680065333,0.0,True
wine-quality-red,regression,catboost,2,Raw+GramAnchor@0.75,hybrid_prediction_mixture,orthogonal_all__m4,4,False,test,0.651555725540589,0.03660761328517931,0.0,True
wine-quality-red,regression,catboost,2,Raw+GramAnchor@0.75,hybrid_prediction_mixture,orthogonal_all__m5,5,False,validation,0.6458503042629954,0.03708082157647326,0.0,True
wine-quality-red,regression,catboost,2,Raw+GramAnchor@0.75,hybrid_prediction_mixture,orthogonal_all__m5,5,False,test,0.6502083756237195,0.036301825910981446,0.0,True
wine-quality-red,regression,catboost,2,Raw+GramAnchor@0.75,hybrid_prediction_mixture,orthogonal_all__m6,6,False,validation,0.6481220852771373,0.03644224860679391,0.0,True
wine-quality-red,regression,catboost,2,Raw+GramAnchor@0.75,hybrid_prediction_mixture,orthogonal_all__m6,6,False,test,0.6490213833700422,0.033752372477175774,0.0,True
wine-quality-red,regression,catboost,2,Raw+GramAnchor@0.75,hybrid_prediction_mixture,orthogonal_all__m7,7,False,validation,0.648026215573095,0.03472764962774062,0.0,True
wine-quality-red,regression,catboost,2,Raw+GramAnchor@0.75,hybrid_prediction_mixture,orthogonal_all__m7,7,False,test,0.6474021038118202,0.036673346889054444,0.0,True
wine-quality-red,regression,catboost,2,Raw+GramAnchor@1,hybrid_prediction_mixture,rbf_reference,-1,True,validation,0.6488708393234277,0.0,0.0,False
wine-quality-red,regression,catboost,2,Raw+GramAnchor@1,hybrid_prediction_mixture,rbf_reference,-1,True,test,0.6521817437831146,0.0,0.0,False
wine-quality-red,regression,catboost,2,Raw+GramAnchor@1,hybrid_prediction_mixture,orthogonal_all__m0,0,False,validation,0.6488708393234277,0.0,0.0,True
wine-quality-red,regression,catboost,2,Raw+GramAnchor@1,hybrid_prediction_mixture,orthogonal_all__m0,0,False,test,0.6521817437831146,0.0,0.0,True
wine-quality-red,regression,catboost,2,Raw+GramAnchor@1,hybrid_prediction_mixture,orthogonal_all__m1,1,False,validation,0.6488708393234277,0.0,0.0,True
wine-quality-red,regression,catboost,2,Raw+GramAnchor@1,hybrid_prediction_mixture,orthogonal_all__m1,1,False,test,0.6521817437831146,0.0,0.0,True
wine-quality-red,regression,catboost,2,Raw+GramAnchor@1,hybrid_prediction_mixture,orthogonal_all__m2,2,False,validation,0.6488708393234277,0.0,0.0,True
wine-quality-red,regression,catboost,2,Raw+GramAnchor@1,hybrid_prediction_mixture,orthogonal_all__m2,2,False,test,0.6521817437831146,0.0,0.0,True
wine-quality-red,regression,catboost,2,Raw+GramAnchor@1,hybrid_prediction_mixture,orthogonal_all__m3,3,False,validation,0.6488708393234277,0.0,0.0,True
wine-quality-red,regression,catboost,2,Raw+GramAnchor@1,hybrid_prediction_mixture,orthogonal_all__m3,3,False,test,0.6521817437831146,0.0,0.0,True
wine-quality-red,regression,catboost,2,Raw+GramAnchor@1,hybrid_prediction_mixture,orthogonal_all__m4,4,False,validation,0.6488708393234277,0.0,0.0,True
wine-quality-red,regression,catboost,2,Raw+GramAnchor@1,hybrid_prediction_mixture,orthogonal_all__m4,4,False,test,0.6521817437831146,0.0,0.0,True
wine-quality-red,regression,catboost,2,Raw+GramAnchor@1,hybrid_prediction_mixture,orthogonal_all__m5,5,False,validation,0.6488708393234277,0.0,0.0,True
wine-quality-red,regression,catboost,2,Raw+GramAnchor@1,hybrid_prediction_mixture,orthogonal_all__m5,5,False,test,0.6521817437831146,0.0,0.0,True
wine-quality-red,regression,catboost,2,Raw+GramAnchor@1,hybrid_prediction_mixture,orthogonal_all__m6,6,False,validation,0.6488708393234277,0.0,0.0,True
wine-quality-red,regression,catboost,2,Raw+GramAnchor@1,hybrid_prediction_mixture,orthogonal_all__m6,6,False,test,0.6521817437831146,0.0,0.0,True
wine-quality-red,regression,catboost,2,Raw+GramAnchor@1,hybrid_prediction_mixture,orthogonal_all__m7,7,False,validation,0.6488708393234277,0.0,0.0,True
wine-quality-red,regression,catboost,2,Raw+GramAnchor@1,hybrid_prediction_mixture,orthogonal_all__m7,7,False,test,0.6521817437831146,0.0,0.0,True
wine-quality-red,regression,catboost,2,Raw+GramAnchor-m8@0.25,hybrid_prediction_mixture,rbf_reference,-1,True,validation,0.6455580798000607,0.0,0.0,False
wine-quality-red,regression,catboost,2,Raw+GramAnchor-m8@0.25,hybrid_prediction_mixture,rbf_reference,-1,True,test,0.6456290235919924,0.0,0.0,False
wine-quality-red,regression,catboost,2,Raw+GramAnchor-m8@0.25,hybrid_prediction_mixture,orthogonal_all__m0,0,False,validation,0.6483158723082568,0.10761945559684752,0.0,True
wine-quality-red,regression,catboost,2,Raw+GramAnchor-m8@0.25,hybrid_prediction_mixture,orthogonal_all__m0,0,False,test,0.6471945519504614,0.10791810791391003,0.0,True
wine-quality-red,regression,catboost,2,Raw+GramAnchor-m8@0.25,hybrid_prediction_mixture,orthogonal_all__m1,1,False,validation,0.6456921097654533,0.11272034251169452,0.0,True
wine-quality-red,regression,catboost,2,Raw+GramAnchor-m8@0.25,hybrid_prediction_mixture,orthogonal_all__m1,1,False,test,0.6413537725209043,0.10831436957223711,0.0,True
wine-quality-red,regression,catboost,2,Raw+GramAnchor-m8@0.25,hybrid_prediction_mixture,orthogonal_all__m2,2,False,validation,0.6408076774191415,0.10598423910783165,0.0,True
wine-quality-red,regression,catboost,2,Raw+GramAnchor-m8@0.25,hybrid_prediction_mixture,orthogonal_all__m2,2,False,test,0.6503054812005217,0.09774601088258665,0.0,True
wine-quality-red,regression,catboost,2,Raw+GramAnchor-m8@0.25,hybrid_prediction_mixture,orthogonal_all__m3,3,False,validation,0.6451861107327801,0.11134955113946833,0.0,True
wine-quality-red,regression,catboost,2,Raw+GramAnchor-m8@0.25,hybrid_prediction_mixture,orthogonal_all__m3,3,False,test,0.6515046041274604,0.10727071874931447,0.0,True
wine-quality-red,regression,catboost,2,Raw+GramAnchor-m8@0.25,hybrid_prediction_mixture,orthogonal_all__m4,4,False,validation,0.6526265585827048,0.11592851040196014,0.0,True
wine-quality-red,regression,catboost,2,Raw+GramAnchor-m8@0.25,hybrid_prediction_mixture,orthogonal_all__m4,4,False,test,0.6530740307314326,0.10982283985553805,0.0,True
wine-quality-red,regression,catboost,2,Raw+GramAnchor-m8@0.25,hybrid_prediction_mixture,orthogonal_all__m5,5,False,validation,0.6429292301966111,0.11124246472941966,0.0,True
wine-quality-red,regression,catboost,2,Raw+GramAnchor-m8@0.25,hybrid_prediction_mixture,orthogonal_all__m5,5,False,test,0.6486382309469613,0.10890547773294433,0.0,True
wine-quality-red,regression,catboost,2,Raw+GramAnchor-m8@0.25,hybrid_prediction_mixture,orthogonal_all__m6,6,False,validation,0.649255239108927,0.10932674582038183,0.0,True
wine-quality-red,regression,catboost,2,Raw+GramAnchor-m8@0.25,hybrid_prediction_mixture,orthogonal_all__m6,6,False,test,0.6447030887639665,0.10125711743152715,0.0,True
wine-quality-red,regression,catboost,2,Raw+GramAnchor-m8@0.25,hybrid_prediction_mixture,orthogonal_all__m7,7,False,validation,0.6481808198601986,0.10418294888322195,0.0,True
wine-quality-red,regression,catboost,2,Raw+GramAnchor-m8@0.25,hybrid_prediction_mixture,orthogonal_all__m7,7,False,test,0.6407158475116581,0.11002004066716325,0.0,True
wine-quality-red,regression,catboost,2,Raw+GramAnchor-m8@0.5,hybrid_prediction_mixture,rbf_reference,-1,True,validation,0.6447143680608743,0.0,0.0,False
wine-quality-red,regression,catboost,2,Raw+GramAnchor-m8@0.5,hybrid_prediction_mixture,rbf_reference,-1,True,test,0.6455125926486552,0.0,0.0,False
wine-quality-red,regression,catboost,2,Raw+GramAnchor-m8@0.5,hybrid_prediction_mixture,orthogonal_all__m0,0,False,validation,0.6460427449330578,0.0717463037312317,0.0,True
wine-quality-red,regression,catboost,2,Raw+GramAnchor-m8@0.5,hybrid_prediction_mixture,orthogonal_all__m0,0,False,test,0.6460418592902814,0.07194540527593994,0.0,True
wine-quality-red,regression,catboost,2,Raw+GramAnchor-m8@0.5,hybrid_prediction_mixture,orthogonal_all__m1,1,False,validation,0.6439105869573566,0.07514689500779637,0.0,True
wine-quality-red,regression,catboost,2,Raw+GramAnchor-m8@0.5,hybrid_prediction_mixture,orthogonal_all__m1,1,False,test,0.6422674682005225,0.07220957971482472,0.0,True
wine-quality-red,regression,catboost,2,Raw+GramAnchor-m8@0.5,hybrid_prediction_mixture,orthogonal_all__m2,2,False,validation,0.6410419064044642,0.07065615940522113,0.0,True
wine-quality-red,regression,catboost,2,Raw+GramAnchor-m8@0.5,hybrid_prediction_mixture,orthogonal_all__m2,2,False,test,0.6484897034414168,0.06516400725505779,0.0,True
wine-quality-red,regression,catboost,2,Raw+GramAnchor-m8@0.5,hybrid_prediction_mixture,orthogonal_all__m3,3,False,validation,0.6438725627449465,0.07423303409297893,0.0,True
wine-quality-red,regression,catboost,2,Raw+GramAnchor-m8@0.5,hybrid_prediction_mixture,orthogonal_all__m3,3,False,test,0.6491395787609571,0.07151381249954294,0.0,True
wine-quality-red,regression,catboost,2,Raw+GramAnchor-m8@0.5,hybrid_prediction_mixture,orthogonal_all__m4,4,False,validation,0.6488075086479455,0.0772856736013068,0.0,True
wine-quality-red,regression,catboost,2,Raw+GramAnchor-m8@0.5,hybrid_prediction_mixture,orthogonal_all__m4,4,False,test,0.650045199910643,0.07321522657035869,0.0,True
wine-quality-red,regression,catboost,2,Raw+GramAnchor-m8@0.5,hybrid_prediction_mixture,orthogonal_all__m5,5,False,validation,0.6422995159564553,0.07416164315294645,0.0,True
wine-quality-red,regression,catboost,2,Raw+GramAnchor-m8@0.5,hybrid_prediction_mixture,orthogonal_all__m5,5,False,test,0.6471847862653429,0.07260365182196281,0.0,True
wine-quality-red,regression,catboost,2,Raw+GramAnchor-m8@0.5,hybrid_prediction_mixture,orthogonal_all__m6,6,False,validation,0.6464989890153677,0.07288449721358793,0.0,True
wine-quality-red,regression,catboost,2,Raw+GramAnchor-m8@0.5,hybrid_prediction_mixture,orthogonal_all__m6,6,False,test,0.6446189619874125,0.06750474495435146,0.0,True
wine-quality-red,regression,catboost,2,Raw+GramAnchor-m8@0.5,hybrid_prediction_mixture,orthogonal_all__m7,7,False,validation,0.6458681815957963,0.0694552992554814,0.0,True
wine-quality-red,regression,catboost,2,Raw+GramAnchor-m8@0.5,hybrid_prediction_mixture,orthogonal_all__m7,7,False,test,0.6418421732474031,0.0733466937781088,0.0,True
wine-quality-red,regression,catboost,2,Raw+GramAnchor-m8@0.75,hybrid_prediction_mixture,rbf_reference,-1,True,validation,0.6447025522872865,0.0,0.0,False
wine-quality-red,regression,catboost,2,Raw+GramAnchor-m8@0.75,hybrid_prediction_mixture,rbf_reference,-1,True,test,0.6463865321877902,0.0,0.0,False
wine-quality-red,regression,catboost,2,Raw+GramAnchor-m8@0.75,hybrid_prediction_mixture,orthogonal_all__m0,0,False,validation,0.6451097432672657,0.03587315186561583,0.0,True
wine-quality-red,regression,catboost,2,Raw+GramAnchor-m8@0.75,hybrid_prediction_mixture,orthogonal_all__m0,0,False,test,0.6463934367119939,0.035972702637969985,0.0,True
wine-quality-red,regression,catboost,2,Raw+GramAnchor-m8@0.75,hybrid_prediction_mixture,orthogonal_all__m1,1,False,validation,0.6438539584393107,0.03757344750389816,0.0,True
wine-quality-red,regression,catboost,2,Raw+GramAnchor-m8@0.75,hybrid_prediction_mixture,orthogonal_all__m1,1,False,test,0.6445700897706901,0.03610478985741237,0.0,True
wine-quality-red,regression,catboost,2,Raw+GramAnchor-m8@0.75,hybrid_prediction_mixture,orthogonal_all__m2,2,False,validation,0.6426168443379677,0.035328079702610544,0.0,True
wine-quality-red,regression,catboost,2,Raw+GramAnchor-m8@0.75,hybrid_prediction_mixture,orthogonal_all__m2,2,False,test,0.6478022920641818,0.03258200362752887,0.0,True
wine-quality-red,regression,catboost,2,Raw+GramAnchor-m8@0.75,hybrid_prediction_mixture,orthogonal_all__m3,3,False,validation,0.6439850002664949,0.037116517046489474,0.0,True
wine-quality-red,regression,catboost,2,Raw+GramAnchor-m8@0.75,hybrid_prediction_mixture,orthogonal_all__m3,3,False,test,0.6480515129278521,0.03575690624977144,0.0,True
wine-quality-red,regression,catboost,2,Raw+GramAnchor-m8@0.75,hybrid_prediction_mixture,orthogonal_all__m4,4,False,validation,0.6464342330266669,0.03864283680065337,0.0,True
wine-quality-red,regression,catboost,2,Raw+GramAnchor-m8@0.75,hybrid_prediction_mixture,orthogonal_all__m4,4,False,test,0.6484326121364908,0.03660761328517932,0.0,True
wine-quality-red,regression,catboost,2,Raw+GramAnchor-m8@0.75,hybrid_prediction_mixture,orthogonal_all__m5,5,False,validation,0.6431660069718786,0.03708082157647317,0.0,True
wine-quality-red,regression,catboost,2,Raw+GramAnchor-m8@0.75,hybrid_prediction_mixture,orthogonal_all__m5,5,False,test,0.6470540547629707,0.03630182591098144,0.0,True
wine-quality-red,regression,catboost,2,Raw+GramAnchor-m8@0.75,hybrid_prediction_mixture,orthogonal_all__m6,6,False,validation,0.6452518864503629,0.036442248606793966,0.0,True
wine-quality-red,regression,catboost,2,Raw+GramAnchor-m8@0.75,hybrid_prediction_mixture,orthogonal_all__m6,6,False,test,0.64580252582376,0.03375237247717574,0.0,True
wine-quality-red,regression,catboost,2,Raw+GramAnchor-m8@0.75,hybrid_prediction_mixture,orthogonal_all__m7,7,False,validation,0.6449801745735835,0.034727649627740664,0.0,True
wine-quality-red,regression,catboost,2,Raw+GramAnchor-m8@0.75,hybrid_prediction_mixture,orthogonal_all__m7,7,False,test,0.6443578948860436,0.036673346889054416,0.0,True
wine-quality-red,regression,catboost,2,Raw+GramAnchor-m8@1,hybrid_prediction_mixture,rbf_reference,-1,True,validation,0.6455226781608592,0.0,0.0,False
wine-quality-red,regression,catboost,2,Raw+GramAnchor-m8@1,hybrid_prediction_mixture,rbf_reference,-1,True,test,0.6482468366923629,0.0,0.0,False
wine-quality-red,regression,catboost,2,Raw+GramAnchor-m8@1,hybrid_prediction_mixture,orthogonal_all__m0,0,False,validation,0.6455226781608592,0.0,0.0,True
wine-quality-red,regression,catboost,2,Raw+GramAnchor-m8@1,hybrid_prediction_mixture,orthogonal_all__m0,0,False,test,0.6482468366923629,0.0,0.0,True
wine-quality-red,regression,catboost,2,Raw+GramAnchor-m8@1,hybrid_prediction_mixture,orthogonal_all__m1,1,False,validation,0.6455226781608592,0.0,0.0,True
wine-quality-red,regression,catboost,2,Raw+GramAnchor-m8@1,hybrid_prediction_mixture,orthogonal_all__m1,1,False,test,0.6482468366923629,0.0,0.0,True
wine-quality-red,regression,catboost,2,Raw+GramAnchor-m8@1,hybrid_prediction_mixture,orthogonal_all__m2,2,False,validation,0.6455226781608592,0.0,0.0,True
wine-quality-red,regression,catboost,2,Raw+GramAnchor-m8@1,hybrid_prediction_mixture,orthogonal_all__m2,2,False,test,0.6482468366923629,0.0,0.0,True
wine-quality-red,regression,catboost,2,Raw+GramAnchor-m8@1,hybrid_prediction_mixture,orthogonal_all__m3,3,False,validation,0.6455226781608592,0.0,0.0,True
wine-quality-red,regression,catboost,2,Raw+GramAnchor-m8@1,hybrid_prediction_mixture,orthogonal_all__m3,3,False,test,0.6482468366923629,0.0,0.0,True
wine-quality-red,regression,catboost,2,Raw+GramAnchor-m8@1,hybrid_prediction_mixture,orthogonal_all__m4,4,False,validation,0.6455226781608592,0.0,0.0,True
wine-quality-red,regression,catboost,2,Raw+GramAnchor-m8@1,hybrid_prediction_mixture,orthogonal_all__m4,4,False,test,0.6482468366923629,0.0,0.0,True
wine-quality-red,regression,catboost,2,Raw+GramAnchor-m8@1,hybrid_prediction_mixture,orthogonal_all__m5,5,False,validation,0.6455226781608592,0.0,0.0,True
wine-quality-red,regression,catboost,2,Raw+GramAnchor-m8@1,hybrid_prediction_mixture,orthogonal_all__m5,5,False,test,0.6482468366923629,0.0,0.0,True
wine-quality-red,regression,catboost,2,Raw+GramAnchor-m8@1,hybrid_prediction_mixture,orthogonal_all__m6,6,False,validation,0.6455226781608592,0.0,0.0,True
wine-quality-red,regression,catboost,2,Raw+GramAnchor-m8@1,hybrid_prediction_mixture,orthogonal_all__m6,6,False,test,0.6482468366923629,0.0,0.0,True
wine-quality-red,regression,catboost,2,Raw+GramAnchor-m8@1,hybrid_prediction_mixture,orthogonal_all__m7,7,False,validation,0.6455226781608592,0.0,0.0,True
wine-quality-red,regression,catboost,2,Raw+GramAnchor-m8@1,hybrid_prediction_mixture,orthogonal_all__m7,7,False,test,0.6482468366923629,0.0,0.0,True
wine-quality-red,regression,catboost,2,Raw+GramDistance@0.25,hybrid_prediction_mixture,rbf_reference,-1,True,validation,0.6458227563103758,0.0,0.0,False
wine-quality-red,regression,catboost,2,Raw+GramDistance@0.25,hybrid_prediction_mixture,rbf_reference,-1,True,test,0.6456258664685063,0.0,0.0,False
wine-quality-red,regression,catboost,2,Raw+GramDistance@0.25,hybrid_prediction_mixture,orthogonal_all__m0,0,False,validation,0.6496368018861813,0.10761945559684753,0.0,True
wine-quality-red,regression,catboost,2,Raw+GramDistance@0.25,hybrid_prediction_mixture,orthogonal_all__m0,0,False,test,0.647547975283965,0.10791810791391,0.0,True
wine-quality-red,regression,catboost,2,Raw+GramDistance@0.25,hybrid_prediction_mixture,orthogonal_all__m1,1,False,validation,0.647359202790872,0.11272034251169448,0.0,True
wine-quality-red,regression,catboost,2,Raw+GramDistance@0.25,hybrid_prediction_mixture,orthogonal_all__m1,1,False,test,0.6418492172544628,0.10831436957223711,0.0,True
wine-quality-red,regression,catboost,2,Raw+GramDistance@0.25,hybrid_prediction_mixture,orthogonal_all__m2,2,False,validation,0.6421261673345735,0.10598423910783156,0.0,True
wine-quality-red,regression,catboost,2,Raw+GramDistance@0.25,hybrid_prediction_mixture,orthogonal_all__m2,2,False,test,0.6507590772601619,0.09774601088258662,0.0,True
wine-quality-red,regression,catboost,2,Raw+GramDistance@0.25,hybrid_prediction_mixture,orthogonal_all__m3,3,False,validation,0.6467547242974473,0.11134955113946829,0.0,True
wine-quality-red,regression,catboost,2,Raw+GramDistance@0.25,hybrid_prediction_mixture,orthogonal_all__m3,3,False,test,0.6517273090554438,0.1072707187493144,0.0,True
wine-quality-red,regression,catboost,2,Raw+GramDistance@0.25,hybrid_prediction_mixture,orthogonal_all__m4,4,False,validation,0.6541330086399479,0.11592851040196012,0.0,True
wine-quality-red,regression,catboost,2,Raw+GramDistance@0.25,hybrid_prediction_mixture,orthogonal_all__m4,4,False,test,0.6536707690145612,0.10982283985553803,0.0,True
wine-quality-red,regression,catboost,2,Raw+GramDistance@0.25,hybrid_prediction_mixture,orthogonal_all__m5,5,False,validation,0.6443685503174996,0.11124246472941962,0.0,True
wine-quality-red,regression,catboost,2,Raw+GramDistance@0.25,hybrid_prediction_mixture,orthogonal_all__m5,5,False,test,0.6488166032930318,0.10890547773294436,0.0,True
wine-quality-red,regression,catboost,2,Raw+GramDistance@0.25,hybrid_prediction_mixture,orthogonal_all__m6,6,False,validation,0.6509734237512008,0.10932674582038172,0.0,True
wine-quality-red,regression,catboost,2,Raw+GramDistance@0.25,hybrid_prediction_mixture,orthogonal_all__m6,6,False,test,0.6453039671545274,0.10125711743152715,0.0,True
wine-quality-red,regression,catboost,2,Raw+GramDistance@0.25,hybrid_prediction_mixture,orthogonal_all__m7,7,False,validation,0.6497810407829183,0.10418294888322198,0.0,True
wine-quality-red,regression,catboost,2,Raw+GramDistance@0.25,hybrid_prediction_mixture,orthogonal_all__m7,7,False,test,0.6410155019762068,0.11002004066716328,0.0,True
wine-quality-red,regression,catboost,2,Raw+GramDistance@0.5,hybrid_prediction_mixture,rbf_reference,-1,True,validation,0.6457716004741106,0.0,0.0,False
wine-quality-red,regression,catboost,2,Raw+GramDistance@0.5,hybrid_prediction_mixture,rbf_reference,-1,True,test,0.6456799789349242,0.0,0.0,False
wine-quality-red,regression,catboost,2,Raw+GramDistance@0.5,hybrid_prediction_mixture,orthogonal_all__m0,0,False,validation,0.6485104828877241,0.07174630373123173,0.0,True
wine-quality-red,regression,catboost,2,Raw+GramDistance@0.5,hybrid_prediction_mixture,orthogonal_all__m0,0,False,test,0.6466852173813146,0.07194540527593994,0.0,True
wine-quality-red,regression,catboost,2,Raw+GramDistance@0.5,hybrid_prediction_mixture,orthogonal_all__m1,1,False,validation,0.6468412781554982,0.07514689500779641,0.0,True
wine-quality-red,regression,catboost,2,Raw+GramDistance@0.5,hybrid_prediction_mixture,orthogonal_all__m1,1,False,test,0.6430993228557096,0.0722095797148247,0.0,True
wine-quality-red,regression,catboost,2,Raw+GramDistance@0.5,hybrid_prediction_mixture,orthogonal_all__m2,2,False,validation,0.6435050263303916,0.07065615940522109,0.0,True
wine-quality-red,regression,catboost,2,Raw+GramDistance@0.5,hybrid_prediction_mixture,orthogonal_all__m2,2,False,test,0.6492667679338073,0.06516400725505776,0.0,True
wine-quality-red,regression,catboost,2,Raw+GramDistance@0.5,hybrid_prediction_mixture,orthogonal_all__m3,3,False,validation,0.6466703675838429,0.07423303409297898,0.0,True
wine-quality-red,regression,catboost,2,Raw+GramDistance@0.5,hybrid_prediction_mixture,orthogonal_all__m3,3,False,test,0.6496081416803386,0.07151381249954296,0.0,True
wine-quality-red,regression,catboost,2,Raw+GramDistance@0.5,hybrid_prediction_mixture,orthogonal_all__m4,4,False,validation,0.6515247910414389,0.07728567360130678,0.0,True
wine-quality-red,regression,catboost,2,Raw+GramDistance@0.5,hybrid_prediction_mixture,orthogonal_all__m4,4,False,test,0.6510146221518534,0.07321522657035864,0.0,True
wine-quality-red,regression,catboost,2,Raw+GramDistance@0.5,hybrid_prediction_mixture,orthogonal_all__m5,5,False,validation,0.6449245891506737,0.07416164315294645,0.0,True
wine-quality-red,regression,catboost,2,Raw+GramDistance@0.5,hybrid_prediction_mixture,orthogonal_all__m5,5,False,test,0.6475942282436782,0.07260365182196284,0.0,True
wine-quality-red,regression,catboost,2,Raw+GramDistance@0.5,hybrid_prediction_mixture,orthogonal_all__m6,6,False,validation,0.6494984727118528,0.07288449721358788,0.0,True
wine-quality-red,regression,catboost,2,Raw+GramDistance@0.5,hybrid_prediction_mixture,orthogonal_all__m6,6,False,test,0.6455917332980351,0.06750474495435146,0.0,True
wine-quality-red,regression,catboost,2,Raw+GramDistance@0.5,hybrid_prediction_mixture,orthogonal_all__m7,7,False,validation,0.6487092479147297,0.06945529925548131,0.0,True
wine-quality-red,regression,catboost,2,Raw+GramDistance@0.5,hybrid_prediction_mixture,orthogonal_all__m7,7,False,test,0.642413450086095,0.07334669377810882,0.0,True
wine-quality-red,regression,catboost,2,Raw+GramDistance@0.75,hybrid_prediction_mixture,rbf_reference,-1,True,validation,0.647077288421143,0.0,0.0,False
wine-quality-red,regression,catboost,2,Raw+GramDistance@0.75,hybrid_prediction_mixture,rbf_reference,-1,True,test,0.6468973355451574,0.0,0.0,False
wine-quality-red,regression,catboost,2,Raw+GramDistance@0.75,hybrid_prediction_mixture,orthogonal_all__m0,0,False,validation,0.6485421520826349,0.03587315186561588,0.0,True
wine-quality-red,regression,catboost,2,Raw+GramDistance@0.75,hybrid_prediction_mixture,orthogonal_all__m0,0,False,test,0.6472609656368545,0.03597270263797002,0.0,True
wine-quality-red,regression,catboost,2,Raw+GramDistance@0.75,hybrid_prediction_mixture,orthogonal_all__m1,1,False,validation,0.6476336886806994,0.03757344750389816,0.0,True
wine-quality-red,regression,catboost,2,Raw+GramDistance@0.75,hybrid_prediction_mixture,orthogonal_all__m1,1,False,test,0.6455780721052822,0.03610478985741235,0.0,True
wine-quality-red,regression,catboost,2,Raw+GramDistance@0.75,hybrid_prediction_mixture,orthogonal_all__m2,2,False,validation,0.6460447214047106,0.03532807970261057,0.0,True
wine-quality-red,regression,catboost,2,Raw+GramDistance@0.75,hybrid_prediction_mixture,orthogonal_all__m2,2,False,test,0.6487701116369877,0.03258200362752885,0.0,True
wine-quality-red,regression,catboost,2,Raw+GramDistance@0.75,hybrid_prediction_mixture,orthogonal_all__m3,3,False,validation,0.6476643224528751,0.03711651704648949,0.0,True
wine-quality-red,regression,catboost,2,Raw+GramDistance@0.75,hybrid_prediction_mixture,orthogonal_all__m3,3,False,test,0.6487878620706893,0.035756906249771424,0.0,True
wine-quality-red,regression,catboost,2,Raw+GramDistance@0.75,hybrid_prediction_mixture,orthogonal_all__m4,4,False,validation,0.6500550928537894,0.03864283680065339,0.0,True
wine-quality-red,regression,catboost,2,Raw+GramDistance@0.75,hybrid_prediction_mixture,orthogonal_all__m4,4,False,test,0.649545477640517,0.03660761328517928,0.0,True
wine-quality-red,regression,catboost,2,Raw+GramDistance@0.75,hybrid_prediction_mixture,orthogonal_all__m5,5,False,validation,0.6467156904024737,0.03708082157647323,0.0,True
wine-quality-red,regression,catboost,2,Raw+GramDistance@0.75,hybrid_prediction_mixture,orthogonal_all__m5,5,False,test,0.6477461464499131,0.03630182591098136,0.0,True
wine-quality-red,regression,catboost,2,Raw+GramDistance@0.75,hybrid_prediction_mixture,orthogonal_all__m6,6,False,validation,0.6490838682167743,0.036442248606793966,0.0,True
wine-quality-red,regression,catboost,2,Raw+GramDistance@0.75,hybrid_prediction_mixture,orthogonal_all__m6,6,False,test,0.6469163238910631,0.03375237247717576,0.0,True
wine-quality-red,regression,catboost,2,Raw+GramDistance@0.75,hybrid_prediction_mixture,orthogonal_all__m7,7,False,validation,0.6486927542456381,0.03472764962774064,0.0,True
wine-quality-red,regression,catboost,2,Raw+GramDistance@0.75,hybrid_prediction_mixture,orthogonal_all__m7,7,False,test,0.6451711893877519,0.03667334688905439,0.0,True
wine-quality-red,regression,catboost,2,Raw+GramDistance@1,hybrid_prediction_mixture,rbf_reference,-1,True,validation,0.6497316401430862,0.0,0.0,False
wine-quality-red,regression,catboost,2,Raw+GramDistance@1,hybrid_prediction_mixture,rbf_reference,-1,True,test,0.6492713932303413,0.0,0.0,False
wine-quality-red,regression,catboost,2,Raw+GramDistance@1,hybrid_prediction_mixture,orthogonal_all__m0,0,False,validation,0.6497316401430862,0.0,0.0,True
wine-quality-red,regression,catboost,2,Raw+GramDistance@1,hybrid_prediction_mixture,orthogonal_all__m0,0,False,test,0.6492713932303413,0.0,0.0,True
wine-quality-red,regression,catboost,2,Raw+GramDistance@1,hybrid_prediction_mixture,orthogonal_all__m1,1,False,validation,0.6497316401430862,0.0,0.0,True
wine-quality-red,regression,catboost,2,Raw+GramDistance@1,hybrid_prediction_mixture,orthogonal_all__m1,1,False,test,0.6492713932303413,0.0,0.0,True
wine-quality-red,regression,catboost,2,Raw+GramDistance@1,hybrid_prediction_mixture,orthogonal_all__m2,2,False,validation,0.6497316401430862,0.0,0.0,True
wine-quality-red,regression,catboost,2,Raw+GramDistance@1,hybrid_prediction_mixture,orthogonal_all__m2,2,False,test,0.6492713932303413,0.0,0.0,True
wine-quality-red,regression,catboost,2,Raw+GramDistance@1,hybrid_prediction_mixture,orthogonal_all__m3,3,False,validation,0.6497316401430862,0.0,0.0,True
wine-quality-red,regression,catboost,2,Raw+GramDistance@1,hybrid_prediction_mixture,orthogonal_all__m3,3,False,test,0.6492713932303413,0.0,0.0,True
wine-quality-red,regression,catboost,2,Raw+GramDistance@1,hybrid_prediction_mixture,orthogonal_all__m4,4,False,validation,0.6497316401430862,0.0,0.0,True
wine-quality-red,regression,catboost,2,Raw+GramDistance@1,hybrid_prediction_mixture,orthogonal_all__m4,4,False,test,0.6492713932303413,0.0,0.0,True
wine-quality-red,regression,catboost,2,Raw+GramDistance@1,hybrid_prediction_mixture,orthogonal_all__m5,5,False,validation,0.6497316401430862,0.0,0.0,True
wine-quality-red,regression,catboost,2,Raw+GramDistance@1,hybrid_prediction_mixture,orthogonal_all__m5,5,False,test,0.6492713932303413,0.0,0.0,True
wine-quality-red,regression,catboost,2,Raw+GramDistance@1,hybrid_prediction_mixture,orthogonal_all__m6,6,False,validation,0.6497316401430862,0.0,0.0,True
wine-quality-red,regression,catboost,2,Raw+GramDistance@1,hybrid_prediction_mixture,orthogonal_all__m6,6,False,test,0.6492713932303413,0.0,0.0,True
wine-quality-red,regression,catboost,2,Raw+GramDistance@1,hybrid_prediction_mixture,orthogonal_all__m7,7,False,validation,0.6497316401430862,0.0,0.0,True
wine-quality-red,regression,catboost,2,Raw+GramDistance@1,hybrid_prediction_mixture,orthogonal_all__m7,7,False,test,0.6492713932303413,0.0,0.0,True
wine-quality-red,regression,catboost,2,Raw+NystromGram@0.25,hybrid_prediction_mixture,rbf_reference,-1,True,validation,0.6450103636319762,0.0,0.0,False
wine-quality-red,regression,catboost,2,Raw+NystromGram@0.25,hybrid_prediction_mixture,rbf_reference,-1,True,test,0.6499011265842766,0.0,0.0,False
wine-quality-red,regression,catboost,2,Raw+NystromGram@0.25,hybrid_prediction_mixture,orthogonal_all__m0,0,False,validation,0.6489783361061445,0.10761945559684752,0.0,True
wine-quality-red,regression,catboost,2,Raw+NystromGram@0.25,hybrid_prediction_mixture,orthogonal_all__m0,0,False,test,0.6522490204344575,0.10791810791391007,0.0,True
wine-quality-red,regression,catboost,2,Raw+NystromGram@0.25,hybrid_prediction_mixture,orthogonal_all__m1,1,False,validation,0.646425185132962,0.11272034251169452,0.0,True
wine-quality-red,regression,catboost,2,Raw+NystromGram@0.25,hybrid_prediction_mixture,orthogonal_all__m1,1,False,test,0.6463103243378792,0.10831436957223708,0.0,True
wine-quality-red,regression,catboost,2,Raw+NystromGram@0.25,hybrid_prediction_mixture,orthogonal_all__m2,2,False,validation,0.6410549459670573,0.1059842391078316,0.0,True
wine-quality-red,regression,catboost,2,Raw+NystromGram@0.25,hybrid_prediction_mixture,orthogonal_all__m2,2,False,test,0.6546259938710175,0.09774601088258664,0.0,True
wine-quality-red,regression,catboost,2,Raw+NystromGram@0.25,hybrid_prediction_mixture,orthogonal_all__m3,3,False,validation,0.6456170130365335,0.11134955113946832,0.0,True
wine-quality-red,regression,catboost,2,Raw+NystromGram@0.25,hybrid_prediction_mixture,orthogonal_all__m3,3,False,test,0.6561712841115699,0.1072707187493145,0.0,True
wine-quality-red,regression,catboost,2,Raw+NystromGram@0.25,hybrid_prediction_mixture,orthogonal_all__m4,4,False,validation,0.6528374819043127,0.11592851040196014,0.0,True
wine-quality-red,regression,catboost,2,Raw+NystromGram@0.25,hybrid_prediction_mixture,orthogonal_all__m4,4,False,test,0.6580018564463889,0.10982283985553808,0.0,True
wine-quality-red,regression,catboost,2,Raw+NystromGram@0.25,hybrid_prediction_mixture,orthogonal_all__m5,5,False,validation,0.6435293939712011,0.11124246472941966,0.0,True
wine-quality-red,regression,catboost,2,Raw+NystromGram@0.25,hybrid_prediction_mixture,orthogonal_all__m5,5,False,test,0.6535574836146287,0.10890547773294433,0.0,True
wine-quality-red,regression,catboost,2,Raw+NystromGram@0.25,hybrid_prediction_mixture,orthogonal_all__m6,6,False,validation,0.6500677286230333,0.10932674582038178,0.0,True
wine-quality-red,regression,catboost,2,Raw+NystromGram@0.25,hybrid_prediction_mixture,orthogonal_all__m6,6,False,test,0.6493940609407651,0.1012571174315272,0.0,True
wine-quality-red,regression,catboost,2,Raw+NystromGram@0.25,hybrid_prediction_mixture,orthogonal_all__m7,7,False,validation,0.6491263487275476,0.104182948883222,0.0,True
wine-quality-red,regression,catboost,2,Raw+NystromGram@0.25,hybrid_prediction_mixture,orthogonal_all__m7,7,False,test,0.6457819883244819,0.1100200406671633,0.0,True
wine-quality-red,regression,catboost,2,Raw+NystromGram@0.5,hybrid_prediction_mixture,rbf_reference,-1,True,validation,0.6442442949201993,0.0,0.0,False
wine-quality-red,regression,catboost,2,Raw+NystromGram@0.5,hybrid_prediction_mixture,rbf_reference,-1,True,test,0.6543661399766072,0.0,0.0,False
wine-quality-red,regression,catboost,2,Raw+NystromGram@0.5,hybrid_prediction_mixture,orthogonal_all__m0,0,False,validation,0.6471890689497884,0.07174630373123174,0.0,True
wine-quality-red,regression,catboost,2,Raw+NystromGram@0.5,hybrid_prediction_mixture,orthogonal_all__m0,0,False,test,0.655939351595398,0.07194540527594001,0.0,True
wine-quality-red,regression,catboost,2,Raw+NystromGram@0.5,hybrid_prediction_mixture,orthogonal_all__m1,1,False,validation,0.6451514436419348,0.07514689500779635,0.0,True
wine-quality-red,regression,catboost,2,Raw+NystromGram@0.5,hybrid_prediction_mixture,orthogonal_all__m1,1,False,test,0.6520324782598182,0.07220957971482472,0.0,True
wine-quality-red,regression,catboost,2,Raw+NystromGram@0.5,hybrid_prediction_mixture,orthogonal_all__m2,2,False,validation,0.6416337950386978,0.07065615940522109,0.0,True
wine-quality-red,regression,catboost,2,Raw+NystromGram@0.5,hybrid_prediction_mixture,orthogonal_all__m2,2,False,test,0.6574079502136527,0.06516400725505771,0.0,True
wine-quality-red,regression,catboost,2,Raw+NystromGram@0.5,hybrid_prediction_mixture,orthogonal_all__m3,3,False,validation,0.6447092930397285,0.0742330340929789,0.0,True
wine-quality-red,regression,catboost,2,Raw+NystromGram@0.5,hybrid_prediction_mixture,orthogonal_all__m3,3,False,test,0.6585194652729933,0.07151381249954294,0.0,True
wine-quality-red,regression,catboost,2,Raw+NystromGram@0.5,hybrid_prediction_mixture,orthogonal_all__m4,4,False,validation,0.6493495995609053,0.07728567360130677,0.0,True
wine-quality-red,regression,catboost,2,Raw+NystromGram@0.5,hybrid_prediction_mixture,orthogonal_all__m4,4,False,test,0.6597742948362513,0.0732152265703587,0.0,True
wine-quality-red,regression,catboost,2,Raw+NystromGram@0.5,hybrid_prediction_mixture,orthogonal_all__m5,5,False,validation,0.6433620272490068,0.07416164315294646,0.0,True
wine-quality-red,regression,catboost,2,Raw+NystromGram@0.5,hybrid_prediction_mixture,orthogonal_all__m5,5,False,test,0.6569005055069148,0.07260365182196285,0.0,True
wine-quality-red,regression,catboost,2,Raw+NystromGram@0.5,hybrid_prediction_mixture,orthogonal_all__m6,6,False,validation,0.647846514695619,0.07288449721358785,0.0,True
wine-quality-red,regression,catboost,2,Raw+NystromGram@0.5,hybrid_prediction_mixture,orthogonal_all__m6,6,False,test,0.6540311343429004,0.06750474495435144,0.0,True
wine-quality-red,regression,catboost,2,Raw+NystromGram@0.5,hybrid_prediction_mixture,orthogonal_all__m7,7,False,validation,0.647393089185049,0.06945529925548134,0.0,True
wine-quality-red,regression,catboost,2,Raw+NystromGram@0.5,hybrid_prediction_mixture,orthogonal_all__m7,7,False,test,0.6517518708728657,0.0733466937781088,0.0,True
wine-quality-red,regression,catboost,2,Raw+NystromGram@0.75,hybrid_prediction_mixture,rbf_reference,-1,True,validation,0.6449374093603817,0.0,0.0,False
wine-quality-red,regression,catboost,2,Raw+NystromGram@0.75,hybrid_prediction_mixture,rbf_reference,-1,True,test,0.6601039675232668,0.0,0.0,False
wine-quality-red,regression,catboost,2,Raw+NystromGram@0.75,hybrid_prediction_mixture,orthogonal_all__m0,0,False,validation,0.6465568324407901,0.03587315186561585,0.0,True
wine-quality-red,regression,catboost,2,Raw+NystromGram@0.75,hybrid_prediction_mixture,orthogonal_all__m0,0,False,test,0.6608929809906684,0.035972702637969964,0.0,True
wine-quality-red,regression,catboost,2,Raw+NystromGram@0.75,hybrid_prediction_mixture,orthogonal_all__m1,1,False,validation,0.6453718969927481,0.03757344750389818,0.0,True
wine-quality-red,regression,catboost,2,Raw+NystromGram@0.75,hybrid_prediction_mixture,orthogonal_all__m1,1,False,test,0.6589689182055347,0.03610478985741236,0.0,True
wine-quality-red,regression,catboost,2,Raw+NystromGram@0.75,hybrid_prediction_mixture,orthogonal_all__m2,2,False,validation,0.6436482884352498,0.035328079702610565,0.0,True
wine-quality-red,regression,catboost,2,Raw+NystromGram@0.75,hybrid_prediction_mixture,orthogonal_all__m2,2,False,test,0.6615684721106512,0.0325820036275289,0.0,True
wine-quality-red,regression,catboost,2,Raw+NystromGram@0.75,hybrid_prediction_mixture,orthogonal_all__m3,3,False,validation,0.6451996875984896,0.03711651704648948,0.0,True
wine-quality-red,regression,catboost,2,Raw+NystromGram@0.75,hybrid_prediction_mixture,orthogonal_all__m3,3,False,test,0.662163370337309,0.035756906249771445,0.0,True
wine-quality-red,regression,catboost,2,Raw+NystromGram@0.75,hybrid_prediction_mixture,orthogonal_all__m4,4,False,validation,0.647427460577369,0.038642836800653356,0.0,True
wine-quality-red,regression,catboost,2,Raw+NystromGram@0.75,hybrid_prediction_mixture,orthogonal_all__m4,4,False,test,0.6628066585877704,0.03660761328517933,0.0,True
wine-quality-red,regression,catboost,2,Raw+NystromGram@0.75,hybrid_prediction_mixture,orthogonal_all__m5,5,False,validation,0.6445497224086842,0.03708082157647325,0.0,True
wine-quality-red,regression,catboost,2,Raw+NystromGram@0.75,hybrid_prediction_mixture,orthogonal_all__m5,5,False,test,0.6614165406481172,0.03630182591098147,0.0,True
wine-quality-red,regression,catboost,2,Raw+NystromGram@0.75,hybrid_prediction_mixture,orthogonal_all__m6,6,False,validation,0.6468503919174033,0.03644224860679396,0.0,True
wine-quality-red,regression,catboost,2,Raw+NystromGram@0.75,hybrid_prediction_mixture,orthogonal_all__m6,6,False,test,0.6599382825679426,0.03375237247717576,0.0,True
wine-quality-red,regression,catboost,2,Raw+NystromGram@0.75,hybrid_prediction_mixture,orthogonal_all__m7,7,False,validation,0.6467115378898968,0.03472764962774065,0.0,True
wine-quality-red,regression,catboost,2,Raw+NystromGram@0.75,hybrid_prediction_mixture,orthogonal_all__m7,7,False,test,0.6588639742835777,0.03667334688905442,0.0,True
wine-quality-red,regression,catboost,2,Raw+NystromGram@1,hybrid_prediction_mixture,rbf_reference,-1,True,validation,0.6470850180296417,0.0,0.0,False
wine-quality-red,regression,catboost,2,Raw+NystromGram@1,hybrid_prediction_mixture,rbf_reference,-1,True,test,0.667081766136455,0.0,0.0,False
wine-quality-red,regression,catboost,2,Raw+NystromGram@1,hybrid_prediction_mixture,orthogonal_all__m0,0,False,validation,0.6470850180296417,0.0,0.0,True
wine-quality-red,regression,catboost,2,Raw+NystromGram@1,hybrid_prediction_mixture,orthogonal_all__m0,0,False,test,0.667081766136455,0.0,0.0,True
wine-quality-red,regression,catboost,2,Raw+NystromGram@1,hybrid_prediction_mixture,orthogonal_all__m1,1,False,validation,0.6470850180296417,0.0,0.0,True
wine-quality-red,regression,catboost,2,Raw+NystromGram@1,hybrid_prediction_mixture,orthogonal_all__m1,1,False,test,0.667081766136455,0.0,0.0,True
wine-quality-red,regression,catboost,2,Raw+NystromGram@1,hybrid_prediction_mixture,orthogonal_all__m2,2,False,validation,0.6470850180296417,0.0,0.0,True
wine-quality-red,regression,catboost,2,Raw+NystromGram@1,hybrid_prediction_mixture,orthogonal_all__m2,2,False,test,0.667081766136455,0.0,0.0,True
wine-quality-red,regression,catboost,2,Raw+NystromGram@1,hybrid_prediction_mixture,orthogonal_all__m3,3,False,validation,0.6470850180296417,0.0,0.0,True
wine-quality-red,regression,catboost,2,Raw+NystromGram@1,hybrid_prediction_mixture,orthogonal_all__m3,3,False,test,0.667081766136455,0.0,0.0,True
wine-quality-red,regression,catboost,2,Raw+NystromGram@1,hybrid_prediction_mixture,orthogonal_all__m4,4,False,validation,0.6470850180296417,0.0,0.0,True
wine-quality-red,regression,catboost,2,Raw+NystromGram@1,hybrid_prediction_mixture,orthogonal_all__m4,4,False,test,0.667081766136455,0.0,0.0,True
wine-quality-red,regression,catboost,2,Raw+NystromGram@1,hybrid_prediction_mixture,orthogonal_all__m5,5,False,validation,0.6470850180296417,0.0,0.0,True
wine-quality-red,regression,catboost,2,Raw+NystromGram@1,hybrid_prediction_mixture,orthogonal_all__m5,5,False,test,0.667081766136455,0.0,0.0,True
wine-quality-red,regression,catboost,2,Raw+NystromGram@1,hybrid_prediction_mixture,orthogonal_all__m6,6,False,validation,0.6470850180296417,0.0,0.0,True
wine-quality-red,regression,catboost,2,Raw+NystromGram@1,hybrid_prediction_mixture,orthogonal_all__m6,6,False,test,0.667081766136455,0.0,0.0,True
wine-quality-red,regression,catboost,2,Raw+NystromGram@1,hybrid_prediction_mixture,orthogonal_all__m7,7,False,validation,0.6470850180296417,0.0,0.0,True
wine-quality-red,regression,catboost,2,Raw+NystromGram@1,hybrid_prediction_mixture,orthogonal_all__m7,7,False,test,0.667081766136455,0.0,0.0,True
wine-quality-red,regression,catboost,2,Raw+HybridSpectral-t0.01@0.25,hybrid_prediction_mixture,rbf_reference,-1,True,validation,0.6472858358560712,0.0,0.0,False
wine-quality-red,regression,catboost,2,Raw+HybridSpectral-t0.01@0.25,hybrid_prediction_mixture,rbf_reference,-1,True,test,0.6472677739020413,0.0,0.0,False
wine-quality-red,regression,catboost,2,Raw+HybridSpectral-t0.01@0.25,hybrid_prediction_mixture,orthogonal_all__m0,0,False,validation,0.6512557234477578,0.10761945559684753,0.0,True
wine-quality-red,regression,catboost,2,Raw+HybridSpectral-t0.01@0.25,hybrid_prediction_mixture,orthogonal_all__m0,0,False,test,0.6495828908935922,0.10791810791391003,0.0,True
wine-quality-red,regression,catboost,2,Raw+HybridSpectral-t0.01@0.25,hybrid_prediction_mixture,orthogonal_all__m1,1,False,validation,0.6489306388003515,0.11272034251169452,0.0,True
wine-quality-red,regression,catboost,2,Raw+HybridSpectral-t0.01@0.25,hybrid_prediction_mixture,orthogonal_all__m1,1,False,test,0.6433195788329582,0.10831436957223714,0.0,True
wine-quality-red,regression,catboost,2,Raw+HybridSpectral-t0.01@0.25,hybrid_prediction_mixture,orthogonal_all__m2,2,False,validation,0.643831810236904,0.10598423910783157,0.0,True
wine-quality-red,regression,catboost,2,Raw+HybridSpectral-t0.01@0.25,hybrid_prediction_mixture,orthogonal_all__m2,2,False,test,0.652187686423258,0.09774601088258669,0.0,True
wine-quality-red,regression,catboost,2,Raw+HybridSpectral-t0.01@0.25,hybrid_prediction_mixture,orthogonal_all__m3,3,False,validation,0.6483505442445503,0.11134955113946833,0.0,True
wine-quality-red,regression,catboost,2,Raw+HybridSpectral-t0.01@0.25,hybrid_prediction_mixture,orthogonal_all__m3,3,False,test,0.653658896812935,0.10727071874931446,0.0,True
wine-quality-red,regression,catboost,2,Raw+HybridSpectral-t0.01@0.25,hybrid_prediction_mixture,orthogonal_all__m4,4,False,validation,0.6556594126509415,0.11592851040196014,0.0,True
wine-quality-red,regression,catboost,2,Raw+HybridSpectral-t0.01@0.25,hybrid_prediction_mixture,orthogonal_all__m4,4,False,test,0.6552898950287133,0.10982283985553812,0.0,True
wine-quality-red,regression,catboost,2,Raw+HybridSpectral-t0.01@0.25,hybrid_prediction_mixture,orthogonal_all__m5,5,False,validation,0.6461799214813432,0.11124246472941966,0.0,True
wine-quality-red,regression,catboost,2,Raw+HybridSpectral-t0.01@0.25,hybrid_prediction_mixture,orthogonal_all__m5,5,False,test,0.6508675182980261,0.10890547773294436,0.0,True
wine-quality-red,regression,catboost,2,Raw+HybridSpectral-t0.01@0.25,hybrid_prediction_mixture,orthogonal_all__m6,6,False,validation,0.6523074121325804,0.10932674582038178,0.0,True
wine-quality-red,regression,catboost,2,Raw+HybridSpectral-t0.01@0.25,hybrid_prediction_mixture,orthogonal_all__m6,6,False,test,0.6468722249490686,0.10125711743152721,0.0,True
wine-quality-red,regression,catboost,2,Raw+HybridSpectral-t0.01@0.25,hybrid_prediction_mixture,orthogonal_all__m7,7,False,validation,0.6516998502547751,0.10418294888322192,0.0,True
wine-quality-red,regression,catboost,2,Raw+HybridSpectral-t0.01@0.25,hybrid_prediction_mixture,orthogonal_all__m7,7,False,test,0.6430533093827439,0.11002004066716328,0.0,True
wine-quality-red,regression,catboost,2,Raw+HybridSpectral-t0.01@0.5,hybrid_prediction_mixture,rbf_reference,-1,True,validation,0.6492661106418811,0.0,0.0,False
wine-quality-red,regression,catboost,2,Raw+HybridSpectral-t0.01@0.5,hybrid_prediction_mixture,rbf_reference,-1,True,test,0.649581118768934,0.0,0.0,False
wine-quality-red,regression,catboost,2,Raw+HybridSpectral-t0.01@0.5,hybrid_prediction_mixture,orthogonal_all__m0,0,False,validation,0.652209218860842,0.07174630373123174,0.0,True
wine-quality-red,regression,catboost,2,Raw+HybridSpectral-t0.01@0.5,hybrid_prediction_mixture,orthogonal_all__m0,0,False,test,0.6511096312714472,0.07194540527593997,0.0,True
wine-quality-red,regression,catboost,2,Raw+HybridSpectral-t0.01@0.5,hybrid_prediction_mixture,orthogonal_all__m1,1,False,validation,0.6504787846763046,0.07514689500779642,0.0,True
wine-quality-red,regression,catboost,2,Raw+HybridSpectral-t0.01@0.5,hybrid_prediction_mixture,orthogonal_all__m1,1,False,test,0.6467757482895491,0.07220957971482468,0.0,True
wine-quality-red,regression,catboost,2,Raw+HybridSpectral-t0.01@0.5,hybrid_prediction_mixture,orthogonal_all__m2,2,False,validation,0.6473223260857427,0.07065615940522112,0.0,True
wine-quality-red,regression,catboost,2,Raw+HybridSpectral-t0.01@0.5,hybrid_prediction_mixture,orthogonal_all__m2,2,False,test,0.6528796090775197,0.06516400725505775,0.0,True
wine-quality-red,regression,catboost,2,Raw+HybridSpectral-t0.01@0.5,hybrid_prediction_mixture,orthogonal_all__m3,3,False,validation,0.6503392951987428,0.0742330340929789,0.0,True
wine-quality-red,regression,catboost,2,Raw+HybridSpectral-t0.01@0.5,hybrid_prediction_mixture,orthogonal_all__m3,3,False,test,0.6538924026025156,0.07151381249954293,0.0,True
wine-quality-red,regression,catboost,2,Raw+HybridSpectral-t0.01@0.5,hybrid_prediction_mixture,orthogonal_all__m4,4,False,validation,0.6550978639530781,0.07728567360130674,0.0,True
wine-quality-red,regression,catboost,2,Raw+HybridSpectral-t0.01@0.5,hybrid_prediction_mixture,orthogonal_all__m4,4,False,test,0.6548804830126607,0.07321522657035867,0.0,True
wine-quality-red,regression,catboost,2,Raw+HybridSpectral-t0.01@0.5,hybrid_prediction_mixture,orthogonal_all__m5,5,False,validation,0.6488817844682512,0.07416164315294649,0.0,True
wine-quality-red,regression,catboost,2,Raw+HybridSpectral-t0.01@0.5,hybrid_prediction_mixture,orthogonal_all__m5,5,False,test,0.652039047221862,0.07260365182196282,0.0,True
wine-quality-red,regression,catboost,2,Raw+HybridSpectral-t0.01@0.5,hybrid_prediction_mixture,orthogonal_all__m6,6,False,validation,0.6528164439711054,0.07288449721358789,0.0,True
wine-quality-red,regression,catboost,2,Raw+HybridSpectral-t0.01@0.5,hybrid_prediction_mixture,orthogonal_all__m6,6,False,test,0.6493945018565479,0.06750474495435144,0.0,True
wine-quality-red,regression,catboost,2,Raw+HybridSpectral-t0.01@0.5,hybrid_prediction_mixture,orthogonal_all__m7,7,False,validation,0.6528065371547972,0.06945529925548131,0.0,True
wine-quality-red,regression,catboost,2,Raw+HybridSpectral-t0.01@0.5,hybrid_prediction_mixture,orthogonal_all__m7,7,False,test,0.6468435152253416,0.07334669377810885,0.0,True
wine-quality-red,regression,catboost,2,Raw+HybridSpectral-t0.01@0.75,hybrid_prediction_mixture,rbf_reference,-1,True,validation,0.6531537509217843,0.0,0.0,False
wine-quality-red,regression,catboost,2,Raw+HybridSpectral-t0.01@0.75,hybrid_prediction_mixture,rbf_reference,-1,True,test,0.6536564171564658,0.0,0.0,False
wine-quality-red,regression,catboost,2,Raw+HybridSpectral-t0.01@0.75,hybrid_prediction_mixture,orthogonal_all__m0,0,False,validation,0.6547685472040539,0.03587315186561585,0.0,True
wine-quality-red,regression,catboost,2,Raw+HybridSpectral-t0.01@0.75,hybrid_prediction_mixture,orthogonal_all__m0,0,False,test,0.654411221450226,0.035972702637970026,0.0,True
wine-quality-red,regression,catboost,2,Raw+HybridSpectral-t0.01@0.75,hybrid_prediction_mixture,orthogonal_all__m1,1,False,validation,0.6538159646805385,0.03757344750389819,0.0,True
wine-quality-red,regression,catboost,2,Raw+HybridSpectral-t0.01@0.75,hybrid_prediction_mixture,orthogonal_all__m1,1,False,test,0.652172099432604,0.03610478985741234,0.0,True
wine-quality-red,regression,catboost,2,Raw+HybridSpectral-t0.01@0.75,hybrid_prediction_mixture,orthogonal_all__m2,2,False,validation,0.65236190230056,0.03532807970261059,0.0,True
wine-quality-red,regression,catboost,2,Raw+HybridSpectral-t0.01@0.75,hybrid_prediction_mixture,orthogonal_all__m2,2,False,test,0.6553104582673799,0.03258200362752888,0.0,True
wine-quality-red,regression,catboost,2,Raw+HybridSpectral-t0.01@0.75,hybrid_prediction_mixture,orthogonal_all__m3,3,False,validation,0.6538690341503063,0.037116517046489515,0.0,True
wine-quality-red,regression,catboost,2,Raw+HybridSpectral-t0.01@0.75,hybrid_prediction_mixture,orthogonal_all__m3,3,False,test,0.6558314533931857,0.035756906249771465,0.0,True
wine-quality-red,regression,catboost,2,Raw+HybridSpectral-t0.01@0.75,hybrid_prediction_mixture,orthogonal_all__m4,4,False,validation,0.6561857820554721,0.038642836800653356,0.0,True
wine-quality-red,regression,catboost,2,Raw+HybridSpectral-t0.01@0.75,hybrid_prediction_mixture,orthogonal_all__m4,4,False,test,0.6562746658689568,0.03660761328517929,0.0,True
wine-quality-red,regression,catboost,2,Raw+HybridSpectral-t0.01@0.75,hybrid_prediction_mixture,orthogonal_all__m5,5,False,validation,0.6531368393539612,0.03708082157647321,0.0,True
wine-quality-red,regression,catboost,2,Raw+HybridSpectral-t0.01@0.75,hybrid_prediction_mixture,orthogonal_all__m5,5,False,test,0.6549109475210698,0.036301825910981404,0.0,True
wine-quality-red,regression,catboost,2,Raw+HybridSpectral-t0.01@0.75,hybrid_prediction_mixture,orthogonal_all__m6,6,False,validation,0.6550246666295626,0.036442248606793994,0.0,True
wine-quality-red,regression,catboost,2,Raw+HybridSpectral-t0.01@0.75,hybrid_prediction_mixture,orthogonal_all__m6,6,False,test,0.6536015091609134,0.033752372477175746,0.0,True
wine-quality-red,regression,catboost,2,Raw+HybridSpectral-t0.01@0.75,hybrid_prediction_mixture,orthogonal_all__m7,7,False,validation,0.6552163518206262,0.034727649627740664,0.0,True
wine-quality-red,regression,catboost,2,Raw+HybridSpectral-t0.01@0.75,hybrid_prediction_mixture,orthogonal_all__m7,7,False,test,0.6523268243954146,0.03667334688905444,0.0,True
wine-quality-red,regression,catboost,2,Raw+HybridSpectral-t0.01@1,hybrid_prediction_mixture,rbf_reference,-1,True,validation,0.6589149968284036,0.0,0.0,False
wine-quality-red,regression,catboost,2,Raw+HybridSpectral-t0.01@1,hybrid_prediction_mixture,rbf_reference,-1,True,test,0.6594610046229323,0.0,0.0,False
wine-quality-red,regression,catboost,2,Raw+HybridSpectral-t0.01@1,hybrid_prediction_mixture,orthogonal_all__m0,0,False,validation,0.6589149968284036,0.0,0.0,True
wine-quality-red,regression,catboost,2,Raw+HybridSpectral-t0.01@1,hybrid_prediction_mixture,orthogonal_all__m0,0,False,test,0.6594610046229323,0.0,0.0,True
wine-quality-red,regression,catboost,2,Raw+HybridSpectral-t0.01@1,hybrid_prediction_mixture,orthogonal_all__m1,1,False,validation,0.6589149968284036,0.0,0.0,True
wine-quality-red,regression,catboost,2,Raw+HybridSpectral-t0.01@1,hybrid_prediction_mixture,orthogonal_all__m1,1,False,test,0.6594610046229323,0.0,0.0,True
wine-quality-red,regression,catboost,2,Raw+HybridSpectral-t0.01@1,hybrid_prediction_mixture,orthogonal_all__m2,2,False,validation,0.6589149968284036,0.0,0.0,True
wine-quality-red,regression,catboost,2,Raw+HybridSpectral-t0.01@1,hybrid_prediction_mixture,orthogonal_all__m2,2,False,test,0.6594610046229323,0.0,0.0,True
wine-quality-red,regression,catboost,2,Raw+HybridSpectral-t0.01@1,hybrid_prediction_mixture,orthogonal_all__m3,3,False,validation,0.6589149968284036,0.0,0.0,True
wine-quality-red,regression,catboost,2,Raw+HybridSpectral-t0.01@1,hybrid_prediction_mixture,orthogonal_all__m3,3,False,test,0.6594610046229323,0.0,0.0,True
wine-quality-red,regression,catboost,2,Raw+HybridSpectral-t0.01@1,hybrid_prediction_mixture,orthogonal_all__m4,4,False,validation,0.6589149968284036,0.0,0.0,True
wine-quality-red,regression,catboost,2,Raw+HybridSpectral-t0.01@1,hybrid_prediction_mixture,orthogonal_all__m4,4,False,test,0.6594610046229323,0.0,0.0,True
wine-quality-red,regression,catboost,2,Raw+HybridSpectral-t0.01@1,hybrid_prediction_mixture,orthogonal_all__m5,5,False,validation,0.6589149968284036,0.0,0.0,True
wine-quality-red,regression,catboost,2,Raw+HybridSpectral-t0.01@1,hybrid_prediction_mixture,orthogonal_all__m5,5,False,test,0.6594610046229323,0.0,0.0,True
wine-quality-red,regression,catboost,2,Raw+HybridSpectral-t0.01@1,hybrid_prediction_mixture,orthogonal_all__m6,6,False,validation,0.6589149968284036,0.0,0.0,True
wine-quality-red,regression,catboost,2,Raw+HybridSpectral-t0.01@1,hybrid_prediction_mixture,orthogonal_all__m6,6,False,test,0.6594610046229323,0.0,0.0,True
wine-quality-red,regression,catboost,2,Raw+HybridSpectral-t0.01@1,hybrid_prediction_mixture,orthogonal_all__m7,7,False,validation,0.6589149968284036,0.0,0.0,True
wine-quality-red,regression,catboost,2,Raw+HybridSpectral-t0.01@1,hybrid_prediction_mixture,orthogonal_all__m7,7,False,test,0.6594610046229323,0.0,0.0,True
wine-quality-red,regression,catboost,2,Raw+HybridSpectral-t0.05@0.25,hybrid_prediction_mixture,rbf_reference,-1,True,validation,0.6471367197545388,0.0,0.0,False
wine-quality-red,regression,catboost,2,Raw+HybridSpectral-t0.05@0.25,hybrid_prediction_mixture,rbf_reference,-1,True,test,0.6465721342891416,0.0,0.0,False
wine-quality-red,regression,catboost,2,Raw+HybridSpectral-t0.05@0.25,hybrid_prediction_mixture,orthogonal_all__m0,0,False,validation,0.6509629825945341,0.10761945559684755,0.0,True
wine-quality-red,regression,catboost,2,Raw+HybridSpectral-t0.05@0.25,hybrid_prediction_mixture,orthogonal_all__m0,0,False,test,0.6489415048557012,0.10791810791391003,0.0,True
wine-quality-red,regression,catboost,2,Raw+HybridSpectral-t0.05@0.25,hybrid_prediction_mixture,orthogonal_all__m1,1,False,validation,0.6483473484500706,0.11272034251169455,0.0,True
wine-quality-red,regression,catboost,2,Raw+HybridSpectral-t0.05@0.25,hybrid_prediction_mixture,orthogonal_all__m1,1,False,test,0.6428897891160198,0.10831436957223707,0.0,True
wine-quality-red,regression,catboost,2,Raw+HybridSpectral-t0.05@0.25,hybrid_prediction_mixture,orthogonal_all__m2,2,False,validation,0.6433629875176123,0.10598423910783163,0.0,True
wine-quality-red,regression,catboost,2,Raw+HybridSpectral-t0.05@0.25,hybrid_prediction_mixture,orthogonal_all__m2,2,False,test,0.6515427347710304,0.09774601088258669,0.0,True
wine-quality-red,regression,catboost,2,Raw+HybridSpectral-t0.05@0.25,hybrid_prediction_mixture,orthogonal_all__m3,3,False,validation,0.6479642280874824,0.11134955113946825,0.0,True
wine-quality-red,regression,catboost,2,Raw+HybridSpectral-t0.05@0.25,hybrid_prediction_mixture,orthogonal_all__m3,3,False,test,0.6530609821750628,0.10727071874931443,0.0,True
wine-quality-red,regression,catboost,2,Raw+HybridSpectral-t0.05@0.25,hybrid_prediction_mixture,orthogonal_all__m4,4,False,validation,0.6552572690741189,0.11592851040196014,0.0,True
wine-quality-red,regression,catboost,2,Raw+HybridSpectral-t0.05@0.25,hybrid_prediction_mixture,orthogonal_all__m4,4,False,test,0.6546262056941752,0.10982283985553808,0.0,True
wine-quality-red,regression,catboost,2,Raw+HybridSpectral-t0.05@0.25,hybrid_prediction_mixture,orthogonal_all__m5,5,False,validation,0.6459027078576722,0.11124246472941966,0.0,True
wine-quality-red,regression,catboost,2,Raw+HybridSpectral-t0.05@0.25,hybrid_prediction_mixture,orthogonal_all__m5,5,False,test,0.6503374071445504,0.10890547773294433,0.0,True
wine-quality-red,regression,catboost,2,Raw+HybridSpectral-t0.05@0.25,hybrid_prediction_mixture,orthogonal_all__m6,6,False,validation,0.6521214499890657,0.10932674582038177,0.0,True
wine-quality-red,regression,catboost,2,Raw+HybridSpectral-t0.05@0.25,hybrid_prediction_mixture,orthogonal_all__m6,6,False,test,0.646127606512134,0.10125711743152715,0.0,True
wine-quality-red,regression,catboost,2,Raw+HybridSpectral-t0.05@0.25,hybrid_prediction_mixture,orthogonal_all__m7,7,False,validation,0.6512143276748626,0.10418294888322195,0.0,True
wine-quality-red,regression,catboost,2,Raw+HybridSpectral-t0.05@0.25,hybrid_prediction_mixture,orthogonal_all__m7,7,False,test,0.6422155731112633,0.11002004066716328,0.0,True
wine-quality-red,regression,catboost,2,Raw+HybridSpectral-t0.05@0.5,hybrid_prediction_mixture,rbf_reference,-1,True,validation,0.6487343390667404,0.0,0.0,False
wine-quality-red,regression,catboost,2,Raw+HybridSpectral-t0.05@0.5,hybrid_prediction_mixture,rbf_reference,-1,True,test,0.64812880037412,0.0,0.0,False
wine-quality-red,regression,catboost,2,Raw+HybridSpectral-t0.05@0.5,hybrid_prediction_mixture,orthogonal_all__m0,0,False,validation,0.6514872991319518,0.0717463037312317,0.0,True
wine-quality-red,regression,catboost,2,Raw+HybridSpectral-t0.05@0.5,hybrid_prediction_mixture,orthogonal_all__m0,0,False,test,0.6497296759282745,0.07194540527594001,0.0,True
wine-quality-red,regression,catboost,2,Raw+HybridSpectral-t0.05@0.5,hybrid_prediction_mixture,orthogonal_all__m1,1,False,validation,0.6493695780692212,0.07514689500779637,0.0,True
wine-quality-red,regression,catboost,2,Raw+HybridSpectral-t0.05@0.5,hybrid_prediction_mixture,orthogonal_all__m1,1,False,test,0.6456757516218342,0.07220957971482471,0.0,True
wine-quality-red,regression,catboost,2,Raw+HybridSpectral-t0.05@0.5,hybrid_prediction_mixture,orthogonal_all__m2,2,False,validation,0.6463657567857622,0.07065615940522103,0.0,True
wine-quality-red,regression,catboost,2,Raw+HybridSpectral-t0.05@0.5,hybrid_prediction_mixture,orthogonal_all__m2,2,False,test,0.6514952291209944,0.06516400725505778,0.0,True
wine-quality-red,regression,catboost,2,Raw+HybridSpectral-t0.05@0.5,hybrid_prediction_mixture,orthogonal_all__m3,3,False,validation,0.649492572455321,0.07423303409297886,0.0,True
wine-quality-red,regression,catboost,2,Raw+HybridSpectral-t0.05@0.5,hybrid_prediction_mixture,orthogonal_all__m3,3,False,test,0.6525709963884722,0.07151381249954299,0.0,True
wine-quality-red,regression,catboost,2,Raw+HybridSpectral-t0.05@0.5,hybrid_prediction_mixture,orthogonal_all__m4,4,False,validation,0.6542304091893835,0.0772856736013067,0.0,True
wine-quality-red,regression,catboost,2,Raw+HybridSpectral-t0.05@0.5,hybrid_prediction_mixture,orthogonal_all__m4,4,False,test,0.6534712319409758,0.07321522657035867,0.0,True
wine-quality-red,regression,catboost,2,Raw+HybridSpectral-t0.05@0.5,hybrid_prediction_mixture,orthogonal_all__m5,5,False,validation,0.6481798456094702,0.07416164315294645,0.0,True
wine-quality-red,regression,catboost,2,Raw+HybridSpectral-t0.05@0.5,hybrid_prediction_mixture,orthogonal_all__m5,5,False,test,0.6508076381291383,0.07260365182196286,0.0,True
wine-quality-red,regression,catboost,2,Raw+HybridSpectral-t0.05@0.5,hybrid_prediction_mixture,orthogonal_all__m6,6,False,validation,0.6522369172721613,0.07288449721358785,0.0,True
wine-quality-red,regression,catboost,2,Raw+HybridSpectral-t0.05@0.5,hybrid_prediction_mixture,orthogonal_all__m6,6,False,test,0.6478772034581207,0.0675047449543515,0.0,True
wine-quality-red,regression,catboost,2,Raw+HybridSpectral-t0.05@0.5,hybrid_prediction_mixture,orthogonal_all__m7,7,False,validation,0.6518282252234124,0.06945529925548129,0.0,True
wine-quality-red,regression,catboost,2,Raw+HybridSpectral-t0.05@0.5,hybrid_prediction_mixture,orthogonal_all__m7,7,False,test,0.6452025148051809,0.0733466937781088,0.0,True
wine-quality-red,regression,catboost,2,Raw+HybridSpectral-t0.05@0.75,hybrid_prediction_mixture,rbf_reference,-1,True,validation,0.652010859455467,0.0,0.0,False
wine-quality-red,regression,catboost,2,Raw+HybridSpectral-t0.05@0.75,hybrid_prediction_mixture,rbf_reference,-1,True,test,0.6513929586727049,0.0,0.0,False
wine-quality-red,regression,catboost,2,Raw+HybridSpectral-t0.05@0.75,hybrid_prediction_mixture,orthogonal_all__m0,0,False,validation,0.6534845029092164,0.03587315186561585,0.0,True
wine-quality-red,regression,catboost,2,Raw+HybridSpectral-t0.05@0.75,hybrid_prediction_mixture,orthogonal_all__m0,0,False,test,0.652201895546251,0.03597270263796999,0.0,True
wine-quality-red,regression,catboost,2,Raw+HybridSpectral-t0.05@0.75,hybrid_prediction_mixture,orthogonal_all__m1,1,False,validation,0.6522422737675296,0.037573447503898176,0.0,True
wine-quality-red,regression,catboost,2,Raw+HybridSpectral-t0.05@0.75,hybrid_prediction_mixture,orthogonal_all__m1,1,False,test,0.6501705691044442,0.03610478985741238,0.0,True
wine-quality-red,regression,catboost,2,Raw+HybridSpectral-t0.05@0.75,hybrid_prediction_mixture,orthogonal_all__m2,2,False,validation,0.650902406784422,0.035328079702610586,0.0,True
wine-quality-red,regression,catboost,2,Raw+HybridSpectral-t0.05@0.75,hybrid_prediction_mixture,orthogonal_all__m2,2,False,test,0.6530980591280573,0.03258200362752892,0.0,True
wine-quality-red,regression,catboost,2,Raw+HybridSpectral-t0.05@0.75,hybrid_prediction_mixture,orthogonal_all__m3,3,False,validation,0.6524915970565031,0.037116517046489515,0.0,True
wine-quality-red,regression,catboost,2,Raw+HybridSpectral-t0.05@0.75,hybrid_prediction_mixture,orthogonal_all__m3,3,False,test,0.6536663594893144,0.03575690624977147,0.0,True
wine-quality-red,regression,catboost,2,Raw+HybridSpectral-t0.05@0.75,hybrid_prediction_mixture,orthogonal_all__m4,4,False,validation,0.6547930677689977,0.03864283680065332,0.0,True
wine-quality-red,regression,catboost,2,Raw+HybridSpectral-t0.05@0.75,hybrid_prediction_mixture,orthogonal_all__m4,4,False,test,0.6540437148445521,0.036607613285179336,0.0,True
wine-quality-red,regression,catboost,2,Raw+HybridSpectral-t0.05@0.75,hybrid_prediction_mixture,orthogonal_all__m5,5,False,validation,0.6518672455058696,0.0370808215764732,0.0,True
wine-quality-red,regression,catboost,2,Raw+HybridSpectral-t0.05@0.75,hybrid_prediction_mixture,orthogonal_all__m5,5,False,test,0.6528129036335384,0.03630182591098144,0.0,True
wine-quality-red,regression,catboost,2,Raw+HybridSpectral-t0.05@0.75,hybrid_prediction_mixture,orthogonal_all__m6,6,False,validation,0.6538471512943954,0.036442248606793994,0.0,True
wine-quality-red,regression,catboost,2,Raw+HybridSpectral-t0.05@0.75,hybrid_prediction_mixture,orthogonal_all__m6,6,False,test,0.6512896916698475,0.03375237247717577,0.0,True
wine-quality-red,regression,catboost,2,Raw+HybridSpectral-t0.05@0.75,hybrid_prediction_mixture,orthogonal_all__m7,7,False,validation,0.6537409511342753,0.03472764962774068,0.0,True
wine-quality-red,regression,catboost,2,Raw+HybridSpectral-t0.05@0.75,hybrid_prediction_mixture,orthogonal_all__m7,7,False,test,0.649922834400959,0.03667334688905447,0.0,True
wine-quality-red,regression,catboost,2,Raw+HybridSpectral-t0.05@1,hybrid_prediction_mixture,rbf_reference,-1,True,validation,0.6569411606416158,0.0,0.0,False
wine-quality-red,regression,catboost,2,Raw+HybridSpectral-t0.05@1,hybrid_prediction_mixture,rbf_reference,-1,True,test,0.6563391341685856,0.0,0.0,False
wine-quality-red,regression,catboost,2,Raw+HybridSpectral-t0.05@1,hybrid_prediction_mixture,orthogonal_all__m0,0,False,validation,0.6569411606416158,0.0,0.0,True
wine-quality-red,regression,catboost,2,Raw+HybridSpectral-t0.05@1,hybrid_prediction_mixture,orthogonal_all__m0,0,False,test,0.6563391341685856,0.0,0.0,True
wine-quality-red,regression,catboost,2,Raw+HybridSpectral-t0.05@1,hybrid_prediction_mixture,orthogonal_all__m1,1,False,validation,0.6569411606416158,0.0,0.0,True
wine-quality-red,regression,catboost,2,Raw+HybridSpectral-t0.05@1,hybrid_prediction_mixture,orthogonal_all__m1,1,False,test,0.6563391341685856,0.0,0.0,True
wine-quality-red,regression,catboost,2,Raw+HybridSpectral-t0.05@1,hybrid_prediction_mixture,orthogonal_all__m2,2,False,validation,0.6569411606416158,0.0,0.0,True
wine-quality-red,regression,catboost,2,Raw+HybridSpectral-t0.05@1,hybrid_prediction_mixture,orthogonal_all__m2,2,False,test,0.6563391341685856,0.0,0.0,True
wine-quality-red,regression,catboost,2,Raw+HybridSpectral-t0.05@1,hybrid_prediction_mixture,orthogonal_all__m3,3,False,validation,0.6569411606416158,0.0,0.0,True
wine-quality-red,regression,catboost,2,Raw+HybridSpectral-t0.05@1,hybrid_prediction_mixture,orthogonal_all__m3,3,False,test,0.6563391341685856,0.0,0.0,True
wine-quality-red,regression,catboost,2,Raw+HybridSpectral-t0.05@1,hybrid_prediction_mixture,orthogonal_all__m4,4,False,validation,0.6569411606416158,0.0,0.0,True
wine-quality-red,regression,catboost,2,Raw+HybridSpectral-t0.05@1,hybrid_prediction_mixture,orthogonal_all__m4,4,False,test,0.6563391341685856,0.0,0.0,True
wine-quality-red,regression,catboost,2,Raw+HybridSpectral-t0.05@1,hybrid_prediction_mixture,orthogonal_all__m5,5,False,validation,0.6569411606416158,0.0,0.0,True
wine-quality-red,regression,catboost,2,Raw+HybridSpectral-t0.05@1,hybrid_prediction_mixture,orthogonal_all__m5,5,False,test,0.6563391341685856,0.0,0.0,True
wine-quality-red,regression,catboost,2,Raw+HybridSpectral-t0.05@1,hybrid_prediction_mixture,orthogonal_all__m6,6,False,validation,0.6569411606416158,0.0,0.0,True
wine-quality-red,regression,catboost,2,Raw+HybridSpectral-t0.05@1,hybrid_prediction_mixture,orthogonal_all__m6,6,False,test,0.6563391341685856,0.0,0.0,True
wine-quality-red,regression,catboost,2,Raw+HybridSpectral-t0.05@1,hybrid_prediction_mixture,orthogonal_all__m7,7,False,validation,0.6569411606416158,0.0,0.0,True
wine-quality-red,regression,catboost,2,Raw+HybridSpectral-t0.05@1,hybrid_prediction_mixture,orthogonal_all__m7,7,False,test,0.6563391341685856,0.0,0.0,True
wine-quality-red,regression,catboost,2,Raw+HybridSpectral-t0.10@0.25,hybrid_prediction_mixture,rbf_reference,-1,True,validation,0.6471367197545388,0.0,0.0,False
wine-quality-red,regression,catboost,2,Raw+HybridSpectral-t0.10@0.25,hybrid_prediction_mixture,rbf_reference,-1,True,test,0.6465721342891416,0.0,0.0,False
wine-quality-red,regression,catboost,2,Raw+HybridSpectral-t0.10@0.25,hybrid_prediction_mixture,orthogonal_all__m0,0,False,validation,0.6509629825945341,0.10761945559684755,0.0,True
wine-quality-red,regression,catboost,2,Raw+HybridSpectral-t0.10@0.25,hybrid_prediction_mixture,orthogonal_all__m0,0,False,test,0.6489415048557012,0.10791810791391003,0.0,True
wine-quality-red,regression,catboost,2,Raw+HybridSpectral-t0.10@0.25,hybrid_prediction_mixture,orthogonal_all__m1,1,False,validation,0.6483473484500706,0.11272034251169455,0.0,True
wine-quality-red,regression,catboost,2,Raw+HybridSpectral-t0.10@0.25,hybrid_prediction_mixture,orthogonal_all__m1,1,False,test,0.6428897891160198,0.10831436957223707,0.0,True
wine-quality-red,regression,catboost,2,Raw+HybridSpectral-t0.10@0.25,hybrid_prediction_mixture,orthogonal_all__m2,2,False,validation,0.6433629875176123,0.10598423910783163,0.0,True
wine-quality-red,regression,catboost,2,Raw+HybridSpectral-t0.10@0.25,hybrid_prediction_mixture,orthogonal_all__m2,2,False,test,0.6515427347710304,0.09774601088258669,0.0,True
wine-quality-red,regression,catboost,2,Raw+HybridSpectral-t0.10@0.25,hybrid_prediction_mixture,orthogonal_all__m3,3,False,validation,0.6479642280874824,0.11134955113946825,0.0,True
wine-quality-red,regression,catboost,2,Raw+HybridSpectral-t0.10@0.25,hybrid_prediction_mixture,orthogonal_all__m3,3,False,test,0.6530609821750628,0.10727071874931443,0.0,True
wine-quality-red,regression,catboost,2,Raw+HybridSpectral-t0.10@0.25,hybrid_prediction_mixture,orthogonal_all__m4,4,False,validation,0.6552572690741189,0.11592851040196014,0.0,True
wine-quality-red,regression,catboost,2,Raw+HybridSpectral-t0.10@0.25,hybrid_prediction_mixture,orthogonal_all__m4,4,False,test,0.6546262056941752,0.10982283985553808,0.0,True
wine-quality-red,regression,catboost,2,Raw+HybridSpectral-t0.10@0.25,hybrid_prediction_mixture,orthogonal_all__m5,5,False,validation,0.6459027078576722,0.11124246472941966,0.0,True
wine-quality-red,regression,catboost,2,Raw+HybridSpectral-t0.10@0.25,hybrid_prediction_mixture,orthogonal_all__m5,5,False,test,0.6503374071445504,0.10890547773294433,0.0,True
wine-quality-red,regression,catboost,2,Raw+HybridSpectral-t0.10@0.25,hybrid_prediction_mixture,orthogonal_all__m6,6,False,validation,0.6521214499890657,0.10932674582038177,0.0,True
wine-quality-red,regression,catboost,2,Raw+HybridSpectral-t0.10@0.25,hybrid_prediction_mixture,orthogonal_all__m6,6,False,test,0.646127606512134,0.10125711743152715,0.0,True
wine-quality-red,regression,catboost,2,Raw+HybridSpectral-t0.10@0.25,hybrid_prediction_mixture,orthogonal_all__m7,7,False,validation,0.6512143276748626,0.10418294888322195,0.0,True
wine-quality-red,regression,catboost,2,Raw+HybridSpectral-t0.10@0.25,hybrid_prediction_mixture,orthogonal_all__m7,7,False,test,0.6422155731112633,0.11002004066716328,0.0,True
wine-quality-red,regression,catboost,2,Raw+HybridSpectral-t0.10@0.5,hybrid_prediction_mixture,rbf_reference,-1,True,validation,0.6487343390667404,0.0,0.0,False
wine-quality-red,regression,catboost,2,Raw+HybridSpectral-t0.10@0.5,hybrid_prediction_mixture,rbf_reference,-1,True,test,0.64812880037412,0.0,0.0,False
wine-quality-red,regression,catboost,2,Raw+HybridSpectral-t0.10@0.5,hybrid_prediction_mixture,orthogonal_all__m0,0,False,validation,0.6514872991319518,0.0717463037312317,0.0,True
wine-quality-red,regression,catboost,2,Raw+HybridSpectral-t0.10@0.5,hybrid_prediction_mixture,orthogonal_all__m0,0,False,test,0.6497296759282745,0.07194540527594001,0.0,True
wine-quality-red,regression,catboost,2,Raw+HybridSpectral-t0.10@0.5,hybrid_prediction_mixture,orthogonal_all__m1,1,False,validation,0.6493695780692212,0.07514689500779637,0.0,True
wine-quality-red,regression,catboost,2,Raw+HybridSpectral-t0.10@0.5,hybrid_prediction_mixture,orthogonal_all__m1,1,False,test,0.6456757516218342,0.07220957971482471,0.0,True
wine-quality-red,regression,catboost,2,Raw+HybridSpectral-t0.10@0.5,hybrid_prediction_mixture,orthogonal_all__m2,2,False,validation,0.6463657567857622,0.07065615940522103,0.0,True
wine-quality-red,regression,catboost,2,Raw+HybridSpectral-t0.10@0.5,hybrid_prediction_mixture,orthogonal_all__m2,2,False,test,0.6514952291209944,0.06516400725505778,0.0,True
wine-quality-red,regression,catboost,2,Raw+HybridSpectral-t0.10@0.5,hybrid_prediction_mixture,orthogonal_all__m3,3,False,validation,0.649492572455321,0.07423303409297886,0.0,True
wine-quality-red,regression,catboost,2,Raw+HybridSpectral-t0.10@0.5,hybrid_prediction_mixture,orthogonal_all__m3,3,False,test,0.6525709963884722,0.07151381249954299,0.0,True
wine-quality-red,regression,catboost,2,Raw+HybridSpectral-t0.10@0.5,hybrid_prediction_mixture,orthogonal_all__m4,4,False,validation,0.6542304091893835,0.0772856736013067,0.0,True
wine-quality-red,regression,catboost,2,Raw+HybridSpectral-t0.10@0.5,hybrid_prediction_mixture,orthogonal_all__m4,4,False,test,0.6534712319409758,0.07321522657035867,0.0,True
wine-quality-red,regression,catboost,2,Raw+HybridSpectral-t0.10@0.5,hybrid_prediction_mixture,orthogonal_all__m5,5,False,validation,0.6481798456094702,0.07416164315294645,0.0,True
wine-quality-red,regression,catboost,2,Raw+HybridSpectral-t0.10@0.5,hybrid_prediction_mixture,orthogonal_all__m5,5,False,test,0.6508076381291383,0.07260365182196286,0.0,True
wine-quality-red,regression,catboost,2,Raw+HybridSpectral-t0.10@0.5,hybrid_prediction_mixture,orthogonal_all__m6,6,False,validation,0.6522369172721613,0.07288449721358785,0.0,True
wine-quality-red,regression,catboost,2,Raw+HybridSpectral-t0.10@0.5,hybrid_prediction_mixture,orthogonal_all__m6,6,False,test,0.6478772034581207,0.0675047449543515,0.0,True
wine-quality-red,regression,catboost,2,Raw+HybridSpectral-t0.10@0.5,hybrid_prediction_mixture,orthogonal_all__m7,7,False,validation,0.6518282252234124,0.06945529925548129,0.0,True
wine-quality-red,regression,catboost,2,Raw+HybridSpectral-t0.10@0.5,hybrid_prediction_mixture,orthogonal_all__m7,7,False,test,0.6452025148051809,0.0733466937781088,0.0,True
wine-quality-red,regression,catboost,2,Raw+HybridSpectral-t0.10@0.75,hybrid_prediction_mixture,rbf_reference,-1,True,validation,0.652010859455467,0.0,0.0,False
wine-quality-red,regression,catboost,2,Raw+HybridSpectral-t0.10@0.75,hybrid_prediction_mixture,rbf_reference,-1,True,test,0.6513929586727049,0.0,0.0,False
wine-quality-red,regression,catboost,2,Raw+HybridSpectral-t0.10@0.75,hybrid_prediction_mixture,orthogonal_all__m0,0,False,validation,0.6534845029092164,0.03587315186561585,0.0,True
wine-quality-red,regression,catboost,2,Raw+HybridSpectral-t0.10@0.75,hybrid_prediction_mixture,orthogonal_all__m0,0,False,test,0.652201895546251,0.03597270263796999,0.0,True
wine-quality-red,regression,catboost,2,Raw+HybridSpectral-t0.10@0.75,hybrid_prediction_mixture,orthogonal_all__m1,1,False,validation,0.6522422737675296,0.037573447503898176,0.0,True
wine-quality-red,regression,catboost,2,Raw+HybridSpectral-t0.10@0.75,hybrid_prediction_mixture,orthogonal_all__m1,1,False,test,0.6501705691044442,0.03610478985741238,0.0,True
wine-quality-red,regression,catboost,2,Raw+HybridSpectral-t0.10@0.75,hybrid_prediction_mixture,orthogonal_all__m2,2,False,validation,0.650902406784422,0.035328079702610586,0.0,True
wine-quality-red,regression,catboost,2,Raw+HybridSpectral-t0.10@0.75,hybrid_prediction_mixture,orthogonal_all__m2,2,False,test,0.6530980591280573,0.03258200362752892,0.0,True
wine-quality-red,regression,catboost,2,Raw+HybridSpectral-t0.10@0.75,hybrid_prediction_mixture,orthogonal_all__m3,3,False,validation,0.6524915970565031,0.037116517046489515,0.0,True
wine-quality-red,regression,catboost,2,Raw+HybridSpectral-t0.10@0.75,hybrid_prediction_mixture,orthogonal_all__m3,3,False,test,0.6536663594893144,0.03575690624977147,0.0,True
wine-quality-red,regression,catboost,2,Raw+HybridSpectral-t0.10@0.75,hybrid_prediction_mixture,orthogonal_all__m4,4,False,validation,0.6547930677689977,0.03864283680065332,0.0,True
wine-quality-red,regression,catboost,2,Raw+HybridSpectral-t0.10@0.75,hybrid_prediction_mixture,orthogonal_all__m4,4,False,test,0.6540437148445521,0.036607613285179336,0.0,True
wine-quality-red,regression,catboost,2,Raw+HybridSpectral-t0.10@0.75,hybrid_prediction_mixture,orthogonal_all__m5,5,False,validation,0.6518672455058696,0.0370808215764732,0.0,True
wine-quality-red,regression,catboost,2,Raw+HybridSpectral-t0.10@0.75,hybrid_prediction_mixture,orthogonal_all__m5,5,False,test,0.6528129036335384,0.03630182591098144,0.0,True
wine-quality-red,regression,catboost,2,Raw+HybridSpectral-t0.10@0.75,hybrid_prediction_mixture,orthogonal_all__m6,6,False,validation,0.6538471512943954,0.036442248606793994,0.0,True
wine-quality-red,regression,catboost,2,Raw+HybridSpectral-t0.10@0.75,hybrid_prediction_mixture,orthogonal_all__m6,6,False,test,0.6512896916698475,0.03375237247717577,0.0,True
wine-quality-red,regression,catboost,2,Raw+HybridSpectral-t0.10@0.75,hybrid_prediction_mixture,orthogonal_all__m7,7,False,validation,0.6537409511342753,0.03472764962774068,0.0,True
wine-quality-red,regression,catboost,2,Raw+HybridSpectral-t0.10@0.75,hybrid_prediction_mixture,orthogonal_all__m7,7,False,test,0.649922834400959,0.03667334688905447,0.0,True
wine-quality-red,regression,catboost,2,Raw+HybridSpectral-t0.10@1,hybrid_prediction_mixture,rbf_reference,-1,True,validation,0.6569411606416158,0.0,0.0,False
wine-quality-red,regression,catboost,2,Raw+HybridSpectral-t0.10@1,hybrid_prediction_mixture,rbf_reference,-1,True,test,0.6563391341685856,0.0,0.0,False
wine-quality-red,regression,catboost,2,Raw+HybridSpectral-t0.10@1,hybrid_prediction_mixture,orthogonal_all__m0,0,False,validation,0.6569411606416158,0.0,0.0,True
wine-quality-red,regression,catboost,2,Raw+HybridSpectral-t0.10@1,hybrid_prediction_mixture,orthogonal_all__m0,0,False,test,0.6563391341685856,0.0,0.0,True
wine-quality-red,regression,catboost,2,Raw+HybridSpectral-t0.10@1,hybrid_prediction_mixture,orthogonal_all__m1,1,False,validation,0.6569411606416158,0.0,0.0,True
wine-quality-red,regression,catboost,2,Raw+HybridSpectral-t0.10@1,hybrid_prediction_mixture,orthogonal_all__m1,1,False,test,0.6563391341685856,0.0,0.0,True
wine-quality-red,regression,catboost,2,Raw+HybridSpectral-t0.10@1,hybrid_prediction_mixture,orthogonal_all__m2,2,False,validation,0.6569411606416158,0.0,0.0,True
wine-quality-red,regression,catboost,2,Raw+HybridSpectral-t0.10@1,hybrid_prediction_mixture,orthogonal_all__m2,2,False,test,0.6563391341685856,0.0,0.0,True
wine-quality-red,regression,catboost,2,Raw+HybridSpectral-t0.10@1,hybrid_prediction_mixture,orthogonal_all__m3,3,False,validation,0.6569411606416158,0.0,0.0,True
wine-quality-red,regression,catboost,2,Raw+HybridSpectral-t0.10@1,hybrid_prediction_mixture,orthogonal_all__m3,3,False,test,0.6563391341685856,0.0,0.0,True
wine-quality-red,regression,catboost,2,Raw+HybridSpectral-t0.10@1,hybrid_prediction_mixture,orthogonal_all__m4,4,False,validation,0.6569411606416158,0.0,0.0,True
wine-quality-red,regression,catboost,2,Raw+HybridSpectral-t0.10@1,hybrid_prediction_mixture,orthogonal_all__m4,4,False,test,0.6563391341685856,0.0,0.0,True
wine-quality-red,regression,catboost,2,Raw+HybridSpectral-t0.10@1,hybrid_prediction_mixture,orthogonal_all__m5,5,False,validation,0.6569411606416158,0.0,0.0,True
wine-quality-red,regression,catboost,2,Raw+HybridSpectral-t0.10@1,hybrid_prediction_mixture,orthogonal_all__m5,5,False,test,0.6563391341685856,0.0,0.0,True
wine-quality-red,regression,catboost,2,Raw+HybridSpectral-t0.10@1,hybrid_prediction_mixture,orthogonal_all__m6,6,False,validation,0.6569411606416158,0.0,0.0,True
wine-quality-red,regression,catboost,2,Raw+HybridSpectral-t0.10@1,hybrid_prediction_mixture,orthogonal_all__m6,6,False,test,0.6563391341685856,0.0,0.0,True
wine-quality-red,regression,catboost,2,Raw+HybridSpectral-t0.10@1,hybrid_prediction_mixture,orthogonal_all__m7,7,False,validation,0.6569411606416158,0.0,0.0,True
wine-quality-red,regression,catboost,2,Raw+HybridSpectral-t0.10@1,hybrid_prediction_mixture,orthogonal_all__m7,7,False,test,0.6563391341685856,0.0,0.0,True
