dataset,problem_type,model,seed,method,track,representation_id,member,is_reference,split,task_error,disagreement,fit_seconds,prediction_reused_due_to_coordinate_identity
wine-quality-red,regression,controlled_mlp,1,Raw,representation,rbf_reference,-1,True,validation,0.6527765609456229,0.0,0.1425952049903571,False
wine-quality-red,regression,controlled_mlp,1,Raw,representation,rbf_reference,-1,True,test,0.6897238525837522,0.0,0.1425952049903571,False
wine-quality-red,regression,controlled_mlp,1,Raw,representation,orthogonal_all__m0,0,False,validation,0.6590223718899247,0.09901424558937254,0.1481104330159723,False
wine-quality-red,regression,controlled_mlp,1,Raw,representation,orthogonal_all__m0,0,False,test,0.6927290225697135,0.09734367800063365,0.1481104330159723,False
wine-quality-red,regression,controlled_mlp,1,Raw,representation,orthogonal_all__m1,1,False,validation,0.6595486419098086,0.10847860782079623,0.136821195948869,False
wine-quality-red,regression,controlled_mlp,1,Raw,representation,orthogonal_all__m1,1,False,test,0.6854414639836207,0.09559300518131733,0.136821195948869,False
wine-quality-red,regression,controlled_mlp,1,Raw,representation,orthogonal_all__m2,2,False,validation,0.656147572996431,0.09465335465342589,0.1358335381373763,False
wine-quality-red,regression,controlled_mlp,1,Raw,representation,orthogonal_all__m2,2,False,test,0.6926459772378817,0.08389953164243182,0.1358335381373763,False
wine-quality-red,regression,controlled_mlp,1,Raw,representation,orthogonal_all__m3,3,False,validation,0.6463690010761675,0.117403986584372,0.1347758651245385,False
wine-quality-red,regression,controlled_mlp,1,Raw,representation,orthogonal_all__m3,3,False,test,0.698318400850438,0.12098649451212842,0.1347758651245385,False
wine-quality-red,regression,controlled_mlp,1,Raw,representation,orthogonal_all__m4,4,False,validation,0.6590068337627033,0.16976631949639853,0.1751573411747813,False
wine-quality-red,regression,controlled_mlp,1,Raw,representation,orthogonal_all__m4,4,False,test,0.7077868206004603,0.16632971217237486,0.1751573411747813,False
wine-quality-red,regression,controlled_mlp,1,Raw,representation,orthogonal_all__m5,5,False,validation,0.6596894807190061,0.19441513528742235,0.1947187811601907,False
wine-quality-red,regression,controlled_mlp,1,Raw,representation,orthogonal_all__m5,5,False,test,0.706536641775047,0.1964192551421222,0.1947187811601907,False
wine-quality-red,regression,controlled_mlp,1,Raw,representation,orthogonal_all__m6,6,False,validation,0.6495452147604299,0.13741156778627692,0.1788912860210985,False
wine-quality-red,regression,controlled_mlp,1,Raw,representation,orthogonal_all__m6,6,False,test,0.7104116122848595,0.1490481152391476,0.1788912860210985,False
wine-quality-red,regression,controlled_mlp,1,Raw,representation,orthogonal_all__m7,7,False,validation,0.6579891847064699,0.24563898497133135,0.2034385481383651,False
wine-quality-red,regression,controlled_mlp,1,Raw,representation,orthogonal_all__m7,7,False,test,0.7266016829093522,0.24400038423235532,0.2034385481383651,False
wine-quality-red,regression,controlled_mlp,1,PCA,representation,pca__v1__rbf_reference,-1,True,validation,0.6415702329463335,0.0,0.4447087859734893,False
wine-quality-red,regression,controlled_mlp,1,PCA,representation,pca__v1__rbf_reference,-1,True,test,0.7213040612355388,0.0,0.4447087859734893,False
wine-quality-red,regression,controlled_mlp,1,PCA,representation,pca__v1__orthogonal_all__m0,0,False,validation,0.6415702329463335,0.0,0.0,True
wine-quality-red,regression,controlled_mlp,1,PCA,representation,pca__v1__orthogonal_all__m0,0,False,test,0.7213040612355388,0.0,0.0,True
wine-quality-red,regression,controlled_mlp,1,PCA,representation,pca__v1__orthogonal_all__m1,1,False,validation,0.6415702329463335,0.0,0.0,True
wine-quality-red,regression,controlled_mlp,1,PCA,representation,pca__v1__orthogonal_all__m1,1,False,test,0.7213040612355388,0.0,0.0,True
wine-quality-red,regression,controlled_mlp,1,PCA,representation,pca__v1__orthogonal_all__m2,2,False,validation,0.6415702329463335,0.0,0.0,True
wine-quality-red,regression,controlled_mlp,1,PCA,representation,pca__v1__orthogonal_all__m2,2,False,test,0.7213040612355388,0.0,0.0,True
wine-quality-red,regression,controlled_mlp,1,PCA,representation,pca__v1__orthogonal_all__m3,3,False,validation,0.6415702329463335,0.0,0.0,True
wine-quality-red,regression,controlled_mlp,1,PCA,representation,pca__v1__orthogonal_all__m3,3,False,test,0.7213040612355388,0.0,0.0,True
wine-quality-red,regression,controlled_mlp,1,PCA,representation,pca__v1__orthogonal_all__m4,4,False,validation,0.6415702329463335,0.0,0.0,True
wine-quality-red,regression,controlled_mlp,1,PCA,representation,pca__v1__orthogonal_all__m4,4,False,test,0.7213040612355388,0.0,0.0,True
wine-quality-red,regression,controlled_mlp,1,PCA,representation,pca__v1__orthogonal_all__m5,5,False,validation,0.6415702329463335,0.0,0.0,True
wine-quality-red,regression,controlled_mlp,1,PCA,representation,pca__v1__orthogonal_all__m5,5,False,test,0.7213040612355388,0.0,0.0,True
wine-quality-red,regression,controlled_mlp,1,PCA,representation,pca__v1__orthogonal_all__m6,6,False,validation,0.6415702329463335,0.0,0.0,True
wine-quality-red,regression,controlled_mlp,1,PCA,representation,pca__v1__orthogonal_all__m6,6,False,test,0.7213040612355388,0.0,0.0,True
wine-quality-red,regression,controlled_mlp,1,PCA,representation,pca__v1__orthogonal_all__m7,7,False,validation,0.6415702329463335,0.0,0.0,True
wine-quality-red,regression,controlled_mlp,1,PCA,representation,pca__v1__orthogonal_all__m7,7,False,test,0.7213040612355388,0.0,0.0,True
wine-quality-red,regression,controlled_mlp,1,GramAnchor,representation,gram_anchor__pivot_tie_v2__rbf_reference,-1,True,validation,0.6739297549560863,0.0,0.13457298721186817,False
wine-quality-red,regression,controlled_mlp,1,GramAnchor,representation,gram_anchor__pivot_tie_v2__rbf_reference,-1,True,test,0.6838247652203879,0.0,0.13457298721186817,False
wine-quality-red,regression,controlled_mlp,1,GramAnchor,representation,gram_anchor__pivot_tie_v2__orthogonal_all__m0,0,False,validation,0.6739297549560863,0.0,0.0,True
wine-quality-red,regression,controlled_mlp,1,GramAnchor,representation,gram_anchor__pivot_tie_v2__orthogonal_all__m0,0,False,test,0.6838247652203879,0.0,0.0,True
wine-quality-red,regression,controlled_mlp,1,GramAnchor,representation,gram_anchor__pivot_tie_v2__orthogonal_all__m1,1,False,validation,0.6739297549560863,0.0,0.0,True
wine-quality-red,regression,controlled_mlp,1,GramAnchor,representation,gram_anchor__pivot_tie_v2__orthogonal_all__m1,1,False,test,0.6838247652203879,0.0,0.0,True
wine-quality-red,regression,controlled_mlp,1,GramAnchor,representation,gram_anchor__pivot_tie_v2__orthogonal_all__m2,2,False,validation,0.6739297549560863,0.0,0.0,True
wine-quality-red,regression,controlled_mlp,1,GramAnchor,representation,gram_anchor__pivot_tie_v2__orthogonal_all__m2,2,False,test,0.6838247652203879,0.0,0.0,True
wine-quality-red,regression,controlled_mlp,1,GramAnchor,representation,gram_anchor__pivot_tie_v2__orthogonal_all__m3,3,False,validation,0.6739297549560863,0.0,0.0,True
wine-quality-red,regression,controlled_mlp,1,GramAnchor,representation,gram_anchor__pivot_tie_v2__orthogonal_all__m3,3,False,test,0.6838247652203879,0.0,0.0,True
wine-quality-red,regression,controlled_mlp,1,GramAnchor,representation,gram_anchor__pivot_tie_v2__orthogonal_all__m4,4,False,validation,0.6739297549560863,0.0,0.0,True
wine-quality-red,regression,controlled_mlp,1,GramAnchor,representation,gram_anchor__pivot_tie_v2__orthogonal_all__m4,4,False,test,0.6838247652203879,0.0,0.0,True
wine-quality-red,regression,controlled_mlp,1,GramAnchor,representation,gram_anchor__pivot_tie_v2__orthogonal_all__m5,5,False,validation,0.6739297549560863,0.0,0.0,True
wine-quality-red,regression,controlled_mlp,1,GramAnchor,representation,gram_anchor__pivot_tie_v2__orthogonal_all__m5,5,False,test,0.6838247652203879,0.0,0.0,True
wine-quality-red,regression,controlled_mlp,1,GramAnchor,representation,gram_anchor__pivot_tie_v2__orthogonal_all__m6,6,False,validation,0.6739297549560863,0.0,0.0,True
wine-quality-red,regression,controlled_mlp,1,GramAnchor,representation,gram_anchor__pivot_tie_v2__orthogonal_all__m6,6,False,test,0.6838247652203879,0.0,0.0,True
wine-quality-red,regression,controlled_mlp,1,GramAnchor,representation,gram_anchor__pivot_tie_v2__orthogonal_all__m7,7,False,validation,0.6739297549560863,0.0,0.0,True
wine-quality-red,regression,controlled_mlp,1,GramAnchor,representation,gram_anchor__pivot_tie_v2__orthogonal_all__m7,7,False,test,0.6838247652203879,0.0,0.0,True
wine-quality-red,regression,controlled_mlp,1,GramAnchor-m8,representation,gram_anchor__pivot_tie_v2__rbf_reference,-1,True,validation,0.6656501775057836,0.0,0.2691973289474845,False
wine-quality-red,regression,controlled_mlp,1,GramAnchor-m8,representation,gram_anchor__pivot_tie_v2__rbf_reference,-1,True,test,0.6908554926112477,0.0,0.2691973289474845,False
wine-quality-red,regression,controlled_mlp,1,GramAnchor-m8,representation,gram_anchor__pivot_tie_v2__orthogonal_all__m0,0,False,validation,0.6656501775057836,0.0,0.0,True
wine-quality-red,regression,controlled_mlp,1,GramAnchor-m8,representation,gram_anchor__pivot_tie_v2__orthogonal_all__m0,0,False,test,0.6908554926112477,0.0,0.0,True
wine-quality-red,regression,controlled_mlp,1,GramAnchor-m8,representation,gram_anchor__pivot_tie_v2__orthogonal_all__m1,1,False,validation,0.6656501775057836,0.0,0.0,True
wine-quality-red,regression,controlled_mlp,1,GramAnchor-m8,representation,gram_anchor__pivot_tie_v2__orthogonal_all__m1,1,False,test,0.6908554926112477,0.0,0.0,True
wine-quality-red,regression,controlled_mlp,1,GramAnchor-m8,representation,gram_anchor__pivot_tie_v2__orthogonal_all__m2,2,False,validation,0.6656501775057836,0.0,0.0,True
wine-quality-red,regression,controlled_mlp,1,GramAnchor-m8,representation,gram_anchor__pivot_tie_v2__orthogonal_all__m2,2,False,test,0.6908554926112477,0.0,0.0,True
wine-quality-red,regression,controlled_mlp,1,GramAnchor-m8,representation,gram_anchor__pivot_tie_v2__orthogonal_all__m3,3,False,validation,0.6656501775057836,0.0,0.0,True
wine-quality-red,regression,controlled_mlp,1,GramAnchor-m8,representation,gram_anchor__pivot_tie_v2__orthogonal_all__m3,3,False,test,0.6908554926112477,0.0,0.0,True
wine-quality-red,regression,controlled_mlp,1,GramAnchor-m8,representation,gram_anchor__pivot_tie_v2__orthogonal_all__m4,4,False,validation,0.6656501775057836,0.0,0.0,True
wine-quality-red,regression,controlled_mlp,1,GramAnchor-m8,representation,gram_anchor__pivot_tie_v2__orthogonal_all__m4,4,False,test,0.6908554926112477,0.0,0.0,True
wine-quality-red,regression,controlled_mlp,1,GramAnchor-m8,representation,gram_anchor__pivot_tie_v2__orthogonal_all__m5,5,False,validation,0.6656501775057836,0.0,0.0,True
wine-quality-red,regression,controlled_mlp,1,GramAnchor-m8,representation,gram_anchor__pivot_tie_v2__orthogonal_all__m5,5,False,test,0.6908554926112477,0.0,0.0,True
wine-quality-red,regression,controlled_mlp,1,GramAnchor-m8,representation,gram_anchor__pivot_tie_v2__orthogonal_all__m6,6,False,validation,0.6656501775057836,0.0,0.0,True
wine-quality-red,regression,controlled_mlp,1,GramAnchor-m8,representation,gram_anchor__pivot_tie_v2__orthogonal_all__m6,6,False,test,0.6908554926112477,0.0,0.0,True
wine-quality-red,regression,controlled_mlp,1,GramAnchor-m8,representation,gram_anchor__pivot_tie_v2__orthogonal_all__m7,7,False,validation,0.6656501775057836,0.0,0.0,True
wine-quality-red,regression,controlled_mlp,1,GramAnchor-m8,representation,gram_anchor__pivot_tie_v2__orthogonal_all__m7,7,False,test,0.6908554926112477,0.0,0.0,True
wine-quality-red,regression,controlled_mlp,1,GramDistance,representation,gram_distance__pivot_tie_v2__rbf_reference,-1,True,validation,0.6971462945856016,0.0,0.23435661499388516,False
wine-quality-red,regression,controlled_mlp,1,GramDistance,representation,gram_distance__pivot_tie_v2__rbf_reference,-1,True,test,0.7077230096178065,0.0,0.23435661499388516,False
wine-quality-red,regression,controlled_mlp,1,GramDistance,representation,gram_distance__pivot_tie_v2__orthogonal_all__m0,0,False,validation,0.6971462945856016,0.0,0.0,True
wine-quality-red,regression,controlled_mlp,1,GramDistance,representation,gram_distance__pivot_tie_v2__orthogonal_all__m0,0,False,test,0.7077230096178065,0.0,0.0,True
wine-quality-red,regression,controlled_mlp,1,GramDistance,representation,gram_distance__pivot_tie_v2__orthogonal_all__m1,1,False,validation,0.6971462945856016,0.0,0.0,True
wine-quality-red,regression,controlled_mlp,1,GramDistance,representation,gram_distance__pivot_tie_v2__orthogonal_all__m1,1,False,test,0.7077230096178065,0.0,0.0,True
wine-quality-red,regression,controlled_mlp,1,GramDistance,representation,gram_distance__pivot_tie_v2__orthogonal_all__m2,2,False,validation,0.6971462945856016,0.0,0.0,True
wine-quality-red,regression,controlled_mlp,1,GramDistance,representation,gram_distance__pivot_tie_v2__orthogonal_all__m2,2,False,test,0.7077230096178065,0.0,0.0,True
wine-quality-red,regression,controlled_mlp,1,GramDistance,representation,gram_distance__pivot_tie_v2__orthogonal_all__m3,3,False,validation,0.6971462945856016,0.0,0.0,True
wine-quality-red,regression,controlled_mlp,1,GramDistance,representation,gram_distance__pivot_tie_v2__orthogonal_all__m3,3,False,test,0.7077230096178065,0.0,0.0,True
wine-quality-red,regression,controlled_mlp,1,GramDistance,representation,gram_distance__pivot_tie_v2__orthogonal_all__m4,4,False,validation,0.6971462945856016,0.0,0.0,True
wine-quality-red,regression,controlled_mlp,1,GramDistance,representation,gram_distance__pivot_tie_v2__orthogonal_all__m4,4,False,test,0.7077230096178065,0.0,0.0,True
wine-quality-red,regression,controlled_mlp,1,GramDistance,representation,gram_distance__pivot_tie_v2__orthogonal_all__m5,5,False,validation,0.6971462945856016,0.0,0.0,True
wine-quality-red,regression,controlled_mlp,1,GramDistance,representation,gram_distance__pivot_tie_v2__orthogonal_all__m5,5,False,test,0.7077230096178065,0.0,0.0,True
wine-quality-red,regression,controlled_mlp,1,GramDistance,representation,gram_distance__pivot_tie_v2__orthogonal_all__m6,6,False,validation,0.6971462945856016,0.0,0.0,True
wine-quality-red,regression,controlled_mlp,1,GramDistance,representation,gram_distance__pivot_tie_v2__orthogonal_all__m6,6,False,test,0.7077230096178065,0.0,0.0,True
wine-quality-red,regression,controlled_mlp,1,GramDistance,representation,gram_distance__pivot_tie_v2__orthogonal_all__m7,7,False,validation,0.6971462945856016,0.0,0.0,True
wine-quality-red,regression,controlled_mlp,1,GramDistance,representation,gram_distance__pivot_tie_v2__orthogonal_all__m7,7,False,test,0.7077230096178065,0.0,0.0,True
wine-quality-red,regression,controlled_mlp,1,NystromGram,representation,nystrom_gram__nystrom_degeneracy_v3__rbf_reference,-1,True,validation,0.6765491607932133,0.0,0.22590006398968399,False
wine-quality-red,regression,controlled_mlp,1,NystromGram,representation,nystrom_gram__nystrom_degeneracy_v3__rbf_reference,-1,True,test,0.6951811548972378,0.0,0.22590006398968399,False
wine-quality-red,regression,controlled_mlp,1,NystromGram,representation,nystrom_gram__nystrom_degeneracy_v3__orthogonal_all__m0,0,False,validation,0.6765491607932133,0.0,0.0,True
wine-quality-red,regression,controlled_mlp,1,NystromGram,representation,nystrom_gram__nystrom_degeneracy_v3__orthogonal_all__m0,0,False,test,0.6951811548972378,0.0,0.0,True
wine-quality-red,regression,controlled_mlp,1,NystromGram,representation,nystrom_gram__nystrom_degeneracy_v3__orthogonal_all__m1,1,False,validation,0.6765491607932133,0.0,0.0,True
wine-quality-red,regression,controlled_mlp,1,NystromGram,representation,nystrom_gram__nystrom_degeneracy_v3__orthogonal_all__m1,1,False,test,0.6951811548972378,0.0,0.0,True
wine-quality-red,regression,controlled_mlp,1,NystromGram,representation,nystrom_gram__nystrom_degeneracy_v3__orthogonal_all__m2,2,False,validation,0.6765491607932133,0.0,0.0,True
wine-quality-red,regression,controlled_mlp,1,NystromGram,representation,nystrom_gram__nystrom_degeneracy_v3__orthogonal_all__m2,2,False,test,0.6951811548972378,0.0,0.0,True
wine-quality-red,regression,controlled_mlp,1,NystromGram,representation,nystrom_gram__nystrom_degeneracy_v3__orthogonal_all__m3,3,False,validation,0.6765491607932133,0.0,0.0,True
wine-quality-red,regression,controlled_mlp,1,NystromGram,representation,nystrom_gram__nystrom_degeneracy_v3__orthogonal_all__m3,3,False,test,0.6951811548972378,0.0,0.0,True
wine-quality-red,regression,controlled_mlp,1,NystromGram,representation,nystrom_gram__nystrom_degeneracy_v3__orthogonal_all__m4,4,False,validation,0.6765491607932133,0.0,0.0,True
wine-quality-red,regression,controlled_mlp,1,NystromGram,representation,nystrom_gram__nystrom_degeneracy_v3__orthogonal_all__m4,4,False,test,0.6951811548972378,0.0,0.0,True
wine-quality-red,regression,controlled_mlp,1,NystromGram,representation,nystrom_gram__nystrom_degeneracy_v3__orthogonal_all__m5,5,False,validation,0.6765491607932133,0.0,0.0,True
wine-quality-red,regression,controlled_mlp,1,NystromGram,representation,nystrom_gram__nystrom_degeneracy_v3__orthogonal_all__m5,5,False,test,0.6951811548972378,0.0,0.0,True
wine-quality-red,regression,controlled_mlp,1,NystromGram,representation,nystrom_gram__nystrom_degeneracy_v3__orthogonal_all__m6,6,False,validation,0.6765491607932133,0.0,0.0,True
wine-quality-red,regression,controlled_mlp,1,NystromGram,representation,nystrom_gram__nystrom_degeneracy_v3__orthogonal_all__m6,6,False,test,0.6951811548972378,0.0,0.0,True
wine-quality-red,regression,controlled_mlp,1,NystromGram,representation,nystrom_gram__nystrom_degeneracy_v3__orthogonal_all__m7,7,False,validation,0.6765491607932133,0.0,0.0,True
wine-quality-red,regression,controlled_mlp,1,NystromGram,representation,nystrom_gram__nystrom_degeneracy_v3__orthogonal_all__m7,7,False,test,0.6951811548972378,0.0,0.0,True
wine-quality-red,regression,controlled_mlp,1,HybridSpectral-t0.01,representation,hybrid_spectral__pivot_tie_v2__rbf_reference,-1,True,validation,0.6415702329463335,0.0,0.43345350795425475,False
wine-quality-red,regression,controlled_mlp,1,HybridSpectral-t0.01,representation,hybrid_spectral__pivot_tie_v2__rbf_reference,-1,True,test,0.7213040612355388,0.0,0.43345350795425475,False
wine-quality-red,regression,controlled_mlp,1,HybridSpectral-t0.01,representation,hybrid_spectral__pivot_tie_v2__orthogonal_all__m0,0,False,validation,0.6415702329463335,0.0,0.0,True
wine-quality-red,regression,controlled_mlp,1,HybridSpectral-t0.01,representation,hybrid_spectral__pivot_tie_v2__orthogonal_all__m0,0,False,test,0.7213040612355388,0.0,0.0,True
wine-quality-red,regression,controlled_mlp,1,HybridSpectral-t0.01,representation,hybrid_spectral__pivot_tie_v2__orthogonal_all__m1,1,False,validation,0.6415702329463335,0.0,0.0,True
wine-quality-red,regression,controlled_mlp,1,HybridSpectral-t0.01,representation,hybrid_spectral__pivot_tie_v2__orthogonal_all__m1,1,False,test,0.7213040612355388,0.0,0.0,True
wine-quality-red,regression,controlled_mlp,1,HybridSpectral-t0.01,representation,hybrid_spectral__pivot_tie_v2__orthogonal_all__m2,2,False,validation,0.6415702329463335,0.0,0.0,True
wine-quality-red,regression,controlled_mlp,1,HybridSpectral-t0.01,representation,hybrid_spectral__pivot_tie_v2__orthogonal_all__m2,2,False,test,0.7213040612355388,0.0,0.0,True
wine-quality-red,regression,controlled_mlp,1,HybridSpectral-t0.01,representation,hybrid_spectral__pivot_tie_v2__orthogonal_all__m3,3,False,validation,0.6415702329463335,0.0,0.0,True
wine-quality-red,regression,controlled_mlp,1,HybridSpectral-t0.01,representation,hybrid_spectral__pivot_tie_v2__orthogonal_all__m3,3,False,test,0.7213040612355388,0.0,0.0,True
wine-quality-red,regression,controlled_mlp,1,HybridSpectral-t0.01,representation,hybrid_spectral__pivot_tie_v2__orthogonal_all__m4,4,False,validation,0.6415702329463335,0.0,0.0,True
wine-quality-red,regression,controlled_mlp,1,HybridSpectral-t0.01,representation,hybrid_spectral__pivot_tie_v2__orthogonal_all__m4,4,False,test,0.7213040612355388,0.0,0.0,True
wine-quality-red,regression,controlled_mlp,1,HybridSpectral-t0.01,representation,hybrid_spectral__pivot_tie_v2__orthogonal_all__m5,5,False,validation,0.6415702329463335,0.0,0.0,True
wine-quality-red,regression,controlled_mlp,1,HybridSpectral-t0.01,representation,hybrid_spectral__pivot_tie_v2__orthogonal_all__m5,5,False,test,0.7213040612355388,0.0,0.0,True
wine-quality-red,regression,controlled_mlp,1,HybridSpectral-t0.01,representation,hybrid_spectral__pivot_tie_v2__orthogonal_all__m6,6,False,validation,0.6415702329463335,0.0,0.0,True
wine-quality-red,regression,controlled_mlp,1,HybridSpectral-t0.01,representation,hybrid_spectral__pivot_tie_v2__orthogonal_all__m6,6,False,test,0.7213040612355388,0.0,0.0,True
wine-quality-red,regression,controlled_mlp,1,HybridSpectral-t0.01,representation,hybrid_spectral__pivot_tie_v2__orthogonal_all__m7,7,False,validation,0.6415702329463335,0.0,0.0,True
wine-quality-red,regression,controlled_mlp,1,HybridSpectral-t0.01,representation,hybrid_spectral__pivot_tie_v2__orthogonal_all__m7,7,False,test,0.7213040612355388,0.0,0.0,True
wine-quality-red,regression,controlled_mlp,1,HybridSpectral-t0.05,representation,hybrid_spectral__pivot_tie_v2__rbf_reference,-1,True,validation,0.6434034740816773,0.0,0.2820788989774883,False
wine-quality-red,regression,controlled_mlp,1,HybridSpectral-t0.05,representation,hybrid_spectral__pivot_tie_v2__rbf_reference,-1,True,test,0.7054375015812897,0.0,0.2820788989774883,False
wine-quality-red,regression,controlled_mlp,1,HybridSpectral-t0.05,representation,hybrid_spectral__pivot_tie_v2__orthogonal_all__m0,0,False,validation,0.6434034740816773,0.0,0.0,True
wine-quality-red,regression,controlled_mlp,1,HybridSpectral-t0.05,representation,hybrid_spectral__pivot_tie_v2__orthogonal_all__m0,0,False,test,0.7054375015812897,0.0,0.0,True
wine-quality-red,regression,controlled_mlp,1,HybridSpectral-t0.05,representation,hybrid_spectral__pivot_tie_v2__orthogonal_all__m1,1,False,validation,0.6434034740816773,0.0,0.0,True
wine-quality-red,regression,controlled_mlp,1,HybridSpectral-t0.05,representation,hybrid_spectral__pivot_tie_v2__orthogonal_all__m1,1,False,test,0.7054375015812897,0.0,0.0,True
wine-quality-red,regression,controlled_mlp,1,HybridSpectral-t0.05,representation,hybrid_spectral__pivot_tie_v2__orthogonal_all__m2,2,False,validation,0.6434034740816773,0.0,0.0,True
wine-quality-red,regression,controlled_mlp,1,HybridSpectral-t0.05,representation,hybrid_spectral__pivot_tie_v2__orthogonal_all__m2,2,False,test,0.7054375015812897,0.0,0.0,True
wine-quality-red,regression,controlled_mlp,1,HybridSpectral-t0.05,representation,hybrid_spectral__pivot_tie_v2__orthogonal_all__m3,3,False,validation,0.6434034740816773,0.0,0.0,True
wine-quality-red,regression,controlled_mlp,1,HybridSpectral-t0.05,representation,hybrid_spectral__pivot_tie_v2__orthogonal_all__m3,3,False,test,0.7054375015812897,0.0,0.0,True
wine-quality-red,regression,controlled_mlp,1,HybridSpectral-t0.05,representation,hybrid_spectral__pivot_tie_v2__orthogonal_all__m4,4,False,validation,0.6434034740816773,0.0,0.0,True
wine-quality-red,regression,controlled_mlp,1,HybridSpectral-t0.05,representation,hybrid_spectral__pivot_tie_v2__orthogonal_all__m4,4,False,test,0.7054375015812897,0.0,0.0,True
wine-quality-red,regression,controlled_mlp,1,HybridSpectral-t0.05,representation,hybrid_spectral__pivot_tie_v2__orthogonal_all__m5,5,False,validation,0.6434034740816773,0.0,0.0,True
wine-quality-red,regression,controlled_mlp,1,HybridSpectral-t0.05,representation,hybrid_spectral__pivot_tie_v2__orthogonal_all__m5,5,False,test,0.7054375015812897,0.0,0.0,True
wine-quality-red,regression,controlled_mlp,1,HybridSpectral-t0.05,representation,hybrid_spectral__pivot_tie_v2__orthogonal_all__m6,6,False,validation,0.6434034740816773,0.0,0.0,True
wine-quality-red,regression,controlled_mlp,1,HybridSpectral-t0.05,representation,hybrid_spectral__pivot_tie_v2__orthogonal_all__m6,6,False,test,0.7054375015812897,0.0,0.0,True
wine-quality-red,regression,controlled_mlp,1,HybridSpectral-t0.05,representation,hybrid_spectral__pivot_tie_v2__orthogonal_all__m7,7,False,validation,0.6434034740816773,0.0,0.0,True
wine-quality-red,regression,controlled_mlp,1,HybridSpectral-t0.05,representation,hybrid_spectral__pivot_tie_v2__orthogonal_all__m7,7,False,test,0.7054375015812897,0.0,0.0,True
wine-quality-red,regression,controlled_mlp,1,HybridSpectral-t0.10,representation,hybrid_spectral__pivot_tie_v2__rbf_reference,-1,True,validation,0.6434034740816773,0.0,0.23109833500348032,False
wine-quality-red,regression,controlled_mlp,1,HybridSpectral-t0.10,representation,hybrid_spectral__pivot_tie_v2__rbf_reference,-1,True,test,0.7054375015812897,0.0,0.23109833500348032,False
wine-quality-red,regression,controlled_mlp,1,HybridSpectral-t0.10,representation,hybrid_spectral__pivot_tie_v2__orthogonal_all__m0,0,False,validation,0.6434034740816773,0.0,0.0,True
wine-quality-red,regression,controlled_mlp,1,HybridSpectral-t0.10,representation,hybrid_spectral__pivot_tie_v2__orthogonal_all__m0,0,False,test,0.7054375015812897,0.0,0.0,True
wine-quality-red,regression,controlled_mlp,1,HybridSpectral-t0.10,representation,hybrid_spectral__pivot_tie_v2__orthogonal_all__m1,1,False,validation,0.6434034740816773,0.0,0.0,True
wine-quality-red,regression,controlled_mlp,1,HybridSpectral-t0.10,representation,hybrid_spectral__pivot_tie_v2__orthogonal_all__m1,1,False,test,0.7054375015812897,0.0,0.0,True
wine-quality-red,regression,controlled_mlp,1,HybridSpectral-t0.10,representation,hybrid_spectral__pivot_tie_v2__orthogonal_all__m2,2,False,validation,0.6434034740816773,0.0,0.0,True
wine-quality-red,regression,controlled_mlp,1,HybridSpectral-t0.10,representation,hybrid_spectral__pivot_tie_v2__orthogonal_all__m2,2,False,test,0.7054375015812897,0.0,0.0,True
wine-quality-red,regression,controlled_mlp,1,HybridSpectral-t0.10,representation,hybrid_spectral__pivot_tie_v2__orthogonal_all__m3,3,False,validation,0.6434034740816773,0.0,0.0,True
wine-quality-red,regression,controlled_mlp,1,HybridSpectral-t0.10,representation,hybrid_spectral__pivot_tie_v2__orthogonal_all__m3,3,False,test,0.7054375015812897,0.0,0.0,True
wine-quality-red,regression,controlled_mlp,1,HybridSpectral-t0.10,representation,hybrid_spectral__pivot_tie_v2__orthogonal_all__m4,4,False,validation,0.6434034740816773,0.0,0.0,True
wine-quality-red,regression,controlled_mlp,1,HybridSpectral-t0.10,representation,hybrid_spectral__pivot_tie_v2__orthogonal_all__m4,4,False,test,0.7054375015812897,0.0,0.0,True
wine-quality-red,regression,controlled_mlp,1,HybridSpectral-t0.10,representation,hybrid_spectral__pivot_tie_v2__orthogonal_all__m5,5,False,validation,0.6434034740816773,0.0,0.0,True
wine-quality-red,regression,controlled_mlp,1,HybridSpectral-t0.10,representation,hybrid_spectral__pivot_tie_v2__orthogonal_all__m5,5,False,test,0.7054375015812897,0.0,0.0,True
wine-quality-red,regression,controlled_mlp,1,HybridSpectral-t0.10,representation,hybrid_spectral__pivot_tie_v2__orthogonal_all__m6,6,False,validation,0.6434034740816773,0.0,0.0,True
wine-quality-red,regression,controlled_mlp,1,HybridSpectral-t0.10,representation,hybrid_spectral__pivot_tie_v2__orthogonal_all__m6,6,False,test,0.7054375015812897,0.0,0.0,True
wine-quality-red,regression,controlled_mlp,1,HybridSpectral-t0.10,representation,hybrid_spectral__pivot_tie_v2__orthogonal_all__m7,7,False,validation,0.6434034740816773,0.0,0.0,True
wine-quality-red,regression,controlled_mlp,1,HybridSpectral-t0.10,representation,hybrid_spectral__pivot_tie_v2__orthogonal_all__m7,7,False,test,0.7054375015812897,0.0,0.0,True
wine-quality-red,regression,controlled_mlp,1,Raw+PCA@0.25,hybrid_prediction_mixture,rbf_reference,-1,True,validation,0.6446771798449881,0.0,0.0,False
wine-quality-red,regression,controlled_mlp,1,Raw+PCA@0.25,hybrid_prediction_mixture,rbf_reference,-1,True,test,0.6916747844418635,0.0,0.0,False
wine-quality-red,regression,controlled_mlp,1,Raw+PCA@0.25,hybrid_prediction_mixture,orthogonal_all__m0,0,False,validation,0.6491288070335489,0.0742606841920294,0.0,True
wine-quality-red,regression,controlled_mlp,1,Raw+PCA@0.25,hybrid_prediction_mixture,orthogonal_all__m0,0,False,test,0.6933480882229239,0.07300775850047522,0.0,True
wine-quality-red,regression,controlled_mlp,1,Raw+PCA@0.25,hybrid_prediction_mixture,orthogonal_all__m1,1,False,validation,0.6498857363796483,0.08135895586559716,0.0,True
wine-quality-red,regression,controlled_mlp,1,Raw+PCA@0.25,hybrid_prediction_mixture,orthogonal_all__m1,1,False,test,0.6882956398992369,0.071694753885988,0.0,True
wine-quality-red,regression,controlled_mlp,1,Raw+PCA@0.25,hybrid_prediction_mixture,orthogonal_all__m2,2,False,validation,0.6469742518884749,0.0709900159900694,0.0,True
wine-quality-red,regression,controlled_mlp,1,Raw+PCA@0.25,hybrid_prediction_mixture,orthogonal_all__m2,2,False,test,0.6938049251354952,0.06292464873182385,0.0,True
wine-quality-red,regression,controlled_mlp,1,Raw+PCA@0.25,hybrid_prediction_mixture,orthogonal_all__m3,3,False,validation,0.6400516385527169,0.08805298993827901,0.0,True
wine-quality-red,regression,controlled_mlp,1,Raw+PCA@0.25,hybrid_prediction_mixture,orthogonal_all__m3,3,False,test,0.6978716577538826,0.09073987088409632,0.0,True
wine-quality-red,regression,controlled_mlp,1,Raw+PCA@0.25,hybrid_prediction_mixture,orthogonal_all__m4,4,False,validation,0.6507701972000406,0.1273247396222989,0.0,True
wine-quality-red,regression,controlled_mlp,1,Raw+PCA@0.25,hybrid_prediction_mixture,orthogonal_all__m4,4,False,test,0.7065209211050836,0.12474728412928113,0.0,True
wine-quality-red,regression,controlled_mlp,1,Raw+PCA@0.25,hybrid_prediction_mixture,orthogonal_all__m5,5,False,validation,0.6518679578930164,0.14581135146556679,0.0,True
wine-quality-red,regression,controlled_mlp,1,Raw+PCA@0.25,hybrid_prediction_mixture,orthogonal_all__m5,5,False,test,0.7064407952086842,0.14731444135659164,0.0,True
wine-quality-red,regression,controlled_mlp,1,Raw+PCA@0.25,hybrid_prediction_mixture,orthogonal_all__m6,6,False,validation,0.6439696777049616,0.1030586758397077,0.0,True
wine-quality-red,regression,controlled_mlp,1,Raw+PCA@0.25,hybrid_prediction_mixture,orthogonal_all__m6,6,False,test,0.7091291201134162,0.1117860864293607,0.0,True
wine-quality-red,regression,controlled_mlp,1,Raw+PCA@0.25,hybrid_prediction_mixture,orthogonal_all__m7,7,False,validation,0.6504157357000258,0.1842292387284985,0.0,True
wine-quality-red,regression,controlled_mlp,1,Raw+PCA@0.25,hybrid_prediction_mixture,orthogonal_all__m7,7,False,test,0.7218168883815356,0.18300028817426647,0.0,True
wine-quality-red,regression,controlled_mlp,1,Raw+PCA@0.5,hybrid_prediction_mixture,rbf_reference,-1,True,validation,0.6400690038250988,0.0,0.0,False
wine-quality-red,regression,controlled_mlp,1,Raw+PCA@0.5,hybrid_prediction_mixture,rbf_reference,-1,True,test,0.6976669011483377,0.0,0.0,False
wine-quality-red,regression,controlled_mlp,1,Raw+PCA@0.5,hybrid_prediction_mixture,orthogonal_all__m0,0,False,validation,0.6428616451480745,0.04950712279468627,0.0,True
wine-quality-red,regression,controlled_mlp,1,Raw+PCA@0.5,hybrid_prediction_mixture,orthogonal_all__m0,0,False,test,0.6983923949761074,0.04867183900031681,0.0,True
wine-quality-red,regression,controlled_mlp,1,Raw+PCA@0.5,hybrid_prediction_mixture,orthogonal_all__m1,1,False,validation,0.6436110229874014,0.054239303910398114,0.0,True
wine-quality-red,regression,controlled_mlp,1,Raw+PCA@0.5,hybrid_prediction_mixture,orthogonal_all__m1,1,False,test,0.6953172717478516,0.04779650259065867,0.0,True
wine-quality-red,regression,controlled_mlp,1,Raw+PCA@0.5,hybrid_prediction_mixture,orthogonal_all__m2,2,False,validation,0.6414344487174439,0.04732667732671295,0.0,True
wine-quality-red,regression,controlled_mlp,1,Raw+PCA@0.5,hybrid_prediction_mixture,orthogonal_all__m2,2,False,test,0.6990381954921564,0.04194976582121592,0.0,True
wine-quality-red,regression,controlled_mlp,1,Raw+PCA@0.5,hybrid_prediction_mixture,orthogonal_all__m3,3,False,validation,0.6371240731153217,0.058701993292186,0.0,True
wine-quality-red,regression,controlled_mlp,1,Raw+PCA@0.5,hybrid_prediction_mixture,orthogonal_all__m3,3,False,test,0.7016091727147862,0.06049324725606421,0.0,True
wine-quality-red,regression,controlled_mlp,1,Raw+PCA@0.5,hybrid_prediction_mixture,orthogonal_all__m4,4,False,validation,0.6450784370233877,0.08488315974819927,0.0,True
wine-quality-red,regression,controlled_mlp,1,Raw+PCA@0.5,hybrid_prediction_mixture,orthogonal_all__m4,4,False,test,0.7083746059561475,0.08316485608618743,0.0,True
wine-quality-red,regression,controlled_mlp,1,Raw+PCA@0.5,hybrid_prediction_mixture,orthogonal_all__m5,5,False,validation,0.6462064178869588,0.09720756764371118,0.0,True
wine-quality-red,regression,controlled_mlp,1,Raw+PCA@0.5,hybrid_prediction_mixture,orthogonal_all__m5,5,False,test,0.7088918873052533,0.0982096275710611,0.0,True
wine-quality-red,regression,controlled_mlp,1,Raw+PCA@0.5,hybrid_prediction_mixture,orthogonal_all__m6,6,False,validation,0.6407626929651556,0.06870578389313846,0.0,True
wine-quality-red,regression,controlled_mlp,1,Raw+PCA@0.5,hybrid_prediction_mixture,orthogonal_all__m6,6,False,test,0.7105324815575504,0.07452405761957381,0.0,True
wine-quality-red,regression,controlled_mlp,1,Raw+PCA@0.5,hybrid_prediction_mixture,orthogonal_all__m7,7,False,validation,0.645121189674261,0.12281949248566568,0.0,True
wine-quality-red,regression,controlled_mlp,1,Raw+PCA@0.5,hybrid_prediction_mixture,orthogonal_all__m7,7,False,test,0.7193268259001131,0.12200019211617766,0.0,True
wine-quality-red,regression,controlled_mlp,1,Raw+PCA@0.75,hybrid_prediction_mixture,rbf_reference,-1,True,validation,0.6390275650191439,0.0,0.0,False
wine-quality-red,regression,controlled_mlp,1,Raw+PCA@0.75,hybrid_prediction_mixture,rbf_reference,-1,True,test,0.70759754479411,0.0,0.0,False
wine-quality-red,regression,controlled_mlp,1,Raw+PCA@0.75,hybrid_prediction_mixture,orthogonal_all__m0,0,False,validation,0.6403273746268339,0.024753561397343134,0.0,True
wine-quality-red,regression,controlled_mlp,1,Raw+PCA@0.75,hybrid_prediction_mixture,orthogonal_all__m0,0,False,test,0.7077673321541686,0.024335919500158405,0.0,True
wine-quality-red,regression,controlled_mlp,1,Raw+PCA@0.75,hybrid_prediction_mixture,orthogonal_all__m1,1,False,validation,0.6408240372587374,0.027119651955199057,0.0,True
wine-quality-red,regression,controlled_mlp,1,Raw+PCA@0.75,hybrid_prediction_mixture,orthogonal_all__m1,1,False,test,0.7063820934931295,0.023898251295329336,0.0,True
wine-quality-red,regression,controlled_mlp,1,Raw+PCA@0.75,hybrid_prediction_mixture,orthogonal_all__m2,2,False,validation,0.6396225806938844,0.023663338663356476,0.0,True
wine-quality-red,regression,controlled_mlp,1,Raw+PCA@0.75,hybrid_prediction_mixture,orthogonal_all__m2,2,False,test,0.708255479066559,0.02097488291060796,0.0,True
wine-quality-red,regression,controlled_mlp,1,Raw+PCA@0.75,hybrid_prediction_mixture,orthogonal_all__m3,3,False,validation,0.6376329972165201,0.029350996646093,0.0,True
wine-quality-red,regression,controlled_mlp,1,Raw+PCA@0.75,hybrid_prediction_mixture,orthogonal_all__m3,3,False,test,0.7094648198398823,0.030246623628032106,0.0,True
wine-quality-red,regression,controlled_mlp,1,Raw+PCA@0.75,hybrid_prediction_mixture,orthogonal_all__m4,4,False,validation,0.6419992429841443,0.04244157987409963,0.0,True
wine-quality-red,regression,controlled_mlp,1,Raw+PCA@0.75,hybrid_prediction_mixture,orthogonal_all__m4,4,False,test,0.7133235553581297,0.041582428043093714,0.0,True
wine-quality-red,regression,controlled_mlp,1,Raw+PCA@0.75,hybrid_prediction_mixture,orthogonal_all__m5,5,False,validation,0.6427619395572219,0.04860378382185559,0.0,True
wine-quality-red,regression,controlled_mlp,1,Raw+PCA@0.75,hybrid_prediction_mixture,orthogonal_all__m5,5,False,test,0.7138636833647852,0.04910481378553055,0.0,True
wine-quality-red,regression,controlled_mlp,1,Raw+PCA@0.75,hybrid_prediction_mixture,orthogonal_all__m6,6,False,validation,0.6399598695978927,0.03435289194656923,0.0,True
wine-quality-red,regression,controlled_mlp,1,Raw+PCA@0.75,hybrid_prediction_mixture,orthogonal_all__m6,6,False,test,0.7146058731466471,0.03726202880978691,0.0,True
wine-quality-red,regression,controlled_mlp,1,Raw+PCA@0.75,hybrid_prediction_mixture,orthogonal_all__m7,7,False,validation,0.6421619169277087,0.06140974624283284,0.0,True
wine-quality-red,regression,controlled_mlp,1,Raw+PCA@0.75,hybrid_prediction_mixture,orthogonal_all__m7,7,False,test,0.7191553322661882,0.06100009605808883,0.0,True
wine-quality-red,regression,controlled_mlp,1,Raw+PCA@1,hybrid_prediction_mixture,rbf_reference,-1,True,validation,0.6415702329463335,0.0,0.0,False
wine-quality-red,regression,controlled_mlp,1,Raw+PCA@1,hybrid_prediction_mixture,rbf_reference,-1,True,test,0.7213040612355388,0.0,0.0,False
wine-quality-red,regression,controlled_mlp,1,Raw+PCA@1,hybrid_prediction_mixture,orthogonal_all__m0,0,False,validation,0.6415702329463335,0.0,0.0,True
wine-quality-red,regression,controlled_mlp,1,Raw+PCA@1,hybrid_prediction_mixture,orthogonal_all__m0,0,False,test,0.7213040612355388,0.0,0.0,True
wine-quality-red,regression,controlled_mlp,1,Raw+PCA@1,hybrid_prediction_mixture,orthogonal_all__m1,1,False,validation,0.6415702329463335,0.0,0.0,True
wine-quality-red,regression,controlled_mlp,1,Raw+PCA@1,hybrid_prediction_mixture,orthogonal_all__m1,1,False,test,0.7213040612355388,0.0,0.0,True
wine-quality-red,regression,controlled_mlp,1,Raw+PCA@1,hybrid_prediction_mixture,orthogonal_all__m2,2,False,validation,0.6415702329463335,0.0,0.0,True
wine-quality-red,regression,controlled_mlp,1,Raw+PCA@1,hybrid_prediction_mixture,orthogonal_all__m2,2,False,test,0.7213040612355388,0.0,0.0,True
wine-quality-red,regression,controlled_mlp,1,Raw+PCA@1,hybrid_prediction_mixture,orthogonal_all__m3,3,False,validation,0.6415702329463335,0.0,0.0,True
wine-quality-red,regression,controlled_mlp,1,Raw+PCA@1,hybrid_prediction_mixture,orthogonal_all__m3,3,False,test,0.7213040612355388,0.0,0.0,True
wine-quality-red,regression,controlled_mlp,1,Raw+PCA@1,hybrid_prediction_mixture,orthogonal_all__m4,4,False,validation,0.6415702329463335,0.0,0.0,True
wine-quality-red,regression,controlled_mlp,1,Raw+PCA@1,hybrid_prediction_mixture,orthogonal_all__m4,4,False,test,0.7213040612355388,0.0,0.0,True
wine-quality-red,regression,controlled_mlp,1,Raw+PCA@1,hybrid_prediction_mixture,orthogonal_all__m5,5,False,validation,0.6415702329463335,0.0,0.0,True
wine-quality-red,regression,controlled_mlp,1,Raw+PCA@1,hybrid_prediction_mixture,orthogonal_all__m5,5,False,test,0.7213040612355388,0.0,0.0,True
wine-quality-red,regression,controlled_mlp,1,Raw+PCA@1,hybrid_prediction_mixture,orthogonal_all__m6,6,False,validation,0.6415702329463335,0.0,0.0,True
wine-quality-red,regression,controlled_mlp,1,Raw+PCA@1,hybrid_prediction_mixture,orthogonal_all__m6,6,False,test,0.7213040612355388,0.0,0.0,True
wine-quality-red,regression,controlled_mlp,1,Raw+PCA@1,hybrid_prediction_mixture,orthogonal_all__m7,7,False,validation,0.6415702329463335,0.0,0.0,True
wine-quality-red,regression,controlled_mlp,1,Raw+PCA@1,hybrid_prediction_mixture,orthogonal_all__m7,7,False,test,0.7213040612355388,0.0,0.0,True
wine-quality-red,regression,controlled_mlp,1,Raw+GramAnchor@0.25,hybrid_prediction_mixture,rbf_reference,-1,True,validation,0.6532731930407882,0.0,0.0,False
wine-quality-red,regression,controlled_mlp,1,Raw+GramAnchor@0.25,hybrid_prediction_mixture,rbf_reference,-1,True,test,0.6835968692915392,0.0,0.0,False
wine-quality-red,regression,controlled_mlp,1,Raw+GramAnchor@0.25,hybrid_prediction_mixture,orthogonal_all__m0,0,False,validation,0.6568852713556689,0.0742606841920294,0.0,True
wine-quality-red,regression,controlled_mlp,1,Raw+GramAnchor@0.25,hybrid_prediction_mixture,orthogonal_all__m0,0,False,test,0.6848326703950786,0.07300775850047522,0.0,True
wine-quality-red,regression,controlled_mlp,1,Raw+GramAnchor@0.25,hybrid_prediction_mixture,orthogonal_all__m1,1,False,validation,0.657084894151307,0.08135895586559716,0.0,True
wine-quality-red,regression,controlled_mlp,1,Raw+GramAnchor@0.25,hybrid_prediction_mixture,orthogonal_all__m1,1,False,test,0.6794031653762932,0.071694753885988,0.0,True
wine-quality-red,regression,controlled_mlp,1,Raw+GramAnchor@0.25,hybrid_prediction_mixture,orthogonal_all__m2,2,False,validation,0.6547131456851671,0.0709900159900694,0.0,True
wine-quality-red,regression,controlled_mlp,1,Raw+GramAnchor@0.25,hybrid_prediction_mixture,orthogonal_all__m2,2,False,test,0.6847258782601077,0.06292464873182385,0.0,True
wine-quality-red,regression,controlled_mlp,1,Raw+GramAnchor@0.25,hybrid_prediction_mixture,orthogonal_all__m3,3,False,validation,0.646934789531535,0.08805298993827901,0.0,True
wine-quality-red,regression,controlled_mlp,1,Raw+GramAnchor@0.25,hybrid_prediction_mixture,orthogonal_all__m3,3,False,test,0.6884989712677718,0.09073987088409632,0.0,True
wine-quality-red,regression,controlled_mlp,1,Raw+GramAnchor@0.25,hybrid_prediction_mixture,orthogonal_all__m4,4,False,validation,0.6564588584906772,0.1273247396222989,0.0,True
wine-quality-red,regression,controlled_mlp,1,Raw+GramAnchor@0.25,hybrid_prediction_mixture,orthogonal_all__m4,4,False,test,0.69634178883812,0.12474728412928113,0.0,True
wine-quality-red,regression,controlled_mlp,1,Raw+GramAnchor@0.25,hybrid_prediction_mixture,orthogonal_all__m5,5,False,validation,0.6570716227018355,0.14581135146556679,0.0,True
wine-quality-red,regression,controlled_mlp,1,Raw+GramAnchor@0.25,hybrid_prediction_mixture,orthogonal_all__m5,5,False,test,0.6951191260243337,0.14731444135659164,0.0,True
wine-quality-red,regression,controlled_mlp,1,Raw+GramAnchor@0.25,hybrid_prediction_mixture,orthogonal_all__m6,6,False,validation,0.6504044958327073,0.1030586758397077,0.0,True
wine-quality-red,regression,controlled_mlp,1,Raw+GramAnchor@0.25,hybrid_prediction_mixture,orthogonal_all__m6,6,False,test,0.6983333395288135,0.1117860864293607,0.0,True
wine-quality-red,regression,controlled_mlp,1,Raw+GramAnchor@0.25,hybrid_prediction_mixture,orthogonal_all__m7,7,False,validation,0.6546281078805984,0.1842292387284985,0.0,True
wine-quality-red,regression,controlled_mlp,1,Raw+GramAnchor@0.25,hybrid_prediction_mixture,orthogonal_all__m7,7,False,test,0.709655174812783,0.18300028817426647,0.0,True
wine-quality-red,regression,controlled_mlp,1,Raw+GramAnchor@0.5,hybrid_prediction_mixture,rbf_reference,-1,True,validation,0.6570079295590532,0.0,0.0,False
wine-quality-red,regression,controlled_mlp,1,Raw+GramAnchor@0.5,hybrid_prediction_mixture,rbf_reference,-1,True,test,0.6805508514800526,0.0,0.0,False
wine-quality-red,regression,controlled_mlp,1,Raw+GramAnchor@0.5,hybrid_prediction_mixture,orthogonal_all__m0,0,False,validation,0.6586901057468768,0.04950712279468627,0.0,True
wine-quality-red,regression,controlled_mlp,1,Raw+GramAnchor@0.5,hybrid_prediction_mixture,orthogonal_all__m0,0,False,test,0.6806812892146099,0.04867183900031681,0.0,True
wine-quality-red,regression,controlled_mlp,1,Raw+GramAnchor@0.5,hybrid_prediction_mixture,orthogonal_all__m1,1,False,validation,0.658692207642617,0.054239303910398114,0.0,True
wine-quality-red,regression,controlled_mlp,1,Raw+GramAnchor@0.5,hybrid_prediction_mixture,orthogonal_all__m1,1,False,test,0.6771060474390632,0.04779650259065867,0.0,True
wine-quality-red,regression,controlled_mlp,1,Raw+GramAnchor@0.5,hybrid_prediction_mixture,orthogonal_all__m2,2,False,validation,0.6572400407552258,0.04732667732671295,0.0,True
wine-quality-red,regression,controlled_mlp,1,Raw+GramAnchor@0.5,hybrid_prediction_mixture,orthogonal_all__m2,2,False,test,0.6805802900282798,0.04194976582121592,0.0,True
wine-quality-red,regression,controlled_mlp,1,Raw+GramAnchor@0.5,hybrid_prediction_mixture,orthogonal_all__m3,3,False,validation,0.6517923535922893,0.058701993292186,0.0,True
wine-quality-red,regression,controlled_mlp,1,Raw+GramAnchor@0.5,hybrid_prediction_mixture,orthogonal_all__m3,3,False,test,0.6827538856381585,0.06049324725606421,0.0,True
wine-quality-red,regression,controlled_mlp,1,Raw+GramAnchor@0.5,hybrid_prediction_mixture,orthogonal_all__m4,4,False,validation,0.6581308325989603,0.08488315974819927,0.0,True
wine-quality-red,regression,controlled_mlp,1,Raw+GramAnchor@0.5,hybrid_prediction_mixture,orthogonal_all__m4,4,False,test,0.688460220872126,0.08316485608618743,0.0,True
wine-quality-red,regression,controlled_mlp,1,Raw+GramAnchor@0.5,hybrid_prediction_mixture,orthogonal_all__m5,5,False,validation,0.6586040313396992,0.09720756764371118,0.0,True
wine-quality-red,regression,controlled_mlp,1,Raw+GramAnchor@0.5,hybrid_prediction_mixture,orthogonal_all__m5,5,False,test,0.687454122825068,0.0982096275710611,0.0,True
wine-quality-red,regression,controlled_mlp,1,Raw+GramAnchor@0.5,hybrid_prediction_mixture,orthogonal_all__m6,6,False,validation,0.6548107133815895,0.06870578389313846,0.0,True
wine-quality-red,regression,controlled_mlp,1,Raw+GramAnchor@0.5,hybrid_prediction_mixture,orthogonal_all__m6,6,False,test,0.6897968248816603,0.07452405761957381,0.0,True
wine-quality-red,regression,controlled_mlp,1,Raw+GramAnchor@0.5,hybrid_prediction_mixture,orthogonal_all__m7,7,False,validation,0.6562057210537173,0.12281949248566568,0.0,True
wine-quality-red,regression,controlled_mlp,1,Raw+GramAnchor@0.5,hybrid_prediction_mixture,orthogonal_all__m7,7,False,test,0.6967364434534652,0.12200019211617766,0.0,True
wine-quality-red,regression,controlled_mlp,1,Raw+GramAnchor@0.75,hybrid_prediction_mixture,rbf_reference,-1,True,validation,0.6639261275121615,0.0,0.0,False
wine-quality-red,regression,controlled_mlp,1,Raw+GramAnchor@0.75,hybrid_prediction_mixture,rbf_reference,-1,True,test,0.6806271652366414,0.0,0.0,False
wine-quality-red,regression,controlled_mlp,1,Raw+GramAnchor@0.75,hybrid_prediction_mixture,orthogonal_all__m0,0,False,validation,0.6644047514173006,0.024753561397343134,0.0,True
wine-quality-red,regression,controlled_mlp,1,Raw+GramAnchor@0.75,hybrid_prediction_mixture,orthogonal_all__m0,0,False,test,0.6803434366918066,0.024335919500158405,0.0,True
wine-quality-red,regression,controlled_mlp,1,Raw+GramAnchor@0.75,hybrid_prediction_mixture,orthogonal_all__m1,1,False,validation,0.6643410343392039,0.027119651955199057,0.0,True
wine-quality-red,regression,controlled_mlp,1,Raw+GramAnchor@0.75,hybrid_prediction_mixture,orthogonal_all__m1,1,False,test,0.6785881045329939,0.023898251295329336,0.0,True
wine-quality-red,regression,controlled_mlp,1,Raw+GramAnchor@0.75,hybrid_prediction_mixture,orthogonal_all__m2,2,False,validation,0.6636830129406649,0.023663338663356476,0.0,True
wine-quality-red,regression,controlled_mlp,1,Raw+GramAnchor@0.75,hybrid_prediction_mixture,orthogonal_all__m2,2,False,test,0.6802782211944793,0.02097488291060796,0.0,True
wine-quality-red,regression,controlled_mlp,1,Raw+GramAnchor@0.75,hybrid_prediction_mixture,orthogonal_all__m3,3,False,validation,0.6608470597934862,0.029350996646093,0.0,True
wine-quality-red,regression,controlled_mlp,1,Raw+GramAnchor@0.75,hybrid_prediction_mixture,orthogonal_all__m3,3,False,test,0.6811862401120439,0.030246623628032106,0.0,True
wine-quality-red,regression,controlled_mlp,1,Raw+GramAnchor@0.75,hybrid_prediction_mixture,orthogonal_all__m4,4,False,validation,0.6639908784957038,0.04244157987409963,0.0,True
wine-quality-red,regression,controlled_mlp,1,Raw+GramAnchor@0.75,hybrid_prediction_mixture,orthogonal_all__m4,4,False,test,0.684265262846784,0.041582428043093714,0.0,True
wine-quality-red,regression,controlled_mlp,1,Raw+GramAnchor@0.75,hybrid_prediction_mixture,orthogonal_all__m5,5,False,validation,0.6642579839053141,0.04860378382185559,0.0,True
wine-quality-red,regression,controlled_mlp,1,Raw+GramAnchor@0.75,hybrid_prediction_mixture,orthogonal_all__m5,5,False,test,0.6836678587178222,0.04910481378553055,0.0,True
wine-quality-red,regression,controlled_mlp,1,Raw+GramAnchor@0.75,hybrid_prediction_mixture,orthogonal_all__m6,6,False,validation,0.6626931209073299,0.03435289194656923,0.0,True
wine-quality-red,regression,controlled_mlp,1,Raw+GramAnchor@0.75,hybrid_prediction_mixture,orthogonal_all__m6,6,False,test,0.6849345066699718,0.03726202880978691,0.0,True
wine-quality-red,regression,controlled_mlp,1,Raw+GramAnchor@0.75,hybrid_prediction_mixture,orthogonal_all__m7,7,False,validation,0.6626867535567428,0.06140974624283284,0.0,True
wine-quality-red,regression,controlled_mlp,1,Raw+GramAnchor@0.75,hybrid_prediction_mixture,orthogonal_all__m7,7,False,test,0.6880723937926658,0.06100009605808883,0.0,True
wine-quality-red,regression,controlled_mlp,1,Raw+GramAnchor@1,hybrid_prediction_mixture,rbf_reference,-1,True,validation,0.6739297549560863,0.0,0.0,False
wine-quality-red,regression,controlled_mlp,1,Raw+GramAnchor@1,hybrid_prediction_mixture,rbf_reference,-1,True,test,0.6838247652203879,0.0,0.0,False
wine-quality-red,regression,controlled_mlp,1,Raw+GramAnchor@1,hybrid_prediction_mixture,orthogonal_all__m0,0,False,validation,0.6739297549560863,0.0,0.0,True
wine-quality-red,regression,controlled_mlp,1,Raw+GramAnchor@1,hybrid_prediction_mixture,orthogonal_all__m0,0,False,test,0.6838247652203879,0.0,0.0,True
wine-quality-red,regression,controlled_mlp,1,Raw+GramAnchor@1,hybrid_prediction_mixture,orthogonal_all__m1,1,False,validation,0.6739297549560863,0.0,0.0,True
wine-quality-red,regression,controlled_mlp,1,Raw+GramAnchor@1,hybrid_prediction_mixture,orthogonal_all__m1,1,False,test,0.6838247652203879,0.0,0.0,True
wine-quality-red,regression,controlled_mlp,1,Raw+GramAnchor@1,hybrid_prediction_mixture,orthogonal_all__m2,2,False,validation,0.6739297549560863,0.0,0.0,True
wine-quality-red,regression,controlled_mlp,1,Raw+GramAnchor@1,hybrid_prediction_mixture,orthogonal_all__m2,2,False,test,0.6838247652203879,0.0,0.0,True
wine-quality-red,regression,controlled_mlp,1,Raw+GramAnchor@1,hybrid_prediction_mixture,orthogonal_all__m3,3,False,validation,0.6739297549560863,0.0,0.0,True
wine-quality-red,regression,controlled_mlp,1,Raw+GramAnchor@1,hybrid_prediction_mixture,orthogonal_all__m3,3,False,test,0.6838247652203879,0.0,0.0,True
wine-quality-red,regression,controlled_mlp,1,Raw+GramAnchor@1,hybrid_prediction_mixture,orthogonal_all__m4,4,False,validation,0.6739297549560863,0.0,0.0,True
wine-quality-red,regression,controlled_mlp,1,Raw+GramAnchor@1,hybrid_prediction_mixture,orthogonal_all__m4,4,False,test,0.6838247652203879,0.0,0.0,True
wine-quality-red,regression,controlled_mlp,1,Raw+GramAnchor@1,hybrid_prediction_mixture,orthogonal_all__m5,5,False,validation,0.6739297549560863,0.0,0.0,True
wine-quality-red,regression,controlled_mlp,1,Raw+GramAnchor@1,hybrid_prediction_mixture,orthogonal_all__m5,5,False,test,0.6838247652203879,0.0,0.0,True
wine-quality-red,regression,controlled_mlp,1,Raw+GramAnchor@1,hybrid_prediction_mixture,orthogonal_all__m6,6,False,validation,0.6739297549560863,0.0,0.0,True
wine-quality-red,regression,controlled_mlp,1,Raw+GramAnchor@1,hybrid_prediction_mixture,orthogonal_all__m6,6,False,test,0.6838247652203879,0.0,0.0,True
wine-quality-red,regression,controlled_mlp,1,Raw+GramAnchor@1,hybrid_prediction_mixture,orthogonal_all__m7,7,False,validation,0.6739297549560863,0.0,0.0,True
wine-quality-red,regression,controlled_mlp,1,Raw+GramAnchor@1,hybrid_prediction_mixture,orthogonal_all__m7,7,False,test,0.6838247652203879,0.0,0.0,True
wine-quality-red,regression,controlled_mlp,1,Raw+GramAnchor-m8@0.25,hybrid_prediction_mixture,rbf_reference,-1,True,validation,0.651927058875821,0.0,0.0,False
wine-quality-red,regression,controlled_mlp,1,Raw+GramAnchor-m8@0.25,hybrid_prediction_mixture,rbf_reference,-1,True,test,0.6862923917773245,0.0,0.0,False
wine-quality-red,regression,controlled_mlp,1,Raw+GramAnchor-m8@0.25,hybrid_prediction_mixture,orthogonal_all__m0,0,False,validation,0.6557703815254108,0.0742606841920294,0.0,True
wine-quality-red,regression,controlled_mlp,1,Raw+GramAnchor-m8@0.25,hybrid_prediction_mixture,orthogonal_all__m0,0,False,test,0.6873228626003468,0.07300775850047522,0.0,True
wine-quality-red,regression,controlled_mlp,1,Raw+GramAnchor-m8@0.25,hybrid_prediction_mixture,orthogonal_all__m1,1,False,validation,0.6556699810551283,0.08135895586559716,0.0,True
wine-quality-red,regression,controlled_mlp,1,Raw+GramAnchor-m8@0.25,hybrid_prediction_mixture,orthogonal_all__m1,1,False,test,0.6819342530381101,0.071694753885988,0.0,True
wine-quality-red,regression,controlled_mlp,1,Raw+GramAnchor-m8@0.25,hybrid_prediction_mixture,orthogonal_all__m2,2,False,validation,0.6531858476667618,0.0709900159900694,0.0,True
wine-quality-red,regression,controlled_mlp,1,Raw+GramAnchor-m8@0.25,hybrid_prediction_mixture,orthogonal_all__m2,2,False,test,0.6872469354703147,0.06292464873182385,0.0,True
wine-quality-red,regression,controlled_mlp,1,Raw+GramAnchor-m8@0.25,hybrid_prediction_mixture,orthogonal_all__m3,3,False,validation,0.6456076839199297,0.08805298993827901,0.0,True
wine-quality-red,regression,controlled_mlp,1,Raw+GramAnchor-m8@0.25,hybrid_prediction_mixture,orthogonal_all__m3,3,False,test,0.6912238219888303,0.09073987088409632,0.0,True
wine-quality-red,regression,controlled_mlp,1,Raw+GramAnchor-m8@0.25,hybrid_prediction_mixture,orthogonal_all__m4,4,False,validation,0.6547034796884921,0.1273247396222989,0.0,True
wine-quality-red,regression,controlled_mlp,1,Raw+GramAnchor-m8@0.25,hybrid_prediction_mixture,orthogonal_all__m4,4,False,test,0.6986230849961603,0.12474728412928113,0.0,True
wine-quality-red,regression,controlled_mlp,1,Raw+GramAnchor-m8@0.25,hybrid_prediction_mixture,orthogonal_all__m5,5,False,validation,0.6551802174942465,0.14581135146556679,0.0,True
wine-quality-red,regression,controlled_mlp,1,Raw+GramAnchor-m8@0.25,hybrid_prediction_mixture,orthogonal_all__m5,5,False,test,0.6971465455561238,0.14731444135659164,0.0,True
wine-quality-red,regression,controlled_mlp,1,Raw+GramAnchor-m8@0.25,hybrid_prediction_mixture,orthogonal_all__m6,6,False,validation,0.6486987831766576,0.1030586758397077,0.0,True
wine-quality-red,regression,controlled_mlp,1,Raw+GramAnchor-m8@0.25,hybrid_prediction_mixture,orthogonal_all__m6,6,False,test,0.7009667306249411,0.1117860864293607,0.0,True
wine-quality-red,regression,controlled_mlp,1,Raw+GramAnchor-m8@0.25,hybrid_prediction_mixture,orthogonal_all__m7,7,False,validation,0.6523253697960668,0.1842292387284985,0.0,True
wine-quality-red,regression,controlled_mlp,1,Raw+GramAnchor-m8@0.25,hybrid_prediction_mixture,orthogonal_all__m7,7,False,test,0.7116763239220764,0.18300028817426647,0.0,True
wine-quality-red,regression,controlled_mlp,1,Raw+GramAnchor-m8@0.5,hybrid_prediction_mixture,rbf_reference,-1,True,validation,0.6538105694069349,0.0,0.0,False
wine-quality-red,regression,controlled_mlp,1,Raw+GramAnchor-m8@0.5,hybrid_prediction_mixture,rbf_reference,-1,True,test,0.6853347490209601,0.0,0.0,False
wine-quality-red,regression,controlled_mlp,1,Raw+GramAnchor-m8@0.5,hybrid_prediction_mixture,orthogonal_all__m0,0,False,validation,0.6557993907117071,0.04950712279468627,0.0,True
wine-quality-red,regression,controlled_mlp,1,Raw+GramAnchor-m8@0.5,hybrid_prediction_mixture,orthogonal_all__m0,0,False,test,0.6851961465114741,0.04867183900031681,0.0,True
wine-quality-red,regression,controlled_mlp,1,Raw+GramAnchor-m8@0.5,hybrid_prediction_mixture,orthogonal_all__m1,1,False,validation,0.6554008847177583,0.054239303910398114,0.0,True
wine-quality-red,regression,controlled_mlp,1,Raw+GramAnchor-m8@0.5,hybrid_prediction_mixture,orthogonal_all__m1,1,False,test,0.681672687067171,0.04779650259065867,0.0,True
wine-quality-red,regression,controlled_mlp,1,Raw+GramAnchor-m8@0.5,hybrid_prediction_mixture,orthogonal_all__m2,2,False,validation,0.6537985493640643,0.04732667732671295,0.0,True
wine-quality-red,regression,controlled_mlp,1,Raw+GramAnchor-m8@0.5,hybrid_prediction_mixture,orthogonal_all__m2,2,False,test,0.6851365757796495,0.04194976582121592,0.0,True
wine-quality-red,regression,controlled_mlp,1,Raw+GramAnchor-m8@0.5,hybrid_prediction_mixture,orthogonal_all__m3,3,False,validation,0.648612076468994,0.058701993292186,0.0,True
wine-quality-red,regression,controlled_mlp,1,Raw+GramAnchor-m8@0.5,hybrid_prediction_mixture,orthogonal_all__m3,3,False,test,0.6875873909851944,0.06049324725606421,0.0,True
wine-quality-red,regression,controlled_mlp,1,Raw+GramAnchor-m8@0.5,hybrid_prediction_mixture,orthogonal_all__m4,4,False,validation,0.6543843555212041,0.08488315974819927,0.0,True
wine-quality-red,regression,controlled_mlp,1,Raw+GramAnchor-m8@0.5,hybrid_prediction_mixture,orthogonal_all__m4,4,False,test,0.6926986454609277,0.08316485608618743,0.0,True
wine-quality-red,regression,controlled_mlp,1,Raw+GramAnchor-m8@0.5,hybrid_prediction_mixture,orthogonal_all__m5,5,False,validation,0.654676569646673,0.09720756764371118,0.0,True
wine-quality-red,regression,controlled_mlp,1,Raw+GramAnchor-m8@0.5,hybrid_prediction_mixture,orthogonal_all__m5,5,False,test,0.6913520185122215,0.0982096275710611,0.0,True
wine-quality-red,regression,controlled_mlp,1,Raw+GramAnchor-m8@0.5,hybrid_prediction_mixture,orthogonal_all__m6,6,False,validation,0.6511328706080878,0.06870578389313846,0.0,True
wine-quality-red,regression,controlled_mlp,1,Raw+GramAnchor-m8@0.5,hybrid_prediction_mixture,orthogonal_all__m6,6,False,test,0.6945096825108295,0.07452405761957381,0.0,True
wine-quality-red,regression,controlled_mlp,1,Raw+GramAnchor-m8@0.5,hybrid_prediction_mixture,orthogonal_all__m7,7,False,validation,0.6517243744966155,0.12281949248566568,0.0,True
wine-quality-red,regression,controlled_mlp,1,Raw+GramAnchor-m8@0.5,hybrid_prediction_mixture,orthogonal_all__m7,7,False,test,0.7006302894657236,0.12200019211617766,0.0,True
wine-quality-red,regression,controlled_mlp,1,Raw+GramAnchor-m8@0.75,hybrid_prediction_mixture,rbf_reference,-1,True,validation,0.6584036377794563,0.0,0.0,False
wine-quality-red,regression,controlled_mlp,1,Raw+GramAnchor-m8@0.75,hybrid_prediction_mixture,rbf_reference,-1,True,test,0.6868612716084077,0.0,0.0,False
wine-quality-red,regression,controlled_mlp,1,Raw+GramAnchor-m8@0.75,hybrid_prediction_mixture,orthogonal_all__m0,0,False,validation,0.659108966231694,0.024753561397343134,0.0,True
wine-quality-red,regression,controlled_mlp,1,Raw+GramAnchor-m8@0.75,hybrid_prediction_mixture,orthogonal_all__m0,0,False,test,0.6863793586155581,0.024335919500158405,0.0,True
wine-quality-red,regression,controlled_mlp,1,Raw+GramAnchor-m8@0.75,hybrid_prediction_mixture,orthogonal_all__m1,1,False,validation,0.6587457764122944,0.027119651955199057,0.0,True
wine-quality-red,regression,controlled_mlp,1,Raw+GramAnchor-m8@0.75,hybrid_prediction_mixture,orthogonal_all__m1,1,False,test,0.6846604859550501,0.023898251295329336,0.0,True
wine-quality-red,regression,controlled_mlp,1,Raw+GramAnchor-m8@0.75,hybrid_prediction_mixture,orthogonal_all__m2,2,False,validation,0.6579756927306155,0.023663338663356476,0.0,True
wine-quality-red,regression,controlled_mlp,1,Raw+GramAnchor-m8@0.75,hybrid_prediction_mixture,orthogonal_all__m2,2,False,test,0.6863452347448721,0.02097488291060796,0.0,True
wine-quality-red,regression,controlled_mlp,1,Raw+GramAnchor-m8@0.75,hybrid_prediction_mixture,orthogonal_all__m3,3,False,validation,0.6553303885576307,0.029350996646093,0.0,True
wine-quality-red,regression,controlled_mlp,1,Raw+GramAnchor-m8@0.75,hybrid_prediction_mixture,orthogonal_all__m3,3,False,test,0.6874639870111412,0.030246623628032106,0.0,True
wine-quality-red,regression,controlled_mlp,1,Raw+GramAnchor-m8@0.75,hybrid_prediction_mixture,orthogonal_all__m4,4,False,validation,0.6580552577481535,0.04244157987409963,0.0,True
wine-quality-red,regression,controlled_mlp,1,Raw+GramAnchor-m8@0.75,hybrid_prediction_mixture,orthogonal_all__m4,4,False,test,0.6900969345079452,0.041582428043093714,0.0,True
wine-quality-red,regression,controlled_mlp,1,Raw+GramAnchor-m8@0.75,hybrid_prediction_mixture,orthogonal_all__m5,5,False,validation,0.6581877325785499,0.04860378382185559,0.0,True
wine-quality-red,regression,controlled_mlp,1,Raw+GramAnchor-m8@0.75,hybrid_prediction_mixture,orthogonal_all__m5,5,False,test,0.6892437513180811,0.04910481378553055,0.0,True
wine-quality-red,regression,controlled_mlp,1,Raw+GramAnchor-m8@0.75,hybrid_prediction_mixture,orthogonal_all__m6,6,False,validation,0.6568110060683593,0.03435289194656923,0.0,True
wine-quality-red,regression,controlled_mlp,1,Raw+GramAnchor-m8@0.75,hybrid_prediction_mixture,orthogonal_all__m6,6,False,test,0.6911242173762954,0.03726202880978691,0.0,True
wine-quality-red,regression,controlled_mlp,1,Raw+GramAnchor-m8@0.75,hybrid_prediction_mixture,orthogonal_all__m7,7,False,validation,0.6562001096395621,0.06140974624283284,0.0,True
wine-quality-red,regression,controlled_mlp,1,Raw+GramAnchor-m8@0.75,hybrid_prediction_mixture,orthogonal_all__m7,7,False,test,0.6936489335848889,0.06100009605808883,0.0,True
wine-quality-red,regression,controlled_mlp,1,Raw+GramAnchor-m8@1,hybrid_prediction_mixture,rbf_reference,-1,True,validation,0.6656501775057836,0.0,0.0,False
wine-quality-red,regression,controlled_mlp,1,Raw+GramAnchor-m8@1,hybrid_prediction_mixture,rbf_reference,-1,True,test,0.6908554926112477,0.0,0.0,False
wine-quality-red,regression,controlled_mlp,1,Raw+GramAnchor-m8@1,hybrid_prediction_mixture,orthogonal_all__m0,0,False,validation,0.6656501775057836,0.0,0.0,True
wine-quality-red,regression,controlled_mlp,1,Raw+GramAnchor-m8@1,hybrid_prediction_mixture,orthogonal_all__m0,0,False,test,0.6908554926112477,0.0,0.0,True
wine-quality-red,regression,controlled_mlp,1,Raw+GramAnchor-m8@1,hybrid_prediction_mixture,orthogonal_all__m1,1,False,validation,0.6656501775057836,0.0,0.0,True
wine-quality-red,regression,controlled_mlp,1,Raw+GramAnchor-m8@1,hybrid_prediction_mixture,orthogonal_all__m1,1,False,test,0.6908554926112477,0.0,0.0,True
wine-quality-red,regression,controlled_mlp,1,Raw+GramAnchor-m8@1,hybrid_prediction_mixture,orthogonal_all__m2,2,False,validation,0.6656501775057836,0.0,0.0,True
wine-quality-red,regression,controlled_mlp,1,Raw+GramAnchor-m8@1,hybrid_prediction_mixture,orthogonal_all__m2,2,False,test,0.6908554926112477,0.0,0.0,True
wine-quality-red,regression,controlled_mlp,1,Raw+GramAnchor-m8@1,hybrid_prediction_mixture,orthogonal_all__m3,3,False,validation,0.6656501775057836,0.0,0.0,True
wine-quality-red,regression,controlled_mlp,1,Raw+GramAnchor-m8@1,hybrid_prediction_mixture,orthogonal_all__m3,3,False,test,0.6908554926112477,0.0,0.0,True
wine-quality-red,regression,controlled_mlp,1,Raw+GramAnchor-m8@1,hybrid_prediction_mixture,orthogonal_all__m4,4,False,validation,0.6656501775057836,0.0,0.0,True
wine-quality-red,regression,controlled_mlp,1,Raw+GramAnchor-m8@1,hybrid_prediction_mixture,orthogonal_all__m4,4,False,test,0.6908554926112477,0.0,0.0,True
wine-quality-red,regression,controlled_mlp,1,Raw+GramAnchor-m8@1,hybrid_prediction_mixture,orthogonal_all__m5,5,False,validation,0.6656501775057836,0.0,0.0,True
wine-quality-red,regression,controlled_mlp,1,Raw+GramAnchor-m8@1,hybrid_prediction_mixture,orthogonal_all__m5,5,False,test,0.6908554926112477,0.0,0.0,True
wine-quality-red,regression,controlled_mlp,1,Raw+GramAnchor-m8@1,hybrid_prediction_mixture,orthogonal_all__m6,6,False,validation,0.6656501775057836,0.0,0.0,True
wine-quality-red,regression,controlled_mlp,1,Raw+GramAnchor-m8@1,hybrid_prediction_mixture,orthogonal_all__m6,6,False,test,0.6908554926112477,0.0,0.0,True
wine-quality-red,regression,controlled_mlp,1,Raw+GramAnchor-m8@1,hybrid_prediction_mixture,orthogonal_all__m7,7,False,validation,0.6656501775057836,0.0,0.0,True
wine-quality-red,regression,controlled_mlp,1,Raw+GramAnchor-m8@1,hybrid_prediction_mixture,orthogonal_all__m7,7,False,test,0.6908554926112477,0.0,0.0,True
wine-quality-red,regression,controlled_mlp,1,Raw+GramDistance@0.25,hybrid_prediction_mixture,rbf_reference,-1,True,validation,0.6581732171376741,0.0,0.0,False
wine-quality-red,regression,controlled_mlp,1,Raw+GramDistance@0.25,hybrid_prediction_mixture,rbf_reference,-1,True,test,0.6894121842084113,0.0,0.0,False
wine-quality-red,regression,controlled_mlp,1,Raw+GramDistance@0.25,hybrid_prediction_mixture,orthogonal_all__m0,0,False,validation,0.6636656940345819,0.0742606841920294,0.0,True
wine-quality-red,regression,controlled_mlp,1,Raw+GramDistance@0.25,hybrid_prediction_mixture,orthogonal_all__m0,0,False,test,0.6918141412572125,0.07300775850047522,0.0,True
wine-quality-red,regression,controlled_mlp,1,Raw+GramDistance@0.25,hybrid_prediction_mixture,orthogonal_all__m1,1,False,validation,0.6642415941988555,0.08135895586559716,0.0,True
wine-quality-red,regression,controlled_mlp,1,Raw+GramDistance@0.25,hybrid_prediction_mixture,orthogonal_all__m1,1,False,test,0.686601496061778,0.071694753885988,0.0,True
wine-quality-red,regression,controlled_mlp,1,Raw+GramDistance@0.25,hybrid_prediction_mixture,orthogonal_all__m2,2,False,validation,0.6615219136281567,0.0709900159900694,0.0,True
wine-quality-red,regression,controlled_mlp,1,Raw+GramDistance@0.25,hybrid_prediction_mixture,orthogonal_all__m2,2,False,test,0.6918242254649114,0.06292464873182385,0.0,True
wine-quality-red,regression,controlled_mlp,1,Raw+GramDistance@0.25,hybrid_prediction_mixture,orthogonal_all__m3,3,False,validation,0.6538232181218756,0.08805298993827901,0.0,True
wine-quality-red,regression,controlled_mlp,1,Raw+GramDistance@0.25,hybrid_prediction_mixture,orthogonal_all__m3,3,False,test,0.6960114859302677,0.09073987088409632,0.0,True
wine-quality-red,regression,controlled_mlp,1,Raw+GramDistance@0.25,hybrid_prediction_mixture,orthogonal_all__m4,4,False,validation,0.6642015449832649,0.1273247396222989,0.0,True
wine-quality-red,regression,controlled_mlp,1,Raw+GramDistance@0.25,hybrid_prediction_mixture,orthogonal_all__m4,4,False,test,0.7039907577683848,0.12474728412928113,0.0,True
wine-quality-red,regression,controlled_mlp,1,Raw+GramDistance@0.25,hybrid_prediction_mixture,orthogonal_all__m5,5,False,validation,0.6639707819270764,0.14581135146556679,0.0,True
wine-quality-red,regression,controlled_mlp,1,Raw+GramDistance@0.25,hybrid_prediction_mixture,orthogonal_all__m5,5,False,test,0.7022843567350896,0.14731444135659164,0.0,True
wine-quality-red,regression,controlled_mlp,1,Raw+GramDistance@0.25,hybrid_prediction_mixture,orthogonal_all__m6,6,False,validation,0.656734188984282,0.1030586758397077,0.0,True
wine-quality-red,regression,controlled_mlp,1,Raw+GramDistance@0.25,hybrid_prediction_mixture,orthogonal_all__m6,6,False,test,0.7055076511134164,0.1117860864293607,0.0,True
wine-quality-red,regression,controlled_mlp,1,Raw+GramDistance@0.25,hybrid_prediction_mixture,orthogonal_all__m7,7,False,validation,0.6614598064829261,0.1842292387284985,0.0,True
wine-quality-red,regression,controlled_mlp,1,Raw+GramDistance@0.25,hybrid_prediction_mixture,orthogonal_all__m7,7,False,test,0.7170359910590919,0.18300028817426647,0.0,True
wine-quality-red,regression,controlled_mlp,1,Raw+GramDistance@0.5,hybrid_prediction_mixture,rbf_reference,-1,True,validation,0.6674824729975185,0.0,0.0,False
wine-quality-red,regression,controlled_mlp,1,Raw+GramDistance@0.5,hybrid_prediction_mixture,rbf_reference,-1,True,test,0.6923424198272684,0.0,0.0,False
wine-quality-red,regression,controlled_mlp,1,Raw+GramDistance@0.5,hybrid_prediction_mixture,orthogonal_all__m0,0,False,validation,0.6716520333733573,0.04950712279468627,0.0,True
wine-quality-red,regression,controlled_mlp,1,Raw+GramDistance@0.5,hybrid_prediction_mixture,orthogonal_all__m0,0,False,test,0.6940347986663383,0.04867183900031681,0.0,True
wine-quality-red,regression,controlled_mlp,1,Raw+GramDistance@0.5,hybrid_prediction_mixture,orthogonal_all__m1,1,False,validation,0.6721526223795099,0.054239303910398114,0.0,True
wine-quality-red,regression,controlled_mlp,1,Raw+GramDistance@0.5,hybrid_prediction_mixture,orthogonal_all__m1,1,False,test,0.6907429299737871,0.04779650259065867,0.0,True
wine-quality-red,regression,controlled_mlp,1,Raw+GramDistance@0.5,hybrid_prediction_mixture,orthogonal_all__m2,2,False,validation,0.6702380150724047,0.04732667732671295,0.0,True
wine-quality-red,regression,controlled_mlp,1,Raw+GramDistance@0.5,hybrid_prediction_mixture,orthogonal_all__m2,2,False,test,0.6940896412462421,0.04194976582121592,0.0,True
wine-quality-red,regression,controlled_mlp,1,Raw+GramDistance@0.5,hybrid_prediction_mixture,orthogonal_all__m3,3,False,validation,0.6648950673903103,0.058701993292186,0.0,True
wine-quality-red,regression,controlled_mlp,1,Raw+GramDistance@0.5,hybrid_prediction_mixture,orthogonal_all__m3,3,False,test,0.6968239854054994,0.06049324725606421,0.0,True
wine-quality-red,regression,controlled_mlp,1,Raw+GramDistance@0.5,hybrid_prediction_mixture,orthogonal_all__m4,4,False,validation,0.6723655347703178,0.08488315974819927,0.0,True
wine-quality-red,regression,controlled_mlp,1,Raw+GramDistance@0.5,hybrid_prediction_mixture,orthogonal_all__m4,4,False,test,0.7027101351531558,0.08316485608618743,0.0,True
wine-quality-red,regression,controlled_mlp,1,Raw+GramDistance@0.5,hybrid_prediction_mixture,orthogonal_all__m5,5,False,validation,0.6717266206281794,0.09720756764371118,0.0,True
wine-quality-red,regression,controlled_mlp,1,Raw+GramDistance@0.5,hybrid_prediction_mixture,orthogonal_all__m5,5,False,test,0.7010606632749113,0.0982096275710611,0.0,True
wine-quality-red,regression,controlled_mlp,1,Raw+GramDistance@0.5,hybrid_prediction_mixture,orthogonal_all__m6,6,False,validation,0.6671686890443146,0.06870578389313846,0.0,True
wine-quality-red,regression,controlled_mlp,1,Raw+GramDistance@0.5,hybrid_prediction_mixture,orthogonal_all__m6,6,False,test,0.7034138478368106,0.07452405761957381,0.0,True
wine-quality-red,regression,controlled_mlp,1,Raw+GramDistance@0.5,hybrid_prediction_mixture,orthogonal_all__m7,7,False,validation,0.6692528494799033,0.12281949248566568,0.0,True
wine-quality-red,regression,controlled_mlp,1,Raw+GramDistance@0.5,hybrid_prediction_mixture,orthogonal_all__m7,7,False,test,0.7106507277740978,0.12200019211617766,0.0,True
wine-quality-red,regression,controlled_mlp,1,Raw+GramDistance@0.75,hybrid_prediction_mixture,rbf_reference,-1,True,validation,0.6805437844287286,0.0,0.0,False
wine-quality-red,regression,controlled_mlp,1,Raw+GramDistance@0.75,hybrid_prediction_mixture,rbf_reference,-1,True,test,0.6984737593458817,0.0,0.0,False
wine-quality-red,regression,controlled_mlp,1,Raw+GramDistance@0.75,hybrid_prediction_mixture,orthogonal_all__m0,0,False,validation,0.6828641066419506,0.024753561397343134,0.0,True
wine-quality-red,regression,controlled_mlp,1,Raw+GramDistance@0.75,hybrid_prediction_mixture,orthogonal_all__m0,0,False,test,0.6993611269290724,0.024335919500158405,0.0,True
wine-quality-red,regression,controlled_mlp,1,Raw+GramDistance@0.75,hybrid_prediction_mixture,orthogonal_all__m1,1,False,validation,0.6831699407676818,0.027119651955199057,0.0,True
wine-quality-red,regression,controlled_mlp,1,Raw+GramDistance@0.75,hybrid_prediction_mixture,orthogonal_all__m1,1,False,test,0.6978126849603051,0.023898251295329336,0.0,True
wine-quality-red,regression,controlled_mlp,1,Raw+GramDistance@0.75,hybrid_prediction_mixture,orthogonal_all__m2,2,False,validation,0.6821677956800088,0.023663338663356476,0.0,True
wine-quality-red,regression,controlled_mlp,1,Raw+GramDistance@0.75,hybrid_prediction_mixture,orthogonal_all__m2,2,False,test,0.6994122269587925,0.02097488291060796,0.0,True
wine-quality-red,regression,controlled_mlp,1,Raw+GramDistance@0.75,hybrid_prediction_mixture,orthogonal_all__m3,3,False,validation,0.6794077095576423,0.029350996646093,0.0,True
wine-quality-red,regression,controlled_mlp,1,Raw+GramDistance@0.75,hybrid_prediction_mixture,orthogonal_all__m3,3,False,test,0.7007450486695898,0.030246623628032106,0.0,True
wine-quality-red,regression,controlled_mlp,1,Raw+GramDistance@0.75,hybrid_prediction_mixture,orthogonal_all__m4,4,False,validation,0.6833923960013029,0.04244157987409963,0.0,True
wine-quality-red,regression,controlled_mlp,1,Raw+GramDistance@0.75,hybrid_prediction_mixture,orthogonal_all__m4,4,False,test,0.7039586809512995,0.041582428043093714,0.0,True
wine-quality-red,regression,controlled_mlp,1,Raw+GramDistance@0.75,hybrid_prediction_mixture,orthogonal_all__m5,5,False,validation,0.6828386132860491,0.04860378382185559,0.0,True
wine-quality-red,regression,controlled_mlp,1,Raw+GramDistance@0.75,hybrid_prediction_mixture,orthogonal_all__m5,5,False,test,0.7028813796087366,0.04910481378553055,0.0,True
wine-quality-red,regression,controlled_mlp,1,Raw+GramDistance@0.75,hybrid_prediction_mixture,orthogonal_all__m6,6,False,validation,0.6806994784770833,0.03435289194656923,0.0,True
wine-quality-red,regression,controlled_mlp,1,Raw+GramDistance@0.75,hybrid_prediction_mixture,orthogonal_all__m6,6,False,test,0.70415527088578,0.03726202880978691,0.0,True
wine-quality-red,regression,controlled_mlp,1,Raw+GramDistance@0.75,hybrid_prediction_mixture,orthogonal_all__m7,7,False,validation,0.6812199865126571,0.06140974624283284,0.0,True
wine-quality-red,regression,controlled_mlp,1,Raw+GramDistance@0.75,hybrid_prediction_mixture,orthogonal_all__m7,7,False,test,0.7075320055248282,0.06100009605808883,0.0,True
wine-quality-red,regression,controlled_mlp,1,Raw+GramDistance@1,hybrid_prediction_mixture,rbf_reference,-1,True,validation,0.6971462945856016,0.0,0.0,False
wine-quality-red,regression,controlled_mlp,1,Raw+GramDistance@1,hybrid_prediction_mixture,rbf_reference,-1,True,test,0.7077230096178065,0.0,0.0,False
wine-quality-red,regression,controlled_mlp,1,Raw+GramDistance@1,hybrid_prediction_mixture,orthogonal_all__m0,0,False,validation,0.6971462945856016,0.0,0.0,True
wine-quality-red,regression,controlled_mlp,1,Raw+GramDistance@1,hybrid_prediction_mixture,orthogonal_all__m0,0,False,test,0.7077230096178065,0.0,0.0,True
wine-quality-red,regression,controlled_mlp,1,Raw+GramDistance@1,hybrid_prediction_mixture,orthogonal_all__m1,1,False,validation,0.6971462945856016,0.0,0.0,True
wine-quality-red,regression,controlled_mlp,1,Raw+GramDistance@1,hybrid_prediction_mixture,orthogonal_all__m1,1,False,test,0.7077230096178065,0.0,0.0,True
wine-quality-red,regression,controlled_mlp,1,Raw+GramDistance@1,hybrid_prediction_mixture,orthogonal_all__m2,2,False,validation,0.6971462945856016,0.0,0.0,True
wine-quality-red,regression,controlled_mlp,1,Raw+GramDistance@1,hybrid_prediction_mixture,orthogonal_all__m2,2,False,test,0.7077230096178065,0.0,0.0,True
wine-quality-red,regression,controlled_mlp,1,Raw+GramDistance@1,hybrid_prediction_mixture,orthogonal_all__m3,3,False,validation,0.6971462945856016,0.0,0.0,True
wine-quality-red,regression,controlled_mlp,1,Raw+GramDistance@1,hybrid_prediction_mixture,orthogonal_all__m3,3,False,test,0.7077230096178065,0.0,0.0,True
wine-quality-red,regression,controlled_mlp,1,Raw+GramDistance@1,hybrid_prediction_mixture,orthogonal_all__m4,4,False,validation,0.6971462945856016,0.0,0.0,True
wine-quality-red,regression,controlled_mlp,1,Raw+GramDistance@1,hybrid_prediction_mixture,orthogonal_all__m4,4,False,test,0.7077230096178065,0.0,0.0,True
wine-quality-red,regression,controlled_mlp,1,Raw+GramDistance@1,hybrid_prediction_mixture,orthogonal_all__m5,5,False,validation,0.6971462945856016,0.0,0.0,True
wine-quality-red,regression,controlled_mlp,1,Raw+GramDistance@1,hybrid_prediction_mixture,orthogonal_all__m5,5,False,test,0.7077230096178065,0.0,0.0,True
wine-quality-red,regression,controlled_mlp,1,Raw+GramDistance@1,hybrid_prediction_mixture,orthogonal_all__m6,6,False,validation,0.6971462945856016,0.0,0.0,True
wine-quality-red,regression,controlled_mlp,1,Raw+GramDistance@1,hybrid_prediction_mixture,orthogonal_all__m6,6,False,test,0.7077230096178065,0.0,0.0,True
wine-quality-red,regression,controlled_mlp,1,Raw+GramDistance@1,hybrid_prediction_mixture,orthogonal_all__m7,7,False,validation,0.6971462945856016,0.0,0.0,True
wine-quality-red,regression,controlled_mlp,1,Raw+GramDistance@1,hybrid_prediction_mixture,orthogonal_all__m7,7,False,test,0.7077230096178065,0.0,0.0,True
wine-quality-red,regression,controlled_mlp,1,Raw+NystromGram@0.25,hybrid_prediction_mixture,rbf_reference,-1,True,validation,0.6532961512995469,0.0,0.0,False
wine-quality-red,regression,controlled_mlp,1,Raw+NystromGram@0.25,hybrid_prediction_mixture,rbf_reference,-1,True,test,0.6862992372717004,0.0,0.0,False
wine-quality-red,regression,controlled_mlp,1,Raw+NystromGram@0.25,hybrid_prediction_mixture,orthogonal_all__m0,0,False,validation,0.6572415267747294,0.0742606841920294,0.0,True
wine-quality-red,regression,controlled_mlp,1,Raw+NystromGram@0.25,hybrid_prediction_mixture,orthogonal_all__m0,0,False,test,0.68813593385889,0.07300775850047522,0.0,True
wine-quality-red,regression,controlled_mlp,1,Raw+NystromGram@0.25,hybrid_prediction_mixture,orthogonal_all__m1,1,False,validation,0.6571699090597051,0.08135895586559716,0.0,True
wine-quality-red,regression,controlled_mlp,1,Raw+NystromGram@0.25,hybrid_prediction_mixture,orthogonal_all__m1,1,False,test,0.6823707547507301,0.071694753885988,0.0,True
wine-quality-red,regression,controlled_mlp,1,Raw+NystromGram@0.25,hybrid_prediction_mixture,orthogonal_all__m2,2,False,validation,0.6549877036768533,0.0709900159900694,0.0,True
wine-quality-red,regression,controlled_mlp,1,Raw+NystromGram@0.25,hybrid_prediction_mixture,orthogonal_all__m2,2,False,test,0.6878950228903424,0.06292464873182385,0.0,True
wine-quality-red,regression,controlled_mlp,1,Raw+NystromGram@0.25,hybrid_prediction_mixture,orthogonal_all__m3,3,False,validation,0.6475002789864686,0.08805298993827901,0.0,True
wine-quality-red,regression,controlled_mlp,1,Raw+NystromGram@0.25,hybrid_prediction_mixture,orthogonal_all__m3,3,False,test,0.6914683979653297,0.09073987088409632,0.0,True
wine-quality-red,regression,controlled_mlp,1,Raw+NystromGram@0.25,hybrid_prediction_mixture,orthogonal_all__m4,4,False,validation,0.6572008068666211,0.1273247396222989,0.0,True
wine-quality-red,regression,controlled_mlp,1,Raw+NystromGram@0.25,hybrid_prediction_mixture,orthogonal_all__m4,4,False,test,0.6995439211622323,0.12474728412928113,0.0,True
wine-quality-red,regression,controlled_mlp,1,Raw+NystromGram@0.25,hybrid_prediction_mixture,orthogonal_all__m5,5,False,validation,0.6581259233664533,0.14581135146556679,0.0,True
wine-quality-red,regression,controlled_mlp,1,Raw+NystromGram@0.25,hybrid_prediction_mixture,orthogonal_all__m5,5,False,test,0.6985570049933986,0.14731444135659164,0.0,True
wine-quality-red,regression,controlled_mlp,1,Raw+NystromGram@0.25,hybrid_prediction_mixture,orthogonal_all__m6,6,False,validation,0.6506753878841479,0.1030586758397077,0.0,True
wine-quality-red,regression,controlled_mlp,1,Raw+NystromGram@0.25,hybrid_prediction_mixture,orthogonal_all__m6,6,False,test,0.701558014353311,0.1117860864293607,0.0,True
wine-quality-red,regression,controlled_mlp,1,Raw+NystromGram@0.25,hybrid_prediction_mixture,orthogonal_all__m7,7,False,validation,0.6554316262999332,0.1842292387284985,0.0,True
wine-quality-red,regression,controlled_mlp,1,Raw+NystromGram@0.25,hybrid_prediction_mixture,orthogonal_all__m7,7,False,test,0.7126748769091213,0.18300028817426647,0.0,True
wine-quality-red,regression,controlled_mlp,1,Raw+NystromGram@0.5,hybrid_prediction_mixture,rbf_reference,-1,True,validation,0.6574868746259529,0.0,0.0,False
wine-quality-red,regression,controlled_mlp,1,Raw+NystromGram@0.5,hybrid_prediction_mixture,rbf_reference,-1,True,test,0.686072518554353,0.0,0.0,False
wine-quality-red,regression,controlled_mlp,1,Raw+NystromGram@0.5,hybrid_prediction_mixture,orthogonal_all__m0,0,False,validation,0.6596108326320342,0.04950712279468627,0.0,True
wine-quality-red,regression,controlled_mlp,1,Raw+NystromGram@0.5,hybrid_prediction_mixture,orthogonal_all__m0,0,False,test,0.6870110200154311,0.04867183900031681,0.0,True
wine-quality-red,regression,controlled_mlp,1,Raw+NystromGram@0.5,hybrid_prediction_mixture,orthogonal_all__m1,1,False,validation,0.6592525880145271,0.054239303910398114,0.0,True
wine-quality-red,regression,controlled_mlp,1,Raw+NystromGram@0.5,hybrid_prediction_mixture,orthogonal_all__m1,1,False,test,0.6829867753713437,0.04779650259065867,0.0,True
wine-quality-red,regression,controlled_mlp,1,Raw+NystromGram@0.5,hybrid_prediction_mixture,orthogonal_all__m2,2,False,validation,0.6580528081729333,0.04732667732671295,0.0,True
wine-quality-red,regression,controlled_mlp,1,Raw+NystromGram@0.5,hybrid_prediction_mixture,orthogonal_all__m2,2,False,test,0.6867311444943641,0.04194976582121592,0.0,True
wine-quality-red,regression,controlled_mlp,1,Raw+NystromGram@0.5,hybrid_prediction_mixture,orthogonal_all__m3,3,False,validation,0.6529922154479626,0.058701993292186,0.0,True
wine-quality-red,regression,controlled_mlp,1,Raw+NystromGram@0.5,hybrid_prediction_mixture,orthogonal_all__m3,3,False,test,0.6886411056449305,0.06049324725606421,0.0,True
wine-quality-red,regression,controlled_mlp,1,Raw+NystromGram@0.5,hybrid_prediction_mixture,orthogonal_all__m4,4,False,validation,0.6595644965305104,0.08488315974819927,0.0,True
wine-quality-red,regression,controlled_mlp,1,Raw+NystromGram@0.5,hybrid_prediction_mixture,orthogonal_all__m4,4,False,test,0.6946562541954815,0.08316485608618743,0.0,True
wine-quality-red,regression,controlled_mlp,1,Raw+NystromGram@0.5,hybrid_prediction_mixture,orthogonal_all__m5,5,False,validation,0.6604526203182732,0.09720756764371118,0.0,True
wine-quality-red,regression,controlled_mlp,1,Raw+NystromGram@0.5,hybrid_prediction_mixture,orthogonal_all__m5,5,False,test,0.6939680436224172,0.0982096275710611,0.0,True
wine-quality-red,regression,controlled_mlp,1,Raw+NystromGram@0.5,hybrid_prediction_mixture,orthogonal_all__m6,6,False,validation,0.6556192355451668,0.06870578389313846,0.0,True
wine-quality-red,regression,controlled_mlp,1,Raw+NystromGram@0.5,hybrid_prediction_mixture,orthogonal_all__m6,6,False,test,0.6960234720112558,0.07452405761957381,0.0,True
wine-quality-red,regression,controlled_mlp,1,Raw+NystromGram@0.5,hybrid_prediction_mixture,orthogonal_all__m7,7,False,validation,0.6577226365056106,0.12281949248566568,0.0,True
wine-quality-red,regression,controlled_mlp,1,Raw+NystromGram@0.5,hybrid_prediction_mixture,orthogonal_all__m7,7,False,test,0.7026937055270001,0.12200019211617766,0.0,True
wine-quality-red,regression,controlled_mlp,1,Raw+NystromGram@0.75,hybrid_prediction_mixture,rbf_reference,-1,True,validation,0.6652793590122902,0.0,0.0,False
wine-quality-red,regression,controlled_mlp,1,Raw+NystromGram@0.75,hybrid_prediction_mixture,rbf_reference,-1,True,test,0.6890468530734029,0.0,0.0,False
wine-quality-red,regression,controlled_mlp,1,Raw+NystromGram@0.75,hybrid_prediction_mixture,orthogonal_all__m0,0,False,validation,0.6660860039638025,0.024753561397343134,0.0,True
wine-quality-red,regression,controlled_mlp,1,Raw+NystromGram@0.75,hybrid_prediction_mixture,orthogonal_all__m0,0,False,test,0.6893712593187941,0.024335919500158405,0.0,True
wine-quality-red,regression,controlled_mlp,1,Raw+NystromGram@0.75,hybrid_prediction_mixture,orthogonal_all__m1,1,False,validation,0.6657548102237077,0.027119651955199057,0.0,True
wine-quality-red,regression,controlled_mlp,1,Raw+NystromGram@0.75,hybrid_prediction_mixture,orthogonal_all__m1,1,False,test,0.6872796124774873,0.023898251295329336,0.0,True
wine-quality-red,regression,controlled_mlp,1,Raw+NystromGram@0.75,hybrid_prediction_mixture,orthogonal_all__m2,2,False,validation,0.6652844930391243,0.023663338663356476,0.0,True
wine-quality-red,regression,controlled_mlp,1,Raw+NystromGram@0.75,hybrid_prediction_mixture,orthogonal_all__m2,2,False,test,0.689172515911309,0.02097488291060796,0.0,True
wine-quality-red,regression,controlled_mlp,1,Raw+NystromGram@0.75,hybrid_prediction_mixture,orthogonal_all__m3,3,False,validation,0.6627364121552806,0.029350996646093,0.0,True
wine-quality-red,regression,controlled_mlp,1,Raw+NystromGram@0.75,hybrid_prediction_mixture,orthogonal_all__m3,3,False,test,0.6898859833071779,0.030246623628032106,0.0,True
wine-quality-red,regression,controlled_mlp,1,Raw+NystromGram@0.75,hybrid_prediction_mixture,orthogonal_all__m4,4,False,validation,0.6660535117827746,0.04244157987409963,0.0,True
wine-quality-red,regression,controlled_mlp,1,Raw+NystromGram@0.75,hybrid_prediction_mixture,orthogonal_all__m4,4,False,test,0.6931947958469582,0.041582428043093714,0.0,True
wine-quality-red,regression,controlled_mlp,1,Raw+NystromGram@0.75,hybrid_prediction_mixture,orthogonal_all__m5,5,False,validation,0.6666288390148534,0.04860378382185559,0.0,True
wine-quality-red,regression,controlled_mlp,1,Raw+NystromGram@0.75,hybrid_prediction_mixture,orthogonal_all__m5,5,False,test,0.6928371346875795,0.04910481378553055,0.0,True
wine-quality-red,regression,controlled_mlp,1,Raw+NystromGram@0.75,hybrid_prediction_mixture,orthogonal_all__m6,6,False,validation,0.6642916158390835,0.03435289194656923,0.0,True
wine-quality-red,regression,controlled_mlp,1,Raw+NystromGram@0.75,hybrid_prediction_mixture,orthogonal_all__m6,6,False,test,0.6938874095492024,0.03726202880978691,0.0,True
wine-quality-red,regression,controlled_mlp,1,Raw+NystromGram@0.75,hybrid_prediction_mixture,orthogonal_all__m7,7,False,validation,0.664812091228667,0.06140974624283284,0.0,True
wine-quality-red,regression,controlled_mlp,1,Raw+NystromGram@0.75,hybrid_prediction_mixture,orthogonal_all__m7,7,False,test,0.696827737992833,0.06100009605808883,0.0,True
wine-quality-red,regression,controlled_mlp,1,Raw+NystromGram@1,hybrid_prediction_mixture,rbf_reference,-1,True,validation,0.6765491607932133,0.0,0.0,False
wine-quality-red,regression,controlled_mlp,1,Raw+NystromGram@1,hybrid_prediction_mixture,rbf_reference,-1,True,test,0.6951811548972378,0.0,0.0,False
wine-quality-red,regression,controlled_mlp,1,Raw+NystromGram@1,hybrid_prediction_mixture,orthogonal_all__m0,0,False,validation,0.6765491607932133,0.0,0.0,True
wine-quality-red,regression,controlled_mlp,1,Raw+NystromGram@1,hybrid_prediction_mixture,orthogonal_all__m0,0,False,test,0.6951811548972378,0.0,0.0,True
wine-quality-red,regression,controlled_mlp,1,Raw+NystromGram@1,hybrid_prediction_mixture,orthogonal_all__m1,1,False,validation,0.6765491607932133,0.0,0.0,True
wine-quality-red,regression,controlled_mlp,1,Raw+NystromGram@1,hybrid_prediction_mixture,orthogonal_all__m1,1,False,test,0.6951811548972378,0.0,0.0,True
wine-quality-red,regression,controlled_mlp,1,Raw+NystromGram@1,hybrid_prediction_mixture,orthogonal_all__m2,2,False,validation,0.6765491607932133,0.0,0.0,True
wine-quality-red,regression,controlled_mlp,1,Raw+NystromGram@1,hybrid_prediction_mixture,orthogonal_all__m2,2,False,test,0.6951811548972378,0.0,0.0,True
wine-quality-red,regression,controlled_mlp,1,Raw+NystromGram@1,hybrid_prediction_mixture,orthogonal_all__m3,3,False,validation,0.6765491607932133,0.0,0.0,True
wine-quality-red,regression,controlled_mlp,1,Raw+NystromGram@1,hybrid_prediction_mixture,orthogonal_all__m3,3,False,test,0.6951811548972378,0.0,0.0,True
wine-quality-red,regression,controlled_mlp,1,Raw+NystromGram@1,hybrid_prediction_mixture,orthogonal_all__m4,4,False,validation,0.6765491607932133,0.0,0.0,True
wine-quality-red,regression,controlled_mlp,1,Raw+NystromGram@1,hybrid_prediction_mixture,orthogonal_all__m4,4,False,test,0.6951811548972378,0.0,0.0,True
wine-quality-red,regression,controlled_mlp,1,Raw+NystromGram@1,hybrid_prediction_mixture,orthogonal_all__m5,5,False,validation,0.6765491607932133,0.0,0.0,True
wine-quality-red,regression,controlled_mlp,1,Raw+NystromGram@1,hybrid_prediction_mixture,orthogonal_all__m5,5,False,test,0.6951811548972378,0.0,0.0,True
wine-quality-red,regression,controlled_mlp,1,Raw+NystromGram@1,hybrid_prediction_mixture,orthogonal_all__m6,6,False,validation,0.6765491607932133,0.0,0.0,True
wine-quality-red,regression,controlled_mlp,1,Raw+NystromGram@1,hybrid_prediction_mixture,orthogonal_all__m6,6,False,test,0.6951811548972378,0.0,0.0,True
wine-quality-red,regression,controlled_mlp,1,Raw+NystromGram@1,hybrid_prediction_mixture,orthogonal_all__m7,7,False,validation,0.6765491607932133,0.0,0.0,True
wine-quality-red,regression,controlled_mlp,1,Raw+NystromGram@1,hybrid_prediction_mixture,orthogonal_all__m7,7,False,test,0.6951811548972378,0.0,0.0,True
wine-quality-red,regression,controlled_mlp,1,Raw+HybridSpectral-t0.01@0.25,hybrid_prediction_mixture,rbf_reference,-1,True,validation,0.6446771798449881,0.0,0.0,False
wine-quality-red,regression,controlled_mlp,1,Raw+HybridSpectral-t0.01@0.25,hybrid_prediction_mixture,rbf_reference,-1,True,test,0.6916747844418635,0.0,0.0,False
wine-quality-red,regression,controlled_mlp,1,Raw+HybridSpectral-t0.01@0.25,hybrid_prediction_mixture,orthogonal_all__m0,0,False,validation,0.6491288070335489,0.0742606841920294,0.0,True
wine-quality-red,regression,controlled_mlp,1,Raw+HybridSpectral-t0.01@0.25,hybrid_prediction_mixture,orthogonal_all__m0,0,False,test,0.6933480882229239,0.07300775850047522,0.0,True
wine-quality-red,regression,controlled_mlp,1,Raw+HybridSpectral-t0.01@0.25,hybrid_prediction_mixture,orthogonal_all__m1,1,False,validation,0.6498857363796483,0.08135895586559716,0.0,True
wine-quality-red,regression,controlled_mlp,1,Raw+HybridSpectral-t0.01@0.25,hybrid_prediction_mixture,orthogonal_all__m1,1,False,test,0.6882956398992369,0.071694753885988,0.0,True
wine-quality-red,regression,controlled_mlp,1,Raw+HybridSpectral-t0.01@0.25,hybrid_prediction_mixture,orthogonal_all__m2,2,False,validation,0.6469742518884749,0.0709900159900694,0.0,True
wine-quality-red,regression,controlled_mlp,1,Raw+HybridSpectral-t0.01@0.25,hybrid_prediction_mixture,orthogonal_all__m2,2,False,test,0.6938049251354952,0.06292464873182385,0.0,True
wine-quality-red,regression,controlled_mlp,1,Raw+HybridSpectral-t0.01@0.25,hybrid_prediction_mixture,orthogonal_all__m3,3,False,validation,0.6400516385527169,0.08805298993827901,0.0,True
wine-quality-red,regression,controlled_mlp,1,Raw+HybridSpectral-t0.01@0.25,hybrid_prediction_mixture,orthogonal_all__m3,3,False,test,0.6978716577538826,0.09073987088409632,0.0,True
wine-quality-red,regression,controlled_mlp,1,Raw+HybridSpectral-t0.01@0.25,hybrid_prediction_mixture,orthogonal_all__m4,4,False,validation,0.6507701972000406,0.1273247396222989,0.0,True
wine-quality-red,regression,controlled_mlp,1,Raw+HybridSpectral-t0.01@0.25,hybrid_prediction_mixture,orthogonal_all__m4,4,False,test,0.7065209211050836,0.12474728412928113,0.0,True
wine-quality-red,regression,controlled_mlp,1,Raw+HybridSpectral-t0.01@0.25,hybrid_prediction_mixture,orthogonal_all__m5,5,False,validation,0.6518679578930164,0.14581135146556679,0.0,True
wine-quality-red,regression,controlled_mlp,1,Raw+HybridSpectral-t0.01@0.25,hybrid_prediction_mixture,orthogonal_all__m5,5,False,test,0.7064407952086842,0.14731444135659164,0.0,True
wine-quality-red,regression,controlled_mlp,1,Raw+HybridSpectral-t0.01@0.25,hybrid_prediction_mixture,orthogonal_all__m6,6,False,validation,0.6439696777049616,0.1030586758397077,0.0,True
wine-quality-red,regression,controlled_mlp,1,Raw+HybridSpectral-t0.01@0.25,hybrid_prediction_mixture,orthogonal_all__m6,6,False,test,0.7091291201134162,0.1117860864293607,0.0,True
wine-quality-red,regression,controlled_mlp,1,Raw+HybridSpectral-t0.01@0.25,hybrid_prediction_mixture,orthogonal_all__m7,7,False,validation,0.6504157357000258,0.1842292387284985,0.0,True
wine-quality-red,regression,controlled_mlp,1,Raw+HybridSpectral-t0.01@0.25,hybrid_prediction_mixture,orthogonal_all__m7,7,False,test,0.7218168883815356,0.18300028817426647,0.0,True
wine-quality-red,regression,controlled_mlp,1,Raw+HybridSpectral-t0.01@0.5,hybrid_prediction_mixture,rbf_reference,-1,True,validation,0.6400690038250988,0.0,0.0,False
wine-quality-red,regression,controlled_mlp,1,Raw+HybridSpectral-t0.01@0.5,hybrid_prediction_mixture,rbf_reference,-1,True,test,0.6976669011483377,0.0,0.0,False
wine-quality-red,regression,controlled_mlp,1,Raw+HybridSpectral-t0.01@0.5,hybrid_prediction_mixture,orthogonal_all__m0,0,False,validation,0.6428616451480745,0.04950712279468627,0.0,True
wine-quality-red,regression,controlled_mlp,1,Raw+HybridSpectral-t0.01@0.5,hybrid_prediction_mixture,orthogonal_all__m0,0,False,test,0.6983923949761074,0.04867183900031681,0.0,True
wine-quality-red,regression,controlled_mlp,1,Raw+HybridSpectral-t0.01@0.5,hybrid_prediction_mixture,orthogonal_all__m1,1,False,validation,0.6436110229874014,0.054239303910398114,0.0,True
wine-quality-red,regression,controlled_mlp,1,Raw+HybridSpectral-t0.01@0.5,hybrid_prediction_mixture,orthogonal_all__m1,1,False,test,0.6953172717478516,0.04779650259065867,0.0,True
wine-quality-red,regression,controlled_mlp,1,Raw+HybridSpectral-t0.01@0.5,hybrid_prediction_mixture,orthogonal_all__m2,2,False,validation,0.6414344487174439,0.04732667732671295,0.0,True
wine-quality-red,regression,controlled_mlp,1,Raw+HybridSpectral-t0.01@0.5,hybrid_prediction_mixture,orthogonal_all__m2,2,False,test,0.6990381954921564,0.04194976582121592,0.0,True
wine-quality-red,regression,controlled_mlp,1,Raw+HybridSpectral-t0.01@0.5,hybrid_prediction_mixture,orthogonal_all__m3,3,False,validation,0.6371240731153217,0.058701993292186,0.0,True
wine-quality-red,regression,controlled_mlp,1,Raw+HybridSpectral-t0.01@0.5,hybrid_prediction_mixture,orthogonal_all__m3,3,False,test,0.7016091727147862,0.06049324725606421,0.0,True
wine-quality-red,regression,controlled_mlp,1,Raw+HybridSpectral-t0.01@0.5,hybrid_prediction_mixture,orthogonal_all__m4,4,False,validation,0.6450784370233877,0.08488315974819927,0.0,True
wine-quality-red,regression,controlled_mlp,1,Raw+HybridSpectral-t0.01@0.5,hybrid_prediction_mixture,orthogonal_all__m4,4,False,test,0.7083746059561475,0.08316485608618743,0.0,True
wine-quality-red,regression,controlled_mlp,1,Raw+HybridSpectral-t0.01@0.5,hybrid_prediction_mixture,orthogonal_all__m5,5,False,validation,0.6462064178869588,0.09720756764371118,0.0,True
wine-quality-red,regression,controlled_mlp,1,Raw+HybridSpectral-t0.01@0.5,hybrid_prediction_mixture,orthogonal_all__m5,5,False,test,0.7088918873052533,0.0982096275710611,0.0,True
wine-quality-red,regression,controlled_mlp,1,Raw+HybridSpectral-t0.01@0.5,hybrid_prediction_mixture,orthogonal_all__m6,6,False,validation,0.6407626929651556,0.06870578389313846,0.0,True
wine-quality-red,regression,controlled_mlp,1,Raw+HybridSpectral-t0.01@0.5,hybrid_prediction_mixture,orthogonal_all__m6,6,False,test,0.7105324815575504,0.07452405761957381,0.0,True
wine-quality-red,regression,controlled_mlp,1,Raw+HybridSpectral-t0.01@0.5,hybrid_prediction_mixture,orthogonal_all__m7,7,False,validation,0.645121189674261,0.12281949248566568,0.0,True
wine-quality-red,regression,controlled_mlp,1,Raw+HybridSpectral-t0.01@0.5,hybrid_prediction_mixture,orthogonal_all__m7,7,False,test,0.7193268259001131,0.12200019211617766,0.0,True
wine-quality-red,regression,controlled_mlp,1,Raw+HybridSpectral-t0.01@0.75,hybrid_prediction_mixture,rbf_reference,-1,True,validation,0.6390275650191439,0.0,0.0,False
wine-quality-red,regression,controlled_mlp,1,Raw+HybridSpectral-t0.01@0.75,hybrid_prediction_mixture,rbf_reference,-1,True,test,0.70759754479411,0.0,0.0,False
wine-quality-red,regression,controlled_mlp,1,Raw+HybridSpectral-t0.01@0.75,hybrid_prediction_mixture,orthogonal_all__m0,0,False,validation,0.6403273746268339,0.024753561397343134,0.0,True
wine-quality-red,regression,controlled_mlp,1,Raw+HybridSpectral-t0.01@0.75,hybrid_prediction_mixture,orthogonal_all__m0,0,False,test,0.7077673321541686,0.024335919500158405,0.0,True
wine-quality-red,regression,controlled_mlp,1,Raw+HybridSpectral-t0.01@0.75,hybrid_prediction_mixture,orthogonal_all__m1,1,False,validation,0.6408240372587374,0.027119651955199057,0.0,True
wine-quality-red,regression,controlled_mlp,1,Raw+HybridSpectral-t0.01@0.75,hybrid_prediction_mixture,orthogonal_all__m1,1,False,test,0.7063820934931295,0.023898251295329336,0.0,True
wine-quality-red,regression,controlled_mlp,1,Raw+HybridSpectral-t0.01@0.75,hybrid_prediction_mixture,orthogonal_all__m2,2,False,validation,0.6396225806938844,0.023663338663356476,0.0,True
wine-quality-red,regression,controlled_mlp,1,Raw+HybridSpectral-t0.01@0.75,hybrid_prediction_mixture,orthogonal_all__m2,2,False,test,0.708255479066559,0.02097488291060796,0.0,True
wine-quality-red,regression,controlled_mlp,1,Raw+HybridSpectral-t0.01@0.75,hybrid_prediction_mixture,orthogonal_all__m3,3,False,validation,0.6376329972165201,0.029350996646093,0.0,True
wine-quality-red,regression,controlled_mlp,1,Raw+HybridSpectral-t0.01@0.75,hybrid_prediction_mixture,orthogonal_all__m3,3,False,test,0.7094648198398823,0.030246623628032106,0.0,True
wine-quality-red,regression,controlled_mlp,1,Raw+HybridSpectral-t0.01@0.75,hybrid_prediction_mixture,orthogonal_all__m4,4,False,validation,0.6419992429841443,0.04244157987409963,0.0,True
wine-quality-red,regression,controlled_mlp,1,Raw+HybridSpectral-t0.01@0.75,hybrid_prediction_mixture,orthogonal_all__m4,4,False,test,0.7133235553581297,0.041582428043093714,0.0,True
wine-quality-red,regression,controlled_mlp,1,Raw+HybridSpectral-t0.01@0.75,hybrid_prediction_mixture,orthogonal_all__m5,5,False,validation,0.6427619395572219,0.04860378382185559,0.0,True
wine-quality-red,regression,controlled_mlp,1,Raw+HybridSpectral-t0.01@0.75,hybrid_prediction_mixture,orthogonal_all__m5,5,False,test,0.7138636833647852,0.04910481378553055,0.0,True
wine-quality-red,regression,controlled_mlp,1,Raw+HybridSpectral-t0.01@0.75,hybrid_prediction_mixture,orthogonal_all__m6,6,False,validation,0.6399598695978927,0.03435289194656923,0.0,True
wine-quality-red,regression,controlled_mlp,1,Raw+HybridSpectral-t0.01@0.75,hybrid_prediction_mixture,orthogonal_all__m6,6,False,test,0.7146058731466471,0.03726202880978691,0.0,True
wine-quality-red,regression,controlled_mlp,1,Raw+HybridSpectral-t0.01@0.75,hybrid_prediction_mixture,orthogonal_all__m7,7,False,validation,0.6421619169277087,0.06140974624283284,0.0,True
wine-quality-red,regression,controlled_mlp,1,Raw+HybridSpectral-t0.01@0.75,hybrid_prediction_mixture,orthogonal_all__m7,7,False,test,0.7191553322661882,0.06100009605808883,0.0,True
wine-quality-red,regression,controlled_mlp,1,Raw+HybridSpectral-t0.01@1,hybrid_prediction_mixture,rbf_reference,-1,True,validation,0.6415702329463335,0.0,0.0,False
wine-quality-red,regression,controlled_mlp,1,Raw+HybridSpectral-t0.01@1,hybrid_prediction_mixture,rbf_reference,-1,True,test,0.7213040612355388,0.0,0.0,False
wine-quality-red,regression,controlled_mlp,1,Raw+HybridSpectral-t0.01@1,hybrid_prediction_mixture,orthogonal_all__m0,0,False,validation,0.6415702329463335,0.0,0.0,True
wine-quality-red,regression,controlled_mlp,1,Raw+HybridSpectral-t0.01@1,hybrid_prediction_mixture,orthogonal_all__m0,0,False,test,0.7213040612355388,0.0,0.0,True
wine-quality-red,regression,controlled_mlp,1,Raw+HybridSpectral-t0.01@1,hybrid_prediction_mixture,orthogonal_all__m1,1,False,validation,0.6415702329463335,0.0,0.0,True
wine-quality-red,regression,controlled_mlp,1,Raw+HybridSpectral-t0.01@1,hybrid_prediction_mixture,orthogonal_all__m1,1,False,test,0.7213040612355388,0.0,0.0,True
wine-quality-red,regression,controlled_mlp,1,Raw+HybridSpectral-t0.01@1,hybrid_prediction_mixture,orthogonal_all__m2,2,False,validation,0.6415702329463335,0.0,0.0,True
wine-quality-red,regression,controlled_mlp,1,Raw+HybridSpectral-t0.01@1,hybrid_prediction_mixture,orthogonal_all__m2,2,False,test,0.7213040612355388,0.0,0.0,True
wine-quality-red,regression,controlled_mlp,1,Raw+HybridSpectral-t0.01@1,hybrid_prediction_mixture,orthogonal_all__m3,3,False,validation,0.6415702329463335,0.0,0.0,True
wine-quality-red,regression,controlled_mlp,1,Raw+HybridSpectral-t0.01@1,hybrid_prediction_mixture,orthogonal_all__m3,3,False,test,0.7213040612355388,0.0,0.0,True
wine-quality-red,regression,controlled_mlp,1,Raw+HybridSpectral-t0.01@1,hybrid_prediction_mixture,orthogonal_all__m4,4,False,validation,0.6415702329463335,0.0,0.0,True
wine-quality-red,regression,controlled_mlp,1,Raw+HybridSpectral-t0.01@1,hybrid_prediction_mixture,orthogonal_all__m4,4,False,test,0.7213040612355388,0.0,0.0,True
wine-quality-red,regression,controlled_mlp,1,Raw+HybridSpectral-t0.01@1,hybrid_prediction_mixture,orthogonal_all__m5,5,False,validation,0.6415702329463335,0.0,0.0,True
wine-quality-red,regression,controlled_mlp,1,Raw+HybridSpectral-t0.01@1,hybrid_prediction_mixture,orthogonal_all__m5,5,False,test,0.7213040612355388,0.0,0.0,True
wine-quality-red,regression,controlled_mlp,1,Raw+HybridSpectral-t0.01@1,hybrid_prediction_mixture,orthogonal_all__m6,6,False,validation,0.6415702329463335,0.0,0.0,True
wine-quality-red,regression,controlled_mlp,1,Raw+HybridSpectral-t0.01@1,hybrid_prediction_mixture,orthogonal_all__m6,6,False,test,0.7213040612355388,0.0,0.0,True
wine-quality-red,regression,controlled_mlp,1,Raw+HybridSpectral-t0.01@1,hybrid_prediction_mixture,orthogonal_all__m7,7,False,validation,0.6415702329463335,0.0,0.0,True
wine-quality-red,regression,controlled_mlp,1,Raw+HybridSpectral-t0.01@1,hybrid_prediction_mixture,orthogonal_all__m7,7,False,test,0.7213040612355388,0.0,0.0,True
wine-quality-red,regression,controlled_mlp,1,Raw+HybridSpectral-t0.05@0.25,hybrid_prediction_mixture,rbf_reference,-1,True,validation,0.6479308481172185,0.0,0.0,False
wine-quality-red,regression,controlled_mlp,1,Raw+HybridSpectral-t0.05@0.25,hybrid_prediction_mixture,rbf_reference,-1,True,test,0.6904450982729013,0.0,0.0,False
wine-quality-red,regression,controlled_mlp,1,Raw+HybridSpectral-t0.05@0.25,hybrid_prediction_mixture,orthogonal_all__m0,0,False,validation,0.6522120193080063,0.0742606841920294,0.0,True
wine-quality-red,regression,controlled_mlp,1,Raw+HybridSpectral-t0.05@0.25,hybrid_prediction_mixture,orthogonal_all__m0,0,False,test,0.6923318965399494,0.07300775850047522,0.0,True
wine-quality-red,regression,controlled_mlp,1,Raw+HybridSpectral-t0.05@0.25,hybrid_prediction_mixture,orthogonal_all__m1,1,False,validation,0.6529606572363643,0.08135895586559716,0.0,True
wine-quality-red,regression,controlled_mlp,1,Raw+HybridSpectral-t0.05@0.25,hybrid_prediction_mixture,orthogonal_all__m1,1,False,test,0.6870878463682272,0.071694753885988,0.0,True
wine-quality-red,regression,controlled_mlp,1,Raw+HybridSpectral-t0.05@0.25,hybrid_prediction_mixture,orthogonal_all__m2,2,False,validation,0.650248603391501,0.0709900159900694,0.0,True
wine-quality-red,regression,controlled_mlp,1,Raw+HybridSpectral-t0.05@0.25,hybrid_prediction_mixture,orthogonal_all__m2,2,False,test,0.6925075683894546,0.06292464873182385,0.0,True
wine-quality-red,regression,controlled_mlp,1,Raw+HybridSpectral-t0.05@0.25,hybrid_prediction_mixture,orthogonal_all__m3,3,False,validation,0.6429599656641672,0.08805298993827901,0.0,True
wine-quality-red,regression,controlled_mlp,1,Raw+HybridSpectral-t0.05@0.25,hybrid_prediction_mixture,orthogonal_all__m3,3,False,test,0.6963111508805947,0.09073987088409632,0.0,True
wine-quality-red,regression,controlled_mlp,1,Raw+HybridSpectral-t0.05@0.25,hybrid_prediction_mixture,orthogonal_all__m4,4,False,validation,0.6524036818424105,0.1273247396222989,0.0,True
wine-quality-red,regression,controlled_mlp,1,Raw+HybridSpectral-t0.05@0.25,hybrid_prediction_mixture,orthogonal_all__m4,4,False,test,0.7035730162416186,0.12474728412928113,0.0,True
wine-quality-red,regression,controlled_mlp,1,Raw+HybridSpectral-t0.05@0.25,hybrid_prediction_mixture,orthogonal_all__m5,5,False,validation,0.6527872919691244,0.14581135146556679,0.0,True
wine-quality-red,regression,controlled_mlp,1,Raw+HybridSpectral-t0.05@0.25,hybrid_prediction_mixture,orthogonal_all__m5,5,False,test,0.7027376783092342,0.14731444135659164,0.0,True
wine-quality-red,regression,controlled_mlp,1,Raw+HybridSpectral-t0.05@0.25,hybrid_prediction_mixture,orthogonal_all__m6,6,False,validation,0.6458199016646258,0.1030586758397077,0.0,True
wine-quality-red,regression,controlled_mlp,1,Raw+HybridSpectral-t0.05@0.25,hybrid_prediction_mixture,orthogonal_all__m6,6,False,test,0.7065027236721879,0.1117860864293607,0.0,True
wine-quality-red,regression,controlled_mlp,1,Raw+HybridSpectral-t0.05@0.25,hybrid_prediction_mixture,orthogonal_all__m7,7,False,validation,0.6499969933044177,0.1842292387284985,0.0,True
wine-quality-red,regression,controlled_mlp,1,Raw+HybridSpectral-t0.05@0.25,hybrid_prediction_mixture,orthogonal_all__m7,7,False,test,0.7167419355294506,0.18300028817426647,0.0,True
wine-quality-red,regression,controlled_mlp,1,Raw+HybridSpectral-t0.05@0.5,hybrid_prediction_mixture,rbf_reference,-1,True,validation,0.6447391444653634,0.0,0.0,False
wine-quality-red,regression,controlled_mlp,1,Raw+HybridSpectral-t0.05@0.5,hybrid_prediction_mixture,rbf_reference,-1,True,test,0.6933253877750983,0.0,0.0,False
wine-quality-red,regression,controlled_mlp,1,Raw+HybridSpectral-t0.05@0.5,hybrid_prediction_mixture,orthogonal_all__m0,0,False,validation,0.6473124845009458,0.04950712279468627,0.0,True
wine-quality-red,regression,controlled_mlp,1,Raw+HybridSpectral-t0.05@0.5,hybrid_prediction_mixture,orthogonal_all__m0,0,False,test,0.6943353191168882,0.04867183900031681,0.0,True
wine-quality-red,regression,controlled_mlp,1,Raw+HybridSpectral-t0.05@0.5,hybrid_prediction_mixture,orthogonal_all__m1,1,False,validation,0.6480503782517621,0.054239303910398114,0.0,True
wine-quality-red,regression,controlled_mlp,1,Raw+HybridSpectral-t0.05@0.5,hybrid_prediction_mixture,orthogonal_all__m1,1,False,test,0.6909980385896732,0.04779650259065867,0.0,True
wine-quality-red,regression,controlled_mlp,1,Raw+HybridSpectral-t0.05@0.5,hybrid_prediction_mixture,orthogonal_all__m2,2,False,validation,0.6461378964681652,0.04732667732671295,0.0,True
wine-quality-red,regression,controlled_mlp,1,Raw+HybridSpectral-t0.05@0.5,hybrid_prediction_mixture,orthogonal_all__m2,2,False,test,0.6946102717230711,0.04194976582121592,0.0,True
wine-quality-red,regression,controlled_mlp,1,Raw+HybridSpectral-t0.05@0.5,hybrid_prediction_mixture,orthogonal_all__m3,3,False,validation,0.6413227883807421,0.058701993292186,0.0,True
wine-quality-red,regression,controlled_mlp,1,Raw+HybridSpectral-t0.05@0.5,hybrid_prediction_mixture,orthogonal_all__m3,3,False,test,0.6968369073252338,0.06049324725606421,0.0,True
wine-quality-red,regression,controlled_mlp,1,Raw+HybridSpectral-t0.05@0.5,hybrid_prediction_mixture,orthogonal_all__m4,4,False,validation,0.6475778617632023,0.08488315974819927,0.0,True
wine-quality-red,regression,controlled_mlp,1,Raw+HybridSpectral-t0.05@0.5,hybrid_prediction_mixture,orthogonal_all__m4,4,False,test,0.7017686503704716,0.08316485608618743,0.0,True
wine-quality-red,regression,controlled_mlp,1,Raw+HybridSpectral-t0.05@0.5,hybrid_prediction_mixture,orthogonal_all__m5,5,False,validation,0.6477457559358583,0.09720756764371118,0.0,True
wine-quality-red,regression,controlled_mlp,1,Raw+HybridSpectral-t0.05@0.5,hybrid_prediction_mixture,orthogonal_all__m5,5,False,test,0.7012823903688383,0.0982096275710611,0.0,True
wine-quality-red,regression,controlled_mlp,1,Raw+HybridSpectral-t0.05@0.5,hybrid_prediction_mixture,orthogonal_all__m6,6,False,validation,0.6435458848565382,0.06870578389313846,0.0,True
wine-quality-red,regression,controlled_mlp,1,Raw+HybridSpectral-t0.05@0.5,hybrid_prediction_mixture,orthogonal_all__m6,6,False,test,0.7043622269447601,0.07452405761957381,0.0,True
wine-quality-red,regression,controlled_mlp,1,Raw+HybridSpectral-t0.05@0.5,hybrid_prediction_mixture,orthogonal_all__m7,7,False,validation,0.644862706231151,0.12281949248566568,0.0,True
wine-quality-red,regression,controlled_mlp,1,Raw+HybridSpectral-t0.05@0.5,hybrid_prediction_mixture,orthogonal_all__m7,7,False,test,0.7098760536165415,0.12200019211617766,0.0,True
wine-quality-red,regression,controlled_mlp,1,Raw+HybridSpectral-t0.05@0.75,hybrid_prediction_mixture,rbf_reference,-1,True,validation,0.6432260721644347,0.0,0.0,False
wine-quality-red,regression,controlled_mlp,1,Raw+HybridSpectral-t0.05@0.75,hybrid_prediction_mixture,rbf_reference,-1,True,test,0.6983380067246918,0.0,0.0,False
wine-quality-red,regression,controlled_mlp,1,Raw+HybridSpectral-t0.05@0.75,hybrid_prediction_mixture,orthogonal_all__m0,0,False,validation,0.644367356431331,0.024753561397343134,0.0,True
wine-quality-red,regression,controlled_mlp,1,Raw+HybridSpectral-t0.05@0.75,hybrid_prediction_mixture,orthogonal_all__m0,0,False,test,0.6987186414645268,0.024335919500158405,0.0,True
wine-quality-red,regression,controlled_mlp,1,Raw+HybridSpectral-t0.05@0.75,hybrid_prediction_mixture,orthogonal_all__m1,1,False,validation,0.6448561309363464,0.027119651955199057,0.0,True
wine-quality-red,regression,controlled_mlp,1,Raw+HybridSpectral-t0.05@0.75,hybrid_prediction_mixture,orthogonal_all__m1,1,False,test,0.6971339488732061,0.023898251295329336,0.0,True
wine-quality-red,regression,controlled_mlp,1,Raw+HybridSpectral-t0.05@0.75,hybrid_prediction_mixture,orthogonal_all__m2,2,False,validation,0.643849705030786,0.023663338663356476,0.0,True
wine-quality-red,regression,controlled_mlp,1,Raw+HybridSpectral-t0.05@0.75,hybrid_prediction_mixture,orthogonal_all__m2,2,False,test,0.698933860750351,0.02097488291060796,0.0,True
wine-quality-red,regression,controlled_mlp,1,Raw+HybridSpectral-t0.05@0.75,hybrid_prediction_mixture,orthogonal_all__m3,3,False,validation,0.6414710359018181,0.029350996646093,0.0,True
wine-quality-red,regression,controlled_mlp,1,Raw+HybridSpectral-t0.05@0.75,hybrid_prediction_mixture,orthogonal_all__m3,3,False,test,0.6998899618340928,0.030246623628032106,0.0,True
wine-quality-red,regression,controlled_mlp,1,Raw+HybridSpectral-t0.05@0.75,hybrid_prediction_mixture,orthogonal_all__m4,4,False,validation,0.6445692948308563,0.04244157987409963,0.0,True
wine-quality-red,regression,controlled_mlp,1,Raw+HybridSpectral-t0.05@0.75,hybrid_prediction_mixture,orthogonal_all__m4,4,False,test,0.7023922919523683,0.041582428043093714,0.0,True
wine-quality-red,regression,controlled_mlp,1,Raw+HybridSpectral-t0.05@0.75,hybrid_prediction_mixture,orthogonal_all__m5,5,False,validation,0.6446085310488163,0.04860378382185559,0.0,True
wine-quality-red,regression,controlled_mlp,1,Raw+HybridSpectral-t0.05@0.75,hybrid_prediction_mixture,orthogonal_all__m5,5,False,test,0.7021853499957815,0.04910481378553055,0.0,True
wine-quality-red,regression,controlled_mlp,1,Raw+HybridSpectral-t0.05@0.75,hybrid_prediction_mixture,orthogonal_all__m6,6,False,validation,0.6427385686320731,0.03435289194656923,0.0,True
wine-quality-red,regression,controlled_mlp,1,Raw+HybridSpectral-t0.05@0.75,hybrid_prediction_mixture,orthogonal_all__m6,6,False,test,0.7040062524156012,0.03726202880978691,0.0,True
wine-quality-red,regression,controlled_mlp,1,Raw+HybridSpectral-t0.05@0.75,hybrid_prediction_mixture,orthogonal_all__m7,7,False,validation,0.642654824100486,0.06140974624283284,0.0,True
wine-quality-red,regression,controlled_mlp,1,Raw+HybridSpectral-t0.05@0.75,hybrid_prediction_mixture,orthogonal_all__m7,7,False,test,0.7060913776996416,0.06100009605808883,0.0,True
wine-quality-red,regression,controlled_mlp,1,Raw+HybridSpectral-t0.05@1,hybrid_prediction_mixture,rbf_reference,-1,True,validation,0.6434034740816773,0.0,0.0,False
wine-quality-red,regression,controlled_mlp,1,Raw+HybridSpectral-t0.05@1,hybrid_prediction_mixture,rbf_reference,-1,True,test,0.7054375015812897,0.0,0.0,False
wine-quality-red,regression,controlled_mlp,1,Raw+HybridSpectral-t0.05@1,hybrid_prediction_mixture,orthogonal_all__m0,0,False,validation,0.6434034740816773,0.0,0.0,True
wine-quality-red,regression,controlled_mlp,1,Raw+HybridSpectral-t0.05@1,hybrid_prediction_mixture,orthogonal_all__m0,0,False,test,0.7054375015812897,0.0,0.0,True
wine-quality-red,regression,controlled_mlp,1,Raw+HybridSpectral-t0.05@1,hybrid_prediction_mixture,orthogonal_all__m1,1,False,validation,0.6434034740816773,0.0,0.0,True
wine-quality-red,regression,controlled_mlp,1,Raw+HybridSpectral-t0.05@1,hybrid_prediction_mixture,orthogonal_all__m1,1,False,test,0.7054375015812897,0.0,0.0,True
wine-quality-red,regression,controlled_mlp,1,Raw+HybridSpectral-t0.05@1,hybrid_prediction_mixture,orthogonal_all__m2,2,False,validation,0.6434034740816773,0.0,0.0,True
wine-quality-red,regression,controlled_mlp,1,Raw+HybridSpectral-t0.05@1,hybrid_prediction_mixture,orthogonal_all__m2,2,False,test,0.7054375015812897,0.0,0.0,True
wine-quality-red,regression,controlled_mlp,1,Raw+HybridSpectral-t0.05@1,hybrid_prediction_mixture,orthogonal_all__m3,3,False,validation,0.6434034740816773,0.0,0.0,True
wine-quality-red,regression,controlled_mlp,1,Raw+HybridSpectral-t0.05@1,hybrid_prediction_mixture,orthogonal_all__m3,3,False,test,0.7054375015812897,0.0,0.0,True
wine-quality-red,regression,controlled_mlp,1,Raw+HybridSpectral-t0.05@1,hybrid_prediction_mixture,orthogonal_all__m4,4,False,validation,0.6434034740816773,0.0,0.0,True
wine-quality-red,regression,controlled_mlp,1,Raw+HybridSpectral-t0.05@1,hybrid_prediction_mixture,orthogonal_all__m4,4,False,test,0.7054375015812897,0.0,0.0,True
wine-quality-red,regression,controlled_mlp,1,Raw+HybridSpectral-t0.05@1,hybrid_prediction_mixture,orthogonal_all__m5,5,False,validation,0.6434034740816773,0.0,0.0,True
wine-quality-red,regression,controlled_mlp,1,Raw+HybridSpectral-t0.05@1,hybrid_prediction_mixture,orthogonal_all__m5,5,False,test,0.7054375015812897,0.0,0.0,True
wine-quality-red,regression,controlled_mlp,1,Raw+HybridSpectral-t0.05@1,hybrid_prediction_mixture,orthogonal_all__m6,6,False,validation,0.6434034740816773,0.0,0.0,True
wine-quality-red,regression,controlled_mlp,1,Raw+HybridSpectral-t0.05@1,hybrid_prediction_mixture,orthogonal_all__m6,6,False,test,0.7054375015812897,0.0,0.0,True
wine-quality-red,regression,controlled_mlp,1,Raw+HybridSpectral-t0.05@1,hybrid_prediction_mixture,orthogonal_all__m7,7,False,validation,0.6434034740816773,0.0,0.0,True
wine-quality-red,regression,controlled_mlp,1,Raw+HybridSpectral-t0.05@1,hybrid_prediction_mixture,orthogonal_all__m7,7,False,test,0.7054375015812897,0.0,0.0,True
wine-quality-red,regression,controlled_mlp,1,Raw+HybridSpectral-t0.10@0.25,hybrid_prediction_mixture,rbf_reference,-1,True,validation,0.6479308481172185,0.0,0.0,False
wine-quality-red,regression,controlled_mlp,1,Raw+HybridSpectral-t0.10@0.25,hybrid_prediction_mixture,rbf_reference,-1,True,test,0.6904450982729013,0.0,0.0,False
wine-quality-red,regression,controlled_mlp,1,Raw+HybridSpectral-t0.10@0.25,hybrid_prediction_mixture,orthogonal_all__m0,0,False,validation,0.6522120193080063,0.0742606841920294,0.0,True
wine-quality-red,regression,controlled_mlp,1,Raw+HybridSpectral-t0.10@0.25,hybrid_prediction_mixture,orthogonal_all__m0,0,False,test,0.6923318965399494,0.07300775850047522,0.0,True
wine-quality-red,regression,controlled_mlp,1,Raw+HybridSpectral-t0.10@0.25,hybrid_prediction_mixture,orthogonal_all__m1,1,False,validation,0.6529606572363643,0.08135895586559716,0.0,True
wine-quality-red,regression,controlled_mlp,1,Raw+HybridSpectral-t0.10@0.25,hybrid_prediction_mixture,orthogonal_all__m1,1,False,test,0.6870878463682272,0.071694753885988,0.0,True
wine-quality-red,regression,controlled_mlp,1,Raw+HybridSpectral-t0.10@0.25,hybrid_prediction_mixture,orthogonal_all__m2,2,False,validation,0.650248603391501,0.0709900159900694,0.0,True
wine-quality-red,regression,controlled_mlp,1,Raw+HybridSpectral-t0.10@0.25,hybrid_prediction_mixture,orthogonal_all__m2,2,False,test,0.6925075683894546,0.06292464873182385,0.0,True
wine-quality-red,regression,controlled_mlp,1,Raw+HybridSpectral-t0.10@0.25,hybrid_prediction_mixture,orthogonal_all__m3,3,False,validation,0.6429599656641672,0.08805298993827901,0.0,True
wine-quality-red,regression,controlled_mlp,1,Raw+HybridSpectral-t0.10@0.25,hybrid_prediction_mixture,orthogonal_all__m3,3,False,test,0.6963111508805947,0.09073987088409632,0.0,True
wine-quality-red,regression,controlled_mlp,1,Raw+HybridSpectral-t0.10@0.25,hybrid_prediction_mixture,orthogonal_all__m4,4,False,validation,0.6524036818424105,0.1273247396222989,0.0,True
wine-quality-red,regression,controlled_mlp,1,Raw+HybridSpectral-t0.10@0.25,hybrid_prediction_mixture,orthogonal_all__m4,4,False,test,0.7035730162416186,0.12474728412928113,0.0,True
wine-quality-red,regression,controlled_mlp,1,Raw+HybridSpectral-t0.10@0.25,hybrid_prediction_mixture,orthogonal_all__m5,5,False,validation,0.6527872919691244,0.14581135146556679,0.0,True
wine-quality-red,regression,controlled_mlp,1,Raw+HybridSpectral-t0.10@0.25,hybrid_prediction_mixture,orthogonal_all__m5,5,False,test,0.7027376783092342,0.14731444135659164,0.0,True
wine-quality-red,regression,controlled_mlp,1,Raw+HybridSpectral-t0.10@0.25,hybrid_prediction_mixture,orthogonal_all__m6,6,False,validation,0.6458199016646258,0.1030586758397077,0.0,True
wine-quality-red,regression,controlled_mlp,1,Raw+HybridSpectral-t0.10@0.25,hybrid_prediction_mixture,orthogonal_all__m6,6,False,test,0.7065027236721879,0.1117860864293607,0.0,True
wine-quality-red,regression,controlled_mlp,1,Raw+HybridSpectral-t0.10@0.25,hybrid_prediction_mixture,orthogonal_all__m7,7,False,validation,0.6499969933044177,0.1842292387284985,0.0,True
wine-quality-red,regression,controlled_mlp,1,Raw+HybridSpectral-t0.10@0.25,hybrid_prediction_mixture,orthogonal_all__m7,7,False,test,0.7167419355294506,0.18300028817426647,0.0,True
wine-quality-red,regression,controlled_mlp,1,Raw+HybridSpectral-t0.10@0.5,hybrid_prediction_mixture,rbf_reference,-1,True,validation,0.6447391444653634,0.0,0.0,False
wine-quality-red,regression,controlled_mlp,1,Raw+HybridSpectral-t0.10@0.5,hybrid_prediction_mixture,rbf_reference,-1,True,test,0.6933253877750983,0.0,0.0,False
wine-quality-red,regression,controlled_mlp,1,Raw+HybridSpectral-t0.10@0.5,hybrid_prediction_mixture,orthogonal_all__m0,0,False,validation,0.6473124845009458,0.04950712279468627,0.0,True
wine-quality-red,regression,controlled_mlp,1,Raw+HybridSpectral-t0.10@0.5,hybrid_prediction_mixture,orthogonal_all__m0,0,False,test,0.6943353191168882,0.04867183900031681,0.0,True
wine-quality-red,regression,controlled_mlp,1,Raw+HybridSpectral-t0.10@0.5,hybrid_prediction_mixture,orthogonal_all__m1,1,False,validation,0.6480503782517621,0.054239303910398114,0.0,True
wine-quality-red,regression,controlled_mlp,1,Raw+HybridSpectral-t0.10@0.5,hybrid_prediction_mixture,orthogonal_all__m1,1,False,test,0.6909980385896732,0.04779650259065867,0.0,True
wine-quality-red,regression,controlled_mlp,1,Raw+HybridSpectral-t0.10@0.5,hybrid_prediction_mixture,orthogonal_all__m2,2,False,validation,0.6461378964681652,0.04732667732671295,0.0,True
wine-quality-red,regression,controlled_mlp,1,Raw+HybridSpectral-t0.10@0.5,hybrid_prediction_mixture,orthogonal_all__m2,2,False,test,0.6946102717230711,0.04194976582121592,0.0,True
wine-quality-red,regression,controlled_mlp,1,Raw+HybridSpectral-t0.10@0.5,hybrid_prediction_mixture,orthogonal_all__m3,3,False,validation,0.6413227883807421,0.058701993292186,0.0,True
wine-quality-red,regression,controlled_mlp,1,Raw+HybridSpectral-t0.10@0.5,hybrid_prediction_mixture,orthogonal_all__m3,3,False,test,0.6968369073252338,0.06049324725606421,0.0,True
wine-quality-red,regression,controlled_mlp,1,Raw+HybridSpectral-t0.10@0.5,hybrid_prediction_mixture,orthogonal_all__m4,4,False,validation,0.6475778617632023,0.08488315974819927,0.0,True
wine-quality-red,regression,controlled_mlp,1,Raw+HybridSpectral-t0.10@0.5,hybrid_prediction_mixture,orthogonal_all__m4,4,False,test,0.7017686503704716,0.08316485608618743,0.0,True
wine-quality-red,regression,controlled_mlp,1,Raw+HybridSpectral-t0.10@0.5,hybrid_prediction_mixture,orthogonal_all__m5,5,False,validation,0.6477457559358583,0.09720756764371118,0.0,True
wine-quality-red,regression,controlled_mlp,1,Raw+HybridSpectral-t0.10@0.5,hybrid_prediction_mixture,orthogonal_all__m5,5,False,test,0.7012823903688383,0.0982096275710611,0.0,True
wine-quality-red,regression,controlled_mlp,1,Raw+HybridSpectral-t0.10@0.5,hybrid_prediction_mixture,orthogonal_all__m6,6,False,validation,0.6435458848565382,0.06870578389313846,0.0,True
wine-quality-red,regression,controlled_mlp,1,Raw+HybridSpectral-t0.10@0.5,hybrid_prediction_mixture,orthogonal_all__m6,6,False,test,0.7043622269447601,0.07452405761957381,0.0,True
wine-quality-red,regression,controlled_mlp,1,Raw+HybridSpectral-t0.10@0.5,hybrid_prediction_mixture,orthogonal_all__m7,7,False,validation,0.644862706231151,0.12281949248566568,0.0,True
wine-quality-red,regression,controlled_mlp,1,Raw+HybridSpectral-t0.10@0.5,hybrid_prediction_mixture,orthogonal_all__m7,7,False,test,0.7098760536165415,0.12200019211617766,0.0,True
wine-quality-red,regression,controlled_mlp,1,Raw+HybridSpectral-t0.10@0.75,hybrid_prediction_mixture,rbf_reference,-1,True,validation,0.6432260721644347,0.0,0.0,False
wine-quality-red,regression,controlled_mlp,1,Raw+HybridSpectral-t0.10@0.75,hybrid_prediction_mixture,rbf_reference,-1,True,test,0.6983380067246918,0.0,0.0,False
wine-quality-red,regression,controlled_mlp,1,Raw+HybridSpectral-t0.10@0.75,hybrid_prediction_mixture,orthogonal_all__m0,0,False,validation,0.644367356431331,0.024753561397343134,0.0,True
wine-quality-red,regression,controlled_mlp,1,Raw+HybridSpectral-t0.10@0.75,hybrid_prediction_mixture,orthogonal_all__m0,0,False,test,0.6987186414645268,0.024335919500158405,0.0,True
wine-quality-red,regression,controlled_mlp,1,Raw+HybridSpectral-t0.10@0.75,hybrid_prediction_mixture,orthogonal_all__m1,1,False,validation,0.6448561309363464,0.027119651955199057,0.0,True
wine-quality-red,regression,controlled_mlp,1,Raw+HybridSpectral-t0.10@0.75,hybrid_prediction_mixture,orthogonal_all__m1,1,False,test,0.6971339488732061,0.023898251295329336,0.0,True
wine-quality-red,regression,controlled_mlp,1,Raw+HybridSpectral-t0.10@0.75,hybrid_prediction_mixture,orthogonal_all__m2,2,False,validation,0.643849705030786,0.023663338663356476,0.0,True
wine-quality-red,regression,controlled_mlp,1,Raw+HybridSpectral-t0.10@0.75,hybrid_prediction_mixture,orthogonal_all__m2,2,False,test,0.698933860750351,0.02097488291060796,0.0,True
wine-quality-red,regression,controlled_mlp,1,Raw+HybridSpectral-t0.10@0.75,hybrid_prediction_mixture,orthogonal_all__m3,3,False,validation,0.6414710359018181,0.029350996646093,0.0,True
wine-quality-red,regression,controlled_mlp,1,Raw+HybridSpectral-t0.10@0.75,hybrid_prediction_mixture,orthogonal_all__m3,3,False,test,0.6998899618340928,0.030246623628032106,0.0,True
wine-quality-red,regression,controlled_mlp,1,Raw+HybridSpectral-t0.10@0.75,hybrid_prediction_mixture,orthogonal_all__m4,4,False,validation,0.6445692948308563,0.04244157987409963,0.0,True
wine-quality-red,regression,controlled_mlp,1,Raw+HybridSpectral-t0.10@0.75,hybrid_prediction_mixture,orthogonal_all__m4,4,False,test,0.7023922919523683,0.041582428043093714,0.0,True
wine-quality-red,regression,controlled_mlp,1,Raw+HybridSpectral-t0.10@0.75,hybrid_prediction_mixture,orthogonal_all__m5,5,False,validation,0.6446085310488163,0.04860378382185559,0.0,True
wine-quality-red,regression,controlled_mlp,1,Raw+HybridSpectral-t0.10@0.75,hybrid_prediction_mixture,orthogonal_all__m5,5,False,test,0.7021853499957815,0.04910481378553055,0.0,True
wine-quality-red,regression,controlled_mlp,1,Raw+HybridSpectral-t0.10@0.75,hybrid_prediction_mixture,orthogonal_all__m6,6,False,validation,0.6427385686320731,0.03435289194656923,0.0,True
wine-quality-red,regression,controlled_mlp,1,Raw+HybridSpectral-t0.10@0.75,hybrid_prediction_mixture,orthogonal_all__m6,6,False,test,0.7040062524156012,0.03726202880978691,0.0,True
wine-quality-red,regression,controlled_mlp,1,Raw+HybridSpectral-t0.10@0.75,hybrid_prediction_mixture,orthogonal_all__m7,7,False,validation,0.642654824100486,0.06140974624283284,0.0,True
wine-quality-red,regression,controlled_mlp,1,Raw+HybridSpectral-t0.10@0.75,hybrid_prediction_mixture,orthogonal_all__m7,7,False,test,0.7060913776996416,0.06100009605808883,0.0,True
wine-quality-red,regression,controlled_mlp,1,Raw+HybridSpectral-t0.10@1,hybrid_prediction_mixture,rbf_reference,-1,True,validation,0.6434034740816773,0.0,0.0,False
wine-quality-red,regression,controlled_mlp,1,Raw+HybridSpectral-t0.10@1,hybrid_prediction_mixture,rbf_reference,-1,True,test,0.7054375015812897,0.0,0.0,False
wine-quality-red,regression,controlled_mlp,1,Raw+HybridSpectral-t0.10@1,hybrid_prediction_mixture,orthogonal_all__m0,0,False,validation,0.6434034740816773,0.0,0.0,True
wine-quality-red,regression,controlled_mlp,1,Raw+HybridSpectral-t0.10@1,hybrid_prediction_mixture,orthogonal_all__m0,0,False,test,0.7054375015812897,0.0,0.0,True
wine-quality-red,regression,controlled_mlp,1,Raw+HybridSpectral-t0.10@1,hybrid_prediction_mixture,orthogonal_all__m1,1,False,validation,0.6434034740816773,0.0,0.0,True
wine-quality-red,regression,controlled_mlp,1,Raw+HybridSpectral-t0.10@1,hybrid_prediction_mixture,orthogonal_all__m1,1,False,test,0.7054375015812897,0.0,0.0,True
wine-quality-red,regression,controlled_mlp,1,Raw+HybridSpectral-t0.10@1,hybrid_prediction_mixture,orthogonal_all__m2,2,False,validation,0.6434034740816773,0.0,0.0,True
wine-quality-red,regression,controlled_mlp,1,Raw+HybridSpectral-t0.10@1,hybrid_prediction_mixture,orthogonal_all__m2,2,False,test,0.7054375015812897,0.0,0.0,True
wine-quality-red,regression,controlled_mlp,1,Raw+HybridSpectral-t0.10@1,hybrid_prediction_mixture,orthogonal_all__m3,3,False,validation,0.6434034740816773,0.0,0.0,True
wine-quality-red,regression,controlled_mlp,1,Raw+HybridSpectral-t0.10@1,hybrid_prediction_mixture,orthogonal_all__m3,3,False,test,0.7054375015812897,0.0,0.0,True
wine-quality-red,regression,controlled_mlp,1,Raw+HybridSpectral-t0.10@1,hybrid_prediction_mixture,orthogonal_all__m4,4,False,validation,0.6434034740816773,0.0,0.0,True
wine-quality-red,regression,controlled_mlp,1,Raw+HybridSpectral-t0.10@1,hybrid_prediction_mixture,orthogonal_all__m4,4,False,test,0.7054375015812897,0.0,0.0,True
wine-quality-red,regression,controlled_mlp,1,Raw+HybridSpectral-t0.10@1,hybrid_prediction_mixture,orthogonal_all__m5,5,False,validation,0.6434034740816773,0.0,0.0,True
wine-quality-red,regression,controlled_mlp,1,Raw+HybridSpectral-t0.10@1,hybrid_prediction_mixture,orthogonal_all__m5,5,False,test,0.7054375015812897,0.0,0.0,True
wine-quality-red,regression,controlled_mlp,1,Raw+HybridSpectral-t0.10@1,hybrid_prediction_mixture,orthogonal_all__m6,6,False,validation,0.6434034740816773,0.0,0.0,True
wine-quality-red,regression,controlled_mlp,1,Raw+HybridSpectral-t0.10@1,hybrid_prediction_mixture,orthogonal_all__m6,6,False,test,0.7054375015812897,0.0,0.0,True
wine-quality-red,regression,controlled_mlp,1,Raw+HybridSpectral-t0.10@1,hybrid_prediction_mixture,orthogonal_all__m7,7,False,validation,0.6434034740816773,0.0,0.0,True
wine-quality-red,regression,controlled_mlp,1,Raw+HybridSpectral-t0.10@1,hybrid_prediction_mixture,orthogonal_all__m7,7,False,test,0.7054375015812897,0.0,0.0,True
