dataset,problem_type,model,seed,method,track,representation_id,member,is_reference,split,task_error,disagreement,fit_seconds,prediction_reused_due_to_coordinate_identity
california_housing,regression,controlled_mlp,2,Raw,representation,rbf_reference,-1,True,validation,61679.386922539285,0.0,1.81594467908144,False
california_housing,regression,controlled_mlp,2,Raw,representation,rbf_reference,-1,True,test,65093.576452405825,0.0,1.81594467908144,False
california_housing,regression,controlled_mlp,2,Raw,representation,orthogonal_all__m0,0,False,validation,61538.395779785475,0.11800669517888074,2.0407113030087203,False
california_housing,regression,controlled_mlp,2,Raw,representation,orthogonal_all__m0,0,False,test,66544.53607425741,0.11539030058044435,2.0407113030087203,False
california_housing,regression,controlled_mlp,2,Raw,representation,orthogonal_all__m1,1,False,validation,62775.05514098193,0.21476677985149337,1.147978528868407,False
california_housing,regression,controlled_mlp,2,Raw,representation,orthogonal_all__m1,1,False,test,65384.81865722734,0.2179028303977134,1.147978528868407,False
california_housing,regression,controlled_mlp,2,Raw,representation,orthogonal_all__m2,2,False,validation,60457.99996551808,0.12626405555503473,1.8385863879229876,False
california_housing,regression,controlled_mlp,2,Raw,representation,orthogonal_all__m2,2,False,test,65094.86291660661,0.12246746820309097,1.8385863879229876,False
california_housing,regression,controlled_mlp,2,Raw,representation,orthogonal_all__m3,3,False,validation,63674.248128017374,0.19619269537604336,1.476983237080276,False
california_housing,regression,controlled_mlp,2,Raw,representation,orthogonal_all__m3,3,False,test,65314.930341264364,0.1812670251331843,1.476983237080276,False
california_housing,regression,controlled_mlp,2,Raw,representation,orthogonal_all__m4,4,False,validation,61754.62365664208,0.09920002358470198,1.9064799919724464,False
california_housing,regression,controlled_mlp,2,Raw,representation,orthogonal_all__m4,4,False,test,66257.07746548447,0.10078619372398123,1.9064799919724464,False
california_housing,regression,controlled_mlp,2,Raw,representation,orthogonal_all__m5,5,False,validation,61136.91120204421,0.10243143289655272,2.061406679917127,False
california_housing,regression,controlled_mlp,2,Raw,representation,orthogonal_all__m5,5,False,test,65893.1390277276,0.10882733137700874,2.061406679917127,False
california_housing,regression,controlled_mlp,2,Raw,representation,orthogonal_all__m6,6,False,validation,62333.61351120027,0.1409346359716989,1.447888241847977,False
california_housing,regression,controlled_mlp,2,Raw,representation,orthogonal_all__m6,6,False,test,65562.10562772106,0.1310281373482605,1.447888241847977,False
california_housing,regression,controlled_mlp,2,Raw,representation,orthogonal_all__m7,7,False,validation,63311.806808347676,0.23408347678857905,1.1433446870651096,False
california_housing,regression,controlled_mlp,2,Raw,representation,orthogonal_all__m7,7,False,test,65722.11416409117,0.22422895058959402,1.1433446870651096,False
california_housing,regression,controlled_mlp,2,PCA,representation,pca__v1__rbf_reference,-1,True,validation,60622.28030080568,0.0,0.6819591159000993,False
california_housing,regression,controlled_mlp,2,PCA,representation,pca__v1__rbf_reference,-1,True,test,65274.89014995678,0.0,0.6819591159000993,False
california_housing,regression,controlled_mlp,2,PCA,representation,pca__v1__orthogonal_all__m0,0,False,validation,60622.28030080568,0.0,0.0,True
california_housing,regression,controlled_mlp,2,PCA,representation,pca__v1__orthogonal_all__m0,0,False,test,65274.89014995678,0.0,0.0,True
california_housing,regression,controlled_mlp,2,PCA,representation,pca__v1__orthogonal_all__m1,1,False,validation,60622.28030080568,0.0,0.0,True
california_housing,regression,controlled_mlp,2,PCA,representation,pca__v1__orthogonal_all__m1,1,False,test,65274.89014995678,0.0,0.0,True
california_housing,regression,controlled_mlp,2,PCA,representation,pca__v1__orthogonal_all__m2,2,False,validation,60622.28030080568,0.0,0.0,True
california_housing,regression,controlled_mlp,2,PCA,representation,pca__v1__orthogonal_all__m2,2,False,test,65274.89014995678,0.0,0.0,True
california_housing,regression,controlled_mlp,2,PCA,representation,pca__v1__orthogonal_all__m3,3,False,validation,60622.28030080568,0.0,0.0,True
california_housing,regression,controlled_mlp,2,PCA,representation,pca__v1__orthogonal_all__m3,3,False,test,65274.89014995678,0.0,0.0,True
california_housing,regression,controlled_mlp,2,PCA,representation,pca__v1__orthogonal_all__m4,4,False,validation,60622.28030080568,0.0,0.0,True
california_housing,regression,controlled_mlp,2,PCA,representation,pca__v1__orthogonal_all__m4,4,False,test,65274.89014995678,0.0,0.0,True
california_housing,regression,controlled_mlp,2,PCA,representation,pca__v1__orthogonal_all__m5,5,False,validation,60622.28030080568,0.0,0.0,True
california_housing,regression,controlled_mlp,2,PCA,representation,pca__v1__orthogonal_all__m5,5,False,test,65274.89014995678,0.0,0.0,True
california_housing,regression,controlled_mlp,2,PCA,representation,pca__v1__orthogonal_all__m6,6,False,validation,60622.28030080568,0.0,0.0,True
california_housing,regression,controlled_mlp,2,PCA,representation,pca__v1__orthogonal_all__m6,6,False,test,65274.89014995678,0.0,0.0,True
california_housing,regression,controlled_mlp,2,PCA,representation,pca__v1__orthogonal_all__m7,7,False,validation,60622.28030080568,0.0,0.0,True
california_housing,regression,controlled_mlp,2,PCA,representation,pca__v1__orthogonal_all__m7,7,False,test,65274.89014995678,0.0,0.0,True
california_housing,regression,controlled_mlp,2,GramAnchor,representation,gram_anchor__pivot_tie_v2__rbf_reference,-1,True,validation,59103.42015650019,0.0,0.37102998699992895,False
california_housing,regression,controlled_mlp,2,GramAnchor,representation,gram_anchor__pivot_tie_v2__rbf_reference,-1,True,test,64174.45377854668,0.0,0.37102998699992895,False
california_housing,regression,controlled_mlp,2,GramAnchor,representation,gram_anchor__pivot_tie_v2__orthogonal_all__m0,0,False,validation,59103.42015650019,0.0,0.0,True
california_housing,regression,controlled_mlp,2,GramAnchor,representation,gram_anchor__pivot_tie_v2__orthogonal_all__m0,0,False,test,64174.45377854668,0.0,0.0,True
california_housing,regression,controlled_mlp,2,GramAnchor,representation,gram_anchor__pivot_tie_v2__orthogonal_all__m1,1,False,validation,59103.42015650019,0.0,0.0,True
california_housing,regression,controlled_mlp,2,GramAnchor,representation,gram_anchor__pivot_tie_v2__orthogonal_all__m1,1,False,test,64174.45377854668,0.0,0.0,True
california_housing,regression,controlled_mlp,2,GramAnchor,representation,gram_anchor__pivot_tie_v2__orthogonal_all__m2,2,False,validation,59103.42015650019,0.0,0.0,True
california_housing,regression,controlled_mlp,2,GramAnchor,representation,gram_anchor__pivot_tie_v2__orthogonal_all__m2,2,False,test,64174.45377854668,0.0,0.0,True
california_housing,regression,controlled_mlp,2,GramAnchor,representation,gram_anchor__pivot_tie_v2__orthogonal_all__m3,3,False,validation,59103.42015650019,0.0,0.0,True
california_housing,regression,controlled_mlp,2,GramAnchor,representation,gram_anchor__pivot_tie_v2__orthogonal_all__m3,3,False,test,64174.45377854668,0.0,0.0,True
california_housing,regression,controlled_mlp,2,GramAnchor,representation,gram_anchor__pivot_tie_v2__orthogonal_all__m4,4,False,validation,59103.42015650019,0.0,0.0,True
california_housing,regression,controlled_mlp,2,GramAnchor,representation,gram_anchor__pivot_tie_v2__orthogonal_all__m4,4,False,test,64174.45377854668,0.0,0.0,True
california_housing,regression,controlled_mlp,2,GramAnchor,representation,gram_anchor__pivot_tie_v2__orthogonal_all__m5,5,False,validation,59103.42015650019,0.0,0.0,True
california_housing,regression,controlled_mlp,2,GramAnchor,representation,gram_anchor__pivot_tie_v2__orthogonal_all__m5,5,False,test,64174.45377854668,0.0,0.0,True
california_housing,regression,controlled_mlp,2,GramAnchor,representation,gram_anchor__pivot_tie_v2__orthogonal_all__m6,6,False,validation,59103.42015650019,0.0,0.0,True
california_housing,regression,controlled_mlp,2,GramAnchor,representation,gram_anchor__pivot_tie_v2__orthogonal_all__m6,6,False,test,64174.45377854668,0.0,0.0,True
california_housing,regression,controlled_mlp,2,GramAnchor,representation,gram_anchor__pivot_tie_v2__orthogonal_all__m7,7,False,validation,59103.42015650019,0.0,0.0,True
california_housing,regression,controlled_mlp,2,GramAnchor,representation,gram_anchor__pivot_tie_v2__orthogonal_all__m7,7,False,test,64174.45377854668,0.0,0.0,True
california_housing,regression,controlled_mlp,2,GramAnchor-m8,representation,gram_anchor__pivot_tie_v2__rbf_reference,-1,True,validation,57925.821975594874,0.0,0.9877593778073788,False
california_housing,regression,controlled_mlp,2,GramAnchor-m8,representation,gram_anchor__pivot_tie_v2__rbf_reference,-1,True,test,64145.605536170755,0.0,0.9877593778073788,False
california_housing,regression,controlled_mlp,2,GramAnchor-m8,representation,gram_anchor__pivot_tie_v2__orthogonal_all__m0,0,False,validation,57925.821975594874,0.0,0.0,True
california_housing,regression,controlled_mlp,2,GramAnchor-m8,representation,gram_anchor__pivot_tie_v2__orthogonal_all__m0,0,False,test,64145.605536170755,0.0,0.0,True
california_housing,regression,controlled_mlp,2,GramAnchor-m8,representation,gram_anchor__pivot_tie_v2__orthogonal_all__m1,1,False,validation,57925.821975594874,0.0,0.0,True
california_housing,regression,controlled_mlp,2,GramAnchor-m8,representation,gram_anchor__pivot_tie_v2__orthogonal_all__m1,1,False,test,64145.605536170755,0.0,0.0,True
california_housing,regression,controlled_mlp,2,GramAnchor-m8,representation,gram_anchor__pivot_tie_v2__orthogonal_all__m2,2,False,validation,57925.821975594874,0.0,0.0,True
california_housing,regression,controlled_mlp,2,GramAnchor-m8,representation,gram_anchor__pivot_tie_v2__orthogonal_all__m2,2,False,test,64145.605536170755,0.0,0.0,True
california_housing,regression,controlled_mlp,2,GramAnchor-m8,representation,gram_anchor__pivot_tie_v2__orthogonal_all__m3,3,False,validation,57925.821975594874,0.0,0.0,True
california_housing,regression,controlled_mlp,2,GramAnchor-m8,representation,gram_anchor__pivot_tie_v2__orthogonal_all__m3,3,False,test,64145.605536170755,0.0,0.0,True
california_housing,regression,controlled_mlp,2,GramAnchor-m8,representation,gram_anchor__pivot_tie_v2__orthogonal_all__m4,4,False,validation,57925.821975594874,0.0,0.0,True
california_housing,regression,controlled_mlp,2,GramAnchor-m8,representation,gram_anchor__pivot_tie_v2__orthogonal_all__m4,4,False,test,64145.605536170755,0.0,0.0,True
california_housing,regression,controlled_mlp,2,GramAnchor-m8,representation,gram_anchor__pivot_tie_v2__orthogonal_all__m5,5,False,validation,57925.821975594874,0.0,0.0,True
california_housing,regression,controlled_mlp,2,GramAnchor-m8,representation,gram_anchor__pivot_tie_v2__orthogonal_all__m5,5,False,test,64145.605536170755,0.0,0.0,True
california_housing,regression,controlled_mlp,2,GramAnchor-m8,representation,gram_anchor__pivot_tie_v2__orthogonal_all__m6,6,False,validation,57925.821975594874,0.0,0.0,True
california_housing,regression,controlled_mlp,2,GramAnchor-m8,representation,gram_anchor__pivot_tie_v2__orthogonal_all__m6,6,False,test,64145.605536170755,0.0,0.0,True
california_housing,regression,controlled_mlp,2,GramAnchor-m8,representation,gram_anchor__pivot_tie_v2__orthogonal_all__m7,7,False,validation,57925.821975594874,0.0,0.0,True
california_housing,regression,controlled_mlp,2,GramAnchor-m8,representation,gram_anchor__pivot_tie_v2__orthogonal_all__m7,7,False,test,64145.605536170755,0.0,0.0,True
california_housing,regression,controlled_mlp,2,GramDistance,representation,gram_distance__pivot_tie_v2__rbf_reference,-1,True,validation,60626.178075449454,0.0,0.39895473700016737,False
california_housing,regression,controlled_mlp,2,GramDistance,representation,gram_distance__pivot_tie_v2__rbf_reference,-1,True,test,67907.96121579429,0.0,0.39895473700016737,False
california_housing,regression,controlled_mlp,2,GramDistance,representation,gram_distance__pivot_tie_v2__orthogonal_all__m0,0,False,validation,60626.178075449454,0.0,0.0,True
california_housing,regression,controlled_mlp,2,GramDistance,representation,gram_distance__pivot_tie_v2__orthogonal_all__m0,0,False,test,67907.96121579429,0.0,0.0,True
california_housing,regression,controlled_mlp,2,GramDistance,representation,gram_distance__pivot_tie_v2__orthogonal_all__m1,1,False,validation,60626.178075449454,0.0,0.0,True
california_housing,regression,controlled_mlp,2,GramDistance,representation,gram_distance__pivot_tie_v2__orthogonal_all__m1,1,False,test,67907.96121579429,0.0,0.0,True
california_housing,regression,controlled_mlp,2,GramDistance,representation,gram_distance__pivot_tie_v2__orthogonal_all__m2,2,False,validation,60626.178075449454,0.0,0.0,True
california_housing,regression,controlled_mlp,2,GramDistance,representation,gram_distance__pivot_tie_v2__orthogonal_all__m2,2,False,test,67907.96121579429,0.0,0.0,True
california_housing,regression,controlled_mlp,2,GramDistance,representation,gram_distance__pivot_tie_v2__orthogonal_all__m3,3,False,validation,60626.178075449454,0.0,0.0,True
california_housing,regression,controlled_mlp,2,GramDistance,representation,gram_distance__pivot_tie_v2__orthogonal_all__m3,3,False,test,67907.96121579429,0.0,0.0,True
california_housing,regression,controlled_mlp,2,GramDistance,representation,gram_distance__pivot_tie_v2__orthogonal_all__m4,4,False,validation,60626.178075449454,0.0,0.0,True
california_housing,regression,controlled_mlp,2,GramDistance,representation,gram_distance__pivot_tie_v2__orthogonal_all__m4,4,False,test,67907.96121579429,0.0,0.0,True
california_housing,regression,controlled_mlp,2,GramDistance,representation,gram_distance__pivot_tie_v2__orthogonal_all__m5,5,False,validation,60626.178075449454,0.0,0.0,True
california_housing,regression,controlled_mlp,2,GramDistance,representation,gram_distance__pivot_tie_v2__orthogonal_all__m5,5,False,test,67907.96121579429,0.0,0.0,True
california_housing,regression,controlled_mlp,2,GramDistance,representation,gram_distance__pivot_tie_v2__orthogonal_all__m6,6,False,validation,60626.178075449454,0.0,0.0,True
california_housing,regression,controlled_mlp,2,GramDistance,representation,gram_distance__pivot_tie_v2__orthogonal_all__m6,6,False,test,67907.96121579429,0.0,0.0,True
california_housing,regression,controlled_mlp,2,GramDistance,representation,gram_distance__pivot_tie_v2__orthogonal_all__m7,7,False,validation,60626.178075449454,0.0,0.0,True
california_housing,regression,controlled_mlp,2,GramDistance,representation,gram_distance__pivot_tie_v2__orthogonal_all__m7,7,False,test,67907.96121579429,0.0,0.0,True
california_housing,regression,controlled_mlp,2,NystromGram,representation,nystrom_gram__nystrom_degeneracy_v3__rbf_reference,-1,True,validation,63081.45608404905,0.0,0.2615802111104131,False
california_housing,regression,controlled_mlp,2,NystromGram,representation,nystrom_gram__nystrom_degeneracy_v3__rbf_reference,-1,True,test,66493.6755690962,0.0,0.2615802111104131,False
california_housing,regression,controlled_mlp,2,NystromGram,representation,nystrom_gram__nystrom_degeneracy_v3__orthogonal_all__m0,0,False,validation,63081.45608404905,0.0,0.0,True
california_housing,regression,controlled_mlp,2,NystromGram,representation,nystrom_gram__nystrom_degeneracy_v3__orthogonal_all__m0,0,False,test,66493.6755690962,0.0,0.0,True
california_housing,regression,controlled_mlp,2,NystromGram,representation,nystrom_gram__nystrom_degeneracy_v3__orthogonal_all__m1,1,False,validation,63081.45608404905,0.0,0.0,True
california_housing,regression,controlled_mlp,2,NystromGram,representation,nystrom_gram__nystrom_degeneracy_v3__orthogonal_all__m1,1,False,test,66493.6755690962,0.0,0.0,True
california_housing,regression,controlled_mlp,2,NystromGram,representation,nystrom_gram__nystrom_degeneracy_v3__orthogonal_all__m2,2,False,validation,63081.45608404905,0.0,0.0,True
california_housing,regression,controlled_mlp,2,NystromGram,representation,nystrom_gram__nystrom_degeneracy_v3__orthogonal_all__m2,2,False,test,66493.6755690962,0.0,0.0,True
california_housing,regression,controlled_mlp,2,NystromGram,representation,nystrom_gram__nystrom_degeneracy_v3__orthogonal_all__m3,3,False,validation,63081.45608404905,0.0,0.0,True
california_housing,regression,controlled_mlp,2,NystromGram,representation,nystrom_gram__nystrom_degeneracy_v3__orthogonal_all__m3,3,False,test,66493.6755690962,0.0,0.0,True
california_housing,regression,controlled_mlp,2,NystromGram,representation,nystrom_gram__nystrom_degeneracy_v3__orthogonal_all__m4,4,False,validation,63081.45608404905,0.0,0.0,True
california_housing,regression,controlled_mlp,2,NystromGram,representation,nystrom_gram__nystrom_degeneracy_v3__orthogonal_all__m4,4,False,test,66493.6755690962,0.0,0.0,True
california_housing,regression,controlled_mlp,2,NystromGram,representation,nystrom_gram__nystrom_degeneracy_v3__orthogonal_all__m5,5,False,validation,63081.45608404905,0.0,0.0,True
california_housing,regression,controlled_mlp,2,NystromGram,representation,nystrom_gram__nystrom_degeneracy_v3__orthogonal_all__m5,5,False,test,66493.6755690962,0.0,0.0,True
california_housing,regression,controlled_mlp,2,NystromGram,representation,nystrom_gram__nystrom_degeneracy_v3__orthogonal_all__m6,6,False,validation,63081.45608404905,0.0,0.0,True
california_housing,regression,controlled_mlp,2,NystromGram,representation,nystrom_gram__nystrom_degeneracy_v3__orthogonal_all__m6,6,False,test,66493.6755690962,0.0,0.0,True
california_housing,regression,controlled_mlp,2,NystromGram,representation,nystrom_gram__nystrom_degeneracy_v3__orthogonal_all__m7,7,False,validation,63081.45608404905,0.0,0.0,True
california_housing,regression,controlled_mlp,2,NystromGram,representation,nystrom_gram__nystrom_degeneracy_v3__orthogonal_all__m7,7,False,test,66493.6755690962,0.0,0.0,True
california_housing,regression,controlled_mlp,2,HybridSpectral-t0.01,representation,hybrid_spectral__pivot_tie_v2__rbf_reference,-1,True,validation,60622.278076631745,0.0,0.7100138610694557,False
california_housing,regression,controlled_mlp,2,HybridSpectral-t0.01,representation,hybrid_spectral__pivot_tie_v2__rbf_reference,-1,True,test,65274.89001764123,0.0,0.7100138610694557,False
california_housing,regression,controlled_mlp,2,HybridSpectral-t0.01,representation,hybrid_spectral__pivot_tie_v2__orthogonal_all__m0,0,False,validation,60622.278076631745,0.0,0.0,True
california_housing,regression,controlled_mlp,2,HybridSpectral-t0.01,representation,hybrid_spectral__pivot_tie_v2__orthogonal_all__m0,0,False,test,65274.89001764123,0.0,0.0,True
california_housing,regression,controlled_mlp,2,HybridSpectral-t0.01,representation,hybrid_spectral__pivot_tie_v2__orthogonal_all__m1,1,False,validation,60622.278076631745,0.0,0.0,True
california_housing,regression,controlled_mlp,2,HybridSpectral-t0.01,representation,hybrid_spectral__pivot_tie_v2__orthogonal_all__m1,1,False,test,65274.89001764123,0.0,0.0,True
california_housing,regression,controlled_mlp,2,HybridSpectral-t0.01,representation,hybrid_spectral__pivot_tie_v2__orthogonal_all__m2,2,False,validation,60622.278076631745,0.0,0.0,True
california_housing,regression,controlled_mlp,2,HybridSpectral-t0.01,representation,hybrid_spectral__pivot_tie_v2__orthogonal_all__m2,2,False,test,65274.89001764123,0.0,0.0,True
california_housing,regression,controlled_mlp,2,HybridSpectral-t0.01,representation,hybrid_spectral__pivot_tie_v2__orthogonal_all__m3,3,False,validation,60622.278076631745,0.0,0.0,True
california_housing,regression,controlled_mlp,2,HybridSpectral-t0.01,representation,hybrid_spectral__pivot_tie_v2__orthogonal_all__m3,3,False,test,65274.89001764123,0.0,0.0,True
california_housing,regression,controlled_mlp,2,HybridSpectral-t0.01,representation,hybrid_spectral__pivot_tie_v2__orthogonal_all__m4,4,False,validation,60622.278076631745,0.0,0.0,True
california_housing,regression,controlled_mlp,2,HybridSpectral-t0.01,representation,hybrid_spectral__pivot_tie_v2__orthogonal_all__m4,4,False,test,65274.89001764123,0.0,0.0,True
california_housing,regression,controlled_mlp,2,HybridSpectral-t0.01,representation,hybrid_spectral__pivot_tie_v2__orthogonal_all__m5,5,False,validation,60622.278076631745,0.0,0.0,True
california_housing,regression,controlled_mlp,2,HybridSpectral-t0.01,representation,hybrid_spectral__pivot_tie_v2__orthogonal_all__m5,5,False,test,65274.89001764123,0.0,0.0,True
california_housing,regression,controlled_mlp,2,HybridSpectral-t0.01,representation,hybrid_spectral__pivot_tie_v2__orthogonal_all__m6,6,False,validation,60622.278076631745,0.0,0.0,True
california_housing,regression,controlled_mlp,2,HybridSpectral-t0.01,representation,hybrid_spectral__pivot_tie_v2__orthogonal_all__m6,6,False,test,65274.89001764123,0.0,0.0,True
california_housing,regression,controlled_mlp,2,HybridSpectral-t0.01,representation,hybrid_spectral__pivot_tie_v2__orthogonal_all__m7,7,False,validation,60622.278076631745,0.0,0.0,True
california_housing,regression,controlled_mlp,2,HybridSpectral-t0.01,representation,hybrid_spectral__pivot_tie_v2__orthogonal_all__m7,7,False,test,65274.89001764123,0.0,0.0,True
california_housing,regression,controlled_mlp,2,HybridSpectral-t0.05,representation,hybrid_spectral__pivot_tie_v2__rbf_reference,-1,True,validation,60622.278076631745,0.0,0.5273485311772674,False
california_housing,regression,controlled_mlp,2,HybridSpectral-t0.05,representation,hybrid_spectral__pivot_tie_v2__rbf_reference,-1,True,test,65274.89001764123,0.0,0.5273485311772674,False
california_housing,regression,controlled_mlp,2,HybridSpectral-t0.05,representation,hybrid_spectral__pivot_tie_v2__orthogonal_all__m0,0,False,validation,60622.278076631745,0.0,0.0,True
california_housing,regression,controlled_mlp,2,HybridSpectral-t0.05,representation,hybrid_spectral__pivot_tie_v2__orthogonal_all__m0,0,False,test,65274.89001764123,0.0,0.0,True
california_housing,regression,controlled_mlp,2,HybridSpectral-t0.05,representation,hybrid_spectral__pivot_tie_v2__orthogonal_all__m1,1,False,validation,60622.278076631745,0.0,0.0,True
california_housing,regression,controlled_mlp,2,HybridSpectral-t0.05,representation,hybrid_spectral__pivot_tie_v2__orthogonal_all__m1,1,False,test,65274.89001764123,0.0,0.0,True
california_housing,regression,controlled_mlp,2,HybridSpectral-t0.05,representation,hybrid_spectral__pivot_tie_v2__orthogonal_all__m2,2,False,validation,60622.278076631745,0.0,0.0,True
california_housing,regression,controlled_mlp,2,HybridSpectral-t0.05,representation,hybrid_spectral__pivot_tie_v2__orthogonal_all__m2,2,False,test,65274.89001764123,0.0,0.0,True
california_housing,regression,controlled_mlp,2,HybridSpectral-t0.05,representation,hybrid_spectral__pivot_tie_v2__orthogonal_all__m3,3,False,validation,60622.278076631745,0.0,0.0,True
california_housing,regression,controlled_mlp,2,HybridSpectral-t0.05,representation,hybrid_spectral__pivot_tie_v2__orthogonal_all__m3,3,False,test,65274.89001764123,0.0,0.0,True
california_housing,regression,controlled_mlp,2,HybridSpectral-t0.05,representation,hybrid_spectral__pivot_tie_v2__orthogonal_all__m4,4,False,validation,60622.278076631745,0.0,0.0,True
california_housing,regression,controlled_mlp,2,HybridSpectral-t0.05,representation,hybrid_spectral__pivot_tie_v2__orthogonal_all__m4,4,False,test,65274.89001764123,0.0,0.0,True
california_housing,regression,controlled_mlp,2,HybridSpectral-t0.05,representation,hybrid_spectral__pivot_tie_v2__orthogonal_all__m5,5,False,validation,60622.278076631745,0.0,0.0,True
california_housing,regression,controlled_mlp,2,HybridSpectral-t0.05,representation,hybrid_spectral__pivot_tie_v2__orthogonal_all__m5,5,False,test,65274.89001764123,0.0,0.0,True
california_housing,regression,controlled_mlp,2,HybridSpectral-t0.05,representation,hybrid_spectral__pivot_tie_v2__orthogonal_all__m6,6,False,validation,60622.278076631745,0.0,0.0,True
california_housing,regression,controlled_mlp,2,HybridSpectral-t0.05,representation,hybrid_spectral__pivot_tie_v2__orthogonal_all__m6,6,False,test,65274.89001764123,0.0,0.0,True
california_housing,regression,controlled_mlp,2,HybridSpectral-t0.05,representation,hybrid_spectral__pivot_tie_v2__orthogonal_all__m7,7,False,validation,60622.278076631745,0.0,0.0,True
california_housing,regression,controlled_mlp,2,HybridSpectral-t0.05,representation,hybrid_spectral__pivot_tie_v2__orthogonal_all__m7,7,False,test,65274.89001764123,0.0,0.0,True
california_housing,regression,controlled_mlp,2,HybridSpectral-t0.10,representation,hybrid_spectral__pivot_tie_v2__rbf_reference,-1,True,validation,60622.278076631745,0.0,0.6654539371374995,False
california_housing,regression,controlled_mlp,2,HybridSpectral-t0.10,representation,hybrid_spectral__pivot_tie_v2__rbf_reference,-1,True,test,65274.89001764123,0.0,0.6654539371374995,False
california_housing,regression,controlled_mlp,2,HybridSpectral-t0.10,representation,hybrid_spectral__pivot_tie_v2__orthogonal_all__m0,0,False,validation,60622.278076631745,0.0,0.0,True
california_housing,regression,controlled_mlp,2,HybridSpectral-t0.10,representation,hybrid_spectral__pivot_tie_v2__orthogonal_all__m0,0,False,test,65274.89001764123,0.0,0.0,True
california_housing,regression,controlled_mlp,2,HybridSpectral-t0.10,representation,hybrid_spectral__pivot_tie_v2__orthogonal_all__m1,1,False,validation,60622.278076631745,0.0,0.0,True
california_housing,regression,controlled_mlp,2,HybridSpectral-t0.10,representation,hybrid_spectral__pivot_tie_v2__orthogonal_all__m1,1,False,test,65274.89001764123,0.0,0.0,True
california_housing,regression,controlled_mlp,2,HybridSpectral-t0.10,representation,hybrid_spectral__pivot_tie_v2__orthogonal_all__m2,2,False,validation,60622.278076631745,0.0,0.0,True
california_housing,regression,controlled_mlp,2,HybridSpectral-t0.10,representation,hybrid_spectral__pivot_tie_v2__orthogonal_all__m2,2,False,test,65274.89001764123,0.0,0.0,True
california_housing,regression,controlled_mlp,2,HybridSpectral-t0.10,representation,hybrid_spectral__pivot_tie_v2__orthogonal_all__m3,3,False,validation,60622.278076631745,0.0,0.0,True
california_housing,regression,controlled_mlp,2,HybridSpectral-t0.10,representation,hybrid_spectral__pivot_tie_v2__orthogonal_all__m3,3,False,test,65274.89001764123,0.0,0.0,True
california_housing,regression,controlled_mlp,2,HybridSpectral-t0.10,representation,hybrid_spectral__pivot_tie_v2__orthogonal_all__m4,4,False,validation,60622.278076631745,0.0,0.0,True
california_housing,regression,controlled_mlp,2,HybridSpectral-t0.10,representation,hybrid_spectral__pivot_tie_v2__orthogonal_all__m4,4,False,test,65274.89001764123,0.0,0.0,True
california_housing,regression,controlled_mlp,2,HybridSpectral-t0.10,representation,hybrid_spectral__pivot_tie_v2__orthogonal_all__m5,5,False,validation,60622.278076631745,0.0,0.0,True
california_housing,regression,controlled_mlp,2,HybridSpectral-t0.10,representation,hybrid_spectral__pivot_tie_v2__orthogonal_all__m5,5,False,test,65274.89001764123,0.0,0.0,True
california_housing,regression,controlled_mlp,2,HybridSpectral-t0.10,representation,hybrid_spectral__pivot_tie_v2__orthogonal_all__m6,6,False,validation,60622.278076631745,0.0,0.0,True
california_housing,regression,controlled_mlp,2,HybridSpectral-t0.10,representation,hybrid_spectral__pivot_tie_v2__orthogonal_all__m6,6,False,test,65274.89001764123,0.0,0.0,True
california_housing,regression,controlled_mlp,2,HybridSpectral-t0.10,representation,hybrid_spectral__pivot_tie_v2__orthogonal_all__m7,7,False,validation,60622.278076631745,0.0,0.0,True
california_housing,regression,controlled_mlp,2,HybridSpectral-t0.10,representation,hybrid_spectral__pivot_tie_v2__orthogonal_all__m7,7,False,test,65274.89001764123,0.0,0.0,True
california_housing,regression,controlled_mlp,2,Raw+PCA@0.25,hybrid_prediction_mixture,rbf_reference,-1,True,validation,61125.60910658313,0.0,0.0,False
california_housing,regression,controlled_mlp,2,Raw+PCA@0.25,hybrid_prediction_mixture,rbf_reference,-1,True,test,64762.60561102364,0.0,0.0,False
california_housing,regression,controlled_mlp,2,Raw+PCA@0.25,hybrid_prediction_mixture,orthogonal_all__m0,0,False,validation,60999.52608326062,0.08850502138416055,0.0,True
california_housing,regression,controlled_mlp,2,Raw+PCA@0.25,hybrid_prediction_mixture,orthogonal_all__m0,0,False,test,65881.94970675519,0.08654272543533327,0.0,True
california_housing,regression,controlled_mlp,2,Raw+PCA@0.25,hybrid_prediction_mixture,orthogonal_all__m1,1,False,validation,61329.85673140261,0.16107508488862005,0.0,True
california_housing,regression,controlled_mlp,2,Raw+PCA@0.25,hybrid_prediction_mixture,orthogonal_all__m1,1,False,test,64237.59108577709,0.16342712279828506,0.0,True
california_housing,regression,controlled_mlp,2,Raw+PCA@0.25,hybrid_prediction_mixture,orthogonal_all__m2,2,False,validation,60198.045048416236,0.09469804166627604,0.0,True
california_housing,regression,controlled_mlp,2,Raw+PCA@0.25,hybrid_prediction_mixture,orthogonal_all__m2,2,False,test,64802.40185175753,0.09185060115231823,0.0,True
california_housing,regression,controlled_mlp,2,Raw+PCA@0.25,hybrid_prediction_mixture,orthogonal_all__m3,3,False,validation,62165.339367221306,0.14714452153203253,0.0,True
california_housing,regression,controlled_mlp,2,Raw+PCA@0.25,hybrid_prediction_mixture,orthogonal_all__m3,3,False,test,64567.9598481239,0.13595026884988823,0.0,True
california_housing,regression,controlled_mlp,2,Raw+PCA@0.25,hybrid_prediction_mixture,orthogonal_all__m4,4,False,validation,61215.722846123244,0.07440001768852647,0.0,True
california_housing,regression,controlled_mlp,2,Raw+PCA@0.25,hybrid_prediction_mixture,orthogonal_all__m4,4,False,test,65674.84576010997,0.07558964529298594,0.0,True
california_housing,regression,controlled_mlp,2,Raw+PCA@0.25,hybrid_prediction_mixture,orthogonal_all__m5,5,False,validation,60690.37415246124,0.07682357467241455,0.0,True
california_housing,regression,controlled_mlp,2,Raw+PCA@0.25,hybrid_prediction_mixture,orthogonal_all__m5,5,False,test,65347.64900196422,0.08162049853275655,0.0,True
california_housing,regression,controlled_mlp,2,Raw+PCA@0.25,hybrid_prediction_mixture,orthogonal_all__m6,6,False,validation,61422.03566624274,0.10570097697877419,0.0,True
california_housing,regression,controlled_mlp,2,Raw+PCA@0.25,hybrid_prediction_mixture,orthogonal_all__m6,6,False,test,64961.904844501245,0.09827110301119535,0.0,True
california_housing,regression,controlled_mlp,2,Raw+PCA@0.25,hybrid_prediction_mixture,orthogonal_all__m7,7,False,validation,61592.231573676145,0.17556260759143427,0.0,True
california_housing,regression,controlled_mlp,2,Raw+PCA@0.25,hybrid_prediction_mixture,orthogonal_all__m7,7,False,test,64474.78114387622,0.1681717129421955,0.0,True
california_housing,regression,controlled_mlp,2,Raw+PCA@0.5,hybrid_prediction_mixture,rbf_reference,-1,True,validation,60762.84674132007,0.0,0.0,False
california_housing,regression,controlled_mlp,2,Raw+PCA@0.5,hybrid_prediction_mixture,rbf_reference,-1,True,test,64682.3660696706,0.0,0.0,False
california_housing,regression,controlled_mlp,2,Raw+PCA@0.5,hybrid_prediction_mixture,orthogonal_all__m0,0,False,validation,60665.305656638215,0.05900334758944037,0.0,True
california_housing,regression,controlled_mlp,2,Raw+PCA@0.5,hybrid_prediction_mixture,orthogonal_all__m0,0,False,test,65446.84333791031,0.05769515029022217,0.0,True
california_housing,regression,controlled_mlp,2,Raw+PCA@0.5,hybrid_prediction_mixture,orthogonal_all__m1,1,False,validation,60475.544421642655,0.10738338992574668,0.0,True
california_housing,regression,controlled_mlp,2,Raw+PCA@0.5,hybrid_prediction_mixture,orthogonal_all__m1,1,False,test,63831.852836967264,0.1089514151988567,0.0,True
california_housing,regression,controlled_mlp,2,Raw+PCA@0.5,hybrid_prediction_mixture,orthogonal_all__m2,2,False,validation,60138.712726754886,0.06313202777751736,0.0,True
california_housing,regression,controlled_mlp,2,Raw+PCA@0.5,hybrid_prediction_mixture,orthogonal_all__m2,2,False,test,64734.84125742856,0.061233734101545485,0.0,True
california_housing,regression,controlled_mlp,2,Raw+PCA@0.5,hybrid_prediction_mixture,orthogonal_all__m3,3,False,validation,61139.2762387633,0.09809634768802168,0.0,True
california_housing,regression,controlled_mlp,2,Raw+PCA@0.5,hybrid_prediction_mixture,orthogonal_all__m3,3,False,test,64310.26670139561,0.09063351256659215,0.0,True
california_housing,regression,controlled_mlp,2,Raw+PCA@0.5,hybrid_prediction_mixture,orthogonal_all__m4,4,False,validation,60845.539453789555,0.04960001179235099,0.0,True
california_housing,regression,controlled_mlp,2,Raw+PCA@0.5,hybrid_prediction_mixture,orthogonal_all__m4,4,False,test,65314.9973413472,0.050393096861990616,0.0,True
california_housing,regression,controlled_mlp,2,Raw+PCA@0.5,hybrid_prediction_mixture,orthogonal_all__m5,5,False,validation,60454.483226384764,0.05121571644827636,0.0,True
california_housing,regression,controlled_mlp,2,Raw+PCA@0.5,hybrid_prediction_mixture,orthogonal_all__m5,5,False,test,65061.0172735025,0.05441366568850437,0.0,True
california_housing,regression,controlled_mlp,2,Raw+PCA@0.5,hybrid_prediction_mixture,orthogonal_all__m6,6,False,validation,60827.562929782565,0.07046731798584945,0.0,True
california_housing,regression,controlled_mlp,2,Raw+PCA@0.5,hybrid_prediction_mixture,orthogonal_all__m6,6,False,test,64712.22817118344,0.06551406867413025,0.0,True
california_housing,regression,controlled_mlp,2,Raw+PCA@0.5,hybrid_prediction_mixture,orthogonal_all__m7,7,False,validation,60551.25947858782,0.11704173839428952,0.0,True
california_housing,regression,controlled_mlp,2,Raw+PCA@0.5,hybrid_prediction_mixture,orthogonal_all__m7,7,False,test,63977.341877028775,0.11211447529479701,0.0,True
california_housing,regression,controlled_mlp,2,Raw+PCA@0.75,hybrid_prediction_mixture,rbf_reference,-1,True,validation,60594.530590766764,0.0,0.0,False
california_housing,regression,controlled_mlp,2,Raw+PCA@0.75,hybrid_prediction_mixture,rbf_reference,-1,True,test,64853.78847755042,0.0,0.0,False
california_housing,regression,controlled_mlp,2,Raw+PCA@0.75,hybrid_prediction_mixture,orthogonal_all__m0,0,False,validation,60539.12403762017,0.029501673794720185,0.0,True
california_housing,regression,controlled_mlp,2,Raw+PCA@0.75,hybrid_prediction_mixture,orthogonal_all__m0,0,False,test,65243.76827359689,0.028847575145111087,0.0,True
california_housing,regression,controlled_mlp,2,Raw+PCA@0.75,hybrid_prediction_mixture,orthogonal_all__m1,1,False,validation,60237.264107464536,0.05369169496287334,0.0,True
california_housing,regression,controlled_mlp,2,Raw+PCA@0.75,hybrid_prediction_mixture,orthogonal_all__m1,1,False,test,64181.6679054753,0.05447570759942835,0.0,True
california_housing,regression,controlled_mlp,2,Raw+PCA@0.75,hybrid_prediction_mixture,orthogonal_all__m2,2,False,validation,60280.595403252155,0.03156601388875868,0.0,True
california_housing,regression,controlled_mlp,2,Raw+PCA@0.75,hybrid_prediction_mixture,orthogonal_all__m2,2,False,test,64892.883575437045,0.030616867050772743,0.0,True
california_housing,regression,controlled_mlp,2,Raw+PCA@0.75,hybrid_prediction_mixture,orthogonal_all__m3,3,False,validation,60620.581618311444,0.04904817384401084,0.0,True
california_housing,regression,controlled_mlp,2,Raw+PCA@0.75,hybrid_prediction_mixture,orthogonal_all__m3,3,False,test,64547.71117747936,0.045316756283296074,0.0,True
california_housing,regression,controlled_mlp,2,Raw+PCA@0.75,hybrid_prediction_mixture,orthogonal_all__m4,4,False,validation,60647.16305418872,0.024800005896175495,0.0,True
california_housing,regression,controlled_mlp,2,Raw+PCA@0.75,hybrid_prediction_mixture,orthogonal_all__m4,4,False,test,65181.21547290362,0.025196548430995308,0.0,True
california_housing,regression,controlled_mlp,2,Raw+PCA@0.75,hybrid_prediction_mixture,orthogonal_all__m5,5,False,validation,60431.70520130258,0.02560785822413818,0.0,True
california_housing,regression,controlled_mlp,2,Raw+PCA@0.75,hybrid_prediction_mixture,orthogonal_all__m5,5,False,test,65036.666478723055,0.027206832844252186,0.0,True
california_housing,regression,controlled_mlp,2,Raw+PCA@0.75,hybrid_prediction_mixture,orthogonal_all__m6,6,False,validation,60559.53445278519,0.03523365899292472,0.0,True
california_housing,regression,controlled_mlp,2,Raw+PCA@0.75,hybrid_prediction_mixture,orthogonal_all__m6,6,False,test,64817.12640884561,0.03275703433706512,0.0,True
california_housing,regression,controlled_mlp,2,Raw+PCA@0.75,hybrid_prediction_mixture,orthogonal_all__m7,7,False,validation,60224.089731529406,0.05852086919714476,0.0,True
california_housing,regression,controlled_mlp,2,Raw+PCA@0.75,hybrid_prediction_mixture,orthogonal_all__m7,7,False,test,64247.217064214405,0.056057237647398506,0.0,True
california_housing,regression,controlled_mlp,2,Raw+PCA@1,hybrid_prediction_mixture,rbf_reference,-1,True,validation,60622.28030080568,0.0,0.0,False
california_housing,regression,controlled_mlp,2,Raw+PCA@1,hybrid_prediction_mixture,rbf_reference,-1,True,test,65274.89014995678,0.0,0.0,False
california_housing,regression,controlled_mlp,2,Raw+PCA@1,hybrid_prediction_mixture,orthogonal_all__m0,0,False,validation,60622.28030080568,0.0,0.0,True
california_housing,regression,controlled_mlp,2,Raw+PCA@1,hybrid_prediction_mixture,orthogonal_all__m0,0,False,test,65274.89014995678,0.0,0.0,True
california_housing,regression,controlled_mlp,2,Raw+PCA@1,hybrid_prediction_mixture,orthogonal_all__m1,1,False,validation,60622.28030080568,0.0,0.0,True
california_housing,regression,controlled_mlp,2,Raw+PCA@1,hybrid_prediction_mixture,orthogonal_all__m1,1,False,test,65274.89014995678,0.0,0.0,True
california_housing,regression,controlled_mlp,2,Raw+PCA@1,hybrid_prediction_mixture,orthogonal_all__m2,2,False,validation,60622.28030080568,0.0,0.0,True
california_housing,regression,controlled_mlp,2,Raw+PCA@1,hybrid_prediction_mixture,orthogonal_all__m2,2,False,test,65274.89014995678,0.0,0.0,True
california_housing,regression,controlled_mlp,2,Raw+PCA@1,hybrid_prediction_mixture,orthogonal_all__m3,3,False,validation,60622.28030080568,0.0,0.0,True
california_housing,regression,controlled_mlp,2,Raw+PCA@1,hybrid_prediction_mixture,orthogonal_all__m3,3,False,test,65274.89014995678,0.0,0.0,True
california_housing,regression,controlled_mlp,2,Raw+PCA@1,hybrid_prediction_mixture,orthogonal_all__m4,4,False,validation,60622.28030080568,0.0,0.0,True
california_housing,regression,controlled_mlp,2,Raw+PCA@1,hybrid_prediction_mixture,orthogonal_all__m4,4,False,test,65274.89014995678,0.0,0.0,True
california_housing,regression,controlled_mlp,2,Raw+PCA@1,hybrid_prediction_mixture,orthogonal_all__m5,5,False,validation,60622.28030080568,0.0,0.0,True
california_housing,regression,controlled_mlp,2,Raw+PCA@1,hybrid_prediction_mixture,orthogonal_all__m5,5,False,test,65274.89014995678,0.0,0.0,True
california_housing,regression,controlled_mlp,2,Raw+PCA@1,hybrid_prediction_mixture,orthogonal_all__m6,6,False,validation,60622.28030080568,0.0,0.0,True
california_housing,regression,controlled_mlp,2,Raw+PCA@1,hybrid_prediction_mixture,orthogonal_all__m6,6,False,test,65274.89014995678,0.0,0.0,True
california_housing,regression,controlled_mlp,2,Raw+PCA@1,hybrid_prediction_mixture,orthogonal_all__m7,7,False,validation,60622.28030080568,0.0,0.0,True
california_housing,regression,controlled_mlp,2,Raw+PCA@1,hybrid_prediction_mixture,orthogonal_all__m7,7,False,test,65274.89014995678,0.0,0.0,True
california_housing,regression,controlled_mlp,2,Raw+GramAnchor@0.25,hybrid_prediction_mixture,rbf_reference,-1,True,validation,60461.199166023354,0.0,0.0,False
california_housing,regression,controlled_mlp,2,Raw+GramAnchor@0.25,hybrid_prediction_mixture,rbf_reference,-1,True,test,64271.99179902293,0.0,0.0,False
california_housing,regression,controlled_mlp,2,Raw+GramAnchor@0.25,hybrid_prediction_mixture,orthogonal_all__m0,0,False,validation,60166.84089026327,0.08850502138416055,0.0,True
california_housing,regression,controlled_mlp,2,Raw+GramAnchor@0.25,hybrid_prediction_mixture,orthogonal_all__m0,0,False,test,65217.529821748234,0.08654272543533327,0.0,True
california_housing,regression,controlled_mlp,2,Raw+GramAnchor@0.25,hybrid_prediction_mixture,orthogonal_all__m1,1,False,validation,60670.36233097483,0.16107508488862005,0.0,True
california_housing,regression,controlled_mlp,2,Raw+GramAnchor@0.25,hybrid_prediction_mixture,orthogonal_all__m1,1,False,test,63843.605797180964,0.16342712279828506,0.0,True
california_housing,regression,controlled_mlp,2,Raw+GramAnchor@0.25,hybrid_prediction_mixture,orthogonal_all__m2,2,False,validation,59408.61325222689,0.09469804166627604,0.0,True
california_housing,regression,controlled_mlp,2,Raw+GramAnchor@0.25,hybrid_prediction_mixture,orthogonal_all__m2,2,False,test,64202.44646438528,0.09185060115231823,0.0,True
california_housing,regression,controlled_mlp,2,Raw+GramAnchor@0.25,hybrid_prediction_mixture,orthogonal_all__m3,3,False,validation,61462.7762919073,0.14714452153203253,0.0,True
california_housing,regression,controlled_mlp,2,Raw+GramAnchor@0.25,hybrid_prediction_mixture,orthogonal_all__m3,3,False,test,64039.840804991436,0.13595026884988823,0.0,True
california_housing,regression,controlled_mlp,2,Raw+GramAnchor@0.25,hybrid_prediction_mixture,orthogonal_all__m4,4,False,validation,60392.3976431944,0.07440001768852647,0.0,True
california_housing,regression,controlled_mlp,2,Raw+GramAnchor@0.25,hybrid_prediction_mixture,orthogonal_all__m4,4,False,test,65056.83594113069,0.07558964529298594,0.0,True
california_housing,regression,controlled_mlp,2,Raw+GramAnchor@0.25,hybrid_prediction_mixture,orthogonal_all__m5,5,False,validation,59979.53444531337,0.07682357467241455,0.0,True
california_housing,regression,controlled_mlp,2,Raw+GramAnchor@0.25,hybrid_prediction_mixture,orthogonal_all__m5,5,False,test,64796.47445393843,0.08162049853275655,0.0,True
california_housing,regression,controlled_mlp,2,Raw+GramAnchor@0.25,hybrid_prediction_mixture,orthogonal_all__m6,6,False,validation,60750.615314340255,0.10570097697877419,0.0,True
california_housing,regression,controlled_mlp,2,Raw+GramAnchor@0.25,hybrid_prediction_mixture,orthogonal_all__m6,6,False,test,64404.51247523634,0.09827110301119535,0.0,True
california_housing,regression,controlled_mlp,2,Raw+GramAnchor@0.25,hybrid_prediction_mixture,orthogonal_all__m7,7,False,validation,60947.853199848,0.17556260759143427,0.0,True
california_housing,regression,controlled_mlp,2,Raw+GramAnchor@0.25,hybrid_prediction_mixture,orthogonal_all__m7,7,False,test,64085.45471885805,0.1681717129421955,0.0,True
california_housing,regression,controlled_mlp,2,Raw+GramAnchor@0.5,hybrid_prediction_mixture,rbf_reference,-1,True,validation,59616.31040456854,0.0,0.0,False
california_housing,regression,controlled_mlp,2,Raw+GramAnchor@0.5,hybrid_prediction_mixture,rbf_reference,-1,True,test,63840.884066284394,0.0,0.0,False
california_housing,regression,controlled_mlp,2,Raw+GramAnchor@0.5,hybrid_prediction_mixture,orthogonal_all__m0,0,False,validation,59291.20473063619,0.05900334758944037,0.0,True
california_housing,regression,controlled_mlp,2,Raw+GramAnchor@0.5,hybrid_prediction_mixture,orthogonal_all__m0,0,False,test,64369.30459228393,0.05769515029022217,0.0,True
california_housing,regression,controlled_mlp,2,Raw+GramAnchor@0.5,hybrid_prediction_mixture,orthogonal_all__m1,1,False,validation,59327.108128451684,0.10738338992574668,0.0,True
california_housing,regression,controlled_mlp,2,Raw+GramAnchor@0.5,hybrid_prediction_mixture,orthogonal_all__m1,1,False,test,63114.82260497664,0.1089514151988567,0.0,True
california_housing,regression,controlled_mlp,2,Raw+GramAnchor@0.5,hybrid_prediction_mixture,orthogonal_all__m2,2,False,validation,58825.69113225585,0.06313202777751736,0.0,True
california_housing,regression,controlled_mlp,2,Raw+GramAnchor@0.5,hybrid_prediction_mixture,orthogonal_all__m2,2,False,test,63746.85618323655,0.061233734101545485,0.0,True
california_housing,regression,controlled_mlp,2,Raw+GramAnchor@0.5,hybrid_prediction_mixture,orthogonal_all__m3,3,False,validation,59932.41694645611,0.09809634768802168,0.0,True
california_housing,regression,controlled_mlp,2,Raw+GramAnchor@0.5,hybrid_prediction_mixture,orthogonal_all__m3,3,False,test,63415.36331199161,0.09063351256659215,0.0,True
california_housing,regression,controlled_mlp,2,Raw+GramAnchor@0.5,hybrid_prediction_mixture,orthogonal_all__m4,4,False,validation,59484.23767411695,0.04960001179235099,0.0,True
california_housing,regression,controlled_mlp,2,Raw+GramAnchor@0.5,hybrid_prediction_mixture,orthogonal_all__m4,4,False,test,64300.71901664182,0.050393096861990616,0.0,True
california_housing,regression,controlled_mlp,2,Raw+GramAnchor@0.5,hybrid_prediction_mixture,orthogonal_all__m5,5,False,validation,59245.82257907604,0.05121571644827636,0.0,True
california_housing,regression,controlled_mlp,2,Raw+GramAnchor@0.5,hybrid_prediction_mixture,orthogonal_all__m5,5,False,test,64136.9732399231,0.05441366568850437,0.0,True
california_housing,regression,controlled_mlp,2,Raw+GramAnchor@0.5,hybrid_prediction_mixture,orthogonal_all__m6,6,False,validation,59668.353201498074,0.07046731798584945,0.0,True
california_housing,regression,controlled_mlp,2,Raw+GramAnchor@0.5,hybrid_prediction_mixture,orthogonal_all__m6,6,False,test,63779.20409785682,0.06551406867413025,0.0,True
california_housing,regression,controlled_mlp,2,Raw+GramAnchor@0.5,hybrid_prediction_mixture,orthogonal_all__m7,7,False,validation,59421.07665851816,0.11704173839428952,0.0,True
california_housing,regression,controlled_mlp,2,Raw+GramAnchor@0.5,hybrid_prediction_mixture,orthogonal_all__m7,7,False,test,63266.28341036501,0.11211447529479701,0.0,True
california_housing,regression,controlled_mlp,2,Raw+GramAnchor@0.75,hybrid_prediction_mixture,rbf_reference,-1,True,validation,59160.71632528873,0.0,0.0,False
california_housing,regression,controlled_mlp,2,Raw+GramAnchor@0.75,hybrid_prediction_mixture,rbf_reference,-1,True,test,63808.168293867224,0.0,0.0,False
california_housing,regression,controlled_mlp,2,Raw+GramAnchor@0.75,hybrid_prediction_mixture,orthogonal_all__m0,0,False,validation,58933.59654931467,0.029501673794720185,0.0,True
california_housing,regression,controlled_mlp,2,Raw+GramAnchor@0.75,hybrid_prediction_mixture,orthogonal_all__m0,0,False,test,64018.894197486414,0.028847575145111087,0.0,True
california_housing,regression,controlled_mlp,2,Raw+GramAnchor@0.75,hybrid_prediction_mixture,orthogonal_all__m1,1,False,validation,58797.5018899018,0.05369169496287334,0.0,True
california_housing,regression,controlled_mlp,2,Raw+GramAnchor@0.75,hybrid_prediction_mixture,orthogonal_all__m1,1,False,test,63226.56881923926,0.05447570759942835,0.0,True
california_housing,regression,controlled_mlp,2,Raw+GramAnchor@0.75,hybrid_prediction_mixture,orthogonal_all__m2,2,False,validation,58723.1264982994,0.03156601388875868,0.0,True
california_housing,regression,controlled_mlp,2,Raw+GramAnchor@0.75,hybrid_prediction_mixture,orthogonal_all__m2,2,False,test,63737.459957498824,0.030616867050772743,0.0,True
california_housing,regression,controlled_mlp,2,Raw+GramAnchor@0.75,hybrid_prediction_mixture,orthogonal_all__m3,3,False,validation,59136.07248771917,0.04904817384401084,0.0,True
california_housing,regression,controlled_mlp,2,Raw+GramAnchor@0.75,hybrid_prediction_mixture,orthogonal_all__m3,3,False,test,63460.707579367176,0.045316756283296074,0.0,True
california_housing,regression,controlled_mlp,2,Raw+GramAnchor@0.75,hybrid_prediction_mixture,orthogonal_all__m4,4,False,validation,59051.09701525333,0.024800005896175495,0.0,True
california_housing,regression,controlled_mlp,2,Raw+GramAnchor@0.75,hybrid_prediction_mixture,orthogonal_all__m4,4,False,test,64004.4686285653,0.025196548430995308,0.0,True
california_housing,regression,controlled_mlp,2,Raw+GramAnchor@0.75,hybrid_prediction_mixture,orthogonal_all__m5,5,False,validation,58951.59653233414,0.02560785822413818,0.0,True
california_housing,regression,controlled_mlp,2,Raw+GramAnchor@0.75,hybrid_prediction_mixture,orthogonal_all__m5,5,False,test,63928.166523713066,0.027206832844252186,0.0,True
california_housing,regression,controlled_mlp,2,Raw+GramAnchor@0.75,hybrid_prediction_mixture,orthogonal_all__m6,6,False,validation,59114.33592189804,0.03523365899292472,0.0,True
california_housing,regression,controlled_mlp,2,Raw+GramAnchor@0.75,hybrid_prediction_mixture,orthogonal_all__m6,6,False,test,63701.85742103647,0.03275703433706512,0.0,True
california_housing,regression,controlled_mlp,2,Raw+GramAnchor@0.75,hybrid_prediction_mixture,orthogonal_all__m7,7,False,validation,58796.730403138485,0.05852086919714476,0.0,True
california_housing,regression,controlled_mlp,2,Raw+GramAnchor@0.75,hybrid_prediction_mixture,orthogonal_all__m7,7,False,test,63296.34760640853,0.056057237647398506,0.0,True
california_housing,regression,controlled_mlp,2,Raw+GramAnchor@1,hybrid_prediction_mixture,rbf_reference,-1,True,validation,59103.42015650019,0.0,0.0,False
california_housing,regression,controlled_mlp,2,Raw+GramAnchor@1,hybrid_prediction_mixture,rbf_reference,-1,True,test,64174.45377854668,0.0,0.0,False
california_housing,regression,controlled_mlp,2,Raw+GramAnchor@1,hybrid_prediction_mixture,orthogonal_all__m0,0,False,validation,59103.42015650019,0.0,0.0,True
california_housing,regression,controlled_mlp,2,Raw+GramAnchor@1,hybrid_prediction_mixture,orthogonal_all__m0,0,False,test,64174.45377854668,0.0,0.0,True
california_housing,regression,controlled_mlp,2,Raw+GramAnchor@1,hybrid_prediction_mixture,orthogonal_all__m1,1,False,validation,59103.42015650019,0.0,0.0,True
california_housing,regression,controlled_mlp,2,Raw+GramAnchor@1,hybrid_prediction_mixture,orthogonal_all__m1,1,False,test,64174.45377854668,0.0,0.0,True
california_housing,regression,controlled_mlp,2,Raw+GramAnchor@1,hybrid_prediction_mixture,orthogonal_all__m2,2,False,validation,59103.42015650019,0.0,0.0,True
california_housing,regression,controlled_mlp,2,Raw+GramAnchor@1,hybrid_prediction_mixture,orthogonal_all__m2,2,False,test,64174.45377854668,0.0,0.0,True
california_housing,regression,controlled_mlp,2,Raw+GramAnchor@1,hybrid_prediction_mixture,orthogonal_all__m3,3,False,validation,59103.42015650019,0.0,0.0,True
california_housing,regression,controlled_mlp,2,Raw+GramAnchor@1,hybrid_prediction_mixture,orthogonal_all__m3,3,False,test,64174.45377854668,0.0,0.0,True
california_housing,regression,controlled_mlp,2,Raw+GramAnchor@1,hybrid_prediction_mixture,orthogonal_all__m4,4,False,validation,59103.42015650019,0.0,0.0,True
california_housing,regression,controlled_mlp,2,Raw+GramAnchor@1,hybrid_prediction_mixture,orthogonal_all__m4,4,False,test,64174.45377854668,0.0,0.0,True
california_housing,regression,controlled_mlp,2,Raw+GramAnchor@1,hybrid_prediction_mixture,orthogonal_all__m5,5,False,validation,59103.42015650019,0.0,0.0,True
california_housing,regression,controlled_mlp,2,Raw+GramAnchor@1,hybrid_prediction_mixture,orthogonal_all__m5,5,False,test,64174.45377854668,0.0,0.0,True
california_housing,regression,controlled_mlp,2,Raw+GramAnchor@1,hybrid_prediction_mixture,orthogonal_all__m6,6,False,validation,59103.42015650019,0.0,0.0,True
california_housing,regression,controlled_mlp,2,Raw+GramAnchor@1,hybrid_prediction_mixture,orthogonal_all__m6,6,False,test,64174.45377854668,0.0,0.0,True
california_housing,regression,controlled_mlp,2,Raw+GramAnchor@1,hybrid_prediction_mixture,orthogonal_all__m7,7,False,validation,59103.42015650019,0.0,0.0,True
california_housing,regression,controlled_mlp,2,Raw+GramAnchor@1,hybrid_prediction_mixture,orthogonal_all__m7,7,False,test,64174.45377854668,0.0,0.0,True
california_housing,regression,controlled_mlp,2,Raw+GramAnchor-m8@0.25,hybrid_prediction_mixture,rbf_reference,-1,True,validation,60327.4914408828,0.0,0.0,False
california_housing,regression,controlled_mlp,2,Raw+GramAnchor-m8@0.25,hybrid_prediction_mixture,rbf_reference,-1,True,test,64408.55621399183,0.0,0.0,False
california_housing,regression,controlled_mlp,2,Raw+GramAnchor-m8@0.25,hybrid_prediction_mixture,orthogonal_all__m0,0,False,validation,60031.92486980622,0.08850502138416055,0.0,True
california_housing,regression,controlled_mlp,2,Raw+GramAnchor-m8@0.25,hybrid_prediction_mixture,orthogonal_all__m0,0,False,test,65310.987827781,0.08654272543533327,0.0,True
california_housing,regression,controlled_mlp,2,Raw+GramAnchor-m8@0.25,hybrid_prediction_mixture,orthogonal_all__m1,1,False,validation,60623.919381951826,0.16107508488862005,0.0,True
california_housing,regression,controlled_mlp,2,Raw+GramAnchor-m8@0.25,hybrid_prediction_mixture,orthogonal_all__m1,1,False,test,63968.40468990775,0.16342712279828506,0.0,True
california_housing,regression,controlled_mlp,2,Raw+GramAnchor-m8@0.25,hybrid_prediction_mixture,orthogonal_all__m2,2,False,validation,59292.55597740386,0.09469804166627604,0.0,True
california_housing,regression,controlled_mlp,2,Raw+GramAnchor-m8@0.25,hybrid_prediction_mixture,orthogonal_all__m2,2,False,test,64263.4623823251,0.09185060115231823,0.0,True
california_housing,regression,controlled_mlp,2,Raw+GramAnchor-m8@0.25,hybrid_prediction_mixture,orthogonal_all__m3,3,False,validation,61420.74281693892,0.14714452153203253,0.0,True
california_housing,regression,controlled_mlp,2,Raw+GramAnchor-m8@0.25,hybrid_prediction_mixture,orthogonal_all__m3,3,False,test,64153.922513415164,0.13595026884988823,0.0,True
california_housing,regression,controlled_mlp,2,Raw+GramAnchor-m8@0.25,hybrid_prediction_mixture,orthogonal_all__m4,4,False,validation,60252.46642113763,0.07440001768852647,0.0,True
california_housing,regression,controlled_mlp,2,Raw+GramAnchor-m8@0.25,hybrid_prediction_mixture,orthogonal_all__m4,4,False,test,65146.58863446512,0.07558964529298594,0.0,True
california_housing,regression,controlled_mlp,2,Raw+GramAnchor-m8@0.25,hybrid_prediction_mixture,orthogonal_all__m5,5,False,validation,59825.512610707,0.07682357467241455,0.0,True
california_housing,regression,controlled_mlp,2,Raw+GramAnchor-m8@0.25,hybrid_prediction_mixture,orthogonal_all__m5,5,False,test,64880.579971294304,0.08162049853275655,0.0,True
california_housing,regression,controlled_mlp,2,Raw+GramAnchor-m8@0.25,hybrid_prediction_mixture,orthogonal_all__m6,6,False,validation,60601.50456531317,0.10570097697877419,0.0,True
california_housing,regression,controlled_mlp,2,Raw+GramAnchor-m8@0.25,hybrid_prediction_mixture,orthogonal_all__m6,6,False,test,64502.32140738774,0.09827110301119535,0.0,True
california_housing,regression,controlled_mlp,2,Raw+GramAnchor-m8@0.25,hybrid_prediction_mixture,orthogonal_all__m7,7,False,validation,60929.27176769443,0.17556260759143427,0.0,True
california_housing,regression,controlled_mlp,2,Raw+GramAnchor-m8@0.25,hybrid_prediction_mixture,orthogonal_all__m7,7,False,test,64251.6032510344,0.1681717129421955,0.0,True
california_housing,regression,controlled_mlp,2,Raw+GramAnchor-m8@0.5,hybrid_prediction_mixture,rbf_reference,-1,True,validation,59241.89160625793,0.0,0.0,False
california_housing,regression,controlled_mlp,2,Raw+GramAnchor-m8@0.5,hybrid_prediction_mixture,rbf_reference,-1,True,test,64019.312883006874,0.0,0.0,False
california_housing,regression,controlled_mlp,2,Raw+GramAnchor-m8@0.5,hybrid_prediction_mixture,orthogonal_all__m0,0,False,validation,58913.968935915684,0.05900334758944037,0.0,True
california_housing,regression,controlled_mlp,2,Raw+GramAnchor-m8@0.5,hybrid_prediction_mixture,orthogonal_all__m0,0,False,test,64490.74082625097,0.05769515029022217,0.0,True
california_housing,regression,controlled_mlp,2,Raw+GramAnchor-m8@0.5,hybrid_prediction_mixture,orthogonal_all__m1,1,False,validation,59069.669342683104,0.10738338992574668,0.0,True
california_housing,regression,controlled_mlp,2,Raw+GramAnchor-m8@0.5,hybrid_prediction_mixture,orthogonal_all__m1,1,False,test,63278.20789400434,0.1089514151988567,0.0,True
california_housing,regression,controlled_mlp,2,Raw+GramAnchor-m8@0.5,hybrid_prediction_mixture,orthogonal_all__m2,2,False,validation,58473.28325358674,0.06313202777751736,0.0,True
california_housing,regression,controlled_mlp,2,Raw+GramAnchor-m8@0.5,hybrid_prediction_mixture,orthogonal_all__m2,2,False,test,63823.94528978748,0.061233734101545485,0.0,True
california_housing,regression,controlled_mlp,2,Raw+GramAnchor-m8@0.5,hybrid_prediction_mixture,orthogonal_all__m3,3,False,validation,59682.817757737386,0.09809634768802168,0.0,True
california_housing,regression,controlled_mlp,2,Raw+GramAnchor-m8@0.5,hybrid_prediction_mixture,orthogonal_all__m3,3,False,test,63564.06810456097,0.09063351256659215,0.0,True
california_housing,regression,controlled_mlp,2,Raw+GramAnchor-m8@0.5,hybrid_prediction_mixture,orthogonal_all__m4,4,False,validation,59100.73025672689,0.04960001179235099,0.0,True
california_housing,regression,controlled_mlp,2,Raw+GramAnchor-m8@0.5,hybrid_prediction_mixture,orthogonal_all__m4,4,False,test,64416.97738493344,0.050393096861990616,0.0,True
california_housing,regression,controlled_mlp,2,Raw+GramAnchor-m8@0.5,hybrid_prediction_mixture,orthogonal_all__m5,5,False,validation,58842.97011345718,0.05121571644827636,0.0,True
california_housing,regression,controlled_mlp,2,Raw+GramAnchor-m8@0.5,hybrid_prediction_mixture,orthogonal_all__m5,5,False,test,64245.439080804055,0.05441366568850437,0.0,True
california_housing,regression,controlled_mlp,2,Raw+GramAnchor-m8@0.5,hybrid_prediction_mixture,orthogonal_all__m6,6,False,validation,59272.39601491662,0.07046731798584945,0.0,True
california_housing,regression,controlled_mlp,2,Raw+GramAnchor-m8@0.5,hybrid_prediction_mixture,orthogonal_all__m6,6,False,test,63906.031747293186,0.06551406867413025,0.0,True
california_housing,regression,controlled_mlp,2,Raw+GramAnchor-m8@0.5,hybrid_prediction_mixture,orthogonal_all__m7,7,False,validation,59201.99246741083,0.11704173839428952,0.0,True
california_housing,regression,controlled_mlp,2,Raw+GramAnchor-m8@0.5,hybrid_prediction_mixture,orthogonal_all__m7,7,False,test,63485.717556044576,0.11211447529479701,0.0,True
california_housing,regression,controlled_mlp,2,Raw+GramAnchor-m8@0.75,hybrid_prediction_mixture,rbf_reference,-1,True,validation,58437.43033154168,0.0,0.0,False
california_housing,regression,controlled_mlp,2,Raw+GramAnchor-m8@0.75,hybrid_prediction_mixture,rbf_reference,-1,True,test,63931.24917197657,0.0,0.0,False
california_housing,regression,controlled_mlp,2,Raw+GramAnchor-m8@0.75,hybrid_prediction_mixture,orthogonal_all__m0,0,False,validation,58206.91841846169,0.029501673794720185,0.0,True
california_housing,regression,controlled_mlp,2,Raw+GramAnchor-m8@0.75,hybrid_prediction_mixture,orthogonal_all__m0,0,False,test,64099.66337799672,0.028847575145111087,0.0,True
california_housing,regression,controlled_mlp,2,Raw+GramAnchor-m8@0.75,hybrid_prediction_mixture,orthogonal_all__m1,1,False,validation,58160.17755326137,0.05369169496287334,0.0,True
california_housing,regression,controlled_mlp,2,Raw+GramAnchor-m8@0.75,hybrid_prediction_mixture,orthogonal_all__m1,1,False,test,63337.97358578477,0.05447570759942835,0.0,True
california_housing,regression,controlled_mlp,2,Raw+GramAnchor-m8@0.75,hybrid_prediction_mixture,orthogonal_all__m2,2,False,validation,58014.84930767669,0.03156601388875868,0.0,True
california_housing,regression,controlled_mlp,2,Raw+GramAnchor-m8@0.75,hybrid_prediction_mixture,orthogonal_all__m2,2,False,test,63784.41316732184,0.030616867050772743,0.0,True
california_housing,regression,controlled_mlp,2,Raw+GramAnchor-m8@0.75,hybrid_prediction_mixture,orthogonal_all__m3,3,False,validation,58506.43671105382,0.04904817384401084,0.0,True
california_housing,regression,controlled_mlp,2,Raw+GramAnchor-m8@0.75,hybrid_prediction_mixture,orthogonal_all__m3,3,False,test,63561.270172300516,0.045316756283296074,0.0,True
california_housing,regression,controlled_mlp,2,Raw+GramAnchor-m8@0.75,hybrid_prediction_mixture,orthogonal_all__m4,4,False,validation,58320.17973324262,0.024800005896175495,0.0,True
california_housing,regression,controlled_mlp,2,Raw+GramAnchor-m8@0.75,hybrid_prediction_mixture,orthogonal_all__m4,4,False,test,64081.254734716495,0.025196548430995308,0.0,True
california_housing,regression,controlled_mlp,2,Raw+GramAnchor-m8@0.75,hybrid_prediction_mixture,orthogonal_all__m5,5,False,validation,58205.93981068167,0.02560785822413818,0.0,True
california_housing,regression,controlled_mlp,2,Raw+GramAnchor-m8@0.75,hybrid_prediction_mixture,orthogonal_all__m5,5,False,test,63998.95410667902,0.027206832844252186,0.0,True
california_housing,regression,controlled_mlp,2,Raw+GramAnchor-m8@0.75,hybrid_prediction_mixture,orthogonal_all__m6,6,False,validation,58373.821998152416,0.03523365899292472,0.0,True
california_housing,regression,controlled_mlp,2,Raw+GramAnchor-m8@0.75,hybrid_prediction_mixture,orthogonal_all__m6,6,False,test,63786.23656066201,0.03275703433706512,0.0,True
california_housing,regression,controlled_mlp,2,Raw+GramAnchor-m8@0.75,hybrid_prediction_mixture,orthogonal_all__m7,7,False,validation,58188.35058022311,0.05852086919714476,0.0,True
california_housing,regression,controlled_mlp,2,Raw+GramAnchor-m8@0.75,hybrid_prediction_mixture,orthogonal_all__m7,7,False,test,63449.978172024836,0.056057237647398506,0.0,True
california_housing,regression,controlled_mlp,2,Raw+GramAnchor-m8@1,hybrid_prediction_mixture,rbf_reference,-1,True,validation,57925.821975594874,0.0,0.0,False
california_housing,regression,controlled_mlp,2,Raw+GramAnchor-m8@1,hybrid_prediction_mixture,rbf_reference,-1,True,test,64145.605536170755,0.0,0.0,False
california_housing,regression,controlled_mlp,2,Raw+GramAnchor-m8@1,hybrid_prediction_mixture,orthogonal_all__m0,0,False,validation,57925.821975594874,0.0,0.0,True
california_housing,regression,controlled_mlp,2,Raw+GramAnchor-m8@1,hybrid_prediction_mixture,orthogonal_all__m0,0,False,test,64145.605536170755,0.0,0.0,True
california_housing,regression,controlled_mlp,2,Raw+GramAnchor-m8@1,hybrid_prediction_mixture,orthogonal_all__m1,1,False,validation,57925.821975594874,0.0,0.0,True
california_housing,regression,controlled_mlp,2,Raw+GramAnchor-m8@1,hybrid_prediction_mixture,orthogonal_all__m1,1,False,test,64145.605536170755,0.0,0.0,True
california_housing,regression,controlled_mlp,2,Raw+GramAnchor-m8@1,hybrid_prediction_mixture,orthogonal_all__m2,2,False,validation,57925.821975594874,0.0,0.0,True
california_housing,regression,controlled_mlp,2,Raw+GramAnchor-m8@1,hybrid_prediction_mixture,orthogonal_all__m2,2,False,test,64145.605536170755,0.0,0.0,True
california_housing,regression,controlled_mlp,2,Raw+GramAnchor-m8@1,hybrid_prediction_mixture,orthogonal_all__m3,3,False,validation,57925.821975594874,0.0,0.0,True
california_housing,regression,controlled_mlp,2,Raw+GramAnchor-m8@1,hybrid_prediction_mixture,orthogonal_all__m3,3,False,test,64145.605536170755,0.0,0.0,True
california_housing,regression,controlled_mlp,2,Raw+GramAnchor-m8@1,hybrid_prediction_mixture,orthogonal_all__m4,4,False,validation,57925.821975594874,0.0,0.0,True
california_housing,regression,controlled_mlp,2,Raw+GramAnchor-m8@1,hybrid_prediction_mixture,orthogonal_all__m4,4,False,test,64145.605536170755,0.0,0.0,True
california_housing,regression,controlled_mlp,2,Raw+GramAnchor-m8@1,hybrid_prediction_mixture,orthogonal_all__m5,5,False,validation,57925.821975594874,0.0,0.0,True
california_housing,regression,controlled_mlp,2,Raw+GramAnchor-m8@1,hybrid_prediction_mixture,orthogonal_all__m5,5,False,test,64145.605536170755,0.0,0.0,True
california_housing,regression,controlled_mlp,2,Raw+GramAnchor-m8@1,hybrid_prediction_mixture,orthogonal_all__m6,6,False,validation,57925.821975594874,0.0,0.0,True
california_housing,regression,controlled_mlp,2,Raw+GramAnchor-m8@1,hybrid_prediction_mixture,orthogonal_all__m6,6,False,test,64145.605536170755,0.0,0.0,True
california_housing,regression,controlled_mlp,2,Raw+GramAnchor-m8@1,hybrid_prediction_mixture,orthogonal_all__m7,7,False,validation,57925.821975594874,0.0,0.0,True
california_housing,regression,controlled_mlp,2,Raw+GramAnchor-m8@1,hybrid_prediction_mixture,orthogonal_all__m7,7,False,test,64145.605536170755,0.0,0.0,True
california_housing,regression,controlled_mlp,2,Raw+GramDistance@0.25,hybrid_prediction_mixture,rbf_reference,-1,True,validation,60639.146273709775,0.0,0.0,False
california_housing,regression,controlled_mlp,2,Raw+GramDistance@0.25,hybrid_prediction_mixture,rbf_reference,-1,True,test,64979.377308811665,0.0,0.0,False
california_housing,regression,controlled_mlp,2,Raw+GramDistance@0.25,hybrid_prediction_mixture,orthogonal_all__m0,0,False,validation,60469.96331454022,0.08850502138416055,0.0,True
california_housing,regression,controlled_mlp,2,Raw+GramDistance@0.25,hybrid_prediction_mixture,orthogonal_all__m0,0,False,test,66117.59124081356,0.08654272543533327,0.0,True
california_housing,regression,controlled_mlp,2,Raw+GramDistance@0.25,hybrid_prediction_mixture,orthogonal_all__m1,1,False,validation,61047.6833959034,0.16107508488862005,0.0,True
california_housing,regression,controlled_mlp,2,Raw+GramDistance@0.25,hybrid_prediction_mixture,orthogonal_all__m1,1,False,test,64667.64540592014,0.16342712279828506,0.0,True
california_housing,regression,controlled_mlp,2,Raw+GramDistance@0.25,hybrid_prediction_mixture,orthogonal_all__m2,2,False,validation,59738.381884633,0.09469804166627604,0.0,True
california_housing,regression,controlled_mlp,2,Raw+GramDistance@0.25,hybrid_prediction_mixture,orthogonal_all__m2,2,False,test,65092.02380715744,0.09185060115231823,0.0,True
california_housing,regression,controlled_mlp,2,Raw+GramDistance@0.25,hybrid_prediction_mixture,orthogonal_all__m3,3,False,validation,61787.87534475695,0.14714452153203253,0.0,True
california_housing,regression,controlled_mlp,2,Raw+GramDistance@0.25,hybrid_prediction_mixture,orthogonal_all__m3,3,False,test,64909.86716347308,0.13595026884988823,0.0,True
california_housing,regression,controlled_mlp,2,Raw+GramDistance@0.25,hybrid_prediction_mixture,orthogonal_all__m4,4,False,validation,60692.84015794413,0.07440001768852647,0.0,True
california_housing,regression,controlled_mlp,2,Raw+GramDistance@0.25,hybrid_prediction_mixture,orthogonal_all__m4,4,False,test,65898.43496620859,0.07558964529298594,0.0,True
california_housing,regression,controlled_mlp,2,Raw+GramDistance@0.25,hybrid_prediction_mixture,orthogonal_all__m5,5,False,validation,60295.361062254626,0.07682357467241455,0.0,True
california_housing,regression,controlled_mlp,2,Raw+GramDistance@0.25,hybrid_prediction_mixture,orthogonal_all__m5,5,False,test,65660.77421229956,0.08162049853275655,0.0,True
california_housing,regression,controlled_mlp,2,Raw+GramDistance@0.25,hybrid_prediction_mixture,orthogonal_all__m6,6,False,validation,61062.0727898759,0.10570097697877419,0.0,True
california_housing,regression,controlled_mlp,2,Raw+GramDistance@0.25,hybrid_prediction_mixture,orthogonal_all__m6,6,False,test,65195.818516263775,0.09827110301119535,0.0,True
california_housing,regression,controlled_mlp,2,Raw+GramDistance@0.25,hybrid_prediction_mixture,orthogonal_all__m7,7,False,validation,61386.82355848867,0.17556260759143427,0.0,True
california_housing,regression,controlled_mlp,2,Raw+GramDistance@0.25,hybrid_prediction_mixture,orthogonal_all__m7,7,False,test,64981.52200552531,0.1681717129421955,0.0,True
california_housing,regression,controlled_mlp,2,Raw+GramDistance@0.5,hybrid_prediction_mixture,rbf_reference,-1,True,validation,60110.09571479394,0.0,0.0,False
california_housing,regression,controlled_mlp,2,Raw+GramDistance@0.5,hybrid_prediction_mixture,rbf_reference,-1,True,test,65419.831236302096,0.0,0.0,False
california_housing,regression,controlled_mlp,2,Raw+GramDistance@0.5,hybrid_prediction_mixture,orthogonal_all__m0,0,False,validation,59954.90348125869,0.05900334758944037,0.0,True
california_housing,regression,controlled_mlp,2,Raw+GramDistance@0.5,hybrid_prediction_mixture,orthogonal_all__m0,0,False,test,66205.8057932105,0.05769515029022217,0.0,True
california_housing,regression,controlled_mlp,2,Raw+GramDistance@0.5,hybrid_prediction_mixture,orthogonal_all__m1,1,False,validation,60094.32586668481,0.10738338992574668,0.0,True
california_housing,regression,controlled_mlp,2,Raw+GramDistance@0.5,hybrid_prediction_mixture,orthogonal_all__m1,1,False,test,64860.36612438665,0.1089514151988567,0.0,True
california_housing,regression,controlled_mlp,2,Raw+GramDistance@0.5,hybrid_prediction_mixture,orthogonal_all__m2,2,False,validation,59525.09043826021,0.06313202777751736,0.0,True
california_housing,regression,controlled_mlp,2,Raw+GramDistance@0.5,hybrid_prediction_mixture,orthogonal_all__m2,2,False,test,65568.33606828681,0.061233734101545485,0.0,True
california_housing,regression,controlled_mlp,2,Raw+GramDistance@0.5,hybrid_prediction_mixture,orthogonal_all__m3,3,False,validation,60627.60119640905,0.09809634768802168,0.0,True
california_housing,regression,controlled_mlp,2,Raw+GramDistance@0.5,hybrid_prediction_mixture,orthogonal_all__m3,3,False,test,65217.198219323174,0.09063351256659215,0.0,True
california_housing,regression,controlled_mlp,2,Raw+GramDistance@0.5,hybrid_prediction_mixture,orthogonal_all__m4,4,False,validation,60143.716228460726,0.04960001179235099,0.0,True
california_housing,regression,controlled_mlp,2,Raw+GramDistance@0.5,hybrid_prediction_mixture,orthogonal_all__m4,4,False,test,66058.45908694457,0.050393096861990616,0.0,True
california_housing,regression,controlled_mlp,2,Raw+GramDistance@0.5,hybrid_prediction_mixture,orthogonal_all__m5,5,False,validation,59925.804485042725,0.05121571644827636,0.0,True
california_housing,regression,controlled_mlp,2,Raw+GramDistance@0.5,hybrid_prediction_mixture,orthogonal_all__m5,5,False,test,65924.79559438942,0.05441366568850437,0.0,True
california_housing,regression,controlled_mlp,2,Raw+GramDistance@0.5,hybrid_prediction_mixture,orthogonal_all__m6,6,False,validation,60343.05982617757,0.07046731798584945,0.0,True
california_housing,regression,controlled_mlp,2,Raw+GramDistance@0.5,hybrid_prediction_mixture,orthogonal_all__m6,6,False,test,65472.997143236185,0.06551406867413025,0.0,True
california_housing,regression,controlled_mlp,2,Raw+GramDistance@0.5,hybrid_prediction_mixture,orthogonal_all__m7,7,False,validation,60273.15001561869,0.11704173839428952,0.0,True
california_housing,regression,controlled_mlp,2,Raw+GramDistance@0.5,hybrid_prediction_mixture,orthogonal_all__m7,7,False,test,65107.71580379814,0.11211447529479701,0.0,True
california_housing,regression,controlled_mlp,2,Raw+GramDistance@0.75,hybrid_prediction_mixture,rbf_reference,-1,True,validation,60105.73524425326,0.0,0.0,False
california_housing,regression,controlled_mlp,2,Raw+GramDistance@0.75,hybrid_prediction_mixture,rbf_reference,-1,True,test,66403.90218956427,0.0,0.0,False
california_housing,regression,controlled_mlp,2,Raw+GramDistance@0.75,hybrid_prediction_mixture,orthogonal_all__m0,0,False,validation,60007.46719955054,0.029501673794720185,0.0,True
california_housing,regression,controlled_mlp,2,Raw+GramDistance@0.75,hybrid_prediction_mixture,orthogonal_all__m0,0,False,test,66807.1390575973,0.028847575145111087,0.0,True
california_housing,regression,controlled_mlp,2,Raw+GramDistance@0.75,hybrid_prediction_mixture,orthogonal_all__m1,1,False,validation,59951.9191356528,0.05369169496287334,0.0,True
california_housing,regression,controlled_mlp,2,Raw+GramDistance@0.75,hybrid_prediction_mixture,orthogonal_all__m1,1,False,test,65955.00515631458,0.05447570759942835,0.0,True
california_housing,regression,controlled_mlp,2,Raw+GramDistance@0.75,hybrid_prediction_mixture,orthogonal_all__m2,2,False,validation,59823.541555954456,0.03156601388875868,0.0,True
california_housing,regression,controlled_mlp,2,Raw+GramDistance@0.75,hybrid_prediction_mixture,orthogonal_all__m2,2,False,test,66513.5066921641,0.030616867050772743,0.0,True
california_housing,regression,controlled_mlp,2,Raw+GramDistance@0.75,hybrid_prediction_mixture,orthogonal_all__m3,3,False,validation,60235.399362028926,0.04904817384401084,0.0,True
california_housing,regression,controlled_mlp,2,Raw+GramDistance@0.75,hybrid_prediction_mixture,orthogonal_all__m3,3,False,test,66227.00650550742,0.045316756283296074,0.0,True
california_housing,regression,controlled_mlp,2,Raw+GramDistance@0.75,hybrid_prediction_mixture,orthogonal_all__m4,4,False,validation,60121.30079239022,0.024800005896175495,0.0,True
california_housing,regression,controlled_mlp,2,Raw+GramDistance@0.75,hybrid_prediction_mixture,orthogonal_all__m4,4,False,test,66733.41870536028,0.025196548430995308,0.0,True
california_housing,regression,controlled_mlp,2,Raw+GramDistance@0.75,hybrid_prediction_mixture,orthogonal_all__m5,5,False,validation,60036.95815064572,0.02560785822413818,0.0,True
california_housing,regression,controlled_mlp,2,Raw+GramDistance@0.75,hybrid_prediction_mixture,orthogonal_all__m5,5,False,test,66679.30700703009,0.027206832844252186,0.0,True
california_housing,regression,controlled_mlp,2,Raw+GramDistance@0.75,hybrid_prediction_mixture,orthogonal_all__m6,6,False,validation,60196.37680734874,0.03523365899292472,0.0,True
california_housing,regression,controlled_mlp,2,Raw+GramDistance@0.75,hybrid_prediction_mixture,orthogonal_all__m6,6,False,test,66385.58204217453,0.03275703433706512,0.0,True
california_housing,regression,controlled_mlp,2,Raw+GramDistance@0.75,hybrid_prediction_mixture,orthogonal_all__m7,7,False,validation,60015.96787481065,0.05852086919714476,0.0,True
california_housing,regression,controlled_mlp,2,Raw+GramDistance@0.75,hybrid_prediction_mixture,orthogonal_all__m7,7,False,test,66095.73099148358,0.056057237647398506,0.0,True
california_housing,regression,controlled_mlp,2,Raw+GramDistance@1,hybrid_prediction_mixture,rbf_reference,-1,True,validation,60626.178075449454,0.0,0.0,False
california_housing,regression,controlled_mlp,2,Raw+GramDistance@1,hybrid_prediction_mixture,rbf_reference,-1,True,test,67907.96121579429,0.0,0.0,False
california_housing,regression,controlled_mlp,2,Raw+GramDistance@1,hybrid_prediction_mixture,orthogonal_all__m0,0,False,validation,60626.178075449454,0.0,0.0,True
california_housing,regression,controlled_mlp,2,Raw+GramDistance@1,hybrid_prediction_mixture,orthogonal_all__m0,0,False,test,67907.96121579429,0.0,0.0,True
california_housing,regression,controlled_mlp,2,Raw+GramDistance@1,hybrid_prediction_mixture,orthogonal_all__m1,1,False,validation,60626.178075449454,0.0,0.0,True
california_housing,regression,controlled_mlp,2,Raw+GramDistance@1,hybrid_prediction_mixture,orthogonal_all__m1,1,False,test,67907.96121579429,0.0,0.0,True
california_housing,regression,controlled_mlp,2,Raw+GramDistance@1,hybrid_prediction_mixture,orthogonal_all__m2,2,False,validation,60626.178075449454,0.0,0.0,True
california_housing,regression,controlled_mlp,2,Raw+GramDistance@1,hybrid_prediction_mixture,orthogonal_all__m2,2,False,test,67907.96121579429,0.0,0.0,True
california_housing,regression,controlled_mlp,2,Raw+GramDistance@1,hybrid_prediction_mixture,orthogonal_all__m3,3,False,validation,60626.178075449454,0.0,0.0,True
california_housing,regression,controlled_mlp,2,Raw+GramDistance@1,hybrid_prediction_mixture,orthogonal_all__m3,3,False,test,67907.96121579429,0.0,0.0,True
california_housing,regression,controlled_mlp,2,Raw+GramDistance@1,hybrid_prediction_mixture,orthogonal_all__m4,4,False,validation,60626.178075449454,0.0,0.0,True
california_housing,regression,controlled_mlp,2,Raw+GramDistance@1,hybrid_prediction_mixture,orthogonal_all__m4,4,False,test,67907.96121579429,0.0,0.0,True
california_housing,regression,controlled_mlp,2,Raw+GramDistance@1,hybrid_prediction_mixture,orthogonal_all__m5,5,False,validation,60626.178075449454,0.0,0.0,True
california_housing,regression,controlled_mlp,2,Raw+GramDistance@1,hybrid_prediction_mixture,orthogonal_all__m5,5,False,test,67907.96121579429,0.0,0.0,True
california_housing,regression,controlled_mlp,2,Raw+GramDistance@1,hybrid_prediction_mixture,orthogonal_all__m6,6,False,validation,60626.178075449454,0.0,0.0,True
california_housing,regression,controlled_mlp,2,Raw+GramDistance@1,hybrid_prediction_mixture,orthogonal_all__m6,6,False,test,67907.96121579429,0.0,0.0,True
california_housing,regression,controlled_mlp,2,Raw+GramDistance@1,hybrid_prediction_mixture,orthogonal_all__m7,7,False,validation,60626.178075449454,0.0,0.0,True
california_housing,regression,controlled_mlp,2,Raw+GramDistance@1,hybrid_prediction_mixture,orthogonal_all__m7,7,False,test,67907.96121579429,0.0,0.0,True
california_housing,regression,controlled_mlp,2,Raw+NystromGram@0.25,hybrid_prediction_mixture,rbf_reference,-1,True,validation,61264.23234424059,0.0,0.0,False
california_housing,regression,controlled_mlp,2,Raw+NystromGram@0.25,hybrid_prediction_mixture,rbf_reference,-1,True,test,64514.716560223795,0.0,0.0,False
california_housing,regression,controlled_mlp,2,Raw+NystromGram@0.25,hybrid_prediction_mixture,orthogonal_all__m0,0,False,validation,61207.61919097056,0.08850502138416055,0.0,True
california_housing,regression,controlled_mlp,2,Raw+NystromGram@0.25,hybrid_prediction_mixture,orthogonal_all__m0,0,False,test,65789.89780613266,0.08654272543533327,0.0,True
california_housing,regression,controlled_mlp,2,Raw+NystromGram@0.25,hybrid_prediction_mixture,orthogonal_all__m1,1,False,validation,61725.12425654286,0.16107508488862005,0.0,True
california_housing,regression,controlled_mlp,2,Raw+NystromGram@0.25,hybrid_prediction_mixture,orthogonal_all__m1,1,False,test,64378.184709666006,0.16342712279828506,0.0,True
california_housing,regression,controlled_mlp,2,Raw+NystromGram@0.25,hybrid_prediction_mixture,orthogonal_all__m2,2,False,validation,60543.7877806871,0.09469804166627604,0.0,True
california_housing,regression,controlled_mlp,2,Raw+NystromGram@0.25,hybrid_prediction_mixture,orthogonal_all__m2,2,False,test,64780.10089275814,0.09185060115231823,0.0,True
california_housing,regression,controlled_mlp,2,Raw+NystromGram@0.25,hybrid_prediction_mixture,orthogonal_all__m3,3,False,validation,62607.19289541664,0.14714452153203253,0.0,True
california_housing,regression,controlled_mlp,2,Raw+NystromGram@0.25,hybrid_prediction_mixture,orthogonal_all__m3,3,False,test,64722.09730580675,0.13595026884988823,0.0,True
california_housing,regression,controlled_mlp,2,Raw+NystromGram@0.25,hybrid_prediction_mixture,orthogonal_all__m4,4,False,validation,61405.05617248131,0.07440001768852647,0.0,True
california_housing,regression,controlled_mlp,2,Raw+NystromGram@0.25,hybrid_prediction_mixture,orthogonal_all__m4,4,False,test,65538.83155577052,0.07558964529298594,0.0,True
california_housing,regression,controlled_mlp,2,Raw+NystromGram@0.25,hybrid_prediction_mixture,orthogonal_all__m5,5,False,validation,60882.48539100914,0.07682357467241455,0.0,True
california_housing,regression,controlled_mlp,2,Raw+NystromGram@0.25,hybrid_prediction_mixture,orthogonal_all__m5,5,False,test,65182.90957435574,0.08162049853275655,0.0,True
california_housing,regression,controlled_mlp,2,Raw+NystromGram@0.25,hybrid_prediction_mixture,orthogonal_all__m6,6,False,validation,61588.7600895838,0.10570097697877419,0.0,True
california_housing,regression,controlled_mlp,2,Raw+NystromGram@0.25,hybrid_prediction_mixture,orthogonal_all__m6,6,False,test,64885.88456941275,0.09827110301119535,0.0,True
california_housing,regression,controlled_mlp,2,Raw+NystromGram@0.25,hybrid_prediction_mixture,orthogonal_all__m7,7,False,validation,62102.11797483606,0.17556260759143427,0.0,True
california_housing,regression,controlled_mlp,2,Raw+NystromGram@0.25,hybrid_prediction_mixture,orthogonal_all__m7,7,False,test,64706.97930736518,0.1681717129421955,0.0,True
california_housing,regression,controlled_mlp,2,Raw+NystromGram@0.5,hybrid_prediction_mixture,rbf_reference,-1,True,validation,61363.23425050709,0.0,0.0,False
california_housing,regression,controlled_mlp,2,Raw+NystromGram@0.5,hybrid_prediction_mixture,rbf_reference,-1,True,test,64558.8581933323,0.0,0.0,False
california_housing,regression,controlled_mlp,2,Raw+NystromGram@0.5,hybrid_prediction_mixture,orthogonal_all__m0,0,False,validation,61358.684270511905,0.05900334758944037,0.0,True
california_housing,regression,controlled_mlp,2,Raw+NystromGram@0.5,hybrid_prediction_mixture,orthogonal_all__m0,0,False,test,65527.816324322426,0.05769515029022217,0.0,True
california_housing,regression,controlled_mlp,2,Raw+NystromGram@0.5,hybrid_prediction_mixture,orthogonal_all__m1,1,False,validation,61423.49601158215,0.10738338992574668,0.0,True
california_housing,regression,controlled_mlp,2,Raw+NystromGram@0.5,hybrid_prediction_mixture,orthogonal_all__m1,1,False,test,64229.13499114933,0.1089514151988567,0.0,True
california_housing,regression,controlled_mlp,2,Raw+NystromGram@0.5,hybrid_prediction_mixture,orthogonal_all__m2,2,False,validation,61016.613492904624,0.06313202777751736,0.0,True
california_housing,regression,controlled_mlp,2,Raw+NystromGram@0.5,hybrid_prediction_mixture,orthogonal_all__m2,2,False,test,64911.57720276124,0.061233734101545485,0.0,True
california_housing,regression,controlled_mlp,2,Raw+NystromGram@0.5,hybrid_prediction_mixture,orthogonal_all__m3,3,False,validation,62146.76888306436,0.09809634768802168,0.0,True
california_housing,regression,controlled_mlp,2,Raw+NystromGram@0.5,hybrid_prediction_mixture,orthogonal_all__m3,3,False,test,64723.62725663391,0.09063351256659215,0.0,True
california_housing,regression,controlled_mlp,2,Raw+NystromGram@0.5,hybrid_prediction_mixture,orthogonal_all__m4,4,False,validation,61512.89412408859,0.04960001179235099,0.0,True
california_housing,regression,controlled_mlp,2,Raw+NystromGram@0.5,hybrid_prediction_mixture,orthogonal_all__m4,4,False,test,65337.73218369802,0.050393096861990616,0.0,True
california_housing,regression,controlled_mlp,2,Raw+NystromGram@0.5,hybrid_prediction_mixture,orthogonal_all__m5,5,False,validation,61127.626851252,0.05121571644827636,0.0,True
california_housing,regression,controlled_mlp,2,Raw+NystromGram@0.5,hybrid_prediction_mixture,orthogonal_all__m5,5,False,test,65046.37471647313,0.05441366568850437,0.0,True
california_housing,regression,controlled_mlp,2,Raw+NystromGram@0.5,hybrid_prediction_mixture,orthogonal_all__m6,6,False,validation,61465.75596293601,0.07046731798584945,0.0,True
california_housing,regression,controlled_mlp,2,Raw+NystromGram@0.5,hybrid_prediction_mixture,orthogonal_all__m6,6,False,test,64817.260996471334,0.06551406867413025,0.0,True
california_housing,regression,controlled_mlp,2,Raw+NystromGram@0.5,hybrid_prediction_mixture,orthogonal_all__m7,7,False,validation,61654.277917749874,0.11704173839428952,0.0,True
california_housing,regression,controlled_mlp,2,Raw+NystromGram@0.5,hybrid_prediction_mixture,orthogonal_all__m7,7,False,test,64496.983635884106,0.11211447529479701,0.0,True
california_housing,regression,controlled_mlp,2,Raw+NystromGram@0.75,hybrid_prediction_mixture,rbf_reference,-1,True,validation,61973.92863132726,0.0,0.0,False
california_housing,regression,controlled_mlp,2,Raw+NystromGram@0.75,hybrid_prediction_mixture,rbf_reference,-1,True,test,65224.73649243456,0.0,0.0,False
california_housing,regression,controlled_mlp,2,Raw+NystromGram@0.75,hybrid_prediction_mixture,orthogonal_all__m0,0,False,validation,61988.06837040506,0.029501673794720185,0.0,True
california_housing,regression,controlled_mlp,2,Raw+NystromGram@0.75,hybrid_prediction_mixture,orthogonal_all__m0,0,False,test,65764.18066102867,0.028847575145111087,0.0,True
california_housing,regression,controlled_mlp,2,Raw+NystromGram@0.75,hybrid_prediction_mixture,orthogonal_all__m1,1,False,validation,61881.11376947654,0.05369169496287334,0.0,True
california_housing,regression,controlled_mlp,2,Raw+NystromGram@0.75,hybrid_prediction_mixture,orthogonal_all__m1,1,False,test,64943.57440453007,0.05447570759942835,0.0,True
california_housing,regression,controlled_mlp,2,Raw+NystromGram@0.75,hybrid_prediction_mixture,orthogonal_all__m2,2,False,validation,61867.60387924757,0.03156601388875868,0.0,True
california_housing,regression,controlled_mlp,2,Raw+NystromGram@0.75,hybrid_prediction_mixture,orthogonal_all__m2,2,False,test,65486.60418707121,0.030616867050772743,0.0,True
california_housing,regression,controlled_mlp,2,Raw+NystromGram@0.75,hybrid_prediction_mixture,orthogonal_all__m3,3,False,validation,62306.42595873759,0.04904817384401084,0.0,True
california_housing,regression,controlled_mlp,2,Raw+NystromGram@0.75,hybrid_prediction_mixture,orthogonal_all__m3,3,False,test,65319.47842921221,0.045316756283296074,0.0,True
california_housing,regression,controlled_mlp,2,Raw+NystromGram@0.75,hybrid_prediction_mixture,orthogonal_all__m4,4,False,validation,62075.753744120906,0.024800005896175495,0.0,True
california_housing,regression,controlled_mlp,2,Raw+NystromGram@0.75,hybrid_prediction_mixture,orthogonal_all__m4,4,False,test,65658.53128045256,0.025196548430995308,0.0,True
california_housing,regression,controlled_mlp,2,Raw+NystromGram@0.75,hybrid_prediction_mixture,orthogonal_all__m5,5,False,validation,61866.39736209816,0.02560785822413818,0.0,True
california_housing,regression,controlled_mlp,2,Raw+NystromGram@0.75,hybrid_prediction_mixture,orthogonal_all__m5,5,False,test,65487.12285983428,0.027206832844252186,0.0,True
california_housing,regression,controlled_mlp,2,Raw+NystromGram@0.75,hybrid_prediction_mixture,orthogonal_all__m6,6,False,validation,61968.30426542564,0.03523365899292472,0.0,True
california_housing,regression,controlled_mlp,2,Raw+NystromGram@0.75,hybrid_prediction_mixture,orthogonal_all__m6,6,False,test,65358.148799740644,0.03275703433706512,0.0,True
california_housing,regression,controlled_mlp,2,Raw+NystromGram@0.75,hybrid_prediction_mixture,orthogonal_all__m7,7,False,validation,61984.801904447435,0.05852086919714476,0.0,True
california_housing,regression,controlled_mlp,2,Raw+NystromGram@0.75,hybrid_prediction_mixture,orthogonal_all__m7,7,False,test,65099.91913458096,0.056057237647398506,0.0,True
california_housing,regression,controlled_mlp,2,Raw+NystromGram@1,hybrid_prediction_mixture,rbf_reference,-1,True,validation,63081.45608404905,0.0,0.0,False
california_housing,regression,controlled_mlp,2,Raw+NystromGram@1,hybrid_prediction_mixture,rbf_reference,-1,True,test,66493.6755690962,0.0,0.0,False
california_housing,regression,controlled_mlp,2,Raw+NystromGram@1,hybrid_prediction_mixture,orthogonal_all__m0,0,False,validation,63081.45608404905,0.0,0.0,True
california_housing,regression,controlled_mlp,2,Raw+NystromGram@1,hybrid_prediction_mixture,orthogonal_all__m0,0,False,test,66493.6755690962,0.0,0.0,True
california_housing,regression,controlled_mlp,2,Raw+NystromGram@1,hybrid_prediction_mixture,orthogonal_all__m1,1,False,validation,63081.45608404905,0.0,0.0,True
california_housing,regression,controlled_mlp,2,Raw+NystromGram@1,hybrid_prediction_mixture,orthogonal_all__m1,1,False,test,66493.6755690962,0.0,0.0,True
california_housing,regression,controlled_mlp,2,Raw+NystromGram@1,hybrid_prediction_mixture,orthogonal_all__m2,2,False,validation,63081.45608404905,0.0,0.0,True
california_housing,regression,controlled_mlp,2,Raw+NystromGram@1,hybrid_prediction_mixture,orthogonal_all__m2,2,False,test,66493.6755690962,0.0,0.0,True
california_housing,regression,controlled_mlp,2,Raw+NystromGram@1,hybrid_prediction_mixture,orthogonal_all__m3,3,False,validation,63081.45608404905,0.0,0.0,True
california_housing,regression,controlled_mlp,2,Raw+NystromGram@1,hybrid_prediction_mixture,orthogonal_all__m3,3,False,test,66493.6755690962,0.0,0.0,True
california_housing,regression,controlled_mlp,2,Raw+NystromGram@1,hybrid_prediction_mixture,orthogonal_all__m4,4,False,validation,63081.45608404905,0.0,0.0,True
california_housing,regression,controlled_mlp,2,Raw+NystromGram@1,hybrid_prediction_mixture,orthogonal_all__m4,4,False,test,66493.6755690962,0.0,0.0,True
california_housing,regression,controlled_mlp,2,Raw+NystromGram@1,hybrid_prediction_mixture,orthogonal_all__m5,5,False,validation,63081.45608404905,0.0,0.0,True
california_housing,regression,controlled_mlp,2,Raw+NystromGram@1,hybrid_prediction_mixture,orthogonal_all__m5,5,False,test,66493.6755690962,0.0,0.0,True
california_housing,regression,controlled_mlp,2,Raw+NystromGram@1,hybrid_prediction_mixture,orthogonal_all__m6,6,False,validation,63081.45608404905,0.0,0.0,True
california_housing,regression,controlled_mlp,2,Raw+NystromGram@1,hybrid_prediction_mixture,orthogonal_all__m6,6,False,test,66493.6755690962,0.0,0.0,True
california_housing,regression,controlled_mlp,2,Raw+NystromGram@1,hybrid_prediction_mixture,orthogonal_all__m7,7,False,validation,63081.45608404905,0.0,0.0,True
california_housing,regression,controlled_mlp,2,Raw+NystromGram@1,hybrid_prediction_mixture,orthogonal_all__m7,7,False,test,66493.6755690962,0.0,0.0,True
california_housing,regression,controlled_mlp,2,Raw+HybridSpectral-t0.01@0.25,hybrid_prediction_mixture,rbf_reference,-1,True,validation,61125.60855517682,0.0,0.0,False
california_housing,regression,controlled_mlp,2,Raw+HybridSpectral-t0.01@0.25,hybrid_prediction_mixture,rbf_reference,-1,True,test,64762.605565022,0.0,0.0,False
california_housing,regression,controlled_mlp,2,Raw+HybridSpectral-t0.01@0.25,hybrid_prediction_mixture,orthogonal_all__m0,0,False,validation,60999.52549280619,0.08850502138416055,0.0,True
california_housing,regression,controlled_mlp,2,Raw+HybridSpectral-t0.01@0.25,hybrid_prediction_mixture,orthogonal_all__m0,0,False,test,65881.94964571849,0.08654272543533327,0.0,True
california_housing,regression,controlled_mlp,2,Raw+HybridSpectral-t0.01@0.25,hybrid_prediction_mixture,orthogonal_all__m1,1,False,validation,61329.856387143096,0.16107508488862005,0.0,True
california_housing,regression,controlled_mlp,2,Raw+HybridSpectral-t0.01@0.25,hybrid_prediction_mixture,orthogonal_all__m1,1,False,test,64237.5913551283,0.16342712279828506,0.0,True
california_housing,regression,controlled_mlp,2,Raw+HybridSpectral-t0.01@0.25,hybrid_prediction_mixture,orthogonal_all__m2,2,False,validation,60198.04446414821,0.09469804166627604,0.0,True
california_housing,regression,controlled_mlp,2,Raw+HybridSpectral-t0.01@0.25,hybrid_prediction_mixture,orthogonal_all__m2,2,False,test,64802.40180052371,0.09185060115231823,0.0,True
california_housing,regression,controlled_mlp,2,Raw+HybridSpectral-t0.01@0.25,hybrid_prediction_mixture,orthogonal_all__m3,3,False,validation,62165.33888405707,0.14714452153203253,0.0,True
california_housing,regression,controlled_mlp,2,Raw+HybridSpectral-t0.01@0.25,hybrid_prediction_mixture,orthogonal_all__m3,3,False,test,64567.95999536634,0.13595026884988823,0.0,True
california_housing,regression,controlled_mlp,2,Raw+HybridSpectral-t0.01@0.25,hybrid_prediction_mixture,orthogonal_all__m4,4,False,validation,61215.72229344701,0.07440001768852647,0.0,True
california_housing,regression,controlled_mlp,2,Raw+HybridSpectral-t0.01@0.25,hybrid_prediction_mixture,orthogonal_all__m4,4,False,test,65674.84575392526,0.07558964529298594,0.0,True
california_housing,regression,controlled_mlp,2,Raw+HybridSpectral-t0.01@0.25,hybrid_prediction_mixture,orthogonal_all__m5,5,False,validation,60690.373698663985,0.07682357467241455,0.0,True
california_housing,regression,controlled_mlp,2,Raw+HybridSpectral-t0.01@0.25,hybrid_prediction_mixture,orthogonal_all__m5,5,False,test,65347.64901083306,0.08162049853275655,0.0,True
california_housing,regression,controlled_mlp,2,Raw+HybridSpectral-t0.01@0.25,hybrid_prediction_mixture,orthogonal_all__m6,6,False,validation,61422.03533447995,0.10570097697877419,0.0,True
california_housing,regression,controlled_mlp,2,Raw+HybridSpectral-t0.01@0.25,hybrid_prediction_mixture,orthogonal_all__m6,6,False,test,64961.90497417229,0.09827110301119535,0.0,True
california_housing,regression,controlled_mlp,2,Raw+HybridSpectral-t0.01@0.25,hybrid_prediction_mixture,orthogonal_all__m7,7,False,validation,61592.231190453494,0.17556260759143427,0.0,True
california_housing,regression,controlled_mlp,2,Raw+HybridSpectral-t0.01@0.25,hybrid_prediction_mixture,orthogonal_all__m7,7,False,test,64474.78145899291,0.1681717129421955,0.0,True
california_housing,regression,controlled_mlp,2,Raw+HybridSpectral-t0.01@0.5,hybrid_prediction_mixture,rbf_reference,-1,True,validation,60762.84563188426,0.0,0.0,False
california_housing,regression,controlled_mlp,2,Raw+HybridSpectral-t0.01@0.5,hybrid_prediction_mixture,rbf_reference,-1,True,test,64682.36598600439,0.0,0.0,False
california_housing,regression,controlled_mlp,2,Raw+HybridSpectral-t0.01@0.5,hybrid_prediction_mixture,orthogonal_all__m0,0,False,validation,60665.304494595606,0.05900334758944037,0.0,True
california_housing,regression,controlled_mlp,2,Raw+HybridSpectral-t0.01@0.5,hybrid_prediction_mixture,orthogonal_all__m0,0,False,test,65446.84323399234,0.05769515029022217,0.0,True
california_housing,regression,controlled_mlp,2,Raw+HybridSpectral-t0.01@0.5,hybrid_prediction_mixture,orthogonal_all__m1,1,False,validation,60475.5435845506,0.10738338992574668,0.0,True
california_housing,regression,controlled_mlp,2,Raw+HybridSpectral-t0.01@0.5,hybrid_prediction_mixture,orthogonal_all__m1,1,False,test,63831.85317583388,0.1089514151988567,0.0,True
california_housing,regression,controlled_mlp,2,Raw+HybridSpectral-t0.01@0.5,hybrid_prediction_mixture,orthogonal_all__m2,2,False,validation,60138.7115732859,0.06313202777751736,0.0,True
california_housing,regression,controlled_mlp,2,Raw+HybridSpectral-t0.01@0.5,hybrid_prediction_mixture,orthogonal_all__m2,2,False,test,64734.84116680895,0.061233734101545485,0.0,True
california_housing,regression,controlled_mlp,2,Raw+HybridSpectral-t0.01@0.5,hybrid_prediction_mixture,orthogonal_all__m3,3,False,validation,61139.27521617174,0.09809634768802168,0.0,True
california_housing,regression,controlled_mlp,2,Raw+HybridSpectral-t0.01@0.5,hybrid_prediction_mixture,orthogonal_all__m3,3,False,test,64310.26687612217,0.09063351256659215,0.0,True
california_housing,regression,controlled_mlp,2,Raw+HybridSpectral-t0.01@0.5,hybrid_prediction_mixture,orthogonal_all__m4,4,False,validation,60845.538343069136,0.04960001179235099,0.0,True
california_housing,regression,controlled_mlp,2,Raw+HybridSpectral-t0.01@0.5,hybrid_prediction_mixture,orthogonal_all__m4,4,False,test,65314.997311016465,0.050393096861990616,0.0,True
california_housing,regression,controlled_mlp,2,Raw+HybridSpectral-t0.01@0.5,hybrid_prediction_mixture,orthogonal_all__m5,5,False,validation,60454.48224723627,0.05121571644827636,0.0,True
california_housing,regression,controlled_mlp,2,Raw+HybridSpectral-t0.01@0.5,hybrid_prediction_mixture,orthogonal_all__m5,5,False,test,65061.01726325463,0.05441366568850437,0.0,True
california_housing,regression,controlled_mlp,2,Raw+HybridSpectral-t0.01@0.5,hybrid_prediction_mixture,orthogonal_all__m6,6,False,validation,60827.56211366443,0.07046731798584945,0.0,True
california_housing,regression,controlled_mlp,2,Raw+HybridSpectral-t0.01@0.5,hybrid_prediction_mixture,orthogonal_all__m6,6,False,test,64712.22832250091,0.06551406867413025,0.0,True
california_housing,regression,controlled_mlp,2,Raw+HybridSpectral-t0.01@0.5,hybrid_prediction_mixture,orthogonal_all__m7,7,False,validation,60551.25858770957,0.11704173839428952,0.0,True
california_housing,regression,controlled_mlp,2,Raw+HybridSpectral-t0.01@0.5,hybrid_prediction_mixture,orthogonal_all__m7,7,False,test,63977.34227795133,0.11211447529479701,0.0,True
california_housing,regression,controlled_mlp,2,Raw+HybridSpectral-t0.01@0.75,hybrid_prediction_mixture,rbf_reference,-1,True,validation,60594.52892193142,0.0,0.0,False
california_housing,regression,controlled_mlp,2,Raw+HybridSpectral-t0.01@0.75,hybrid_prediction_mixture,rbf_reference,-1,True,test,64853.78836502612,0.0,0.0,False
california_housing,regression,controlled_mlp,2,Raw+HybridSpectral-t0.01@0.75,hybrid_prediction_mixture,orthogonal_all__m0,0,False,validation,60539.12232906079,0.029501673794720185,0.0,True
california_housing,regression,controlled_mlp,2,Raw+HybridSpectral-t0.01@0.75,hybrid_prediction_mixture,orthogonal_all__m0,0,False,test,65243.768145773836,0.028847575145111087,0.0,True
california_housing,regression,controlled_mlp,2,Raw+HybridSpectral-t0.01@0.75,hybrid_prediction_mixture,orthogonal_all__m1,1,False,validation,60237.26263776574,0.05369169496287334,0.0,True
california_housing,regression,controlled_mlp,2,Raw+HybridSpectral-t0.01@0.75,hybrid_prediction_mixture,orthogonal_all__m1,1,False,test,64181.66810777655,0.05447570759942835,0.0,True
california_housing,regression,controlled_mlp,2,Raw+HybridSpectral-t0.01@0.75,hybrid_prediction_mixture,orthogonal_all__m2,2,False,validation,60280.5937013937,0.03156601388875868,0.0,True
california_housing,regression,controlled_mlp,2,Raw+HybridSpectral-t0.01@0.75,hybrid_prediction_mixture,orthogonal_all__m2,2,False,test,64892.88345772744,0.030616867050772743,0.0,True
california_housing,regression,controlled_mlp,2,Raw+HybridSpectral-t0.01@0.75,hybrid_prediction_mixture,orthogonal_all__m3,3,False,validation,60620.58001071689,0.04904817384401084,0.0,True
california_housing,regression,controlled_mlp,2,Raw+HybridSpectral-t0.01@0.75,hybrid_prediction_mixture,orthogonal_all__m3,3,False,test,64547.7112578649,0.045316756283296074,0.0,True
california_housing,regression,controlled_mlp,2,Raw+HybridSpectral-t0.01@0.75,hybrid_prediction_mixture,orthogonal_all__m4,4,False,validation,60647.16138470052,0.024800005896175495,0.0,True
california_housing,regression,controlled_mlp,2,Raw+HybridSpectral-t0.01@0.75,hybrid_prediction_mixture,orthogonal_all__m4,4,False,test,65181.21540041923,0.025196548430995308,0.0,True
california_housing,regression,controlled_mlp,2,Raw+HybridSpectral-t0.01@0.75,hybrid_prediction_mixture,orthogonal_all__m5,5,False,validation,60431.70362996892,0.02560785822413818,0.0,True
california_housing,regression,controlled_mlp,2,Raw+HybridSpectral-t0.01@0.75,hybrid_prediction_mixture,orthogonal_all__m5,5,False,test,65036.6664212342,0.027206832844252186,0.0,True
california_housing,regression,controlled_mlp,2,Raw+HybridSpectral-t0.01@0.75,hybrid_prediction_mixture,orthogonal_all__m6,6,False,validation,60559.53300305818,0.03523365899292472,0.0,True
california_housing,regression,controlled_mlp,2,Raw+HybridSpectral-t0.01@0.75,hybrid_prediction_mixture,orthogonal_all__m6,6,False,test,64817.12647218129,0.03275703433706512,0.0,True
california_housing,regression,controlled_mlp,2,Raw+HybridSpectral-t0.01@0.75,hybrid_prediction_mixture,orthogonal_all__m7,7,False,validation,60224.088220161015,0.05852086919714476,0.0,True
california_housing,regression,controlled_mlp,2,Raw+HybridSpectral-t0.01@0.75,hybrid_prediction_mixture,orthogonal_all__m7,7,False,test,64247.21731323123,0.056057237647398506,0.0,True
california_housing,regression,controlled_mlp,2,Raw+HybridSpectral-t0.01@1,hybrid_prediction_mixture,rbf_reference,-1,True,validation,60622.278076631745,0.0,0.0,False
california_housing,regression,controlled_mlp,2,Raw+HybridSpectral-t0.01@1,hybrid_prediction_mixture,rbf_reference,-1,True,test,65274.89001764123,0.0,0.0,False
california_housing,regression,controlled_mlp,2,Raw+HybridSpectral-t0.01@1,hybrid_prediction_mixture,orthogonal_all__m0,0,False,validation,60622.278076631745,0.0,0.0,True
california_housing,regression,controlled_mlp,2,Raw+HybridSpectral-t0.01@1,hybrid_prediction_mixture,orthogonal_all__m0,0,False,test,65274.89001764123,0.0,0.0,True
california_housing,regression,controlled_mlp,2,Raw+HybridSpectral-t0.01@1,hybrid_prediction_mixture,orthogonal_all__m1,1,False,validation,60622.278076631745,0.0,0.0,True
california_housing,regression,controlled_mlp,2,Raw+HybridSpectral-t0.01@1,hybrid_prediction_mixture,orthogonal_all__m1,1,False,test,65274.89001764123,0.0,0.0,True
california_housing,regression,controlled_mlp,2,Raw+HybridSpectral-t0.01@1,hybrid_prediction_mixture,orthogonal_all__m2,2,False,validation,60622.278076631745,0.0,0.0,True
california_housing,regression,controlled_mlp,2,Raw+HybridSpectral-t0.01@1,hybrid_prediction_mixture,orthogonal_all__m2,2,False,test,65274.89001764123,0.0,0.0,True
california_housing,regression,controlled_mlp,2,Raw+HybridSpectral-t0.01@1,hybrid_prediction_mixture,orthogonal_all__m3,3,False,validation,60622.278076631745,0.0,0.0,True
california_housing,regression,controlled_mlp,2,Raw+HybridSpectral-t0.01@1,hybrid_prediction_mixture,orthogonal_all__m3,3,False,test,65274.89001764123,0.0,0.0,True
california_housing,regression,controlled_mlp,2,Raw+HybridSpectral-t0.01@1,hybrid_prediction_mixture,orthogonal_all__m4,4,False,validation,60622.278076631745,0.0,0.0,True
california_housing,regression,controlled_mlp,2,Raw+HybridSpectral-t0.01@1,hybrid_prediction_mixture,orthogonal_all__m4,4,False,test,65274.89001764123,0.0,0.0,True
california_housing,regression,controlled_mlp,2,Raw+HybridSpectral-t0.01@1,hybrid_prediction_mixture,orthogonal_all__m5,5,False,validation,60622.278076631745,0.0,0.0,True
california_housing,regression,controlled_mlp,2,Raw+HybridSpectral-t0.01@1,hybrid_prediction_mixture,orthogonal_all__m5,5,False,test,65274.89001764123,0.0,0.0,True
california_housing,regression,controlled_mlp,2,Raw+HybridSpectral-t0.01@1,hybrid_prediction_mixture,orthogonal_all__m6,6,False,validation,60622.278076631745,0.0,0.0,True
california_housing,regression,controlled_mlp,2,Raw+HybridSpectral-t0.01@1,hybrid_prediction_mixture,orthogonal_all__m6,6,False,test,65274.89001764123,0.0,0.0,True
california_housing,regression,controlled_mlp,2,Raw+HybridSpectral-t0.01@1,hybrid_prediction_mixture,orthogonal_all__m7,7,False,validation,60622.278076631745,0.0,0.0,True
california_housing,regression,controlled_mlp,2,Raw+HybridSpectral-t0.01@1,hybrid_prediction_mixture,orthogonal_all__m7,7,False,test,65274.89001764123,0.0,0.0,True
california_housing,regression,controlled_mlp,2,Raw+HybridSpectral-t0.05@0.25,hybrid_prediction_mixture,rbf_reference,-1,True,validation,61125.60855517682,0.0,0.0,False
california_housing,regression,controlled_mlp,2,Raw+HybridSpectral-t0.05@0.25,hybrid_prediction_mixture,rbf_reference,-1,True,test,64762.605565022,0.0,0.0,False
california_housing,regression,controlled_mlp,2,Raw+HybridSpectral-t0.05@0.25,hybrid_prediction_mixture,orthogonal_all__m0,0,False,validation,60999.52549280619,0.08850502138416055,0.0,True
california_housing,regression,controlled_mlp,2,Raw+HybridSpectral-t0.05@0.25,hybrid_prediction_mixture,orthogonal_all__m0,0,False,test,65881.94964571849,0.08654272543533327,0.0,True
california_housing,regression,controlled_mlp,2,Raw+HybridSpectral-t0.05@0.25,hybrid_prediction_mixture,orthogonal_all__m1,1,False,validation,61329.856387143096,0.16107508488862005,0.0,True
california_housing,regression,controlled_mlp,2,Raw+HybridSpectral-t0.05@0.25,hybrid_prediction_mixture,orthogonal_all__m1,1,False,test,64237.5913551283,0.16342712279828506,0.0,True
california_housing,regression,controlled_mlp,2,Raw+HybridSpectral-t0.05@0.25,hybrid_prediction_mixture,orthogonal_all__m2,2,False,validation,60198.04446414821,0.09469804166627604,0.0,True
california_housing,regression,controlled_mlp,2,Raw+HybridSpectral-t0.05@0.25,hybrid_prediction_mixture,orthogonal_all__m2,2,False,test,64802.40180052371,0.09185060115231823,0.0,True
california_housing,regression,controlled_mlp,2,Raw+HybridSpectral-t0.05@0.25,hybrid_prediction_mixture,orthogonal_all__m3,3,False,validation,62165.33888405707,0.14714452153203253,0.0,True
california_housing,regression,controlled_mlp,2,Raw+HybridSpectral-t0.05@0.25,hybrid_prediction_mixture,orthogonal_all__m3,3,False,test,64567.95999536634,0.13595026884988823,0.0,True
california_housing,regression,controlled_mlp,2,Raw+HybridSpectral-t0.05@0.25,hybrid_prediction_mixture,orthogonal_all__m4,4,False,validation,61215.72229344701,0.07440001768852647,0.0,True
california_housing,regression,controlled_mlp,2,Raw+HybridSpectral-t0.05@0.25,hybrid_prediction_mixture,orthogonal_all__m4,4,False,test,65674.84575392526,0.07558964529298594,0.0,True
california_housing,regression,controlled_mlp,2,Raw+HybridSpectral-t0.05@0.25,hybrid_prediction_mixture,orthogonal_all__m5,5,False,validation,60690.373698663985,0.07682357467241455,0.0,True
california_housing,regression,controlled_mlp,2,Raw+HybridSpectral-t0.05@0.25,hybrid_prediction_mixture,orthogonal_all__m5,5,False,test,65347.64901083306,0.08162049853275655,0.0,True
california_housing,regression,controlled_mlp,2,Raw+HybridSpectral-t0.05@0.25,hybrid_prediction_mixture,orthogonal_all__m6,6,False,validation,61422.03533447995,0.10570097697877419,0.0,True
california_housing,regression,controlled_mlp,2,Raw+HybridSpectral-t0.05@0.25,hybrid_prediction_mixture,orthogonal_all__m6,6,False,test,64961.90497417229,0.09827110301119535,0.0,True
california_housing,regression,controlled_mlp,2,Raw+HybridSpectral-t0.05@0.25,hybrid_prediction_mixture,orthogonal_all__m7,7,False,validation,61592.231190453494,0.17556260759143427,0.0,True
california_housing,regression,controlled_mlp,2,Raw+HybridSpectral-t0.05@0.25,hybrid_prediction_mixture,orthogonal_all__m7,7,False,test,64474.78145899291,0.1681717129421955,0.0,True
california_housing,regression,controlled_mlp,2,Raw+HybridSpectral-t0.05@0.5,hybrid_prediction_mixture,rbf_reference,-1,True,validation,60762.84563188426,0.0,0.0,False
california_housing,regression,controlled_mlp,2,Raw+HybridSpectral-t0.05@0.5,hybrid_prediction_mixture,rbf_reference,-1,True,test,64682.36598600439,0.0,0.0,False
california_housing,regression,controlled_mlp,2,Raw+HybridSpectral-t0.05@0.5,hybrid_prediction_mixture,orthogonal_all__m0,0,False,validation,60665.304494595606,0.05900334758944037,0.0,True
california_housing,regression,controlled_mlp,2,Raw+HybridSpectral-t0.05@0.5,hybrid_prediction_mixture,orthogonal_all__m0,0,False,test,65446.84323399234,0.05769515029022217,0.0,True
california_housing,regression,controlled_mlp,2,Raw+HybridSpectral-t0.05@0.5,hybrid_prediction_mixture,orthogonal_all__m1,1,False,validation,60475.5435845506,0.10738338992574668,0.0,True
california_housing,regression,controlled_mlp,2,Raw+HybridSpectral-t0.05@0.5,hybrid_prediction_mixture,orthogonal_all__m1,1,False,test,63831.85317583388,0.1089514151988567,0.0,True
california_housing,regression,controlled_mlp,2,Raw+HybridSpectral-t0.05@0.5,hybrid_prediction_mixture,orthogonal_all__m2,2,False,validation,60138.7115732859,0.06313202777751736,0.0,True
california_housing,regression,controlled_mlp,2,Raw+HybridSpectral-t0.05@0.5,hybrid_prediction_mixture,orthogonal_all__m2,2,False,test,64734.84116680895,0.061233734101545485,0.0,True
california_housing,regression,controlled_mlp,2,Raw+HybridSpectral-t0.05@0.5,hybrid_prediction_mixture,orthogonal_all__m3,3,False,validation,61139.27521617174,0.09809634768802168,0.0,True
california_housing,regression,controlled_mlp,2,Raw+HybridSpectral-t0.05@0.5,hybrid_prediction_mixture,orthogonal_all__m3,3,False,test,64310.26687612217,0.09063351256659215,0.0,True
california_housing,regression,controlled_mlp,2,Raw+HybridSpectral-t0.05@0.5,hybrid_prediction_mixture,orthogonal_all__m4,4,False,validation,60845.538343069136,0.04960001179235099,0.0,True
california_housing,regression,controlled_mlp,2,Raw+HybridSpectral-t0.05@0.5,hybrid_prediction_mixture,orthogonal_all__m4,4,False,test,65314.997311016465,0.050393096861990616,0.0,True
california_housing,regression,controlled_mlp,2,Raw+HybridSpectral-t0.05@0.5,hybrid_prediction_mixture,orthogonal_all__m5,5,False,validation,60454.48224723627,0.05121571644827636,0.0,True
california_housing,regression,controlled_mlp,2,Raw+HybridSpectral-t0.05@0.5,hybrid_prediction_mixture,orthogonal_all__m5,5,False,test,65061.01726325463,0.05441366568850437,0.0,True
california_housing,regression,controlled_mlp,2,Raw+HybridSpectral-t0.05@0.5,hybrid_prediction_mixture,orthogonal_all__m6,6,False,validation,60827.56211366443,0.07046731798584945,0.0,True
california_housing,regression,controlled_mlp,2,Raw+HybridSpectral-t0.05@0.5,hybrid_prediction_mixture,orthogonal_all__m6,6,False,test,64712.22832250091,0.06551406867413025,0.0,True
california_housing,regression,controlled_mlp,2,Raw+HybridSpectral-t0.05@0.5,hybrid_prediction_mixture,orthogonal_all__m7,7,False,validation,60551.25858770957,0.11704173839428952,0.0,True
california_housing,regression,controlled_mlp,2,Raw+HybridSpectral-t0.05@0.5,hybrid_prediction_mixture,orthogonal_all__m7,7,False,test,63977.34227795133,0.11211447529479701,0.0,True
california_housing,regression,controlled_mlp,2,Raw+HybridSpectral-t0.05@0.75,hybrid_prediction_mixture,rbf_reference,-1,True,validation,60594.52892193142,0.0,0.0,False
california_housing,regression,controlled_mlp,2,Raw+HybridSpectral-t0.05@0.75,hybrid_prediction_mixture,rbf_reference,-1,True,test,64853.78836502612,0.0,0.0,False
california_housing,regression,controlled_mlp,2,Raw+HybridSpectral-t0.05@0.75,hybrid_prediction_mixture,orthogonal_all__m0,0,False,validation,60539.12232906079,0.029501673794720185,0.0,True
california_housing,regression,controlled_mlp,2,Raw+HybridSpectral-t0.05@0.75,hybrid_prediction_mixture,orthogonal_all__m0,0,False,test,65243.768145773836,0.028847575145111087,0.0,True
california_housing,regression,controlled_mlp,2,Raw+HybridSpectral-t0.05@0.75,hybrid_prediction_mixture,orthogonal_all__m1,1,False,validation,60237.26263776574,0.05369169496287334,0.0,True
california_housing,regression,controlled_mlp,2,Raw+HybridSpectral-t0.05@0.75,hybrid_prediction_mixture,orthogonal_all__m1,1,False,test,64181.66810777655,0.05447570759942835,0.0,True
california_housing,regression,controlled_mlp,2,Raw+HybridSpectral-t0.05@0.75,hybrid_prediction_mixture,orthogonal_all__m2,2,False,validation,60280.5937013937,0.03156601388875868,0.0,True
california_housing,regression,controlled_mlp,2,Raw+HybridSpectral-t0.05@0.75,hybrid_prediction_mixture,orthogonal_all__m2,2,False,test,64892.88345772744,0.030616867050772743,0.0,True
california_housing,regression,controlled_mlp,2,Raw+HybridSpectral-t0.05@0.75,hybrid_prediction_mixture,orthogonal_all__m3,3,False,validation,60620.58001071689,0.04904817384401084,0.0,True
california_housing,regression,controlled_mlp,2,Raw+HybridSpectral-t0.05@0.75,hybrid_prediction_mixture,orthogonal_all__m3,3,False,test,64547.7112578649,0.045316756283296074,0.0,True
california_housing,regression,controlled_mlp,2,Raw+HybridSpectral-t0.05@0.75,hybrid_prediction_mixture,orthogonal_all__m4,4,False,validation,60647.16138470052,0.024800005896175495,0.0,True
california_housing,regression,controlled_mlp,2,Raw+HybridSpectral-t0.05@0.75,hybrid_prediction_mixture,orthogonal_all__m4,4,False,test,65181.21540041923,0.025196548430995308,0.0,True
california_housing,regression,controlled_mlp,2,Raw+HybridSpectral-t0.05@0.75,hybrid_prediction_mixture,orthogonal_all__m5,5,False,validation,60431.70362996892,0.02560785822413818,0.0,True
california_housing,regression,controlled_mlp,2,Raw+HybridSpectral-t0.05@0.75,hybrid_prediction_mixture,orthogonal_all__m5,5,False,test,65036.6664212342,0.027206832844252186,0.0,True
california_housing,regression,controlled_mlp,2,Raw+HybridSpectral-t0.05@0.75,hybrid_prediction_mixture,orthogonal_all__m6,6,False,validation,60559.53300305818,0.03523365899292472,0.0,True
california_housing,regression,controlled_mlp,2,Raw+HybridSpectral-t0.05@0.75,hybrid_prediction_mixture,orthogonal_all__m6,6,False,test,64817.12647218129,0.03275703433706512,0.0,True
california_housing,regression,controlled_mlp,2,Raw+HybridSpectral-t0.05@0.75,hybrid_prediction_mixture,orthogonal_all__m7,7,False,validation,60224.088220161015,0.05852086919714476,0.0,True
california_housing,regression,controlled_mlp,2,Raw+HybridSpectral-t0.05@0.75,hybrid_prediction_mixture,orthogonal_all__m7,7,False,test,64247.21731323123,0.056057237647398506,0.0,True
california_housing,regression,controlled_mlp,2,Raw+HybridSpectral-t0.05@1,hybrid_prediction_mixture,rbf_reference,-1,True,validation,60622.278076631745,0.0,0.0,False
california_housing,regression,controlled_mlp,2,Raw+HybridSpectral-t0.05@1,hybrid_prediction_mixture,rbf_reference,-1,True,test,65274.89001764123,0.0,0.0,False
california_housing,regression,controlled_mlp,2,Raw+HybridSpectral-t0.05@1,hybrid_prediction_mixture,orthogonal_all__m0,0,False,validation,60622.278076631745,0.0,0.0,True
california_housing,regression,controlled_mlp,2,Raw+HybridSpectral-t0.05@1,hybrid_prediction_mixture,orthogonal_all__m0,0,False,test,65274.89001764123,0.0,0.0,True
california_housing,regression,controlled_mlp,2,Raw+HybridSpectral-t0.05@1,hybrid_prediction_mixture,orthogonal_all__m1,1,False,validation,60622.278076631745,0.0,0.0,True
california_housing,regression,controlled_mlp,2,Raw+HybridSpectral-t0.05@1,hybrid_prediction_mixture,orthogonal_all__m1,1,False,test,65274.89001764123,0.0,0.0,True
california_housing,regression,controlled_mlp,2,Raw+HybridSpectral-t0.05@1,hybrid_prediction_mixture,orthogonal_all__m2,2,False,validation,60622.278076631745,0.0,0.0,True
california_housing,regression,controlled_mlp,2,Raw+HybridSpectral-t0.05@1,hybrid_prediction_mixture,orthogonal_all__m2,2,False,test,65274.89001764123,0.0,0.0,True
california_housing,regression,controlled_mlp,2,Raw+HybridSpectral-t0.05@1,hybrid_prediction_mixture,orthogonal_all__m3,3,False,validation,60622.278076631745,0.0,0.0,True
california_housing,regression,controlled_mlp,2,Raw+HybridSpectral-t0.05@1,hybrid_prediction_mixture,orthogonal_all__m3,3,False,test,65274.89001764123,0.0,0.0,True
california_housing,regression,controlled_mlp,2,Raw+HybridSpectral-t0.05@1,hybrid_prediction_mixture,orthogonal_all__m4,4,False,validation,60622.278076631745,0.0,0.0,True
california_housing,regression,controlled_mlp,2,Raw+HybridSpectral-t0.05@1,hybrid_prediction_mixture,orthogonal_all__m4,4,False,test,65274.89001764123,0.0,0.0,True
california_housing,regression,controlled_mlp,2,Raw+HybridSpectral-t0.05@1,hybrid_prediction_mixture,orthogonal_all__m5,5,False,validation,60622.278076631745,0.0,0.0,True
california_housing,regression,controlled_mlp,2,Raw+HybridSpectral-t0.05@1,hybrid_prediction_mixture,orthogonal_all__m5,5,False,test,65274.89001764123,0.0,0.0,True
california_housing,regression,controlled_mlp,2,Raw+HybridSpectral-t0.05@1,hybrid_prediction_mixture,orthogonal_all__m6,6,False,validation,60622.278076631745,0.0,0.0,True
california_housing,regression,controlled_mlp,2,Raw+HybridSpectral-t0.05@1,hybrid_prediction_mixture,orthogonal_all__m6,6,False,test,65274.89001764123,0.0,0.0,True
california_housing,regression,controlled_mlp,2,Raw+HybridSpectral-t0.05@1,hybrid_prediction_mixture,orthogonal_all__m7,7,False,validation,60622.278076631745,0.0,0.0,True
california_housing,regression,controlled_mlp,2,Raw+HybridSpectral-t0.05@1,hybrid_prediction_mixture,orthogonal_all__m7,7,False,test,65274.89001764123,0.0,0.0,True
california_housing,regression,controlled_mlp,2,Raw+HybridSpectral-t0.10@0.25,hybrid_prediction_mixture,rbf_reference,-1,True,validation,61125.60855517682,0.0,0.0,False
california_housing,regression,controlled_mlp,2,Raw+HybridSpectral-t0.10@0.25,hybrid_prediction_mixture,rbf_reference,-1,True,test,64762.605565022,0.0,0.0,False
california_housing,regression,controlled_mlp,2,Raw+HybridSpectral-t0.10@0.25,hybrid_prediction_mixture,orthogonal_all__m0,0,False,validation,60999.52549280619,0.08850502138416055,0.0,True
california_housing,regression,controlled_mlp,2,Raw+HybridSpectral-t0.10@0.25,hybrid_prediction_mixture,orthogonal_all__m0,0,False,test,65881.94964571849,0.08654272543533327,0.0,True
california_housing,regression,controlled_mlp,2,Raw+HybridSpectral-t0.10@0.25,hybrid_prediction_mixture,orthogonal_all__m1,1,False,validation,61329.856387143096,0.16107508488862005,0.0,True
california_housing,regression,controlled_mlp,2,Raw+HybridSpectral-t0.10@0.25,hybrid_prediction_mixture,orthogonal_all__m1,1,False,test,64237.5913551283,0.16342712279828506,0.0,True
california_housing,regression,controlled_mlp,2,Raw+HybridSpectral-t0.10@0.25,hybrid_prediction_mixture,orthogonal_all__m2,2,False,validation,60198.04446414821,0.09469804166627604,0.0,True
california_housing,regression,controlled_mlp,2,Raw+HybridSpectral-t0.10@0.25,hybrid_prediction_mixture,orthogonal_all__m2,2,False,test,64802.40180052371,0.09185060115231823,0.0,True
california_housing,regression,controlled_mlp,2,Raw+HybridSpectral-t0.10@0.25,hybrid_prediction_mixture,orthogonal_all__m3,3,False,validation,62165.33888405707,0.14714452153203253,0.0,True
california_housing,regression,controlled_mlp,2,Raw+HybridSpectral-t0.10@0.25,hybrid_prediction_mixture,orthogonal_all__m3,3,False,test,64567.95999536634,0.13595026884988823,0.0,True
california_housing,regression,controlled_mlp,2,Raw+HybridSpectral-t0.10@0.25,hybrid_prediction_mixture,orthogonal_all__m4,4,False,validation,61215.72229344701,0.07440001768852647,0.0,True
california_housing,regression,controlled_mlp,2,Raw+HybridSpectral-t0.10@0.25,hybrid_prediction_mixture,orthogonal_all__m4,4,False,test,65674.84575392526,0.07558964529298594,0.0,True
california_housing,regression,controlled_mlp,2,Raw+HybridSpectral-t0.10@0.25,hybrid_prediction_mixture,orthogonal_all__m5,5,False,validation,60690.373698663985,0.07682357467241455,0.0,True
california_housing,regression,controlled_mlp,2,Raw+HybridSpectral-t0.10@0.25,hybrid_prediction_mixture,orthogonal_all__m5,5,False,test,65347.64901083306,0.08162049853275655,0.0,True
california_housing,regression,controlled_mlp,2,Raw+HybridSpectral-t0.10@0.25,hybrid_prediction_mixture,orthogonal_all__m6,6,False,validation,61422.03533447995,0.10570097697877419,0.0,True
california_housing,regression,controlled_mlp,2,Raw+HybridSpectral-t0.10@0.25,hybrid_prediction_mixture,orthogonal_all__m6,6,False,test,64961.90497417229,0.09827110301119535,0.0,True
california_housing,regression,controlled_mlp,2,Raw+HybridSpectral-t0.10@0.25,hybrid_prediction_mixture,orthogonal_all__m7,7,False,validation,61592.231190453494,0.17556260759143427,0.0,True
california_housing,regression,controlled_mlp,2,Raw+HybridSpectral-t0.10@0.25,hybrid_prediction_mixture,orthogonal_all__m7,7,False,test,64474.78145899291,0.1681717129421955,0.0,True
california_housing,regression,controlled_mlp,2,Raw+HybridSpectral-t0.10@0.5,hybrid_prediction_mixture,rbf_reference,-1,True,validation,60762.84563188426,0.0,0.0,False
california_housing,regression,controlled_mlp,2,Raw+HybridSpectral-t0.10@0.5,hybrid_prediction_mixture,rbf_reference,-1,True,test,64682.36598600439,0.0,0.0,False
california_housing,regression,controlled_mlp,2,Raw+HybridSpectral-t0.10@0.5,hybrid_prediction_mixture,orthogonal_all__m0,0,False,validation,60665.304494595606,0.05900334758944037,0.0,True
california_housing,regression,controlled_mlp,2,Raw+HybridSpectral-t0.10@0.5,hybrid_prediction_mixture,orthogonal_all__m0,0,False,test,65446.84323399234,0.05769515029022217,0.0,True
california_housing,regression,controlled_mlp,2,Raw+HybridSpectral-t0.10@0.5,hybrid_prediction_mixture,orthogonal_all__m1,1,False,validation,60475.5435845506,0.10738338992574668,0.0,True
california_housing,regression,controlled_mlp,2,Raw+HybridSpectral-t0.10@0.5,hybrid_prediction_mixture,orthogonal_all__m1,1,False,test,63831.85317583388,0.1089514151988567,0.0,True
california_housing,regression,controlled_mlp,2,Raw+HybridSpectral-t0.10@0.5,hybrid_prediction_mixture,orthogonal_all__m2,2,False,validation,60138.7115732859,0.06313202777751736,0.0,True
california_housing,regression,controlled_mlp,2,Raw+HybridSpectral-t0.10@0.5,hybrid_prediction_mixture,orthogonal_all__m2,2,False,test,64734.84116680895,0.061233734101545485,0.0,True
california_housing,regression,controlled_mlp,2,Raw+HybridSpectral-t0.10@0.5,hybrid_prediction_mixture,orthogonal_all__m3,3,False,validation,61139.27521617174,0.09809634768802168,0.0,True
california_housing,regression,controlled_mlp,2,Raw+HybridSpectral-t0.10@0.5,hybrid_prediction_mixture,orthogonal_all__m3,3,False,test,64310.26687612217,0.09063351256659215,0.0,True
california_housing,regression,controlled_mlp,2,Raw+HybridSpectral-t0.10@0.5,hybrid_prediction_mixture,orthogonal_all__m4,4,False,validation,60845.538343069136,0.04960001179235099,0.0,True
california_housing,regression,controlled_mlp,2,Raw+HybridSpectral-t0.10@0.5,hybrid_prediction_mixture,orthogonal_all__m4,4,False,test,65314.997311016465,0.050393096861990616,0.0,True
california_housing,regression,controlled_mlp,2,Raw+HybridSpectral-t0.10@0.5,hybrid_prediction_mixture,orthogonal_all__m5,5,False,validation,60454.48224723627,0.05121571644827636,0.0,True
california_housing,regression,controlled_mlp,2,Raw+HybridSpectral-t0.10@0.5,hybrid_prediction_mixture,orthogonal_all__m5,5,False,test,65061.01726325463,0.05441366568850437,0.0,True
california_housing,regression,controlled_mlp,2,Raw+HybridSpectral-t0.10@0.5,hybrid_prediction_mixture,orthogonal_all__m6,6,False,validation,60827.56211366443,0.07046731798584945,0.0,True
california_housing,regression,controlled_mlp,2,Raw+HybridSpectral-t0.10@0.5,hybrid_prediction_mixture,orthogonal_all__m6,6,False,test,64712.22832250091,0.06551406867413025,0.0,True
california_housing,regression,controlled_mlp,2,Raw+HybridSpectral-t0.10@0.5,hybrid_prediction_mixture,orthogonal_all__m7,7,False,validation,60551.25858770957,0.11704173839428952,0.0,True
california_housing,regression,controlled_mlp,2,Raw+HybridSpectral-t0.10@0.5,hybrid_prediction_mixture,orthogonal_all__m7,7,False,test,63977.34227795133,0.11211447529479701,0.0,True
california_housing,regression,controlled_mlp,2,Raw+HybridSpectral-t0.10@0.75,hybrid_prediction_mixture,rbf_reference,-1,True,validation,60594.52892193142,0.0,0.0,False
california_housing,regression,controlled_mlp,2,Raw+HybridSpectral-t0.10@0.75,hybrid_prediction_mixture,rbf_reference,-1,True,test,64853.78836502612,0.0,0.0,False
california_housing,regression,controlled_mlp,2,Raw+HybridSpectral-t0.10@0.75,hybrid_prediction_mixture,orthogonal_all__m0,0,False,validation,60539.12232906079,0.029501673794720185,0.0,True
california_housing,regression,controlled_mlp,2,Raw+HybridSpectral-t0.10@0.75,hybrid_prediction_mixture,orthogonal_all__m0,0,False,test,65243.768145773836,0.028847575145111087,0.0,True
california_housing,regression,controlled_mlp,2,Raw+HybridSpectral-t0.10@0.75,hybrid_prediction_mixture,orthogonal_all__m1,1,False,validation,60237.26263776574,0.05369169496287334,0.0,True
california_housing,regression,controlled_mlp,2,Raw+HybridSpectral-t0.10@0.75,hybrid_prediction_mixture,orthogonal_all__m1,1,False,test,64181.66810777655,0.05447570759942835,0.0,True
california_housing,regression,controlled_mlp,2,Raw+HybridSpectral-t0.10@0.75,hybrid_prediction_mixture,orthogonal_all__m2,2,False,validation,60280.5937013937,0.03156601388875868,0.0,True
california_housing,regression,controlled_mlp,2,Raw+HybridSpectral-t0.10@0.75,hybrid_prediction_mixture,orthogonal_all__m2,2,False,test,64892.88345772744,0.030616867050772743,0.0,True
california_housing,regression,controlled_mlp,2,Raw+HybridSpectral-t0.10@0.75,hybrid_prediction_mixture,orthogonal_all__m3,3,False,validation,60620.58001071689,0.04904817384401084,0.0,True
california_housing,regression,controlled_mlp,2,Raw+HybridSpectral-t0.10@0.75,hybrid_prediction_mixture,orthogonal_all__m3,3,False,test,64547.7112578649,0.045316756283296074,0.0,True
california_housing,regression,controlled_mlp,2,Raw+HybridSpectral-t0.10@0.75,hybrid_prediction_mixture,orthogonal_all__m4,4,False,validation,60647.16138470052,0.024800005896175495,0.0,True
california_housing,regression,controlled_mlp,2,Raw+HybridSpectral-t0.10@0.75,hybrid_prediction_mixture,orthogonal_all__m4,4,False,test,65181.21540041923,0.025196548430995308,0.0,True
california_housing,regression,controlled_mlp,2,Raw+HybridSpectral-t0.10@0.75,hybrid_prediction_mixture,orthogonal_all__m5,5,False,validation,60431.70362996892,0.02560785822413818,0.0,True
california_housing,regression,controlled_mlp,2,Raw+HybridSpectral-t0.10@0.75,hybrid_prediction_mixture,orthogonal_all__m5,5,False,test,65036.6664212342,0.027206832844252186,0.0,True
california_housing,regression,controlled_mlp,2,Raw+HybridSpectral-t0.10@0.75,hybrid_prediction_mixture,orthogonal_all__m6,6,False,validation,60559.53300305818,0.03523365899292472,0.0,True
california_housing,regression,controlled_mlp,2,Raw+HybridSpectral-t0.10@0.75,hybrid_prediction_mixture,orthogonal_all__m6,6,False,test,64817.12647218129,0.03275703433706512,0.0,True
california_housing,regression,controlled_mlp,2,Raw+HybridSpectral-t0.10@0.75,hybrid_prediction_mixture,orthogonal_all__m7,7,False,validation,60224.088220161015,0.05852086919714476,0.0,True
california_housing,regression,controlled_mlp,2,Raw+HybridSpectral-t0.10@0.75,hybrid_prediction_mixture,orthogonal_all__m7,7,False,test,64247.21731323123,0.056057237647398506,0.0,True
california_housing,regression,controlled_mlp,2,Raw+HybridSpectral-t0.10@1,hybrid_prediction_mixture,rbf_reference,-1,True,validation,60622.278076631745,0.0,0.0,False
california_housing,regression,controlled_mlp,2,Raw+HybridSpectral-t0.10@1,hybrid_prediction_mixture,rbf_reference,-1,True,test,65274.89001764123,0.0,0.0,False
california_housing,regression,controlled_mlp,2,Raw+HybridSpectral-t0.10@1,hybrid_prediction_mixture,orthogonal_all__m0,0,False,validation,60622.278076631745,0.0,0.0,True
california_housing,regression,controlled_mlp,2,Raw+HybridSpectral-t0.10@1,hybrid_prediction_mixture,orthogonal_all__m0,0,False,test,65274.89001764123,0.0,0.0,True
california_housing,regression,controlled_mlp,2,Raw+HybridSpectral-t0.10@1,hybrid_prediction_mixture,orthogonal_all__m1,1,False,validation,60622.278076631745,0.0,0.0,True
california_housing,regression,controlled_mlp,2,Raw+HybridSpectral-t0.10@1,hybrid_prediction_mixture,orthogonal_all__m1,1,False,test,65274.89001764123,0.0,0.0,True
california_housing,regression,controlled_mlp,2,Raw+HybridSpectral-t0.10@1,hybrid_prediction_mixture,orthogonal_all__m2,2,False,validation,60622.278076631745,0.0,0.0,True
california_housing,regression,controlled_mlp,2,Raw+HybridSpectral-t0.10@1,hybrid_prediction_mixture,orthogonal_all__m2,2,False,test,65274.89001764123,0.0,0.0,True
california_housing,regression,controlled_mlp,2,Raw+HybridSpectral-t0.10@1,hybrid_prediction_mixture,orthogonal_all__m3,3,False,validation,60622.278076631745,0.0,0.0,True
california_housing,regression,controlled_mlp,2,Raw+HybridSpectral-t0.10@1,hybrid_prediction_mixture,orthogonal_all__m3,3,False,test,65274.89001764123,0.0,0.0,True
california_housing,regression,controlled_mlp,2,Raw+HybridSpectral-t0.10@1,hybrid_prediction_mixture,orthogonal_all__m4,4,False,validation,60622.278076631745,0.0,0.0,True
california_housing,regression,controlled_mlp,2,Raw+HybridSpectral-t0.10@1,hybrid_prediction_mixture,orthogonal_all__m4,4,False,test,65274.89001764123,0.0,0.0,True
california_housing,regression,controlled_mlp,2,Raw+HybridSpectral-t0.10@1,hybrid_prediction_mixture,orthogonal_all__m5,5,False,validation,60622.278076631745,0.0,0.0,True
california_housing,regression,controlled_mlp,2,Raw+HybridSpectral-t0.10@1,hybrid_prediction_mixture,orthogonal_all__m5,5,False,test,65274.89001764123,0.0,0.0,True
california_housing,regression,controlled_mlp,2,Raw+HybridSpectral-t0.10@1,hybrid_prediction_mixture,orthogonal_all__m6,6,False,validation,60622.278076631745,0.0,0.0,True
california_housing,regression,controlled_mlp,2,Raw+HybridSpectral-t0.10@1,hybrid_prediction_mixture,orthogonal_all__m6,6,False,test,65274.89001764123,0.0,0.0,True
california_housing,regression,controlled_mlp,2,Raw+HybridSpectral-t0.10@1,hybrid_prediction_mixture,orthogonal_all__m7,7,False,validation,60622.278076631745,0.0,0.0,True
california_housing,regression,controlled_mlp,2,Raw+HybridSpectral-t0.10@1,hybrid_prediction_mixture,orthogonal_all__m7,7,False,test,65274.89001764123,0.0,0.0,True
