dataset,problem_type,model,seed,method,track,representation_id,member,is_reference,split,task_error,disagreement,fit_seconds,prediction_reused_due_to_coordinate_identity
phoneme,classification,tabicl_v2,1,Raw,representation,rbf_reference,-1,True,validation,0.2678213435389434,0.0,1.3706665658392012,False
phoneme,classification,tabicl_v2,1,Raw,representation,rbf_reference,-1,True,test,0.27519762861127134,0.0,1.3706665658392012,False
phoneme,classification,tabicl_v2,1,Raw,representation,orthogonal_all__m0,0,False,validation,0.26665744672829894,0.06432254574876985,1.5503361120354384,False
phoneme,classification,tabicl_v2,1,Raw,representation,orthogonal_all__m0,0,False,test,0.2909461106757743,0.07328135677514525,1.5503361120354384,False
phoneme,classification,tabicl_v2,1,Raw,representation,orthogonal_all__m1,1,False,validation,0.2722460854921077,0.07634937056683641,1.016824072925374,False
phoneme,classification,tabicl_v2,1,Raw,representation,orthogonal_all__m1,1,False,test,0.2929876222596012,0.07262922418465903,1.016824072925374,False
phoneme,classification,tabicl_v2,1,Raw,representation,orthogonal_all__m2,2,False,validation,0.26320378858688365,0.0708650627190376,1.4150391628500074,False
phoneme,classification,tabicl_v2,1,Raw,representation,orthogonal_all__m2,2,False,test,0.29243289232053216,0.0694765102448133,1.4150391628500074,False
phoneme,classification,tabicl_v2,1,Raw,representation,orthogonal_all__m3,3,False,validation,0.26367512000837773,0.059820331048593044,1.2848895790521055,False
phoneme,classification,tabicl_v2,1,Raw,representation,orthogonal_all__m3,3,False,test,0.2852290378259614,0.0738452307045076,1.2848895790521055,False
phoneme,classification,tabicl_v2,1,Raw,representation,orthogonal_all__m4,4,False,validation,0.2667351658616421,0.07217103436843766,1.492298805853352,False
phoneme,classification,tabicl_v2,1,Raw,representation,orthogonal_all__m4,4,False,test,0.29285622689628144,0.07074613681397982,1.492298805853352,False
phoneme,classification,tabicl_v2,1,Raw,representation,orthogonal_all__m5,5,False,validation,0.27610467480602724,0.07598359093598828,1.4591497608926147,False
phoneme,classification,tabicl_v2,1,Raw,representation,orthogonal_all__m5,5,False,test,0.2928474898344813,0.08439334584683988,1.4591497608926147,False
phoneme,classification,tabicl_v2,1,Raw,representation,orthogonal_all__m6,6,False,validation,0.2713296888114676,0.07891957749012278,1.4884452389087528,False
phoneme,classification,tabicl_v2,1,Raw,representation,orthogonal_all__m6,6,False,test,0.28844234771246124,0.07266425356380136,1.4884452389087528,False
phoneme,classification,tabicl_v2,1,Raw,representation,orthogonal_all__m7,7,False,validation,0.2703786107783231,0.06742630322228453,1.6060975608415902,False
phoneme,classification,tabicl_v2,1,Raw,representation,orthogonal_all__m7,7,False,test,0.2948388455484854,0.0759943520311526,1.6060975608415902,False
phoneme,classification,tabicl_v2,1,PCA,representation,pca__v1__rbf_reference,-1,True,validation,0.27331588183905653,0.0,0.2641241999808699,False
phoneme,classification,tabicl_v2,1,PCA,representation,pca__v1__rbf_reference,-1,True,test,0.2933890997742921,0.0,0.2641241999808699,False
phoneme,classification,tabicl_v2,1,PCA,representation,pca__v1__orthogonal_all__m0,0,False,validation,0.27331588183905653,0.0,0.0,True
phoneme,classification,tabicl_v2,1,PCA,representation,pca__v1__orthogonal_all__m0,0,False,test,0.2933890997742921,0.0,0.0,True
phoneme,classification,tabicl_v2,1,PCA,representation,pca__v1__orthogonal_all__m1,1,False,validation,0.27331588183905653,0.0,0.0,True
phoneme,classification,tabicl_v2,1,PCA,representation,pca__v1__orthogonal_all__m1,1,False,test,0.2933890997742921,0.0,0.0,True
phoneme,classification,tabicl_v2,1,PCA,representation,pca__v1__orthogonal_all__m2,2,False,validation,0.27331588183905653,0.0,0.0,True
phoneme,classification,tabicl_v2,1,PCA,representation,pca__v1__orthogonal_all__m2,2,False,test,0.2933890997742921,0.0,0.0,True
phoneme,classification,tabicl_v2,1,PCA,representation,pca__v1__orthogonal_all__m3,3,False,validation,0.27331588183905653,0.0,0.0,True
phoneme,classification,tabicl_v2,1,PCA,representation,pca__v1__orthogonal_all__m3,3,False,test,0.2933890997742921,0.0,0.0,True
phoneme,classification,tabicl_v2,1,PCA,representation,pca__v1__orthogonal_all__m4,4,False,validation,0.27331588183905653,0.0,0.0,True
phoneme,classification,tabicl_v2,1,PCA,representation,pca__v1__orthogonal_all__m4,4,False,test,0.2933890997742921,0.0,0.0,True
phoneme,classification,tabicl_v2,1,PCA,representation,pca__v1__orthogonal_all__m5,5,False,validation,0.27331588183905653,0.0,0.0,True
phoneme,classification,tabicl_v2,1,PCA,representation,pca__v1__orthogonal_all__m5,5,False,test,0.2933890997742921,0.0,0.0,True
phoneme,classification,tabicl_v2,1,PCA,representation,pca__v1__orthogonal_all__m6,6,False,validation,0.27331588183905653,0.0,0.0,True
phoneme,classification,tabicl_v2,1,PCA,representation,pca__v1__orthogonal_all__m6,6,False,test,0.2933890997742921,0.0,0.0,True
phoneme,classification,tabicl_v2,1,PCA,representation,pca__v1__orthogonal_all__m7,7,False,validation,0.27331588183905653,0.0,0.0,True
phoneme,classification,tabicl_v2,1,PCA,representation,pca__v1__orthogonal_all__m7,7,False,test,0.2933890997742921,0.0,0.0,True
phoneme,classification,tabicl_v2,1,GramAnchor,representation,gram_anchor__pivot_tie_v2__rbf_reference,-1,True,validation,0.2727534862619329,0.0,0.29038567701354623,False
phoneme,classification,tabicl_v2,1,GramAnchor,representation,gram_anchor__pivot_tie_v2__rbf_reference,-1,True,test,0.29012808508566035,0.0,0.29038567701354623,False
phoneme,classification,tabicl_v2,1,GramAnchor,representation,gram_anchor__pivot_tie_v2__orthogonal_all__m0,0,False,validation,0.2727534862619329,0.0,0.0,True
phoneme,classification,tabicl_v2,1,GramAnchor,representation,gram_anchor__pivot_tie_v2__orthogonal_all__m0,0,False,test,0.29012808508566035,0.0,0.0,True
phoneme,classification,tabicl_v2,1,GramAnchor,representation,gram_anchor__pivot_tie_v2__orthogonal_all__m1,1,False,validation,0.2727534862619329,0.0,0.0,True
phoneme,classification,tabicl_v2,1,GramAnchor,representation,gram_anchor__pivot_tie_v2__orthogonal_all__m1,1,False,test,0.29012808508566035,0.0,0.0,True
phoneme,classification,tabicl_v2,1,GramAnchor,representation,gram_anchor__pivot_tie_v2__orthogonal_all__m2,2,False,validation,0.2727534862619329,0.0,0.0,True
phoneme,classification,tabicl_v2,1,GramAnchor,representation,gram_anchor__pivot_tie_v2__orthogonal_all__m2,2,False,test,0.29012808508566035,0.0,0.0,True
phoneme,classification,tabicl_v2,1,GramAnchor,representation,gram_anchor__pivot_tie_v2__orthogonal_all__m3,3,False,validation,0.2727534862619329,0.0,0.0,True
phoneme,classification,tabicl_v2,1,GramAnchor,representation,gram_anchor__pivot_tie_v2__orthogonal_all__m3,3,False,test,0.29012808508566035,0.0,0.0,True
phoneme,classification,tabicl_v2,1,GramAnchor,representation,gram_anchor__pivot_tie_v2__orthogonal_all__m4,4,False,validation,0.2727534862619329,0.0,0.0,True
phoneme,classification,tabicl_v2,1,GramAnchor,representation,gram_anchor__pivot_tie_v2__orthogonal_all__m4,4,False,test,0.29012808508566035,0.0,0.0,True
phoneme,classification,tabicl_v2,1,GramAnchor,representation,gram_anchor__pivot_tie_v2__orthogonal_all__m5,5,False,validation,0.2727534862619329,0.0,0.0,True
phoneme,classification,tabicl_v2,1,GramAnchor,representation,gram_anchor__pivot_tie_v2__orthogonal_all__m5,5,False,test,0.29012808508566035,0.0,0.0,True
phoneme,classification,tabicl_v2,1,GramAnchor,representation,gram_anchor__pivot_tie_v2__orthogonal_all__m6,6,False,validation,0.2727534862619329,0.0,0.0,True
phoneme,classification,tabicl_v2,1,GramAnchor,representation,gram_anchor__pivot_tie_v2__orthogonal_all__m6,6,False,test,0.29012808508566035,0.0,0.0,True
phoneme,classification,tabicl_v2,1,GramAnchor,representation,gram_anchor__pivot_tie_v2__orthogonal_all__m7,7,False,validation,0.2727534862619329,0.0,0.0,True
phoneme,classification,tabicl_v2,1,GramAnchor,representation,gram_anchor__pivot_tie_v2__orthogonal_all__m7,7,False,test,0.29012808508566035,0.0,0.0,True
phoneme,classification,tabicl_v2,1,GramAnchor-m8,representation,gram_anchor__pivot_tie_v2__rbf_reference,-1,True,validation,0.2735121289952396,0.0,3.0074420541059226,False
phoneme,classification,tabicl_v2,1,GramAnchor-m8,representation,gram_anchor__pivot_tie_v2__rbf_reference,-1,True,test,0.2857300898398628,0.0,3.0074420541059226,False
phoneme,classification,tabicl_v2,1,GramAnchor-m8,representation,gram_anchor__pivot_tie_v2__orthogonal_all__m0,0,False,validation,0.2735121289952396,0.0,0.0,True
phoneme,classification,tabicl_v2,1,GramAnchor-m8,representation,gram_anchor__pivot_tie_v2__orthogonal_all__m0,0,False,test,0.2857300898398628,0.0,0.0,True
phoneme,classification,tabicl_v2,1,GramAnchor-m8,representation,gram_anchor__pivot_tie_v2__orthogonal_all__m1,1,False,validation,0.2735121289952396,0.0,0.0,True
phoneme,classification,tabicl_v2,1,GramAnchor-m8,representation,gram_anchor__pivot_tie_v2__orthogonal_all__m1,1,False,test,0.2857300898398628,0.0,0.0,True
phoneme,classification,tabicl_v2,1,GramAnchor-m8,representation,gram_anchor__pivot_tie_v2__orthogonal_all__m2,2,False,validation,0.2735121289952396,0.0,0.0,True
phoneme,classification,tabicl_v2,1,GramAnchor-m8,representation,gram_anchor__pivot_tie_v2__orthogonal_all__m2,2,False,test,0.2857300898398628,0.0,0.0,True
phoneme,classification,tabicl_v2,1,GramAnchor-m8,representation,gram_anchor__pivot_tie_v2__orthogonal_all__m3,3,False,validation,0.2735121289952396,0.0,0.0,True
phoneme,classification,tabicl_v2,1,GramAnchor-m8,representation,gram_anchor__pivot_tie_v2__orthogonal_all__m3,3,False,test,0.2857300898398628,0.0,0.0,True
phoneme,classification,tabicl_v2,1,GramAnchor-m8,representation,gram_anchor__pivot_tie_v2__orthogonal_all__m4,4,False,validation,0.2735121289952396,0.0,0.0,True
phoneme,classification,tabicl_v2,1,GramAnchor-m8,representation,gram_anchor__pivot_tie_v2__orthogonal_all__m4,4,False,test,0.2857300898398628,0.0,0.0,True
phoneme,classification,tabicl_v2,1,GramAnchor-m8,representation,gram_anchor__pivot_tie_v2__orthogonal_all__m5,5,False,validation,0.2735121289952396,0.0,0.0,True
phoneme,classification,tabicl_v2,1,GramAnchor-m8,representation,gram_anchor__pivot_tie_v2__orthogonal_all__m5,5,False,test,0.2857300898398628,0.0,0.0,True
phoneme,classification,tabicl_v2,1,GramAnchor-m8,representation,gram_anchor__pivot_tie_v2__orthogonal_all__m6,6,False,validation,0.2735121289952396,0.0,0.0,True
phoneme,classification,tabicl_v2,1,GramAnchor-m8,representation,gram_anchor__pivot_tie_v2__orthogonal_all__m6,6,False,test,0.2857300898398628,0.0,0.0,True
phoneme,classification,tabicl_v2,1,GramAnchor-m8,representation,gram_anchor__pivot_tie_v2__orthogonal_all__m7,7,False,validation,0.2735121289952396,0.0,0.0,True
phoneme,classification,tabicl_v2,1,GramAnchor-m8,representation,gram_anchor__pivot_tie_v2__orthogonal_all__m7,7,False,test,0.2857300898398628,0.0,0.0,True
phoneme,classification,tabicl_v2,1,GramDistance,representation,gram_distance__pivot_tie_v2__rbf_reference,-1,True,validation,0.2643875677891737,0.0,0.2666860888712108,False
phoneme,classification,tabicl_v2,1,GramDistance,representation,gram_distance__pivot_tie_v2__rbf_reference,-1,True,test,0.29468679281864396,0.0,0.2666860888712108,False
phoneme,classification,tabicl_v2,1,GramDistance,representation,gram_distance__pivot_tie_v2__orthogonal_all__m0,0,False,validation,0.2643875677891737,0.0,0.0,True
phoneme,classification,tabicl_v2,1,GramDistance,representation,gram_distance__pivot_tie_v2__orthogonal_all__m0,0,False,test,0.29468679281864396,0.0,0.0,True
phoneme,classification,tabicl_v2,1,GramDistance,representation,gram_distance__pivot_tie_v2__orthogonal_all__m1,1,False,validation,0.2643875677891737,0.0,0.0,True
phoneme,classification,tabicl_v2,1,GramDistance,representation,gram_distance__pivot_tie_v2__orthogonal_all__m1,1,False,test,0.29468679281864396,0.0,0.0,True
phoneme,classification,tabicl_v2,1,GramDistance,representation,gram_distance__pivot_tie_v2__orthogonal_all__m2,2,False,validation,0.2643875677891737,0.0,0.0,True
phoneme,classification,tabicl_v2,1,GramDistance,representation,gram_distance__pivot_tie_v2__orthogonal_all__m2,2,False,test,0.29468679281864396,0.0,0.0,True
phoneme,classification,tabicl_v2,1,GramDistance,representation,gram_distance__pivot_tie_v2__orthogonal_all__m3,3,False,validation,0.2643875677891737,0.0,0.0,True
phoneme,classification,tabicl_v2,1,GramDistance,representation,gram_distance__pivot_tie_v2__orthogonal_all__m3,3,False,test,0.29468679281864396,0.0,0.0,True
phoneme,classification,tabicl_v2,1,GramDistance,representation,gram_distance__pivot_tie_v2__orthogonal_all__m4,4,False,validation,0.2643875677891737,0.0,0.0,True
phoneme,classification,tabicl_v2,1,GramDistance,representation,gram_distance__pivot_tie_v2__orthogonal_all__m4,4,False,test,0.29468679281864396,0.0,0.0,True
phoneme,classification,tabicl_v2,1,GramDistance,representation,gram_distance__pivot_tie_v2__orthogonal_all__m5,5,False,validation,0.2643875677891737,0.0,0.0,True
phoneme,classification,tabicl_v2,1,GramDistance,representation,gram_distance__pivot_tie_v2__orthogonal_all__m5,5,False,test,0.29468679281864396,0.0,0.0,True
phoneme,classification,tabicl_v2,1,GramDistance,representation,gram_distance__pivot_tie_v2__orthogonal_all__m6,6,False,validation,0.2643875677891737,0.0,0.0,True
phoneme,classification,tabicl_v2,1,GramDistance,representation,gram_distance__pivot_tie_v2__orthogonal_all__m6,6,False,test,0.29468679281864396,0.0,0.0,True
phoneme,classification,tabicl_v2,1,GramDistance,representation,gram_distance__pivot_tie_v2__orthogonal_all__m7,7,False,validation,0.2643875677891737,0.0,0.0,True
phoneme,classification,tabicl_v2,1,GramDistance,representation,gram_distance__pivot_tie_v2__orthogonal_all__m7,7,False,test,0.29468679281864396,0.0,0.0,True
phoneme,classification,tabicl_v2,1,NystromGram,representation,nystrom_gram__nystrom_degeneracy_v3__rbf_reference,-1,True,validation,0.2707858917614181,0.0,0.3013052851893008,False
phoneme,classification,tabicl_v2,1,NystromGram,representation,nystrom_gram__nystrom_degeneracy_v3__rbf_reference,-1,True,test,0.29327281216738044,0.0,0.3013052851893008,False
phoneme,classification,tabicl_v2,1,NystromGram,representation,nystrom_gram__nystrom_degeneracy_v3__orthogonal_all__m0,0,False,validation,0.2707858917614181,0.0,0.0,True
phoneme,classification,tabicl_v2,1,NystromGram,representation,nystrom_gram__nystrom_degeneracy_v3__orthogonal_all__m0,0,False,test,0.29327281216738044,0.0,0.0,True
phoneme,classification,tabicl_v2,1,NystromGram,representation,nystrom_gram__nystrom_degeneracy_v3__orthogonal_all__m1,1,False,validation,0.2707858917614181,0.0,0.0,True
phoneme,classification,tabicl_v2,1,NystromGram,representation,nystrom_gram__nystrom_degeneracy_v3__orthogonal_all__m1,1,False,test,0.29327281216738044,0.0,0.0,True
phoneme,classification,tabicl_v2,1,NystromGram,representation,nystrom_gram__nystrom_degeneracy_v3__orthogonal_all__m2,2,False,validation,0.2707858917614181,0.0,0.0,True
phoneme,classification,tabicl_v2,1,NystromGram,representation,nystrom_gram__nystrom_degeneracy_v3__orthogonal_all__m2,2,False,test,0.29327281216738044,0.0,0.0,True
phoneme,classification,tabicl_v2,1,NystromGram,representation,nystrom_gram__nystrom_degeneracy_v3__orthogonal_all__m3,3,False,validation,0.2707858917614181,0.0,0.0,True
phoneme,classification,tabicl_v2,1,NystromGram,representation,nystrom_gram__nystrom_degeneracy_v3__orthogonal_all__m3,3,False,test,0.29327281216738044,0.0,0.0,True
phoneme,classification,tabicl_v2,1,NystromGram,representation,nystrom_gram__nystrom_degeneracy_v3__orthogonal_all__m4,4,False,validation,0.2707858917614181,0.0,0.0,True
phoneme,classification,tabicl_v2,1,NystromGram,representation,nystrom_gram__nystrom_degeneracy_v3__orthogonal_all__m4,4,False,test,0.29327281216738044,0.0,0.0,True
phoneme,classification,tabicl_v2,1,NystromGram,representation,nystrom_gram__nystrom_degeneracy_v3__orthogonal_all__m5,5,False,validation,0.2707858917614181,0.0,0.0,True
phoneme,classification,tabicl_v2,1,NystromGram,representation,nystrom_gram__nystrom_degeneracy_v3__orthogonal_all__m5,5,False,test,0.29327281216738044,0.0,0.0,True
phoneme,classification,tabicl_v2,1,NystromGram,representation,nystrom_gram__nystrom_degeneracy_v3__orthogonal_all__m6,6,False,validation,0.2707858917614181,0.0,0.0,True
phoneme,classification,tabicl_v2,1,NystromGram,representation,nystrom_gram__nystrom_degeneracy_v3__orthogonal_all__m6,6,False,test,0.29327281216738044,0.0,0.0,True
phoneme,classification,tabicl_v2,1,NystromGram,representation,nystrom_gram__nystrom_degeneracy_v3__orthogonal_all__m7,7,False,validation,0.2707858917614181,0.0,0.0,True
phoneme,classification,tabicl_v2,1,NystromGram,representation,nystrom_gram__nystrom_degeneracy_v3__orthogonal_all__m7,7,False,test,0.29327281216738044,0.0,0.0,True
phoneme,classification,tabicl_v2,1,HybridSpectral-t0.01,representation,hybrid_spectral__pivot_tie_v2__rbf_reference,-1,True,validation,0.27331588183905653,0.0,0.32310804491862655,False
phoneme,classification,tabicl_v2,1,HybridSpectral-t0.01,representation,hybrid_spectral__pivot_tie_v2__rbf_reference,-1,True,test,0.2933890997742921,0.0,0.32310804491862655,False
phoneme,classification,tabicl_v2,1,HybridSpectral-t0.01,representation,hybrid_spectral__pivot_tie_v2__orthogonal_all__m0,0,False,validation,0.27331588183905653,0.0,0.0,True
phoneme,classification,tabicl_v2,1,HybridSpectral-t0.01,representation,hybrid_spectral__pivot_tie_v2__orthogonal_all__m0,0,False,test,0.2933890997742921,0.0,0.0,True
phoneme,classification,tabicl_v2,1,HybridSpectral-t0.01,representation,hybrid_spectral__pivot_tie_v2__orthogonal_all__m1,1,False,validation,0.27331588183905653,0.0,0.0,True
phoneme,classification,tabicl_v2,1,HybridSpectral-t0.01,representation,hybrid_spectral__pivot_tie_v2__orthogonal_all__m1,1,False,test,0.2933890997742921,0.0,0.0,True
phoneme,classification,tabicl_v2,1,HybridSpectral-t0.01,representation,hybrid_spectral__pivot_tie_v2__orthogonal_all__m2,2,False,validation,0.27331588183905653,0.0,0.0,True
phoneme,classification,tabicl_v2,1,HybridSpectral-t0.01,representation,hybrid_spectral__pivot_tie_v2__orthogonal_all__m2,2,False,test,0.2933890997742921,0.0,0.0,True
phoneme,classification,tabicl_v2,1,HybridSpectral-t0.01,representation,hybrid_spectral__pivot_tie_v2__orthogonal_all__m3,3,False,validation,0.27331588183905653,0.0,0.0,True
phoneme,classification,tabicl_v2,1,HybridSpectral-t0.01,representation,hybrid_spectral__pivot_tie_v2__orthogonal_all__m3,3,False,test,0.2933890997742921,0.0,0.0,True
phoneme,classification,tabicl_v2,1,HybridSpectral-t0.01,representation,hybrid_spectral__pivot_tie_v2__orthogonal_all__m4,4,False,validation,0.27331588183905653,0.0,0.0,True
phoneme,classification,tabicl_v2,1,HybridSpectral-t0.01,representation,hybrid_spectral__pivot_tie_v2__orthogonal_all__m4,4,False,test,0.2933890997742921,0.0,0.0,True
phoneme,classification,tabicl_v2,1,HybridSpectral-t0.01,representation,hybrid_spectral__pivot_tie_v2__orthogonal_all__m5,5,False,validation,0.27331588183905653,0.0,0.0,True
phoneme,classification,tabicl_v2,1,HybridSpectral-t0.01,representation,hybrid_spectral__pivot_tie_v2__orthogonal_all__m5,5,False,test,0.2933890997742921,0.0,0.0,True
phoneme,classification,tabicl_v2,1,HybridSpectral-t0.01,representation,hybrid_spectral__pivot_tie_v2__orthogonal_all__m6,6,False,validation,0.27331588183905653,0.0,0.0,True
phoneme,classification,tabicl_v2,1,HybridSpectral-t0.01,representation,hybrid_spectral__pivot_tie_v2__orthogonal_all__m6,6,False,test,0.2933890997742921,0.0,0.0,True
phoneme,classification,tabicl_v2,1,HybridSpectral-t0.01,representation,hybrid_spectral__pivot_tie_v2__orthogonal_all__m7,7,False,validation,0.27331588183905653,0.0,0.0,True
phoneme,classification,tabicl_v2,1,HybridSpectral-t0.01,representation,hybrid_spectral__pivot_tie_v2__orthogonal_all__m7,7,False,test,0.2933890997742921,0.0,0.0,True
phoneme,classification,tabicl_v2,1,HybridSpectral-t0.05,representation,hybrid_spectral__pivot_tie_v2__rbf_reference,-1,True,validation,0.27331588183905653,0.0,0.28126104292459786,False
phoneme,classification,tabicl_v2,1,HybridSpectral-t0.05,representation,hybrid_spectral__pivot_tie_v2__rbf_reference,-1,True,test,0.2933890997742921,0.0,0.28126104292459786,False
phoneme,classification,tabicl_v2,1,HybridSpectral-t0.05,representation,hybrid_spectral__pivot_tie_v2__orthogonal_all__m0,0,False,validation,0.27331588183905653,0.0,0.0,True
phoneme,classification,tabicl_v2,1,HybridSpectral-t0.05,representation,hybrid_spectral__pivot_tie_v2__orthogonal_all__m0,0,False,test,0.2933890997742921,0.0,0.0,True
phoneme,classification,tabicl_v2,1,HybridSpectral-t0.05,representation,hybrid_spectral__pivot_tie_v2__orthogonal_all__m1,1,False,validation,0.27331588183905653,0.0,0.0,True
phoneme,classification,tabicl_v2,1,HybridSpectral-t0.05,representation,hybrid_spectral__pivot_tie_v2__orthogonal_all__m1,1,False,test,0.2933890997742921,0.0,0.0,True
phoneme,classification,tabicl_v2,1,HybridSpectral-t0.05,representation,hybrid_spectral__pivot_tie_v2__orthogonal_all__m2,2,False,validation,0.27331588183905653,0.0,0.0,True
phoneme,classification,tabicl_v2,1,HybridSpectral-t0.05,representation,hybrid_spectral__pivot_tie_v2__orthogonal_all__m2,2,False,test,0.2933890997742921,0.0,0.0,True
phoneme,classification,tabicl_v2,1,HybridSpectral-t0.05,representation,hybrid_spectral__pivot_tie_v2__orthogonal_all__m3,3,False,validation,0.27331588183905653,0.0,0.0,True
phoneme,classification,tabicl_v2,1,HybridSpectral-t0.05,representation,hybrid_spectral__pivot_tie_v2__orthogonal_all__m3,3,False,test,0.2933890997742921,0.0,0.0,True
phoneme,classification,tabicl_v2,1,HybridSpectral-t0.05,representation,hybrid_spectral__pivot_tie_v2__orthogonal_all__m4,4,False,validation,0.27331588183905653,0.0,0.0,True
phoneme,classification,tabicl_v2,1,HybridSpectral-t0.05,representation,hybrid_spectral__pivot_tie_v2__orthogonal_all__m4,4,False,test,0.2933890997742921,0.0,0.0,True
phoneme,classification,tabicl_v2,1,HybridSpectral-t0.05,representation,hybrid_spectral__pivot_tie_v2__orthogonal_all__m5,5,False,validation,0.27331588183905653,0.0,0.0,True
phoneme,classification,tabicl_v2,1,HybridSpectral-t0.05,representation,hybrid_spectral__pivot_tie_v2__orthogonal_all__m5,5,False,test,0.2933890997742921,0.0,0.0,True
phoneme,classification,tabicl_v2,1,HybridSpectral-t0.05,representation,hybrid_spectral__pivot_tie_v2__orthogonal_all__m6,6,False,validation,0.27331588183905653,0.0,0.0,True
phoneme,classification,tabicl_v2,1,HybridSpectral-t0.05,representation,hybrid_spectral__pivot_tie_v2__orthogonal_all__m6,6,False,test,0.2933890997742921,0.0,0.0,True
phoneme,classification,tabicl_v2,1,HybridSpectral-t0.05,representation,hybrid_spectral__pivot_tie_v2__orthogonal_all__m7,7,False,validation,0.27331588183905653,0.0,0.0,True
phoneme,classification,tabicl_v2,1,HybridSpectral-t0.05,representation,hybrid_spectral__pivot_tie_v2__orthogonal_all__m7,7,False,test,0.2933890997742921,0.0,0.0,True
phoneme,classification,tabicl_v2,1,HybridSpectral-t0.10,representation,hybrid_spectral__pivot_tie_v2__rbf_reference,-1,True,validation,0.27331588183905653,0.0,0.29714519809931517,False
phoneme,classification,tabicl_v2,1,HybridSpectral-t0.10,representation,hybrid_spectral__pivot_tie_v2__rbf_reference,-1,True,test,0.2933890997742921,0.0,0.29714519809931517,False
phoneme,classification,tabicl_v2,1,HybridSpectral-t0.10,representation,hybrid_spectral__pivot_tie_v2__orthogonal_all__m0,0,False,validation,0.27331588183905653,0.0,0.0,True
phoneme,classification,tabicl_v2,1,HybridSpectral-t0.10,representation,hybrid_spectral__pivot_tie_v2__orthogonal_all__m0,0,False,test,0.2933890997742921,0.0,0.0,True
phoneme,classification,tabicl_v2,1,HybridSpectral-t0.10,representation,hybrid_spectral__pivot_tie_v2__orthogonal_all__m1,1,False,validation,0.27331588183905653,0.0,0.0,True
phoneme,classification,tabicl_v2,1,HybridSpectral-t0.10,representation,hybrid_spectral__pivot_tie_v2__orthogonal_all__m1,1,False,test,0.2933890997742921,0.0,0.0,True
phoneme,classification,tabicl_v2,1,HybridSpectral-t0.10,representation,hybrid_spectral__pivot_tie_v2__orthogonal_all__m2,2,False,validation,0.27331588183905653,0.0,0.0,True
phoneme,classification,tabicl_v2,1,HybridSpectral-t0.10,representation,hybrid_spectral__pivot_tie_v2__orthogonal_all__m2,2,False,test,0.2933890997742921,0.0,0.0,True
phoneme,classification,tabicl_v2,1,HybridSpectral-t0.10,representation,hybrid_spectral__pivot_tie_v2__orthogonal_all__m3,3,False,validation,0.27331588183905653,0.0,0.0,True
phoneme,classification,tabicl_v2,1,HybridSpectral-t0.10,representation,hybrid_spectral__pivot_tie_v2__orthogonal_all__m3,3,False,test,0.2933890997742921,0.0,0.0,True
phoneme,classification,tabicl_v2,1,HybridSpectral-t0.10,representation,hybrid_spectral__pivot_tie_v2__orthogonal_all__m4,4,False,validation,0.27331588183905653,0.0,0.0,True
phoneme,classification,tabicl_v2,1,HybridSpectral-t0.10,representation,hybrid_spectral__pivot_tie_v2__orthogonal_all__m4,4,False,test,0.2933890997742921,0.0,0.0,True
phoneme,classification,tabicl_v2,1,HybridSpectral-t0.10,representation,hybrid_spectral__pivot_tie_v2__orthogonal_all__m5,5,False,validation,0.27331588183905653,0.0,0.0,True
phoneme,classification,tabicl_v2,1,HybridSpectral-t0.10,representation,hybrid_spectral__pivot_tie_v2__orthogonal_all__m5,5,False,test,0.2933890997742921,0.0,0.0,True
phoneme,classification,tabicl_v2,1,HybridSpectral-t0.10,representation,hybrid_spectral__pivot_tie_v2__orthogonal_all__m6,6,False,validation,0.27331588183905653,0.0,0.0,True
phoneme,classification,tabicl_v2,1,HybridSpectral-t0.10,representation,hybrid_spectral__pivot_tie_v2__orthogonal_all__m6,6,False,test,0.2933890997742921,0.0,0.0,True
phoneme,classification,tabicl_v2,1,HybridSpectral-t0.10,representation,hybrid_spectral__pivot_tie_v2__orthogonal_all__m7,7,False,validation,0.27331588183905653,0.0,0.0,True
phoneme,classification,tabicl_v2,1,HybridSpectral-t0.10,representation,hybrid_spectral__pivot_tie_v2__orthogonal_all__m7,7,False,test,0.2933890997742921,0.0,0.0,True
phoneme,classification,tabicl_v2,1,Raw+PCA@0.25,hybrid_prediction_mixture,rbf_reference,-1,True,validation,0.2614711902828194,0.0,0.0,False
phoneme,classification,tabicl_v2,1,Raw+PCA@0.25,hybrid_prediction_mixture,rbf_reference,-1,True,test,0.2746493650986543,0.0,0.0,False
phoneme,classification,tabicl_v2,1,Raw+PCA@0.25,hybrid_prediction_mixture,orthogonal_all__m0,0,False,validation,0.2634356140179026,0.048241909464287074,0.0,True
phoneme,classification,tabicl_v2,1,Raw+PCA@0.25,hybrid_prediction_mixture,orthogonal_all__m0,0,False,test,0.28747337756500335,0.054961017657135694,0.0,True
phoneme,classification,tabicl_v2,1,Raw+PCA@0.25,hybrid_prediction_mixture,orthogonal_all__m1,1,False,validation,0.267951637221076,0.05726202791317753,0.0,True
phoneme,classification,tabicl_v2,1,Raw+PCA@0.25,hybrid_prediction_mixture,orthogonal_all__m1,1,False,test,0.28945514791174975,0.05447191805378527,0.0,True
phoneme,classification,tabicl_v2,1,Raw+PCA@0.25,hybrid_prediction_mixture,orthogonal_all__m2,2,False,validation,0.2621440041750671,0.053148797050640816,0.0,True
phoneme,classification,tabicl_v2,1,Raw+PCA@0.25,hybrid_prediction_mixture,orthogonal_all__m2,2,False,test,0.2895796882749334,0.05210738262928232,0.0,True
phoneme,classification,tabicl_v2,1,Raw+PCA@0.25,hybrid_prediction_mixture,orthogonal_all__m3,3,False,validation,0.2602112699002594,0.04486524811410706,0.0,True
phoneme,classification,tabicl_v2,1,Raw+PCA@0.25,hybrid_prediction_mixture,orthogonal_all__m3,3,False,test,0.28384858340311614,0.055383923091206294,0.0,True
phoneme,classification,tabicl_v2,1,Raw+PCA@0.25,hybrid_prediction_mixture,orthogonal_all__m4,4,False,validation,0.2624616836081084,0.05412827561797657,0.0,True
phoneme,classification,tabicl_v2,1,Raw+PCA@0.25,hybrid_prediction_mixture,orthogonal_all__m4,4,False,test,0.2891617108678741,0.05305960263022964,0.0,True
phoneme,classification,tabicl_v2,1,Raw+PCA@0.25,hybrid_prediction_mixture,orthogonal_all__m5,5,False,validation,0.2690750879812698,0.056987693354277384,0.0,True
phoneme,classification,tabicl_v2,1,Raw+PCA@0.25,hybrid_prediction_mixture,orthogonal_all__m5,5,False,test,0.2890452819757399,0.0632950093555933,0.0,True
phoneme,classification,tabicl_v2,1,Raw+PCA@0.25,hybrid_prediction_mixture,orthogonal_all__m6,6,False,validation,0.2676630610535057,0.05918968325908896,0.0,True
phoneme,classification,tabicl_v2,1,Raw+PCA@0.25,hybrid_prediction_mixture,orthogonal_all__m6,6,False,test,0.2869109844563482,0.0544981900828442,0.0,True
phoneme,classification,tabicl_v2,1,Raw+PCA@0.25,hybrid_prediction_mixture,orthogonal_all__m7,7,False,validation,0.266485166560242,0.05056972750074373,0.0,True
phoneme,classification,tabicl_v2,1,Raw+PCA@0.25,hybrid_prediction_mixture,orthogonal_all__m7,7,False,test,0.29090109607764697,0.05699576399289251,0.0,True
phoneme,classification,tabicl_v2,1,Raw+PCA@0.5,hybrid_prediction_mixture,rbf_reference,-1,True,validation,0.26081554012627617,0.0,0.0,False
phoneme,classification,tabicl_v2,1,Raw+PCA@0.5,hybrid_prediction_mixture,rbf_reference,-1,True,test,0.2776607318357709,0.0,0.0,False
phoneme,classification,tabicl_v2,1,Raw+PCA@0.5,hybrid_prediction_mixture,orthogonal_all__m0,0,False,validation,0.2635975273172412,0.032161273077997855,0.0,True
phoneme,classification,tabicl_v2,1,Raw+PCA@0.5,hybrid_prediction_mixture,orthogonal_all__m0,0,False,test,0.28691916220530933,0.03664067848860833,0.0,True
phoneme,classification,tabicl_v2,1,Raw+PCA@0.5,hybrid_prediction_mixture,orthogonal_all__m1,1,False,validation,0.2666737622433144,0.038174685267485194,0.0,True
phoneme,classification,tabicl_v2,1,Raw+PCA@0.5,hybrid_prediction_mixture,orthogonal_all__m1,1,False,test,0.28842071639149236,0.03631461197938419,0.0,True
phoneme,classification,tabicl_v2,1,Raw+PCA@0.5,hybrid_prediction_mixture,orthogonal_all__m2,2,False,validation,0.26341338813568316,0.03543253137466898,0.0,True
phoneme,classification,tabicl_v2,1,Raw+PCA@0.5,hybrid_prediction_mixture,orthogonal_all__m2,2,False,test,0.28883735470127814,0.0347382550499698,0.0,True
phoneme,classification,tabicl_v2,1,Raw+PCA@0.5,hybrid_prediction_mixture,orthogonal_all__m3,3,False,validation,0.2606216184357111,0.02991016529451291,0.0,True
phoneme,classification,tabicl_v2,1,Raw+PCA@0.5,hybrid_prediction_mixture,orthogonal_all__m3,3,False,test,0.2847056212875104,0.03692261543602127,0.0,True
phoneme,classification,tabicl_v2,1,Raw+PCA@0.5,hybrid_prediction_mixture,orthogonal_all__m4,4,False,validation,0.26232090577626693,0.03608551697308328,0.0,True
phoneme,classification,tabicl_v2,1,Raw+PCA@0.5,hybrid_prediction_mixture,orthogonal_all__m4,4,False,test,0.28812557276031014,0.03537306843331629,0.0,True
phoneme,classification,tabicl_v2,1,Raw+PCA@0.5,hybrid_prediction_mixture,orthogonal_all__m5,5,False,validation,0.2668194272692182,0.037991795671042404,0.0,True
phoneme,classification,tabicl_v2,1,Raw+PCA@0.5,hybrid_prediction_mixture,orthogonal_all__m5,5,False,test,0.2880523768506753,0.042196672884037806,0.0,True
phoneme,classification,tabicl_v2,1,Raw+PCA@0.5,hybrid_prediction_mixture,orthogonal_all__m6,6,False,validation,0.26678381644015714,0.039459788933723906,0.0,True
phoneme,classification,tabicl_v2,1,Raw+PCA@0.5,hybrid_prediction_mixture,orthogonal_all__m6,6,False,test,0.28715674541802105,0.03633212666189159,0.0,True
phoneme,classification,tabicl_v2,1,Raw+PCA@0.5,hybrid_prediction_mixture,orthogonal_all__m7,7,False,validation,0.26565269814038134,0.03371315172318273,0.0,True
phoneme,classification,tabicl_v2,1,Raw+PCA@0.5,hybrid_prediction_mixture,orthogonal_all__m7,7,False,test,0.28931308031999425,0.037997175974947055,0.0,True
phoneme,classification,tabicl_v2,1,Raw+PCA@0.75,hybrid_prediction_mixture,rbf_reference,-1,True,validation,0.2645623215807186,0.0,0.0,False
phoneme,classification,tabicl_v2,1,Raw+PCA@0.75,hybrid_prediction_mixture,rbf_reference,-1,True,test,0.2837160712764085,0.0,0.0,False
phoneme,classification,tabicl_v2,1,Raw+PCA@0.75,hybrid_prediction_mixture,orthogonal_all__m0,0,False,validation,0.26679639113172227,0.016080636589902175,0.0,True
phoneme,classification,tabicl_v2,1,Raw+PCA@0.75,hybrid_prediction_mixture,orthogonal_all__m0,0,False,test,0.28881249977605883,0.018320339269563102,0.0,True
phoneme,classification,tabicl_v2,1,Raw+PCA@0.75,hybrid_prediction_mixture,orthogonal_all__m1,1,False,validation,0.26828003905687114,0.019087342629759363,0.0,True
phoneme,classification,tabicl_v2,1,Raw+PCA@0.75,hybrid_prediction_mixture,orthogonal_all__m1,1,False,test,0.2896463817849261,0.018157305961455778,0.0,True
phoneme,classification,tabicl_v2,1,Raw+PCA@0.75,hybrid_prediction_mixture,orthogonal_all__m2,2,False,validation,0.26701489713083026,0.017716265691122054,0.0,True
phoneme,classification,tabicl_v2,1,Raw+PCA@0.75,hybrid_prediction_mixture,orthogonal_all__m2,2,False,test,0.2900527348632559,0.017369127506875706,0.0,True
phoneme,classification,tabicl_v2,1,Raw+PCA@0.75,hybrid_prediction_mixture,orthogonal_all__m3,3,False,validation,0.26465149946749333,0.014955082589810563,0.0,True
phoneme,classification,tabicl_v2,1,Raw+PCA@0.75,hybrid_prediction_mixture,orthogonal_all__m3,3,False,test,0.287768391502605,0.01846130773895251,0.0,True
phoneme,classification,tabicl_v2,1,Raw+PCA@0.75,hybrid_prediction_mixture,orthogonal_all__m4,4,False,validation,0.2656722494639327,0.018042758433757765,0.0,True
phoneme,classification,tabicl_v2,1,Raw+PCA@0.75,hybrid_prediction_mixture,orthogonal_all__m4,4,False,test,0.28946344876547153,0.017686534223239753,0.0,True
phoneme,classification,tabicl_v2,1,Raw+PCA@0.75,hybrid_prediction_mixture,orthogonal_all__m5,5,False,validation,0.2681750783227206,0.018995897886283288,0.0,True
phoneme,classification,tabicl_v2,1,Raw+PCA@0.75,hybrid_prediction_mixture,orthogonal_all__m5,5,False,test,0.2894396454483187,0.02109833643217338,0.0,True
phoneme,classification,tabicl_v2,1,Raw+PCA@0.75,hybrid_prediction_mixture,orthogonal_all__m6,6,False,validation,0.26853575990881273,0.019729894514027596,0.0,True
phoneme,classification,tabicl_v2,1,Raw+PCA@0.75,hybrid_prediction_mixture,orthogonal_all__m6,6,False,test,0.28921665428381227,0.018166063300943534,0.0,True
phoneme,classification,tabicl_v2,1,Raw+PCA@0.75,hybrid_prediction_mixture,orthogonal_all__m7,7,False,validation,0.2677682276093496,0.0168565758896015,0.0,True
phoneme,classification,tabicl_v2,1,Raw+PCA@0.75,hybrid_prediction_mixture,orthogonal_all__m7,7,False,test,0.28999693784798625,0.01899858797731623,0.0,True
phoneme,classification,tabicl_v2,1,Raw+PCA@1,hybrid_prediction_mixture,rbf_reference,-1,True,validation,0.27331588183905653,0.0,0.0,False
phoneme,classification,tabicl_v2,1,Raw+PCA@1,hybrid_prediction_mixture,rbf_reference,-1,True,test,0.2933890997742921,0.0,0.0,False
phoneme,classification,tabicl_v2,1,Raw+PCA@1,hybrid_prediction_mixture,orthogonal_all__m0,0,False,validation,0.27331588183905653,0.0,0.0,True
phoneme,classification,tabicl_v2,1,Raw+PCA@1,hybrid_prediction_mixture,orthogonal_all__m0,0,False,test,0.2933890997742921,0.0,0.0,True
phoneme,classification,tabicl_v2,1,Raw+PCA@1,hybrid_prediction_mixture,orthogonal_all__m1,1,False,validation,0.27331588183905653,0.0,0.0,True
phoneme,classification,tabicl_v2,1,Raw+PCA@1,hybrid_prediction_mixture,orthogonal_all__m1,1,False,test,0.2933890997742921,0.0,0.0,True
phoneme,classification,tabicl_v2,1,Raw+PCA@1,hybrid_prediction_mixture,orthogonal_all__m2,2,False,validation,0.27331588183905653,0.0,0.0,True
phoneme,classification,tabicl_v2,1,Raw+PCA@1,hybrid_prediction_mixture,orthogonal_all__m2,2,False,test,0.2933890997742921,0.0,0.0,True
phoneme,classification,tabicl_v2,1,Raw+PCA@1,hybrid_prediction_mixture,orthogonal_all__m3,3,False,validation,0.27331588183905653,0.0,0.0,True
phoneme,classification,tabicl_v2,1,Raw+PCA@1,hybrid_prediction_mixture,orthogonal_all__m3,3,False,test,0.2933890997742921,0.0,0.0,True
phoneme,classification,tabicl_v2,1,Raw+PCA@1,hybrid_prediction_mixture,orthogonal_all__m4,4,False,validation,0.27331588183905653,0.0,0.0,True
phoneme,classification,tabicl_v2,1,Raw+PCA@1,hybrid_prediction_mixture,orthogonal_all__m4,4,False,test,0.2933890997742921,0.0,0.0,True
phoneme,classification,tabicl_v2,1,Raw+PCA@1,hybrid_prediction_mixture,orthogonal_all__m5,5,False,validation,0.27331588183905653,0.0,0.0,True
phoneme,classification,tabicl_v2,1,Raw+PCA@1,hybrid_prediction_mixture,orthogonal_all__m5,5,False,test,0.2933890997742921,0.0,0.0,True
phoneme,classification,tabicl_v2,1,Raw+PCA@1,hybrid_prediction_mixture,orthogonal_all__m6,6,False,validation,0.27331588183905653,0.0,0.0,True
phoneme,classification,tabicl_v2,1,Raw+PCA@1,hybrid_prediction_mixture,orthogonal_all__m6,6,False,test,0.2933890997742921,0.0,0.0,True
phoneme,classification,tabicl_v2,1,Raw+PCA@1,hybrid_prediction_mixture,orthogonal_all__m7,7,False,validation,0.27331588183905653,0.0,0.0,True
phoneme,classification,tabicl_v2,1,Raw+PCA@1,hybrid_prediction_mixture,orthogonal_all__m7,7,False,test,0.2933890997742921,0.0,0.0,True
phoneme,classification,tabicl_v2,1,Raw+GramAnchor@0.25,hybrid_prediction_mixture,rbf_reference,-1,True,validation,0.2675995900101059,0.0,0.0,False
phoneme,classification,tabicl_v2,1,Raw+GramAnchor@0.25,hybrid_prediction_mixture,rbf_reference,-1,True,test,0.27710074044028377,0.0,0.0,False
phoneme,classification,tabicl_v2,1,Raw+GramAnchor@0.25,hybrid_prediction_mixture,orthogonal_all__m0,0,False,validation,0.2657165283680655,0.04824190923956432,0.0,True
phoneme,classification,tabicl_v2,1,Raw+GramAnchor@0.25,hybrid_prediction_mixture,orthogonal_all__m0,0,False,test,0.2877346622976972,0.054961017607790805,0.0,True
phoneme,classification,tabicl_v2,1,Raw+GramAnchor@0.25,hybrid_prediction_mixture,orthogonal_all__m1,1,False,validation,0.2694012295622358,0.057262027817836667,0.0,True
phoneme,classification,tabicl_v2,1,Raw+GramAnchor@0.25,hybrid_prediction_mixture,orthogonal_all__m1,1,False,test,0.28888907039557876,0.05447191811181361,0.0,True
phoneme,classification,tabicl_v2,1,Raw+GramAnchor@0.25,hybrid_prediction_mixture,orthogonal_all__m2,2,False,validation,0.26317077457965543,0.05314879696892838,0.0,True
phoneme,classification,tabicl_v2,1,Raw+GramAnchor@0.25,hybrid_prediction_mixture,orthogonal_all__m2,2,False,test,0.28892985681308336,0.0521073826036025,0.0,True
phoneme,classification,tabicl_v2,1,Raw+GramAnchor@0.25,hybrid_prediction_mixture,orthogonal_all__m3,3,False,validation,0.26339767546247245,0.04486524824843549,0.0,True
phoneme,classification,tabicl_v2,1,Raw+GramAnchor@0.25,hybrid_prediction_mixture,orthogonal_all__m3,3,False,test,0.2831797523746621,0.05538392302241828,0.0,True
phoneme,classification,tabicl_v2,1,Raw+GramAnchor@0.25,hybrid_prediction_mixture,orthogonal_all__m4,4,False,validation,0.2660589763030495,0.05412827566356368,0.0,True
phoneme,classification,tabicl_v2,1,Raw+GramAnchor@0.25,hybrid_prediction_mixture,orthogonal_all__m4,4,False,test,0.28958247102629664,0.05305960263069696,0.0,True
phoneme,classification,tabicl_v2,1,Raw+GramAnchor@0.25,hybrid_prediction_mixture,orthogonal_all__m5,5,False,validation,0.2729428502954852,0.056987693194406566,0.0,True
phoneme,classification,tabicl_v2,1,Raw+GramAnchor@0.25,hybrid_prediction_mixture,orthogonal_all__m5,5,False,test,0.2874548493418373,0.06329500930501453,0.0,True
phoneme,classification,tabicl_v2,1,Raw+GramAnchor@0.25,hybrid_prediction_mixture,orthogonal_all__m6,6,False,validation,0.26854710704084195,0.05918968306533415,0.0,True
phoneme,classification,tabicl_v2,1,Raw+GramAnchor@0.25,hybrid_prediction_mixture,orthogonal_all__m6,6,False,test,0.28610348836958216,0.05449819014512797,0.0,True
phoneme,classification,tabicl_v2,1,Raw+GramAnchor@0.25,hybrid_prediction_mixture,orthogonal_all__m7,7,False,validation,0.26885002881069414,0.05056972745704306,0.0,True
phoneme,classification,tabicl_v2,1,Raw+GramAnchor@0.25,hybrid_prediction_mixture,orthogonal_all__m7,7,False,test,0.2911981205243579,0.05699576397404959,0.0,True
phoneme,classification,tabicl_v2,1,Raw+GramAnchor@0.5,hybrid_prediction_mixture,rbf_reference,-1,True,validation,0.26835412924166613,0.0,0.0,False
phoneme,classification,tabicl_v2,1,Raw+GramAnchor@0.5,hybrid_prediction_mixture,rbf_reference,-1,True,test,0.28015442227411347,0.0,0.0,False
phoneme,classification,tabicl_v2,1,Raw+GramAnchor@0.5,hybrid_prediction_mixture,orthogonal_all__m0,0,False,validation,0.2663402016932823,0.03216127277836751,0.0,True
phoneme,classification,tabicl_v2,1,Raw+GramAnchor@0.5,hybrid_prediction_mixture,orthogonal_all__m0,0,False,test,0.28670833092765946,0.03664067842281513,0.0,True
phoneme,classification,tabicl_v2,1,Raw+GramAnchor@0.5,hybrid_prediction_mixture,orthogonal_all__m1,1,False,validation,0.26849035519439335,0.03817468514036402,0.0,True
phoneme,classification,tabicl_v2,1,Raw+GramAnchor@0.5,hybrid_prediction_mixture,orthogonal_all__m1,1,False,test,0.2868596175535339,0.036314612056755305,0.0,True
phoneme,classification,tabicl_v2,1,Raw+GramAnchor@0.5,hybrid_prediction_mixture,orthogonal_all__m2,2,False,validation,0.2647229021297386,0.03543253126571906,0.0,True
phoneme,classification,tabicl_v2,1,Raw+GramAnchor@0.5,hybrid_prediction_mixture,orthogonal_all__m2,2,False,test,0.28732638179893294,0.03473825501573004,0.0,True
phoneme,classification,tabicl_v2,1,Raw+GramAnchor@0.5,hybrid_prediction_mixture,orthogonal_all__m3,3,False,validation,0.26472746334236197,0.02991016547361747,0.0,True
phoneme,classification,tabicl_v2,1,Raw+GramAnchor@0.5,hybrid_prediction_mixture,orthogonal_all__m3,3,False,test,0.28329004491192233,0.03692261534430391,0.0,True
phoneme,classification,tabicl_v2,1,Raw+GramAnchor@0.5,hybrid_prediction_mixture,orthogonal_all__m4,4,False,validation,0.26678399538066944,0.036085517033866074,0.0,True
phoneme,classification,tabicl_v2,1,Raw+GramAnchor@0.5,hybrid_prediction_mixture,orthogonal_all__m4,4,False,test,0.2880115556243329,0.035373068433939385,0.0,True
phoneme,classification,tabicl_v2,1,Raw+GramAnchor@0.5,hybrid_prediction_mixture,orthogonal_all__m5,5,False,validation,0.27125322222139864,0.0379917954578813,0.0,True
phoneme,classification,tabicl_v2,1,Raw+GramAnchor@0.5,hybrid_prediction_mixture,orthogonal_all__m5,5,False,test,0.28530099884008,0.042196672816599445,0.0,True
phoneme,classification,tabicl_v2,1,Raw+GramAnchor@0.5,hybrid_prediction_mixture,orthogonal_all__m6,6,False,validation,0.2677574445521842,0.03945978867538415,0.0,True
phoneme,classification,tabicl_v2,1,Raw+GramAnchor@0.5,hybrid_prediction_mixture,orthogonal_all__m6,6,False,test,0.28554332479874817,0.03633212674493662,0.0,True
phoneme,classification,tabicl_v2,1,Raw+GramAnchor@0.5,hybrid_prediction_mixture,orthogonal_all__m7,7,False,validation,0.268673970199978,0.03371315166491514,0.0,True
phoneme,classification,tabicl_v2,1,Raw+GramAnchor@0.5,hybrid_prediction_mixture,orthogonal_all__m7,7,False,test,0.2891633470881691,0.037997175949823166,0.0,True
phoneme,classification,tabicl_v2,1,Raw+GramAnchor@0.75,hybrid_prediction_mixture,rbf_reference,-1,True,validation,0.2700491939195296,0.0,0.0,False
phoneme,classification,tabicl_v2,1,Raw+GramAnchor@0.75,hybrid_prediction_mixture,rbf_reference,-1,True,test,0.28442671704122924,0.0,0.0,False
phoneme,classification,tabicl_v2,1,Raw+GramAnchor@0.75,hybrid_prediction_mixture,orthogonal_all__m0,0,False,validation,0.2685917156071721,0.016080636365179406,0.0,True
phoneme,classification,tabicl_v2,1,Raw+GramAnchor@0.75,hybrid_prediction_mixture,orthogonal_all__m0,0,False,test,0.28747394814715155,0.018320339220218203,0.0,True
phoneme,classification,tabicl_v2,1,Raw+GramAnchor@0.75,hybrid_prediction_mixture,orthogonal_all__m1,1,False,validation,0.2695104540900809,0.01908734253441847,0.0,True
phoneme,classification,tabicl_v2,1,Raw+GramAnchor@0.75,hybrid_prediction_mixture,orthogonal_all__m1,1,False,test,0.2869723215984426,0.018157306019484107,0.0,True
phoneme,classification,tabicl_v2,1,Raw+GramAnchor@0.75,hybrid_prediction_mixture,orthogonal_all__m2,2,False,validation,0.26785688139463415,0.017716265609409608,0.0,True
phoneme,classification,tabicl_v2,1,Raw+GramAnchor@0.75,hybrid_prediction_mixture,orthogonal_all__m2,2,False,test,0.2876276871509824,0.017369127481195876,0.0,True
phoneme,classification,tabicl_v2,1,Raw+GramAnchor@0.75,hybrid_prediction_mixture,orthogonal_all__m3,3,False,validation,0.26772291219780026,0.01495508272413898,0.0,True
phoneme,classification,tabicl_v2,1,Raw+GramAnchor@0.75,hybrid_prediction_mixture,orthogonal_all__m3,3,False,test,0.28546998937878215,0.018461307670164486,0.0,True
phoneme,classification,tabicl_v2,1,Raw+GramAnchor@0.75,hybrid_prediction_mixture,orthogonal_all__m4,4,False,validation,0.2689563086490533,0.018042758479344854,0.0,True
phoneme,classification,tabicl_v2,1,Raw+GramAnchor@0.75,hybrid_prediction_mixture,orthogonal_all__m4,4,False,test,0.28810424624077746,0.017686534223707067,0.0,True
phoneme,classification,tabicl_v2,1,Raw+GramAnchor@0.75,hybrid_prediction_mixture,orthogonal_all__m5,5,False,validation,0.2710871021531511,0.018995897726412442,0.0,True
phoneme,classification,tabicl_v2,1,Raw+GramAnchor@0.75,hybrid_prediction_mixture,orthogonal_all__m5,5,False,test,0.2860109733632636,0.021098336381594605,0.0,True
phoneme,classification,tabicl_v2,1,Raw+GramAnchor@0.75,hybrid_prediction_mixture,orthogonal_all__m6,6,False,validation,0.26902449614729296,0.019729894320272775,0.0,True
phoneme,classification,tabicl_v2,1,Raw+GramAnchor@0.75,hybrid_prediction_mixture,orthogonal_all__m6,6,False,test,0.2867666073337873,0.018166063363227302,0.0,True
phoneme,classification,tabicl_v2,1,Raw+GramAnchor@0.75,hybrid_prediction_mixture,orthogonal_all__m7,7,False,validation,0.2699005394714148,0.0168565758459008,0.0,True
phoneme,classification,tabicl_v2,1,Raw+GramAnchor@0.75,hybrid_prediction_mixture,orthogonal_all__m7,7,False,test,0.2887323299201034,0.01899858795847331,0.0,True
phoneme,classification,tabicl_v2,1,Raw+GramAnchor@1,hybrid_prediction_mixture,rbf_reference,-1,True,validation,0.2727534862619329,0.0,0.0,False
phoneme,classification,tabicl_v2,1,Raw+GramAnchor@1,hybrid_prediction_mixture,rbf_reference,-1,True,test,0.29012808508566035,0.0,0.0,False
phoneme,classification,tabicl_v2,1,Raw+GramAnchor@1,hybrid_prediction_mixture,orthogonal_all__m0,0,False,validation,0.2727534862619329,0.0,0.0,True
phoneme,classification,tabicl_v2,1,Raw+GramAnchor@1,hybrid_prediction_mixture,orthogonal_all__m0,0,False,test,0.29012808508566035,0.0,0.0,True
phoneme,classification,tabicl_v2,1,Raw+GramAnchor@1,hybrid_prediction_mixture,orthogonal_all__m1,1,False,validation,0.2727534862619329,0.0,0.0,True
phoneme,classification,tabicl_v2,1,Raw+GramAnchor@1,hybrid_prediction_mixture,orthogonal_all__m1,1,False,test,0.29012808508566035,0.0,0.0,True
phoneme,classification,tabicl_v2,1,Raw+GramAnchor@1,hybrid_prediction_mixture,orthogonal_all__m2,2,False,validation,0.2727534862619329,0.0,0.0,True
phoneme,classification,tabicl_v2,1,Raw+GramAnchor@1,hybrid_prediction_mixture,orthogonal_all__m2,2,False,test,0.29012808508566035,0.0,0.0,True
phoneme,classification,tabicl_v2,1,Raw+GramAnchor@1,hybrid_prediction_mixture,orthogonal_all__m3,3,False,validation,0.2727534862619329,0.0,0.0,True
phoneme,classification,tabicl_v2,1,Raw+GramAnchor@1,hybrid_prediction_mixture,orthogonal_all__m3,3,False,test,0.29012808508566035,0.0,0.0,True
phoneme,classification,tabicl_v2,1,Raw+GramAnchor@1,hybrid_prediction_mixture,orthogonal_all__m4,4,False,validation,0.2727534862619329,0.0,0.0,True
phoneme,classification,tabicl_v2,1,Raw+GramAnchor@1,hybrid_prediction_mixture,orthogonal_all__m4,4,False,test,0.29012808508566035,0.0,0.0,True
phoneme,classification,tabicl_v2,1,Raw+GramAnchor@1,hybrid_prediction_mixture,orthogonal_all__m5,5,False,validation,0.2727534862619329,0.0,0.0,True
phoneme,classification,tabicl_v2,1,Raw+GramAnchor@1,hybrid_prediction_mixture,orthogonal_all__m5,5,False,test,0.29012808508566035,0.0,0.0,True
phoneme,classification,tabicl_v2,1,Raw+GramAnchor@1,hybrid_prediction_mixture,orthogonal_all__m6,6,False,validation,0.2727534862619329,0.0,0.0,True
phoneme,classification,tabicl_v2,1,Raw+GramAnchor@1,hybrid_prediction_mixture,orthogonal_all__m6,6,False,test,0.29012808508566035,0.0,0.0,True
phoneme,classification,tabicl_v2,1,Raw+GramAnchor@1,hybrid_prediction_mixture,orthogonal_all__m7,7,False,validation,0.2727534862619329,0.0,0.0,True
phoneme,classification,tabicl_v2,1,Raw+GramAnchor@1,hybrid_prediction_mixture,orthogonal_all__m7,7,False,test,0.29012808508566035,0.0,0.0,True
phoneme,classification,tabicl_v2,1,Raw+GramAnchor-m8@0.25,hybrid_prediction_mixture,rbf_reference,-1,True,validation,0.26745496850012884,0.0,0.0,False
phoneme,classification,tabicl_v2,1,Raw+GramAnchor-m8@0.25,hybrid_prediction_mixture,rbf_reference,-1,True,test,0.27575445210250826,0.0,0.0,False
phoneme,classification,tabicl_v2,1,Raw+GramAnchor-m8@0.25,hybrid_prediction_mixture,orthogonal_all__m0,0,False,validation,0.2649853938621044,0.04824190929803979,0.0,True
phoneme,classification,tabicl_v2,1,Raw+GramAnchor-m8@0.25,hybrid_prediction_mixture,orthogonal_all__m0,0,False,test,0.2862716781571324,0.05496101773569808,0.0,True
phoneme,classification,tabicl_v2,1,Raw+GramAnchor-m8@0.25,hybrid_prediction_mixture,orthogonal_all__m1,1,False,validation,0.26911480986905056,0.05726202785605439,0.0,True
phoneme,classification,tabicl_v2,1,Raw+GramAnchor-m8@0.25,hybrid_prediction_mixture,orthogonal_all__m1,1,False,test,0.28737699230633484,0.05447191816128328,0.0,True
phoneme,classification,tabicl_v2,1,Raw+GramAnchor-m8@0.25,hybrid_prediction_mixture,orthogonal_all__m2,2,False,validation,0.26279701928501964,0.05314879695557722,0.0,True
phoneme,classification,tabicl_v2,1,Raw+GramAnchor-m8@0.25,hybrid_prediction_mixture,orthogonal_all__m2,2,False,test,0.2877068147114778,0.05210738272759305,0.0,True
phoneme,classification,tabicl_v2,1,Raw+GramAnchor-m8@0.25,hybrid_prediction_mixture,orthogonal_all__m3,3,False,validation,0.26317814699629377,0.044865248191624844,0.0,True
phoneme,classification,tabicl_v2,1,Raw+GramAnchor-m8@0.25,hybrid_prediction_mixture,orthogonal_all__m3,3,False,test,0.2813617656120361,0.05538392295549652,0.0,True
phoneme,classification,tabicl_v2,1,Raw+GramAnchor-m8@0.25,hybrid_prediction_mixture,orthogonal_all__m4,4,False,validation,0.26547595858222134,0.05412827570666357,0.0,True
phoneme,classification,tabicl_v2,1,Raw+GramAnchor-m8@0.25,hybrid_prediction_mixture,orthogonal_all__m4,4,False,test,0.28757160597362263,0.053059602648466986,0.0,True
phoneme,classification,tabicl_v2,1,Raw+GramAnchor-m8@0.25,hybrid_prediction_mixture,orthogonal_all__m5,5,False,validation,0.2720965391075797,0.056987693169593616,0.0,True
phoneme,classification,tabicl_v2,1,Raw+GramAnchor-m8@0.25,hybrid_prediction_mixture,orthogonal_all__m5,5,False,test,0.2859442065758264,0.06329500929005674,0.0,True
phoneme,classification,tabicl_v2,1,Raw+GramAnchor-m8@0.25,hybrid_prediction_mixture,orthogonal_all__m6,6,False,validation,0.26772146233141486,0.059189683134323406,0.0,True
phoneme,classification,tabicl_v2,1,Raw+GramAnchor-m8@0.25,hybrid_prediction_mixture,orthogonal_all__m6,6,False,test,0.2842588755752653,0.0544981901410902,0.0,True
phoneme,classification,tabicl_v2,1,Raw+GramAnchor-m8@0.25,hybrid_prediction_mixture,orthogonal_all__m7,7,False,validation,0.26841517349092353,0.05056972736422328,0.0,True
phoneme,classification,tabicl_v2,1,Raw+GramAnchor-m8@0.25,hybrid_prediction_mixture,orthogonal_all__m7,7,False,test,0.28892141190227677,0.05699576402654152,0.0,True
phoneme,classification,tabicl_v2,1,Raw+GramAnchor-m8@0.5,hybrid_prediction_mixture,rbf_reference,-1,True,validation,0.2681729872653227,0.0,0.0,False
phoneme,classification,tabicl_v2,1,Raw+GramAnchor-m8@0.5,hybrid_prediction_mixture,rbf_reference,-1,True,test,0.2775081748051843,0.0,0.0,False
phoneme,classification,tabicl_v2,1,Raw+GramAnchor-m8@0.5,hybrid_prediction_mixture,orthogonal_all__m0,0,False,validation,0.2655055139222481,0.032161272856334806,0.0,True
phoneme,classification,tabicl_v2,1,Raw+GramAnchor-m8@0.5,hybrid_prediction_mixture,orthogonal_all__m0,0,False,test,0.28394645569588617,0.03664067859335817,0.0,True
phoneme,classification,tabicl_v2,1,Raw+GramAnchor-m8@0.5,hybrid_prediction_mixture,orthogonal_all__m1,1,False,validation,0.2682866947916205,0.038174685191320994,0.0,True
phoneme,classification,tabicl_v2,1,Raw+GramAnchor-m8@0.5,hybrid_prediction_mixture,orthogonal_all__m1,1,False,test,0.28421981115873474,0.03631461212271487,0.0,True
phoneme,classification,tabicl_v2,1,Raw+GramAnchor-m8@0.5,hybrid_prediction_mixture,orthogonal_all__m2,2,False,validation,0.2641807808668495,0.03543253124791751,0.0,True
phoneme,classification,tabicl_v2,1,Raw+GramAnchor-m8@0.5,hybrid_prediction_mixture,orthogonal_all__m2,2,False,test,0.28497998884997355,0.03473825518105076,0.0,True
phoneme,classification,tabicl_v2,1,Raw+GramAnchor-m8@0.5,hybrid_prediction_mixture,orthogonal_all__m3,3,False,validation,0.26454904367759724,0.029910165397869955,0.0,True
phoneme,classification,tabicl_v2,1,Raw+GramAnchor-m8@0.5,hybrid_prediction_mixture,orthogonal_all__m3,3,False,test,0.2802152689275125,0.0369226152550749,0.0,True
phoneme,classification,tabicl_v2,1,Raw+GramAnchor-m8@0.5,hybrid_prediction_mixture,orthogonal_all__m4,4,False,validation,0.2659825066399296,0.036085517091332606,0.0,True
phoneme,classification,tabicl_v2,1,Raw+GramAnchor-m8@0.5,hybrid_prediction_mixture,orthogonal_all__m4,4,False,test,0.2846751358867905,0.035373068457632766,0.0,True
phoneme,classification,tabicl_v2,1,Raw+GramAnchor-m8@0.5,hybrid_prediction_mixture,orthogonal_all__m5,5,False,validation,0.27020272603749185,0.03799179542479735,0.0,True
phoneme,classification,tabicl_v2,1,Raw+GramAnchor-m8@0.5,hybrid_prediction_mixture,orthogonal_all__m5,5,False,test,0.2825313194930068,0.04219667279665572,0.0,True
phoneme,classification,tabicl_v2,1,Raw+GramAnchor-m8@0.5,hybrid_prediction_mixture,orthogonal_all__m6,6,False,validation,0.2667053158183258,0.03945978876736983,0.0,True
phoneme,classification,tabicl_v2,1,Raw+GramAnchor-m8@0.5,hybrid_prediction_mixture,orthogonal_all__m6,6,False,test,0.28233418337933835,0.03633212673955293,0.0,True
phoneme,classification,tabicl_v2,1,Raw+GramAnchor-m8@0.5,hybrid_prediction_mixture,orthogonal_all__m7,7,False,validation,0.2681755020012765,0.03371315154115545,0.0,True
phoneme,classification,tabicl_v2,1,Raw+GramAnchor-m8@0.5,hybrid_prediction_mixture,orthogonal_all__m7,7,False,test,0.2853358117758205,0.03799717601981241,0.0,True
phoneme,classification,tabicl_v2,1,Raw+GramAnchor-m8@0.75,hybrid_prediction_mixture,rbf_reference,-1,True,validation,0.27009502421662346,0.0,0.0,False
phoneme,classification,tabicl_v2,1,Raw+GramAnchor-m8@0.75,hybrid_prediction_mixture,rbf_reference,-1,True,test,0.28066371288803704,0.0,0.0,False
phoneme,classification,tabicl_v2,1,Raw+GramAnchor-m8@0.75,hybrid_prediction_mixture,orthogonal_all__m0,0,False,validation,0.2682106221790109,0.01608063642365488,0.0,True
phoneme,classification,tabicl_v2,1,Raw+GramAnchor-m8@0.75,hybrid_prediction_mixture,orthogonal_all__m0,0,False,test,0.283678617158062,0.01832033934812548,0.0,True
phoneme,classification,tabicl_v2,1,Raw+GramAnchor-m8@0.75,hybrid_prediction_mixture,orthogonal_all__m1,1,False,validation,0.26966022676826745,0.019087342572636203,0.0,True
phoneme,classification,tabicl_v2,1,Raw+GramAnchor-m8@0.75,hybrid_prediction_mixture,orthogonal_all__m1,1,False,test,0.2834411698401885,0.01815730606895379,0.0,True
phoneme,classification,tabicl_v2,1,Raw+GramAnchor-m8@0.75,hybrid_prediction_mixture,orthogonal_all__m2,2,False,validation,0.26756553154804424,0.017716265596058437,0.0,True
phoneme,classification,tabicl_v2,1,Raw+GramAnchor-m8@0.75,hybrid_prediction_mixture,orthogonal_all__m2,2,False,test,0.28422896810683074,0.01736912760518642,0.0,True
phoneme,classification,tabicl_v2,1,Raw+GramAnchor-m8@0.75,hybrid_prediction_mixture,orthogonal_all__m3,3,False,validation,0.2678666979067729,0.014955082667328343,0.0,True
phoneme,classification,tabicl_v2,1,Raw+GramAnchor-m8@0.75,hybrid_prediction_mixture,orthogonal_all__m3,3,False,test,0.28154477597766125,0.01846130760324273,0.0,True
phoneme,classification,tabicl_v2,1,Raw+GramAnchor-m8@0.75,hybrid_prediction_mixture,orthogonal_all__m4,4,False,validation,0.2684734291764987,0.018042758522444757,0.0,True
phoneme,classification,tabicl_v2,1,Raw+GramAnchor-m8@0.75,hybrid_prediction_mixture,orthogonal_all__m4,4,False,test,0.2839847998740162,0.01768653424147711,0.0,True
phoneme,classification,tabicl_v2,1,Raw+GramAnchor-m8@0.75,hybrid_prediction_mixture,orthogonal_all__m5,5,False,validation,0.2704980528713592,0.01899589770159948,0.0,True
phoneme,classification,tabicl_v2,1,Raw+GramAnchor-m8@0.75,hybrid_prediction_mixture,orthogonal_all__m5,5,False,test,0.28226918683635643,0.021098336366636817,0.0,True
phoneme,classification,tabicl_v2,1,Raw+GramAnchor-m8@0.75,hybrid_prediction_mixture,orthogonal_all__m6,6,False,validation,0.2683900990031566,0.019729894389262037,0.0,True
phoneme,classification,tabicl_v2,1,Raw+GramAnchor-m8@0.75,hybrid_prediction_mixture,orthogonal_all__m6,6,False,test,0.2826481731086319,0.01816606335918954,0.0,True
phoneme,classification,tabicl_v2,1,Raw+GramAnchor-m8@0.75,hybrid_prediction_mixture,orthogonal_all__m7,7,False,validation,0.2697524382492753,0.01685657575308103,0.0,True
phoneme,classification,tabicl_v2,1,Raw+GramAnchor-m8@0.75,hybrid_prediction_mixture,orthogonal_all__m7,7,False,test,0.28411388179782504,0.01899858801096524,0.0,True
phoneme,classification,tabicl_v2,1,Raw+GramAnchor-m8@1,hybrid_prediction_mixture,rbf_reference,-1,True,validation,0.2735121289952396,0.0,0.0,False
phoneme,classification,tabicl_v2,1,Raw+GramAnchor-m8@1,hybrid_prediction_mixture,rbf_reference,-1,True,test,0.2857300898398628,0.0,0.0,False
phoneme,classification,tabicl_v2,1,Raw+GramAnchor-m8@1,hybrid_prediction_mixture,orthogonal_all__m0,0,False,validation,0.2735121289952396,0.0,0.0,True
phoneme,classification,tabicl_v2,1,Raw+GramAnchor-m8@1,hybrid_prediction_mixture,orthogonal_all__m0,0,False,test,0.2857300898398628,0.0,0.0,True
phoneme,classification,tabicl_v2,1,Raw+GramAnchor-m8@1,hybrid_prediction_mixture,orthogonal_all__m1,1,False,validation,0.2735121289952396,0.0,0.0,True
phoneme,classification,tabicl_v2,1,Raw+GramAnchor-m8@1,hybrid_prediction_mixture,orthogonal_all__m1,1,False,test,0.2857300898398628,0.0,0.0,True
phoneme,classification,tabicl_v2,1,Raw+GramAnchor-m8@1,hybrid_prediction_mixture,orthogonal_all__m2,2,False,validation,0.2735121289952396,0.0,0.0,True
phoneme,classification,tabicl_v2,1,Raw+GramAnchor-m8@1,hybrid_prediction_mixture,orthogonal_all__m2,2,False,test,0.2857300898398628,0.0,0.0,True
phoneme,classification,tabicl_v2,1,Raw+GramAnchor-m8@1,hybrid_prediction_mixture,orthogonal_all__m3,3,False,validation,0.2735121289952396,0.0,0.0,True
phoneme,classification,tabicl_v2,1,Raw+GramAnchor-m8@1,hybrid_prediction_mixture,orthogonal_all__m3,3,False,test,0.2857300898398628,0.0,0.0,True
phoneme,classification,tabicl_v2,1,Raw+GramAnchor-m8@1,hybrid_prediction_mixture,orthogonal_all__m4,4,False,validation,0.2735121289952396,0.0,0.0,True
phoneme,classification,tabicl_v2,1,Raw+GramAnchor-m8@1,hybrid_prediction_mixture,orthogonal_all__m4,4,False,test,0.2857300898398628,0.0,0.0,True
phoneme,classification,tabicl_v2,1,Raw+GramAnchor-m8@1,hybrid_prediction_mixture,orthogonal_all__m5,5,False,validation,0.2735121289952396,0.0,0.0,True
phoneme,classification,tabicl_v2,1,Raw+GramAnchor-m8@1,hybrid_prediction_mixture,orthogonal_all__m5,5,False,test,0.2857300898398628,0.0,0.0,True
phoneme,classification,tabicl_v2,1,Raw+GramAnchor-m8@1,hybrid_prediction_mixture,orthogonal_all__m6,6,False,validation,0.2735121289952396,0.0,0.0,True
phoneme,classification,tabicl_v2,1,Raw+GramAnchor-m8@1,hybrid_prediction_mixture,orthogonal_all__m6,6,False,test,0.2857300898398628,0.0,0.0,True
phoneme,classification,tabicl_v2,1,Raw+GramAnchor-m8@1,hybrid_prediction_mixture,orthogonal_all__m7,7,False,validation,0.2735121289952396,0.0,0.0,True
phoneme,classification,tabicl_v2,1,Raw+GramAnchor-m8@1,hybrid_prediction_mixture,orthogonal_all__m7,7,False,test,0.2857300898398628,0.0,0.0,True
phoneme,classification,tabicl_v2,1,Raw+GramDistance@0.25,hybrid_prediction_mixture,rbf_reference,-1,True,validation,0.2621837471793136,0.0,0.0,False
phoneme,classification,tabicl_v2,1,Raw+GramDistance@0.25,hybrid_prediction_mixture,rbf_reference,-1,True,test,0.276718527011673,0.0,0.0,False
phoneme,classification,tabicl_v2,1,Raw+GramDistance@0.25,hybrid_prediction_mixture,orthogonal_all__m0,0,False,validation,0.26176574130538005,0.048241909367881766,0.0,True
phoneme,classification,tabicl_v2,1,Raw+GramDistance@0.25,hybrid_prediction_mixture,orthogonal_all__m0,0,False,test,0.28850575622274255,0.05496101754887431,0.0,True
phoneme,classification,tabicl_v2,1,Raw+GramDistance@0.25,hybrid_prediction_mixture,orthogonal_all__m1,1,False,validation,0.26714578664648814,0.05726202796670063,0.0,True
phoneme,classification,tabicl_v2,1,Raw+GramDistance@0.25,hybrid_prediction_mixture,orthogonal_all__m1,1,False,test,0.29080992066230493,0.05447191801253673,0.0,True
phoneme,classification,tabicl_v2,1,Raw+GramDistance@0.25,hybrid_prediction_mixture,orthogonal_all__m2,2,False,validation,0.2611598645542788,0.053148797014768774,0.0,True
phoneme,classification,tabicl_v2,1,Raw+GramDistance@0.25,hybrid_prediction_mixture,orthogonal_all__m2,2,False,test,0.29099119570104137,0.052107382597320825,0.0,True
phoneme,classification,tabicl_v2,1,Raw+GramDistance@0.25,hybrid_prediction_mixture,orthogonal_all__m3,3,False,validation,0.2615211978268329,0.044865248320553476,0.0,True
phoneme,classification,tabicl_v2,1,Raw+GramDistance@0.25,hybrid_prediction_mixture,orthogonal_all__m3,3,False,test,0.2855508701418469,0.05538392294102263,0.0,True
phoneme,classification,tabicl_v2,1,Raw+GramDistance@0.25,hybrid_prediction_mixture,orthogonal_all__m4,4,False,validation,0.2635632578377646,0.054128275733148754,0.0,True
phoneme,classification,tabicl_v2,1,Raw+GramDistance@0.25,hybrid_prediction_mixture,orthogonal_all__m4,4,False,test,0.29112500731456614,0.053059602585235226,0.0,True
phoneme,classification,tabicl_v2,1,Raw+GramDistance@0.25,hybrid_prediction_mixture,orthogonal_all__m5,5,False,validation,0.2685924871611247,0.0569876932199794,0.0,True
phoneme,classification,tabicl_v2,1,Raw+GramDistance@0.25,hybrid_prediction_mixture,orthogonal_all__m5,5,False,test,0.2908097764722705,0.06329500924594306,0.0,True
phoneme,classification,tabicl_v2,1,Raw+GramDistance@0.25,hybrid_prediction_mixture,orthogonal_all__m6,6,False,validation,0.2666897445121941,0.0591896831045329,0.0,True
phoneme,classification,tabicl_v2,1,Raw+GramDistance@0.25,hybrid_prediction_mixture,orthogonal_all__m6,6,False,test,0.28773950239343027,0.05449819015706742,0.0,True
phoneme,classification,tabicl_v2,1,Raw+GramDistance@0.25,hybrid_prediction_mixture,orthogonal_all__m7,7,False,validation,0.2665165611091258,0.05056972753419344,0.0,True
phoneme,classification,tabicl_v2,1,Raw+GramDistance@0.25,hybrid_prediction_mixture,orthogonal_all__m7,7,False,test,0.29301994892206223,0.056995763919013565,0.0,True
phoneme,classification,tabicl_v2,1,Raw+GramDistance@0.5,hybrid_prediction_mixture,rbf_reference,-1,True,validation,0.2601576095737106,0.0,0.0,False
phoneme,classification,tabicl_v2,1,Raw+GramDistance@0.5,hybrid_prediction_mixture,rbf_reference,-1,True,test,0.28047436138888887,0.0,0.0,False
phoneme,classification,tabicl_v2,1,Raw+GramDistance@0.5,hybrid_prediction_mixture,orthogonal_all__m0,0,False,validation,0.26056781053473,0.032161272949457455,0.0,True
phoneme,classification,tabicl_v2,1,Raw+GramDistance@0.5,hybrid_prediction_mixture,orthogonal_all__m0,0,False,test,0.28868781101237057,0.036640678344259804,0.0,True
phoneme,classification,tabicl_v2,1,Raw+GramDistance@0.5,hybrid_prediction_mixture,orthogonal_all__m1,1,False,validation,0.2644002087671772,0.03817468533884931,0.0,True
phoneme,classification,tabicl_v2,1,Raw+GramDistance@0.5,hybrid_prediction_mixture,orthogonal_all__m1,1,False,test,0.2904523829246771,0.03631461192438614,0.0,True
phoneme,classification,tabicl_v2,1,Raw+GramDistance@0.5,hybrid_prediction_mixture,orthogonal_all__m2,2,False,validation,0.2608143225062426,0.03543253132683958,0.0,True
phoneme,classification,tabicl_v2,1,Raw+GramDistance@0.5,hybrid_prediction_mixture,orthogonal_all__m2,2,False,test,0.29089455466417147,0.034738255007354474,0.0,True
phoneme,classification,tabicl_v2,1,Raw+GramDistance@0.5,hybrid_prediction_mixture,orthogonal_all__m3,3,False,validation,0.2610740370593282,0.02991016556977479,0.0,True
phoneme,classification,tabicl_v2,1,Raw+GramDistance@0.5,hybrid_prediction_mixture,orthogonal_all__m3,3,False,test,0.28725637013100064,0.03692261523577638,0.0,True
phoneme,classification,tabicl_v2,1,Raw+GramDistance@0.5,hybrid_prediction_mixture,orthogonal_all__m4,4,False,validation,0.26240464622459114,0.03608551712664619,0.0,True
phoneme,classification,tabicl_v2,1,Raw+GramDistance@0.5,hybrid_prediction_mixture,orthogonal_all__m4,4,False,test,0.29097763397809795,0.03537306837332374,0.0,True
phoneme,classification,tabicl_v2,1,Raw+GramDistance@0.5,hybrid_prediction_mixture,orthogonal_all__m5,5,False,validation,0.2647371188570786,0.03799179549197841,0.0,True
phoneme,classification,tabicl_v2,1,Raw+GramDistance@0.5,hybrid_prediction_mixture,orthogonal_all__m5,5,False,test,0.29046988065473117,0.042196672737837476,0.0,True
phoneme,classification,tabicl_v2,1,Raw+GramDistance@0.5,hybrid_prediction_mixture,orthogonal_all__m6,6,False,validation,0.26404071938957635,0.03945978872764915,0.0,True
phoneme,classification,tabicl_v2,1,Raw+GramDistance@0.5,hybrid_prediction_mixture,orthogonal_all__m6,6,False,test,0.28854743978945696,0.03633212676085587,0.0,True
phoneme,classification,tabicl_v2,1,Raw+GramDistance@0.5,hybrid_prediction_mixture,orthogonal_all__m7,7,False,validation,0.26430552637022675,0.033713151767782334,0.0,True
phoneme,classification,tabicl_v2,1,Raw+GramDistance@0.5,hybrid_prediction_mixture,orthogonal_all__m7,7,False,test,0.29244706300604484,0.037997175876441795,0.0,True
phoneme,classification,tabicl_v2,1,Raw+GramDistance@0.75,hybrid_prediction_mixture,rbf_reference,-1,True,validation,0.2608797800170668,0.0,0.0,False
phoneme,classification,tabicl_v2,1,Raw+GramDistance@0.75,hybrid_prediction_mixture,rbf_reference,-1,True,test,0.28635700121893304,0.0,0.0,False
phoneme,classification,tabicl_v2,1,Raw+GramDistance@0.75,hybrid_prediction_mixture,orthogonal_all__m0,0,False,validation,0.2615149862720003,0.01608063649349686,0.0,True
phoneme,classification,tabicl_v2,1,Raw+GramDistance@0.75,hybrid_prediction_mixture,orthogonal_all__m0,0,False,test,0.2907882601649703,0.01832033916130171,0.0,True
phoneme,classification,tabicl_v2,1,Raw+GramDistance@0.75,hybrid_prediction_mixture,orthogonal_all__m1,1,False,validation,0.26353147368617724,0.01908734268328244,0.0,True
phoneme,classification,tabicl_v2,1,Raw+GramDistance@0.75,hybrid_prediction_mixture,orthogonal_all__m1,1,False,test,0.29173931913101264,0.018157305920207235,0.0,True
phoneme,classification,tabicl_v2,1,Raw+GramDistance@0.75,hybrid_prediction_mixture,orthogonal_all__m2,2,False,validation,0.2618987548868169,0.017716265655249995,0.0,True
phoneme,classification,tabicl_v2,1,Raw+GramDistance@0.75,hybrid_prediction_mixture,orthogonal_all__m2,2,False,test,0.29210408088495776,0.0173691274749142,0.0,True
phoneme,classification,tabicl_v2,1,Raw+GramDistance@0.75,hybrid_prediction_mixture,orthogonal_all__m3,3,False,validation,0.262049260184558,0.014955082796256966,0.0,True
phoneme,classification,tabicl_v2,1,Raw+GramDistance@0.75,hybrid_prediction_mixture,orthogonal_all__m3,3,False,test,0.2902778772668418,0.018461307588768846,0.0,True
phoneme,classification,tabicl_v2,1,Raw+GramDistance@0.75,hybrid_prediction_mixture,orthogonal_all__m4,4,False,validation,0.26272934081828975,0.01804275854892994,0.0,True
phoneme,classification,tabicl_v2,1,Raw+GramDistance@0.75,hybrid_prediction_mixture,orthogonal_all__m4,4,False,test,0.2921726861485654,0.017686534178245342,0.0,True
phoneme,classification,tabicl_v2,1,Raw+GramDistance@0.75,hybrid_prediction_mixture,orthogonal_all__m5,5,False,validation,0.2634170631319137,0.018995897751985277,0.0,True
phoneme,classification,tabicl_v2,1,Raw+GramDistance@0.75,hybrid_prediction_mixture,orthogonal_all__m5,5,False,test,0.29172726784424186,0.021098336322523132,0.0,True
phoneme,classification,tabicl_v2,1,Raw+GramDistance@0.75,hybrid_prediction_mixture,orthogonal_all__m6,6,False,validation,0.26323916958041965,0.019729894359471523,0.0,True
phoneme,classification,tabicl_v2,1,Raw+GramDistance@0.75,hybrid_prediction_mixture,orthogonal_all__m6,6,False,test,0.29081422465027995,0.018166063375166745,0.0,True
phoneme,classification,tabicl_v2,1,Raw+GramDistance@0.75,hybrid_prediction_mixture,orthogonal_all__m7,7,False,validation,0.2635752347196233,0.016856575923051183,0.0,True
phoneme,classification,tabicl_v2,1,Raw+GramDistance@0.75,hybrid_prediction_mixture,orthogonal_all__m7,7,False,test,0.2930046811469841,0.018998587903437284,0.0,True
phoneme,classification,tabicl_v2,1,Raw+GramDistance@1,hybrid_prediction_mixture,rbf_reference,-1,True,validation,0.2643875677891737,0.0,0.0,False
phoneme,classification,tabicl_v2,1,Raw+GramDistance@1,hybrid_prediction_mixture,rbf_reference,-1,True,test,0.29468679281864396,0.0,0.0,False
phoneme,classification,tabicl_v2,1,Raw+GramDistance@1,hybrid_prediction_mixture,orthogonal_all__m0,0,False,validation,0.2643875677891737,0.0,0.0,True
phoneme,classification,tabicl_v2,1,Raw+GramDistance@1,hybrid_prediction_mixture,orthogonal_all__m0,0,False,test,0.29468679281864396,0.0,0.0,True
phoneme,classification,tabicl_v2,1,Raw+GramDistance@1,hybrid_prediction_mixture,orthogonal_all__m1,1,False,validation,0.2643875677891737,0.0,0.0,True
phoneme,classification,tabicl_v2,1,Raw+GramDistance@1,hybrid_prediction_mixture,orthogonal_all__m1,1,False,test,0.29468679281864396,0.0,0.0,True
phoneme,classification,tabicl_v2,1,Raw+GramDistance@1,hybrid_prediction_mixture,orthogonal_all__m2,2,False,validation,0.2643875677891737,0.0,0.0,True
phoneme,classification,tabicl_v2,1,Raw+GramDistance@1,hybrid_prediction_mixture,orthogonal_all__m2,2,False,test,0.29468679281864396,0.0,0.0,True
phoneme,classification,tabicl_v2,1,Raw+GramDistance@1,hybrid_prediction_mixture,orthogonal_all__m3,3,False,validation,0.2643875677891737,0.0,0.0,True
phoneme,classification,tabicl_v2,1,Raw+GramDistance@1,hybrid_prediction_mixture,orthogonal_all__m3,3,False,test,0.29468679281864396,0.0,0.0,True
phoneme,classification,tabicl_v2,1,Raw+GramDistance@1,hybrid_prediction_mixture,orthogonal_all__m4,4,False,validation,0.2643875677891737,0.0,0.0,True
phoneme,classification,tabicl_v2,1,Raw+GramDistance@1,hybrid_prediction_mixture,orthogonal_all__m4,4,False,test,0.29468679281864396,0.0,0.0,True
phoneme,classification,tabicl_v2,1,Raw+GramDistance@1,hybrid_prediction_mixture,orthogonal_all__m5,5,False,validation,0.2643875677891737,0.0,0.0,True
phoneme,classification,tabicl_v2,1,Raw+GramDistance@1,hybrid_prediction_mixture,orthogonal_all__m5,5,False,test,0.29468679281864396,0.0,0.0,True
phoneme,classification,tabicl_v2,1,Raw+GramDistance@1,hybrid_prediction_mixture,orthogonal_all__m6,6,False,validation,0.2643875677891737,0.0,0.0,True
phoneme,classification,tabicl_v2,1,Raw+GramDistance@1,hybrid_prediction_mixture,orthogonal_all__m6,6,False,test,0.29468679281864396,0.0,0.0,True
phoneme,classification,tabicl_v2,1,Raw+GramDistance@1,hybrid_prediction_mixture,orthogonal_all__m7,7,False,validation,0.2643875677891737,0.0,0.0,True
phoneme,classification,tabicl_v2,1,Raw+GramDistance@1,hybrid_prediction_mixture,orthogonal_all__m7,7,False,test,0.29468679281864396,0.0,0.0,True
phoneme,classification,tabicl_v2,1,Raw+NystromGram@0.25,hybrid_prediction_mixture,rbf_reference,-1,True,validation,0.26438857973993224,0.0,0.0,False
phoneme,classification,tabicl_v2,1,Raw+NystromGram@0.25,hybrid_prediction_mixture,rbf_reference,-1,True,test,0.2747301918504155,0.0,0.0,False
phoneme,classification,tabicl_v2,1,Raw+NystromGram@0.25,hybrid_prediction_mixture,orthogonal_all__m0,0,False,validation,0.2655980861123221,0.04824190941434208,0.0,True
phoneme,classification,tabicl_v2,1,Raw+NystromGram@0.25,hybrid_prediction_mixture,orthogonal_all__m0,0,False,test,0.28767088400177954,0.05496101765010856,0.0,True
phoneme,classification,tabicl_v2,1,Raw+NystromGram@0.25,hybrid_prediction_mixture,orthogonal_all__m1,1,False,validation,0.26816485141856305,0.05726202798041528,0.0,True
phoneme,classification,tabicl_v2,1,Raw+NystromGram@0.25,hybrid_prediction_mixture,orthogonal_all__m1,1,False,test,0.28894827645721977,0.05447191826470328,0.0,True
phoneme,classification,tabicl_v2,1,Raw+NystromGram@0.25,hybrid_prediction_mixture,orthogonal_all__m2,2,False,validation,0.2624933710088996,0.053148797112279725,0.0,True
phoneme,classification,tabicl_v2,1,Raw+NystromGram@0.25,hybrid_prediction_mixture,orthogonal_all__m2,2,False,test,0.2889116382256356,0.05210738277784686,0.0,True
phoneme,classification,tabicl_v2,1,Raw+NystromGram@0.25,hybrid_prediction_mixture,orthogonal_all__m3,3,False,validation,0.2620320480483227,0.04486524819523677,0.0,True
phoneme,classification,tabicl_v2,1,Raw+NystromGram@0.25,hybrid_prediction_mixture,orthogonal_all__m3,3,False,test,0.28281731201618565,0.0553839230555257,0.0,True
phoneme,classification,tabicl_v2,1,Raw+NystromGram@0.25,hybrid_prediction_mixture,orthogonal_all__m4,4,False,validation,0.2642602089020446,0.05412827576039932,0.0,True
phoneme,classification,tabicl_v2,1,Raw+NystromGram@0.25,hybrid_prediction_mixture,orthogonal_all__m4,4,False,test,0.28893419283474375,0.0530596026159033,0.0,True
phoneme,classification,tabicl_v2,1,Raw+NystromGram@0.25,hybrid_prediction_mixture,orthogonal_all__m5,5,False,validation,0.27087265779630243,0.05698769324307222,0.0,True
phoneme,classification,tabicl_v2,1,Raw+NystromGram@0.25,hybrid_prediction_mixture,orthogonal_all__m5,5,False,test,0.28818810390509797,0.06329500947843263,0.0,True
phoneme,classification,tabicl_v2,1,Raw+NystromGram@0.25,hybrid_prediction_mixture,orthogonal_all__m6,6,False,validation,0.26789178023560256,0.05918968315257794,0.0,True
phoneme,classification,tabicl_v2,1,Raw+NystromGram@0.25,hybrid_prediction_mixture,orthogonal_all__m6,6,False,test,0.285805916124273,0.054498190119804654,0.0,True
phoneme,classification,tabicl_v2,1,Raw+NystromGram@0.25,hybrid_prediction_mixture,orthogonal_all__m7,7,False,validation,0.2678894567753894,0.05056972747659171,0.0,True
phoneme,classification,tabicl_v2,1,Raw+NystromGram@0.25,hybrid_prediction_mixture,orthogonal_all__m7,7,False,test,0.29087829780134794,0.05699576411279377,0.0,True
phoneme,classification,tabicl_v2,1,Raw+NystromGram@0.5,hybrid_prediction_mixture,rbf_reference,-1,True,validation,0.2643388158419995,0.0,0.0,False
phoneme,classification,tabicl_v2,1,Raw+NystromGram@0.5,hybrid_prediction_mixture,rbf_reference,-1,True,test,0.27742731126807135,0.0,0.0,False
phoneme,classification,tabicl_v2,1,Raw+NystromGram@0.5,hybrid_prediction_mixture,orthogonal_all__m0,0,False,validation,0.26602022204349024,0.03216127301140454,0.0,True
phoneme,classification,tabicl_v2,1,Raw+NystromGram@0.5,hybrid_prediction_mixture,orthogonal_all__m0,0,False,test,0.28700479913622523,0.03664067847923881,0.0,True
phoneme,classification,tabicl_v2,1,Raw+NystromGram@0.5,hybrid_prediction_mixture,orthogonal_all__m1,1,False,validation,0.26691858347358555,0.038174685357135515,0.0,True
phoneme,classification,tabicl_v2,1,Raw+NystromGram@0.5,hybrid_prediction_mixture,orthogonal_all__m1,1,False,test,0.2876421178409473,0.03631461226060821,0.0,True
phoneme,classification,tabicl_v2,1,Raw+NystromGram@0.5,hybrid_prediction_mixture,orthogonal_all__m2,2,False,validation,0.26359326707877945,0.03543253145685419,0.0,True
phoneme,classification,tabicl_v2,1,Raw+NystromGram@0.5,hybrid_prediction_mixture,orthogonal_all__m2,2,False,test,0.28785317589389947,0.03473825524805585,0.0,True
phoneme,classification,tabicl_v2,1,Raw+NystromGram@0.5,hybrid_prediction_mixture,orthogonal_all__m3,3,False,validation,0.2627226024645599,0.029910165402685845,0.0,True
phoneme,classification,tabicl_v2,1,Raw+NystromGram@0.5,hybrid_prediction_mixture,orthogonal_all__m3,3,False,test,0.2833888259436741,0.03692261538844714,0.0,True
phoneme,classification,tabicl_v2,1,Raw+NystromGram@0.5,hybrid_prediction_mixture,orthogonal_all__m4,4,False,validation,0.2642891220868271,0.03608551716298028,0.0,True
phoneme,classification,tabicl_v2,1,Raw+NystromGram@0.5,hybrid_prediction_mixture,orthogonal_all__m4,4,False,test,0.2877255080777654,0.035373068414214504,0.0,True
phoneme,classification,tabicl_v2,1,Raw+NystromGram@0.5,hybrid_prediction_mixture,orthogonal_all__m5,5,False,validation,0.26853868360439226,0.03799179552276884,0.0,True
phoneme,classification,tabicl_v2,1,Raw+NystromGram@0.5,hybrid_prediction_mixture,orthogonal_all__m5,5,False,test,0.2868400190816345,0.04219667304782357,0.0,True
phoneme,classification,tabicl_v2,1,Raw+NystromGram@0.5,hybrid_prediction_mixture,orthogonal_all__m6,6,False,validation,0.26681390670522476,0.03945978879170921,0.0,True
phoneme,classification,tabicl_v2,1,Raw+NystromGram@0.5,hybrid_prediction_mixture,orthogonal_all__m6,6,False,test,0.2855939488961017,0.0363321267111722,0.0,True
phoneme,classification,tabicl_v2,1,Raw+NystromGram@0.5,hybrid_prediction_mixture,orthogonal_all__m7,7,False,validation,0.2672422142584482,0.033713151690980034,0.0,True
phoneme,classification,tabicl_v2,1,Raw+NystromGram@0.5,hybrid_prediction_mixture,orthogonal_all__m7,7,False,test,0.289229355199044,0.037997176134815416,0.0,True
phoneme,classification,tabicl_v2,1,Raw+NystromGram@0.75,hybrid_prediction_mixture,rbf_reference,-1,True,validation,0.26655345057585567,0.0,0.0,False
phoneme,classification,tabicl_v2,1,Raw+NystromGram@0.75,hybrid_prediction_mixture,rbf_reference,-1,True,test,0.2830982101355566,0.0,0.0,False
phoneme,classification,tabicl_v2,1,Raw+NystromGram@0.75,hybrid_prediction_mixture,orthogonal_all__m0,0,False,validation,0.26774841225839474,0.01608063653995718,0.0,True
phoneme,classification,tabicl_v2,1,Raw+NystromGram@0.75,hybrid_prediction_mixture,orthogonal_all__m0,0,False,test,0.28869629165237215,0.018320339262535967,0.0,True
phoneme,classification,tabicl_v2,1,Raw+NystromGram@0.75,hybrid_prediction_mixture,orthogonal_all__m1,1,False,validation,0.26785466539859293,0.019087342696997096,0.0,True
phoneme,classification,tabicl_v2,1,Raw+NystromGram@0.75,hybrid_prediction_mixture,orthogonal_all__m1,1,False,test,0.28888296280675513,0.01815730617237379,0.0,True
phoneme,classification,tabicl_v2,1,Raw+NystromGram@0.75,hybrid_prediction_mixture,orthogonal_all__m2,2,False,validation,0.2663434278515895,0.017716265752760953,0.0,True
phoneme,classification,tabicl_v2,1,Raw+NystromGram@0.75,hybrid_prediction_mixture,orthogonal_all__m2,2,False,test,0.289105758005331,0.01736912765544024,0.0,True
phoneme,classification,tabicl_v2,1,Raw+NystromGram@0.75,hybrid_prediction_mixture,orthogonal_all__m3,3,False,validation,0.265553340163033,0.01495508267094026,0.0,True
phoneme,classification,tabicl_v2,1,Raw+NystromGram@0.75,hybrid_prediction_mixture,orthogonal_all__m3,3,False,test,0.2866573078788127,0.01846130770327192,0.0,True
phoneme,classification,tabicl_v2,1,Raw+NystromGram@0.75,hybrid_prediction_mixture,orthogonal_all__m4,4,False,validation,0.26646410520156905,0.018042758576180516,0.0,True
phoneme,classification,tabicl_v2,1,Raw+NystromGram@0.75,hybrid_prediction_mixture,orthogonal_all__m4,4,False,test,0.28903615366082647,0.01768653420891341,0.0,True
phoneme,classification,tabicl_v2,1,Raw+NystromGram@0.75,hybrid_prediction_mixture,orthogonal_all__m5,5,False,validation,0.26852781142588106,0.0189958977750781,0.0,True
phoneme,classification,tabicl_v2,1,Raw+NystromGram@0.75,hybrid_prediction_mixture,orthogonal_all__m5,5,False,test,0.28840009098094616,0.0210983365550127,0.0,True
phoneme,classification,tabicl_v2,1,Raw+NystromGram@0.75,hybrid_prediction_mixture,orthogonal_all__m6,6,False,validation,0.267770796203437,0.019729894407516574,0.0,True
phoneme,classification,tabicl_v2,1,Raw+NystromGram@0.75,hybrid_prediction_mixture,orthogonal_all__m6,6,False,test,0.2878092438408137,0.018166063337903986,0.0,True
phoneme,classification,tabicl_v2,1,Raw+NystromGram@0.75,hybrid_prediction_mixture,orthogonal_all__m7,7,False,validation,0.2682156395542556,0.016856575865449464,0.0,True
phoneme,classification,tabicl_v2,1,Raw+NystromGram@0.75,hybrid_prediction_mixture,orthogonal_all__m7,7,False,test,0.2898594485757651,0.018998588097217495,0.0,True
phoneme,classification,tabicl_v2,1,Raw+NystromGram@1,hybrid_prediction_mixture,rbf_reference,-1,True,validation,0.2707858917614181,0.0,0.0,False
phoneme,classification,tabicl_v2,1,Raw+NystromGram@1,hybrid_prediction_mixture,rbf_reference,-1,True,test,0.29327281216738044,0.0,0.0,False
phoneme,classification,tabicl_v2,1,Raw+NystromGram@1,hybrid_prediction_mixture,orthogonal_all__m0,0,False,validation,0.2707858917614181,0.0,0.0,True
phoneme,classification,tabicl_v2,1,Raw+NystromGram@1,hybrid_prediction_mixture,orthogonal_all__m0,0,False,test,0.29327281216738044,0.0,0.0,True
phoneme,classification,tabicl_v2,1,Raw+NystromGram@1,hybrid_prediction_mixture,orthogonal_all__m1,1,False,validation,0.2707858917614181,0.0,0.0,True
phoneme,classification,tabicl_v2,1,Raw+NystromGram@1,hybrid_prediction_mixture,orthogonal_all__m1,1,False,test,0.29327281216738044,0.0,0.0,True
phoneme,classification,tabicl_v2,1,Raw+NystromGram@1,hybrid_prediction_mixture,orthogonal_all__m2,2,False,validation,0.2707858917614181,0.0,0.0,True
phoneme,classification,tabicl_v2,1,Raw+NystromGram@1,hybrid_prediction_mixture,orthogonal_all__m2,2,False,test,0.29327281216738044,0.0,0.0,True
phoneme,classification,tabicl_v2,1,Raw+NystromGram@1,hybrid_prediction_mixture,orthogonal_all__m3,3,False,validation,0.2707858917614181,0.0,0.0,True
phoneme,classification,tabicl_v2,1,Raw+NystromGram@1,hybrid_prediction_mixture,orthogonal_all__m3,3,False,test,0.29327281216738044,0.0,0.0,True
phoneme,classification,tabicl_v2,1,Raw+NystromGram@1,hybrid_prediction_mixture,orthogonal_all__m4,4,False,validation,0.2707858917614181,0.0,0.0,True
phoneme,classification,tabicl_v2,1,Raw+NystromGram@1,hybrid_prediction_mixture,orthogonal_all__m4,4,False,test,0.29327281216738044,0.0,0.0,True
phoneme,classification,tabicl_v2,1,Raw+NystromGram@1,hybrid_prediction_mixture,orthogonal_all__m5,5,False,validation,0.2707858917614181,0.0,0.0,True
phoneme,classification,tabicl_v2,1,Raw+NystromGram@1,hybrid_prediction_mixture,orthogonal_all__m5,5,False,test,0.29327281216738044,0.0,0.0,True
phoneme,classification,tabicl_v2,1,Raw+NystromGram@1,hybrid_prediction_mixture,orthogonal_all__m6,6,False,validation,0.2707858917614181,0.0,0.0,True
phoneme,classification,tabicl_v2,1,Raw+NystromGram@1,hybrid_prediction_mixture,orthogonal_all__m6,6,False,test,0.29327281216738044,0.0,0.0,True
phoneme,classification,tabicl_v2,1,Raw+NystromGram@1,hybrid_prediction_mixture,orthogonal_all__m7,7,False,validation,0.2707858917614181,0.0,0.0,True
phoneme,classification,tabicl_v2,1,Raw+NystromGram@1,hybrid_prediction_mixture,orthogonal_all__m7,7,False,test,0.29327281216738044,0.0,0.0,True
phoneme,classification,tabicl_v2,1,Raw+HybridSpectral-t0.01@0.25,hybrid_prediction_mixture,rbf_reference,-1,True,validation,0.2614711902828194,0.0,0.0,False
phoneme,classification,tabicl_v2,1,Raw+HybridSpectral-t0.01@0.25,hybrid_prediction_mixture,rbf_reference,-1,True,test,0.2746493650986543,0.0,0.0,False
phoneme,classification,tabicl_v2,1,Raw+HybridSpectral-t0.01@0.25,hybrid_prediction_mixture,orthogonal_all__m0,0,False,validation,0.2634356140179026,0.048241909464287074,0.0,True
phoneme,classification,tabicl_v2,1,Raw+HybridSpectral-t0.01@0.25,hybrid_prediction_mixture,orthogonal_all__m0,0,False,test,0.28747337756500335,0.054961017657135694,0.0,True
phoneme,classification,tabicl_v2,1,Raw+HybridSpectral-t0.01@0.25,hybrid_prediction_mixture,orthogonal_all__m1,1,False,validation,0.267951637221076,0.05726202791317753,0.0,True
phoneme,classification,tabicl_v2,1,Raw+HybridSpectral-t0.01@0.25,hybrid_prediction_mixture,orthogonal_all__m1,1,False,test,0.28945514791174975,0.05447191805378527,0.0,True
phoneme,classification,tabicl_v2,1,Raw+HybridSpectral-t0.01@0.25,hybrid_prediction_mixture,orthogonal_all__m2,2,False,validation,0.2621440041750671,0.053148797050640816,0.0,True
phoneme,classification,tabicl_v2,1,Raw+HybridSpectral-t0.01@0.25,hybrid_prediction_mixture,orthogonal_all__m2,2,False,test,0.2895796882749334,0.05210738262928232,0.0,True
phoneme,classification,tabicl_v2,1,Raw+HybridSpectral-t0.01@0.25,hybrid_prediction_mixture,orthogonal_all__m3,3,False,validation,0.2602112699002594,0.04486524811410706,0.0,True
phoneme,classification,tabicl_v2,1,Raw+HybridSpectral-t0.01@0.25,hybrid_prediction_mixture,orthogonal_all__m3,3,False,test,0.28384858340311614,0.055383923091206294,0.0,True
phoneme,classification,tabicl_v2,1,Raw+HybridSpectral-t0.01@0.25,hybrid_prediction_mixture,orthogonal_all__m4,4,False,validation,0.2624616836081084,0.05412827561797657,0.0,True
phoneme,classification,tabicl_v2,1,Raw+HybridSpectral-t0.01@0.25,hybrid_prediction_mixture,orthogonal_all__m4,4,False,test,0.2891617108678741,0.05305960263022964,0.0,True
phoneme,classification,tabicl_v2,1,Raw+HybridSpectral-t0.01@0.25,hybrid_prediction_mixture,orthogonal_all__m5,5,False,validation,0.2690750879812698,0.056987693354277384,0.0,True
phoneme,classification,tabicl_v2,1,Raw+HybridSpectral-t0.01@0.25,hybrid_prediction_mixture,orthogonal_all__m5,5,False,test,0.2890452819757399,0.0632950093555933,0.0,True
phoneme,classification,tabicl_v2,1,Raw+HybridSpectral-t0.01@0.25,hybrid_prediction_mixture,orthogonal_all__m6,6,False,validation,0.2676630610535057,0.05918968325908896,0.0,True
phoneme,classification,tabicl_v2,1,Raw+HybridSpectral-t0.01@0.25,hybrid_prediction_mixture,orthogonal_all__m6,6,False,test,0.2869109844563482,0.0544981900828442,0.0,True
phoneme,classification,tabicl_v2,1,Raw+HybridSpectral-t0.01@0.25,hybrid_prediction_mixture,orthogonal_all__m7,7,False,validation,0.266485166560242,0.05056972750074373,0.0,True
phoneme,classification,tabicl_v2,1,Raw+HybridSpectral-t0.01@0.25,hybrid_prediction_mixture,orthogonal_all__m7,7,False,test,0.29090109607764697,0.05699576399289251,0.0,True
phoneme,classification,tabicl_v2,1,Raw+HybridSpectral-t0.01@0.5,hybrid_prediction_mixture,rbf_reference,-1,True,validation,0.26081554012627617,0.0,0.0,False
phoneme,classification,tabicl_v2,1,Raw+HybridSpectral-t0.01@0.5,hybrid_prediction_mixture,rbf_reference,-1,True,test,0.2776607318357709,0.0,0.0,False
phoneme,classification,tabicl_v2,1,Raw+HybridSpectral-t0.01@0.5,hybrid_prediction_mixture,orthogonal_all__m0,0,False,validation,0.2635975273172412,0.032161273077997855,0.0,True
phoneme,classification,tabicl_v2,1,Raw+HybridSpectral-t0.01@0.5,hybrid_prediction_mixture,orthogonal_all__m0,0,False,test,0.28691916220530933,0.03664067848860833,0.0,True
phoneme,classification,tabicl_v2,1,Raw+HybridSpectral-t0.01@0.5,hybrid_prediction_mixture,orthogonal_all__m1,1,False,validation,0.2666737622433144,0.038174685267485194,0.0,True
phoneme,classification,tabicl_v2,1,Raw+HybridSpectral-t0.01@0.5,hybrid_prediction_mixture,orthogonal_all__m1,1,False,test,0.28842071639149236,0.03631461197938419,0.0,True
phoneme,classification,tabicl_v2,1,Raw+HybridSpectral-t0.01@0.5,hybrid_prediction_mixture,orthogonal_all__m2,2,False,validation,0.26341338813568316,0.03543253137466898,0.0,True
phoneme,classification,tabicl_v2,1,Raw+HybridSpectral-t0.01@0.5,hybrid_prediction_mixture,orthogonal_all__m2,2,False,test,0.28883735470127814,0.0347382550499698,0.0,True
phoneme,classification,tabicl_v2,1,Raw+HybridSpectral-t0.01@0.5,hybrid_prediction_mixture,orthogonal_all__m3,3,False,validation,0.2606216184357111,0.02991016529451291,0.0,True
phoneme,classification,tabicl_v2,1,Raw+HybridSpectral-t0.01@0.5,hybrid_prediction_mixture,orthogonal_all__m3,3,False,test,0.2847056212875104,0.03692261543602127,0.0,True
phoneme,classification,tabicl_v2,1,Raw+HybridSpectral-t0.01@0.5,hybrid_prediction_mixture,orthogonal_all__m4,4,False,validation,0.26232090577626693,0.03608551697308328,0.0,True
phoneme,classification,tabicl_v2,1,Raw+HybridSpectral-t0.01@0.5,hybrid_prediction_mixture,orthogonal_all__m4,4,False,test,0.28812557276031014,0.03537306843331629,0.0,True
phoneme,classification,tabicl_v2,1,Raw+HybridSpectral-t0.01@0.5,hybrid_prediction_mixture,orthogonal_all__m5,5,False,validation,0.2668194272692182,0.037991795671042404,0.0,True
phoneme,classification,tabicl_v2,1,Raw+HybridSpectral-t0.01@0.5,hybrid_prediction_mixture,orthogonal_all__m5,5,False,test,0.2880523768506753,0.042196672884037806,0.0,True
phoneme,classification,tabicl_v2,1,Raw+HybridSpectral-t0.01@0.5,hybrid_prediction_mixture,orthogonal_all__m6,6,False,validation,0.26678381644015714,0.039459788933723906,0.0,True
phoneme,classification,tabicl_v2,1,Raw+HybridSpectral-t0.01@0.5,hybrid_prediction_mixture,orthogonal_all__m6,6,False,test,0.28715674541802105,0.03633212666189159,0.0,True
phoneme,classification,tabicl_v2,1,Raw+HybridSpectral-t0.01@0.5,hybrid_prediction_mixture,orthogonal_all__m7,7,False,validation,0.26565269814038134,0.03371315172318273,0.0,True
phoneme,classification,tabicl_v2,1,Raw+HybridSpectral-t0.01@0.5,hybrid_prediction_mixture,orthogonal_all__m7,7,False,test,0.28931308031999425,0.037997175974947055,0.0,True
phoneme,classification,tabicl_v2,1,Raw+HybridSpectral-t0.01@0.75,hybrid_prediction_mixture,rbf_reference,-1,True,validation,0.2645623215807186,0.0,0.0,False
phoneme,classification,tabicl_v2,1,Raw+HybridSpectral-t0.01@0.75,hybrid_prediction_mixture,rbf_reference,-1,True,test,0.2837160712764085,0.0,0.0,False
phoneme,classification,tabicl_v2,1,Raw+HybridSpectral-t0.01@0.75,hybrid_prediction_mixture,orthogonal_all__m0,0,False,validation,0.26679639113172227,0.016080636589902175,0.0,True
phoneme,classification,tabicl_v2,1,Raw+HybridSpectral-t0.01@0.75,hybrid_prediction_mixture,orthogonal_all__m0,0,False,test,0.28881249977605883,0.018320339269563102,0.0,True
phoneme,classification,tabicl_v2,1,Raw+HybridSpectral-t0.01@0.75,hybrid_prediction_mixture,orthogonal_all__m1,1,False,validation,0.26828003905687114,0.019087342629759363,0.0,True
phoneme,classification,tabicl_v2,1,Raw+HybridSpectral-t0.01@0.75,hybrid_prediction_mixture,orthogonal_all__m1,1,False,test,0.2896463817849261,0.018157305961455778,0.0,True
phoneme,classification,tabicl_v2,1,Raw+HybridSpectral-t0.01@0.75,hybrid_prediction_mixture,orthogonal_all__m2,2,False,validation,0.26701489713083026,0.017716265691122054,0.0,True
phoneme,classification,tabicl_v2,1,Raw+HybridSpectral-t0.01@0.75,hybrid_prediction_mixture,orthogonal_all__m2,2,False,test,0.2900527348632559,0.017369127506875706,0.0,True
phoneme,classification,tabicl_v2,1,Raw+HybridSpectral-t0.01@0.75,hybrid_prediction_mixture,orthogonal_all__m3,3,False,validation,0.26465149946749333,0.014955082589810563,0.0,True
phoneme,classification,tabicl_v2,1,Raw+HybridSpectral-t0.01@0.75,hybrid_prediction_mixture,orthogonal_all__m3,3,False,test,0.287768391502605,0.01846130773895251,0.0,True
phoneme,classification,tabicl_v2,1,Raw+HybridSpectral-t0.01@0.75,hybrid_prediction_mixture,orthogonal_all__m4,4,False,validation,0.2656722494639327,0.018042758433757765,0.0,True
phoneme,classification,tabicl_v2,1,Raw+HybridSpectral-t0.01@0.75,hybrid_prediction_mixture,orthogonal_all__m4,4,False,test,0.28946344876547153,0.017686534223239753,0.0,True
phoneme,classification,tabicl_v2,1,Raw+HybridSpectral-t0.01@0.75,hybrid_prediction_mixture,orthogonal_all__m5,5,False,validation,0.2681750783227206,0.018995897886283288,0.0,True
phoneme,classification,tabicl_v2,1,Raw+HybridSpectral-t0.01@0.75,hybrid_prediction_mixture,orthogonal_all__m5,5,False,test,0.2894396454483187,0.02109833643217338,0.0,True
phoneme,classification,tabicl_v2,1,Raw+HybridSpectral-t0.01@0.75,hybrid_prediction_mixture,orthogonal_all__m6,6,False,validation,0.26853575990881273,0.019729894514027596,0.0,True
phoneme,classification,tabicl_v2,1,Raw+HybridSpectral-t0.01@0.75,hybrid_prediction_mixture,orthogonal_all__m6,6,False,test,0.28921665428381227,0.018166063300943534,0.0,True
phoneme,classification,tabicl_v2,1,Raw+HybridSpectral-t0.01@0.75,hybrid_prediction_mixture,orthogonal_all__m7,7,False,validation,0.2677682276093496,0.0168565758896015,0.0,True
phoneme,classification,tabicl_v2,1,Raw+HybridSpectral-t0.01@0.75,hybrid_prediction_mixture,orthogonal_all__m7,7,False,test,0.28999693784798625,0.01899858797731623,0.0,True
phoneme,classification,tabicl_v2,1,Raw+HybridSpectral-t0.01@1,hybrid_prediction_mixture,rbf_reference,-1,True,validation,0.27331588183905653,0.0,0.0,False
phoneme,classification,tabicl_v2,1,Raw+HybridSpectral-t0.01@1,hybrid_prediction_mixture,rbf_reference,-1,True,test,0.2933890997742921,0.0,0.0,False
phoneme,classification,tabicl_v2,1,Raw+HybridSpectral-t0.01@1,hybrid_prediction_mixture,orthogonal_all__m0,0,False,validation,0.27331588183905653,0.0,0.0,True
phoneme,classification,tabicl_v2,1,Raw+HybridSpectral-t0.01@1,hybrid_prediction_mixture,orthogonal_all__m0,0,False,test,0.2933890997742921,0.0,0.0,True
phoneme,classification,tabicl_v2,1,Raw+HybridSpectral-t0.01@1,hybrid_prediction_mixture,orthogonal_all__m1,1,False,validation,0.27331588183905653,0.0,0.0,True
phoneme,classification,tabicl_v2,1,Raw+HybridSpectral-t0.01@1,hybrid_prediction_mixture,orthogonal_all__m1,1,False,test,0.2933890997742921,0.0,0.0,True
phoneme,classification,tabicl_v2,1,Raw+HybridSpectral-t0.01@1,hybrid_prediction_mixture,orthogonal_all__m2,2,False,validation,0.27331588183905653,0.0,0.0,True
phoneme,classification,tabicl_v2,1,Raw+HybridSpectral-t0.01@1,hybrid_prediction_mixture,orthogonal_all__m2,2,False,test,0.2933890997742921,0.0,0.0,True
phoneme,classification,tabicl_v2,1,Raw+HybridSpectral-t0.01@1,hybrid_prediction_mixture,orthogonal_all__m3,3,False,validation,0.27331588183905653,0.0,0.0,True
phoneme,classification,tabicl_v2,1,Raw+HybridSpectral-t0.01@1,hybrid_prediction_mixture,orthogonal_all__m3,3,False,test,0.2933890997742921,0.0,0.0,True
phoneme,classification,tabicl_v2,1,Raw+HybridSpectral-t0.01@1,hybrid_prediction_mixture,orthogonal_all__m4,4,False,validation,0.27331588183905653,0.0,0.0,True
phoneme,classification,tabicl_v2,1,Raw+HybridSpectral-t0.01@1,hybrid_prediction_mixture,orthogonal_all__m4,4,False,test,0.2933890997742921,0.0,0.0,True
phoneme,classification,tabicl_v2,1,Raw+HybridSpectral-t0.01@1,hybrid_prediction_mixture,orthogonal_all__m5,5,False,validation,0.27331588183905653,0.0,0.0,True
phoneme,classification,tabicl_v2,1,Raw+HybridSpectral-t0.01@1,hybrid_prediction_mixture,orthogonal_all__m5,5,False,test,0.2933890997742921,0.0,0.0,True
phoneme,classification,tabicl_v2,1,Raw+HybridSpectral-t0.01@1,hybrid_prediction_mixture,orthogonal_all__m6,6,False,validation,0.27331588183905653,0.0,0.0,True
phoneme,classification,tabicl_v2,1,Raw+HybridSpectral-t0.01@1,hybrid_prediction_mixture,orthogonal_all__m6,6,False,test,0.2933890997742921,0.0,0.0,True
phoneme,classification,tabicl_v2,1,Raw+HybridSpectral-t0.01@1,hybrid_prediction_mixture,orthogonal_all__m7,7,False,validation,0.27331588183905653,0.0,0.0,True
phoneme,classification,tabicl_v2,1,Raw+HybridSpectral-t0.01@1,hybrid_prediction_mixture,orthogonal_all__m7,7,False,test,0.2933890997742921,0.0,0.0,True
phoneme,classification,tabicl_v2,1,Raw+HybridSpectral-t0.05@0.25,hybrid_prediction_mixture,rbf_reference,-1,True,validation,0.2614711902828194,0.0,0.0,False
phoneme,classification,tabicl_v2,1,Raw+HybridSpectral-t0.05@0.25,hybrid_prediction_mixture,rbf_reference,-1,True,test,0.2746493650986543,0.0,0.0,False
phoneme,classification,tabicl_v2,1,Raw+HybridSpectral-t0.05@0.25,hybrid_prediction_mixture,orthogonal_all__m0,0,False,validation,0.2634356140179026,0.048241909464287074,0.0,True
phoneme,classification,tabicl_v2,1,Raw+HybridSpectral-t0.05@0.25,hybrid_prediction_mixture,orthogonal_all__m0,0,False,test,0.28747337756500335,0.054961017657135694,0.0,True
phoneme,classification,tabicl_v2,1,Raw+HybridSpectral-t0.05@0.25,hybrid_prediction_mixture,orthogonal_all__m1,1,False,validation,0.267951637221076,0.05726202791317753,0.0,True
phoneme,classification,tabicl_v2,1,Raw+HybridSpectral-t0.05@0.25,hybrid_prediction_mixture,orthogonal_all__m1,1,False,test,0.28945514791174975,0.05447191805378527,0.0,True
phoneme,classification,tabicl_v2,1,Raw+HybridSpectral-t0.05@0.25,hybrid_prediction_mixture,orthogonal_all__m2,2,False,validation,0.2621440041750671,0.053148797050640816,0.0,True
phoneme,classification,tabicl_v2,1,Raw+HybridSpectral-t0.05@0.25,hybrid_prediction_mixture,orthogonal_all__m2,2,False,test,0.2895796882749334,0.05210738262928232,0.0,True
phoneme,classification,tabicl_v2,1,Raw+HybridSpectral-t0.05@0.25,hybrid_prediction_mixture,orthogonal_all__m3,3,False,validation,0.2602112699002594,0.04486524811410706,0.0,True
phoneme,classification,tabicl_v2,1,Raw+HybridSpectral-t0.05@0.25,hybrid_prediction_mixture,orthogonal_all__m3,3,False,test,0.28384858340311614,0.055383923091206294,0.0,True
phoneme,classification,tabicl_v2,1,Raw+HybridSpectral-t0.05@0.25,hybrid_prediction_mixture,orthogonal_all__m4,4,False,validation,0.2624616836081084,0.05412827561797657,0.0,True
phoneme,classification,tabicl_v2,1,Raw+HybridSpectral-t0.05@0.25,hybrid_prediction_mixture,orthogonal_all__m4,4,False,test,0.2891617108678741,0.05305960263022964,0.0,True
phoneme,classification,tabicl_v2,1,Raw+HybridSpectral-t0.05@0.25,hybrid_prediction_mixture,orthogonal_all__m5,5,False,validation,0.2690750879812698,0.056987693354277384,0.0,True
phoneme,classification,tabicl_v2,1,Raw+HybridSpectral-t0.05@0.25,hybrid_prediction_mixture,orthogonal_all__m5,5,False,test,0.2890452819757399,0.0632950093555933,0.0,True
phoneme,classification,tabicl_v2,1,Raw+HybridSpectral-t0.05@0.25,hybrid_prediction_mixture,orthogonal_all__m6,6,False,validation,0.2676630610535057,0.05918968325908896,0.0,True
phoneme,classification,tabicl_v2,1,Raw+HybridSpectral-t0.05@0.25,hybrid_prediction_mixture,orthogonal_all__m6,6,False,test,0.2869109844563482,0.0544981900828442,0.0,True
phoneme,classification,tabicl_v2,1,Raw+HybridSpectral-t0.05@0.25,hybrid_prediction_mixture,orthogonal_all__m7,7,False,validation,0.266485166560242,0.05056972750074373,0.0,True
phoneme,classification,tabicl_v2,1,Raw+HybridSpectral-t0.05@0.25,hybrid_prediction_mixture,orthogonal_all__m7,7,False,test,0.29090109607764697,0.05699576399289251,0.0,True
phoneme,classification,tabicl_v2,1,Raw+HybridSpectral-t0.05@0.5,hybrid_prediction_mixture,rbf_reference,-1,True,validation,0.26081554012627617,0.0,0.0,False
phoneme,classification,tabicl_v2,1,Raw+HybridSpectral-t0.05@0.5,hybrid_prediction_mixture,rbf_reference,-1,True,test,0.2776607318357709,0.0,0.0,False
phoneme,classification,tabicl_v2,1,Raw+HybridSpectral-t0.05@0.5,hybrid_prediction_mixture,orthogonal_all__m0,0,False,validation,0.2635975273172412,0.032161273077997855,0.0,True
phoneme,classification,tabicl_v2,1,Raw+HybridSpectral-t0.05@0.5,hybrid_prediction_mixture,orthogonal_all__m0,0,False,test,0.28691916220530933,0.03664067848860833,0.0,True
phoneme,classification,tabicl_v2,1,Raw+HybridSpectral-t0.05@0.5,hybrid_prediction_mixture,orthogonal_all__m1,1,False,validation,0.2666737622433144,0.038174685267485194,0.0,True
phoneme,classification,tabicl_v2,1,Raw+HybridSpectral-t0.05@0.5,hybrid_prediction_mixture,orthogonal_all__m1,1,False,test,0.28842071639149236,0.03631461197938419,0.0,True
phoneme,classification,tabicl_v2,1,Raw+HybridSpectral-t0.05@0.5,hybrid_prediction_mixture,orthogonal_all__m2,2,False,validation,0.26341338813568316,0.03543253137466898,0.0,True
phoneme,classification,tabicl_v2,1,Raw+HybridSpectral-t0.05@0.5,hybrid_prediction_mixture,orthogonal_all__m2,2,False,test,0.28883735470127814,0.0347382550499698,0.0,True
phoneme,classification,tabicl_v2,1,Raw+HybridSpectral-t0.05@0.5,hybrid_prediction_mixture,orthogonal_all__m3,3,False,validation,0.2606216184357111,0.02991016529451291,0.0,True
phoneme,classification,tabicl_v2,1,Raw+HybridSpectral-t0.05@0.5,hybrid_prediction_mixture,orthogonal_all__m3,3,False,test,0.2847056212875104,0.03692261543602127,0.0,True
phoneme,classification,tabicl_v2,1,Raw+HybridSpectral-t0.05@0.5,hybrid_prediction_mixture,orthogonal_all__m4,4,False,validation,0.26232090577626693,0.03608551697308328,0.0,True
phoneme,classification,tabicl_v2,1,Raw+HybridSpectral-t0.05@0.5,hybrid_prediction_mixture,orthogonal_all__m4,4,False,test,0.28812557276031014,0.03537306843331629,0.0,True
phoneme,classification,tabicl_v2,1,Raw+HybridSpectral-t0.05@0.5,hybrid_prediction_mixture,orthogonal_all__m5,5,False,validation,0.2668194272692182,0.037991795671042404,0.0,True
phoneme,classification,tabicl_v2,1,Raw+HybridSpectral-t0.05@0.5,hybrid_prediction_mixture,orthogonal_all__m5,5,False,test,0.2880523768506753,0.042196672884037806,0.0,True
phoneme,classification,tabicl_v2,1,Raw+HybridSpectral-t0.05@0.5,hybrid_prediction_mixture,orthogonal_all__m6,6,False,validation,0.26678381644015714,0.039459788933723906,0.0,True
phoneme,classification,tabicl_v2,1,Raw+HybridSpectral-t0.05@0.5,hybrid_prediction_mixture,orthogonal_all__m6,6,False,test,0.28715674541802105,0.03633212666189159,0.0,True
phoneme,classification,tabicl_v2,1,Raw+HybridSpectral-t0.05@0.5,hybrid_prediction_mixture,orthogonal_all__m7,7,False,validation,0.26565269814038134,0.03371315172318273,0.0,True
phoneme,classification,tabicl_v2,1,Raw+HybridSpectral-t0.05@0.5,hybrid_prediction_mixture,orthogonal_all__m7,7,False,test,0.28931308031999425,0.037997175974947055,0.0,True
phoneme,classification,tabicl_v2,1,Raw+HybridSpectral-t0.05@0.75,hybrid_prediction_mixture,rbf_reference,-1,True,validation,0.2645623215807186,0.0,0.0,False
phoneme,classification,tabicl_v2,1,Raw+HybridSpectral-t0.05@0.75,hybrid_prediction_mixture,rbf_reference,-1,True,test,0.2837160712764085,0.0,0.0,False
phoneme,classification,tabicl_v2,1,Raw+HybridSpectral-t0.05@0.75,hybrid_prediction_mixture,orthogonal_all__m0,0,False,validation,0.26679639113172227,0.016080636589902175,0.0,True
phoneme,classification,tabicl_v2,1,Raw+HybridSpectral-t0.05@0.75,hybrid_prediction_mixture,orthogonal_all__m0,0,False,test,0.28881249977605883,0.018320339269563102,0.0,True
phoneme,classification,tabicl_v2,1,Raw+HybridSpectral-t0.05@0.75,hybrid_prediction_mixture,orthogonal_all__m1,1,False,validation,0.26828003905687114,0.019087342629759363,0.0,True
phoneme,classification,tabicl_v2,1,Raw+HybridSpectral-t0.05@0.75,hybrid_prediction_mixture,orthogonal_all__m1,1,False,test,0.2896463817849261,0.018157305961455778,0.0,True
phoneme,classification,tabicl_v2,1,Raw+HybridSpectral-t0.05@0.75,hybrid_prediction_mixture,orthogonal_all__m2,2,False,validation,0.26701489713083026,0.017716265691122054,0.0,True
phoneme,classification,tabicl_v2,1,Raw+HybridSpectral-t0.05@0.75,hybrid_prediction_mixture,orthogonal_all__m2,2,False,test,0.2900527348632559,0.017369127506875706,0.0,True
phoneme,classification,tabicl_v2,1,Raw+HybridSpectral-t0.05@0.75,hybrid_prediction_mixture,orthogonal_all__m3,3,False,validation,0.26465149946749333,0.014955082589810563,0.0,True
phoneme,classification,tabicl_v2,1,Raw+HybridSpectral-t0.05@0.75,hybrid_prediction_mixture,orthogonal_all__m3,3,False,test,0.287768391502605,0.01846130773895251,0.0,True
phoneme,classification,tabicl_v2,1,Raw+HybridSpectral-t0.05@0.75,hybrid_prediction_mixture,orthogonal_all__m4,4,False,validation,0.2656722494639327,0.018042758433757765,0.0,True
phoneme,classification,tabicl_v2,1,Raw+HybridSpectral-t0.05@0.75,hybrid_prediction_mixture,orthogonal_all__m4,4,False,test,0.28946344876547153,0.017686534223239753,0.0,True
phoneme,classification,tabicl_v2,1,Raw+HybridSpectral-t0.05@0.75,hybrid_prediction_mixture,orthogonal_all__m5,5,False,validation,0.2681750783227206,0.018995897886283288,0.0,True
phoneme,classification,tabicl_v2,1,Raw+HybridSpectral-t0.05@0.75,hybrid_prediction_mixture,orthogonal_all__m5,5,False,test,0.2894396454483187,0.02109833643217338,0.0,True
phoneme,classification,tabicl_v2,1,Raw+HybridSpectral-t0.05@0.75,hybrid_prediction_mixture,orthogonal_all__m6,6,False,validation,0.26853575990881273,0.019729894514027596,0.0,True
phoneme,classification,tabicl_v2,1,Raw+HybridSpectral-t0.05@0.75,hybrid_prediction_mixture,orthogonal_all__m6,6,False,test,0.28921665428381227,0.018166063300943534,0.0,True
phoneme,classification,tabicl_v2,1,Raw+HybridSpectral-t0.05@0.75,hybrid_prediction_mixture,orthogonal_all__m7,7,False,validation,0.2677682276093496,0.0168565758896015,0.0,True
phoneme,classification,tabicl_v2,1,Raw+HybridSpectral-t0.05@0.75,hybrid_prediction_mixture,orthogonal_all__m7,7,False,test,0.28999693784798625,0.01899858797731623,0.0,True
phoneme,classification,tabicl_v2,1,Raw+HybridSpectral-t0.05@1,hybrid_prediction_mixture,rbf_reference,-1,True,validation,0.27331588183905653,0.0,0.0,False
phoneme,classification,tabicl_v2,1,Raw+HybridSpectral-t0.05@1,hybrid_prediction_mixture,rbf_reference,-1,True,test,0.2933890997742921,0.0,0.0,False
phoneme,classification,tabicl_v2,1,Raw+HybridSpectral-t0.05@1,hybrid_prediction_mixture,orthogonal_all__m0,0,False,validation,0.27331588183905653,0.0,0.0,True
phoneme,classification,tabicl_v2,1,Raw+HybridSpectral-t0.05@1,hybrid_prediction_mixture,orthogonal_all__m0,0,False,test,0.2933890997742921,0.0,0.0,True
phoneme,classification,tabicl_v2,1,Raw+HybridSpectral-t0.05@1,hybrid_prediction_mixture,orthogonal_all__m1,1,False,validation,0.27331588183905653,0.0,0.0,True
phoneme,classification,tabicl_v2,1,Raw+HybridSpectral-t0.05@1,hybrid_prediction_mixture,orthogonal_all__m1,1,False,test,0.2933890997742921,0.0,0.0,True
phoneme,classification,tabicl_v2,1,Raw+HybridSpectral-t0.05@1,hybrid_prediction_mixture,orthogonal_all__m2,2,False,validation,0.27331588183905653,0.0,0.0,True
phoneme,classification,tabicl_v2,1,Raw+HybridSpectral-t0.05@1,hybrid_prediction_mixture,orthogonal_all__m2,2,False,test,0.2933890997742921,0.0,0.0,True
phoneme,classification,tabicl_v2,1,Raw+HybridSpectral-t0.05@1,hybrid_prediction_mixture,orthogonal_all__m3,3,False,validation,0.27331588183905653,0.0,0.0,True
phoneme,classification,tabicl_v2,1,Raw+HybridSpectral-t0.05@1,hybrid_prediction_mixture,orthogonal_all__m3,3,False,test,0.2933890997742921,0.0,0.0,True
phoneme,classification,tabicl_v2,1,Raw+HybridSpectral-t0.05@1,hybrid_prediction_mixture,orthogonal_all__m4,4,False,validation,0.27331588183905653,0.0,0.0,True
phoneme,classification,tabicl_v2,1,Raw+HybridSpectral-t0.05@1,hybrid_prediction_mixture,orthogonal_all__m4,4,False,test,0.2933890997742921,0.0,0.0,True
phoneme,classification,tabicl_v2,1,Raw+HybridSpectral-t0.05@1,hybrid_prediction_mixture,orthogonal_all__m5,5,False,validation,0.27331588183905653,0.0,0.0,True
phoneme,classification,tabicl_v2,1,Raw+HybridSpectral-t0.05@1,hybrid_prediction_mixture,orthogonal_all__m5,5,False,test,0.2933890997742921,0.0,0.0,True
phoneme,classification,tabicl_v2,1,Raw+HybridSpectral-t0.05@1,hybrid_prediction_mixture,orthogonal_all__m6,6,False,validation,0.27331588183905653,0.0,0.0,True
phoneme,classification,tabicl_v2,1,Raw+HybridSpectral-t0.05@1,hybrid_prediction_mixture,orthogonal_all__m6,6,False,test,0.2933890997742921,0.0,0.0,True
phoneme,classification,tabicl_v2,1,Raw+HybridSpectral-t0.05@1,hybrid_prediction_mixture,orthogonal_all__m7,7,False,validation,0.27331588183905653,0.0,0.0,True
phoneme,classification,tabicl_v2,1,Raw+HybridSpectral-t0.05@1,hybrid_prediction_mixture,orthogonal_all__m7,7,False,test,0.2933890997742921,0.0,0.0,True
phoneme,classification,tabicl_v2,1,Raw+HybridSpectral-t0.10@0.25,hybrid_prediction_mixture,rbf_reference,-1,True,validation,0.2614711902828194,0.0,0.0,False
phoneme,classification,tabicl_v2,1,Raw+HybridSpectral-t0.10@0.25,hybrid_prediction_mixture,rbf_reference,-1,True,test,0.2746493650986543,0.0,0.0,False
phoneme,classification,tabicl_v2,1,Raw+HybridSpectral-t0.10@0.25,hybrid_prediction_mixture,orthogonal_all__m0,0,False,validation,0.2634356140179026,0.048241909464287074,0.0,True
phoneme,classification,tabicl_v2,1,Raw+HybridSpectral-t0.10@0.25,hybrid_prediction_mixture,orthogonal_all__m0,0,False,test,0.28747337756500335,0.054961017657135694,0.0,True
phoneme,classification,tabicl_v2,1,Raw+HybridSpectral-t0.10@0.25,hybrid_prediction_mixture,orthogonal_all__m1,1,False,validation,0.267951637221076,0.05726202791317753,0.0,True
phoneme,classification,tabicl_v2,1,Raw+HybridSpectral-t0.10@0.25,hybrid_prediction_mixture,orthogonal_all__m1,1,False,test,0.28945514791174975,0.05447191805378527,0.0,True
phoneme,classification,tabicl_v2,1,Raw+HybridSpectral-t0.10@0.25,hybrid_prediction_mixture,orthogonal_all__m2,2,False,validation,0.2621440041750671,0.053148797050640816,0.0,True
phoneme,classification,tabicl_v2,1,Raw+HybridSpectral-t0.10@0.25,hybrid_prediction_mixture,orthogonal_all__m2,2,False,test,0.2895796882749334,0.05210738262928232,0.0,True
phoneme,classification,tabicl_v2,1,Raw+HybridSpectral-t0.10@0.25,hybrid_prediction_mixture,orthogonal_all__m3,3,False,validation,0.2602112699002594,0.04486524811410706,0.0,True
phoneme,classification,tabicl_v2,1,Raw+HybridSpectral-t0.10@0.25,hybrid_prediction_mixture,orthogonal_all__m3,3,False,test,0.28384858340311614,0.055383923091206294,0.0,True
phoneme,classification,tabicl_v2,1,Raw+HybridSpectral-t0.10@0.25,hybrid_prediction_mixture,orthogonal_all__m4,4,False,validation,0.2624616836081084,0.05412827561797657,0.0,True
phoneme,classification,tabicl_v2,1,Raw+HybridSpectral-t0.10@0.25,hybrid_prediction_mixture,orthogonal_all__m4,4,False,test,0.2891617108678741,0.05305960263022964,0.0,True
phoneme,classification,tabicl_v2,1,Raw+HybridSpectral-t0.10@0.25,hybrid_prediction_mixture,orthogonal_all__m5,5,False,validation,0.2690750879812698,0.056987693354277384,0.0,True
phoneme,classification,tabicl_v2,1,Raw+HybridSpectral-t0.10@0.25,hybrid_prediction_mixture,orthogonal_all__m5,5,False,test,0.2890452819757399,0.0632950093555933,0.0,True
phoneme,classification,tabicl_v2,1,Raw+HybridSpectral-t0.10@0.25,hybrid_prediction_mixture,orthogonal_all__m6,6,False,validation,0.2676630610535057,0.05918968325908896,0.0,True
phoneme,classification,tabicl_v2,1,Raw+HybridSpectral-t0.10@0.25,hybrid_prediction_mixture,orthogonal_all__m6,6,False,test,0.2869109844563482,0.0544981900828442,0.0,True
phoneme,classification,tabicl_v2,1,Raw+HybridSpectral-t0.10@0.25,hybrid_prediction_mixture,orthogonal_all__m7,7,False,validation,0.266485166560242,0.05056972750074373,0.0,True
phoneme,classification,tabicl_v2,1,Raw+HybridSpectral-t0.10@0.25,hybrid_prediction_mixture,orthogonal_all__m7,7,False,test,0.29090109607764697,0.05699576399289251,0.0,True
phoneme,classification,tabicl_v2,1,Raw+HybridSpectral-t0.10@0.5,hybrid_prediction_mixture,rbf_reference,-1,True,validation,0.26081554012627617,0.0,0.0,False
phoneme,classification,tabicl_v2,1,Raw+HybridSpectral-t0.10@0.5,hybrid_prediction_mixture,rbf_reference,-1,True,test,0.2776607318357709,0.0,0.0,False
phoneme,classification,tabicl_v2,1,Raw+HybridSpectral-t0.10@0.5,hybrid_prediction_mixture,orthogonal_all__m0,0,False,validation,0.2635975273172412,0.032161273077997855,0.0,True
phoneme,classification,tabicl_v2,1,Raw+HybridSpectral-t0.10@0.5,hybrid_prediction_mixture,orthogonal_all__m0,0,False,test,0.28691916220530933,0.03664067848860833,0.0,True
phoneme,classification,tabicl_v2,1,Raw+HybridSpectral-t0.10@0.5,hybrid_prediction_mixture,orthogonal_all__m1,1,False,validation,0.2666737622433144,0.038174685267485194,0.0,True
phoneme,classification,tabicl_v2,1,Raw+HybridSpectral-t0.10@0.5,hybrid_prediction_mixture,orthogonal_all__m1,1,False,test,0.28842071639149236,0.03631461197938419,0.0,True
phoneme,classification,tabicl_v2,1,Raw+HybridSpectral-t0.10@0.5,hybrid_prediction_mixture,orthogonal_all__m2,2,False,validation,0.26341338813568316,0.03543253137466898,0.0,True
phoneme,classification,tabicl_v2,1,Raw+HybridSpectral-t0.10@0.5,hybrid_prediction_mixture,orthogonal_all__m2,2,False,test,0.28883735470127814,0.0347382550499698,0.0,True
phoneme,classification,tabicl_v2,1,Raw+HybridSpectral-t0.10@0.5,hybrid_prediction_mixture,orthogonal_all__m3,3,False,validation,0.2606216184357111,0.02991016529451291,0.0,True
phoneme,classification,tabicl_v2,1,Raw+HybridSpectral-t0.10@0.5,hybrid_prediction_mixture,orthogonal_all__m3,3,False,test,0.2847056212875104,0.03692261543602127,0.0,True
phoneme,classification,tabicl_v2,1,Raw+HybridSpectral-t0.10@0.5,hybrid_prediction_mixture,orthogonal_all__m4,4,False,validation,0.26232090577626693,0.03608551697308328,0.0,True
phoneme,classification,tabicl_v2,1,Raw+HybridSpectral-t0.10@0.5,hybrid_prediction_mixture,orthogonal_all__m4,4,False,test,0.28812557276031014,0.03537306843331629,0.0,True
phoneme,classification,tabicl_v2,1,Raw+HybridSpectral-t0.10@0.5,hybrid_prediction_mixture,orthogonal_all__m5,5,False,validation,0.2668194272692182,0.037991795671042404,0.0,True
phoneme,classification,tabicl_v2,1,Raw+HybridSpectral-t0.10@0.5,hybrid_prediction_mixture,orthogonal_all__m5,5,False,test,0.2880523768506753,0.042196672884037806,0.0,True
phoneme,classification,tabicl_v2,1,Raw+HybridSpectral-t0.10@0.5,hybrid_prediction_mixture,orthogonal_all__m6,6,False,validation,0.26678381644015714,0.039459788933723906,0.0,True
phoneme,classification,tabicl_v2,1,Raw+HybridSpectral-t0.10@0.5,hybrid_prediction_mixture,orthogonal_all__m6,6,False,test,0.28715674541802105,0.03633212666189159,0.0,True
phoneme,classification,tabicl_v2,1,Raw+HybridSpectral-t0.10@0.5,hybrid_prediction_mixture,orthogonal_all__m7,7,False,validation,0.26565269814038134,0.03371315172318273,0.0,True
phoneme,classification,tabicl_v2,1,Raw+HybridSpectral-t0.10@0.5,hybrid_prediction_mixture,orthogonal_all__m7,7,False,test,0.28931308031999425,0.037997175974947055,0.0,True
phoneme,classification,tabicl_v2,1,Raw+HybridSpectral-t0.10@0.75,hybrid_prediction_mixture,rbf_reference,-1,True,validation,0.2645623215807186,0.0,0.0,False
phoneme,classification,tabicl_v2,1,Raw+HybridSpectral-t0.10@0.75,hybrid_prediction_mixture,rbf_reference,-1,True,test,0.2837160712764085,0.0,0.0,False
phoneme,classification,tabicl_v2,1,Raw+HybridSpectral-t0.10@0.75,hybrid_prediction_mixture,orthogonal_all__m0,0,False,validation,0.26679639113172227,0.016080636589902175,0.0,True
phoneme,classification,tabicl_v2,1,Raw+HybridSpectral-t0.10@0.75,hybrid_prediction_mixture,orthogonal_all__m0,0,False,test,0.28881249977605883,0.018320339269563102,0.0,True
phoneme,classification,tabicl_v2,1,Raw+HybridSpectral-t0.10@0.75,hybrid_prediction_mixture,orthogonal_all__m1,1,False,validation,0.26828003905687114,0.019087342629759363,0.0,True
phoneme,classification,tabicl_v2,1,Raw+HybridSpectral-t0.10@0.75,hybrid_prediction_mixture,orthogonal_all__m1,1,False,test,0.2896463817849261,0.018157305961455778,0.0,True
phoneme,classification,tabicl_v2,1,Raw+HybridSpectral-t0.10@0.75,hybrid_prediction_mixture,orthogonal_all__m2,2,False,validation,0.26701489713083026,0.017716265691122054,0.0,True
phoneme,classification,tabicl_v2,1,Raw+HybridSpectral-t0.10@0.75,hybrid_prediction_mixture,orthogonal_all__m2,2,False,test,0.2900527348632559,0.017369127506875706,0.0,True
phoneme,classification,tabicl_v2,1,Raw+HybridSpectral-t0.10@0.75,hybrid_prediction_mixture,orthogonal_all__m3,3,False,validation,0.26465149946749333,0.014955082589810563,0.0,True
phoneme,classification,tabicl_v2,1,Raw+HybridSpectral-t0.10@0.75,hybrid_prediction_mixture,orthogonal_all__m3,3,False,test,0.287768391502605,0.01846130773895251,0.0,True
phoneme,classification,tabicl_v2,1,Raw+HybridSpectral-t0.10@0.75,hybrid_prediction_mixture,orthogonal_all__m4,4,False,validation,0.2656722494639327,0.018042758433757765,0.0,True
phoneme,classification,tabicl_v2,1,Raw+HybridSpectral-t0.10@0.75,hybrid_prediction_mixture,orthogonal_all__m4,4,False,test,0.28946344876547153,0.017686534223239753,0.0,True
phoneme,classification,tabicl_v2,1,Raw+HybridSpectral-t0.10@0.75,hybrid_prediction_mixture,orthogonal_all__m5,5,False,validation,0.2681750783227206,0.018995897886283288,0.0,True
phoneme,classification,tabicl_v2,1,Raw+HybridSpectral-t0.10@0.75,hybrid_prediction_mixture,orthogonal_all__m5,5,False,test,0.2894396454483187,0.02109833643217338,0.0,True
phoneme,classification,tabicl_v2,1,Raw+HybridSpectral-t0.10@0.75,hybrid_prediction_mixture,orthogonal_all__m6,6,False,validation,0.26853575990881273,0.019729894514027596,0.0,True
phoneme,classification,tabicl_v2,1,Raw+HybridSpectral-t0.10@0.75,hybrid_prediction_mixture,orthogonal_all__m6,6,False,test,0.28921665428381227,0.018166063300943534,0.0,True
phoneme,classification,tabicl_v2,1,Raw+HybridSpectral-t0.10@0.75,hybrid_prediction_mixture,orthogonal_all__m7,7,False,validation,0.2677682276093496,0.0168565758896015,0.0,True
phoneme,classification,tabicl_v2,1,Raw+HybridSpectral-t0.10@0.75,hybrid_prediction_mixture,orthogonal_all__m7,7,False,test,0.28999693784798625,0.01899858797731623,0.0,True
phoneme,classification,tabicl_v2,1,Raw+HybridSpectral-t0.10@1,hybrid_prediction_mixture,rbf_reference,-1,True,validation,0.27331588183905653,0.0,0.0,False
phoneme,classification,tabicl_v2,1,Raw+HybridSpectral-t0.10@1,hybrid_prediction_mixture,rbf_reference,-1,True,test,0.2933890997742921,0.0,0.0,False
phoneme,classification,tabicl_v2,1,Raw+HybridSpectral-t0.10@1,hybrid_prediction_mixture,orthogonal_all__m0,0,False,validation,0.27331588183905653,0.0,0.0,True
phoneme,classification,tabicl_v2,1,Raw+HybridSpectral-t0.10@1,hybrid_prediction_mixture,orthogonal_all__m0,0,False,test,0.2933890997742921,0.0,0.0,True
phoneme,classification,tabicl_v2,1,Raw+HybridSpectral-t0.10@1,hybrid_prediction_mixture,orthogonal_all__m1,1,False,validation,0.27331588183905653,0.0,0.0,True
phoneme,classification,tabicl_v2,1,Raw+HybridSpectral-t0.10@1,hybrid_prediction_mixture,orthogonal_all__m1,1,False,test,0.2933890997742921,0.0,0.0,True
phoneme,classification,tabicl_v2,1,Raw+HybridSpectral-t0.10@1,hybrid_prediction_mixture,orthogonal_all__m2,2,False,validation,0.27331588183905653,0.0,0.0,True
phoneme,classification,tabicl_v2,1,Raw+HybridSpectral-t0.10@1,hybrid_prediction_mixture,orthogonal_all__m2,2,False,test,0.2933890997742921,0.0,0.0,True
phoneme,classification,tabicl_v2,1,Raw+HybridSpectral-t0.10@1,hybrid_prediction_mixture,orthogonal_all__m3,3,False,validation,0.27331588183905653,0.0,0.0,True
phoneme,classification,tabicl_v2,1,Raw+HybridSpectral-t0.10@1,hybrid_prediction_mixture,orthogonal_all__m3,3,False,test,0.2933890997742921,0.0,0.0,True
phoneme,classification,tabicl_v2,1,Raw+HybridSpectral-t0.10@1,hybrid_prediction_mixture,orthogonal_all__m4,4,False,validation,0.27331588183905653,0.0,0.0,True
phoneme,classification,tabicl_v2,1,Raw+HybridSpectral-t0.10@1,hybrid_prediction_mixture,orthogonal_all__m4,4,False,test,0.2933890997742921,0.0,0.0,True
phoneme,classification,tabicl_v2,1,Raw+HybridSpectral-t0.10@1,hybrid_prediction_mixture,orthogonal_all__m5,5,False,validation,0.27331588183905653,0.0,0.0,True
phoneme,classification,tabicl_v2,1,Raw+HybridSpectral-t0.10@1,hybrid_prediction_mixture,orthogonal_all__m5,5,False,test,0.2933890997742921,0.0,0.0,True
phoneme,classification,tabicl_v2,1,Raw+HybridSpectral-t0.10@1,hybrid_prediction_mixture,orthogonal_all__m6,6,False,validation,0.27331588183905653,0.0,0.0,True
phoneme,classification,tabicl_v2,1,Raw+HybridSpectral-t0.10@1,hybrid_prediction_mixture,orthogonal_all__m6,6,False,test,0.2933890997742921,0.0,0.0,True
phoneme,classification,tabicl_v2,1,Raw+HybridSpectral-t0.10@1,hybrid_prediction_mixture,orthogonal_all__m7,7,False,validation,0.27331588183905653,0.0,0.0,True
phoneme,classification,tabicl_v2,1,Raw+HybridSpectral-t0.10@1,hybrid_prediction_mixture,orthogonal_all__m7,7,False,test,0.2933890997742921,0.0,0.0,True
