dataset,problem_type,model,seed,method,track,representation_id,member,is_reference,split,task_error,disagreement,fit_seconds,prediction_reused_due_to_coordinate_identity
house_16H,regression,tabicl_v2,2,Raw,representation,rbf_reference,-1,True,validation,40809.222579681096,0.0,1.66043540998362,False
house_16H,regression,tabicl_v2,2,Raw,representation,rbf_reference,-1,True,test,31199.829036407562,0.0,1.66043540998362,False
house_16H,regression,tabicl_v2,2,Raw,representation,orthogonal_all__m0,0,False,validation,44861.28664077784,0.23315632047349755,1.1242350831162184,False
house_16H,regression,tabicl_v2,2,Raw,representation,orthogonal_all__m0,0,False,test,33214.65281737282,0.34897459756300137,1.1242350831162184,False
house_16H,regression,tabicl_v2,2,Raw,representation,orthogonal_all__m1,1,False,validation,44582.9808529535,0.25305173182340573,1.6709821980912238,False
house_16H,regression,tabicl_v2,2,Raw,representation,orthogonal_all__m1,1,False,test,32996.305726476625,0.36989728745849015,1.6709821980912238,False
house_16H,regression,tabicl_v2,2,Raw,representation,orthogonal_all__m2,2,False,validation,47132.26104195193,0.2687269620650857,1.339446172118187,False
house_16H,regression,tabicl_v2,2,Raw,representation,orthogonal_all__m2,2,False,test,29974.234463539953,0.30766823437923785,1.339446172118187,False
house_16H,regression,tabicl_v2,2,Raw,representation,orthogonal_all__m3,3,False,validation,47372.281569513034,0.28434772404992154,1.544858496170491,False
house_16H,regression,tabicl_v2,2,Raw,representation,orthogonal_all__m3,3,False,test,30733.33333362486,0.29308831897472326,1.544858496170491,False
house_16H,regression,tabicl_v2,2,Raw,representation,orthogonal_all__m4,4,False,validation,47630.48205927751,0.3151993335610792,1.5712589549366385,False
house_16H,regression,tabicl_v2,2,Raw,representation,orthogonal_all__m4,4,False,test,32336.372358694967,0.33718489950911934,1.5712589549366385,False
house_16H,regression,tabicl_v2,2,Raw,representation,orthogonal_all__m5,5,False,validation,44014.379261598384,0.2566575628224865,1.7458255719393492,False
house_16H,regression,tabicl_v2,2,Raw,representation,orthogonal_all__m5,5,False,test,30362.279298871872,0.28902151468104864,1.7458255719393492,False
house_16H,regression,tabicl_v2,2,Raw,representation,orthogonal_all__m6,6,False,validation,47665.0025728712,0.27580924271339313,1.3693049368448555,False
house_16H,regression,tabicl_v2,2,Raw,representation,orthogonal_all__m6,6,False,test,32342.271117708922,0.34483026034547726,1.3693049368448555,False
house_16H,regression,tabicl_v2,2,Raw,representation,orthogonal_all__m7,7,False,validation,47374.88724878077,0.29510178209838717,1.6151952121872457,False
house_16H,regression,tabicl_v2,2,Raw,representation,orthogonal_all__m7,7,False,test,31687.324078145073,0.33123055970469034,1.6151952121872457,False
house_16H,regression,tabicl_v2,2,PCA,representation,pca__v1__rbf_reference,-1,True,validation,49619.288969133566,0.0,0.3144962477963418,False
house_16H,regression,tabicl_v2,2,PCA,representation,pca__v1__rbf_reference,-1,True,test,32009.806270459467,0.0,0.3144962477963418,False
house_16H,regression,tabicl_v2,2,PCA,representation,pca__v1__orthogonal_all__m0,0,False,validation,49619.288969133566,0.0,0.0,True
house_16H,regression,tabicl_v2,2,PCA,representation,pca__v1__orthogonal_all__m0,0,False,test,32009.806270459467,0.0,0.0,True
house_16H,regression,tabicl_v2,2,PCA,representation,pca__v1__orthogonal_all__m1,1,False,validation,49619.288969133566,0.0,0.0,True
house_16H,regression,tabicl_v2,2,PCA,representation,pca__v1__orthogonal_all__m1,1,False,test,32009.806270459467,0.0,0.0,True
house_16H,regression,tabicl_v2,2,PCA,representation,pca__v1__orthogonal_all__m2,2,False,validation,49619.288969133566,0.0,0.0,True
house_16H,regression,tabicl_v2,2,PCA,representation,pca__v1__orthogonal_all__m2,2,False,test,32009.806270459467,0.0,0.0,True
house_16H,regression,tabicl_v2,2,PCA,representation,pca__v1__orthogonal_all__m3,3,False,validation,49619.288969133566,0.0,0.0,True
house_16H,regression,tabicl_v2,2,PCA,representation,pca__v1__orthogonal_all__m3,3,False,test,32009.806270459467,0.0,0.0,True
house_16H,regression,tabicl_v2,2,PCA,representation,pca__v1__orthogonal_all__m4,4,False,validation,49619.288969133566,0.0,0.0,True
house_16H,regression,tabicl_v2,2,PCA,representation,pca__v1__orthogonal_all__m4,4,False,test,32009.806270459467,0.0,0.0,True
house_16H,regression,tabicl_v2,2,PCA,representation,pca__v1__orthogonal_all__m5,5,False,validation,49619.288969133566,0.0,0.0,True
house_16H,regression,tabicl_v2,2,PCA,representation,pca__v1__orthogonal_all__m5,5,False,test,32009.806270459467,0.0,0.0,True
house_16H,regression,tabicl_v2,2,PCA,representation,pca__v1__orthogonal_all__m6,6,False,validation,49619.288969133566,0.0,0.0,True
house_16H,regression,tabicl_v2,2,PCA,representation,pca__v1__orthogonal_all__m6,6,False,test,32009.806270459467,0.0,0.0,True
house_16H,regression,tabicl_v2,2,PCA,representation,pca__v1__orthogonal_all__m7,7,False,validation,49619.288969133566,0.0,0.0,True
house_16H,regression,tabicl_v2,2,PCA,representation,pca__v1__orthogonal_all__m7,7,False,test,32009.806270459467,0.0,0.0,True
house_16H,regression,tabicl_v2,2,GramAnchor,representation,gram_anchor__pivot_tie_v2__rbf_reference,-1,True,validation,42903.624878519055,0.0,0.32365093706175685,False
house_16H,regression,tabicl_v2,2,GramAnchor,representation,gram_anchor__pivot_tie_v2__rbf_reference,-1,True,test,30782.26873264699,0.0,0.32365093706175685,False
house_16H,regression,tabicl_v2,2,GramAnchor,representation,gram_anchor__pivot_tie_v2__orthogonal_all__m0,0,False,validation,42903.624878519055,0.0,0.0,True
house_16H,regression,tabicl_v2,2,GramAnchor,representation,gram_anchor__pivot_tie_v2__orthogonal_all__m0,0,False,test,30782.26873264699,0.0,0.0,True
house_16H,regression,tabicl_v2,2,GramAnchor,representation,gram_anchor__pivot_tie_v2__orthogonal_all__m1,1,False,validation,42903.624878519055,0.0,0.0,True
house_16H,regression,tabicl_v2,2,GramAnchor,representation,gram_anchor__pivot_tie_v2__orthogonal_all__m1,1,False,test,30782.26873264699,0.0,0.0,True
house_16H,regression,tabicl_v2,2,GramAnchor,representation,gram_anchor__pivot_tie_v2__orthogonal_all__m2,2,False,validation,42903.624878519055,0.0,0.0,True
house_16H,regression,tabicl_v2,2,GramAnchor,representation,gram_anchor__pivot_tie_v2__orthogonal_all__m2,2,False,test,30782.26873264699,0.0,0.0,True
house_16H,regression,tabicl_v2,2,GramAnchor,representation,gram_anchor__pivot_tie_v2__orthogonal_all__m3,3,False,validation,42903.624878519055,0.0,0.0,True
house_16H,regression,tabicl_v2,2,GramAnchor,representation,gram_anchor__pivot_tie_v2__orthogonal_all__m3,3,False,test,30782.26873264699,0.0,0.0,True
house_16H,regression,tabicl_v2,2,GramAnchor,representation,gram_anchor__pivot_tie_v2__orthogonal_all__m4,4,False,validation,42903.624878519055,0.0,0.0,True
house_16H,regression,tabicl_v2,2,GramAnchor,representation,gram_anchor__pivot_tie_v2__orthogonal_all__m4,4,False,test,30782.26873264699,0.0,0.0,True
house_16H,regression,tabicl_v2,2,GramAnchor,representation,gram_anchor__pivot_tie_v2__orthogonal_all__m5,5,False,validation,42903.624878519055,0.0,0.0,True
house_16H,regression,tabicl_v2,2,GramAnchor,representation,gram_anchor__pivot_tie_v2__orthogonal_all__m5,5,False,test,30782.26873264699,0.0,0.0,True
house_16H,regression,tabicl_v2,2,GramAnchor,representation,gram_anchor__pivot_tie_v2__orthogonal_all__m6,6,False,validation,42903.624878519055,0.0,0.0,True
house_16H,regression,tabicl_v2,2,GramAnchor,representation,gram_anchor__pivot_tie_v2__orthogonal_all__m6,6,False,test,30782.26873264699,0.0,0.0,True
house_16H,regression,tabicl_v2,2,GramAnchor,representation,gram_anchor__pivot_tie_v2__orthogonal_all__m7,7,False,validation,42903.624878519055,0.0,0.0,True
house_16H,regression,tabicl_v2,2,GramAnchor,representation,gram_anchor__pivot_tie_v2__orthogonal_all__m7,7,False,test,30782.26873264699,0.0,0.0,True
house_16H,regression,tabicl_v2,2,GramAnchor-m8,representation,gram_anchor__pivot_tie_v2__rbf_reference,-1,True,validation,44293.189317029624,0.0,3.374602793948725,False
house_16H,regression,tabicl_v2,2,GramAnchor-m8,representation,gram_anchor__pivot_tie_v2__rbf_reference,-1,True,test,31987.804829286735,0.0,3.374602793948725,False
house_16H,regression,tabicl_v2,2,GramAnchor-m8,representation,gram_anchor__pivot_tie_v2__orthogonal_all__m0,0,False,validation,44293.189317029624,0.0,0.0,True
house_16H,regression,tabicl_v2,2,GramAnchor-m8,representation,gram_anchor__pivot_tie_v2__orthogonal_all__m0,0,False,test,31987.804829286735,0.0,0.0,True
house_16H,regression,tabicl_v2,2,GramAnchor-m8,representation,gram_anchor__pivot_tie_v2__orthogonal_all__m1,1,False,validation,44293.189317029624,0.0,0.0,True
house_16H,regression,tabicl_v2,2,GramAnchor-m8,representation,gram_anchor__pivot_tie_v2__orthogonal_all__m1,1,False,test,31987.804829286735,0.0,0.0,True
house_16H,regression,tabicl_v2,2,GramAnchor-m8,representation,gram_anchor__pivot_tie_v2__orthogonal_all__m2,2,False,validation,44293.189317029624,0.0,0.0,True
house_16H,regression,tabicl_v2,2,GramAnchor-m8,representation,gram_anchor__pivot_tie_v2__orthogonal_all__m2,2,False,test,31987.804829286735,0.0,0.0,True
house_16H,regression,tabicl_v2,2,GramAnchor-m8,representation,gram_anchor__pivot_tie_v2__orthogonal_all__m3,3,False,validation,44293.189317029624,0.0,0.0,True
house_16H,regression,tabicl_v2,2,GramAnchor-m8,representation,gram_anchor__pivot_tie_v2__orthogonal_all__m3,3,False,test,31987.804829286735,0.0,0.0,True
house_16H,regression,tabicl_v2,2,GramAnchor-m8,representation,gram_anchor__pivot_tie_v2__orthogonal_all__m4,4,False,validation,44293.189317029624,0.0,0.0,True
house_16H,regression,tabicl_v2,2,GramAnchor-m8,representation,gram_anchor__pivot_tie_v2__orthogonal_all__m4,4,False,test,31987.804829286735,0.0,0.0,True
house_16H,regression,tabicl_v2,2,GramAnchor-m8,representation,gram_anchor__pivot_tie_v2__orthogonal_all__m5,5,False,validation,44293.189317029624,0.0,0.0,True
house_16H,regression,tabicl_v2,2,GramAnchor-m8,representation,gram_anchor__pivot_tie_v2__orthogonal_all__m5,5,False,test,31987.804829286735,0.0,0.0,True
house_16H,regression,tabicl_v2,2,GramAnchor-m8,representation,gram_anchor__pivot_tie_v2__orthogonal_all__m6,6,False,validation,44293.189317029624,0.0,0.0,True
house_16H,regression,tabicl_v2,2,GramAnchor-m8,representation,gram_anchor__pivot_tie_v2__orthogonal_all__m6,6,False,test,31987.804829286735,0.0,0.0,True
house_16H,regression,tabicl_v2,2,GramAnchor-m8,representation,gram_anchor__pivot_tie_v2__orthogonal_all__m7,7,False,validation,44293.189317029624,0.0,0.0,True
house_16H,regression,tabicl_v2,2,GramAnchor-m8,representation,gram_anchor__pivot_tie_v2__orthogonal_all__m7,7,False,test,31987.804829286735,0.0,0.0,True
house_16H,regression,tabicl_v2,2,GramDistance,representation,gram_distance__pivot_tie_v2__rbf_reference,-1,True,validation,48190.55392700904,0.0,0.35819630208425224,False
house_16H,regression,tabicl_v2,2,GramDistance,representation,gram_distance__pivot_tie_v2__rbf_reference,-1,True,test,32801.3722755845,0.0,0.35819630208425224,False
house_16H,regression,tabicl_v2,2,GramDistance,representation,gram_distance__pivot_tie_v2__orthogonal_all__m0,0,False,validation,48190.55392700904,0.0,0.0,True
house_16H,regression,tabicl_v2,2,GramDistance,representation,gram_distance__pivot_tie_v2__orthogonal_all__m0,0,False,test,32801.3722755845,0.0,0.0,True
house_16H,regression,tabicl_v2,2,GramDistance,representation,gram_distance__pivot_tie_v2__orthogonal_all__m1,1,False,validation,48190.55392700904,0.0,0.0,True
house_16H,regression,tabicl_v2,2,GramDistance,representation,gram_distance__pivot_tie_v2__orthogonal_all__m1,1,False,test,32801.3722755845,0.0,0.0,True
house_16H,regression,tabicl_v2,2,GramDistance,representation,gram_distance__pivot_tie_v2__orthogonal_all__m2,2,False,validation,48190.55392700904,0.0,0.0,True
house_16H,regression,tabicl_v2,2,GramDistance,representation,gram_distance__pivot_tie_v2__orthogonal_all__m2,2,False,test,32801.3722755845,0.0,0.0,True
house_16H,regression,tabicl_v2,2,GramDistance,representation,gram_distance__pivot_tie_v2__orthogonal_all__m3,3,False,validation,48190.55392700904,0.0,0.0,True
house_16H,regression,tabicl_v2,2,GramDistance,representation,gram_distance__pivot_tie_v2__orthogonal_all__m3,3,False,test,32801.3722755845,0.0,0.0,True
house_16H,regression,tabicl_v2,2,GramDistance,representation,gram_distance__pivot_tie_v2__orthogonal_all__m4,4,False,validation,48190.55392700904,0.0,0.0,True
house_16H,regression,tabicl_v2,2,GramDistance,representation,gram_distance__pivot_tie_v2__orthogonal_all__m4,4,False,test,32801.3722755845,0.0,0.0,True
house_16H,regression,tabicl_v2,2,GramDistance,representation,gram_distance__pivot_tie_v2__orthogonal_all__m5,5,False,validation,48190.55392700904,0.0,0.0,True
house_16H,regression,tabicl_v2,2,GramDistance,representation,gram_distance__pivot_tie_v2__orthogonal_all__m5,5,False,test,32801.3722755845,0.0,0.0,True
house_16H,regression,tabicl_v2,2,GramDistance,representation,gram_distance__pivot_tie_v2__orthogonal_all__m6,6,False,validation,48190.55392700904,0.0,0.0,True
house_16H,regression,tabicl_v2,2,GramDistance,representation,gram_distance__pivot_tie_v2__orthogonal_all__m6,6,False,test,32801.3722755845,0.0,0.0,True
house_16H,regression,tabicl_v2,2,GramDistance,representation,gram_distance__pivot_tie_v2__orthogonal_all__m7,7,False,validation,48190.55392700904,0.0,0.0,True
house_16H,regression,tabicl_v2,2,GramDistance,representation,gram_distance__pivot_tie_v2__orthogonal_all__m7,7,False,test,32801.3722755845,0.0,0.0,True
house_16H,regression,tabicl_v2,2,NystromGram,representation,nystrom_gram__nystrom_degeneracy_v3__rbf_reference,-1,True,validation,42862.49903631143,0.0,0.2894875779747963,False
house_16H,regression,tabicl_v2,2,NystromGram,representation,nystrom_gram__nystrom_degeneracy_v3__rbf_reference,-1,True,test,32404.75397596252,0.0,0.2894875779747963,False
house_16H,regression,tabicl_v2,2,NystromGram,representation,nystrom_gram__nystrom_degeneracy_v3__orthogonal_all__m0,0,False,validation,42862.49903631143,0.0,0.0,True
house_16H,regression,tabicl_v2,2,NystromGram,representation,nystrom_gram__nystrom_degeneracy_v3__orthogonal_all__m0,0,False,test,32404.75397596252,0.0,0.0,True
house_16H,regression,tabicl_v2,2,NystromGram,representation,nystrom_gram__nystrom_degeneracy_v3__orthogonal_all__m1,1,False,validation,42862.49903631143,0.0,0.0,True
house_16H,regression,tabicl_v2,2,NystromGram,representation,nystrom_gram__nystrom_degeneracy_v3__orthogonal_all__m1,1,False,test,32404.75397596252,0.0,0.0,True
house_16H,regression,tabicl_v2,2,NystromGram,representation,nystrom_gram__nystrom_degeneracy_v3__orthogonal_all__m2,2,False,validation,42862.49903631143,0.0,0.0,True
house_16H,regression,tabicl_v2,2,NystromGram,representation,nystrom_gram__nystrom_degeneracy_v3__orthogonal_all__m2,2,False,test,32404.75397596252,0.0,0.0,True
house_16H,regression,tabicl_v2,2,NystromGram,representation,nystrom_gram__nystrom_degeneracy_v3__orthogonal_all__m3,3,False,validation,42862.49903631143,0.0,0.0,True
house_16H,regression,tabicl_v2,2,NystromGram,representation,nystrom_gram__nystrom_degeneracy_v3__orthogonal_all__m3,3,False,test,32404.75397596252,0.0,0.0,True
house_16H,regression,tabicl_v2,2,NystromGram,representation,nystrom_gram__nystrom_degeneracy_v3__orthogonal_all__m4,4,False,validation,42862.49903631143,0.0,0.0,True
house_16H,regression,tabicl_v2,2,NystromGram,representation,nystrom_gram__nystrom_degeneracy_v3__orthogonal_all__m4,4,False,test,32404.75397596252,0.0,0.0,True
house_16H,regression,tabicl_v2,2,NystromGram,representation,nystrom_gram__nystrom_degeneracy_v3__orthogonal_all__m5,5,False,validation,42862.49903631143,0.0,0.0,True
house_16H,regression,tabicl_v2,2,NystromGram,representation,nystrom_gram__nystrom_degeneracy_v3__orthogonal_all__m5,5,False,test,32404.75397596252,0.0,0.0,True
house_16H,regression,tabicl_v2,2,NystromGram,representation,nystrom_gram__nystrom_degeneracy_v3__orthogonal_all__m6,6,False,validation,42862.49903631143,0.0,0.0,True
house_16H,regression,tabicl_v2,2,NystromGram,representation,nystrom_gram__nystrom_degeneracy_v3__orthogonal_all__m6,6,False,test,32404.75397596252,0.0,0.0,True
house_16H,regression,tabicl_v2,2,NystromGram,representation,nystrom_gram__nystrom_degeneracy_v3__orthogonal_all__m7,7,False,validation,42862.49903631143,0.0,0.0,True
house_16H,regression,tabicl_v2,2,NystromGram,representation,nystrom_gram__nystrom_degeneracy_v3__orthogonal_all__m7,7,False,test,32404.75397596252,0.0,0.0,True
house_16H,regression,tabicl_v2,2,HybridSpectral-t0.01,representation,hybrid_spectral__pivot_tie_v2__rbf_reference,-1,True,validation,49619.288969133566,0.0,0.32518546818755567,False
house_16H,regression,tabicl_v2,2,HybridSpectral-t0.01,representation,hybrid_spectral__pivot_tie_v2__rbf_reference,-1,True,test,32009.806270459467,0.0,0.32518546818755567,False
house_16H,regression,tabicl_v2,2,HybridSpectral-t0.01,representation,hybrid_spectral__pivot_tie_v2__orthogonal_all__m0,0,False,validation,49619.288969133566,0.0,0.0,True
house_16H,regression,tabicl_v2,2,HybridSpectral-t0.01,representation,hybrid_spectral__pivot_tie_v2__orthogonal_all__m0,0,False,test,32009.806270459467,0.0,0.0,True
house_16H,regression,tabicl_v2,2,HybridSpectral-t0.01,representation,hybrid_spectral__pivot_tie_v2__orthogonal_all__m1,1,False,validation,49619.288969133566,0.0,0.0,True
house_16H,regression,tabicl_v2,2,HybridSpectral-t0.01,representation,hybrid_spectral__pivot_tie_v2__orthogonal_all__m1,1,False,test,32009.806270459467,0.0,0.0,True
house_16H,regression,tabicl_v2,2,HybridSpectral-t0.01,representation,hybrid_spectral__pivot_tie_v2__orthogonal_all__m2,2,False,validation,49619.288969133566,0.0,0.0,True
house_16H,regression,tabicl_v2,2,HybridSpectral-t0.01,representation,hybrid_spectral__pivot_tie_v2__orthogonal_all__m2,2,False,test,32009.806270459467,0.0,0.0,True
house_16H,regression,tabicl_v2,2,HybridSpectral-t0.01,representation,hybrid_spectral__pivot_tie_v2__orthogonal_all__m3,3,False,validation,49619.288969133566,0.0,0.0,True
house_16H,regression,tabicl_v2,2,HybridSpectral-t0.01,representation,hybrid_spectral__pivot_tie_v2__orthogonal_all__m3,3,False,test,32009.806270459467,0.0,0.0,True
house_16H,regression,tabicl_v2,2,HybridSpectral-t0.01,representation,hybrid_spectral__pivot_tie_v2__orthogonal_all__m4,4,False,validation,49619.288969133566,0.0,0.0,True
house_16H,regression,tabicl_v2,2,HybridSpectral-t0.01,representation,hybrid_spectral__pivot_tie_v2__orthogonal_all__m4,4,False,test,32009.806270459467,0.0,0.0,True
house_16H,regression,tabicl_v2,2,HybridSpectral-t0.01,representation,hybrid_spectral__pivot_tie_v2__orthogonal_all__m5,5,False,validation,49619.288969133566,0.0,0.0,True
house_16H,regression,tabicl_v2,2,HybridSpectral-t0.01,representation,hybrid_spectral__pivot_tie_v2__orthogonal_all__m5,5,False,test,32009.806270459467,0.0,0.0,True
house_16H,regression,tabicl_v2,2,HybridSpectral-t0.01,representation,hybrid_spectral__pivot_tie_v2__orthogonal_all__m6,6,False,validation,49619.288969133566,0.0,0.0,True
house_16H,regression,tabicl_v2,2,HybridSpectral-t0.01,representation,hybrid_spectral__pivot_tie_v2__orthogonal_all__m6,6,False,test,32009.806270459467,0.0,0.0,True
house_16H,regression,tabicl_v2,2,HybridSpectral-t0.01,representation,hybrid_spectral__pivot_tie_v2__orthogonal_all__m7,7,False,validation,49619.288969133566,0.0,0.0,True
house_16H,regression,tabicl_v2,2,HybridSpectral-t0.01,representation,hybrid_spectral__pivot_tie_v2__orthogonal_all__m7,7,False,test,32009.806270459467,0.0,0.0,True
house_16H,regression,tabicl_v2,2,HybridSpectral-t0.05,representation,hybrid_spectral__pivot_tie_v2__rbf_reference,-1,True,validation,49627.02035950225,0.0,0.28627084218896925,False
house_16H,regression,tabicl_v2,2,HybridSpectral-t0.05,representation,hybrid_spectral__pivot_tie_v2__rbf_reference,-1,True,test,32009.261675545065,0.0,0.28627084218896925,False
house_16H,regression,tabicl_v2,2,HybridSpectral-t0.05,representation,hybrid_spectral__pivot_tie_v2__orthogonal_all__m0,0,False,validation,49627.02035950225,0.0,0.0,True
house_16H,regression,tabicl_v2,2,HybridSpectral-t0.05,representation,hybrid_spectral__pivot_tie_v2__orthogonal_all__m0,0,False,test,32009.261675545065,0.0,0.0,True
house_16H,regression,tabicl_v2,2,HybridSpectral-t0.05,representation,hybrid_spectral__pivot_tie_v2__orthogonal_all__m1,1,False,validation,49627.02035950225,0.0,0.0,True
house_16H,regression,tabicl_v2,2,HybridSpectral-t0.05,representation,hybrid_spectral__pivot_tie_v2__orthogonal_all__m1,1,False,test,32009.261675545065,0.0,0.0,True
house_16H,regression,tabicl_v2,2,HybridSpectral-t0.05,representation,hybrid_spectral__pivot_tie_v2__orthogonal_all__m2,2,False,validation,49627.02035950225,0.0,0.0,True
house_16H,regression,tabicl_v2,2,HybridSpectral-t0.05,representation,hybrid_spectral__pivot_tie_v2__orthogonal_all__m2,2,False,test,32009.261675545065,0.0,0.0,True
house_16H,regression,tabicl_v2,2,HybridSpectral-t0.05,representation,hybrid_spectral__pivot_tie_v2__orthogonal_all__m3,3,False,validation,49627.02035950225,0.0,0.0,True
house_16H,regression,tabicl_v2,2,HybridSpectral-t0.05,representation,hybrid_spectral__pivot_tie_v2__orthogonal_all__m3,3,False,test,32009.261675545065,0.0,0.0,True
house_16H,regression,tabicl_v2,2,HybridSpectral-t0.05,representation,hybrid_spectral__pivot_tie_v2__orthogonal_all__m4,4,False,validation,49627.02035950225,0.0,0.0,True
house_16H,regression,tabicl_v2,2,HybridSpectral-t0.05,representation,hybrid_spectral__pivot_tie_v2__orthogonal_all__m4,4,False,test,32009.261675545065,0.0,0.0,True
house_16H,regression,tabicl_v2,2,HybridSpectral-t0.05,representation,hybrid_spectral__pivot_tie_v2__orthogonal_all__m5,5,False,validation,49627.02035950225,0.0,0.0,True
house_16H,regression,tabicl_v2,2,HybridSpectral-t0.05,representation,hybrid_spectral__pivot_tie_v2__orthogonal_all__m5,5,False,test,32009.261675545065,0.0,0.0,True
house_16H,regression,tabicl_v2,2,HybridSpectral-t0.05,representation,hybrid_spectral__pivot_tie_v2__orthogonal_all__m6,6,False,validation,49627.02035950225,0.0,0.0,True
house_16H,regression,tabicl_v2,2,HybridSpectral-t0.05,representation,hybrid_spectral__pivot_tie_v2__orthogonal_all__m6,6,False,test,32009.261675545065,0.0,0.0,True
house_16H,regression,tabicl_v2,2,HybridSpectral-t0.05,representation,hybrid_spectral__pivot_tie_v2__orthogonal_all__m7,7,False,validation,49627.02035950225,0.0,0.0,True
house_16H,regression,tabicl_v2,2,HybridSpectral-t0.05,representation,hybrid_spectral__pivot_tie_v2__orthogonal_all__m7,7,False,test,32009.261675545065,0.0,0.0,True
house_16H,regression,tabicl_v2,2,HybridSpectral-t0.10,representation,hybrid_spectral__pivot_tie_v2__rbf_reference,-1,True,validation,49627.02035950225,0.0,0.3080940148793161,False
house_16H,regression,tabicl_v2,2,HybridSpectral-t0.10,representation,hybrid_spectral__pivot_tie_v2__rbf_reference,-1,True,test,32009.261675545065,0.0,0.3080940148793161,False
house_16H,regression,tabicl_v2,2,HybridSpectral-t0.10,representation,hybrid_spectral__pivot_tie_v2__orthogonal_all__m0,0,False,validation,49627.02035950225,0.0,0.0,True
house_16H,regression,tabicl_v2,2,HybridSpectral-t0.10,representation,hybrid_spectral__pivot_tie_v2__orthogonal_all__m0,0,False,test,32009.261675545065,0.0,0.0,True
house_16H,regression,tabicl_v2,2,HybridSpectral-t0.10,representation,hybrid_spectral__pivot_tie_v2__orthogonal_all__m1,1,False,validation,49627.02035950225,0.0,0.0,True
house_16H,regression,tabicl_v2,2,HybridSpectral-t0.10,representation,hybrid_spectral__pivot_tie_v2__orthogonal_all__m1,1,False,test,32009.261675545065,0.0,0.0,True
house_16H,regression,tabicl_v2,2,HybridSpectral-t0.10,representation,hybrid_spectral__pivot_tie_v2__orthogonal_all__m2,2,False,validation,49627.02035950225,0.0,0.0,True
house_16H,regression,tabicl_v2,2,HybridSpectral-t0.10,representation,hybrid_spectral__pivot_tie_v2__orthogonal_all__m2,2,False,test,32009.261675545065,0.0,0.0,True
house_16H,regression,tabicl_v2,2,HybridSpectral-t0.10,representation,hybrid_spectral__pivot_tie_v2__orthogonal_all__m3,3,False,validation,49627.02035950225,0.0,0.0,True
house_16H,regression,tabicl_v2,2,HybridSpectral-t0.10,representation,hybrid_spectral__pivot_tie_v2__orthogonal_all__m3,3,False,test,32009.261675545065,0.0,0.0,True
house_16H,regression,tabicl_v2,2,HybridSpectral-t0.10,representation,hybrid_spectral__pivot_tie_v2__orthogonal_all__m4,4,False,validation,49627.02035950225,0.0,0.0,True
house_16H,regression,tabicl_v2,2,HybridSpectral-t0.10,representation,hybrid_spectral__pivot_tie_v2__orthogonal_all__m4,4,False,test,32009.261675545065,0.0,0.0,True
house_16H,regression,tabicl_v2,2,HybridSpectral-t0.10,representation,hybrid_spectral__pivot_tie_v2__orthogonal_all__m5,5,False,validation,49627.02035950225,0.0,0.0,True
house_16H,regression,tabicl_v2,2,HybridSpectral-t0.10,representation,hybrid_spectral__pivot_tie_v2__orthogonal_all__m5,5,False,test,32009.261675545065,0.0,0.0,True
house_16H,regression,tabicl_v2,2,HybridSpectral-t0.10,representation,hybrid_spectral__pivot_tie_v2__orthogonal_all__m6,6,False,validation,49627.02035950225,0.0,0.0,True
house_16H,regression,tabicl_v2,2,HybridSpectral-t0.10,representation,hybrid_spectral__pivot_tie_v2__orthogonal_all__m6,6,False,test,32009.261675545065,0.0,0.0,True
house_16H,regression,tabicl_v2,2,HybridSpectral-t0.10,representation,hybrid_spectral__pivot_tie_v2__orthogonal_all__m7,7,False,validation,49627.02035950225,0.0,0.0,True
house_16H,regression,tabicl_v2,2,HybridSpectral-t0.10,representation,hybrid_spectral__pivot_tie_v2__orthogonal_all__m7,7,False,test,32009.261675545065,0.0,0.0,True
house_16H,regression,tabicl_v2,2,Raw+PCA@0.25,hybrid_prediction_mixture,rbf_reference,-1,True,validation,42105.949332342316,0.0,0.0,False
house_16H,regression,tabicl_v2,2,Raw+PCA@0.25,hybrid_prediction_mixture,rbf_reference,-1,True,test,30271.03015289675,0.0,0.0,False
house_16H,regression,tabicl_v2,2,Raw+PCA@0.25,hybrid_prediction_mixture,orthogonal_all__m0,0,False,validation,45603.46731059748,0.1748672403551232,0.0,True
house_16H,regression,tabicl_v2,2,Raw+PCA@0.25,hybrid_prediction_mixture,orthogonal_all__m0,0,False,test,32474.415178843097,0.26173094817225095,0.0,True
house_16H,regression,tabicl_v2,2,Raw+PCA@0.25,hybrid_prediction_mixture,orthogonal_all__m1,1,False,validation,45122.55160729537,0.18978879886755434,0.0,True
house_16H,regression,tabicl_v2,2,Raw+PCA@0.25,hybrid_prediction_mixture,orthogonal_all__m1,1,False,test,32214.180105362528,0.2774229655938676,0.0,True
house_16H,regression,tabicl_v2,2,Raw+PCA@0.25,hybrid_prediction_mixture,orthogonal_all__m2,2,False,validation,47450.54970193101,0.20154522154881424,0.0,True
house_16H,regression,tabicl_v2,2,Raw+PCA@0.25,hybrid_prediction_mixture,orthogonal_all__m2,2,False,test,29841.532145420097,0.23075117578442844,0.0,True
house_16H,regression,tabicl_v2,2,Raw+PCA@0.25,hybrid_prediction_mixture,orthogonal_all__m3,3,False,validation,47662.12697506519,0.21326079303744114,0.0,True
house_16H,regression,tabicl_v2,2,Raw+PCA@0.25,hybrid_prediction_mixture,orthogonal_all__m3,3,False,test,30608.99091783993,0.21981623923104246,0.0,True
house_16H,regression,tabicl_v2,2,Raw+PCA@0.25,hybrid_prediction_mixture,orthogonal_all__m4,4,False,validation,47855.31864722435,0.2363995001708094,0.0,True
house_16H,regression,tabicl_v2,2,Raw+PCA@0.25,hybrid_prediction_mixture,orthogonal_all__m4,4,False,test,31730.25310457458,0.2528886746318395,0.0,True
house_16H,regression,tabicl_v2,2,Raw+PCA@0.25,hybrid_prediction_mixture,orthogonal_all__m5,5,False,validation,44759.17699208723,0.1924931721168649,0.0,True
house_16H,regression,tabicl_v2,2,Raw+PCA@0.25,hybrid_prediction_mixture,orthogonal_all__m5,5,False,test,30216.11007544701,0.21676613601078645,0.0,True
house_16H,regression,tabicl_v2,2,Raw+PCA@0.25,hybrid_prediction_mixture,orthogonal_all__m6,6,False,validation,47869.2352207386,0.20685693203504485,0.0,True
house_16H,regression,tabicl_v2,2,Raw+PCA@0.25,hybrid_prediction_mixture,orthogonal_all__m6,6,False,test,31940.203014607683,0.25862269525910797,0.0,True
house_16H,regression,tabicl_v2,2,Raw+PCA@0.25,hybrid_prediction_mixture,orthogonal_all__m7,7,False,validation,47660.202852954615,0.22132633657379036,0.0,True
house_16H,regression,tabicl_v2,2,Raw+PCA@0.25,hybrid_prediction_mixture,orthogonal_all__m7,7,False,test,31406.836082503578,0.24842291977851774,0.0,True
house_16H,regression,tabicl_v2,2,Raw+PCA@0.5,hybrid_prediction_mixture,rbf_reference,-1,True,validation,44062.80299858136,0.0,0.0,False
house_16H,regression,tabicl_v2,2,Raw+PCA@0.5,hybrid_prediction_mixture,rbf_reference,-1,True,test,30097.125648777605,0.0,0.0,False
house_16H,regression,tabicl_v2,2,Raw+PCA@0.5,hybrid_prediction_mixture,orthogonal_all__m0,0,False,validation,46658.115704548385,0.11657816023674877,0.0,True
house_16H,regression,tabicl_v2,2,Raw+PCA@0.5,hybrid_prediction_mixture,orthogonal_all__m0,0,False,test,32020.01806630635,0.17448729878150068,0.0,True
house_16H,regression,tabicl_v2,2,Raw+PCA@0.5,hybrid_prediction_mixture,orthogonal_all__m1,1,False,validation,46165.471586858424,0.12652586591170287,0.0,True
house_16H,regression,tabicl_v2,2,Raw+PCA@0.5,hybrid_prediction_mixture,orthogonal_all__m1,1,False,test,31781.510142358147,0.18494864372924508,0.0,True
house_16H,regression,tabicl_v2,2,Raw+PCA@0.5,hybrid_prediction_mixture,orthogonal_all__m2,2,False,validation,47975.96808324226,0.13436348103254284,0.0,True
house_16H,regression,tabicl_v2,2,Raw+PCA@0.5,hybrid_prediction_mixture,orthogonal_all__m2,2,False,test,30147.96794903341,0.15383411718961892,0.0,True
house_16H,regression,tabicl_v2,2,Raw+PCA@0.5,hybrid_prediction_mixture,orthogonal_all__m3,3,False,validation,48137.13299314193,0.14217386202496077,0.0,True
house_16H,regression,tabicl_v2,2,Raw+PCA@0.5,hybrid_prediction_mixture,orthogonal_all__m3,3,False,test,30784.998955531657,0.14654415948736163,0.0,True
house_16H,regression,tabicl_v2,2,Raw+PCA@0.5,hybrid_prediction_mixture,orthogonal_all__m4,4,False,validation,48265.13157691919,0.1575996667805396,0.0,True
house_16H,regression,tabicl_v2,2,Raw+PCA@0.5,hybrid_prediction_mixture,orthogonal_all__m4,4,False,test,31470.02929284399,0.16859244975455967,0.0,True
house_16H,regression,tabicl_v2,2,Raw+PCA@0.5,hybrid_prediction_mixture,orthogonal_all__m5,5,False,validation,45966.19861833773,0.12832878141124324,0.0,True
house_16H,regression,tabicl_v2,2,Raw+PCA@0.5,hybrid_prediction_mixture,orthogonal_all__m5,5,False,test,30449.76778657072,0.14451075734052432,0.0,True
house_16H,regression,tabicl_v2,2,Raw+PCA@0.5,hybrid_prediction_mixture,orthogonal_all__m6,6,False,validation,48266.49264229816,0.13790462135669657,0.0,True
house_16H,regression,tabicl_v2,2,Raw+PCA@0.5,hybrid_prediction_mixture,orthogonal_all__m6,6,False,test,31748.944190405793,0.17241513017273863,0.0,True
house_16H,regression,tabicl_v2,2,Raw+PCA@0.5,hybrid_prediction_mixture,orthogonal_all__m7,7,False,validation,48133.310538158104,0.14755089104919358,0.0,True
house_16H,regression,tabicl_v2,2,Raw+PCA@0.5,hybrid_prediction_mixture,orthogonal_all__m7,7,False,test,31367.40079944506,0.16561527985234517,0.0,True
house_16H,regression,tabicl_v2,2,Raw+PCA@0.75,hybrid_prediction_mixture,rbf_reference,-1,True,validation,46596.690486557,0.0,0.0,False
house_16H,regression,tabicl_v2,2,Raw+PCA@0.75,hybrid_prediction_mixture,rbf_reference,-1,True,test,30690.950609311978,0.0,0.0,False
house_16H,regression,tabicl_v2,2,Raw+PCA@0.75,hybrid_prediction_mixture,orthogonal_all__m0,0,False,validation,48004.641755948,0.05828908011837439,0.0,True
house_16H,regression,tabicl_v2,2,Raw+PCA@0.75,hybrid_prediction_mixture,orthogonal_all__m0,0,False,test,31863.692646250875,0.08724364939075034,0.0,True
house_16H,regression,tabicl_v2,2,Raw+PCA@0.75,hybrid_prediction_mixture,orthogonal_all__m1,1,False,validation,47678.721580877296,0.06326293295585143,0.0,True
house_16H,regression,tabicl_v2,2,Raw+PCA@0.75,hybrid_prediction_mixture,orthogonal_all__m1,1,False,test,31712.602428677324,0.09247432186462254,0.0,True
house_16H,regression,tabicl_v2,2,Raw+PCA@0.75,hybrid_prediction_mixture,orthogonal_all__m2,2,False,validation,48701.81280458937,0.06718174051627142,0.0,True
house_16H,regression,tabicl_v2,2,Raw+PCA@0.75,hybrid_prediction_mixture,orthogonal_all__m2,2,False,test,30880.471558651447,0.07691705859480946,0.0,True
house_16H,regression,tabicl_v2,2,Raw+PCA@0.75,hybrid_prediction_mixture,orthogonal_all__m3,3,False,validation,48791.89211475423,0.07108693101248038,0.0,True
house_16H,regression,tabicl_v2,2,Raw+PCA@0.75,hybrid_prediction_mixture,orthogonal_all__m3,3,False,test,31256.28392574414,0.07327207974368082,0.0,True
house_16H,regression,tabicl_v2,2,Raw+PCA@0.75,hybrid_prediction_mixture,orthogonal_all__m4,4,False,validation,48855.26615554345,0.0787998333902698,0.0,True
house_16H,regression,tabicl_v2,2,Raw+PCA@0.75,hybrid_prediction_mixture,orthogonal_all__m4,4,False,test,31564.25703476089,0.08429622487727984,0.0,True
house_16H,regression,tabicl_v2,2,Raw+PCA@0.75,hybrid_prediction_mixture,orthogonal_all__m5,5,False,validation,47600.29467364955,0.06416439070562162,0.0,True
house_16H,regression,tabicl_v2,2,Raw+PCA@0.75,hybrid_prediction_mixture,orthogonal_all__m5,5,False,test,31054.68007750767,0.07225537867026216,0.0,True
house_16H,regression,tabicl_v2,2,Raw+PCA@0.75,hybrid_prediction_mixture,orthogonal_all__m6,6,False,validation,48852.06612195314,0.06895231067834828,0.0,True
house_16H,regression,tabicl_v2,2,Raw+PCA@0.75,hybrid_prediction_mixture,orthogonal_all__m6,6,False,test,31772.301881117026,0.08620756508636931,0.0,True
house_16H,regression,tabicl_v2,2,Raw+PCA@0.75,hybrid_prediction_mixture,orthogonal_all__m7,7,False,validation,48788.74751383384,0.07377544552459679,0.0,True
house_16H,regression,tabicl_v2,2,Raw+PCA@0.75,hybrid_prediction_mixture,orthogonal_all__m7,7,False,test,31569.921568365127,0.08280763992617259,0.0,True
house_16H,regression,tabicl_v2,2,Raw+PCA@1,hybrid_prediction_mixture,rbf_reference,-1,True,validation,49619.288969133566,0.0,0.0,False
house_16H,regression,tabicl_v2,2,Raw+PCA@1,hybrid_prediction_mixture,rbf_reference,-1,True,test,32009.806270459467,0.0,0.0,False
house_16H,regression,tabicl_v2,2,Raw+PCA@1,hybrid_prediction_mixture,orthogonal_all__m0,0,False,validation,49619.288969133566,0.0,0.0,True
house_16H,regression,tabicl_v2,2,Raw+PCA@1,hybrid_prediction_mixture,orthogonal_all__m0,0,False,test,32009.806270459467,0.0,0.0,True
house_16H,regression,tabicl_v2,2,Raw+PCA@1,hybrid_prediction_mixture,orthogonal_all__m1,1,False,validation,49619.288969133566,0.0,0.0,True
house_16H,regression,tabicl_v2,2,Raw+PCA@1,hybrid_prediction_mixture,orthogonal_all__m1,1,False,test,32009.806270459467,0.0,0.0,True
house_16H,regression,tabicl_v2,2,Raw+PCA@1,hybrid_prediction_mixture,orthogonal_all__m2,2,False,validation,49619.288969133566,0.0,0.0,True
house_16H,regression,tabicl_v2,2,Raw+PCA@1,hybrid_prediction_mixture,orthogonal_all__m2,2,False,test,32009.806270459467,0.0,0.0,True
house_16H,regression,tabicl_v2,2,Raw+PCA@1,hybrid_prediction_mixture,orthogonal_all__m3,3,False,validation,49619.288969133566,0.0,0.0,True
house_16H,regression,tabicl_v2,2,Raw+PCA@1,hybrid_prediction_mixture,orthogonal_all__m3,3,False,test,32009.806270459467,0.0,0.0,True
house_16H,regression,tabicl_v2,2,Raw+PCA@1,hybrid_prediction_mixture,orthogonal_all__m4,4,False,validation,49619.288969133566,0.0,0.0,True
house_16H,regression,tabicl_v2,2,Raw+PCA@1,hybrid_prediction_mixture,orthogonal_all__m4,4,False,test,32009.806270459467,0.0,0.0,True
house_16H,regression,tabicl_v2,2,Raw+PCA@1,hybrid_prediction_mixture,orthogonal_all__m5,5,False,validation,49619.288969133566,0.0,0.0,True
house_16H,regression,tabicl_v2,2,Raw+PCA@1,hybrid_prediction_mixture,orthogonal_all__m5,5,False,test,32009.806270459467,0.0,0.0,True
house_16H,regression,tabicl_v2,2,Raw+PCA@1,hybrid_prediction_mixture,orthogonal_all__m6,6,False,validation,49619.288969133566,0.0,0.0,True
house_16H,regression,tabicl_v2,2,Raw+PCA@1,hybrid_prediction_mixture,orthogonal_all__m6,6,False,test,32009.806270459467,0.0,0.0,True
house_16H,regression,tabicl_v2,2,Raw+PCA@1,hybrid_prediction_mixture,orthogonal_all__m7,7,False,validation,49619.288969133566,0.0,0.0,True
house_16H,regression,tabicl_v2,2,Raw+PCA@1,hybrid_prediction_mixture,orthogonal_all__m7,7,False,test,32009.806270459467,0.0,0.0,True
house_16H,regression,tabicl_v2,2,Raw+GramAnchor@0.25,hybrid_prediction_mixture,rbf_reference,-1,True,validation,41045.01120517921,0.0,0.0,False
house_16H,regression,tabicl_v2,2,Raw+GramAnchor@0.25,hybrid_prediction_mixture,rbf_reference,-1,True,test,30491.75772844605,0.0,0.0,False
house_16H,regression,tabicl_v2,2,Raw+GramAnchor@0.25,hybrid_prediction_mixture,orthogonal_all__m0,0,False,validation,43985.1246834543,0.1748672403551232,0.0,True
house_16H,regression,tabicl_v2,2,Raw+GramAnchor@0.25,hybrid_prediction_mixture,orthogonal_all__m0,0,False,test,32032.743699850158,0.26173094817225095,0.0,True
house_16H,regression,tabicl_v2,2,Raw+GramAnchor@0.25,hybrid_prediction_mixture,orthogonal_all__m1,1,False,validation,43669.25691749198,0.18978879886755434,0.0,True
house_16H,regression,tabicl_v2,2,Raw+GramAnchor@0.25,hybrid_prediction_mixture,orthogonal_all__m1,1,False,test,31770.211478968424,0.2774229655938676,0.0,True
house_16H,regression,tabicl_v2,2,Raw+GramAnchor@0.25,hybrid_prediction_mixture,orthogonal_all__m2,2,False,validation,45654.515052717055,0.20154522154881424,0.0,True
house_16H,regression,tabicl_v2,2,Raw+GramAnchor@0.25,hybrid_prediction_mixture,orthogonal_all__m2,2,False,test,29361.748730697658,0.23075117578442844,0.0,True
house_16H,regression,tabicl_v2,2,Raw+GramAnchor@0.25,hybrid_prediction_mixture,orthogonal_all__m3,3,False,validation,45907.638902141065,0.21326079303744114,0.0,True
house_16H,regression,tabicl_v2,2,Raw+GramAnchor@0.25,hybrid_prediction_mixture,orthogonal_all__m3,3,False,test,30228.131176546958,0.21981623923104246,0.0,True
house_16H,regression,tabicl_v2,2,Raw+GramAnchor@0.25,hybrid_prediction_mixture,orthogonal_all__m4,4,False,validation,45946.97823766648,0.2363995001708094,0.0,True
house_16H,regression,tabicl_v2,2,Raw+GramAnchor@0.25,hybrid_prediction_mixture,orthogonal_all__m4,4,False,test,31268.020236253644,0.2528886746318395,0.0,True
house_16H,regression,tabicl_v2,2,Raw+GramAnchor@0.25,hybrid_prediction_mixture,orthogonal_all__m5,5,False,validation,43243.57170086057,0.1924931721168649,0.0,True
house_16H,regression,tabicl_v2,2,Raw+GramAnchor@0.25,hybrid_prediction_mixture,orthogonal_all__m5,5,False,test,29959.114698041685,0.21676613601078645,0.0,True
house_16H,regression,tabicl_v2,2,Raw+GramAnchor@0.25,hybrid_prediction_mixture,orthogonal_all__m6,6,False,validation,46055.49914018861,0.20685693203504485,0.0,True
house_16H,regression,tabicl_v2,2,Raw+GramAnchor@0.25,hybrid_prediction_mixture,orthogonal_all__m6,6,False,test,31347.71047930569,0.25862269525910797,0.0,True
house_16H,regression,tabicl_v2,2,Raw+GramAnchor@0.25,hybrid_prediction_mixture,orthogonal_all__m7,7,False,validation,45850.633902863556,0.22132633657379036,0.0,True
house_16H,regression,tabicl_v2,2,Raw+GramAnchor@0.25,hybrid_prediction_mixture,orthogonal_all__m7,7,False,test,30924.249178344733,0.24842291977851774,0.0,True
house_16H,regression,tabicl_v2,2,Raw+GramAnchor@0.5,hybrid_prediction_mixture,rbf_reference,-1,True,validation,41477.07528203404,0.0,0.0,False
house_16H,regression,tabicl_v2,2,Raw+GramAnchor@0.5,hybrid_prediction_mixture,rbf_reference,-1,True,test,30180.67369357337,0.0,0.0,False
house_16H,regression,tabicl_v2,2,Raw+GramAnchor@0.5,hybrid_prediction_mixture,orthogonal_all__m0,0,False,validation,43360.20729092275,0.11657816023674877,0.0,True
house_16H,regression,tabicl_v2,2,Raw+GramAnchor@0.5,hybrid_prediction_mixture,orthogonal_all__m0,0,False,test,31216.13347430935,0.17448729878150068,0.0,True
house_16H,regression,tabicl_v2,2,Raw+GramAnchor@0.5,hybrid_prediction_mixture,orthogonal_all__m1,1,False,validation,43077.11395532356,0.12652586591170287,0.0,True
house_16H,regression,tabicl_v2,2,Raw+GramAnchor@0.5,hybrid_prediction_mixture,orthogonal_all__m1,1,False,test,30973.24165816512,0.18494864372924508,0.0,True
house_16H,regression,tabicl_v2,2,Raw+GramAnchor@0.5,hybrid_prediction_mixture,orthogonal_all__m2,2,False,validation,44442.93887020884,0.13436348103254284,0.0,True
house_16H,regression,tabicl_v2,2,Raw+GramAnchor@0.5,hybrid_prediction_mixture,orthogonal_all__m2,2,False,test,29294.715625575725,0.15383411718961892,0.0,True
house_16H,regression,tabicl_v2,2,Raw+GramAnchor@0.5,hybrid_prediction_mixture,orthogonal_all__m3,3,False,validation,44662.460599792335,0.14217386202496077,0.0,True
house_16H,regression,tabicl_v2,2,Raw+GramAnchor@0.5,hybrid_prediction_mixture,orthogonal_all__m3,3,False,test,30066.188236273112,0.14654415948736163,0.0,True
house_16H,regression,tabicl_v2,2,Raw+GramAnchor@0.5,hybrid_prediction_mixture,orthogonal_all__m4,4,False,validation,44579.01419109666,0.1575996667805396,0.0,True
house_16H,regression,tabicl_v2,2,Raw+GramAnchor@0.5,hybrid_prediction_mixture,orthogonal_all__m4,4,False,test,30638.042399187652,0.16859244975455967,0.0,True
house_16H,regression,tabicl_v2,2,Raw+GramAnchor@0.5,hybrid_prediction_mixture,orthogonal_all__m5,5,False,validation,42795.98156748086,0.12832878141124324,0.0,True
house_16H,regression,tabicl_v2,2,Raw+GramAnchor@0.5,hybrid_prediction_mixture,orthogonal_all__m5,5,False,test,29895.184906559018,0.14451075734052432,0.0,True
house_16H,regression,tabicl_v2,2,Raw+GramAnchor@0.5,hybrid_prediction_mixture,orthogonal_all__m6,6,False,validation,44709.685053159956,0.13790462135669657,0.0,True
house_16H,regression,tabicl_v2,2,Raw+GramAnchor@0.5,hybrid_prediction_mixture,orthogonal_all__m6,6,False,test,30743.32497613562,0.17241513017273863,0.0,True
house_16H,regression,tabicl_v2,2,Raw+GramAnchor@0.5,hybrid_prediction_mixture,orthogonal_all__m7,7,False,validation,44582.93065843319,0.14755089104919358,0.0,True
house_16H,regression,tabicl_v2,2,Raw+GramAnchor@0.5,hybrid_prediction_mixture,orthogonal_all__m7,7,False,test,30511.642708381445,0.16561527985234517,0.0,True
house_16H,regression,tabicl_v2,2,Raw+GramAnchor@0.75,hybrid_prediction_mixture,rbf_reference,-1,True,validation,42099.37214392455,0.0,0.0,False
house_16H,regression,tabicl_v2,2,Raw+GramAnchor@0.75,hybrid_prediction_mixture,rbf_reference,-1,True,test,30278.815326630058,0.0,0.0,False
house_16H,regression,tabicl_v2,2,Raw+GramAnchor@0.75,hybrid_prediction_mixture,orthogonal_all__m0,0,False,validation,42997.490481937944,0.05828908011837439,0.0,True
house_16H,regression,tabicl_v2,2,Raw+GramAnchor@0.75,hybrid_prediction_mixture,orthogonal_all__m0,0,False,test,30793.897483355886,0.08724364939075034,0.0,True
house_16H,regression,tabicl_v2,2,Raw+GramAnchor@0.75,hybrid_prediction_mixture,orthogonal_all__m1,1,False,validation,42819.89517405258,0.06326293295585143,0.0,True
house_16H,regression,tabicl_v2,2,Raw+GramAnchor@0.75,hybrid_prediction_mixture,orthogonal_all__m1,1,False,test,30638.901347555988,0.09247432186462254,0.0,True
house_16H,regression,tabicl_v2,2,Raw+GramAnchor@0.75,hybrid_prediction_mixture,orthogonal_all__m2,2,False,validation,43519.768417280866,0.06718174051627142,0.0,True
house_16H,regression,tabicl_v2,2,Raw+GramAnchor@0.75,hybrid_prediction_mixture,orthogonal_all__m2,2,False,test,29776.819119097338,0.07691705859480946,0.0,True
house_16H,regression,tabicl_v2,2,Raw+GramAnchor@0.75,hybrid_prediction_mixture,orthogonal_all__m3,3,False,validation,43655.529923219394,0.07108693101248038,0.0,True
house_16H,regression,tabicl_v2,2,Raw+GramAnchor@0.75,hybrid_prediction_mixture,orthogonal_all__m3,3,False,test,30253.017365101445,0.07327207974368082,0.0,True
house_16H,regression,tabicl_v2,2,Raw+GramAnchor@0.75,hybrid_prediction_mixture,orthogonal_all__m4,4,False,validation,43556.330337063046,0.0787998333902698,0.0,True
house_16H,regression,tabicl_v2,2,Raw+GramAnchor@0.75,hybrid_prediction_mixture,orthogonal_all__m4,4,False,test,30473.63836169107,0.08429622487727984,0.0,True
house_16H,regression,tabicl_v2,2,Raw+GramAnchor@0.75,hybrid_prediction_mixture,orthogonal_all__m5,5,False,validation,42681.77850574995,0.06416439070562162,0.0,True
house_16H,regression,tabicl_v2,2,Raw+GramAnchor@0.75,hybrid_prediction_mixture,orthogonal_all__m5,5,False,test,30172.646313234007,0.07225537867026216,0.0,True
house_16H,regression,tabicl_v2,2,Raw+GramAnchor@0.75,hybrid_prediction_mixture,orthogonal_all__m6,6,False,validation,43651.95619642198,0.06895231067834828,0.0,True
house_16H,regression,tabicl_v2,2,Raw+GramAnchor@0.75,hybrid_prediction_mixture,orthogonal_all__m6,6,False,test,30552.27873552357,0.08620756508636931,0.0,True
house_16H,regression,tabicl_v2,2,Raw+GramAnchor@0.75,hybrid_prediction_mixture,orthogonal_all__m7,7,False,validation,43594.16442868719,0.07377544552459679,0.0,True
house_16H,regression,tabicl_v2,2,Raw+GramAnchor@0.75,hybrid_prediction_mixture,orthogonal_all__m7,7,False,test,30463.74841991883,0.08280763992617259,0.0,True
house_16H,regression,tabicl_v2,2,Raw+GramAnchor@1,hybrid_prediction_mixture,rbf_reference,-1,True,validation,42903.624878519055,0.0,0.0,False
house_16H,regression,tabicl_v2,2,Raw+GramAnchor@1,hybrid_prediction_mixture,rbf_reference,-1,True,test,30782.26873264699,0.0,0.0,False
house_16H,regression,tabicl_v2,2,Raw+GramAnchor@1,hybrid_prediction_mixture,orthogonal_all__m0,0,False,validation,42903.624878519055,0.0,0.0,True
house_16H,regression,tabicl_v2,2,Raw+GramAnchor@1,hybrid_prediction_mixture,orthogonal_all__m0,0,False,test,30782.26873264699,0.0,0.0,True
house_16H,regression,tabicl_v2,2,Raw+GramAnchor@1,hybrid_prediction_mixture,orthogonal_all__m1,1,False,validation,42903.624878519055,0.0,0.0,True
house_16H,regression,tabicl_v2,2,Raw+GramAnchor@1,hybrid_prediction_mixture,orthogonal_all__m1,1,False,test,30782.26873264699,0.0,0.0,True
house_16H,regression,tabicl_v2,2,Raw+GramAnchor@1,hybrid_prediction_mixture,orthogonal_all__m2,2,False,validation,42903.624878519055,0.0,0.0,True
house_16H,regression,tabicl_v2,2,Raw+GramAnchor@1,hybrid_prediction_mixture,orthogonal_all__m2,2,False,test,30782.26873264699,0.0,0.0,True
house_16H,regression,tabicl_v2,2,Raw+GramAnchor@1,hybrid_prediction_mixture,orthogonal_all__m3,3,False,validation,42903.624878519055,0.0,0.0,True
house_16H,regression,tabicl_v2,2,Raw+GramAnchor@1,hybrid_prediction_mixture,orthogonal_all__m3,3,False,test,30782.26873264699,0.0,0.0,True
house_16H,regression,tabicl_v2,2,Raw+GramAnchor@1,hybrid_prediction_mixture,orthogonal_all__m4,4,False,validation,42903.624878519055,0.0,0.0,True
house_16H,regression,tabicl_v2,2,Raw+GramAnchor@1,hybrid_prediction_mixture,orthogonal_all__m4,4,False,test,30782.26873264699,0.0,0.0,True
house_16H,regression,tabicl_v2,2,Raw+GramAnchor@1,hybrid_prediction_mixture,orthogonal_all__m5,5,False,validation,42903.624878519055,0.0,0.0,True
house_16H,regression,tabicl_v2,2,Raw+GramAnchor@1,hybrid_prediction_mixture,orthogonal_all__m5,5,False,test,30782.26873264699,0.0,0.0,True
house_16H,regression,tabicl_v2,2,Raw+GramAnchor@1,hybrid_prediction_mixture,orthogonal_all__m6,6,False,validation,42903.624878519055,0.0,0.0,True
house_16H,regression,tabicl_v2,2,Raw+GramAnchor@1,hybrid_prediction_mixture,orthogonal_all__m6,6,False,test,30782.26873264699,0.0,0.0,True
house_16H,regression,tabicl_v2,2,Raw+GramAnchor@1,hybrid_prediction_mixture,orthogonal_all__m7,7,False,validation,42903.624878519055,0.0,0.0,True
house_16H,regression,tabicl_v2,2,Raw+GramAnchor@1,hybrid_prediction_mixture,orthogonal_all__m7,7,False,test,30782.26873264699,0.0,0.0,True
house_16H,regression,tabicl_v2,2,Raw+GramAnchor-m8@0.25,hybrid_prediction_mixture,rbf_reference,-1,True,validation,41249.937969056606,0.0,0.0,False
house_16H,regression,tabicl_v2,2,Raw+GramAnchor-m8@0.25,hybrid_prediction_mixture,rbf_reference,-1,True,test,30669.06426087733,0.0,0.0,False
house_16H,regression,tabicl_v2,2,Raw+GramAnchor-m8@0.25,hybrid_prediction_mixture,orthogonal_all__m0,0,False,validation,44315.54180217319,0.1748672403551232,0.0,True
house_16H,regression,tabicl_v2,2,Raw+GramAnchor-m8@0.25,hybrid_prediction_mixture,orthogonal_all__m0,0,False,test,32338.853347447053,0.26173094817225095,0.0,True
house_16H,regression,tabicl_v2,2,Raw+GramAnchor-m8@0.25,hybrid_prediction_mixture,orthogonal_all__m1,1,False,validation,43928.102130240724,0.18978879886755434,0.0,True
house_16H,regression,tabicl_v2,2,Raw+GramAnchor-m8@0.25,hybrid_prediction_mixture,orthogonal_all__m1,1,False,test,32043.455943028388,0.2774229655938676,0.0,True
house_16H,regression,tabicl_v2,2,Raw+GramAnchor-m8@0.25,hybrid_prediction_mixture,orthogonal_all__m2,2,False,validation,46157.481501511174,0.20154522154881424,0.0,True
house_16H,regression,tabicl_v2,2,Raw+GramAnchor-m8@0.25,hybrid_prediction_mixture,orthogonal_all__m2,2,False,test,29602.20195698059,0.23075117578442844,0.0,True
house_16H,regression,tabicl_v2,2,Raw+GramAnchor-m8@0.25,hybrid_prediction_mixture,orthogonal_all__m3,3,False,validation,46303.77900544693,0.21326079303744114,0.0,True
house_16H,regression,tabicl_v2,2,Raw+GramAnchor-m8@0.25,hybrid_prediction_mixture,orthogonal_all__m3,3,False,test,30535.271941736755,0.21981623923104246,0.0,True
house_16H,regression,tabicl_v2,2,Raw+GramAnchor-m8@0.25,hybrid_prediction_mixture,orthogonal_all__m4,4,False,validation,46441.8703810367,0.2363995001708094,0.0,True
house_16H,regression,tabicl_v2,2,Raw+GramAnchor-m8@0.25,hybrid_prediction_mixture,orthogonal_all__m4,4,False,test,31547.03507788322,0.2528886746318395,0.0,True
house_16H,regression,tabicl_v2,2,Raw+GramAnchor-m8@0.25,hybrid_prediction_mixture,orthogonal_all__m5,5,False,validation,43546.053343090905,0.1924931721168649,0.0,True
house_16H,regression,tabicl_v2,2,Raw+GramAnchor-m8@0.25,hybrid_prediction_mixture,orthogonal_all__m5,5,False,test,30160.737631823322,0.21676613601078645,0.0,True
house_16H,regression,tabicl_v2,2,Raw+GramAnchor-m8@0.25,hybrid_prediction_mixture,orthogonal_all__m6,6,False,validation,46498.20356078179,0.20685693203504485,0.0,True
house_16H,regression,tabicl_v2,2,Raw+GramAnchor-m8@0.25,hybrid_prediction_mixture,orthogonal_all__m6,6,False,test,31651.14461884888,0.25862269525910797,0.0,True
house_16H,regression,tabicl_v2,2,Raw+GramAnchor-m8@0.25,hybrid_prediction_mixture,orthogonal_all__m7,7,False,validation,46258.32736746221,0.22132633657379036,0.0,True
house_16H,regression,tabicl_v2,2,Raw+GramAnchor-m8@0.25,hybrid_prediction_mixture,orthogonal_all__m7,7,False,test,31331.624252943842,0.24842291977851774,0.0,True
house_16H,regression,tabicl_v2,2,Raw+GramAnchor-m8@0.5,hybrid_prediction_mixture,rbf_reference,-1,True,validation,41988.42645461665,0.0,0.0,False
house_16H,regression,tabicl_v2,2,Raw+GramAnchor-m8@0.5,hybrid_prediction_mixture,rbf_reference,-1,True,test,30625.870554146277,0.0,0.0,False
house_16H,regression,tabicl_v2,2,Raw+GramAnchor-m8@0.5,hybrid_prediction_mixture,orthogonal_all__m0,0,False,validation,44036.385456493816,0.11657816023674877,0.0,True
house_16H,regression,tabicl_v2,2,Raw+GramAnchor-m8@0.5,hybrid_prediction_mixture,orthogonal_all__m0,0,False,test,31832.875194998764,0.17448729878150068,0.0,True
house_16H,regression,tabicl_v2,2,Raw+GramAnchor-m8@0.5,hybrid_prediction_mixture,orthogonal_all__m1,1,False,validation,43658.49540999752,0.12652586591170287,0.0,True
house_16H,regression,tabicl_v2,2,Raw+GramAnchor-m8@0.5,hybrid_prediction_mixture,orthogonal_all__m1,1,False,test,31546.831941294335,0.18494864372924508,0.0,True
house_16H,regression,tabicl_v2,2,Raw+GramAnchor-m8@0.5,hybrid_prediction_mixture,orthogonal_all__m2,2,False,validation,45353.50283346903,0.13436348103254284,0.0,True
house_16H,regression,tabicl_v2,2,Raw+GramAnchor-m8@0.5,hybrid_prediction_mixture,orthogonal_all__m2,2,False,test,29827.778854578006,0.15383411718961892,0.0,True
house_16H,regression,tabicl_v2,2,Raw+GramAnchor-m8@0.5,hybrid_prediction_mixture,orthogonal_all__m3,3,False,validation,45427.24409803127,0.14217386202496077,0.0,True
house_16H,regression,tabicl_v2,2,Raw+GramAnchor-m8@0.5,hybrid_prediction_mixture,orthogonal_all__m3,3,False,test,30683.40752713095,0.14654415948736163,0.0,True
house_16H,regression,tabicl_v2,2,Raw+GramAnchor-m8@0.5,hybrid_prediction_mixture,orthogonal_all__m4,4,False,validation,45480.17288187031,0.1575996667805396,0.0,True
house_16H,regression,tabicl_v2,2,Raw+GramAnchor-m8@0.5,hybrid_prediction_mixture,orthogonal_all__m4,4,False,test,31219.70559192164,0.16859244975455967,0.0,True
house_16H,regression,tabicl_v2,2,Raw+GramAnchor-m8@0.5,hybrid_prediction_mixture,orthogonal_all__m5,5,False,validation,43436.083249984134,0.12832878141124324,0.0,True
house_16H,regression,tabicl_v2,2,Raw+GramAnchor-m8@0.5,hybrid_prediction_mixture,orthogonal_all__m5,5,False,test,30372.620348744735,0.14451075734052432,0.0,True
house_16H,regression,tabicl_v2,2,Raw+GramAnchor-m8@0.5,hybrid_prediction_mixture,orthogonal_all__m6,6,False,validation,45538.79789823539,0.13790462135669657,0.0,True
house_16H,regression,tabicl_v2,2,Raw+GramAnchor-m8@0.5,hybrid_prediction_mixture,orthogonal_all__m6,6,False,test,31356.84880029844,0.17241513017273863,0.0,True
house_16H,regression,tabicl_v2,2,Raw+GramAnchor-m8@0.5,hybrid_prediction_mixture,orthogonal_all__m7,7,False,validation,45364.10034570762,0.14755089104919358,0.0,True
house_16H,regression,tabicl_v2,2,Raw+GramAnchor-m8@0.5,hybrid_prediction_mixture,orthogonal_all__m7,7,False,test,31263.19871328384,0.16561527985234517,0.0,True
house_16H,regression,tabicl_v2,2,Raw+GramAnchor-m8@0.75,hybrid_prediction_mixture,rbf_reference,-1,True,validation,43009.352106363505,0.0,0.0,False
house_16H,regression,tabicl_v2,2,Raw+GramAnchor-m8@0.75,hybrid_prediction_mixture,rbf_reference,-1,True,test,31072.281306424262,0.0,0.0,False
house_16H,regression,tabicl_v2,2,Raw+GramAnchor-m8@0.75,hybrid_prediction_mixture,orthogonal_all__m0,0,False,validation,44028.88864852549,0.05828908011837439,0.0,True
house_16H,regression,tabicl_v2,2,Raw+GramAnchor-m8@0.75,hybrid_prediction_mixture,orthogonal_all__m0,0,False,test,31714.423908320507,0.08724364939075034,0.0,True
house_16H,regression,tabicl_v2,2,Raw+GramAnchor-m8@0.75,hybrid_prediction_mixture,orthogonal_all__m1,1,False,validation,43781.27882822251,0.06326293295585143,0.0,True
house_16H,regression,tabicl_v2,2,Raw+GramAnchor-m8@0.75,hybrid_prediction_mixture,orthogonal_all__m1,1,False,test,31528.000283454618,0.09247432186462254,0.0,True
house_16H,regression,tabicl_v2,2,Raw+GramAnchor-m8@0.75,hybrid_prediction_mixture,orthogonal_all__m2,2,False,validation,44729.53602527205,0.06718174051627142,0.0,True
house_16H,regression,tabicl_v2,2,Raw+GramAnchor-m8@0.75,hybrid_prediction_mixture,orthogonal_all__m2,2,False,test,30637.767930489033,0.07691705859480946,0.0,True
house_16H,regression,tabicl_v2,2,Raw+GramAnchor-m8@0.75,hybrid_prediction_mixture,orthogonal_all__m3,3,False,validation,44753.95769730059,0.07108693101248038,0.0,True
house_16H,regression,tabicl_v2,2,Raw+GramAnchor-m8@0.75,hybrid_prediction_mixture,orthogonal_all__m3,3,False,test,31172.80501585055,0.07327207974368082,0.0,True
house_16H,regression,tabicl_v2,2,Raw+GramAnchor-m8@0.75,hybrid_prediction_mixture,orthogonal_all__m4,4,False,validation,44760.018139256266,0.0787998333902698,0.0,True
house_16H,regression,tabicl_v2,2,Raw+GramAnchor-m8@0.75,hybrid_prediction_mixture,orthogonal_all__m4,4,False,test,31368.850193199276,0.08429622487727984,0.0,True
house_16H,regression,tabicl_v2,2,Raw+GramAnchor-m8@0.75,hybrid_prediction_mixture,orthogonal_all__m5,5,False,validation,43687.17524405214,0.06416439070562162,0.0,True
house_16H,regression,tabicl_v2,2,Raw+GramAnchor-m8@0.75,hybrid_prediction_mixture,orthogonal_all__m5,5,False,test,30989.448547571825,0.07225537867026216,0.0,True
house_16H,regression,tabicl_v2,2,Raw+GramAnchor-m8@0.75,hybrid_prediction_mixture,orthogonal_all__m6,6,False,validation,44800.11170947126,0.06895231067834828,0.0,True
house_16H,regression,tabicl_v2,2,Raw+GramAnchor-m8@0.75,hybrid_prediction_mixture,orthogonal_all__m6,6,False,test,31470.518490419923,0.08620756508636931,0.0,True
house_16H,regression,tabicl_v2,2,Raw+GramAnchor-m8@0.75,hybrid_prediction_mixture,orthogonal_all__m7,7,False,validation,44705.549877560756,0.07377544552459679,0.0,True
house_16H,regression,tabicl_v2,2,Raw+GramAnchor-m8@0.75,hybrid_prediction_mixture,orthogonal_all__m7,7,False,test,31483.92055651952,0.08280763992617259,0.0,True
house_16H,regression,tabicl_v2,2,Raw+GramAnchor-m8@1,hybrid_prediction_mixture,rbf_reference,-1,True,validation,44293.189317029624,0.0,0.0,False
house_16H,regression,tabicl_v2,2,Raw+GramAnchor-m8@1,hybrid_prediction_mixture,rbf_reference,-1,True,test,31987.804829286735,0.0,0.0,False
house_16H,regression,tabicl_v2,2,Raw+GramAnchor-m8@1,hybrid_prediction_mixture,orthogonal_all__m0,0,False,validation,44293.189317029624,0.0,0.0,True
house_16H,regression,tabicl_v2,2,Raw+GramAnchor-m8@1,hybrid_prediction_mixture,orthogonal_all__m0,0,False,test,31987.804829286735,0.0,0.0,True
house_16H,regression,tabicl_v2,2,Raw+GramAnchor-m8@1,hybrid_prediction_mixture,orthogonal_all__m1,1,False,validation,44293.189317029624,0.0,0.0,True
house_16H,regression,tabicl_v2,2,Raw+GramAnchor-m8@1,hybrid_prediction_mixture,orthogonal_all__m1,1,False,test,31987.804829286735,0.0,0.0,True
house_16H,regression,tabicl_v2,2,Raw+GramAnchor-m8@1,hybrid_prediction_mixture,orthogonal_all__m2,2,False,validation,44293.189317029624,0.0,0.0,True
house_16H,regression,tabicl_v2,2,Raw+GramAnchor-m8@1,hybrid_prediction_mixture,orthogonal_all__m2,2,False,test,31987.804829286735,0.0,0.0,True
house_16H,regression,tabicl_v2,2,Raw+GramAnchor-m8@1,hybrid_prediction_mixture,orthogonal_all__m3,3,False,validation,44293.189317029624,0.0,0.0,True
house_16H,regression,tabicl_v2,2,Raw+GramAnchor-m8@1,hybrid_prediction_mixture,orthogonal_all__m3,3,False,test,31987.804829286735,0.0,0.0,True
house_16H,regression,tabicl_v2,2,Raw+GramAnchor-m8@1,hybrid_prediction_mixture,orthogonal_all__m4,4,False,validation,44293.189317029624,0.0,0.0,True
house_16H,regression,tabicl_v2,2,Raw+GramAnchor-m8@1,hybrid_prediction_mixture,orthogonal_all__m4,4,False,test,31987.804829286735,0.0,0.0,True
house_16H,regression,tabicl_v2,2,Raw+GramAnchor-m8@1,hybrid_prediction_mixture,orthogonal_all__m5,5,False,validation,44293.189317029624,0.0,0.0,True
house_16H,regression,tabicl_v2,2,Raw+GramAnchor-m8@1,hybrid_prediction_mixture,orthogonal_all__m5,5,False,test,31987.804829286735,0.0,0.0,True
house_16H,regression,tabicl_v2,2,Raw+GramAnchor-m8@1,hybrid_prediction_mixture,orthogonal_all__m6,6,False,validation,44293.189317029624,0.0,0.0,True
house_16H,regression,tabicl_v2,2,Raw+GramAnchor-m8@1,hybrid_prediction_mixture,orthogonal_all__m6,6,False,test,31987.804829286735,0.0,0.0,True
house_16H,regression,tabicl_v2,2,Raw+GramAnchor-m8@1,hybrid_prediction_mixture,orthogonal_all__m7,7,False,validation,44293.189317029624,0.0,0.0,True
house_16H,regression,tabicl_v2,2,Raw+GramAnchor-m8@1,hybrid_prediction_mixture,orthogonal_all__m7,7,False,test,31987.804829286735,0.0,0.0,True
house_16H,regression,tabicl_v2,2,Raw+GramDistance@0.25,hybrid_prediction_mixture,rbf_reference,-1,True,validation,41801.2478195704,0.0,0.0,False
house_16H,regression,tabicl_v2,2,Raw+GramDistance@0.25,hybrid_prediction_mixture,rbf_reference,-1,True,test,30382.525697984936,0.0,0.0,False
house_16H,regression,tabicl_v2,2,Raw+GramDistance@0.25,hybrid_prediction_mixture,orthogonal_all__m0,0,False,validation,45325.28389405794,0.1748672403551232,0.0,True
house_16H,regression,tabicl_v2,2,Raw+GramDistance@0.25,hybrid_prediction_mixture,orthogonal_all__m0,0,False,test,32700.52087282506,0.26173094817225095,0.0,True
house_16H,regression,tabicl_v2,2,Raw+GramDistance@0.25,hybrid_prediction_mixture,orthogonal_all__m1,1,False,validation,44774.12110432579,0.18978879886755434,0.0,True
house_16H,regression,tabicl_v2,2,Raw+GramDistance@0.25,hybrid_prediction_mixture,orthogonal_all__m1,1,False,test,32457.261960494285,0.2774229655938676,0.0,True
house_16H,regression,tabicl_v2,2,Raw+GramDistance@0.25,hybrid_prediction_mixture,orthogonal_all__m2,2,False,validation,47019.56721997549,0.20154522154881424,0.0,True
house_16H,regression,tabicl_v2,2,Raw+GramDistance@0.25,hybrid_prediction_mixture,orthogonal_all__m2,2,False,test,29990.571166298083,0.23075117578442844,0.0,True
house_16H,regression,tabicl_v2,2,Raw+GramDistance@0.25,hybrid_prediction_mixture,orthogonal_all__m3,3,False,validation,47290.291010049164,0.21326079303744114,0.0,True
house_16H,regression,tabicl_v2,2,Raw+GramDistance@0.25,hybrid_prediction_mixture,orthogonal_all__m3,3,False,test,30788.96365325257,0.21981623923104246,0.0,True
house_16H,regression,tabicl_v2,2,Raw+GramDistance@0.25,hybrid_prediction_mixture,orthogonal_all__m4,4,False,validation,47508.498771801475,0.2363995001708094,0.0,True
house_16H,regression,tabicl_v2,2,Raw+GramDistance@0.25,hybrid_prediction_mixture,orthogonal_all__m4,4,False,test,31857.541194296722,0.2528886746318395,0.0,True
house_16H,regression,tabicl_v2,2,Raw+GramDistance@0.25,hybrid_prediction_mixture,orthogonal_all__m5,5,False,validation,44375.37005472978,0.1924931721168649,0.0,True
house_16H,regression,tabicl_v2,2,Raw+GramDistance@0.25,hybrid_prediction_mixture,orthogonal_all__m5,5,False,test,30367.294115689892,0.21676613601078645,0.0,True
house_16H,regression,tabicl_v2,2,Raw+GramDistance@0.25,hybrid_prediction_mixture,orthogonal_all__m6,6,False,validation,47540.3739637902,0.20685693203504485,0.0,True
house_16H,regression,tabicl_v2,2,Raw+GramDistance@0.25,hybrid_prediction_mixture,orthogonal_all__m6,6,False,test,32158.338156982787,0.25862269525910797,0.0,True
house_16H,regression,tabicl_v2,2,Raw+GramDistance@0.25,hybrid_prediction_mixture,orthogonal_all__m7,7,False,validation,47293.82395495696,0.22132633657379036,0.0,True
house_16H,regression,tabicl_v2,2,Raw+GramDistance@0.25,hybrid_prediction_mixture,orthogonal_all__m7,7,False,test,31662.3483572589,0.24842291977851774,0.0,True
house_16H,regression,tabicl_v2,2,Raw+GramDistance@0.5,hybrid_prediction_mixture,rbf_reference,-1,True,validation,43406.80841239698,0.0,0.0,False
house_16H,regression,tabicl_v2,2,Raw+GramDistance@0.5,hybrid_prediction_mixture,rbf_reference,-1,True,test,30387.565904955336,0.0,0.0,False
house_16H,regression,tabicl_v2,2,Raw+GramDistance@0.5,hybrid_prediction_mixture,orthogonal_all__m0,0,False,validation,46043.050961771005,0.11657816023674877,0.0,True
house_16H,regression,tabicl_v2,2,Raw+GramDistance@0.5,hybrid_prediction_mixture,orthogonal_all__m0,0,False,test,32457.36449728625,0.17448729878150068,0.0,True
house_16H,regression,tabicl_v2,2,Raw+GramDistance@0.5,hybrid_prediction_mixture,orthogonal_all__m1,1,False,validation,45455.43294976992,0.12652586591170287,0.0,True
house_16H,regression,tabicl_v2,2,Raw+GramDistance@0.5,hybrid_prediction_mixture,orthogonal_all__m1,1,False,test,32242.446867841096,0.18494864372924508,0.0,True
house_16H,regression,tabicl_v2,2,Raw+GramDistance@0.5,hybrid_prediction_mixture,orthogonal_all__m2,2,False,validation,47160.53612828247,0.13436348103254284,0.0,True
house_16H,regression,tabicl_v2,2,Raw+GramDistance@0.5,hybrid_prediction_mixture,orthogonal_all__m2,2,False,test,30485.080228372928,0.15383411718961892,0.0,True
house_16H,regression,tabicl_v2,2,Raw+GramDistance@0.5,hybrid_prediction_mixture,orthogonal_all__m3,3,False,validation,47400.60353871982,0.14217386202496077,0.0,True
house_16H,regression,tabicl_v2,2,Raw+GramDistance@0.5,hybrid_prediction_mixture,orthogonal_all__m3,3,False,test,31160.87010045573,0.14654415948736163,0.0,True
house_16H,regression,tabicl_v2,2,Raw+GramDistance@0.5,hybrid_prediction_mixture,orthogonal_all__m4,4,False,validation,47561.89067694954,0.1575996667805396,0.0,True
house_16H,regression,tabicl_v2,2,Raw+GramDistance@0.5,hybrid_prediction_mixture,orthogonal_all__m4,4,False,test,31775.857026919744,0.16859244975455967,0.0,True
house_16H,regression,tabicl_v2,2,Raw+GramDistance@0.5,hybrid_prediction_mixture,orthogonal_all__m5,5,False,validation,45210.47165276751,0.12832878141124324,0.0,True
house_16H,regression,tabicl_v2,2,Raw+GramDistance@0.5,hybrid_prediction_mixture,orthogonal_all__m5,5,False,test,30788.81405576784,0.14451075734052432,0.0,True
house_16H,regression,tabicl_v2,2,Raw+GramDistance@0.5,hybrid_prediction_mixture,orthogonal_all__m6,6,False,validation,47587.059392781506,0.13790462135669657,0.0,True
house_16H,regression,tabicl_v2,2,Raw+GramDistance@0.5,hybrid_prediction_mixture,orthogonal_all__m6,6,False,test,32174.34854082301,0.17241513017273863,0.0,True
house_16H,regression,tabicl_v2,2,Raw+GramDistance@0.5,hybrid_prediction_mixture,orthogonal_all__m7,7,False,validation,47404.00112604347,0.14755089104919358,0.0,True
house_16H,regression,tabicl_v2,2,Raw+GramDistance@0.5,hybrid_prediction_mixture,orthogonal_all__m7,7,False,test,31842.594454160062,0.16561527985234517,0.0,True
house_16H,regression,tabicl_v2,2,Raw+GramDistance@0.75,hybrid_prediction_mixture,rbf_reference,-1,True,validation,45561.08799611952,0.0,0.0,False
house_16H,regression,tabicl_v2,2,Raw+GramDistance@0.75,hybrid_prediction_mixture,rbf_reference,-1,True,test,31214.55130894767,0.0,0.0,False
house_16H,regression,tabicl_v2,2,Raw+GramDistance@0.75,hybrid_prediction_mixture,orthogonal_all__m0,0,False,validation,47002.96357082089,0.05828908011837439,0.0,True
house_16H,regression,tabicl_v2,2,Raw+GramDistance@0.75,hybrid_prediction_mixture,orthogonal_all__m0,0,False,test,32491.267996886534,0.08724364939075034,0.0,True
house_16H,regression,tabicl_v2,2,Raw+GramDistance@0.75,hybrid_prediction_mixture,orthogonal_all__m1,1,False,validation,46605.42429474714,0.06326293295585143,0.0,True
house_16H,regression,tabicl_v2,2,Raw+GramDistance@0.75,hybrid_prediction_mixture,orthogonal_all__m1,1,False,test,32358.318401229288,0.09247432186462254,0.0,True
house_16H,regression,tabicl_v2,2,Raw+GramDistance@0.75,hybrid_prediction_mixture,orthogonal_all__m2,2,False,validation,47552.91189807862,0.06718174051627142,0.0,True
house_16H,regression,tabicl_v2,2,Raw+GramDistance@0.75,hybrid_prediction_mixture,orthogonal_all__m2,2,False,test,31435.203269963094,0.07691705859480946,0.0,True
house_16H,regression,tabicl_v2,2,Raw+GramDistance@0.75,hybrid_prediction_mixture,orthogonal_all__m3,3,False,validation,47701.88504829247,0.07108693101248038,0.0,True
house_16H,regression,tabicl_v2,2,Raw+GramDistance@0.75,hybrid_prediction_mixture,orthogonal_all__m3,3,False,test,31837.971127636276,0.07327207974368082,0.0,True
house_16H,regression,tabicl_v2,2,Raw+GramDistance@0.75,hybrid_prediction_mixture,orthogonal_all__m4,4,False,validation,47790.069981604625,0.0787998333902698,0.0,True
house_16H,regression,tabicl_v2,2,Raw+GramDistance@0.75,hybrid_prediction_mixture,orthogonal_all__m4,4,False,test,32094.352367152824,0.08429622487727984,0.0,True
house_16H,regression,tabicl_v2,2,Raw+GramDistance@0.75,hybrid_prediction_mixture,orthogonal_all__m5,5,False,validation,46494.14393768618,0.06416439070562162,0.0,True
house_16H,regression,tabicl_v2,2,Raw+GramDistance@0.75,hybrid_prediction_mixture,orthogonal_all__m5,5,False,test,31610.181293029687,0.07225537867026216,0.0,True
house_16H,regression,tabicl_v2,2,Raw+GramDistance@0.75,hybrid_prediction_mixture,orthogonal_all__m6,6,False,validation,47804.55695200089,0.06895231067834828,0.0,True
house_16H,regression,tabicl_v2,2,Raw+GramDistance@0.75,hybrid_prediction_mixture,orthogonal_all__m6,6,False,test,32390.005774527155,0.08620756508636931,0.0,True
house_16H,regression,tabicl_v2,2,Raw+GramDistance@0.75,hybrid_prediction_mixture,orthogonal_all__m7,7,False,validation,47704.09371596005,0.07377544552459679,0.0,True
house_16H,regression,tabicl_v2,2,Raw+GramDistance@0.75,hybrid_prediction_mixture,orthogonal_all__m7,7,False,test,32224.618872229676,0.08280763992617259,0.0,True
house_16H,regression,tabicl_v2,2,Raw+GramDistance@1,hybrid_prediction_mixture,rbf_reference,-1,True,validation,48190.55392700904,0.0,0.0,False
house_16H,regression,tabicl_v2,2,Raw+GramDistance@1,hybrid_prediction_mixture,rbf_reference,-1,True,test,32801.3722755845,0.0,0.0,False
house_16H,regression,tabicl_v2,2,Raw+GramDistance@1,hybrid_prediction_mixture,orthogonal_all__m0,0,False,validation,48190.55392700904,0.0,0.0,True
house_16H,regression,tabicl_v2,2,Raw+GramDistance@1,hybrid_prediction_mixture,orthogonal_all__m0,0,False,test,32801.3722755845,0.0,0.0,True
house_16H,regression,tabicl_v2,2,Raw+GramDistance@1,hybrid_prediction_mixture,orthogonal_all__m1,1,False,validation,48190.55392700904,0.0,0.0,True
house_16H,regression,tabicl_v2,2,Raw+GramDistance@1,hybrid_prediction_mixture,orthogonal_all__m1,1,False,test,32801.3722755845,0.0,0.0,True
house_16H,regression,tabicl_v2,2,Raw+GramDistance@1,hybrid_prediction_mixture,orthogonal_all__m2,2,False,validation,48190.55392700904,0.0,0.0,True
house_16H,regression,tabicl_v2,2,Raw+GramDistance@1,hybrid_prediction_mixture,orthogonal_all__m2,2,False,test,32801.3722755845,0.0,0.0,True
house_16H,regression,tabicl_v2,2,Raw+GramDistance@1,hybrid_prediction_mixture,orthogonal_all__m3,3,False,validation,48190.55392700904,0.0,0.0,True
house_16H,regression,tabicl_v2,2,Raw+GramDistance@1,hybrid_prediction_mixture,orthogonal_all__m3,3,False,test,32801.3722755845,0.0,0.0,True
house_16H,regression,tabicl_v2,2,Raw+GramDistance@1,hybrid_prediction_mixture,orthogonal_all__m4,4,False,validation,48190.55392700904,0.0,0.0,True
house_16H,regression,tabicl_v2,2,Raw+GramDistance@1,hybrid_prediction_mixture,orthogonal_all__m4,4,False,test,32801.3722755845,0.0,0.0,True
house_16H,regression,tabicl_v2,2,Raw+GramDistance@1,hybrid_prediction_mixture,orthogonal_all__m5,5,False,validation,48190.55392700904,0.0,0.0,True
house_16H,regression,tabicl_v2,2,Raw+GramDistance@1,hybrid_prediction_mixture,orthogonal_all__m5,5,False,test,32801.3722755845,0.0,0.0,True
house_16H,regression,tabicl_v2,2,Raw+GramDistance@1,hybrid_prediction_mixture,orthogonal_all__m6,6,False,validation,48190.55392700904,0.0,0.0,True
house_16H,regression,tabicl_v2,2,Raw+GramDistance@1,hybrid_prediction_mixture,orthogonal_all__m6,6,False,test,32801.3722755845,0.0,0.0,True
house_16H,regression,tabicl_v2,2,Raw+GramDistance@1,hybrid_prediction_mixture,orthogonal_all__m7,7,False,validation,48190.55392700904,0.0,0.0,True
house_16H,regression,tabicl_v2,2,Raw+GramDistance@1,hybrid_prediction_mixture,orthogonal_all__m7,7,False,test,32801.3722755845,0.0,0.0,True
house_16H,regression,tabicl_v2,2,Raw+NystromGram@0.25,hybrid_prediction_mixture,rbf_reference,-1,True,validation,40906.443024362634,0.0,0.0,False
house_16H,regression,tabicl_v2,2,Raw+NystromGram@0.25,hybrid_prediction_mixture,rbf_reference,-1,True,test,30540.090537397442,0.0,0.0,False
house_16H,regression,tabicl_v2,2,Raw+NystromGram@0.25,hybrid_prediction_mixture,orthogonal_all__m0,0,False,validation,44061.80345384699,0.1748672403551232,0.0,True
house_16H,regression,tabicl_v2,2,Raw+NystromGram@0.25,hybrid_prediction_mixture,orthogonal_all__m0,0,False,test,32671.728165221095,0.26173094817225095,0.0,True
house_16H,regression,tabicl_v2,2,Raw+NystromGram@0.25,hybrid_prediction_mixture,orthogonal_all__m1,1,False,validation,43683.40536498272,0.18978879886755434,0.0,True
house_16H,regression,tabicl_v2,2,Raw+NystromGram@0.25,hybrid_prediction_mixture,orthogonal_all__m1,1,False,test,32403.041249045837,0.2774229655938676,0.0,True
house_16H,regression,tabicl_v2,2,Raw+NystromGram@0.25,hybrid_prediction_mixture,orthogonal_all__m2,2,False,validation,45687.19334198719,0.20154522154881424,0.0,True
house_16H,regression,tabicl_v2,2,Raw+NystromGram@0.25,hybrid_prediction_mixture,orthogonal_all__m2,2,False,test,29828.436333317797,0.23075117578442844,0.0,True
house_16H,regression,tabicl_v2,2,Raw+NystromGram@0.25,hybrid_prediction_mixture,orthogonal_all__m3,3,False,validation,45931.821897093396,0.21326079303744114,0.0,True
house_16H,regression,tabicl_v2,2,Raw+NystromGram@0.25,hybrid_prediction_mixture,orthogonal_all__m3,3,False,test,30709.66636648566,0.21981623923104246,0.0,True
house_16H,regression,tabicl_v2,2,Raw+NystromGram@0.25,hybrid_prediction_mixture,orthogonal_all__m4,4,False,validation,45977.45444823344,0.2363995001708094,0.0,True
house_16H,regression,tabicl_v2,2,Raw+NystromGram@0.25,hybrid_prediction_mixture,orthogonal_all__m4,4,False,test,31712.88515626531,0.2528886746318395,0.0,True
house_16H,regression,tabicl_v2,2,Raw+NystromGram@0.25,hybrid_prediction_mixture,orthogonal_all__m5,5,False,validation,43328.40952638244,0.1924931721168649,0.0,True
house_16H,regression,tabicl_v2,2,Raw+NystromGram@0.25,hybrid_prediction_mixture,orthogonal_all__m5,5,False,test,30269.669355234255,0.21676613601078645,0.0,True
house_16H,regression,tabicl_v2,2,Raw+NystromGram@0.25,hybrid_prediction_mixture,orthogonal_all__m6,6,False,validation,46135.935503013214,0.20685693203504485,0.0,True
house_16H,regression,tabicl_v2,2,Raw+NystromGram@0.25,hybrid_prediction_mixture,orthogonal_all__m6,6,False,test,32057.99447582075,0.25862269525910797,0.0,True
house_16H,regression,tabicl_v2,2,Raw+NystromGram@0.25,hybrid_prediction_mixture,orthogonal_all__m7,7,False,validation,45909.8576183534,0.22132633657379036,0.0,True
house_16H,regression,tabicl_v2,2,Raw+NystromGram@0.25,hybrid_prediction_mixture,orthogonal_all__m7,7,False,test,31587.365500392723,0.24842291977851774,0.0,True
house_16H,regression,tabicl_v2,2,Raw+NystromGram@0.5,hybrid_prediction_mixture,rbf_reference,-1,True,validation,41287.02889166554,0.0,0.0,False
house_16H,regression,tabicl_v2,2,Raw+NystromGram@0.5,hybrid_prediction_mixture,rbf_reference,-1,True,test,30526.920154728297,0.0,0.0,False
house_16H,regression,tabicl_v2,2,Raw+NystromGram@0.5,hybrid_prediction_mixture,orthogonal_all__m0,0,False,validation,43457.12234544766,0.11657816023674877,0.0,True
house_16H,regression,tabicl_v2,2,Raw+NystromGram@0.5,hybrid_prediction_mixture,orthogonal_all__m0,0,False,test,32352.133276708955,0.17448729878150068,0.0,True
house_16H,regression,tabicl_v2,2,Raw+NystromGram@0.5,hybrid_prediction_mixture,orthogonal_all__m1,1,False,validation,43089.41577828703,0.12652586591170287,0.0,True
house_16H,regression,tabicl_v2,2,Raw+NystromGram@0.5,hybrid_prediction_mixture,orthogonal_all__m1,1,False,test,32102.585988661005,0.18494864372924508,0.0,True
house_16H,regression,tabicl_v2,2,Raw+NystromGram@0.5,hybrid_prediction_mixture,orthogonal_all__m2,2,False,validation,44481.083647251384,0.13436348103254284,0.0,True
house_16H,regression,tabicl_v2,2,Raw+NystromGram@0.5,hybrid_prediction_mixture,orthogonal_all__m2,2,False,test,30200.9624513944,0.15383411718961892,0.0,True
house_16H,regression,tabicl_v2,2,Raw+NystromGram@0.5,hybrid_prediction_mixture,orthogonal_all__m3,3,False,validation,44689.0231537615,0.14217386202496077,0.0,True
house_16H,regression,tabicl_v2,2,Raw+NystromGram@0.5,hybrid_prediction_mixture,orthogonal_all__m3,3,False,test,30986.888661664776,0.14654415948736163,0.0,True
house_16H,regression,tabicl_v2,2,Raw+NystromGram@0.5,hybrid_prediction_mixture,orthogonal_all__m4,4,False,validation,44614.302453277945,0.1575996667805396,0.0,True
house_16H,regression,tabicl_v2,2,Raw+NystromGram@0.5,hybrid_prediction_mixture,orthogonal_all__m4,4,False,test,31514.02287807214,0.16859244975455967,0.0,True
house_16H,regression,tabicl_v2,2,Raw+NystromGram@0.5,hybrid_prediction_mixture,orthogonal_all__m5,5,False,validation,42903.390804173054,0.12832878141124324,0.0,True
house_16H,regression,tabicl_v2,2,Raw+NystromGram@0.5,hybrid_prediction_mixture,orthogonal_all__m5,5,False,test,30589.99599699279,0.14451075734052432,0.0,True
house_16H,regression,tabicl_v2,2,Raw+NystromGram@0.5,hybrid_prediction_mixture,orthogonal_all__m6,6,False,validation,44813.56336856046,0.13790462135669657,0.0,True
house_16H,regression,tabicl_v2,2,Raw+NystromGram@0.5,hybrid_prediction_mixture,orthogonal_all__m6,6,False,test,31973.219667878628,0.17241513017273863,0.0,True
house_16H,regression,tabicl_v2,2,Raw+NystromGram@0.5,hybrid_prediction_mixture,orthogonal_all__m7,7,False,validation,44657.538016990264,0.14755089104919358,0.0,True
house_16H,regression,tabicl_v2,2,Raw+NystromGram@0.5,hybrid_prediction_mixture,orthogonal_all__m7,7,False,test,31675.179117056534,0.16561527985234517,0.0,True
house_16H,regression,tabicl_v2,2,Raw+NystromGram@0.75,hybrid_prediction_mixture,rbf_reference,-1,True,validation,41943.26726597905,0.0,0.0,False
house_16H,regression,tabicl_v2,2,Raw+NystromGram@0.75,hybrid_prediction_mixture,rbf_reference,-1,True,test,31161.137723183852,0.0,0.0,False
house_16H,regression,tabicl_v2,2,Raw+NystromGram@0.75,hybrid_prediction_mixture,orthogonal_all__m0,0,False,validation,43055.45163961615,0.05828908011837439,0.0,True
house_16H,regression,tabicl_v2,2,Raw+NystromGram@0.75,hybrid_prediction_mixture,orthogonal_all__m0,0,False,test,32262.505800605828,0.08724364939075034,0.0,True
house_16H,regression,tabicl_v2,2,Raw+NystromGram@0.75,hybrid_prediction_mixture,orthogonal_all__m1,1,False,validation,42813.73290467546,0.06326293295585143,0.0,True
house_16H,regression,tabicl_v2,2,Raw+NystromGram@0.75,hybrid_prediction_mixture,orthogonal_all__m1,1,False,test,32103.162250954938,0.09247432186462254,0.0,True
house_16H,regression,tabicl_v2,2,Raw+NystromGram@0.75,hybrid_prediction_mixture,orthogonal_all__m2,2,False,validation,43533.79758100214,0.06718174051627142,0.0,True
house_16H,regression,tabicl_v2,2,Raw+NystromGram@0.75,hybrid_prediction_mixture,orthogonal_all__m2,2,False,test,31073.176348331202,0.07691705859480946,0.0,True
house_16H,regression,tabicl_v2,2,Raw+NystromGram@0.75,hybrid_prediction_mixture,orthogonal_all__m3,3,False,validation,43660.76779048435,0.07108693101248038,0.0,True
house_16H,regression,tabicl_v2,2,Raw+NystromGram@0.75,hybrid_prediction_mixture,orthogonal_all__m3,3,False,test,31557.071466857335,0.07327207974368082,0.0,True
house_16H,regression,tabicl_v2,2,Raw+NystromGram@0.75,hybrid_prediction_mixture,orthogonal_all__m4,4,False,validation,43568.24323700351,0.0787998333902698,0.0,True
house_16H,regression,tabicl_v2,2,Raw+NystromGram@0.75,hybrid_prediction_mixture,orthogonal_all__m4,4,False,test,31747.765848886378,0.08429622487727984,0.0,True
house_16H,regression,tabicl_v2,2,Raw+NystromGram@0.75,hybrid_prediction_mixture,orthogonal_all__m5,5,False,validation,42747.10742275899,0.06416439070562162,0.0,True
house_16H,regression,tabicl_v2,2,Raw+NystromGram@0.75,hybrid_prediction_mixture,orthogonal_all__m5,5,False,test,31310.587999671698,0.07225537867026216,0.0,True
house_16H,regression,tabicl_v2,2,Raw+NystromGram@0.75,hybrid_prediction_mixture,orthogonal_all__m6,6,False,validation,43716.64695995319,0.06895231067834828,0.0,True
house_16H,regression,tabicl_v2,2,Raw+NystromGram@0.75,hybrid_prediction_mixture,orthogonal_all__m6,6,False,test,32089.52787760189,0.08620756508636931,0.0,True
house_16H,regression,tabicl_v2,2,Raw+NystromGram@0.75,hybrid_prediction_mixture,orthogonal_all__m7,7,False,validation,43636.246028262285,0.07377544552459679,0.0,True
house_16H,regression,tabicl_v2,2,Raw+NystromGram@0.75,hybrid_prediction_mixture,orthogonal_all__m7,7,False,test,31949.216668958154,0.08280763992617259,0.0,True
house_16H,regression,tabicl_v2,2,Raw+NystromGram@1,hybrid_prediction_mixture,rbf_reference,-1,True,validation,42862.49903631143,0.0,0.0,False
house_16H,regression,tabicl_v2,2,Raw+NystromGram@1,hybrid_prediction_mixture,rbf_reference,-1,True,test,32404.75397596252,0.0,0.0,False
house_16H,regression,tabicl_v2,2,Raw+NystromGram@1,hybrid_prediction_mixture,orthogonal_all__m0,0,False,validation,42862.49903631143,0.0,0.0,True
house_16H,regression,tabicl_v2,2,Raw+NystromGram@1,hybrid_prediction_mixture,orthogonal_all__m0,0,False,test,32404.75397596252,0.0,0.0,True
house_16H,regression,tabicl_v2,2,Raw+NystromGram@1,hybrid_prediction_mixture,orthogonal_all__m1,1,False,validation,42862.49903631143,0.0,0.0,True
house_16H,regression,tabicl_v2,2,Raw+NystromGram@1,hybrid_prediction_mixture,orthogonal_all__m1,1,False,test,32404.75397596252,0.0,0.0,True
house_16H,regression,tabicl_v2,2,Raw+NystromGram@1,hybrid_prediction_mixture,orthogonal_all__m2,2,False,validation,42862.49903631143,0.0,0.0,True
house_16H,regression,tabicl_v2,2,Raw+NystromGram@1,hybrid_prediction_mixture,orthogonal_all__m2,2,False,test,32404.75397596252,0.0,0.0,True
house_16H,regression,tabicl_v2,2,Raw+NystromGram@1,hybrid_prediction_mixture,orthogonal_all__m3,3,False,validation,42862.49903631143,0.0,0.0,True
house_16H,regression,tabicl_v2,2,Raw+NystromGram@1,hybrid_prediction_mixture,orthogonal_all__m3,3,False,test,32404.75397596252,0.0,0.0,True
house_16H,regression,tabicl_v2,2,Raw+NystromGram@1,hybrid_prediction_mixture,orthogonal_all__m4,4,False,validation,42862.49903631143,0.0,0.0,True
house_16H,regression,tabicl_v2,2,Raw+NystromGram@1,hybrid_prediction_mixture,orthogonal_all__m4,4,False,test,32404.75397596252,0.0,0.0,True
house_16H,regression,tabicl_v2,2,Raw+NystromGram@1,hybrid_prediction_mixture,orthogonal_all__m5,5,False,validation,42862.49903631143,0.0,0.0,True
house_16H,regression,tabicl_v2,2,Raw+NystromGram@1,hybrid_prediction_mixture,orthogonal_all__m5,5,False,test,32404.75397596252,0.0,0.0,True
house_16H,regression,tabicl_v2,2,Raw+NystromGram@1,hybrid_prediction_mixture,orthogonal_all__m6,6,False,validation,42862.49903631143,0.0,0.0,True
house_16H,regression,tabicl_v2,2,Raw+NystromGram@1,hybrid_prediction_mixture,orthogonal_all__m6,6,False,test,32404.75397596252,0.0,0.0,True
house_16H,regression,tabicl_v2,2,Raw+NystromGram@1,hybrid_prediction_mixture,orthogonal_all__m7,7,False,validation,42862.49903631143,0.0,0.0,True
house_16H,regression,tabicl_v2,2,Raw+NystromGram@1,hybrid_prediction_mixture,orthogonal_all__m7,7,False,test,32404.75397596252,0.0,0.0,True
house_16H,regression,tabicl_v2,2,Raw+HybridSpectral-t0.01@0.25,hybrid_prediction_mixture,rbf_reference,-1,True,validation,42105.949332342316,0.0,0.0,False
house_16H,regression,tabicl_v2,2,Raw+HybridSpectral-t0.01@0.25,hybrid_prediction_mixture,rbf_reference,-1,True,test,30271.03015289675,0.0,0.0,False
house_16H,regression,tabicl_v2,2,Raw+HybridSpectral-t0.01@0.25,hybrid_prediction_mixture,orthogonal_all__m0,0,False,validation,45603.46731059748,0.1748672403551232,0.0,True
house_16H,regression,tabicl_v2,2,Raw+HybridSpectral-t0.01@0.25,hybrid_prediction_mixture,orthogonal_all__m0,0,False,test,32474.415178843097,0.26173094817225095,0.0,True
house_16H,regression,tabicl_v2,2,Raw+HybridSpectral-t0.01@0.25,hybrid_prediction_mixture,orthogonal_all__m1,1,False,validation,45122.55160729537,0.18978879886755434,0.0,True
house_16H,regression,tabicl_v2,2,Raw+HybridSpectral-t0.01@0.25,hybrid_prediction_mixture,orthogonal_all__m1,1,False,test,32214.180105362528,0.2774229655938676,0.0,True
house_16H,regression,tabicl_v2,2,Raw+HybridSpectral-t0.01@0.25,hybrid_prediction_mixture,orthogonal_all__m2,2,False,validation,47450.54970193101,0.20154522154881424,0.0,True
house_16H,regression,tabicl_v2,2,Raw+HybridSpectral-t0.01@0.25,hybrid_prediction_mixture,orthogonal_all__m2,2,False,test,29841.532145420097,0.23075117578442844,0.0,True
house_16H,regression,tabicl_v2,2,Raw+HybridSpectral-t0.01@0.25,hybrid_prediction_mixture,orthogonal_all__m3,3,False,validation,47662.12697506519,0.21326079303744114,0.0,True
house_16H,regression,tabicl_v2,2,Raw+HybridSpectral-t0.01@0.25,hybrid_prediction_mixture,orthogonal_all__m3,3,False,test,30608.99091783993,0.21981623923104246,0.0,True
house_16H,regression,tabicl_v2,2,Raw+HybridSpectral-t0.01@0.25,hybrid_prediction_mixture,orthogonal_all__m4,4,False,validation,47855.31864722435,0.2363995001708094,0.0,True
house_16H,regression,tabicl_v2,2,Raw+HybridSpectral-t0.01@0.25,hybrid_prediction_mixture,orthogonal_all__m4,4,False,test,31730.25310457458,0.2528886746318395,0.0,True
house_16H,regression,tabicl_v2,2,Raw+HybridSpectral-t0.01@0.25,hybrid_prediction_mixture,orthogonal_all__m5,5,False,validation,44759.17699208723,0.1924931721168649,0.0,True
house_16H,regression,tabicl_v2,2,Raw+HybridSpectral-t0.01@0.25,hybrid_prediction_mixture,orthogonal_all__m5,5,False,test,30216.11007544701,0.21676613601078645,0.0,True
house_16H,regression,tabicl_v2,2,Raw+HybridSpectral-t0.01@0.25,hybrid_prediction_mixture,orthogonal_all__m6,6,False,validation,47869.2352207386,0.20685693203504485,0.0,True
house_16H,regression,tabicl_v2,2,Raw+HybridSpectral-t0.01@0.25,hybrid_prediction_mixture,orthogonal_all__m6,6,False,test,31940.203014607683,0.25862269525910797,0.0,True
house_16H,regression,tabicl_v2,2,Raw+HybridSpectral-t0.01@0.25,hybrid_prediction_mixture,orthogonal_all__m7,7,False,validation,47660.202852954615,0.22132633657379036,0.0,True
house_16H,regression,tabicl_v2,2,Raw+HybridSpectral-t0.01@0.25,hybrid_prediction_mixture,orthogonal_all__m7,7,False,test,31406.836082503578,0.24842291977851774,0.0,True
house_16H,regression,tabicl_v2,2,Raw+HybridSpectral-t0.01@0.5,hybrid_prediction_mixture,rbf_reference,-1,True,validation,44062.80299858136,0.0,0.0,False
house_16H,regression,tabicl_v2,2,Raw+HybridSpectral-t0.01@0.5,hybrid_prediction_mixture,rbf_reference,-1,True,test,30097.125648777605,0.0,0.0,False
house_16H,regression,tabicl_v2,2,Raw+HybridSpectral-t0.01@0.5,hybrid_prediction_mixture,orthogonal_all__m0,0,False,validation,46658.115704548385,0.11657816023674877,0.0,True
house_16H,regression,tabicl_v2,2,Raw+HybridSpectral-t0.01@0.5,hybrid_prediction_mixture,orthogonal_all__m0,0,False,test,32020.01806630635,0.17448729878150068,0.0,True
house_16H,regression,tabicl_v2,2,Raw+HybridSpectral-t0.01@0.5,hybrid_prediction_mixture,orthogonal_all__m1,1,False,validation,46165.471586858424,0.12652586591170287,0.0,True
house_16H,regression,tabicl_v2,2,Raw+HybridSpectral-t0.01@0.5,hybrid_prediction_mixture,orthogonal_all__m1,1,False,test,31781.510142358147,0.18494864372924508,0.0,True
house_16H,regression,tabicl_v2,2,Raw+HybridSpectral-t0.01@0.5,hybrid_prediction_mixture,orthogonal_all__m2,2,False,validation,47975.96808324226,0.13436348103254284,0.0,True
house_16H,regression,tabicl_v2,2,Raw+HybridSpectral-t0.01@0.5,hybrid_prediction_mixture,orthogonal_all__m2,2,False,test,30147.96794903341,0.15383411718961892,0.0,True
house_16H,regression,tabicl_v2,2,Raw+HybridSpectral-t0.01@0.5,hybrid_prediction_mixture,orthogonal_all__m3,3,False,validation,48137.13299314193,0.14217386202496077,0.0,True
house_16H,regression,tabicl_v2,2,Raw+HybridSpectral-t0.01@0.5,hybrid_prediction_mixture,orthogonal_all__m3,3,False,test,30784.998955531657,0.14654415948736163,0.0,True
house_16H,regression,tabicl_v2,2,Raw+HybridSpectral-t0.01@0.5,hybrid_prediction_mixture,orthogonal_all__m4,4,False,validation,48265.13157691919,0.1575996667805396,0.0,True
house_16H,regression,tabicl_v2,2,Raw+HybridSpectral-t0.01@0.5,hybrid_prediction_mixture,orthogonal_all__m4,4,False,test,31470.02929284399,0.16859244975455967,0.0,True
house_16H,regression,tabicl_v2,2,Raw+HybridSpectral-t0.01@0.5,hybrid_prediction_mixture,orthogonal_all__m5,5,False,validation,45966.19861833773,0.12832878141124324,0.0,True
house_16H,regression,tabicl_v2,2,Raw+HybridSpectral-t0.01@0.5,hybrid_prediction_mixture,orthogonal_all__m5,5,False,test,30449.76778657072,0.14451075734052432,0.0,True
house_16H,regression,tabicl_v2,2,Raw+HybridSpectral-t0.01@0.5,hybrid_prediction_mixture,orthogonal_all__m6,6,False,validation,48266.49264229816,0.13790462135669657,0.0,True
house_16H,regression,tabicl_v2,2,Raw+HybridSpectral-t0.01@0.5,hybrid_prediction_mixture,orthogonal_all__m6,6,False,test,31748.944190405793,0.17241513017273863,0.0,True
house_16H,regression,tabicl_v2,2,Raw+HybridSpectral-t0.01@0.5,hybrid_prediction_mixture,orthogonal_all__m7,7,False,validation,48133.310538158104,0.14755089104919358,0.0,True
house_16H,regression,tabicl_v2,2,Raw+HybridSpectral-t0.01@0.5,hybrid_prediction_mixture,orthogonal_all__m7,7,False,test,31367.40079944506,0.16561527985234517,0.0,True
house_16H,regression,tabicl_v2,2,Raw+HybridSpectral-t0.01@0.75,hybrid_prediction_mixture,rbf_reference,-1,True,validation,46596.690486557,0.0,0.0,False
house_16H,regression,tabicl_v2,2,Raw+HybridSpectral-t0.01@0.75,hybrid_prediction_mixture,rbf_reference,-1,True,test,30690.950609311978,0.0,0.0,False
house_16H,regression,tabicl_v2,2,Raw+HybridSpectral-t0.01@0.75,hybrid_prediction_mixture,orthogonal_all__m0,0,False,validation,48004.641755948,0.05828908011837439,0.0,True
house_16H,regression,tabicl_v2,2,Raw+HybridSpectral-t0.01@0.75,hybrid_prediction_mixture,orthogonal_all__m0,0,False,test,31863.692646250875,0.08724364939075034,0.0,True
house_16H,regression,tabicl_v2,2,Raw+HybridSpectral-t0.01@0.75,hybrid_prediction_mixture,orthogonal_all__m1,1,False,validation,47678.721580877296,0.06326293295585143,0.0,True
house_16H,regression,tabicl_v2,2,Raw+HybridSpectral-t0.01@0.75,hybrid_prediction_mixture,orthogonal_all__m1,1,False,test,31712.602428677324,0.09247432186462254,0.0,True
house_16H,regression,tabicl_v2,2,Raw+HybridSpectral-t0.01@0.75,hybrid_prediction_mixture,orthogonal_all__m2,2,False,validation,48701.81280458937,0.06718174051627142,0.0,True
house_16H,regression,tabicl_v2,2,Raw+HybridSpectral-t0.01@0.75,hybrid_prediction_mixture,orthogonal_all__m2,2,False,test,30880.471558651447,0.07691705859480946,0.0,True
house_16H,regression,tabicl_v2,2,Raw+HybridSpectral-t0.01@0.75,hybrid_prediction_mixture,orthogonal_all__m3,3,False,validation,48791.89211475423,0.07108693101248038,0.0,True
house_16H,regression,tabicl_v2,2,Raw+HybridSpectral-t0.01@0.75,hybrid_prediction_mixture,orthogonal_all__m3,3,False,test,31256.28392574414,0.07327207974368082,0.0,True
house_16H,regression,tabicl_v2,2,Raw+HybridSpectral-t0.01@0.75,hybrid_prediction_mixture,orthogonal_all__m4,4,False,validation,48855.26615554345,0.0787998333902698,0.0,True
house_16H,regression,tabicl_v2,2,Raw+HybridSpectral-t0.01@0.75,hybrid_prediction_mixture,orthogonal_all__m4,4,False,test,31564.25703476089,0.08429622487727984,0.0,True
house_16H,regression,tabicl_v2,2,Raw+HybridSpectral-t0.01@0.75,hybrid_prediction_mixture,orthogonal_all__m5,5,False,validation,47600.29467364955,0.06416439070562162,0.0,True
house_16H,regression,tabicl_v2,2,Raw+HybridSpectral-t0.01@0.75,hybrid_prediction_mixture,orthogonal_all__m5,5,False,test,31054.68007750767,0.07225537867026216,0.0,True
house_16H,regression,tabicl_v2,2,Raw+HybridSpectral-t0.01@0.75,hybrid_prediction_mixture,orthogonal_all__m6,6,False,validation,48852.06612195314,0.06895231067834828,0.0,True
house_16H,regression,tabicl_v2,2,Raw+HybridSpectral-t0.01@0.75,hybrid_prediction_mixture,orthogonal_all__m6,6,False,test,31772.301881117026,0.08620756508636931,0.0,True
house_16H,regression,tabicl_v2,2,Raw+HybridSpectral-t0.01@0.75,hybrid_prediction_mixture,orthogonal_all__m7,7,False,validation,48788.74751383384,0.07377544552459679,0.0,True
house_16H,regression,tabicl_v2,2,Raw+HybridSpectral-t0.01@0.75,hybrid_prediction_mixture,orthogonal_all__m7,7,False,test,31569.921568365127,0.08280763992617259,0.0,True
house_16H,regression,tabicl_v2,2,Raw+HybridSpectral-t0.01@1,hybrid_prediction_mixture,rbf_reference,-1,True,validation,49619.288969133566,0.0,0.0,False
house_16H,regression,tabicl_v2,2,Raw+HybridSpectral-t0.01@1,hybrid_prediction_mixture,rbf_reference,-1,True,test,32009.806270459467,0.0,0.0,False
house_16H,regression,tabicl_v2,2,Raw+HybridSpectral-t0.01@1,hybrid_prediction_mixture,orthogonal_all__m0,0,False,validation,49619.288969133566,0.0,0.0,True
house_16H,regression,tabicl_v2,2,Raw+HybridSpectral-t0.01@1,hybrid_prediction_mixture,orthogonal_all__m0,0,False,test,32009.806270459467,0.0,0.0,True
house_16H,regression,tabicl_v2,2,Raw+HybridSpectral-t0.01@1,hybrid_prediction_mixture,orthogonal_all__m1,1,False,validation,49619.288969133566,0.0,0.0,True
house_16H,regression,tabicl_v2,2,Raw+HybridSpectral-t0.01@1,hybrid_prediction_mixture,orthogonal_all__m1,1,False,test,32009.806270459467,0.0,0.0,True
house_16H,regression,tabicl_v2,2,Raw+HybridSpectral-t0.01@1,hybrid_prediction_mixture,orthogonal_all__m2,2,False,validation,49619.288969133566,0.0,0.0,True
house_16H,regression,tabicl_v2,2,Raw+HybridSpectral-t0.01@1,hybrid_prediction_mixture,orthogonal_all__m2,2,False,test,32009.806270459467,0.0,0.0,True
house_16H,regression,tabicl_v2,2,Raw+HybridSpectral-t0.01@1,hybrid_prediction_mixture,orthogonal_all__m3,3,False,validation,49619.288969133566,0.0,0.0,True
house_16H,regression,tabicl_v2,2,Raw+HybridSpectral-t0.01@1,hybrid_prediction_mixture,orthogonal_all__m3,3,False,test,32009.806270459467,0.0,0.0,True
house_16H,regression,tabicl_v2,2,Raw+HybridSpectral-t0.01@1,hybrid_prediction_mixture,orthogonal_all__m4,4,False,validation,49619.288969133566,0.0,0.0,True
house_16H,regression,tabicl_v2,2,Raw+HybridSpectral-t0.01@1,hybrid_prediction_mixture,orthogonal_all__m4,4,False,test,32009.806270459467,0.0,0.0,True
house_16H,regression,tabicl_v2,2,Raw+HybridSpectral-t0.01@1,hybrid_prediction_mixture,orthogonal_all__m5,5,False,validation,49619.288969133566,0.0,0.0,True
house_16H,regression,tabicl_v2,2,Raw+HybridSpectral-t0.01@1,hybrid_prediction_mixture,orthogonal_all__m5,5,False,test,32009.806270459467,0.0,0.0,True
house_16H,regression,tabicl_v2,2,Raw+HybridSpectral-t0.01@1,hybrid_prediction_mixture,orthogonal_all__m6,6,False,validation,49619.288969133566,0.0,0.0,True
house_16H,regression,tabicl_v2,2,Raw+HybridSpectral-t0.01@1,hybrid_prediction_mixture,orthogonal_all__m6,6,False,test,32009.806270459467,0.0,0.0,True
house_16H,regression,tabicl_v2,2,Raw+HybridSpectral-t0.01@1,hybrid_prediction_mixture,orthogonal_all__m7,7,False,validation,49619.288969133566,0.0,0.0,True
house_16H,regression,tabicl_v2,2,Raw+HybridSpectral-t0.01@1,hybrid_prediction_mixture,orthogonal_all__m7,7,False,test,32009.806270459467,0.0,0.0,True
house_16H,regression,tabicl_v2,2,Raw+HybridSpectral-t0.05@0.25,hybrid_prediction_mixture,rbf_reference,-1,True,validation,42107.6186790237,0.0,0.0,False
house_16H,regression,tabicl_v2,2,Raw+HybridSpectral-t0.05@0.25,hybrid_prediction_mixture,rbf_reference,-1,True,test,30271.896971279435,0.0,0.0,False
house_16H,regression,tabicl_v2,2,Raw+HybridSpectral-t0.05@0.25,hybrid_prediction_mixture,orthogonal_all__m0,0,False,validation,45605.45498848916,0.1748672403551232,0.0,True
house_16H,regression,tabicl_v2,2,Raw+HybridSpectral-t0.05@0.25,hybrid_prediction_mixture,orthogonal_all__m0,0,False,test,32474.163225937904,0.26173094817225095,0.0,True
house_16H,regression,tabicl_v2,2,Raw+HybridSpectral-t0.05@0.25,hybrid_prediction_mixture,orthogonal_all__m1,1,False,validation,45124.1736463313,0.18978879886755434,0.0,True
house_16H,regression,tabicl_v2,2,Raw+HybridSpectral-t0.05@0.25,hybrid_prediction_mixture,orthogonal_all__m1,1,False,test,32213.52507605992,0.2774229655938676,0.0,True
house_16H,regression,tabicl_v2,2,Raw+HybridSpectral-t0.05@0.25,hybrid_prediction_mixture,orthogonal_all__m2,2,False,validation,47452.129040416694,0.20154522154881424,0.0,True
house_16H,regression,tabicl_v2,2,Raw+HybridSpectral-t0.05@0.25,hybrid_prediction_mixture,orthogonal_all__m2,2,False,test,29841.43344907081,0.23075117578442844,0.0,True
house_16H,regression,tabicl_v2,2,Raw+HybridSpectral-t0.05@0.25,hybrid_prediction_mixture,orthogonal_all__m3,3,False,validation,47663.62323425375,0.21326079303744114,0.0,True
house_16H,regression,tabicl_v2,2,Raw+HybridSpectral-t0.05@0.25,hybrid_prediction_mixture,orthogonal_all__m3,3,False,test,30608.94661198693,0.21981623923104246,0.0,True
house_16H,regression,tabicl_v2,2,Raw+HybridSpectral-t0.05@0.25,hybrid_prediction_mixture,orthogonal_all__m4,4,False,validation,47857.75219060552,0.2363995001708094,0.0,True
house_16H,regression,tabicl_v2,2,Raw+HybridSpectral-t0.05@0.25,hybrid_prediction_mixture,orthogonal_all__m4,4,False,test,31730.044483996608,0.2528886746318395,0.0,True
house_16H,regression,tabicl_v2,2,Raw+HybridSpectral-t0.05@0.25,hybrid_prediction_mixture,orthogonal_all__m5,5,False,validation,44760.60626500144,0.1924931721168649,0.0,True
house_16H,regression,tabicl_v2,2,Raw+HybridSpectral-t0.05@0.25,hybrid_prediction_mixture,orthogonal_all__m5,5,False,test,30215.86361712064,0.21676613601078645,0.0,True
house_16H,regression,tabicl_v2,2,Raw+HybridSpectral-t0.05@0.25,hybrid_prediction_mixture,orthogonal_all__m6,6,False,validation,47871.009588507986,0.20685693203504485,0.0,True
house_16H,regression,tabicl_v2,2,Raw+HybridSpectral-t0.05@0.25,hybrid_prediction_mixture,orthogonal_all__m6,6,False,test,31939.87404761709,0.25862269525910797,0.0,True
house_16H,regression,tabicl_v2,2,Raw+HybridSpectral-t0.05@0.25,hybrid_prediction_mixture,orthogonal_all__m7,7,False,validation,47662.28436465063,0.22132633657379036,0.0,True
house_16H,regression,tabicl_v2,2,Raw+HybridSpectral-t0.05@0.25,hybrid_prediction_mixture,orthogonal_all__m7,7,False,test,31406.824454406433,0.24842291977851774,0.0,True
house_16H,regression,tabicl_v2,2,Raw+HybridSpectral-t0.05@0.5,hybrid_prediction_mixture,rbf_reference,-1,True,validation,44066.381013256796,0.0,0.0,False
house_16H,regression,tabicl_v2,2,Raw+HybridSpectral-t0.05@0.5,hybrid_prediction_mixture,rbf_reference,-1,True,test,30098.191549295207,0.0,0.0,False
house_16H,regression,tabicl_v2,2,Raw+HybridSpectral-t0.05@0.5,hybrid_prediction_mixture,orthogonal_all__m0,0,False,validation,46662.076375827295,0.11657816023674877,0.0,True
house_16H,regression,tabicl_v2,2,Raw+HybridSpectral-t0.05@0.5,hybrid_prediction_mixture,orthogonal_all__m0,0,False,test,32019.586624118434,0.17448729878150068,0.0,True
house_16H,regression,tabicl_v2,2,Raw+HybridSpectral-t0.05@0.5,hybrid_prediction_mixture,orthogonal_all__m1,1,False,validation,46168.97042869102,0.12652586591170287,0.0,True
house_16H,regression,tabicl_v2,2,Raw+HybridSpectral-t0.05@0.5,hybrid_prediction_mixture,orthogonal_all__m1,1,False,test,31780.53345691276,0.18494864372924508,0.0,True
house_16H,regression,tabicl_v2,2,Raw+HybridSpectral-t0.05@0.5,hybrid_prediction_mixture,orthogonal_all__m2,2,False,validation,47979.383525164936,0.13436348103254284,0.0,True
house_16H,regression,tabicl_v2,2,Raw+HybridSpectral-t0.05@0.5,hybrid_prediction_mixture,orthogonal_all__m2,2,False,test,30147.741320454665,0.15383411718961892,0.0,True
house_16H,regression,tabicl_v2,2,Raw+HybridSpectral-t0.05@0.5,hybrid_prediction_mixture,orthogonal_all__m3,3,False,validation,48140.43658054686,0.14217386202496077,0.0,True
house_16H,regression,tabicl_v2,2,Raw+HybridSpectral-t0.05@0.5,hybrid_prediction_mixture,orthogonal_all__m3,3,False,test,30784.84584225967,0.14654415948736163,0.0,True
house_16H,regression,tabicl_v2,2,Raw+HybridSpectral-t0.05@0.5,hybrid_prediction_mixture,orthogonal_all__m4,4,False,validation,48269.673440066974,0.1575996667805396,0.0,True
house_16H,regression,tabicl_v2,2,Raw+HybridSpectral-t0.05@0.5,hybrid_prediction_mixture,orthogonal_all__m4,4,False,test,31469.656508834643,0.16859244975455967,0.0,True
house_16H,regression,tabicl_v2,2,Raw+HybridSpectral-t0.05@0.5,hybrid_prediction_mixture,orthogonal_all__m5,5,False,validation,45969.44526910397,0.12832878141124324,0.0,True
house_16H,regression,tabicl_v2,2,Raw+HybridSpectral-t0.05@0.5,hybrid_prediction_mixture,orthogonal_all__m5,5,False,test,30449.34628026489,0.14451075734052432,0.0,True
house_16H,regression,tabicl_v2,2,Raw+HybridSpectral-t0.05@0.5,hybrid_prediction_mixture,orthogonal_all__m6,6,False,validation,48270.16368166983,0.13790462135669657,0.0,True
house_16H,regression,tabicl_v2,2,Raw+HybridSpectral-t0.05@0.5,hybrid_prediction_mixture,orthogonal_all__m6,6,False,test,31748.411412437894,0.17241513017273863,0.0,True
house_16H,regression,tabicl_v2,2,Raw+HybridSpectral-t0.05@0.5,hybrid_prediction_mixture,orthogonal_all__m7,7,False,validation,48137.386944579324,0.14755089104919358,0.0,True
house_16H,regression,tabicl_v2,2,Raw+HybridSpectral-t0.05@0.5,hybrid_prediction_mixture,orthogonal_all__m7,7,False,test,31367.29265172179,0.16561527985234517,0.0,True
house_16H,regression,tabicl_v2,2,Raw+HybridSpectral-t0.05@0.75,hybrid_prediction_mixture,rbf_reference,-1,True,validation,46602.31541372503,0.0,0.0,False
house_16H,regression,tabicl_v2,2,Raw+HybridSpectral-t0.05@0.75,hybrid_prediction_mixture,rbf_reference,-1,True,test,30691.521578377076,0.0,0.0,False
house_16H,regression,tabicl_v2,2,Raw+HybridSpectral-t0.05@0.75,hybrid_prediction_mixture,orthogonal_all__m0,0,False,validation,48010.525721505284,0.05828908011837439,0.0,True
house_16H,regression,tabicl_v2,2,Raw+HybridSpectral-t0.05@0.75,hybrid_prediction_mixture,orthogonal_all__m0,0,False,test,31863.162317044284,0.08724364939075034,0.0,True
house_16H,regression,tabicl_v2,2,Raw+HybridSpectral-t0.05@0.75,hybrid_prediction_mixture,orthogonal_all__m1,1,False,validation,47684.2797080765,0.06326293295585143,0.0,True
house_16H,regression,tabicl_v2,2,Raw+HybridSpectral-t0.05@0.75,hybrid_prediction_mixture,orthogonal_all__m1,1,False,test,31711.662184993445,0.09247432186462254,0.0,True
house_16H,regression,tabicl_v2,2,Raw+HybridSpectral-t0.05@0.75,hybrid_prediction_mixture,orthogonal_all__m2,2,False,validation,48707.29011027233,0.06718174051627142,0.0,True
house_16H,regression,tabicl_v2,2,Raw+HybridSpectral-t0.05@0.75,hybrid_prediction_mixture,orthogonal_all__m2,2,False,test,30880.09392739031,0.07691705859480946,0.0,True
house_16H,regression,tabicl_v2,2,Raw+HybridSpectral-t0.05@0.75,hybrid_prediction_mixture,orthogonal_all__m3,3,False,validation,48797.28500795416,0.07108693101248038,0.0,True
house_16H,regression,tabicl_v2,2,Raw+HybridSpectral-t0.05@0.75,hybrid_prediction_mixture,orthogonal_all__m3,3,False,test,31255.96167620469,0.07327207974368082,0.0,True
house_16H,regression,tabicl_v2,2,Raw+HybridSpectral-t0.05@0.75,hybrid_prediction_mixture,orthogonal_all__m4,4,False,validation,48861.57599810974,0.0787998333902698,0.0,True
house_16H,regression,tabicl_v2,2,Raw+HybridSpectral-t0.05@0.75,hybrid_prediction_mixture,orthogonal_all__m4,4,False,test,31563.77117524262,0.08429622487727984,0.0,True
house_16H,regression,tabicl_v2,2,Raw+HybridSpectral-t0.05@0.75,hybrid_prediction_mixture,orthogonal_all__m5,5,False,validation,47605.66833056543,0.06416439070562162,0.0,True
house_16H,regression,tabicl_v2,2,Raw+HybridSpectral-t0.05@0.75,hybrid_prediction_mixture,orthogonal_all__m5,5,False,test,31054.159600991334,0.07225537867026216,0.0,True
house_16H,regression,tabicl_v2,2,Raw+HybridSpectral-t0.05@0.75,hybrid_prediction_mixture,orthogonal_all__m6,6,False,validation,48857.73120774583,0.06895231067834828,0.0,True
house_16H,regression,tabicl_v2,2,Raw+HybridSpectral-t0.05@0.75,hybrid_prediction_mixture,orthogonal_all__m6,6,False,test,31771.696841036177,0.08620756508636931,0.0,True
house_16H,regression,tabicl_v2,2,Raw+HybridSpectral-t0.05@0.75,hybrid_prediction_mixture,orthogonal_all__m7,7,False,validation,48794.71236538546,0.07377544552459679,0.0,True
house_16H,regression,tabicl_v2,2,Raw+HybridSpectral-t0.05@0.75,hybrid_prediction_mixture,orthogonal_all__m7,7,False,test,31569.63390981854,0.08280763992617259,0.0,True
house_16H,regression,tabicl_v2,2,Raw+HybridSpectral-t0.05@1,hybrid_prediction_mixture,rbf_reference,-1,True,validation,49627.02035950225,0.0,0.0,False
house_16H,regression,tabicl_v2,2,Raw+HybridSpectral-t0.05@1,hybrid_prediction_mixture,rbf_reference,-1,True,test,32009.261675545065,0.0,0.0,False
house_16H,regression,tabicl_v2,2,Raw+HybridSpectral-t0.05@1,hybrid_prediction_mixture,orthogonal_all__m0,0,False,validation,49627.02035950225,0.0,0.0,True
house_16H,regression,tabicl_v2,2,Raw+HybridSpectral-t0.05@1,hybrid_prediction_mixture,orthogonal_all__m0,0,False,test,32009.261675545065,0.0,0.0,True
house_16H,regression,tabicl_v2,2,Raw+HybridSpectral-t0.05@1,hybrid_prediction_mixture,orthogonal_all__m1,1,False,validation,49627.02035950225,0.0,0.0,True
house_16H,regression,tabicl_v2,2,Raw+HybridSpectral-t0.05@1,hybrid_prediction_mixture,orthogonal_all__m1,1,False,test,32009.261675545065,0.0,0.0,True
house_16H,regression,tabicl_v2,2,Raw+HybridSpectral-t0.05@1,hybrid_prediction_mixture,orthogonal_all__m2,2,False,validation,49627.02035950225,0.0,0.0,True
house_16H,regression,tabicl_v2,2,Raw+HybridSpectral-t0.05@1,hybrid_prediction_mixture,orthogonal_all__m2,2,False,test,32009.261675545065,0.0,0.0,True
house_16H,regression,tabicl_v2,2,Raw+HybridSpectral-t0.05@1,hybrid_prediction_mixture,orthogonal_all__m3,3,False,validation,49627.02035950225,0.0,0.0,True
house_16H,regression,tabicl_v2,2,Raw+HybridSpectral-t0.05@1,hybrid_prediction_mixture,orthogonal_all__m3,3,False,test,32009.261675545065,0.0,0.0,True
house_16H,regression,tabicl_v2,2,Raw+HybridSpectral-t0.05@1,hybrid_prediction_mixture,orthogonal_all__m4,4,False,validation,49627.02035950225,0.0,0.0,True
house_16H,regression,tabicl_v2,2,Raw+HybridSpectral-t0.05@1,hybrid_prediction_mixture,orthogonal_all__m4,4,False,test,32009.261675545065,0.0,0.0,True
house_16H,regression,tabicl_v2,2,Raw+HybridSpectral-t0.05@1,hybrid_prediction_mixture,orthogonal_all__m5,5,False,validation,49627.02035950225,0.0,0.0,True
house_16H,regression,tabicl_v2,2,Raw+HybridSpectral-t0.05@1,hybrid_prediction_mixture,orthogonal_all__m5,5,False,test,32009.261675545065,0.0,0.0,True
house_16H,regression,tabicl_v2,2,Raw+HybridSpectral-t0.05@1,hybrid_prediction_mixture,orthogonal_all__m6,6,False,validation,49627.02035950225,0.0,0.0,True
house_16H,regression,tabicl_v2,2,Raw+HybridSpectral-t0.05@1,hybrid_prediction_mixture,orthogonal_all__m6,6,False,test,32009.261675545065,0.0,0.0,True
house_16H,regression,tabicl_v2,2,Raw+HybridSpectral-t0.05@1,hybrid_prediction_mixture,orthogonal_all__m7,7,False,validation,49627.02035950225,0.0,0.0,True
house_16H,regression,tabicl_v2,2,Raw+HybridSpectral-t0.05@1,hybrid_prediction_mixture,orthogonal_all__m7,7,False,test,32009.261675545065,0.0,0.0,True
house_16H,regression,tabicl_v2,2,Raw+HybridSpectral-t0.10@0.25,hybrid_prediction_mixture,rbf_reference,-1,True,validation,42107.6186790237,0.0,0.0,False
house_16H,regression,tabicl_v2,2,Raw+HybridSpectral-t0.10@0.25,hybrid_prediction_mixture,rbf_reference,-1,True,test,30271.896971279435,0.0,0.0,False
house_16H,regression,tabicl_v2,2,Raw+HybridSpectral-t0.10@0.25,hybrid_prediction_mixture,orthogonal_all__m0,0,False,validation,45605.45498848916,0.1748672403551232,0.0,True
house_16H,regression,tabicl_v2,2,Raw+HybridSpectral-t0.10@0.25,hybrid_prediction_mixture,orthogonal_all__m0,0,False,test,32474.163225937904,0.26173094817225095,0.0,True
house_16H,regression,tabicl_v2,2,Raw+HybridSpectral-t0.10@0.25,hybrid_prediction_mixture,orthogonal_all__m1,1,False,validation,45124.1736463313,0.18978879886755434,0.0,True
house_16H,regression,tabicl_v2,2,Raw+HybridSpectral-t0.10@0.25,hybrid_prediction_mixture,orthogonal_all__m1,1,False,test,32213.52507605992,0.2774229655938676,0.0,True
house_16H,regression,tabicl_v2,2,Raw+HybridSpectral-t0.10@0.25,hybrid_prediction_mixture,orthogonal_all__m2,2,False,validation,47452.129040416694,0.20154522154881424,0.0,True
house_16H,regression,tabicl_v2,2,Raw+HybridSpectral-t0.10@0.25,hybrid_prediction_mixture,orthogonal_all__m2,2,False,test,29841.43344907081,0.23075117578442844,0.0,True
house_16H,regression,tabicl_v2,2,Raw+HybridSpectral-t0.10@0.25,hybrid_prediction_mixture,orthogonal_all__m3,3,False,validation,47663.62323425375,0.21326079303744114,0.0,True
house_16H,regression,tabicl_v2,2,Raw+HybridSpectral-t0.10@0.25,hybrid_prediction_mixture,orthogonal_all__m3,3,False,test,30608.94661198693,0.21981623923104246,0.0,True
house_16H,regression,tabicl_v2,2,Raw+HybridSpectral-t0.10@0.25,hybrid_prediction_mixture,orthogonal_all__m4,4,False,validation,47857.75219060552,0.2363995001708094,0.0,True
house_16H,regression,tabicl_v2,2,Raw+HybridSpectral-t0.10@0.25,hybrid_prediction_mixture,orthogonal_all__m4,4,False,test,31730.044483996608,0.2528886746318395,0.0,True
house_16H,regression,tabicl_v2,2,Raw+HybridSpectral-t0.10@0.25,hybrid_prediction_mixture,orthogonal_all__m5,5,False,validation,44760.60626500144,0.1924931721168649,0.0,True
house_16H,regression,tabicl_v2,2,Raw+HybridSpectral-t0.10@0.25,hybrid_prediction_mixture,orthogonal_all__m5,5,False,test,30215.86361712064,0.21676613601078645,0.0,True
house_16H,regression,tabicl_v2,2,Raw+HybridSpectral-t0.10@0.25,hybrid_prediction_mixture,orthogonal_all__m6,6,False,validation,47871.009588507986,0.20685693203504485,0.0,True
house_16H,regression,tabicl_v2,2,Raw+HybridSpectral-t0.10@0.25,hybrid_prediction_mixture,orthogonal_all__m6,6,False,test,31939.87404761709,0.25862269525910797,0.0,True
house_16H,regression,tabicl_v2,2,Raw+HybridSpectral-t0.10@0.25,hybrid_prediction_mixture,orthogonal_all__m7,7,False,validation,47662.28436465063,0.22132633657379036,0.0,True
house_16H,regression,tabicl_v2,2,Raw+HybridSpectral-t0.10@0.25,hybrid_prediction_mixture,orthogonal_all__m7,7,False,test,31406.824454406433,0.24842291977851774,0.0,True
house_16H,regression,tabicl_v2,2,Raw+HybridSpectral-t0.10@0.5,hybrid_prediction_mixture,rbf_reference,-1,True,validation,44066.381013256796,0.0,0.0,False
house_16H,regression,tabicl_v2,2,Raw+HybridSpectral-t0.10@0.5,hybrid_prediction_mixture,rbf_reference,-1,True,test,30098.191549295207,0.0,0.0,False
house_16H,regression,tabicl_v2,2,Raw+HybridSpectral-t0.10@0.5,hybrid_prediction_mixture,orthogonal_all__m0,0,False,validation,46662.076375827295,0.11657816023674877,0.0,True
house_16H,regression,tabicl_v2,2,Raw+HybridSpectral-t0.10@0.5,hybrid_prediction_mixture,orthogonal_all__m0,0,False,test,32019.586624118434,0.17448729878150068,0.0,True
house_16H,regression,tabicl_v2,2,Raw+HybridSpectral-t0.10@0.5,hybrid_prediction_mixture,orthogonal_all__m1,1,False,validation,46168.97042869102,0.12652586591170287,0.0,True
house_16H,regression,tabicl_v2,2,Raw+HybridSpectral-t0.10@0.5,hybrid_prediction_mixture,orthogonal_all__m1,1,False,test,31780.53345691276,0.18494864372924508,0.0,True
house_16H,regression,tabicl_v2,2,Raw+HybridSpectral-t0.10@0.5,hybrid_prediction_mixture,orthogonal_all__m2,2,False,validation,47979.383525164936,0.13436348103254284,0.0,True
house_16H,regression,tabicl_v2,2,Raw+HybridSpectral-t0.10@0.5,hybrid_prediction_mixture,orthogonal_all__m2,2,False,test,30147.741320454665,0.15383411718961892,0.0,True
house_16H,regression,tabicl_v2,2,Raw+HybridSpectral-t0.10@0.5,hybrid_prediction_mixture,orthogonal_all__m3,3,False,validation,48140.43658054686,0.14217386202496077,0.0,True
house_16H,regression,tabicl_v2,2,Raw+HybridSpectral-t0.10@0.5,hybrid_prediction_mixture,orthogonal_all__m3,3,False,test,30784.84584225967,0.14654415948736163,0.0,True
house_16H,regression,tabicl_v2,2,Raw+HybridSpectral-t0.10@0.5,hybrid_prediction_mixture,orthogonal_all__m4,4,False,validation,48269.673440066974,0.1575996667805396,0.0,True
house_16H,regression,tabicl_v2,2,Raw+HybridSpectral-t0.10@0.5,hybrid_prediction_mixture,orthogonal_all__m4,4,False,test,31469.656508834643,0.16859244975455967,0.0,True
house_16H,regression,tabicl_v2,2,Raw+HybridSpectral-t0.10@0.5,hybrid_prediction_mixture,orthogonal_all__m5,5,False,validation,45969.44526910397,0.12832878141124324,0.0,True
house_16H,regression,tabicl_v2,2,Raw+HybridSpectral-t0.10@0.5,hybrid_prediction_mixture,orthogonal_all__m5,5,False,test,30449.34628026489,0.14451075734052432,0.0,True
house_16H,regression,tabicl_v2,2,Raw+HybridSpectral-t0.10@0.5,hybrid_prediction_mixture,orthogonal_all__m6,6,False,validation,48270.16368166983,0.13790462135669657,0.0,True
house_16H,regression,tabicl_v2,2,Raw+HybridSpectral-t0.10@0.5,hybrid_prediction_mixture,orthogonal_all__m6,6,False,test,31748.411412437894,0.17241513017273863,0.0,True
house_16H,regression,tabicl_v2,2,Raw+HybridSpectral-t0.10@0.5,hybrid_prediction_mixture,orthogonal_all__m7,7,False,validation,48137.386944579324,0.14755089104919358,0.0,True
house_16H,regression,tabicl_v2,2,Raw+HybridSpectral-t0.10@0.5,hybrid_prediction_mixture,orthogonal_all__m7,7,False,test,31367.29265172179,0.16561527985234517,0.0,True
house_16H,regression,tabicl_v2,2,Raw+HybridSpectral-t0.10@0.75,hybrid_prediction_mixture,rbf_reference,-1,True,validation,46602.31541372503,0.0,0.0,False
house_16H,regression,tabicl_v2,2,Raw+HybridSpectral-t0.10@0.75,hybrid_prediction_mixture,rbf_reference,-1,True,test,30691.521578377076,0.0,0.0,False
house_16H,regression,tabicl_v2,2,Raw+HybridSpectral-t0.10@0.75,hybrid_prediction_mixture,orthogonal_all__m0,0,False,validation,48010.525721505284,0.05828908011837439,0.0,True
house_16H,regression,tabicl_v2,2,Raw+HybridSpectral-t0.10@0.75,hybrid_prediction_mixture,orthogonal_all__m0,0,False,test,31863.162317044284,0.08724364939075034,0.0,True
house_16H,regression,tabicl_v2,2,Raw+HybridSpectral-t0.10@0.75,hybrid_prediction_mixture,orthogonal_all__m1,1,False,validation,47684.2797080765,0.06326293295585143,0.0,True
house_16H,regression,tabicl_v2,2,Raw+HybridSpectral-t0.10@0.75,hybrid_prediction_mixture,orthogonal_all__m1,1,False,test,31711.662184993445,0.09247432186462254,0.0,True
house_16H,regression,tabicl_v2,2,Raw+HybridSpectral-t0.10@0.75,hybrid_prediction_mixture,orthogonal_all__m2,2,False,validation,48707.29011027233,0.06718174051627142,0.0,True
house_16H,regression,tabicl_v2,2,Raw+HybridSpectral-t0.10@0.75,hybrid_prediction_mixture,orthogonal_all__m2,2,False,test,30880.09392739031,0.07691705859480946,0.0,True
house_16H,regression,tabicl_v2,2,Raw+HybridSpectral-t0.10@0.75,hybrid_prediction_mixture,orthogonal_all__m3,3,False,validation,48797.28500795416,0.07108693101248038,0.0,True
house_16H,regression,tabicl_v2,2,Raw+HybridSpectral-t0.10@0.75,hybrid_prediction_mixture,orthogonal_all__m3,3,False,test,31255.96167620469,0.07327207974368082,0.0,True
house_16H,regression,tabicl_v2,2,Raw+HybridSpectral-t0.10@0.75,hybrid_prediction_mixture,orthogonal_all__m4,4,False,validation,48861.57599810974,0.0787998333902698,0.0,True
house_16H,regression,tabicl_v2,2,Raw+HybridSpectral-t0.10@0.75,hybrid_prediction_mixture,orthogonal_all__m4,4,False,test,31563.77117524262,0.08429622487727984,0.0,True
house_16H,regression,tabicl_v2,2,Raw+HybridSpectral-t0.10@0.75,hybrid_prediction_mixture,orthogonal_all__m5,5,False,validation,47605.66833056543,0.06416439070562162,0.0,True
house_16H,regression,tabicl_v2,2,Raw+HybridSpectral-t0.10@0.75,hybrid_prediction_mixture,orthogonal_all__m5,5,False,test,31054.159600991334,0.07225537867026216,0.0,True
house_16H,regression,tabicl_v2,2,Raw+HybridSpectral-t0.10@0.75,hybrid_prediction_mixture,orthogonal_all__m6,6,False,validation,48857.73120774583,0.06895231067834828,0.0,True
house_16H,regression,tabicl_v2,2,Raw+HybridSpectral-t0.10@0.75,hybrid_prediction_mixture,orthogonal_all__m6,6,False,test,31771.696841036177,0.08620756508636931,0.0,True
house_16H,regression,tabicl_v2,2,Raw+HybridSpectral-t0.10@0.75,hybrid_prediction_mixture,orthogonal_all__m7,7,False,validation,48794.71236538546,0.07377544552459679,0.0,True
house_16H,regression,tabicl_v2,2,Raw+HybridSpectral-t0.10@0.75,hybrid_prediction_mixture,orthogonal_all__m7,7,False,test,31569.63390981854,0.08280763992617259,0.0,True
house_16H,regression,tabicl_v2,2,Raw+HybridSpectral-t0.10@1,hybrid_prediction_mixture,rbf_reference,-1,True,validation,49627.02035950225,0.0,0.0,False
house_16H,regression,tabicl_v2,2,Raw+HybridSpectral-t0.10@1,hybrid_prediction_mixture,rbf_reference,-1,True,test,32009.261675545065,0.0,0.0,False
house_16H,regression,tabicl_v2,2,Raw+HybridSpectral-t0.10@1,hybrid_prediction_mixture,orthogonal_all__m0,0,False,validation,49627.02035950225,0.0,0.0,True
house_16H,regression,tabicl_v2,2,Raw+HybridSpectral-t0.10@1,hybrid_prediction_mixture,orthogonal_all__m0,0,False,test,32009.261675545065,0.0,0.0,True
house_16H,regression,tabicl_v2,2,Raw+HybridSpectral-t0.10@1,hybrid_prediction_mixture,orthogonal_all__m1,1,False,validation,49627.02035950225,0.0,0.0,True
house_16H,regression,tabicl_v2,2,Raw+HybridSpectral-t0.10@1,hybrid_prediction_mixture,orthogonal_all__m1,1,False,test,32009.261675545065,0.0,0.0,True
house_16H,regression,tabicl_v2,2,Raw+HybridSpectral-t0.10@1,hybrid_prediction_mixture,orthogonal_all__m2,2,False,validation,49627.02035950225,0.0,0.0,True
house_16H,regression,tabicl_v2,2,Raw+HybridSpectral-t0.10@1,hybrid_prediction_mixture,orthogonal_all__m2,2,False,test,32009.261675545065,0.0,0.0,True
house_16H,regression,tabicl_v2,2,Raw+HybridSpectral-t0.10@1,hybrid_prediction_mixture,orthogonal_all__m3,3,False,validation,49627.02035950225,0.0,0.0,True
house_16H,regression,tabicl_v2,2,Raw+HybridSpectral-t0.10@1,hybrid_prediction_mixture,orthogonal_all__m3,3,False,test,32009.261675545065,0.0,0.0,True
house_16H,regression,tabicl_v2,2,Raw+HybridSpectral-t0.10@1,hybrid_prediction_mixture,orthogonal_all__m4,4,False,validation,49627.02035950225,0.0,0.0,True
house_16H,regression,tabicl_v2,2,Raw+HybridSpectral-t0.10@1,hybrid_prediction_mixture,orthogonal_all__m4,4,False,test,32009.261675545065,0.0,0.0,True
house_16H,regression,tabicl_v2,2,Raw+HybridSpectral-t0.10@1,hybrid_prediction_mixture,orthogonal_all__m5,5,False,validation,49627.02035950225,0.0,0.0,True
house_16H,regression,tabicl_v2,2,Raw+HybridSpectral-t0.10@1,hybrid_prediction_mixture,orthogonal_all__m5,5,False,test,32009.261675545065,0.0,0.0,True
house_16H,regression,tabicl_v2,2,Raw+HybridSpectral-t0.10@1,hybrid_prediction_mixture,orthogonal_all__m6,6,False,validation,49627.02035950225,0.0,0.0,True
house_16H,regression,tabicl_v2,2,Raw+HybridSpectral-t0.10@1,hybrid_prediction_mixture,orthogonal_all__m6,6,False,test,32009.261675545065,0.0,0.0,True
house_16H,regression,tabicl_v2,2,Raw+HybridSpectral-t0.10@1,hybrid_prediction_mixture,orthogonal_all__m7,7,False,validation,49627.02035950225,0.0,0.0,True
house_16H,regression,tabicl_v2,2,Raw+HybridSpectral-t0.10@1,hybrid_prediction_mixture,orthogonal_all__m7,7,False,test,32009.261675545065,0.0,0.0,True
