dataset,problem_type,model,seed,method,track,representation_id,member,is_reference,split,task_error,disagreement,fit_seconds,prediction_reused_due_to_coordinate_identity
bike-sharing,regression,tabicl_v2,0,Raw,representation,rbf_reference,-1,True,validation,67.53398141295303,0.0,0.2398629360832274,False
bike-sharing,regression,tabicl_v2,0,Raw,representation,rbf_reference,-1,True,test,70.53192975681488,0.0,0.2398629360832274,False
bike-sharing,regression,tabicl_v2,0,Raw,representation,orthogonal_all__m0,0,False,validation,71.78763661761056,0.21737165022042287,0.2540709180757403,False
bike-sharing,regression,tabicl_v2,0,Raw,representation,orthogonal_all__m0,0,False,test,79.50721772782246,0.20011366210152698,0.2540709180757403,False
bike-sharing,regression,tabicl_v2,0,Raw,representation,orthogonal_all__m1,1,False,validation,73.89450918768088,0.23687519079622285,0.2523006598930806,False
bike-sharing,regression,tabicl_v2,0,Raw,representation,orthogonal_all__m1,1,False,test,81.65524156002076,0.22187999070672518,0.2523006598930806,False
bike-sharing,regression,tabicl_v2,0,Raw,representation,orthogonal_all__m2,2,False,validation,76.39397006200863,0.25857625510719384,0.2473696179222315,False
bike-sharing,regression,tabicl_v2,0,Raw,representation,orthogonal_all__m2,2,False,test,83.95358555540504,0.22907497695379456,0.2473696179222315,False
bike-sharing,regression,tabicl_v2,0,Raw,representation,orthogonal_all__m3,3,False,validation,78.15476193121886,0.2488102677737292,0.2562918348703533,False
bike-sharing,regression,tabicl_v2,0,Raw,representation,orthogonal_all__m3,3,False,test,82.48876697628184,0.25221358513663383,0.2562918348703533,False
bike-sharing,regression,tabicl_v2,0,Raw,representation,orthogonal_all__m4,4,False,validation,64.56615272010745,0.21655361527970005,0.2678871110547334,False
bike-sharing,regression,tabicl_v2,0,Raw,representation,orthogonal_all__m4,4,False,test,75.19033809757914,0.1835215262274332,0.2678871110547334,False
bike-sharing,regression,tabicl_v2,0,Raw,representation,orthogonal_all__m5,5,False,validation,73.77073390473994,0.2560732832737894,0.2485784401651471,False
bike-sharing,regression,tabicl_v2,0,Raw,representation,orthogonal_all__m5,5,False,test,77.77255050430367,0.2254220605684222,0.2485784401651471,False
bike-sharing,regression,tabicl_v2,0,Raw,representation,orthogonal_all__m6,6,False,validation,69.74934295793877,0.23150292827023136,0.2466019298881292,False
bike-sharing,regression,tabicl_v2,0,Raw,representation,orthogonal_all__m6,6,False,test,71.8937713294574,0.1811423243286963,0.2466019298881292,False
bike-sharing,regression,tabicl_v2,0,Raw,representation,orthogonal_all__m7,7,False,validation,66.74167785147702,0.21164174762033597,0.2498316280543804,False
bike-sharing,regression,tabicl_v2,0,Raw,representation,orthogonal_all__m7,7,False,test,72.09728335107735,0.19601254870399526,0.2498316280543804,False
bike-sharing,regression,tabicl_v2,0,PCA,representation,pca__v1__rbf_reference,-1,True,validation,61.0167333958702,0.0,0.3098455420695245,False
bike-sharing,regression,tabicl_v2,0,PCA,representation,pca__v1__rbf_reference,-1,True,test,66.0770712867766,0.0,0.3098455420695245,False
bike-sharing,regression,tabicl_v2,0,PCA,representation,pca__v1__orthogonal_all__m0,0,False,validation,61.0167333958702,0.0,0.0,True
bike-sharing,regression,tabicl_v2,0,PCA,representation,pca__v1__orthogonal_all__m0,0,False,test,66.0770712867766,0.0,0.0,True
bike-sharing,regression,tabicl_v2,0,PCA,representation,pca__v1__orthogonal_all__m1,1,False,validation,61.0167333958702,0.0,0.0,True
bike-sharing,regression,tabicl_v2,0,PCA,representation,pca__v1__orthogonal_all__m1,1,False,test,66.0770712867766,0.0,0.0,True
bike-sharing,regression,tabicl_v2,0,PCA,representation,pca__v1__orthogonal_all__m2,2,False,validation,61.0167333958702,0.0,0.0,True
bike-sharing,regression,tabicl_v2,0,PCA,representation,pca__v1__orthogonal_all__m2,2,False,test,66.0770712867766,0.0,0.0,True
bike-sharing,regression,tabicl_v2,0,PCA,representation,pca__v1__orthogonal_all__m3,3,False,validation,61.0167333958702,0.0,0.0,True
bike-sharing,regression,tabicl_v2,0,PCA,representation,pca__v1__orthogonal_all__m3,3,False,test,66.0770712867766,0.0,0.0,True
bike-sharing,regression,tabicl_v2,0,PCA,representation,pca__v1__orthogonal_all__m4,4,False,validation,61.0167333958702,0.0,0.0,True
bike-sharing,regression,tabicl_v2,0,PCA,representation,pca__v1__orthogonal_all__m4,4,False,test,66.0770712867766,0.0,0.0,True
bike-sharing,regression,tabicl_v2,0,PCA,representation,pca__v1__orthogonal_all__m5,5,False,validation,61.0167333958702,0.0,0.0,True
bike-sharing,regression,tabicl_v2,0,PCA,representation,pca__v1__orthogonal_all__m5,5,False,test,66.0770712867766,0.0,0.0,True
bike-sharing,regression,tabicl_v2,0,PCA,representation,pca__v1__orthogonal_all__m6,6,False,validation,61.0167333958702,0.0,0.0,True
bike-sharing,regression,tabicl_v2,0,PCA,representation,pca__v1__orthogonal_all__m6,6,False,test,66.0770712867766,0.0,0.0,True
bike-sharing,regression,tabicl_v2,0,PCA,representation,pca__v1__orthogonal_all__m7,7,False,validation,61.0167333958702,0.0,0.0,True
bike-sharing,regression,tabicl_v2,0,PCA,representation,pca__v1__orthogonal_all__m7,7,False,test,66.0770712867766,0.0,0.0,True
bike-sharing,regression,tabicl_v2,0,GramAnchor,representation,gram_anchor__pivot_tie_v2__rbf_reference,-1,True,validation,67.40293993531365,0.0,0.34159981296397746,False
bike-sharing,regression,tabicl_v2,0,GramAnchor,representation,gram_anchor__pivot_tie_v2__rbf_reference,-1,True,test,76.33338617142907,0.0,0.34159981296397746,False
bike-sharing,regression,tabicl_v2,0,GramAnchor,representation,gram_anchor__pivot_tie_v2__orthogonal_all__m0,0,False,validation,67.40293993531365,0.0,0.0,True
bike-sharing,regression,tabicl_v2,0,GramAnchor,representation,gram_anchor__pivot_tie_v2__orthogonal_all__m0,0,False,test,76.33338617142907,0.0,0.0,True
bike-sharing,regression,tabicl_v2,0,GramAnchor,representation,gram_anchor__pivot_tie_v2__orthogonal_all__m1,1,False,validation,67.40293993531365,0.0,0.0,True
bike-sharing,regression,tabicl_v2,0,GramAnchor,representation,gram_anchor__pivot_tie_v2__orthogonal_all__m1,1,False,test,76.33338617142907,0.0,0.0,True
bike-sharing,regression,tabicl_v2,0,GramAnchor,representation,gram_anchor__pivot_tie_v2__orthogonal_all__m2,2,False,validation,67.40293993531365,0.0,0.0,True
bike-sharing,regression,tabicl_v2,0,GramAnchor,representation,gram_anchor__pivot_tie_v2__orthogonal_all__m2,2,False,test,76.33338617142907,0.0,0.0,True
bike-sharing,regression,tabicl_v2,0,GramAnchor,representation,gram_anchor__pivot_tie_v2__orthogonal_all__m3,3,False,validation,67.40293993531365,0.0,0.0,True
bike-sharing,regression,tabicl_v2,0,GramAnchor,representation,gram_anchor__pivot_tie_v2__orthogonal_all__m3,3,False,test,76.33338617142907,0.0,0.0,True
bike-sharing,regression,tabicl_v2,0,GramAnchor,representation,gram_anchor__pivot_tie_v2__orthogonal_all__m4,4,False,validation,67.40293993531365,0.0,0.0,True
bike-sharing,regression,tabicl_v2,0,GramAnchor,representation,gram_anchor__pivot_tie_v2__orthogonal_all__m4,4,False,test,76.33338617142907,0.0,0.0,True
bike-sharing,regression,tabicl_v2,0,GramAnchor,representation,gram_anchor__pivot_tie_v2__orthogonal_all__m5,5,False,validation,67.40293993531365,0.0,0.0,True
bike-sharing,regression,tabicl_v2,0,GramAnchor,representation,gram_anchor__pivot_tie_v2__orthogonal_all__m5,5,False,test,76.33338617142907,0.0,0.0,True
bike-sharing,regression,tabicl_v2,0,GramAnchor,representation,gram_anchor__pivot_tie_v2__orthogonal_all__m6,6,False,validation,67.40293993531365,0.0,0.0,True
bike-sharing,regression,tabicl_v2,0,GramAnchor,representation,gram_anchor__pivot_tie_v2__orthogonal_all__m6,6,False,test,76.33338617142907,0.0,0.0,True
bike-sharing,regression,tabicl_v2,0,GramAnchor,representation,gram_anchor__pivot_tie_v2__orthogonal_all__m7,7,False,validation,67.40293993531365,0.0,0.0,True
bike-sharing,regression,tabicl_v2,0,GramAnchor,representation,gram_anchor__pivot_tie_v2__orthogonal_all__m7,7,False,test,76.33338617142907,0.0,0.0,True
bike-sharing,regression,tabicl_v2,0,GramAnchor-m8,representation,gram_anchor__pivot_tie_v2__rbf_reference,-1,True,validation,76.86531234811186,0.0,2.875541015062481,False
bike-sharing,regression,tabicl_v2,0,GramAnchor-m8,representation,gram_anchor__pivot_tie_v2__rbf_reference,-1,True,test,83.08487669401606,0.0,2.875541015062481,False
bike-sharing,regression,tabicl_v2,0,GramAnchor-m8,representation,gram_anchor__pivot_tie_v2__orthogonal_all__m0,0,False,validation,76.86531234811186,0.0,0.0,True
bike-sharing,regression,tabicl_v2,0,GramAnchor-m8,representation,gram_anchor__pivot_tie_v2__orthogonal_all__m0,0,False,test,83.08487669401606,0.0,0.0,True
bike-sharing,regression,tabicl_v2,0,GramAnchor-m8,representation,gram_anchor__pivot_tie_v2__orthogonal_all__m1,1,False,validation,76.86531234811186,0.0,0.0,True
bike-sharing,regression,tabicl_v2,0,GramAnchor-m8,representation,gram_anchor__pivot_tie_v2__orthogonal_all__m1,1,False,test,83.08487669401606,0.0,0.0,True
bike-sharing,regression,tabicl_v2,0,GramAnchor-m8,representation,gram_anchor__pivot_tie_v2__orthogonal_all__m2,2,False,validation,76.86531234811186,0.0,0.0,True
bike-sharing,regression,tabicl_v2,0,GramAnchor-m8,representation,gram_anchor__pivot_tie_v2__orthogonal_all__m2,2,False,test,83.08487669401606,0.0,0.0,True
bike-sharing,regression,tabicl_v2,0,GramAnchor-m8,representation,gram_anchor__pivot_tie_v2__orthogonal_all__m3,3,False,validation,76.86531234811186,0.0,0.0,True
bike-sharing,regression,tabicl_v2,0,GramAnchor-m8,representation,gram_anchor__pivot_tie_v2__orthogonal_all__m3,3,False,test,83.08487669401606,0.0,0.0,True
bike-sharing,regression,tabicl_v2,0,GramAnchor-m8,representation,gram_anchor__pivot_tie_v2__orthogonal_all__m4,4,False,validation,76.86531234811186,0.0,0.0,True
bike-sharing,regression,tabicl_v2,0,GramAnchor-m8,representation,gram_anchor__pivot_tie_v2__orthogonal_all__m4,4,False,test,83.08487669401606,0.0,0.0,True
bike-sharing,regression,tabicl_v2,0,GramAnchor-m8,representation,gram_anchor__pivot_tie_v2__orthogonal_all__m5,5,False,validation,76.86531234811186,0.0,0.0,True
bike-sharing,regression,tabicl_v2,0,GramAnchor-m8,representation,gram_anchor__pivot_tie_v2__orthogonal_all__m5,5,False,test,83.08487669401606,0.0,0.0,True
bike-sharing,regression,tabicl_v2,0,GramAnchor-m8,representation,gram_anchor__pivot_tie_v2__orthogonal_all__m6,6,False,validation,76.86531234811186,0.0,0.0,True
bike-sharing,regression,tabicl_v2,0,GramAnchor-m8,representation,gram_anchor__pivot_tie_v2__orthogonal_all__m6,6,False,test,83.08487669401606,0.0,0.0,True
bike-sharing,regression,tabicl_v2,0,GramAnchor-m8,representation,gram_anchor__pivot_tie_v2__orthogonal_all__m7,7,False,validation,76.86531234811186,0.0,0.0,True
bike-sharing,regression,tabicl_v2,0,GramAnchor-m8,representation,gram_anchor__pivot_tie_v2__orthogonal_all__m7,7,False,test,83.08487669401606,0.0,0.0,True
bike-sharing,regression,tabicl_v2,0,GramDistance,representation,gram_distance__pivot_tie_v2__rbf_reference,-1,True,validation,61.11263983983577,0.0,0.31482134689576924,False
bike-sharing,regression,tabicl_v2,0,GramDistance,representation,gram_distance__pivot_tie_v2__rbf_reference,-1,True,test,74.83131297662973,0.0,0.31482134689576924,False
bike-sharing,regression,tabicl_v2,0,GramDistance,representation,gram_distance__pivot_tie_v2__orthogonal_all__m0,0,False,validation,61.11263983983577,0.0,0.0,True
bike-sharing,regression,tabicl_v2,0,GramDistance,representation,gram_distance__pivot_tie_v2__orthogonal_all__m0,0,False,test,74.83131297662973,0.0,0.0,True
bike-sharing,regression,tabicl_v2,0,GramDistance,representation,gram_distance__pivot_tie_v2__orthogonal_all__m1,1,False,validation,61.11263983983577,0.0,0.0,True
bike-sharing,regression,tabicl_v2,0,GramDistance,representation,gram_distance__pivot_tie_v2__orthogonal_all__m1,1,False,test,74.83131297662973,0.0,0.0,True
bike-sharing,regression,tabicl_v2,0,GramDistance,representation,gram_distance__pivot_tie_v2__orthogonal_all__m2,2,False,validation,61.11263983983577,0.0,0.0,True
bike-sharing,regression,tabicl_v2,0,GramDistance,representation,gram_distance__pivot_tie_v2__orthogonal_all__m2,2,False,test,74.83131297662973,0.0,0.0,True
bike-sharing,regression,tabicl_v2,0,GramDistance,representation,gram_distance__pivot_tie_v2__orthogonal_all__m3,3,False,validation,61.11263983983577,0.0,0.0,True
bike-sharing,regression,tabicl_v2,0,GramDistance,representation,gram_distance__pivot_tie_v2__orthogonal_all__m3,3,False,test,74.83131297662973,0.0,0.0,True
bike-sharing,regression,tabicl_v2,0,GramDistance,representation,gram_distance__pivot_tie_v2__orthogonal_all__m4,4,False,validation,61.11263983983577,0.0,0.0,True
bike-sharing,regression,tabicl_v2,0,GramDistance,representation,gram_distance__pivot_tie_v2__orthogonal_all__m4,4,False,test,74.83131297662973,0.0,0.0,True
bike-sharing,regression,tabicl_v2,0,GramDistance,representation,gram_distance__pivot_tie_v2__orthogonal_all__m5,5,False,validation,61.11263983983577,0.0,0.0,True
bike-sharing,regression,tabicl_v2,0,GramDistance,representation,gram_distance__pivot_tie_v2__orthogonal_all__m5,5,False,test,74.83131297662973,0.0,0.0,True
bike-sharing,regression,tabicl_v2,0,GramDistance,representation,gram_distance__pivot_tie_v2__orthogonal_all__m6,6,False,validation,61.11263983983577,0.0,0.0,True
bike-sharing,regression,tabicl_v2,0,GramDistance,representation,gram_distance__pivot_tie_v2__orthogonal_all__m6,6,False,test,74.83131297662973,0.0,0.0,True
bike-sharing,regression,tabicl_v2,0,GramDistance,representation,gram_distance__pivot_tie_v2__orthogonal_all__m7,7,False,validation,61.11263983983577,0.0,0.0,True
bike-sharing,regression,tabicl_v2,0,GramDistance,representation,gram_distance__pivot_tie_v2__orthogonal_all__m7,7,False,test,74.83131297662973,0.0,0.0,True
bike-sharing,regression,tabicl_v2,0,NystromGram,representation,nystrom_gram__nystrom_degeneracy_v3__rbf_reference,-1,True,validation,52.66603418294329,0.0,0.3396263290196657,False
bike-sharing,regression,tabicl_v2,0,NystromGram,representation,nystrom_gram__nystrom_degeneracy_v3__rbf_reference,-1,True,test,60.92715625283239,0.0,0.3396263290196657,False
bike-sharing,regression,tabicl_v2,0,NystromGram,representation,nystrom_gram__nystrom_degeneracy_v3__orthogonal_all__m0,0,False,validation,52.66603418294329,0.0,0.0,True
bike-sharing,regression,tabicl_v2,0,NystromGram,representation,nystrom_gram__nystrom_degeneracy_v3__orthogonal_all__m0,0,False,test,60.92715625283239,0.0,0.0,True
bike-sharing,regression,tabicl_v2,0,NystromGram,representation,nystrom_gram__nystrom_degeneracy_v3__orthogonal_all__m1,1,False,validation,52.66603418294329,0.0,0.0,True
bike-sharing,regression,tabicl_v2,0,NystromGram,representation,nystrom_gram__nystrom_degeneracy_v3__orthogonal_all__m1,1,False,test,60.92715625283239,0.0,0.0,True
bike-sharing,regression,tabicl_v2,0,NystromGram,representation,nystrom_gram__nystrom_degeneracy_v3__orthogonal_all__m2,2,False,validation,52.66603418294329,0.0,0.0,True
bike-sharing,regression,tabicl_v2,0,NystromGram,representation,nystrom_gram__nystrom_degeneracy_v3__orthogonal_all__m2,2,False,test,60.92715625283239,0.0,0.0,True
bike-sharing,regression,tabicl_v2,0,NystromGram,representation,nystrom_gram__nystrom_degeneracy_v3__orthogonal_all__m3,3,False,validation,52.66603418294329,0.0,0.0,True
bike-sharing,regression,tabicl_v2,0,NystromGram,representation,nystrom_gram__nystrom_degeneracy_v3__orthogonal_all__m3,3,False,test,60.92715625283239,0.0,0.0,True
bike-sharing,regression,tabicl_v2,0,NystromGram,representation,nystrom_gram__nystrom_degeneracy_v3__orthogonal_all__m4,4,False,validation,52.66603418294329,0.0,0.0,True
bike-sharing,regression,tabicl_v2,0,NystromGram,representation,nystrom_gram__nystrom_degeneracy_v3__orthogonal_all__m4,4,False,test,60.92715625283239,0.0,0.0,True
bike-sharing,regression,tabicl_v2,0,NystromGram,representation,nystrom_gram__nystrom_degeneracy_v3__orthogonal_all__m5,5,False,validation,52.66603418294329,0.0,0.0,True
bike-sharing,regression,tabicl_v2,0,NystromGram,representation,nystrom_gram__nystrom_degeneracy_v3__orthogonal_all__m5,5,False,test,60.92715625283239,0.0,0.0,True
bike-sharing,regression,tabicl_v2,0,NystromGram,representation,nystrom_gram__nystrom_degeneracy_v3__orthogonal_all__m6,6,False,validation,52.66603418294329,0.0,0.0,True
bike-sharing,regression,tabicl_v2,0,NystromGram,representation,nystrom_gram__nystrom_degeneracy_v3__orthogonal_all__m6,6,False,test,60.92715625283239,0.0,0.0,True
bike-sharing,regression,tabicl_v2,0,NystromGram,representation,nystrom_gram__nystrom_degeneracy_v3__orthogonal_all__m7,7,False,validation,52.66603418294329,0.0,0.0,True
bike-sharing,regression,tabicl_v2,0,NystromGram,representation,nystrom_gram__nystrom_degeneracy_v3__orthogonal_all__m7,7,False,test,60.92715625283239,0.0,0.0,True
bike-sharing,regression,tabicl_v2,0,HybridSpectral-t0.01,representation,hybrid_spectral__pivot_tie_v2__rbf_reference,-1,True,validation,59.63486933910921,0.0,0.325029653031379,False
bike-sharing,regression,tabicl_v2,0,HybridSpectral-t0.01,representation,hybrid_spectral__pivot_tie_v2__rbf_reference,-1,True,test,68.31856062954179,0.0,0.325029653031379,False
bike-sharing,regression,tabicl_v2,0,HybridSpectral-t0.01,representation,hybrid_spectral__pivot_tie_v2__orthogonal_all__m0,0,False,validation,59.63486933910921,0.0,0.0,True
bike-sharing,regression,tabicl_v2,0,HybridSpectral-t0.01,representation,hybrid_spectral__pivot_tie_v2__orthogonal_all__m0,0,False,test,68.31856062954179,0.0,0.0,True
bike-sharing,regression,tabicl_v2,0,HybridSpectral-t0.01,representation,hybrid_spectral__pivot_tie_v2__orthogonal_all__m1,1,False,validation,59.63486933910921,0.0,0.0,True
bike-sharing,regression,tabicl_v2,0,HybridSpectral-t0.01,representation,hybrid_spectral__pivot_tie_v2__orthogonal_all__m1,1,False,test,68.31856062954179,0.0,0.0,True
bike-sharing,regression,tabicl_v2,0,HybridSpectral-t0.01,representation,hybrid_spectral__pivot_tie_v2__orthogonal_all__m2,2,False,validation,59.63486933910921,0.0,0.0,True
bike-sharing,regression,tabicl_v2,0,HybridSpectral-t0.01,representation,hybrid_spectral__pivot_tie_v2__orthogonal_all__m2,2,False,test,68.31856062954179,0.0,0.0,True
bike-sharing,regression,tabicl_v2,0,HybridSpectral-t0.01,representation,hybrid_spectral__pivot_tie_v2__orthogonal_all__m3,3,False,validation,59.63486933910921,0.0,0.0,True
bike-sharing,regression,tabicl_v2,0,HybridSpectral-t0.01,representation,hybrid_spectral__pivot_tie_v2__orthogonal_all__m3,3,False,test,68.31856062954179,0.0,0.0,True
bike-sharing,regression,tabicl_v2,0,HybridSpectral-t0.01,representation,hybrid_spectral__pivot_tie_v2__orthogonal_all__m4,4,False,validation,59.63486933910921,0.0,0.0,True
bike-sharing,regression,tabicl_v2,0,HybridSpectral-t0.01,representation,hybrid_spectral__pivot_tie_v2__orthogonal_all__m4,4,False,test,68.31856062954179,0.0,0.0,True
bike-sharing,regression,tabicl_v2,0,HybridSpectral-t0.01,representation,hybrid_spectral__pivot_tie_v2__orthogonal_all__m5,5,False,validation,59.63486933910921,0.0,0.0,True
bike-sharing,regression,tabicl_v2,0,HybridSpectral-t0.01,representation,hybrid_spectral__pivot_tie_v2__orthogonal_all__m5,5,False,test,68.31856062954179,0.0,0.0,True
bike-sharing,regression,tabicl_v2,0,HybridSpectral-t0.01,representation,hybrid_spectral__pivot_tie_v2__orthogonal_all__m6,6,False,validation,59.63486933910921,0.0,0.0,True
bike-sharing,regression,tabicl_v2,0,HybridSpectral-t0.01,representation,hybrid_spectral__pivot_tie_v2__orthogonal_all__m6,6,False,test,68.31856062954179,0.0,0.0,True
bike-sharing,regression,tabicl_v2,0,HybridSpectral-t0.01,representation,hybrid_spectral__pivot_tie_v2__orthogonal_all__m7,7,False,validation,59.63486933910921,0.0,0.0,True
bike-sharing,regression,tabicl_v2,0,HybridSpectral-t0.01,representation,hybrid_spectral__pivot_tie_v2__orthogonal_all__m7,7,False,test,68.31856062954179,0.0,0.0,True
bike-sharing,regression,tabicl_v2,0,HybridSpectral-t0.05,representation,hybrid_spectral__pivot_tie_v2__rbf_reference,-1,True,validation,59.614519272947945,0.0,0.31036251108162105,False
bike-sharing,regression,tabicl_v2,0,HybridSpectral-t0.05,representation,hybrid_spectral__pivot_tie_v2__rbf_reference,-1,True,test,61.90286438417739,0.0,0.31036251108162105,False
bike-sharing,regression,tabicl_v2,0,HybridSpectral-t0.05,representation,hybrid_spectral__pivot_tie_v2__orthogonal_all__m0,0,False,validation,59.614519272947945,0.0,0.0,True
bike-sharing,regression,tabicl_v2,0,HybridSpectral-t0.05,representation,hybrid_spectral__pivot_tie_v2__orthogonal_all__m0,0,False,test,61.90286438417739,0.0,0.0,True
bike-sharing,regression,tabicl_v2,0,HybridSpectral-t0.05,representation,hybrid_spectral__pivot_tie_v2__orthogonal_all__m1,1,False,validation,59.614519272947945,0.0,0.0,True
bike-sharing,regression,tabicl_v2,0,HybridSpectral-t0.05,representation,hybrid_spectral__pivot_tie_v2__orthogonal_all__m1,1,False,test,61.90286438417739,0.0,0.0,True
bike-sharing,regression,tabicl_v2,0,HybridSpectral-t0.05,representation,hybrid_spectral__pivot_tie_v2__orthogonal_all__m2,2,False,validation,59.614519272947945,0.0,0.0,True
bike-sharing,regression,tabicl_v2,0,HybridSpectral-t0.05,representation,hybrid_spectral__pivot_tie_v2__orthogonal_all__m2,2,False,test,61.90286438417739,0.0,0.0,True
bike-sharing,regression,tabicl_v2,0,HybridSpectral-t0.05,representation,hybrid_spectral__pivot_tie_v2__orthogonal_all__m3,3,False,validation,59.614519272947945,0.0,0.0,True
bike-sharing,regression,tabicl_v2,0,HybridSpectral-t0.05,representation,hybrid_spectral__pivot_tie_v2__orthogonal_all__m3,3,False,test,61.90286438417739,0.0,0.0,True
bike-sharing,regression,tabicl_v2,0,HybridSpectral-t0.05,representation,hybrid_spectral__pivot_tie_v2__orthogonal_all__m4,4,False,validation,59.614519272947945,0.0,0.0,True
bike-sharing,regression,tabicl_v2,0,HybridSpectral-t0.05,representation,hybrid_spectral__pivot_tie_v2__orthogonal_all__m4,4,False,test,61.90286438417739,0.0,0.0,True
bike-sharing,regression,tabicl_v2,0,HybridSpectral-t0.05,representation,hybrid_spectral__pivot_tie_v2__orthogonal_all__m5,5,False,validation,59.614519272947945,0.0,0.0,True
bike-sharing,regression,tabicl_v2,0,HybridSpectral-t0.05,representation,hybrid_spectral__pivot_tie_v2__orthogonal_all__m5,5,False,test,61.90286438417739,0.0,0.0,True
bike-sharing,regression,tabicl_v2,0,HybridSpectral-t0.05,representation,hybrid_spectral__pivot_tie_v2__orthogonal_all__m6,6,False,validation,59.614519272947945,0.0,0.0,True
bike-sharing,regression,tabicl_v2,0,HybridSpectral-t0.05,representation,hybrid_spectral__pivot_tie_v2__orthogonal_all__m6,6,False,test,61.90286438417739,0.0,0.0,True
bike-sharing,regression,tabicl_v2,0,HybridSpectral-t0.05,representation,hybrid_spectral__pivot_tie_v2__orthogonal_all__m7,7,False,validation,59.614519272947945,0.0,0.0,True
bike-sharing,regression,tabicl_v2,0,HybridSpectral-t0.05,representation,hybrid_spectral__pivot_tie_v2__orthogonal_all__m7,7,False,test,61.90286438417739,0.0,0.0,True
bike-sharing,regression,tabicl_v2,0,HybridSpectral-t0.10,representation,hybrid_spectral__pivot_tie_v2__rbf_reference,-1,True,validation,59.614519272947945,0.0,0.31312020402401686,False
bike-sharing,regression,tabicl_v2,0,HybridSpectral-t0.10,representation,hybrid_spectral__pivot_tie_v2__rbf_reference,-1,True,test,61.90286438417739,0.0,0.31312020402401686,False
bike-sharing,regression,tabicl_v2,0,HybridSpectral-t0.10,representation,hybrid_spectral__pivot_tie_v2__orthogonal_all__m0,0,False,validation,59.614519272947945,0.0,0.0,True
bike-sharing,regression,tabicl_v2,0,HybridSpectral-t0.10,representation,hybrid_spectral__pivot_tie_v2__orthogonal_all__m0,0,False,test,61.90286438417739,0.0,0.0,True
bike-sharing,regression,tabicl_v2,0,HybridSpectral-t0.10,representation,hybrid_spectral__pivot_tie_v2__orthogonal_all__m1,1,False,validation,59.614519272947945,0.0,0.0,True
bike-sharing,regression,tabicl_v2,0,HybridSpectral-t0.10,representation,hybrid_spectral__pivot_tie_v2__orthogonal_all__m1,1,False,test,61.90286438417739,0.0,0.0,True
bike-sharing,regression,tabicl_v2,0,HybridSpectral-t0.10,representation,hybrid_spectral__pivot_tie_v2__orthogonal_all__m2,2,False,validation,59.614519272947945,0.0,0.0,True
bike-sharing,regression,tabicl_v2,0,HybridSpectral-t0.10,representation,hybrid_spectral__pivot_tie_v2__orthogonal_all__m2,2,False,test,61.90286438417739,0.0,0.0,True
bike-sharing,regression,tabicl_v2,0,HybridSpectral-t0.10,representation,hybrid_spectral__pivot_tie_v2__orthogonal_all__m3,3,False,validation,59.614519272947945,0.0,0.0,True
bike-sharing,regression,tabicl_v2,0,HybridSpectral-t0.10,representation,hybrid_spectral__pivot_tie_v2__orthogonal_all__m3,3,False,test,61.90286438417739,0.0,0.0,True
bike-sharing,regression,tabicl_v2,0,HybridSpectral-t0.10,representation,hybrid_spectral__pivot_tie_v2__orthogonal_all__m4,4,False,validation,59.614519272947945,0.0,0.0,True
bike-sharing,regression,tabicl_v2,0,HybridSpectral-t0.10,representation,hybrid_spectral__pivot_tie_v2__orthogonal_all__m4,4,False,test,61.90286438417739,0.0,0.0,True
bike-sharing,regression,tabicl_v2,0,HybridSpectral-t0.10,representation,hybrid_spectral__pivot_tie_v2__orthogonal_all__m5,5,False,validation,59.614519272947945,0.0,0.0,True
bike-sharing,regression,tabicl_v2,0,HybridSpectral-t0.10,representation,hybrid_spectral__pivot_tie_v2__orthogonal_all__m5,5,False,test,61.90286438417739,0.0,0.0,True
bike-sharing,regression,tabicl_v2,0,HybridSpectral-t0.10,representation,hybrid_spectral__pivot_tie_v2__orthogonal_all__m6,6,False,validation,59.614519272947945,0.0,0.0,True
bike-sharing,regression,tabicl_v2,0,HybridSpectral-t0.10,representation,hybrid_spectral__pivot_tie_v2__orthogonal_all__m6,6,False,test,61.90286438417739,0.0,0.0,True
bike-sharing,regression,tabicl_v2,0,HybridSpectral-t0.10,representation,hybrid_spectral__pivot_tie_v2__orthogonal_all__m7,7,False,validation,59.614519272947945,0.0,0.0,True
bike-sharing,regression,tabicl_v2,0,HybridSpectral-t0.10,representation,hybrid_spectral__pivot_tie_v2__orthogonal_all__m7,7,False,test,61.90286438417739,0.0,0.0,True
bike-sharing,regression,tabicl_v2,0,Raw+PCA@0.25,hybrid_prediction_mixture,rbf_reference,-1,True,validation,62.66658420933334,0.0,0.0,False
bike-sharing,regression,tabicl_v2,0,Raw+PCA@0.25,hybrid_prediction_mixture,rbf_reference,-1,True,test,67.19282966696716,0.0,0.0,False
bike-sharing,regression,tabicl_v2,0,Raw+PCA@0.25,hybrid_prediction_mixture,orthogonal_all__m0,0,False,validation,66.2708212093354,0.16302873766531717,0.0,True
bike-sharing,regression,tabicl_v2,0,Raw+PCA@0.25,hybrid_prediction_mixture,orthogonal_all__m0,0,False,test,73.68041438038622,0.15008524657614525,0.0,True
bike-sharing,regression,tabicl_v2,0,Raw+PCA@0.25,hybrid_prediction_mixture,orthogonal_all__m1,1,False,validation,67.7340847467685,0.17765639309716716,0.0,True
bike-sharing,regression,tabicl_v2,0,Raw+PCA@0.25,hybrid_prediction_mixture,orthogonal_all__m1,1,False,test,75.20076587605725,0.16640999303004386,0.0,True
bike-sharing,regression,tabicl_v2,0,Raw+PCA@0.25,hybrid_prediction_mixture,orthogonal_all__m2,2,False,validation,69.00666529307243,0.1939321913303954,0.0,True
bike-sharing,regression,tabicl_v2,0,Raw+PCA@0.25,hybrid_prediction_mixture,orthogonal_all__m2,2,False,test,76.97149335504717,0.17180623271534595,0.0,True
bike-sharing,regression,tabicl_v2,0,Raw+PCA@0.25,hybrid_prediction_mixture,orthogonal_all__m3,3,False,validation,70.254832123378,0.18660770083029693,0.0,True
bike-sharing,regression,tabicl_v2,0,Raw+PCA@0.25,hybrid_prediction_mixture,orthogonal_all__m3,3,False,test,75.38638713153152,0.18916018885247535,0.0,True
bike-sharing,regression,tabicl_v2,0,Raw+PCA@0.25,hybrid_prediction_mixture,orthogonal_all__m4,4,False,validation,60.83840212549488,0.16241521145977506,0.0,True
bike-sharing,regression,tabicl_v2,0,Raw+PCA@0.25,hybrid_prediction_mixture,orthogonal_all__m4,4,False,test,70.82869788314993,0.13764114467057492,0.0,True
bike-sharing,regression,tabicl_v2,0,Raw+PCA@0.25,hybrid_prediction_mixture,orthogonal_all__m5,5,False,validation,67.37135633615924,0.1920549624553421,0.0,True
bike-sharing,regression,tabicl_v2,0,Raw+PCA@0.25,hybrid_prediction_mixture,orthogonal_all__m5,5,False,test,72.64206932638322,0.16906654542631666,0.0,True
bike-sharing,regression,tabicl_v2,0,Raw+PCA@0.25,hybrid_prediction_mixture,orthogonal_all__m6,6,False,validation,64.49292074097194,0.17362719620267353,0.0,True
bike-sharing,regression,tabicl_v2,0,Raw+PCA@0.25,hybrid_prediction_mixture,orthogonal_all__m6,6,False,test,68.68301630639202,0.13585674324652225,0.0,True
bike-sharing,regression,tabicl_v2,0,Raw+PCA@0.25,hybrid_prediction_mixture,orthogonal_all__m7,7,False,validation,62.988864930427475,0.15873131071525198,0.0,True
bike-sharing,regression,tabicl_v2,0,Raw+PCA@0.25,hybrid_prediction_mixture,orthogonal_all__m7,7,False,test,68.72799739990946,0.14700941152799643,0.0,True
bike-sharing,regression,tabicl_v2,0,Raw+PCA@0.5,hybrid_prediction_mixture,rbf_reference,-1,True,validation,59.801521760976364,0.0,0.0,False
bike-sharing,regression,tabicl_v2,0,Raw+PCA@0.5,hybrid_prediction_mixture,rbf_reference,-1,True,test,65.26986399226092,0.0,0.0,False
bike-sharing,regression,tabicl_v2,0,Raw+PCA@0.5,hybrid_prediction_mixture,orthogonal_all__m0,0,False,validation,62.446272094435955,0.10868582511021144,0.0,True
bike-sharing,regression,tabicl_v2,0,Raw+PCA@0.5,hybrid_prediction_mixture,orthogonal_all__m0,0,False,test,69.32100937366566,0.10005683105076349,0.0,True
bike-sharing,regression,tabicl_v2,0,Raw+PCA@0.5,hybrid_prediction_mixture,orthogonal_all__m1,1,False,validation,63.30494475407282,0.11843759539811143,0.0,True
bike-sharing,regression,tabicl_v2,0,Raw+PCA@0.5,hybrid_prediction_mixture,orthogonal_all__m1,1,False,test,70.24325048705907,0.11093999535336257,0.0,True
bike-sharing,regression,tabicl_v2,0,Raw+PCA@0.5,hybrid_prediction_mixture,orthogonal_all__m2,2,False,validation,63.6530761337823,0.12928812755359692,0.0,True
bike-sharing,regression,tabicl_v2,0,Raw+PCA@0.5,hybrid_prediction_mixture,orthogonal_all__m2,2,False,test,71.43581277559618,0.11453748847689728,0.0,True
bike-sharing,regression,tabicl_v2,0,Raw+PCA@0.5,hybrid_prediction_mixture,orthogonal_all__m3,3,False,validation,64.4004047738294,0.1244051338868646,0.0,True
bike-sharing,regression,tabicl_v2,0,Raw+PCA@0.5,hybrid_prediction_mixture,orthogonal_all__m3,3,False,test,70.02124467616585,0.12610679256831692,0.0,True
bike-sharing,regression,tabicl_v2,0,Raw+PCA@0.5,hybrid_prediction_mixture,orthogonal_all__m4,4,False,validation,58.9168438119091,0.10827680763985002,0.0,True
bike-sharing,regression,tabicl_v2,0,Raw+PCA@0.5,hybrid_prediction_mixture,orthogonal_all__m4,4,False,test,67.74837522127153,0.0917607631137166,0.0,True
bike-sharing,regression,tabicl_v2,0,Raw+PCA@0.5,hybrid_prediction_mixture,orthogonal_all__m5,5,False,validation,62.85946686639014,0.1280366416368947,0.0,True
bike-sharing,regression,tabicl_v2,0,Raw+PCA@0.5,hybrid_prediction_mixture,orthogonal_all__m5,5,False,test,68.84212906130092,0.11271103028421108,0.0,True
bike-sharing,regression,tabicl_v2,0,Raw+PCA@0.5,hybrid_prediction_mixture,orthogonal_all__m6,6,False,validation,61.10486045959645,0.11575146413511568,0.0,True
bike-sharing,regression,tabicl_v2,0,Raw+PCA@0.5,hybrid_prediction_mixture,orthogonal_all__m6,6,False,test,66.58189207468965,0.09057116216434816,0.0,True
bike-sharing,regression,tabicl_v2,0,Raw+PCA@0.5,hybrid_prediction_mixture,orthogonal_all__m7,7,False,validation,60.69110850418532,0.10582087381016798,0.0,True
bike-sharing,regression,tabicl_v2,0,Raw+PCA@0.5,hybrid_prediction_mixture,orthogonal_all__m7,7,False,test,66.53373275118524,0.09800627435199763,0.0,True
bike-sharing,regression,tabicl_v2,0,Raw+PCA@0.75,hybrid_prediction_mixture,rbf_reference,-1,True,validation,59.230079612256766,0.0,0.0,False
bike-sharing,regression,tabicl_v2,0,Raw+PCA@0.75,hybrid_prediction_mixture,rbf_reference,-1,True,test,64.88905513230104,0.0,0.0,False
bike-sharing,regression,tabicl_v2,0,Raw+PCA@0.75,hybrid_prediction_mixture,orthogonal_all__m0,0,False,validation,60.63505780767426,0.05434291255510572,0.0,True
bike-sharing,regression,tabicl_v2,0,Raw+PCA@0.75,hybrid_prediction_mixture,orthogonal_all__m0,0,False,test,66.71727139785185,0.050028415525381745,0.0,True
bike-sharing,regression,tabicl_v2,0,Raw+PCA@0.75,hybrid_prediction_mixture,orthogonal_all__m1,1,False,validation,60.98547261102139,0.05921879769905571,0.0,True
bike-sharing,regression,tabicl_v2,0,Raw+PCA@0.75,hybrid_prediction_mixture,orthogonal_all__m1,1,False,test,67.11524138488801,0.05546999767668129,0.0,True
bike-sharing,regression,tabicl_v2,0,Raw+PCA@0.75,hybrid_prediction_mixture,orthogonal_all__m2,2,False,validation,60.87217263334654,0.06464406377679846,0.0,True
bike-sharing,regression,tabicl_v2,0,Raw+PCA@0.75,hybrid_prediction_mixture,orthogonal_all__m2,2,False,test,67.70227618345332,0.05726874423844864,0.0,True
bike-sharing,regression,tabicl_v2,0,Raw+PCA@0.75,hybrid_prediction_mixture,orthogonal_all__m3,3,False,validation,61.18152423381283,0.0622025669434323,0.0,True
bike-sharing,regression,tabicl_v2,0,Raw+PCA@0.75,hybrid_prediction_mixture,orthogonal_all__m3,3,False,test,66.81316263304976,0.06305339628415846,0.0,True
bike-sharing,regression,tabicl_v2,0,Raw+PCA@0.75,hybrid_prediction_mixture,orthogonal_all__m4,4,False,validation,58.97828423917274,0.05413840381992501,0.0,True
bike-sharing,regression,tabicl_v2,0,Raw+PCA@0.75,hybrid_prediction_mixture,orthogonal_all__m4,4,False,test,66.12866736240248,0.0458803815568583,0.0,True
bike-sharing,regression,tabicl_v2,0,Raw+PCA@0.75,hybrid_prediction_mixture,orthogonal_all__m5,5,False,validation,60.65772779541878,0.06401832081844736,0.0,True
bike-sharing,regression,tabicl_v2,0,Raw+PCA@0.75,hybrid_prediction_mixture,orthogonal_all__m5,5,False,test,66.60086414578801,0.05635551514210554,0.0,True
bike-sharing,regression,tabicl_v2,0,Raw+PCA@0.75,hybrid_prediction_mixture,orthogonal_all__m6,6,False,validation,59.90302397475906,0.05787573206755784,0.0,True
bike-sharing,regression,tabicl_v2,0,Raw+PCA@0.75,hybrid_prediction_mixture,orthogonal_all__m6,6,False,test,65.69694989782126,0.04528558108217408,0.0,True
bike-sharing,regression,tabicl_v2,0,Raw+PCA@0.75,hybrid_prediction_mixture,orthogonal_all__m7,7,False,validation,60.015766271537494,0.05291043690508399,0.0,True
bike-sharing,regression,tabicl_v2,0,Raw+PCA@0.75,hybrid_prediction_mixture,orthogonal_all__m7,7,False,test,65.63244752573281,0.049003137175998815,0.0,True
bike-sharing,regression,tabicl_v2,0,Raw+PCA@1,hybrid_prediction_mixture,rbf_reference,-1,True,validation,61.0167333958702,0.0,0.0,False
bike-sharing,regression,tabicl_v2,0,Raw+PCA@1,hybrid_prediction_mixture,rbf_reference,-1,True,test,66.0770712867766,0.0,0.0,False
bike-sharing,regression,tabicl_v2,0,Raw+PCA@1,hybrid_prediction_mixture,orthogonal_all__m0,0,False,validation,61.0167333958702,0.0,0.0,True
bike-sharing,regression,tabicl_v2,0,Raw+PCA@1,hybrid_prediction_mixture,orthogonal_all__m0,0,False,test,66.0770712867766,0.0,0.0,True
bike-sharing,regression,tabicl_v2,0,Raw+PCA@1,hybrid_prediction_mixture,orthogonal_all__m1,1,False,validation,61.0167333958702,0.0,0.0,True
bike-sharing,regression,tabicl_v2,0,Raw+PCA@1,hybrid_prediction_mixture,orthogonal_all__m1,1,False,test,66.0770712867766,0.0,0.0,True
bike-sharing,regression,tabicl_v2,0,Raw+PCA@1,hybrid_prediction_mixture,orthogonal_all__m2,2,False,validation,61.0167333958702,0.0,0.0,True
bike-sharing,regression,tabicl_v2,0,Raw+PCA@1,hybrid_prediction_mixture,orthogonal_all__m2,2,False,test,66.0770712867766,0.0,0.0,True
bike-sharing,regression,tabicl_v2,0,Raw+PCA@1,hybrid_prediction_mixture,orthogonal_all__m3,3,False,validation,61.0167333958702,0.0,0.0,True
bike-sharing,regression,tabicl_v2,0,Raw+PCA@1,hybrid_prediction_mixture,orthogonal_all__m3,3,False,test,66.0770712867766,0.0,0.0,True
bike-sharing,regression,tabicl_v2,0,Raw+PCA@1,hybrid_prediction_mixture,orthogonal_all__m4,4,False,validation,61.0167333958702,0.0,0.0,True
bike-sharing,regression,tabicl_v2,0,Raw+PCA@1,hybrid_prediction_mixture,orthogonal_all__m4,4,False,test,66.0770712867766,0.0,0.0,True
bike-sharing,regression,tabicl_v2,0,Raw+PCA@1,hybrid_prediction_mixture,orthogonal_all__m5,5,False,validation,61.0167333958702,0.0,0.0,True
bike-sharing,regression,tabicl_v2,0,Raw+PCA@1,hybrid_prediction_mixture,orthogonal_all__m5,5,False,test,66.0770712867766,0.0,0.0,True
bike-sharing,regression,tabicl_v2,0,Raw+PCA@1,hybrid_prediction_mixture,orthogonal_all__m6,6,False,validation,61.0167333958702,0.0,0.0,True
bike-sharing,regression,tabicl_v2,0,Raw+PCA@1,hybrid_prediction_mixture,orthogonal_all__m6,6,False,test,66.0770712867766,0.0,0.0,True
bike-sharing,regression,tabicl_v2,0,Raw+PCA@1,hybrid_prediction_mixture,orthogonal_all__m7,7,False,validation,61.0167333958702,0.0,0.0,True
bike-sharing,regression,tabicl_v2,0,Raw+PCA@1,hybrid_prediction_mixture,orthogonal_all__m7,7,False,test,66.0770712867766,0.0,0.0,True
bike-sharing,regression,tabicl_v2,0,Raw+GramAnchor@0.25,hybrid_prediction_mixture,rbf_reference,-1,True,validation,66.03995000715565,0.0,0.0,False
bike-sharing,regression,tabicl_v2,0,Raw+GramAnchor@0.25,hybrid_prediction_mixture,rbf_reference,-1,True,test,70.26991204656625,0.0,0.0,False
bike-sharing,regression,tabicl_v2,0,Raw+GramAnchor@0.25,hybrid_prediction_mixture,orthogonal_all__m0,0,False,validation,68.65174670721828,0.16302873766531717,0.0,True
bike-sharing,regression,tabicl_v2,0,Raw+GramAnchor@0.25,hybrid_prediction_mixture,orthogonal_all__m0,0,False,test,77.16498439525449,0.15008524657614525,0.0,True
bike-sharing,regression,tabicl_v2,0,Raw+GramAnchor@0.25,hybrid_prediction_mixture,orthogonal_all__m1,1,False,validation,70.63837806639508,0.17765639309716716,0.0,True
bike-sharing,regression,tabicl_v2,0,Raw+GramAnchor@0.25,hybrid_prediction_mixture,orthogonal_all__m1,1,False,test,79.07437910255398,0.16640999303004386,0.0,True
bike-sharing,regression,tabicl_v2,0,Raw+GramAnchor@0.25,hybrid_prediction_mixture,orthogonal_all__m2,2,False,validation,72.2621996910043,0.1939321913303954,0.0,True
bike-sharing,regression,tabicl_v2,0,Raw+GramAnchor@0.25,hybrid_prediction_mixture,orthogonal_all__m2,2,False,test,80.81643374825903,0.17180623271534595,0.0,True
bike-sharing,regression,tabicl_v2,0,Raw+GramAnchor@0.25,hybrid_prediction_mixture,orthogonal_all__m3,3,False,validation,73.93524320179219,0.18660770083029693,0.0,True
bike-sharing,regression,tabicl_v2,0,Raw+GramAnchor@0.25,hybrid_prediction_mixture,orthogonal_all__m3,3,False,test,79.52302586999753,0.18916018885247535,0.0,True
bike-sharing,regression,tabicl_v2,0,Raw+GramAnchor@0.25,hybrid_prediction_mixture,orthogonal_all__m4,4,False,validation,63.28710349787921,0.16241521145977506,0.0,True
bike-sharing,regression,tabicl_v2,0,Raw+GramAnchor@0.25,hybrid_prediction_mixture,orthogonal_all__m4,4,False,test,73.87785590463778,0.13764114467057492,0.0,True
bike-sharing,regression,tabicl_v2,0,Raw+GramAnchor@0.25,hybrid_prediction_mixture,orthogonal_all__m5,5,False,validation,69.90688504318739,0.1920549624553421,0.0,True
bike-sharing,regression,tabicl_v2,0,Raw+GramAnchor@0.25,hybrid_prediction_mixture,orthogonal_all__m5,5,False,test,75.80915426711137,0.16906654542631666,0.0,True
bike-sharing,regression,tabicl_v2,0,Raw+GramAnchor@0.25,hybrid_prediction_mixture,orthogonal_all__m6,6,False,validation,67.31254128930443,0.17362719620267353,0.0,True
bike-sharing,regression,tabicl_v2,0,Raw+GramAnchor@0.25,hybrid_prediction_mixture,orthogonal_all__m6,6,False,test,71.57945229337618,0.13585674324652225,0.0,True
bike-sharing,regression,tabicl_v2,0,Raw+GramAnchor@0.25,hybrid_prediction_mixture,orthogonal_all__m7,7,False,validation,64.94823175512688,0.15873131071525198,0.0,True
bike-sharing,regression,tabicl_v2,0,Raw+GramAnchor@0.25,hybrid_prediction_mixture,orthogonal_all__m7,7,False,test,71.22723763249591,0.14700941152799643,0.0,True
bike-sharing,regression,tabicl_v2,0,Raw+GramAnchor@0.5,hybrid_prediction_mixture,rbf_reference,-1,True,validation,65.51188232049864,0.0,0.0,False
bike-sharing,regression,tabicl_v2,0,Raw+GramAnchor@0.5,hybrid_prediction_mixture,rbf_reference,-1,True,test,71.18685600937033,0.0,0.0,False
bike-sharing,regression,tabicl_v2,0,Raw+GramAnchor@0.5,hybrid_prediction_mixture,orthogonal_all__m0,0,False,validation,66.81723905065425,0.10868582511021144,0.0,True
bike-sharing,regression,tabicl_v2,0,Raw+GramAnchor@0.5,hybrid_prediction_mixture,orthogonal_all__m0,0,False,test,75.8266349045608,0.10005683105076349,0.0,True
bike-sharing,regression,tabicl_v2,0,Raw+GramAnchor@0.5,hybrid_prediction_mixture,orthogonal_all__m1,1,False,validation,68.41077460759436,0.11843759539811143,0.0,True
bike-sharing,regression,tabicl_v2,0,Raw+GramAnchor@0.5,hybrid_prediction_mixture,orthogonal_all__m1,1,False,test,77.29393019006073,0.11093999535336257,0.0,True
bike-sharing,regression,tabicl_v2,0,Raw+GramAnchor@0.5,hybrid_prediction_mixture,orthogonal_all__m2,2,False,validation,69.29363169377946,0.12928812755359692,0.0,True
bike-sharing,regression,tabicl_v2,0,Raw+GramAnchor@0.5,hybrid_prediction_mixture,orthogonal_all__m2,2,False,test,78.45650596759998,0.11453748847689728,0.0,True
bike-sharing,regression,tabicl_v2,0,Raw+GramAnchor@0.5,hybrid_prediction_mixture,orthogonal_all__m3,3,False,validation,70.6517484718912,0.1244051338868646,0.0,True
bike-sharing,regression,tabicl_v2,0,Raw+GramAnchor@0.5,hybrid_prediction_mixture,orthogonal_all__m3,3,False,test,77.46492642991934,0.12610679256831692,0.0,True
bike-sharing,regression,tabicl_v2,0,Raw+GramAnchor@0.5,hybrid_prediction_mixture,orthogonal_all__m4,4,False,validation,63.349364419207056,0.10827680763985002,0.0,True
bike-sharing,regression,tabicl_v2,0,Raw+GramAnchor@0.5,hybrid_prediction_mixture,orthogonal_all__m4,4,False,test,73.6314309689858,0.0917607631137166,0.0,True
bike-sharing,regression,tabicl_v2,0,Raw+GramAnchor@0.5,hybrid_prediction_mixture,orthogonal_all__m5,5,False,validation,67.46921937807763,0.1280366416368947,0.0,True
bike-sharing,regression,tabicl_v2,0,Raw+GramAnchor@0.5,hybrid_prediction_mixture,orthogonal_all__m5,5,False,test,74.89692914724057,0.11271103028421108,0.0,True
bike-sharing,regression,tabicl_v2,0,Raw+GramAnchor@0.5,hybrid_prediction_mixture,orthogonal_all__m6,6,False,validation,66.07580180031306,0.11575146413511568,0.0,True
bike-sharing,regression,tabicl_v2,0,Raw+GramAnchor@0.5,hybrid_prediction_mixture,orthogonal_all__m6,6,False,test,72.23755567735907,0.09057116216434816,0.0,True
bike-sharing,regression,tabicl_v2,0,Raw+GramAnchor@0.5,hybrid_prediction_mixture,orthogonal_all__m7,7,False,validation,64.4540974771631,0.10582087381016798,0.0,True
bike-sharing,regression,tabicl_v2,0,Raw+GramAnchor@0.5,hybrid_prediction_mixture,orthogonal_all__m7,7,False,test,71.6697124437609,0.09800627435199763,0.0,True
bike-sharing,regression,tabicl_v2,0,Raw+GramAnchor@0.75,hybrid_prediction_mixture,rbf_reference,-1,True,validation,65.97297803015128,0.0,0.0,False
bike-sharing,regression,tabicl_v2,0,Raw+GramAnchor@0.75,hybrid_prediction_mixture,rbf_reference,-1,True,test,73.23849331888444,0.0,0.0,False
bike-sharing,regression,tabicl_v2,0,Raw+GramAnchor@0.75,hybrid_prediction_mixture,orthogonal_all__m0,0,False,validation,66.3920785662172,0.05434291255510572,0.0,True
bike-sharing,regression,tabicl_v2,0,Raw+GramAnchor@0.75,hybrid_prediction_mixture,orthogonal_all__m0,0,False,test,75.54554191683613,0.050028415525381745,0.0,True
bike-sharing,regression,tabicl_v2,0,Raw+GramAnchor@0.75,hybrid_prediction_mixture,orthogonal_all__m1,1,False,validation,67.31388688650054,0.05921879769905571,0.0,True
bike-sharing,regression,tabicl_v2,0,Raw+GramAnchor@0.75,hybrid_prediction_mixture,orthogonal_all__m1,1,False,test,76.36989665791106,0.05546999767668129,0.0,True
bike-sharing,regression,tabicl_v2,0,Raw+GramAnchor@0.75,hybrid_prediction_mixture,orthogonal_all__m2,2,False,validation,67.64158727607445,0.06464406377679846,0.0,True
bike-sharing,regression,tabicl_v2,0,Raw+GramAnchor@0.75,hybrid_prediction_mixture,orthogonal_all__m2,2,False,test,76.94534828162547,0.05726874423844864,0.0,True
bike-sharing,regression,tabicl_v2,0,Raw+GramAnchor@0.75,hybrid_prediction_mixture,orthogonal_all__m3,3,False,validation,68.43913308193756,0.0622025669434323,0.0,True
bike-sharing,regression,tabicl_v2,0,Raw+GramAnchor@0.75,hybrid_prediction_mixture,orthogonal_all__m3,3,False,test,76.38786701489242,0.06305339628415846,0.0,True
bike-sharing,regression,tabicl_v2,0,Raw+GramAnchor@0.75,hybrid_prediction_mixture,orthogonal_all__m4,4,False,validation,64.7490662988657,0.05413840381992501,0.0,True
bike-sharing,regression,tabicl_v2,0,Raw+GramAnchor@0.75,hybrid_prediction_mixture,orthogonal_all__m4,4,False,test,74.46164813949898,0.0458803815568583,0.0,True
bike-sharing,regression,tabicl_v2,0,Raw+GramAnchor@0.75,hybrid_prediction_mixture,orthogonal_all__m5,5,False,validation,66.6144889793594,0.06401832081844736,0.0,True
bike-sharing,regression,tabicl_v2,0,Raw+GramAnchor@0.75,hybrid_prediction_mixture,orthogonal_all__m5,5,False,test,75.07420320536686,0.05635551514210554,0.0,True
bike-sharing,regression,tabicl_v2,0,Raw+GramAnchor@0.75,hybrid_prediction_mixture,orthogonal_all__m6,6,False,validation,66.10651215465828,0.05787573206755784,0.0,True
bike-sharing,regression,tabicl_v2,0,Raw+GramAnchor@0.75,hybrid_prediction_mixture,orthogonal_all__m6,6,False,test,73.84208647398731,0.04528558108217408,0.0,True
bike-sharing,regression,tabicl_v2,0,Raw+GramAnchor@0.75,hybrid_prediction_mixture,orthogonal_all__m7,7,False,validation,65.28878297888735,0.05291043690508399,0.0,True
bike-sharing,regression,tabicl_v2,0,Raw+GramAnchor@0.75,hybrid_prediction_mixture,orthogonal_all__m7,7,False,test,73.40097526362666,0.049003137175998815,0.0,True
bike-sharing,regression,tabicl_v2,0,Raw+GramAnchor@1,hybrid_prediction_mixture,rbf_reference,-1,True,validation,67.40293993531365,0.0,0.0,False
bike-sharing,regression,tabicl_v2,0,Raw+GramAnchor@1,hybrid_prediction_mixture,rbf_reference,-1,True,test,76.33338617142907,0.0,0.0,False
bike-sharing,regression,tabicl_v2,0,Raw+GramAnchor@1,hybrid_prediction_mixture,orthogonal_all__m0,0,False,validation,67.40293993531365,0.0,0.0,True
bike-sharing,regression,tabicl_v2,0,Raw+GramAnchor@1,hybrid_prediction_mixture,orthogonal_all__m0,0,False,test,76.33338617142907,0.0,0.0,True
bike-sharing,regression,tabicl_v2,0,Raw+GramAnchor@1,hybrid_prediction_mixture,orthogonal_all__m1,1,False,validation,67.40293993531365,0.0,0.0,True
bike-sharing,regression,tabicl_v2,0,Raw+GramAnchor@1,hybrid_prediction_mixture,orthogonal_all__m1,1,False,test,76.33338617142907,0.0,0.0,True
bike-sharing,regression,tabicl_v2,0,Raw+GramAnchor@1,hybrid_prediction_mixture,orthogonal_all__m2,2,False,validation,67.40293993531365,0.0,0.0,True
bike-sharing,regression,tabicl_v2,0,Raw+GramAnchor@1,hybrid_prediction_mixture,orthogonal_all__m2,2,False,test,76.33338617142907,0.0,0.0,True
bike-sharing,regression,tabicl_v2,0,Raw+GramAnchor@1,hybrid_prediction_mixture,orthogonal_all__m3,3,False,validation,67.40293993531365,0.0,0.0,True
bike-sharing,regression,tabicl_v2,0,Raw+GramAnchor@1,hybrid_prediction_mixture,orthogonal_all__m3,3,False,test,76.33338617142907,0.0,0.0,True
bike-sharing,regression,tabicl_v2,0,Raw+GramAnchor@1,hybrid_prediction_mixture,orthogonal_all__m4,4,False,validation,67.40293993531365,0.0,0.0,True
bike-sharing,regression,tabicl_v2,0,Raw+GramAnchor@1,hybrid_prediction_mixture,orthogonal_all__m4,4,False,test,76.33338617142907,0.0,0.0,True
bike-sharing,regression,tabicl_v2,0,Raw+GramAnchor@1,hybrid_prediction_mixture,orthogonal_all__m5,5,False,validation,67.40293993531365,0.0,0.0,True
bike-sharing,regression,tabicl_v2,0,Raw+GramAnchor@1,hybrid_prediction_mixture,orthogonal_all__m5,5,False,test,76.33338617142907,0.0,0.0,True
bike-sharing,regression,tabicl_v2,0,Raw+GramAnchor@1,hybrid_prediction_mixture,orthogonal_all__m6,6,False,validation,67.40293993531365,0.0,0.0,True
bike-sharing,regression,tabicl_v2,0,Raw+GramAnchor@1,hybrid_prediction_mixture,orthogonal_all__m6,6,False,test,76.33338617142907,0.0,0.0,True
bike-sharing,regression,tabicl_v2,0,Raw+GramAnchor@1,hybrid_prediction_mixture,orthogonal_all__m7,7,False,validation,67.40293993531365,0.0,0.0,True
bike-sharing,regression,tabicl_v2,0,Raw+GramAnchor@1,hybrid_prediction_mixture,orthogonal_all__m7,7,False,test,76.33338617142907,0.0,0.0,True
bike-sharing,regression,tabicl_v2,0,Raw+GramAnchor-m8@0.25,hybrid_prediction_mixture,rbf_reference,-1,True,validation,67.46772692400803,0.0,0.0,False
bike-sharing,regression,tabicl_v2,0,Raw+GramAnchor-m8@0.25,hybrid_prediction_mixture,rbf_reference,-1,True,test,71.34375170754717,0.0,0.0,False
bike-sharing,regression,tabicl_v2,0,Raw+GramAnchor-m8@0.25,hybrid_prediction_mixture,orthogonal_all__m0,0,False,validation,71.57838429873337,0.16302873766531717,0.0,True
bike-sharing,regression,tabicl_v2,0,Raw+GramAnchor-m8@0.25,hybrid_prediction_mixture,orthogonal_all__m0,0,False,test,78.61595319780264,0.15008524657614525,0.0,True
bike-sharing,regression,tabicl_v2,0,Raw+GramAnchor-m8@0.25,hybrid_prediction_mixture,orthogonal_all__m1,1,False,validation,73.63147204860311,0.17765639309716716,0.0,True
bike-sharing,regression,tabicl_v2,0,Raw+GramAnchor-m8@0.25,hybrid_prediction_mixture,orthogonal_all__m1,1,False,test,80.99246448119548,0.16640999303004386,0.0,True
bike-sharing,regression,tabicl_v2,0,Raw+GramAnchor-m8@0.25,hybrid_prediction_mixture,orthogonal_all__m2,2,False,validation,75.28950598636587,0.1939321913303954,0.0,True
bike-sharing,regression,tabicl_v2,0,Raw+GramAnchor-m8@0.25,hybrid_prediction_mixture,orthogonal_all__m2,2,False,test,82.39689533175078,0.17180623271534595,0.0,True
bike-sharing,regression,tabicl_v2,0,Raw+GramAnchor-m8@0.25,hybrid_prediction_mixture,orthogonal_all__m3,3,False,validation,76.83151599979169,0.18660770083029693,0.0,True
bike-sharing,regression,tabicl_v2,0,Raw+GramAnchor-m8@0.25,hybrid_prediction_mixture,orthogonal_all__m3,3,False,test,81.44361393007979,0.18916018885247535,0.0,True
bike-sharing,regression,tabicl_v2,0,Raw+GramAnchor-m8@0.25,hybrid_prediction_mixture,orthogonal_all__m4,4,False,validation,65.85032781920853,0.16241521145977506,0.0,True
bike-sharing,regression,tabicl_v2,0,Raw+GramAnchor-m8@0.25,hybrid_prediction_mixture,orthogonal_all__m4,4,False,test,75.39287247774612,0.13764114467057492,0.0,True
bike-sharing,regression,tabicl_v2,0,Raw+GramAnchor-m8@0.25,hybrid_prediction_mixture,orthogonal_all__m5,5,False,validation,72.81920681591264,0.1920549624553421,0.0,True
bike-sharing,regression,tabicl_v2,0,Raw+GramAnchor-m8@0.25,hybrid_prediction_mixture,orthogonal_all__m5,5,False,test,77.06091376083108,0.16906654542631666,0.0,True
bike-sharing,regression,tabicl_v2,0,Raw+GramAnchor-m8@0.25,hybrid_prediction_mixture,orthogonal_all__m6,6,False,validation,69.79567470239118,0.17362719620267353,0.0,True
bike-sharing,regression,tabicl_v2,0,Raw+GramAnchor-m8@0.25,hybrid_prediction_mixture,orthogonal_all__m6,6,False,test,72.85027066848137,0.13585674324652225,0.0,True
bike-sharing,regression,tabicl_v2,0,Raw+GramAnchor-m8@0.25,hybrid_prediction_mixture,orthogonal_all__m7,7,False,validation,66.80663775384106,0.15873131071525198,0.0,True
bike-sharing,regression,tabicl_v2,0,Raw+GramAnchor-m8@0.25,hybrid_prediction_mixture,orthogonal_all__m7,7,False,test,72.50861831758327,0.14700941152799643,0.0,True
bike-sharing,regression,tabicl_v2,0,Raw+GramAnchor-m8@0.5,hybrid_prediction_mixture,rbf_reference,-1,True,validation,69.09041626286732,0.0,0.0,False
bike-sharing,regression,tabicl_v2,0,Raw+GramAnchor-m8@0.5,hybrid_prediction_mixture,rbf_reference,-1,True,test,73.82217897450622,0.0,0.0,False
bike-sharing,regression,tabicl_v2,0,Raw+GramAnchor-m8@0.5,hybrid_prediction_mixture,orthogonal_all__m0,0,False,validation,72.38278192991729,0.10868582511021144,0.0,True
bike-sharing,regression,tabicl_v2,0,Raw+GramAnchor-m8@0.5,hybrid_prediction_mixture,orthogonal_all__m0,0,False,test,78.93314523527121,0.10005683105076349,0.0,True
bike-sharing,regression,tabicl_v2,0,Raw+GramAnchor-m8@0.5,hybrid_prediction_mixture,orthogonal_all__m1,1,False,validation,74.04934186795293,0.11843759539811143,0.0,True
bike-sharing,regression,tabicl_v2,0,Raw+GramAnchor-m8@0.5,hybrid_prediction_mixture,orthogonal_all__m1,1,False,test,81.01295753816744,0.11093999535336257,0.0,True
bike-sharing,regression,tabicl_v2,0,Raw+GramAnchor-m8@0.5,hybrid_prediction_mixture,orthogonal_all__m2,2,False,validation,74.99804214137389,0.12928812755359692,0.0,True
bike-sharing,regression,tabicl_v2,0,Raw+GramAnchor-m8@0.5,hybrid_prediction_mixture,orthogonal_all__m2,2,False,test,81.72358904148142,0.11453748847689728,0.0,True
bike-sharing,regression,tabicl_v2,0,Raw+GramAnchor-m8@0.5,hybrid_prediction_mixture,orthogonal_all__m3,3,False,validation,76.16695544592187,0.1244051338868646,0.0,True
bike-sharing,regression,tabicl_v2,0,Raw+GramAnchor-m8@0.5,hybrid_prediction_mixture,orthogonal_all__m3,3,False,test,81.19360063390974,0.12610679256831692,0.0,True
bike-sharing,regression,tabicl_v2,0,Raw+GramAnchor-m8@0.5,hybrid_prediction_mixture,orthogonal_all__m4,4,False,validation,68.42518712959665,0.10827680763985002,0.0,True
bike-sharing,regression,tabicl_v2,0,Raw+GramAnchor-m8@0.5,hybrid_prediction_mixture,orthogonal_all__m4,4,False,test,76.82774853434638,0.0917607631137166,0.0,True
bike-sharing,regression,tabicl_v2,0,Raw+GramAnchor-m8@0.5,hybrid_prediction_mixture,orthogonal_all__m5,5,False,validation,73.03310636306229,0.1280366416368947,0.0,True
bike-sharing,regression,tabicl_v2,0,Raw+GramAnchor-m8@0.5,hybrid_prediction_mixture,orthogonal_all__m5,5,False,test,77.74366355386617,0.11271103028421108,0.0,True
bike-sharing,regression,tabicl_v2,0,Raw+GramAnchor-m8@0.5,hybrid_prediction_mixture,orthogonal_all__m6,6,False,validation,71.04558791188981,0.11575146413511568,0.0,True
bike-sharing,regression,tabicl_v2,0,Raw+GramAnchor-m8@0.5,hybrid_prediction_mixture,orthogonal_all__m6,6,False,test,75.11574308926069,0.09057116216434816,0.0,True
bike-sharing,regression,tabicl_v2,0,Raw+GramAnchor-m8@0.5,hybrid_prediction_mixture,orthogonal_all__m7,7,False,validation,68.61721885317286,0.10582087381016798,0.0,True
bike-sharing,regression,tabicl_v2,0,Raw+GramAnchor-m8@0.5,hybrid_prediction_mixture,orthogonal_all__m7,7,False,test,74.57550958373558,0.09800627435199763,0.0,True
bike-sharing,regression,tabicl_v2,0,Raw+GramAnchor-m8@0.75,hybrid_prediction_mixture,rbf_reference,-1,True,validation,72.28840138456773,0.0,0.0,False
bike-sharing,regression,tabicl_v2,0,Raw+GramAnchor-m8@0.75,hybrid_prediction_mixture,rbf_reference,-1,True,test,77.80811472930013,0.0,0.0,False
bike-sharing,regression,tabicl_v2,0,Raw+GramAnchor-m8@0.75,hybrid_prediction_mixture,orthogonal_all__m0,0,False,validation,74.16785580312072,0.05434291255510572,0.0,True
bike-sharing,regression,tabicl_v2,0,Raw+GramAnchor-m8@0.75,hybrid_prediction_mixture,orthogonal_all__m0,0,False,test,80.4445003056103,0.050028415525381745,0.0,True
bike-sharing,regression,tabicl_v2,0,Raw+GramAnchor-m8@0.75,hybrid_prediction_mixture,orthogonal_all__m1,1,False,validation,75.13675900108078,0.05921879769905571,0.0,True
bike-sharing,regression,tabicl_v2,0,Raw+GramAnchor-m8@0.75,hybrid_prediction_mixture,orthogonal_all__m1,1,False,test,81.71620667441047,0.05546999767668129,0.0,True
bike-sharing,regression,tabicl_v2,0,Raw+GramAnchor-m8@0.75,hybrid_prediction_mixture,orthogonal_all__m2,2,False,validation,75.52899113545661,0.06464406377679846,0.0,True
bike-sharing,regression,tabicl_v2,0,Raw+GramAnchor-m8@0.75,hybrid_prediction_mixture,orthogonal_all__m2,2,False,test,81.95544194339422,0.05726874423844864,0.0,True
bike-sharing,regression,tabicl_v2,0,Raw+GramAnchor-m8@0.75,hybrid_prediction_mixture,orthogonal_all__m3,3,False,validation,76.17832083834546,0.0622025669434323,0.0,True
bike-sharing,regression,tabicl_v2,0,Raw+GramAnchor-m8@0.75,hybrid_prediction_mixture,orthogonal_all__m3,3,False,test,81.746023016341,0.06305339628415846,0.0,True
bike-sharing,regression,tabicl_v2,0,Raw+GramAnchor-m8@0.75,hybrid_prediction_mixture,orthogonal_all__m4,4,False,validation,72.15268364063466,0.05413840381992501,0.0,True
bike-sharing,regression,tabicl_v2,0,Raw+GramAnchor-m8@0.75,hybrid_prediction_mixture,orthogonal_all__m4,4,False,test,79.42820730988132,0.0458803815568583,0.0,True
bike-sharing,regression,tabicl_v2,0,Raw+GramAnchor-m8@0.75,hybrid_prediction_mixture,orthogonal_all__m5,5,False,validation,74.40238176337557,0.06401832081844736,0.0,True
bike-sharing,regression,tabicl_v2,0,Raw+GramAnchor-m8@0.75,hybrid_prediction_mixture,orthogonal_all__m5,5,False,test,79.78501106919734,0.05635551514210554,0.0,True
bike-sharing,regression,tabicl_v2,0,Raw+GramAnchor-m8@0.75,hybrid_prediction_mixture,orthogonal_all__m6,6,False,validation,73.4376531951854,0.05787573206755784,0.0,True
bike-sharing,regression,tabicl_v2,0,Raw+GramAnchor-m8@0.75,hybrid_prediction_mixture,orthogonal_all__m6,6,False,test,78.5770521597417,0.04528558108217408,0.0,True
bike-sharing,regression,tabicl_v2,0,Raw+GramAnchor-m8@0.75,hybrid_prediction_mixture,orthogonal_all__m7,7,False,validation,72.0419265979483,0.05291043690508399,0.0,True
bike-sharing,regression,tabicl_v2,0,Raw+GramAnchor-m8@0.75,hybrid_prediction_mixture,orthogonal_all__m7,7,False,test,78.1667382244656,0.049003137175998815,0.0,True
bike-sharing,regression,tabicl_v2,0,Raw+GramAnchor-m8@1,hybrid_prediction_mixture,rbf_reference,-1,True,validation,76.86531234811186,0.0,0.0,False
bike-sharing,regression,tabicl_v2,0,Raw+GramAnchor-m8@1,hybrid_prediction_mixture,rbf_reference,-1,True,test,83.08487669401606,0.0,0.0,False
bike-sharing,regression,tabicl_v2,0,Raw+GramAnchor-m8@1,hybrid_prediction_mixture,orthogonal_all__m0,0,False,validation,76.86531234811186,0.0,0.0,True
bike-sharing,regression,tabicl_v2,0,Raw+GramAnchor-m8@1,hybrid_prediction_mixture,orthogonal_all__m0,0,False,test,83.08487669401606,0.0,0.0,True
bike-sharing,regression,tabicl_v2,0,Raw+GramAnchor-m8@1,hybrid_prediction_mixture,orthogonal_all__m1,1,False,validation,76.86531234811186,0.0,0.0,True
bike-sharing,regression,tabicl_v2,0,Raw+GramAnchor-m8@1,hybrid_prediction_mixture,orthogonal_all__m1,1,False,test,83.08487669401606,0.0,0.0,True
bike-sharing,regression,tabicl_v2,0,Raw+GramAnchor-m8@1,hybrid_prediction_mixture,orthogonal_all__m2,2,False,validation,76.86531234811186,0.0,0.0,True
bike-sharing,regression,tabicl_v2,0,Raw+GramAnchor-m8@1,hybrid_prediction_mixture,orthogonal_all__m2,2,False,test,83.08487669401606,0.0,0.0,True
bike-sharing,regression,tabicl_v2,0,Raw+GramAnchor-m8@1,hybrid_prediction_mixture,orthogonal_all__m3,3,False,validation,76.86531234811186,0.0,0.0,True
bike-sharing,regression,tabicl_v2,0,Raw+GramAnchor-m8@1,hybrid_prediction_mixture,orthogonal_all__m3,3,False,test,83.08487669401606,0.0,0.0,True
bike-sharing,regression,tabicl_v2,0,Raw+GramAnchor-m8@1,hybrid_prediction_mixture,orthogonal_all__m4,4,False,validation,76.86531234811186,0.0,0.0,True
bike-sharing,regression,tabicl_v2,0,Raw+GramAnchor-m8@1,hybrid_prediction_mixture,orthogonal_all__m4,4,False,test,83.08487669401606,0.0,0.0,True
bike-sharing,regression,tabicl_v2,0,Raw+GramAnchor-m8@1,hybrid_prediction_mixture,orthogonal_all__m5,5,False,validation,76.86531234811186,0.0,0.0,True
bike-sharing,regression,tabicl_v2,0,Raw+GramAnchor-m8@1,hybrid_prediction_mixture,orthogonal_all__m5,5,False,test,83.08487669401606,0.0,0.0,True
bike-sharing,regression,tabicl_v2,0,Raw+GramAnchor-m8@1,hybrid_prediction_mixture,orthogonal_all__m6,6,False,validation,76.86531234811186,0.0,0.0,True
bike-sharing,regression,tabicl_v2,0,Raw+GramAnchor-m8@1,hybrid_prediction_mixture,orthogonal_all__m6,6,False,test,83.08487669401606,0.0,0.0,True
bike-sharing,regression,tabicl_v2,0,Raw+GramAnchor-m8@1,hybrid_prediction_mixture,orthogonal_all__m7,7,False,validation,76.86531234811186,0.0,0.0,True
bike-sharing,regression,tabicl_v2,0,Raw+GramAnchor-m8@1,hybrid_prediction_mixture,orthogonal_all__m7,7,False,test,83.08487669401606,0.0,0.0,True
bike-sharing,regression,tabicl_v2,0,Raw+GramDistance@0.25,hybrid_prediction_mixture,rbf_reference,-1,True,validation,64.3014355821037,0.0,0.0,False
bike-sharing,regression,tabicl_v2,0,Raw+GramDistance@0.25,hybrid_prediction_mixture,rbf_reference,-1,True,test,69.43595877405657,0.0,0.0,False
bike-sharing,regression,tabicl_v2,0,Raw+GramDistance@0.25,hybrid_prediction_mixture,orthogonal_all__m0,0,False,validation,66.78300197972918,0.16302873766531717,0.0,True
bike-sharing,regression,tabicl_v2,0,Raw+GramDistance@0.25,hybrid_prediction_mixture,orthogonal_all__m0,0,False,test,76.38805593580962,0.15008524657614525,0.0,True
bike-sharing,regression,tabicl_v2,0,Raw+GramDistance@0.25,hybrid_prediction_mixture,orthogonal_all__m1,1,False,validation,68.20264649274989,0.17765639309716716,0.0,True
bike-sharing,regression,tabicl_v2,0,Raw+GramDistance@0.25,hybrid_prediction_mixture,orthogonal_all__m1,1,False,test,78.25884169085089,0.16640999303004386,0.0,True
bike-sharing,regression,tabicl_v2,0,Raw+GramDistance@0.25,hybrid_prediction_mixture,orthogonal_all__m2,2,False,validation,69.79056932444024,0.1939321913303954,0.0,True
bike-sharing,regression,tabicl_v2,0,Raw+GramDistance@0.25,hybrid_prediction_mixture,orthogonal_all__m2,2,False,test,80.03580510304559,0.17180623271534595,0.0,True
bike-sharing,regression,tabicl_v2,0,Raw+GramDistance@0.25,hybrid_prediction_mixture,orthogonal_all__m3,3,False,validation,71.52324009436265,0.18660770083029693,0.0,True
bike-sharing,regression,tabicl_v2,0,Raw+GramDistance@0.25,hybrid_prediction_mixture,orthogonal_all__m3,3,False,test,78.65299439810384,0.18916018885247535,0.0,True
bike-sharing,regression,tabicl_v2,0,Raw+GramDistance@0.25,hybrid_prediction_mixture,orthogonal_all__m4,4,False,validation,61.54164494686108,0.16241521145977506,0.0,True
bike-sharing,regression,tabicl_v2,0,Raw+GramDistance@0.25,hybrid_prediction_mixture,orthogonal_all__m4,4,False,test,72.89043497825925,0.13764114467057492,0.0,True
bike-sharing,regression,tabicl_v2,0,Raw+GramDistance@0.25,hybrid_prediction_mixture,orthogonal_all__m5,5,False,validation,67.7538026513131,0.1920549624553421,0.0,True
bike-sharing,regression,tabicl_v2,0,Raw+GramDistance@0.25,hybrid_prediction_mixture,orthogonal_all__m5,5,False,test,75.11892291980834,0.16906654542631666,0.0,True
bike-sharing,regression,tabicl_v2,0,Raw+GramDistance@0.25,hybrid_prediction_mixture,orthogonal_all__m6,6,False,validation,65.31983076534297,0.17362719620267353,0.0,True
bike-sharing,regression,tabicl_v2,0,Raw+GramDistance@0.25,hybrid_prediction_mixture,orthogonal_all__m6,6,False,test,71.0674815026949,0.13585674324652225,0.0,True
bike-sharing,regression,tabicl_v2,0,Raw+GramDistance@0.25,hybrid_prediction_mixture,orthogonal_all__m7,7,False,validation,63.616046095148135,0.15873131071525198,0.0,True
bike-sharing,regression,tabicl_v2,0,Raw+GramDistance@0.25,hybrid_prediction_mixture,orthogonal_all__m7,7,False,test,70.90052551398614,0.14700941152799643,0.0,True
bike-sharing,regression,tabicl_v2,0,Raw+GramDistance@0.5,hybrid_prediction_mixture,rbf_reference,-1,True,validation,62.08815742567669,0.0,0.0,False
bike-sharing,regression,tabicl_v2,0,Raw+GramDistance@0.5,hybrid_prediction_mixture,rbf_reference,-1,True,test,69.81676616105592,0.0,0.0,False
bike-sharing,regression,tabicl_v2,0,Raw+GramDistance@0.5,hybrid_prediction_mixture,orthogonal_all__m0,0,False,validation,63.18506582804102,0.10868582511021144,0.0,True
bike-sharing,regression,tabicl_v2,0,Raw+GramDistance@0.5,hybrid_prediction_mixture,orthogonal_all__m0,0,False,test,74.51690312334873,0.10005683105076349,0.0,True
bike-sharing,regression,tabicl_v2,0,Raw+GramDistance@0.5,hybrid_prediction_mixture,orthogonal_all__m1,1,False,validation,63.9874560530536,0.11843759539811143,0.0,True
bike-sharing,regression,tabicl_v2,0,Raw+GramDistance@0.5,hybrid_prediction_mixture,orthogonal_all__m1,1,False,test,75.93040717380575,0.11093999535336257,0.0,True
bike-sharing,regression,tabicl_v2,0,Raw+GramDistance@0.5,hybrid_prediction_mixture,orthogonal_all__m2,2,False,validation,64.7976688054494,0.12928812755359692,0.0,True
bike-sharing,regression,tabicl_v2,0,Raw+GramDistance@0.5,hybrid_prediction_mixture,orthogonal_all__m2,2,False,test,77.13727223476529,0.11453748847689728,0.0,True
bike-sharing,regression,tabicl_v2,0,Raw+GramDistance@0.5,hybrid_prediction_mixture,orthogonal_all__m3,3,False,validation,66.25059156891074,0.1244051338868646,0.0,True
bike-sharing,regression,tabicl_v2,0,Raw+GramDistance@0.5,hybrid_prediction_mixture,orthogonal_all__m3,3,False,test,76.02289522715026,0.12610679256831692,0.0,True
bike-sharing,regression,tabicl_v2,0,Raw+GramDistance@0.5,hybrid_prediction_mixture,orthogonal_all__m4,4,False,validation,59.899058171628575,0.10827680763985002,0.0,True
bike-sharing,regression,tabicl_v2,0,Raw+GramDistance@0.5,hybrid_prediction_mixture,orthogonal_all__m4,4,False,test,72.04522730280871,0.0917607631137166,0.0,True
bike-sharing,regression,tabicl_v2,0,Raw+GramDistance@0.5,hybrid_prediction_mixture,orthogonal_all__m5,5,False,validation,63.42057157758606,0.1280366416368947,0.0,True
bike-sharing,regression,tabicl_v2,0,Raw+GramDistance@0.5,hybrid_prediction_mixture,orthogonal_all__m5,5,False,test,73.70757221506007,0.11271103028421108,0.0,True
bike-sharing,regression,tabicl_v2,0,Raw+GramDistance@0.5,hybrid_prediction_mixture,orthogonal_all__m6,6,False,validation,62.28066118882779,0.11575146413511568,0.0,True
bike-sharing,regression,tabicl_v2,0,Raw+GramDistance@0.5,hybrid_prediction_mixture,orthogonal_all__m6,6,False,test,71.29548577455242,0.09057116216434816,0.0,True
bike-sharing,regression,tabicl_v2,0,Raw+GramDistance@0.5,hybrid_prediction_mixture,orthogonal_all__m7,7,False,validation,61.573006297595704,0.10582087381016798,0.0,True
bike-sharing,regression,tabicl_v2,0,Raw+GramDistance@0.5,hybrid_prediction_mixture,orthogonal_all__m7,7,False,test,70.97035384260211,0.09800627435199763,0.0,True
bike-sharing,regression,tabicl_v2,0,Raw+GramDistance@0.75,hybrid_prediction_mixture,rbf_reference,-1,True,validation,61.005185593305335,0.0,0.0,False
bike-sharing,regression,tabicl_v2,0,Raw+GramDistance@0.75,hybrid_prediction_mixture,rbf_reference,-1,True,test,71.65080958485748,0.0,0.0,False
bike-sharing,regression,tabicl_v2,0,Raw+GramDistance@0.75,hybrid_prediction_mixture,orthogonal_all__m0,0,False,validation,61.24225944517561,0.05434291255510572,0.0,True
bike-sharing,regression,tabicl_v2,0,Raw+GramDistance@0.75,hybrid_prediction_mixture,orthogonal_all__m0,0,False,test,73.98850556097109,0.050028415525381745,0.0,True
bike-sharing,regression,tabicl_v2,0,Raw+GramDistance@0.75,hybrid_prediction_mixture,orthogonal_all__m1,1,False,validation,61.553059376992984,0.05921879769905571,0.0,True
bike-sharing,regression,tabicl_v2,0,Raw+GramDistance@0.75,hybrid_prediction_mixture,orthogonal_all__m1,1,False,test,74.76977843075467,0.05546999767668129,0.0,True
bike-sharing,regression,tabicl_v2,0,Raw+GramDistance@0.75,hybrid_prediction_mixture,orthogonal_all__m2,2,False,validation,61.80680876577196,0.06464406377679846,0.0,True
bike-sharing,regression,tabicl_v2,0,Raw+GramDistance@0.75,hybrid_prediction_mixture,orthogonal_all__m2,2,False,test,75.37566275391214,0.05726874423844864,0.0,True
bike-sharing,regression,tabicl_v2,0,Raw+GramDistance@0.75,hybrid_prediction_mixture,orthogonal_all__m3,3,False,validation,62.6806815648158,0.0622025669434323,0.0,True
bike-sharing,regression,tabicl_v2,0,Raw+GramDistance@0.75,hybrid_prediction_mixture,orthogonal_all__m3,3,False,test,74.72588500685454,0.06305339628415846,0.0,True
bike-sharing,regression,tabicl_v2,0,Raw+GramDistance@0.75,hybrid_prediction_mixture,orthogonal_all__m4,4,False,validation,59.75246771744355,0.05413840381992501,0.0,True
bike-sharing,regression,tabicl_v2,0,Raw+GramDistance@0.75,hybrid_prediction_mixture,orthogonal_all__m4,4,False,test,72.70546568593633,0.0458803815568583,0.0,True
bike-sharing,regression,tabicl_v2,0,Raw+GramDistance@0.75,hybrid_prediction_mixture,orthogonal_all__m5,5,False,validation,61.13014442472593,0.06401832081844736,0.0,True
bike-sharing,regression,tabicl_v2,0,Raw+GramDistance@0.75,hybrid_prediction_mixture,orthogonal_all__m5,5,False,test,73.60998896592113,0.05635551514210554,0.0,True
bike-sharing,regression,tabicl_v2,0,Raw+GramDistance@0.75,hybrid_prediction_mixture,orthogonal_all__m6,6,False,validation,60.840547694590214,0.05787573206755784,0.0,True
bike-sharing,regression,tabicl_v2,0,Raw+GramDistance@0.75,hybrid_prediction_mixture,orthogonal_all__m6,6,False,test,72.5678472193635,0.04528558108217408,0.0,True
bike-sharing,regression,tabicl_v2,0,Raw+GramDistance@0.75,hybrid_prediction_mixture,orthogonal_all__m7,7,False,validation,60.72193107651949,0.05291043690508399,0.0,True
bike-sharing,regression,tabicl_v2,0,Raw+GramDistance@0.75,hybrid_prediction_mixture,orthogonal_all__m7,7,False,test,72.30309872861459,0.049003137175998815,0.0,True
bike-sharing,regression,tabicl_v2,0,Raw+GramDistance@1,hybrid_prediction_mixture,rbf_reference,-1,True,validation,61.11263983983577,0.0,0.0,False
bike-sharing,regression,tabicl_v2,0,Raw+GramDistance@1,hybrid_prediction_mixture,rbf_reference,-1,True,test,74.83131297662973,0.0,0.0,False
bike-sharing,regression,tabicl_v2,0,Raw+GramDistance@1,hybrid_prediction_mixture,orthogonal_all__m0,0,False,validation,61.11263983983577,0.0,0.0,True
bike-sharing,regression,tabicl_v2,0,Raw+GramDistance@1,hybrid_prediction_mixture,orthogonal_all__m0,0,False,test,74.83131297662973,0.0,0.0,True
bike-sharing,regression,tabicl_v2,0,Raw+GramDistance@1,hybrid_prediction_mixture,orthogonal_all__m1,1,False,validation,61.11263983983577,0.0,0.0,True
bike-sharing,regression,tabicl_v2,0,Raw+GramDistance@1,hybrid_prediction_mixture,orthogonal_all__m1,1,False,test,74.83131297662973,0.0,0.0,True
bike-sharing,regression,tabicl_v2,0,Raw+GramDistance@1,hybrid_prediction_mixture,orthogonal_all__m2,2,False,validation,61.11263983983577,0.0,0.0,True
bike-sharing,regression,tabicl_v2,0,Raw+GramDistance@1,hybrid_prediction_mixture,orthogonal_all__m2,2,False,test,74.83131297662973,0.0,0.0,True
bike-sharing,regression,tabicl_v2,0,Raw+GramDistance@1,hybrid_prediction_mixture,orthogonal_all__m3,3,False,validation,61.11263983983577,0.0,0.0,True
bike-sharing,regression,tabicl_v2,0,Raw+GramDistance@1,hybrid_prediction_mixture,orthogonal_all__m3,3,False,test,74.83131297662973,0.0,0.0,True
bike-sharing,regression,tabicl_v2,0,Raw+GramDistance@1,hybrid_prediction_mixture,orthogonal_all__m4,4,False,validation,61.11263983983577,0.0,0.0,True
bike-sharing,regression,tabicl_v2,0,Raw+GramDistance@1,hybrid_prediction_mixture,orthogonal_all__m4,4,False,test,74.83131297662973,0.0,0.0,True
bike-sharing,regression,tabicl_v2,0,Raw+GramDistance@1,hybrid_prediction_mixture,orthogonal_all__m5,5,False,validation,61.11263983983577,0.0,0.0,True
bike-sharing,regression,tabicl_v2,0,Raw+GramDistance@1,hybrid_prediction_mixture,orthogonal_all__m5,5,False,test,74.83131297662973,0.0,0.0,True
bike-sharing,regression,tabicl_v2,0,Raw+GramDistance@1,hybrid_prediction_mixture,orthogonal_all__m6,6,False,validation,61.11263983983577,0.0,0.0,True
bike-sharing,regression,tabicl_v2,0,Raw+GramDistance@1,hybrid_prediction_mixture,orthogonal_all__m6,6,False,test,74.83131297662973,0.0,0.0,True
bike-sharing,regression,tabicl_v2,0,Raw+GramDistance@1,hybrid_prediction_mixture,orthogonal_all__m7,7,False,validation,61.11263983983577,0.0,0.0,True
bike-sharing,regression,tabicl_v2,0,Raw+GramDistance@1,hybrid_prediction_mixture,orthogonal_all__m7,7,False,test,74.83131297662973,0.0,0.0,True
bike-sharing,regression,tabicl_v2,0,Raw+NystromGram@0.25,hybrid_prediction_mixture,rbf_reference,-1,True,validation,61.492518132628774,0.0,0.0,False
bike-sharing,regression,tabicl_v2,0,Raw+NystromGram@0.25,hybrid_prediction_mixture,rbf_reference,-1,True,test,65.90867732919946,0.0,0.0,False
bike-sharing,regression,tabicl_v2,0,Raw+NystromGram@0.25,hybrid_prediction_mixture,orthogonal_all__m0,0,False,validation,63.76312137085391,0.16302873766531717,0.0,True
bike-sharing,regression,tabicl_v2,0,Raw+NystromGram@0.25,hybrid_prediction_mixture,orthogonal_all__m0,0,False,test,72.02526527539003,0.15008524657614525,0.0,True
bike-sharing,regression,tabicl_v2,0,Raw+NystromGram@0.25,hybrid_prediction_mixture,orthogonal_all__m1,1,False,validation,65.19640991672726,0.17765639309716716,0.0,True
bike-sharing,regression,tabicl_v2,0,Raw+NystromGram@0.25,hybrid_prediction_mixture,orthogonal_all__m1,1,False,test,73.34406177091881,0.16640999303004386,0.0,True
bike-sharing,regression,tabicl_v2,0,Raw+NystromGram@0.25,hybrid_prediction_mixture,orthogonal_all__m2,2,False,validation,66.98677767052799,0.1939321913303954,0.0,True
bike-sharing,regression,tabicl_v2,0,Raw+NystromGram@0.25,hybrid_prediction_mixture,orthogonal_all__m2,2,False,test,75.26015076746482,0.17180623271534595,0.0,True
bike-sharing,regression,tabicl_v2,0,Raw+NystromGram@0.25,hybrid_prediction_mixture,orthogonal_all__m3,3,False,validation,67.9448260618336,0.18660770083029693,0.0,True
bike-sharing,regression,tabicl_v2,0,Raw+NystromGram@0.25,hybrid_prediction_mixture,orthogonal_all__m3,3,False,test,73.48908778498824,0.18916018885247535,0.0,True
bike-sharing,regression,tabicl_v2,0,Raw+NystromGram@0.25,hybrid_prediction_mixture,orthogonal_all__m4,4,False,validation,58.69439290585744,0.16241521145977506,0.0,True
bike-sharing,regression,tabicl_v2,0,Raw+NystromGram@0.25,hybrid_prediction_mixture,orthogonal_all__m4,4,False,test,69.35026045878092,0.13764114467057492,0.0,True
bike-sharing,regression,tabicl_v2,0,Raw+NystromGram@0.25,hybrid_prediction_mixture,orthogonal_all__m5,5,False,validation,65.1050893122504,0.1920549624553421,0.0,True
bike-sharing,regression,tabicl_v2,0,Raw+NystromGram@0.25,hybrid_prediction_mixture,orthogonal_all__m5,5,False,test,70.82072744449104,0.16906654542631666,0.0,True
bike-sharing,regression,tabicl_v2,0,Raw+NystromGram@0.25,hybrid_prediction_mixture,orthogonal_all__m6,6,False,validation,62.4409950542923,0.1736271962026735,0.0,True
bike-sharing,regression,tabicl_v2,0,Raw+NystromGram@0.25,hybrid_prediction_mixture,orthogonal_all__m6,6,False,test,67.16349683674613,0.13585674324652225,0.0,True
bike-sharing,regression,tabicl_v2,0,Raw+NystromGram@0.25,hybrid_prediction_mixture,orthogonal_all__m7,7,False,validation,60.63377125870586,0.15873131071525198,0.0,True
bike-sharing,regression,tabicl_v2,0,Raw+NystromGram@0.25,hybrid_prediction_mixture,orthogonal_all__m7,7,False,test,67.08276905103617,0.14700941152799643,0.0,True
bike-sharing,regression,tabicl_v2,0,Raw+NystromGram@0.5,hybrid_prediction_mixture,rbf_reference,-1,True,validation,56.77709853810941,0.0,0.0,False
bike-sharing,regression,tabicl_v2,0,Raw+NystromGram@0.5,hybrid_prediction_mixture,rbf_reference,-1,True,test,62.6358377204729,0.0,0.0,False
bike-sharing,regression,tabicl_v2,0,Raw+NystromGram@0.5,hybrid_prediction_mixture,orthogonal_all__m0,0,False,validation,57.502466640957564,0.10868582511021144,0.0,True
bike-sharing,regression,tabicl_v2,0,Raw+NystromGram@0.5,hybrid_prediction_mixture,orthogonal_all__m0,0,False,test,66.1425683158753,0.10005683105076349,0.0,True
bike-sharing,regression,tabicl_v2,0,Raw+NystromGram@0.5,hybrid_prediction_mixture,orthogonal_all__m1,1,False,validation,58.30536084634307,0.11843759539811143,0.0,True
bike-sharing,regression,tabicl_v2,0,Raw+NystromGram@0.5,hybrid_prediction_mixture,orthogonal_all__m1,1,False,test,66.76350565345295,0.11093999535336257,0.0,True
bike-sharing,regression,tabicl_v2,0,Raw+NystromGram@0.5,hybrid_prediction_mixture,orthogonal_all__m2,2,False,validation,59.39054671199746,0.12928812755359692,0.0,True
bike-sharing,regression,tabicl_v2,0,Raw+NystromGram@0.5,hybrid_prediction_mixture,orthogonal_all__m2,2,False,test,68.16674058826048,0.11453748847689728,0.0,True
bike-sharing,regression,tabicl_v2,0,Raw+NystromGram@0.5,hybrid_prediction_mixture,orthogonal_all__m3,3,False,validation,59.69534575320068,0.1244051338868646,0.0,True
bike-sharing,regression,tabicl_v2,0,Raw+NystromGram@0.5,hybrid_prediction_mixture,orthogonal_all__m3,3,False,test,66.46314332647424,0.12610679256831692,0.0,True
bike-sharing,regression,tabicl_v2,0,Raw+NystromGram@0.5,hybrid_prediction_mixture,orthogonal_all__m4,4,False,validation,54.509327938784295,0.10827680763985002,0.0,True
bike-sharing,regression,tabicl_v2,0,Raw+NystromGram@0.5,hybrid_prediction_mixture,orthogonal_all__m4,4,False,test,64.8421500581454,0.0917607631137166,0.0,True
bike-sharing,regression,tabicl_v2,0,Raw+NystromGram@0.5,hybrid_prediction_mixture,orthogonal_all__m5,5,False,validation,58.24764494363116,0.1280366416368947,0.0,True
bike-sharing,regression,tabicl_v2,0,Raw+NystromGram@0.5,hybrid_prediction_mixture,orthogonal_all__m5,5,False,test,65.43573567422054,0.11271103028421108,0.0,True
bike-sharing,regression,tabicl_v2,0,Raw+NystromGram@0.5,hybrid_prediction_mixture,orthogonal_all__m6,6,False,validation,56.81816249276827,0.11575146413511568,0.0,True
bike-sharing,regression,tabicl_v2,0,Raw+NystromGram@0.5,hybrid_prediction_mixture,orthogonal_all__m6,6,False,test,63.631042947941935,0.09057116216434816,0.0,True
bike-sharing,regression,tabicl_v2,0,Raw+NystromGram@0.5,hybrid_prediction_mixture,orthogonal_all__m7,7,False,validation,56.008913287220714,0.10582087381016798,0.0,True
bike-sharing,regression,tabicl_v2,0,Raw+NystromGram@0.5,hybrid_prediction_mixture,orthogonal_all__m7,7,False,test,63.401954225504355,0.09800627435199763,0.0,True
bike-sharing,regression,tabicl_v2,0,Raw+NystromGram@0.75,hybrid_prediction_mixture,rbf_reference,-1,True,validation,53.737938570702646,0.0,0.0,False
bike-sharing,regression,tabicl_v2,0,Raw+NystromGram@0.75,hybrid_prediction_mixture,rbf_reference,-1,True,test,60.931407124757285,0.0,0.0,False
bike-sharing,regression,tabicl_v2,0,Raw+NystromGram@0.75,hybrid_prediction_mixture,orthogonal_all__m0,0,False,validation,53.62703459695186,0.05434291255510572,0.0,True
bike-sharing,regression,tabicl_v2,0,Raw+NystromGram@0.75,hybrid_prediction_mixture,orthogonal_all__m0,0,False,test,62.31371588269429,0.050028415525381745,0.0,True
bike-sharing,regression,tabicl_v2,0,Raw+NystromGram@0.75,hybrid_prediction_mixture,orthogonal_all__m1,1,False,validation,53.91871845904056,0.05921879769905571,0.0,True
bike-sharing,regression,tabicl_v2,0,Raw+NystromGram@0.75,hybrid_prediction_mixture,orthogonal_all__m1,1,False,test,62.462959779954474,0.05546999767668129,0.0,True
bike-sharing,regression,tabicl_v2,0,Raw+NystromGram@0.75,hybrid_prediction_mixture,orthogonal_all__m2,2,False,validation,54.369703236661934,0.06464406377679846,0.0,True
bike-sharing,regression,tabicl_v2,0,Raw+NystromGram@0.75,hybrid_prediction_mixture,orthogonal_all__m2,2,False,test,63.2142959643284,0.05726874423844864,0.0,True
bike-sharing,regression,tabicl_v2,0,Raw+NystromGram@0.75,hybrid_prediction_mixture,orthogonal_all__m3,3,False,validation,54.307196213665364,0.0622025669434323,0.0,True
bike-sharing,regression,tabicl_v2,0,Raw+NystromGram@0.75,hybrid_prediction_mixture,orthogonal_all__m3,3,False,test,62.0846749960453,0.06305339628415846,0.0,True
bike-sharing,regression,tabicl_v2,0,Raw+NystromGram@0.75,hybrid_prediction_mixture,orthogonal_all__m4,4,False,validation,52.41653649687782,0.05413840381992501,0.0,True
bike-sharing,regression,tabicl_v2,0,Raw+NystromGram@0.75,hybrid_prediction_mixture,orthogonal_all__m4,4,False,test,61.95743973579885,0.0458803815568583,0.0,True
bike-sharing,regression,tabicl_v2,0,Raw+NystromGram@0.75,hybrid_prediction_mixture,orthogonal_all__m5,5,False,validation,53.8931131241609,0.06401832081844736,0.0,True
bike-sharing,regression,tabicl_v2,0,Raw+NystromGram@0.75,hybrid_prediction_mixture,orthogonal_all__m5,5,False,test,62.027008748795716,0.05635551514210554,0.0,True
bike-sharing,regression,tabicl_v2,0,Raw+NystromGram@0.75,hybrid_prediction_mixture,orthogonal_all__m6,6,False,validation,53.415803093443714,0.05787573206755784,0.0,True
bike-sharing,regression,tabicl_v2,0,Raw+NystromGram@0.75,hybrid_prediction_mixture,orthogonal_all__m6,6,False,test,61.50314881273949,0.04528558108217408,0.0,True
bike-sharing,regression,tabicl_v2,0,Raw+NystromGram@0.75,hybrid_prediction_mixture,orthogonal_all__m7,7,False,validation,53.25489662103731,0.05291043690508399,0.0,True
bike-sharing,regression,tabicl_v2,0,Raw+NystromGram@0.75,hybrid_prediction_mixture,orthogonal_all__m7,7,False,test,61.29557859079573,0.049003137175998815,0.0,True
bike-sharing,regression,tabicl_v2,0,Raw+NystromGram@1,hybrid_prediction_mixture,rbf_reference,-1,True,validation,52.66603418294329,0.0,0.0,False
bike-sharing,regression,tabicl_v2,0,Raw+NystromGram@1,hybrid_prediction_mixture,rbf_reference,-1,True,test,60.92715625283239,0.0,0.0,False
bike-sharing,regression,tabicl_v2,0,Raw+NystromGram@1,hybrid_prediction_mixture,orthogonal_all__m0,0,False,validation,52.66603418294329,0.0,0.0,True
bike-sharing,regression,tabicl_v2,0,Raw+NystromGram@1,hybrid_prediction_mixture,orthogonal_all__m0,0,False,test,60.92715625283239,0.0,0.0,True
bike-sharing,regression,tabicl_v2,0,Raw+NystromGram@1,hybrid_prediction_mixture,orthogonal_all__m1,1,False,validation,52.66603418294329,0.0,0.0,True
bike-sharing,regression,tabicl_v2,0,Raw+NystromGram@1,hybrid_prediction_mixture,orthogonal_all__m1,1,False,test,60.92715625283239,0.0,0.0,True
bike-sharing,regression,tabicl_v2,0,Raw+NystromGram@1,hybrid_prediction_mixture,orthogonal_all__m2,2,False,validation,52.66603418294329,0.0,0.0,True
bike-sharing,regression,tabicl_v2,0,Raw+NystromGram@1,hybrid_prediction_mixture,orthogonal_all__m2,2,False,test,60.92715625283239,0.0,0.0,True
bike-sharing,regression,tabicl_v2,0,Raw+NystromGram@1,hybrid_prediction_mixture,orthogonal_all__m3,3,False,validation,52.66603418294329,0.0,0.0,True
bike-sharing,regression,tabicl_v2,0,Raw+NystromGram@1,hybrid_prediction_mixture,orthogonal_all__m3,3,False,test,60.92715625283239,0.0,0.0,True
bike-sharing,regression,tabicl_v2,0,Raw+NystromGram@1,hybrid_prediction_mixture,orthogonal_all__m4,4,False,validation,52.66603418294329,0.0,0.0,True
bike-sharing,regression,tabicl_v2,0,Raw+NystromGram@1,hybrid_prediction_mixture,orthogonal_all__m4,4,False,test,60.92715625283239,0.0,0.0,True
bike-sharing,regression,tabicl_v2,0,Raw+NystromGram@1,hybrid_prediction_mixture,orthogonal_all__m5,5,False,validation,52.66603418294329,0.0,0.0,True
bike-sharing,regression,tabicl_v2,0,Raw+NystromGram@1,hybrid_prediction_mixture,orthogonal_all__m5,5,False,test,60.92715625283239,0.0,0.0,True
bike-sharing,regression,tabicl_v2,0,Raw+NystromGram@1,hybrid_prediction_mixture,orthogonal_all__m6,6,False,validation,52.66603418294329,0.0,0.0,True
bike-sharing,regression,tabicl_v2,0,Raw+NystromGram@1,hybrid_prediction_mixture,orthogonal_all__m6,6,False,test,60.92715625283239,0.0,0.0,True
bike-sharing,regression,tabicl_v2,0,Raw+NystromGram@1,hybrid_prediction_mixture,orthogonal_all__m7,7,False,validation,52.66603418294329,0.0,0.0,True
bike-sharing,regression,tabicl_v2,0,Raw+NystromGram@1,hybrid_prediction_mixture,orthogonal_all__m7,7,False,test,60.92715625283239,0.0,0.0,True
bike-sharing,regression,tabicl_v2,0,Raw+HybridSpectral-t0.01@0.25,hybrid_prediction_mixture,rbf_reference,-1,True,validation,62.733850284165,0.0,0.0,False
bike-sharing,regression,tabicl_v2,0,Raw+HybridSpectral-t0.01@0.25,hybrid_prediction_mixture,rbf_reference,-1,True,test,67.6286843171734,0.0,0.0,False
bike-sharing,regression,tabicl_v2,0,Raw+HybridSpectral-t0.01@0.25,hybrid_prediction_mixture,orthogonal_all__m0,0,False,validation,66.46340049662625,0.16302873766531717,0.0,True
bike-sharing,regression,tabicl_v2,0,Raw+HybridSpectral-t0.01@0.25,hybrid_prediction_mixture,orthogonal_all__m0,0,False,test,74.4283688580298,0.15008524657614525,0.0,True
bike-sharing,regression,tabicl_v2,0,Raw+HybridSpectral-t0.01@0.25,hybrid_prediction_mixture,orthogonal_all__m1,1,False,validation,68.01696905621041,0.17765639309716716,0.0,True
bike-sharing,regression,tabicl_v2,0,Raw+HybridSpectral-t0.01@0.25,hybrid_prediction_mixture,orthogonal_all__m1,1,False,test,76.11275705567608,0.16640999303004386,0.0,True
bike-sharing,regression,tabicl_v2,0,Raw+HybridSpectral-t0.01@0.25,hybrid_prediction_mixture,orthogonal_all__m2,2,False,validation,69.25116954469479,0.1939321913303954,0.0,True
bike-sharing,regression,tabicl_v2,0,Raw+HybridSpectral-t0.01@0.25,hybrid_prediction_mixture,orthogonal_all__m2,2,False,test,77.74718552910487,0.17180623271534595,0.0,True
bike-sharing,regression,tabicl_v2,0,Raw+HybridSpectral-t0.01@0.25,hybrid_prediction_mixture,orthogonal_all__m3,3,False,validation,70.6064813287144,0.18660770083029693,0.0,True
bike-sharing,regression,tabicl_v2,0,Raw+HybridSpectral-t0.01@0.25,hybrid_prediction_mixture,orthogonal_all__m3,3,False,test,76.41334677833238,0.18916018885247535,0.0,True
bike-sharing,regression,tabicl_v2,0,Raw+HybridSpectral-t0.01@0.25,hybrid_prediction_mixture,orthogonal_all__m4,4,False,validation,60.866214162995895,0.16241521145977506,0.0,True
bike-sharing,regression,tabicl_v2,0,Raw+HybridSpectral-t0.01@0.25,hybrid_prediction_mixture,orthogonal_all__m4,4,False,test,71.36091194217953,0.13764114467057492,0.0,True
bike-sharing,regression,tabicl_v2,0,Raw+HybridSpectral-t0.01@0.25,hybrid_prediction_mixture,orthogonal_all__m5,5,False,validation,67.69123119037397,0.1920549624553421,0.0,True
bike-sharing,regression,tabicl_v2,0,Raw+HybridSpectral-t0.01@0.25,hybrid_prediction_mixture,orthogonal_all__m5,5,False,test,73.45774879985827,0.16906654542631666,0.0,True
bike-sharing,regression,tabicl_v2,0,Raw+HybridSpectral-t0.01@0.25,hybrid_prediction_mixture,orthogonal_all__m6,6,False,validation,64.86691294930525,0.17362719620267353,0.0,True
bike-sharing,regression,tabicl_v2,0,Raw+HybridSpectral-t0.01@0.25,hybrid_prediction_mixture,orthogonal_all__m6,6,False,test,69.38373423025142,0.13585674324652225,0.0,True
bike-sharing,regression,tabicl_v2,0,Raw+HybridSpectral-t0.01@0.25,hybrid_prediction_mixture,orthogonal_all__m7,7,False,validation,62.96230680977223,0.15873131071525198,0.0,True
bike-sharing,regression,tabicl_v2,0,Raw+HybridSpectral-t0.01@0.25,hybrid_prediction_mixture,orthogonal_all__m7,7,False,test,69.26262138915496,0.14700941152799643,0.0,True
bike-sharing,regression,tabicl_v2,0,Raw+HybridSpectral-t0.01@0.5,hybrid_prediction_mixture,rbf_reference,-1,True,validation,59.663067130408244,0.0,0.0,False
bike-sharing,regression,tabicl_v2,0,Raw+HybridSpectral-t0.01@0.5,hybrid_prediction_mixture,rbf_reference,-1,True,test,66.24736211176857,0.0,0.0,False
bike-sharing,regression,tabicl_v2,0,Raw+HybridSpectral-t0.01@0.5,hybrid_prediction_mixture,orthogonal_all__m0,0,False,validation,62.49665614023658,0.10868582511021144,0.0,True
bike-sharing,regression,tabicl_v2,0,Raw+HybridSpectral-t0.01@0.5,hybrid_prediction_mixture,orthogonal_all__m0,0,False,test,70.73411416585564,0.10005683105076349,0.0,True
bike-sharing,regression,tabicl_v2,0,Raw+HybridSpectral-t0.01@0.5,hybrid_prediction_mixture,orthogonal_all__m1,1,False,validation,63.48961439161494,0.11843759539811143,0.0,True
bike-sharing,regression,tabicl_v2,0,Raw+HybridSpectral-t0.01@0.5,hybrid_prediction_mixture,orthogonal_all__m1,1,False,test,71.891010792666,0.11093999535336257,0.0,True
bike-sharing,regression,tabicl_v2,0,Raw+HybridSpectral-t0.01@0.5,hybrid_prediction_mixture,orthogonal_all__m2,2,False,validation,63.78871049808619,0.12928812755359692,0.0,True
bike-sharing,regression,tabicl_v2,0,Raw+HybridSpectral-t0.01@0.5,hybrid_prediction_mixture,orthogonal_all__m2,2,False,test,72.8923990153096,0.11453748847689728,0.0,True
bike-sharing,regression,tabicl_v2,0,Raw+HybridSpectral-t0.01@0.5,hybrid_prediction_mixture,orthogonal_all__m3,3,False,validation,64.69675268575811,0.1244051338868646,0.0,True
bike-sharing,regression,tabicl_v2,0,Raw+HybridSpectral-t0.01@0.5,hybrid_prediction_mixture,orthogonal_all__m3,3,False,test,71.84036959539281,0.12610679256831692,0.0,True
bike-sharing,regression,tabicl_v2,0,Raw+HybridSpectral-t0.01@0.5,hybrid_prediction_mixture,orthogonal_all__m4,4,False,validation,58.71899411909428,0.10827680763985002,0.0,True
bike-sharing,regression,tabicl_v2,0,Raw+HybridSpectral-t0.01@0.5,hybrid_prediction_mixture,orthogonal_all__m4,4,False,test,68.85456039431182,0.0917607631137166,0.0,True
bike-sharing,regression,tabicl_v2,0,Raw+HybridSpectral-t0.01@0.5,hybrid_prediction_mixture,orthogonal_all__m5,5,False,validation,63.096191563767725,0.1280366416368947,0.0,True
bike-sharing,regression,tabicl_v2,0,Raw+HybridSpectral-t0.01@0.5,hybrid_prediction_mixture,orthogonal_all__m5,5,False,test,70.34444275681818,0.11271103028421108,0.0,True
bike-sharing,regression,tabicl_v2,0,Raw+HybridSpectral-t0.01@0.5,hybrid_prediction_mixture,orthogonal_all__m6,6,False,validation,61.40458218037979,0.11575146413511568,0.0,True
bike-sharing,regression,tabicl_v2,0,Raw+HybridSpectral-t0.01@0.5,hybrid_prediction_mixture,orthogonal_all__m6,6,False,test,67.91428821739053,0.09057116216434816,0.0,True
bike-sharing,regression,tabicl_v2,0,Raw+HybridSpectral-t0.01@0.5,hybrid_prediction_mixture,orthogonal_all__m7,7,False,validation,60.424856342767775,0.10582087381016798,0.0,True
bike-sharing,regression,tabicl_v2,0,Raw+HybridSpectral-t0.01@0.5,hybrid_prediction_mixture,orthogonal_all__m7,7,False,test,67.64103377420048,0.09800627435199763,0.0,True
bike-sharing,regression,tabicl_v2,0,Raw+HybridSpectral-t0.01@0.75,hybrid_prediction_mixture,rbf_reference,-1,True,validation,58.59415900309347,0.0,0.0,False
bike-sharing,regression,tabicl_v2,0,Raw+HybridSpectral-t0.01@0.75,hybrid_prediction_mixture,rbf_reference,-1,True,test,66.48289440230434,0.0,0.0,False
bike-sharing,regression,tabicl_v2,0,Raw+HybridSpectral-t0.01@0.75,hybrid_prediction_mixture,orthogonal_all__m0,0,False,validation,60.156546115532606,0.05434291255510572,0.0,True
bike-sharing,regression,tabicl_v2,0,Raw+HybridSpectral-t0.01@0.75,hybrid_prediction_mixture,orthogonal_all__m0,0,False,test,68.6483511725041,0.050028415525381745,0.0,True
bike-sharing,regression,tabicl_v2,0,Raw+HybridSpectral-t0.01@0.75,hybrid_prediction_mixture,orthogonal_all__m1,1,False,validation,60.61573769323997,0.05921879769905571,0.0,True
bike-sharing,regression,tabicl_v2,0,Raw+HybridSpectral-t0.01@0.75,hybrid_prediction_mixture,orthogonal_all__m1,1,False,test,69.23204036246432,0.05546999767668129,0.0,True
bike-sharing,regression,tabicl_v2,0,Raw+HybridSpectral-t0.01@0.75,hybrid_prediction_mixture,orthogonal_all__m2,2,False,validation,60.463740977025566,0.06464406377679846,0.0,True
bike-sharing,regression,tabicl_v2,0,Raw+HybridSpectral-t0.01@0.75,hybrid_prediction_mixture,orthogonal_all__m2,2,False,test,69.67234355997282,0.05726874423844864,0.0,True
bike-sharing,regression,tabicl_v2,0,Raw+HybridSpectral-t0.01@0.75,hybrid_prediction_mixture,orthogonal_all__m3,3,False,validation,60.904438425336956,0.0622025669434323,0.0,True
bike-sharing,regression,tabicl_v2,0,Raw+HybridSpectral-t0.01@0.75,hybrid_prediction_mixture,orthogonal_all__m3,3,False,test,69.06890827628743,0.06305339628415846,0.0,True
bike-sharing,regression,tabicl_v2,0,Raw+HybridSpectral-t0.01@0.75,hybrid_prediction_mixture,orthogonal_all__m4,4,False,validation,58.296318996518785,0.05413840381992501,0.0,True
bike-sharing,regression,tabicl_v2,0,Raw+HybridSpectral-t0.01@0.75,hybrid_prediction_mixture,orthogonal_all__m4,4,False,test,67.81813286173218,0.0458803815568583,0.0,True
bike-sharing,regression,tabicl_v2,0,Raw+HybridSpectral-t0.01@0.75,hybrid_prediction_mixture,orthogonal_all__m5,5,False,validation,60.3257905890424,0.06401832081844736,0.0,True
bike-sharing,regression,tabicl_v2,0,Raw+HybridSpectral-t0.01@0.75,hybrid_prediction_mixture,orthogonal_all__m5,5,False,test,68.59642057729424,0.05635551514210554,0.0,True
bike-sharing,regression,tabicl_v2,0,Raw+HybridSpectral-t0.01@0.75,hybrid_prediction_mixture,orthogonal_all__m6,6,False,validation,59.61031617586823,0.05787573206755784,0.0,True
bike-sharing,regression,tabicl_v2,0,Raw+HybridSpectral-t0.01@0.75,hybrid_prediction_mixture,orthogonal_all__m6,6,False,test,67.55337342423542,0.04528558108217408,0.0,True
bike-sharing,regression,tabicl_v2,0,Raw+HybridSpectral-t0.01@0.75,hybrid_prediction_mixture,orthogonal_all__m7,7,False,validation,59.2889966025656,0.05291043690508399,0.0,True
bike-sharing,regression,tabicl_v2,0,Raw+HybridSpectral-t0.01@0.75,hybrid_prediction_mixture,orthogonal_all__m7,7,False,test,67.3202380539526,0.049003137175998815,0.0,True
bike-sharing,regression,tabicl_v2,0,Raw+HybridSpectral-t0.01@1,hybrid_prediction_mixture,rbf_reference,-1,True,validation,59.63486933910921,0.0,0.0,False
bike-sharing,regression,tabicl_v2,0,Raw+HybridSpectral-t0.01@1,hybrid_prediction_mixture,rbf_reference,-1,True,test,68.31856062954179,0.0,0.0,False
bike-sharing,regression,tabicl_v2,0,Raw+HybridSpectral-t0.01@1,hybrid_prediction_mixture,orthogonal_all__m0,0,False,validation,59.63486933910921,0.0,0.0,True
bike-sharing,regression,tabicl_v2,0,Raw+HybridSpectral-t0.01@1,hybrid_prediction_mixture,orthogonal_all__m0,0,False,test,68.31856062954179,0.0,0.0,True
bike-sharing,regression,tabicl_v2,0,Raw+HybridSpectral-t0.01@1,hybrid_prediction_mixture,orthogonal_all__m1,1,False,validation,59.63486933910921,0.0,0.0,True
bike-sharing,regression,tabicl_v2,0,Raw+HybridSpectral-t0.01@1,hybrid_prediction_mixture,orthogonal_all__m1,1,False,test,68.31856062954179,0.0,0.0,True
bike-sharing,regression,tabicl_v2,0,Raw+HybridSpectral-t0.01@1,hybrid_prediction_mixture,orthogonal_all__m2,2,False,validation,59.63486933910921,0.0,0.0,True
bike-sharing,regression,tabicl_v2,0,Raw+HybridSpectral-t0.01@1,hybrid_prediction_mixture,orthogonal_all__m2,2,False,test,68.31856062954179,0.0,0.0,True
bike-sharing,regression,tabicl_v2,0,Raw+HybridSpectral-t0.01@1,hybrid_prediction_mixture,orthogonal_all__m3,3,False,validation,59.63486933910921,0.0,0.0,True
bike-sharing,regression,tabicl_v2,0,Raw+HybridSpectral-t0.01@1,hybrid_prediction_mixture,orthogonal_all__m3,3,False,test,68.31856062954179,0.0,0.0,True
bike-sharing,regression,tabicl_v2,0,Raw+HybridSpectral-t0.01@1,hybrid_prediction_mixture,orthogonal_all__m4,4,False,validation,59.63486933910921,0.0,0.0,True
bike-sharing,regression,tabicl_v2,0,Raw+HybridSpectral-t0.01@1,hybrid_prediction_mixture,orthogonal_all__m4,4,False,test,68.31856062954179,0.0,0.0,True
bike-sharing,regression,tabicl_v2,0,Raw+HybridSpectral-t0.01@1,hybrid_prediction_mixture,orthogonal_all__m5,5,False,validation,59.63486933910921,0.0,0.0,True
bike-sharing,regression,tabicl_v2,0,Raw+HybridSpectral-t0.01@1,hybrid_prediction_mixture,orthogonal_all__m5,5,False,test,68.31856062954179,0.0,0.0,True
bike-sharing,regression,tabicl_v2,0,Raw+HybridSpectral-t0.01@1,hybrid_prediction_mixture,orthogonal_all__m6,6,False,validation,59.63486933910921,0.0,0.0,True
bike-sharing,regression,tabicl_v2,0,Raw+HybridSpectral-t0.01@1,hybrid_prediction_mixture,orthogonal_all__m6,6,False,test,68.31856062954179,0.0,0.0,True
bike-sharing,regression,tabicl_v2,0,Raw+HybridSpectral-t0.01@1,hybrid_prediction_mixture,orthogonal_all__m7,7,False,validation,59.63486933910921,0.0,0.0,True
bike-sharing,regression,tabicl_v2,0,Raw+HybridSpectral-t0.01@1,hybrid_prediction_mixture,orthogonal_all__m7,7,False,test,68.31856062954179,0.0,0.0,True
bike-sharing,regression,tabicl_v2,0,Raw+HybridSpectral-t0.05@0.25,hybrid_prediction_mixture,rbf_reference,-1,True,validation,63.00639642304223,0.0,0.0,False
bike-sharing,regression,tabicl_v2,0,Raw+HybridSpectral-t0.05@0.25,hybrid_prediction_mixture,rbf_reference,-1,True,test,66.14526709947553,0.0,0.0,False
bike-sharing,regression,tabicl_v2,0,Raw+HybridSpectral-t0.05@0.25,hybrid_prediction_mixture,orthogonal_all__m0,0,False,validation,66.07808551381652,0.16302873766531717,0.0,True
bike-sharing,regression,tabicl_v2,0,Raw+HybridSpectral-t0.05@0.25,hybrid_prediction_mixture,orthogonal_all__m0,0,False,test,72.4943322863457,0.15008524657614525,0.0,True
bike-sharing,regression,tabicl_v2,0,Raw+HybridSpectral-t0.05@0.25,hybrid_prediction_mixture,orthogonal_all__m1,1,False,validation,67.26880893906804,0.17765639309716716,0.0,True
bike-sharing,regression,tabicl_v2,0,Raw+HybridSpectral-t0.05@0.25,hybrid_prediction_mixture,orthogonal_all__m1,1,False,test,74.00796406379787,0.16640999303004386,0.0,True
bike-sharing,regression,tabicl_v2,0,Raw+HybridSpectral-t0.05@0.25,hybrid_prediction_mixture,orthogonal_all__m2,2,False,validation,68.66029994714629,0.1939321913303954,0.0,True
bike-sharing,regression,tabicl_v2,0,Raw+HybridSpectral-t0.05@0.25,hybrid_prediction_mixture,orthogonal_all__m2,2,False,test,75.81382533289587,0.17180623271534595,0.0,True
bike-sharing,regression,tabicl_v2,0,Raw+HybridSpectral-t0.05@0.25,hybrid_prediction_mixture,orthogonal_all__m3,3,False,validation,70.16248334046749,0.18660770083029693,0.0,True
bike-sharing,regression,tabicl_v2,0,Raw+HybridSpectral-t0.05@0.25,hybrid_prediction_mixture,orthogonal_all__m3,3,False,test,74.2707154248812,0.18916018885247535,0.0,True
bike-sharing,regression,tabicl_v2,0,Raw+HybridSpectral-t0.05@0.25,hybrid_prediction_mixture,orthogonal_all__m4,4,False,validation,60.77354665798211,0.16241521145977506,0.0,True
bike-sharing,regression,tabicl_v2,0,Raw+HybridSpectral-t0.05@0.25,hybrid_prediction_mixture,orthogonal_all__m4,4,False,test,69.65845287879328,0.13764114467057492,0.0,True
bike-sharing,regression,tabicl_v2,0,Raw+HybridSpectral-t0.05@0.25,hybrid_prediction_mixture,orthogonal_all__m5,5,False,validation,67.15365572743826,0.1920549624553421,0.0,True
bike-sharing,regression,tabicl_v2,0,Raw+HybridSpectral-t0.05@0.25,hybrid_prediction_mixture,orthogonal_all__m5,5,False,test,71.22918552840187,0.16906654542631666,0.0,True
bike-sharing,regression,tabicl_v2,0,Raw+HybridSpectral-t0.05@0.25,hybrid_prediction_mixture,orthogonal_all__m6,6,False,validation,64.46827347794024,0.17362719620267353,0.0,True
bike-sharing,regression,tabicl_v2,0,Raw+HybridSpectral-t0.05@0.25,hybrid_prediction_mixture,orthogonal_all__m6,6,False,test,67.61699916466864,0.13585674324652225,0.0,True
bike-sharing,regression,tabicl_v2,0,Raw+HybridSpectral-t0.05@0.25,hybrid_prediction_mixture,orthogonal_all__m7,7,False,validation,62.877043838786754,0.15873131071525198,0.0,True
bike-sharing,regression,tabicl_v2,0,Raw+HybridSpectral-t0.05@0.25,hybrid_prediction_mixture,orthogonal_all__m7,7,False,test,67.25189268303076,0.14700941152799643,0.0,True
bike-sharing,regression,tabicl_v2,0,Raw+HybridSpectral-t0.05@0.5,hybrid_prediction_mixture,rbf_reference,-1,True,validation,60.0414063979043,0.0,0.0,False
bike-sharing,regression,tabicl_v2,0,Raw+HybridSpectral-t0.05@0.5,hybrid_prediction_mixture,rbf_reference,-1,True,test,63.12590085244029,0.0,0.0,False
bike-sharing,regression,tabicl_v2,0,Raw+HybridSpectral-t0.05@0.5,hybrid_prediction_mixture,orthogonal_all__m0,0,False,validation,61.94621817362806,0.10868582511021144,0.0,True
bike-sharing,regression,tabicl_v2,0,Raw+HybridSpectral-t0.05@0.5,hybrid_prediction_mixture,orthogonal_all__m0,0,False,test,66.97163244694549,0.10005683105076349,0.0,True
bike-sharing,regression,tabicl_v2,0,Raw+HybridSpectral-t0.05@0.5,hybrid_prediction_mixture,orthogonal_all__m1,1,False,validation,62.41452380726599,0.11843759539811143,0.0,True
bike-sharing,regression,tabicl_v2,0,Raw+HybridSpectral-t0.05@0.5,hybrid_prediction_mixture,orthogonal_all__m1,1,False,test,67.88060493154752,0.11093999535336257,0.0,True
bike-sharing,regression,tabicl_v2,0,Raw+HybridSpectral-t0.05@0.5,hybrid_prediction_mixture,orthogonal_all__m2,2,False,validation,62.92809286968769,0.12928812755359692,0.0,True
bike-sharing,regression,tabicl_v2,0,Raw+HybridSpectral-t0.05@0.5,hybrid_prediction_mixture,orthogonal_all__m2,2,False,test,69.12457345135961,0.11453748847689728,0.0,True
bike-sharing,regression,tabicl_v2,0,Raw+HybridSpectral-t0.05@0.5,hybrid_prediction_mixture,orthogonal_all__m3,3,False,validation,64.04631529679547,0.1244051338868646,0.0,True
bike-sharing,regression,tabicl_v2,0,Raw+HybridSpectral-t0.05@0.5,hybrid_prediction_mixture,orthogonal_all__m3,3,False,test,67.75924038455737,0.12610679256831692,0.0,True
bike-sharing,regression,tabicl_v2,0,Raw+HybridSpectral-t0.05@0.5,hybrid_prediction_mixture,orthogonal_all__m4,4,False,validation,58.58742536306375,0.10827680763985002,0.0,True
bike-sharing,regression,tabicl_v2,0,Raw+HybridSpectral-t0.05@0.5,hybrid_prediction_mixture,orthogonal_all__m4,4,False,test,65.43394156070377,0.0917607631137166,0.0,True
bike-sharing,regression,tabicl_v2,0,Raw+HybridSpectral-t0.05@0.5,hybrid_prediction_mixture,orthogonal_all__m5,5,False,validation,62.3223277085712,0.1280366416368947,0.0,True
bike-sharing,regression,tabicl_v2,0,Raw+HybridSpectral-t0.05@0.5,hybrid_prediction_mixture,orthogonal_all__m5,5,False,test,66.17531104504211,0.11271103028421108,0.0,True
bike-sharing,regression,tabicl_v2,0,Raw+HybridSpectral-t0.05@0.5,hybrid_prediction_mixture,orthogonal_all__m6,6,False,validation,60.838919370147906,0.11575146413511568,0.0,True
bike-sharing,regression,tabicl_v2,0,Raw+HybridSpectral-t0.05@0.5,hybrid_prediction_mixture,orthogonal_all__m6,6,False,test,64.42345607945309,0.09057116216434816,0.0,True
bike-sharing,regression,tabicl_v2,0,Raw+HybridSpectral-t0.05@0.5,hybrid_prediction_mixture,orthogonal_all__m7,7,False,validation,60.30300898530597,0.10582087381016798,0.0,True
bike-sharing,regression,tabicl_v2,0,Raw+HybridSpectral-t0.05@0.5,hybrid_prediction_mixture,orthogonal_all__m7,7,False,test,63.79713469891411,0.09800627435199763,0.0,True
bike-sharing,regression,tabicl_v2,0,Raw+HybridSpectral-t0.05@0.75,hybrid_prediction_mixture,rbf_reference,-1,True,validation,58.87556472380836,0.0,0.0,False
bike-sharing,regression,tabicl_v2,0,Raw+HybridSpectral-t0.05@0.75,hybrid_prediction_mixture,rbf_reference,-1,True,test,61.67497151627841,0.0,0.0,False
bike-sharing,regression,tabicl_v2,0,Raw+HybridSpectral-t0.05@0.75,hybrid_prediction_mixture,orthogonal_all__m0,0,False,validation,59.720402323431635,0.05434291255510572,0.0,True
bike-sharing,regression,tabicl_v2,0,Raw+HybridSpectral-t0.05@0.75,hybrid_prediction_mixture,orthogonal_all__m0,0,False,test,63.33017991223733,0.050028415525381745,0.0,True
bike-sharing,regression,tabicl_v2,0,Raw+HybridSpectral-t0.05@0.75,hybrid_prediction_mixture,orthogonal_all__m1,1,False,validation,59.764863139716574,0.05921879769905571,0.0,True
bike-sharing,regression,tabicl_v2,0,Raw+HybridSpectral-t0.05@0.75,hybrid_prediction_mixture,orthogonal_all__m1,1,False,test,63.71319970962575,0.05546999767668129,0.0,True
bike-sharing,regression,tabicl_v2,0,Raw+HybridSpectral-t0.05@0.75,hybrid_prediction_mixture,orthogonal_all__m2,2,False,validation,59.77593923968825,0.06464406377679846,0.0,True
bike-sharing,regression,tabicl_v2,0,Raw+HybridSpectral-t0.05@0.75,hybrid_prediction_mixture,orthogonal_all__m2,2,False,test,64.33984890629922,0.05726874423844864,0.0,True
bike-sharing,regression,tabicl_v2,0,Raw+HybridSpectral-t0.05@0.75,hybrid_prediction_mixture,orthogonal_all__m3,3,False,validation,60.379103308271915,0.0622025669434323,0.0,True
bike-sharing,regression,tabicl_v2,0,Raw+HybridSpectral-t0.05@0.75,hybrid_prediction_mixture,orthogonal_all__m3,3,False,test,63.48167562827051,0.06305339628415846,0.0,True
bike-sharing,regression,tabicl_v2,0,Raw+HybridSpectral-t0.05@0.75,hybrid_prediction_mixture,orthogonal_all__m4,4,False,validation,58.18913462944907,0.05413840381992501,0.0,True
bike-sharing,regression,tabicl_v2,0,Raw+HybridSpectral-t0.05@0.75,hybrid_prediction_mixture,orthogonal_all__m4,4,False,test,62.78127822317622,0.0458803815568583,0.0,True
bike-sharing,regression,tabicl_v2,0,Raw+HybridSpectral-t0.05@0.75,hybrid_prediction_mixture,orthogonal_all__m5,5,False,validation,59.711793987533724,0.06401832081844736,0.0,True
bike-sharing,regression,tabicl_v2,0,Raw+HybridSpectral-t0.05@0.75,hybrid_prediction_mixture,orthogonal_all__m5,5,False,test,62.97058340646204,0.05635551514210554,0.0,True
bike-sharing,regression,tabicl_v2,0,Raw+HybridSpectral-t0.05@0.75,hybrid_prediction_mixture,orthogonal_all__m6,6,False,validation,59.16602333913235,0.05787573206755784,0.0,True
bike-sharing,regression,tabicl_v2,0,Raw+HybridSpectral-t0.05@0.75,hybrid_prediction_mixture,orthogonal_all__m6,6,False,test,62.479466287185694,0.04528558108217408,0.0,True
bike-sharing,regression,tabicl_v2,0,Raw+HybridSpectral-t0.05@0.75,hybrid_prediction_mixture,orthogonal_all__m7,7,False,validation,59.18819404882939,0.05291043690508399,0.0,True
bike-sharing,regression,tabicl_v2,0,Raw+HybridSpectral-t0.05@0.75,hybrid_prediction_mixture,orthogonal_all__m7,7,False,test,61.966041067911114,0.049003137175998815,0.0,True
bike-sharing,regression,tabicl_v2,0,Raw+HybridSpectral-t0.05@1,hybrid_prediction_mixture,rbf_reference,-1,True,validation,59.614519272947945,0.0,0.0,False
bike-sharing,regression,tabicl_v2,0,Raw+HybridSpectral-t0.05@1,hybrid_prediction_mixture,rbf_reference,-1,True,test,61.90286438417739,0.0,0.0,False
bike-sharing,regression,tabicl_v2,0,Raw+HybridSpectral-t0.05@1,hybrid_prediction_mixture,orthogonal_all__m0,0,False,validation,59.614519272947945,0.0,0.0,True
bike-sharing,regression,tabicl_v2,0,Raw+HybridSpectral-t0.05@1,hybrid_prediction_mixture,orthogonal_all__m0,0,False,test,61.90286438417739,0.0,0.0,True
bike-sharing,regression,tabicl_v2,0,Raw+HybridSpectral-t0.05@1,hybrid_prediction_mixture,orthogonal_all__m1,1,False,validation,59.614519272947945,0.0,0.0,True
bike-sharing,regression,tabicl_v2,0,Raw+HybridSpectral-t0.05@1,hybrid_prediction_mixture,orthogonal_all__m1,1,False,test,61.90286438417739,0.0,0.0,True
bike-sharing,regression,tabicl_v2,0,Raw+HybridSpectral-t0.05@1,hybrid_prediction_mixture,orthogonal_all__m2,2,False,validation,59.614519272947945,0.0,0.0,True
bike-sharing,regression,tabicl_v2,0,Raw+HybridSpectral-t0.05@1,hybrid_prediction_mixture,orthogonal_all__m2,2,False,test,61.90286438417739,0.0,0.0,True
bike-sharing,regression,tabicl_v2,0,Raw+HybridSpectral-t0.05@1,hybrid_prediction_mixture,orthogonal_all__m3,3,False,validation,59.614519272947945,0.0,0.0,True
bike-sharing,regression,tabicl_v2,0,Raw+HybridSpectral-t0.05@1,hybrid_prediction_mixture,orthogonal_all__m3,3,False,test,61.90286438417739,0.0,0.0,True
bike-sharing,regression,tabicl_v2,0,Raw+HybridSpectral-t0.05@1,hybrid_prediction_mixture,orthogonal_all__m4,4,False,validation,59.614519272947945,0.0,0.0,True
bike-sharing,regression,tabicl_v2,0,Raw+HybridSpectral-t0.05@1,hybrid_prediction_mixture,orthogonal_all__m4,4,False,test,61.90286438417739,0.0,0.0,True
bike-sharing,regression,tabicl_v2,0,Raw+HybridSpectral-t0.05@1,hybrid_prediction_mixture,orthogonal_all__m5,5,False,validation,59.614519272947945,0.0,0.0,True
bike-sharing,regression,tabicl_v2,0,Raw+HybridSpectral-t0.05@1,hybrid_prediction_mixture,orthogonal_all__m5,5,False,test,61.90286438417739,0.0,0.0,True
bike-sharing,regression,tabicl_v2,0,Raw+HybridSpectral-t0.05@1,hybrid_prediction_mixture,orthogonal_all__m6,6,False,validation,59.614519272947945,0.0,0.0,True
bike-sharing,regression,tabicl_v2,0,Raw+HybridSpectral-t0.05@1,hybrid_prediction_mixture,orthogonal_all__m6,6,False,test,61.90286438417739,0.0,0.0,True
bike-sharing,regression,tabicl_v2,0,Raw+HybridSpectral-t0.05@1,hybrid_prediction_mixture,orthogonal_all__m7,7,False,validation,59.614519272947945,0.0,0.0,True
bike-sharing,regression,tabicl_v2,0,Raw+HybridSpectral-t0.05@1,hybrid_prediction_mixture,orthogonal_all__m7,7,False,test,61.90286438417739,0.0,0.0,True
bike-sharing,regression,tabicl_v2,0,Raw+HybridSpectral-t0.10@0.25,hybrid_prediction_mixture,rbf_reference,-1,True,validation,63.00639642304223,0.0,0.0,False
bike-sharing,regression,tabicl_v2,0,Raw+HybridSpectral-t0.10@0.25,hybrid_prediction_mixture,rbf_reference,-1,True,test,66.14526709947553,0.0,0.0,False
bike-sharing,regression,tabicl_v2,0,Raw+HybridSpectral-t0.10@0.25,hybrid_prediction_mixture,orthogonal_all__m0,0,False,validation,66.07808551381652,0.16302873766531717,0.0,True
bike-sharing,regression,tabicl_v2,0,Raw+HybridSpectral-t0.10@0.25,hybrid_prediction_mixture,orthogonal_all__m0,0,False,test,72.4943322863457,0.15008524657614525,0.0,True
bike-sharing,regression,tabicl_v2,0,Raw+HybridSpectral-t0.10@0.25,hybrid_prediction_mixture,orthogonal_all__m1,1,False,validation,67.26880893906804,0.17765639309716716,0.0,True
bike-sharing,regression,tabicl_v2,0,Raw+HybridSpectral-t0.10@0.25,hybrid_prediction_mixture,orthogonal_all__m1,1,False,test,74.00796406379787,0.16640999303004386,0.0,True
bike-sharing,regression,tabicl_v2,0,Raw+HybridSpectral-t0.10@0.25,hybrid_prediction_mixture,orthogonal_all__m2,2,False,validation,68.66029994714629,0.1939321913303954,0.0,True
bike-sharing,regression,tabicl_v2,0,Raw+HybridSpectral-t0.10@0.25,hybrid_prediction_mixture,orthogonal_all__m2,2,False,test,75.81382533289587,0.17180623271534595,0.0,True
bike-sharing,regression,tabicl_v2,0,Raw+HybridSpectral-t0.10@0.25,hybrid_prediction_mixture,orthogonal_all__m3,3,False,validation,70.16248334046749,0.18660770083029693,0.0,True
bike-sharing,regression,tabicl_v2,0,Raw+HybridSpectral-t0.10@0.25,hybrid_prediction_mixture,orthogonal_all__m3,3,False,test,74.2707154248812,0.18916018885247535,0.0,True
bike-sharing,regression,tabicl_v2,0,Raw+HybridSpectral-t0.10@0.25,hybrid_prediction_mixture,orthogonal_all__m4,4,False,validation,60.77354665798211,0.16241521145977506,0.0,True
bike-sharing,regression,tabicl_v2,0,Raw+HybridSpectral-t0.10@0.25,hybrid_prediction_mixture,orthogonal_all__m4,4,False,test,69.65845287879328,0.13764114467057492,0.0,True
bike-sharing,regression,tabicl_v2,0,Raw+HybridSpectral-t0.10@0.25,hybrid_prediction_mixture,orthogonal_all__m5,5,False,validation,67.15365572743826,0.1920549624553421,0.0,True
bike-sharing,regression,tabicl_v2,0,Raw+HybridSpectral-t0.10@0.25,hybrid_prediction_mixture,orthogonal_all__m5,5,False,test,71.22918552840187,0.16906654542631666,0.0,True
bike-sharing,regression,tabicl_v2,0,Raw+HybridSpectral-t0.10@0.25,hybrid_prediction_mixture,orthogonal_all__m6,6,False,validation,64.46827347794024,0.17362719620267353,0.0,True
bike-sharing,regression,tabicl_v2,0,Raw+HybridSpectral-t0.10@0.25,hybrid_prediction_mixture,orthogonal_all__m6,6,False,test,67.61699916466864,0.13585674324652225,0.0,True
bike-sharing,regression,tabicl_v2,0,Raw+HybridSpectral-t0.10@0.25,hybrid_prediction_mixture,orthogonal_all__m7,7,False,validation,62.877043838786754,0.15873131071525198,0.0,True
bike-sharing,regression,tabicl_v2,0,Raw+HybridSpectral-t0.10@0.25,hybrid_prediction_mixture,orthogonal_all__m7,7,False,test,67.25189268303076,0.14700941152799643,0.0,True
bike-sharing,regression,tabicl_v2,0,Raw+HybridSpectral-t0.10@0.5,hybrid_prediction_mixture,rbf_reference,-1,True,validation,60.0414063979043,0.0,0.0,False
bike-sharing,regression,tabicl_v2,0,Raw+HybridSpectral-t0.10@0.5,hybrid_prediction_mixture,rbf_reference,-1,True,test,63.12590085244029,0.0,0.0,False
bike-sharing,regression,tabicl_v2,0,Raw+HybridSpectral-t0.10@0.5,hybrid_prediction_mixture,orthogonal_all__m0,0,False,validation,61.94621817362806,0.10868582511021144,0.0,True
bike-sharing,regression,tabicl_v2,0,Raw+HybridSpectral-t0.10@0.5,hybrid_prediction_mixture,orthogonal_all__m0,0,False,test,66.97163244694549,0.10005683105076349,0.0,True
bike-sharing,regression,tabicl_v2,0,Raw+HybridSpectral-t0.10@0.5,hybrid_prediction_mixture,orthogonal_all__m1,1,False,validation,62.41452380726599,0.11843759539811143,0.0,True
bike-sharing,regression,tabicl_v2,0,Raw+HybridSpectral-t0.10@0.5,hybrid_prediction_mixture,orthogonal_all__m1,1,False,test,67.88060493154752,0.11093999535336257,0.0,True
bike-sharing,regression,tabicl_v2,0,Raw+HybridSpectral-t0.10@0.5,hybrid_prediction_mixture,orthogonal_all__m2,2,False,validation,62.92809286968769,0.12928812755359692,0.0,True
bike-sharing,regression,tabicl_v2,0,Raw+HybridSpectral-t0.10@0.5,hybrid_prediction_mixture,orthogonal_all__m2,2,False,test,69.12457345135961,0.11453748847689728,0.0,True
bike-sharing,regression,tabicl_v2,0,Raw+HybridSpectral-t0.10@0.5,hybrid_prediction_mixture,orthogonal_all__m3,3,False,validation,64.04631529679547,0.1244051338868646,0.0,True
bike-sharing,regression,tabicl_v2,0,Raw+HybridSpectral-t0.10@0.5,hybrid_prediction_mixture,orthogonal_all__m3,3,False,test,67.75924038455737,0.12610679256831692,0.0,True
bike-sharing,regression,tabicl_v2,0,Raw+HybridSpectral-t0.10@0.5,hybrid_prediction_mixture,orthogonal_all__m4,4,False,validation,58.58742536306375,0.10827680763985002,0.0,True
bike-sharing,regression,tabicl_v2,0,Raw+HybridSpectral-t0.10@0.5,hybrid_prediction_mixture,orthogonal_all__m4,4,False,test,65.43394156070377,0.0917607631137166,0.0,True
bike-sharing,regression,tabicl_v2,0,Raw+HybridSpectral-t0.10@0.5,hybrid_prediction_mixture,orthogonal_all__m5,5,False,validation,62.3223277085712,0.1280366416368947,0.0,True
bike-sharing,regression,tabicl_v2,0,Raw+HybridSpectral-t0.10@0.5,hybrid_prediction_mixture,orthogonal_all__m5,5,False,test,66.17531104504211,0.11271103028421108,0.0,True
bike-sharing,regression,tabicl_v2,0,Raw+HybridSpectral-t0.10@0.5,hybrid_prediction_mixture,orthogonal_all__m6,6,False,validation,60.838919370147906,0.11575146413511568,0.0,True
bike-sharing,regression,tabicl_v2,0,Raw+HybridSpectral-t0.10@0.5,hybrid_prediction_mixture,orthogonal_all__m6,6,False,test,64.42345607945309,0.09057116216434816,0.0,True
bike-sharing,regression,tabicl_v2,0,Raw+HybridSpectral-t0.10@0.5,hybrid_prediction_mixture,orthogonal_all__m7,7,False,validation,60.30300898530597,0.10582087381016798,0.0,True
bike-sharing,regression,tabicl_v2,0,Raw+HybridSpectral-t0.10@0.5,hybrid_prediction_mixture,orthogonal_all__m7,7,False,test,63.79713469891411,0.09800627435199763,0.0,True
bike-sharing,regression,tabicl_v2,0,Raw+HybridSpectral-t0.10@0.75,hybrid_prediction_mixture,rbf_reference,-1,True,validation,58.87556472380836,0.0,0.0,False
bike-sharing,regression,tabicl_v2,0,Raw+HybridSpectral-t0.10@0.75,hybrid_prediction_mixture,rbf_reference,-1,True,test,61.67497151627841,0.0,0.0,False
bike-sharing,regression,tabicl_v2,0,Raw+HybridSpectral-t0.10@0.75,hybrid_prediction_mixture,orthogonal_all__m0,0,False,validation,59.720402323431635,0.05434291255510572,0.0,True
bike-sharing,regression,tabicl_v2,0,Raw+HybridSpectral-t0.10@0.75,hybrid_prediction_mixture,orthogonal_all__m0,0,False,test,63.33017991223733,0.050028415525381745,0.0,True
bike-sharing,regression,tabicl_v2,0,Raw+HybridSpectral-t0.10@0.75,hybrid_prediction_mixture,orthogonal_all__m1,1,False,validation,59.764863139716574,0.05921879769905571,0.0,True
bike-sharing,regression,tabicl_v2,0,Raw+HybridSpectral-t0.10@0.75,hybrid_prediction_mixture,orthogonal_all__m1,1,False,test,63.71319970962575,0.05546999767668129,0.0,True
bike-sharing,regression,tabicl_v2,0,Raw+HybridSpectral-t0.10@0.75,hybrid_prediction_mixture,orthogonal_all__m2,2,False,validation,59.77593923968825,0.06464406377679846,0.0,True
bike-sharing,regression,tabicl_v2,0,Raw+HybridSpectral-t0.10@0.75,hybrid_prediction_mixture,orthogonal_all__m2,2,False,test,64.33984890629922,0.05726874423844864,0.0,True
bike-sharing,regression,tabicl_v2,0,Raw+HybridSpectral-t0.10@0.75,hybrid_prediction_mixture,orthogonal_all__m3,3,False,validation,60.379103308271915,0.0622025669434323,0.0,True
bike-sharing,regression,tabicl_v2,0,Raw+HybridSpectral-t0.10@0.75,hybrid_prediction_mixture,orthogonal_all__m3,3,False,test,63.48167562827051,0.06305339628415846,0.0,True
bike-sharing,regression,tabicl_v2,0,Raw+HybridSpectral-t0.10@0.75,hybrid_prediction_mixture,orthogonal_all__m4,4,False,validation,58.18913462944907,0.05413840381992501,0.0,True
bike-sharing,regression,tabicl_v2,0,Raw+HybridSpectral-t0.10@0.75,hybrid_prediction_mixture,orthogonal_all__m4,4,False,test,62.78127822317622,0.0458803815568583,0.0,True
bike-sharing,regression,tabicl_v2,0,Raw+HybridSpectral-t0.10@0.75,hybrid_prediction_mixture,orthogonal_all__m5,5,False,validation,59.711793987533724,0.06401832081844736,0.0,True
bike-sharing,regression,tabicl_v2,0,Raw+HybridSpectral-t0.10@0.75,hybrid_prediction_mixture,orthogonal_all__m5,5,False,test,62.97058340646204,0.05635551514210554,0.0,True
bike-sharing,regression,tabicl_v2,0,Raw+HybridSpectral-t0.10@0.75,hybrid_prediction_mixture,orthogonal_all__m6,6,False,validation,59.16602333913235,0.05787573206755784,0.0,True
bike-sharing,regression,tabicl_v2,0,Raw+HybridSpectral-t0.10@0.75,hybrid_prediction_mixture,orthogonal_all__m6,6,False,test,62.479466287185694,0.04528558108217408,0.0,True
bike-sharing,regression,tabicl_v2,0,Raw+HybridSpectral-t0.10@0.75,hybrid_prediction_mixture,orthogonal_all__m7,7,False,validation,59.18819404882939,0.05291043690508399,0.0,True
bike-sharing,regression,tabicl_v2,0,Raw+HybridSpectral-t0.10@0.75,hybrid_prediction_mixture,orthogonal_all__m7,7,False,test,61.966041067911114,0.049003137175998815,0.0,True
bike-sharing,regression,tabicl_v2,0,Raw+HybridSpectral-t0.10@1,hybrid_prediction_mixture,rbf_reference,-1,True,validation,59.614519272947945,0.0,0.0,False
bike-sharing,regression,tabicl_v2,0,Raw+HybridSpectral-t0.10@1,hybrid_prediction_mixture,rbf_reference,-1,True,test,61.90286438417739,0.0,0.0,False
bike-sharing,regression,tabicl_v2,0,Raw+HybridSpectral-t0.10@1,hybrid_prediction_mixture,orthogonal_all__m0,0,False,validation,59.614519272947945,0.0,0.0,True
bike-sharing,regression,tabicl_v2,0,Raw+HybridSpectral-t0.10@1,hybrid_prediction_mixture,orthogonal_all__m0,0,False,test,61.90286438417739,0.0,0.0,True
bike-sharing,regression,tabicl_v2,0,Raw+HybridSpectral-t0.10@1,hybrid_prediction_mixture,orthogonal_all__m1,1,False,validation,59.614519272947945,0.0,0.0,True
bike-sharing,regression,tabicl_v2,0,Raw+HybridSpectral-t0.10@1,hybrid_prediction_mixture,orthogonal_all__m1,1,False,test,61.90286438417739,0.0,0.0,True
bike-sharing,regression,tabicl_v2,0,Raw+HybridSpectral-t0.10@1,hybrid_prediction_mixture,orthogonal_all__m2,2,False,validation,59.614519272947945,0.0,0.0,True
bike-sharing,regression,tabicl_v2,0,Raw+HybridSpectral-t0.10@1,hybrid_prediction_mixture,orthogonal_all__m2,2,False,test,61.90286438417739,0.0,0.0,True
bike-sharing,regression,tabicl_v2,0,Raw+HybridSpectral-t0.10@1,hybrid_prediction_mixture,orthogonal_all__m3,3,False,validation,59.614519272947945,0.0,0.0,True
bike-sharing,regression,tabicl_v2,0,Raw+HybridSpectral-t0.10@1,hybrid_prediction_mixture,orthogonal_all__m3,3,False,test,61.90286438417739,0.0,0.0,True
bike-sharing,regression,tabicl_v2,0,Raw+HybridSpectral-t0.10@1,hybrid_prediction_mixture,orthogonal_all__m4,4,False,validation,59.614519272947945,0.0,0.0,True
bike-sharing,regression,tabicl_v2,0,Raw+HybridSpectral-t0.10@1,hybrid_prediction_mixture,orthogonal_all__m4,4,False,test,61.90286438417739,0.0,0.0,True
bike-sharing,regression,tabicl_v2,0,Raw+HybridSpectral-t0.10@1,hybrid_prediction_mixture,orthogonal_all__m5,5,False,validation,59.614519272947945,0.0,0.0,True
bike-sharing,regression,tabicl_v2,0,Raw+HybridSpectral-t0.10@1,hybrid_prediction_mixture,orthogonal_all__m5,5,False,test,61.90286438417739,0.0,0.0,True
bike-sharing,regression,tabicl_v2,0,Raw+HybridSpectral-t0.10@1,hybrid_prediction_mixture,orthogonal_all__m6,6,False,validation,59.614519272947945,0.0,0.0,True
bike-sharing,regression,tabicl_v2,0,Raw+HybridSpectral-t0.10@1,hybrid_prediction_mixture,orthogonal_all__m6,6,False,test,61.90286438417739,0.0,0.0,True
bike-sharing,regression,tabicl_v2,0,Raw+HybridSpectral-t0.10@1,hybrid_prediction_mixture,orthogonal_all__m7,7,False,validation,59.614519272947945,0.0,0.0,True
bike-sharing,regression,tabicl_v2,0,Raw+HybridSpectral-t0.10@1,hybrid_prediction_mixture,orthogonal_all__m7,7,False,test,61.90286438417739,0.0,0.0,True
