dataset,problem_type,model,seed,method,track,representation_id,member,is_reference,split,task_error,disagreement,fit_seconds,prediction_reused_due_to_coordinate_identity
phoneme,classification,tabm_d,2,Raw,representation,rbf_reference,-1,True,validation,0.2790989401283936,0.0,0.4391845429781824,False
phoneme,classification,tabm_d,2,Raw,representation,rbf_reference,-1,True,test,0.3244702335785402,0.0,0.4391845429781824,False
phoneme,classification,tabm_d,2,Raw,representation,orthogonal_all__m0,0,False,validation,0.2851094751460712,0.09093605367396526,0.5133756848517805,False
phoneme,classification,tabm_d,2,Raw,representation,orthogonal_all__m0,0,False,test,0.33482243533511447,0.08002360960335805,0.5133756848517805,False
phoneme,classification,tabm_d,2,Raw,representation,orthogonal_all__m1,1,False,validation,0.2825881774441382,0.08977936178628249,0.2680153290275484,False
phoneme,classification,tabm_d,2,Raw,representation,orthogonal_all__m1,1,False,test,0.32214416335301327,0.08291722080249539,0.2680153290275484,False
phoneme,classification,tabm_d,2,Raw,representation,orthogonal_all__m2,2,False,validation,0.2570953586540996,0.095262406523691,0.517911589005962,False
phoneme,classification,tabm_d,2,Raw,representation,orthogonal_all__m2,2,False,test,0.3350676150960609,0.09559598933659989,0.517911589005962,False
phoneme,classification,tabm_d,2,Raw,representation,orthogonal_all__m3,3,False,validation,0.252341637624772,0.0760751854373567,0.5513846480753273,False
phoneme,classification,tabm_d,2,Raw,representation,orthogonal_all__m3,3,False,test,0.3336746784823902,0.0865317389465032,0.5513846480753273,False
phoneme,classification,tabm_d,2,Raw,representation,orthogonal_all__m4,4,False,validation,0.2836829606642173,0.09371993032675804,0.3970735101029277,False
phoneme,classification,tabm_d,2,Raw,representation,orthogonal_all__m4,4,False,test,0.33191577247982684,0.08528119507051692,0.3970735101029277,False
phoneme,classification,tabm_d,2,Raw,representation,orthogonal_all__m5,5,False,validation,0.28051000625943123,0.10335480285905878,0.4149453658610582,False
phoneme,classification,tabm_d,2,Raw,representation,orthogonal_all__m5,5,False,test,0.34278534981311537,0.0941395023358715,0.4149453658610582,False
phoneme,classification,tabm_d,2,Raw,representation,orthogonal_all__m6,6,False,validation,0.291962571030869,0.1082155686662466,0.314570705872029,False
phoneme,classification,tabm_d,2,Raw,representation,orthogonal_all__m6,6,False,test,0.3270619436122791,0.10001460609675038,0.314570705872029,False
phoneme,classification,tabm_d,2,Raw,representation,orthogonal_all__m7,7,False,validation,0.2782777517234579,0.08281303441631649,0.4194714641198516,False
phoneme,classification,tabm_d,2,Raw,representation,orthogonal_all__m7,7,False,test,0.34570840007514886,0.07953675835559812,0.4194714641198516,False
phoneme,classification,tabm_d,2,PCA,representation,pca__v1__rbf_reference,-1,True,validation,0.2819543470331535,0.0,0.34241270599886775,False
phoneme,classification,tabm_d,2,PCA,representation,pca__v1__rbf_reference,-1,True,test,0.34060702730261005,0.0,0.34241270599886775,False
phoneme,classification,tabm_d,2,PCA,representation,pca__v1__orthogonal_all__m0,0,False,validation,0.2819543470331535,0.0,0.0,True
phoneme,classification,tabm_d,2,PCA,representation,pca__v1__orthogonal_all__m0,0,False,test,0.34060702730261005,0.0,0.0,True
phoneme,classification,tabm_d,2,PCA,representation,pca__v1__orthogonal_all__m1,1,False,validation,0.2819543470331535,0.0,0.0,True
phoneme,classification,tabm_d,2,PCA,representation,pca__v1__orthogonal_all__m1,1,False,test,0.34060702730261005,0.0,0.0,True
phoneme,classification,tabm_d,2,PCA,representation,pca__v1__orthogonal_all__m2,2,False,validation,0.2819543470331535,0.0,0.0,True
phoneme,classification,tabm_d,2,PCA,representation,pca__v1__orthogonal_all__m2,2,False,test,0.34060702730261005,0.0,0.0,True
phoneme,classification,tabm_d,2,PCA,representation,pca__v1__orthogonal_all__m3,3,False,validation,0.2819543470331535,0.0,0.0,True
phoneme,classification,tabm_d,2,PCA,representation,pca__v1__orthogonal_all__m3,3,False,test,0.34060702730261005,0.0,0.0,True
phoneme,classification,tabm_d,2,PCA,representation,pca__v1__orthogonal_all__m4,4,False,validation,0.2819543470331535,0.0,0.0,True
phoneme,classification,tabm_d,2,PCA,representation,pca__v1__orthogonal_all__m4,4,False,test,0.34060702730261005,0.0,0.0,True
phoneme,classification,tabm_d,2,PCA,representation,pca__v1__orthogonal_all__m5,5,False,validation,0.2819543470331535,0.0,0.0,True
phoneme,classification,tabm_d,2,PCA,representation,pca__v1__orthogonal_all__m5,5,False,test,0.34060702730261005,0.0,0.0,True
phoneme,classification,tabm_d,2,PCA,representation,pca__v1__orthogonal_all__m6,6,False,validation,0.2819543470331535,0.0,0.0,True
phoneme,classification,tabm_d,2,PCA,representation,pca__v1__orthogonal_all__m6,6,False,test,0.34060702730261005,0.0,0.0,True
phoneme,classification,tabm_d,2,PCA,representation,pca__v1__orthogonal_all__m7,7,False,validation,0.2819543470331535,0.0,0.0,True
phoneme,classification,tabm_d,2,PCA,representation,pca__v1__orthogonal_all__m7,7,False,test,0.34060702730261005,0.0,0.0,True
phoneme,classification,tabm_d,2,GramAnchor,representation,gram_anchor__pivot_tie_v2__rbf_reference,-1,True,validation,0.2788460984300649,0.0,0.41037481208331883,False
phoneme,classification,tabm_d,2,GramAnchor,representation,gram_anchor__pivot_tie_v2__rbf_reference,-1,True,test,0.3174788649839581,0.0,0.41037481208331883,False
phoneme,classification,tabm_d,2,GramAnchor,representation,gram_anchor__pivot_tie_v2__orthogonal_all__m0,0,False,validation,0.2788460984300649,0.0,0.0,True
phoneme,classification,tabm_d,2,GramAnchor,representation,gram_anchor__pivot_tie_v2__orthogonal_all__m0,0,False,test,0.3174788649839581,0.0,0.0,True
phoneme,classification,tabm_d,2,GramAnchor,representation,gram_anchor__pivot_tie_v2__orthogonal_all__m1,1,False,validation,0.2788460984300649,0.0,0.0,True
phoneme,classification,tabm_d,2,GramAnchor,representation,gram_anchor__pivot_tie_v2__orthogonal_all__m1,1,False,test,0.3174788649839581,0.0,0.0,True
phoneme,classification,tabm_d,2,GramAnchor,representation,gram_anchor__pivot_tie_v2__orthogonal_all__m2,2,False,validation,0.2788460984300649,0.0,0.0,True
phoneme,classification,tabm_d,2,GramAnchor,representation,gram_anchor__pivot_tie_v2__orthogonal_all__m2,2,False,test,0.3174788649839581,0.0,0.0,True
phoneme,classification,tabm_d,2,GramAnchor,representation,gram_anchor__pivot_tie_v2__orthogonal_all__m3,3,False,validation,0.2788460984300649,0.0,0.0,True
phoneme,classification,tabm_d,2,GramAnchor,representation,gram_anchor__pivot_tie_v2__orthogonal_all__m3,3,False,test,0.3174788649839581,0.0,0.0,True
phoneme,classification,tabm_d,2,GramAnchor,representation,gram_anchor__pivot_tie_v2__orthogonal_all__m4,4,False,validation,0.2788460984300649,0.0,0.0,True
phoneme,classification,tabm_d,2,GramAnchor,representation,gram_anchor__pivot_tie_v2__orthogonal_all__m4,4,False,test,0.3174788649839581,0.0,0.0,True
phoneme,classification,tabm_d,2,GramAnchor,representation,gram_anchor__pivot_tie_v2__orthogonal_all__m5,5,False,validation,0.2788460984300649,0.0,0.0,True
phoneme,classification,tabm_d,2,GramAnchor,representation,gram_anchor__pivot_tie_v2__orthogonal_all__m5,5,False,test,0.3174788649839581,0.0,0.0,True
phoneme,classification,tabm_d,2,GramAnchor,representation,gram_anchor__pivot_tie_v2__orthogonal_all__m6,6,False,validation,0.2788460984300649,0.0,0.0,True
phoneme,classification,tabm_d,2,GramAnchor,representation,gram_anchor__pivot_tie_v2__orthogonal_all__m6,6,False,test,0.3174788649839581,0.0,0.0,True
phoneme,classification,tabm_d,2,GramAnchor,representation,gram_anchor__pivot_tie_v2__orthogonal_all__m7,7,False,validation,0.2788460984300649,0.0,0.0,True
phoneme,classification,tabm_d,2,GramAnchor,representation,gram_anchor__pivot_tie_v2__orthogonal_all__m7,7,False,test,0.3174788649839581,0.0,0.0,True
phoneme,classification,tabm_d,2,GramAnchor-m8,representation,gram_anchor__pivot_tie_v2__rbf_reference,-1,True,validation,0.2724443707436243,0.0,0.7070461579132825,False
phoneme,classification,tabm_d,2,GramAnchor-m8,representation,gram_anchor__pivot_tie_v2__rbf_reference,-1,True,test,0.3211974499318688,0.0,0.7070461579132825,False
phoneme,classification,tabm_d,2,GramAnchor-m8,representation,gram_anchor__pivot_tie_v2__orthogonal_all__m0,0,False,validation,0.2724443707436243,0.0,0.0,True
phoneme,classification,tabm_d,2,GramAnchor-m8,representation,gram_anchor__pivot_tie_v2__orthogonal_all__m0,0,False,test,0.3211974499318688,0.0,0.0,True
phoneme,classification,tabm_d,2,GramAnchor-m8,representation,gram_anchor__pivot_tie_v2__orthogonal_all__m1,1,False,validation,0.2724443707436243,0.0,0.0,True
phoneme,classification,tabm_d,2,GramAnchor-m8,representation,gram_anchor__pivot_tie_v2__orthogonal_all__m1,1,False,test,0.3211974499318688,0.0,0.0,True
phoneme,classification,tabm_d,2,GramAnchor-m8,representation,gram_anchor__pivot_tie_v2__orthogonal_all__m2,2,False,validation,0.2724443707436243,0.0,0.0,True
phoneme,classification,tabm_d,2,GramAnchor-m8,representation,gram_anchor__pivot_tie_v2__orthogonal_all__m2,2,False,test,0.3211974499318688,0.0,0.0,True
phoneme,classification,tabm_d,2,GramAnchor-m8,representation,gram_anchor__pivot_tie_v2__orthogonal_all__m3,3,False,validation,0.2724443707436243,0.0,0.0,True
phoneme,classification,tabm_d,2,GramAnchor-m8,representation,gram_anchor__pivot_tie_v2__orthogonal_all__m3,3,False,test,0.3211974499318688,0.0,0.0,True
phoneme,classification,tabm_d,2,GramAnchor-m8,representation,gram_anchor__pivot_tie_v2__orthogonal_all__m4,4,False,validation,0.2724443707436243,0.0,0.0,True
phoneme,classification,tabm_d,2,GramAnchor-m8,representation,gram_anchor__pivot_tie_v2__orthogonal_all__m4,4,False,test,0.3211974499318688,0.0,0.0,True
phoneme,classification,tabm_d,2,GramAnchor-m8,representation,gram_anchor__pivot_tie_v2__orthogonal_all__m5,5,False,validation,0.2724443707436243,0.0,0.0,True
phoneme,classification,tabm_d,2,GramAnchor-m8,representation,gram_anchor__pivot_tie_v2__orthogonal_all__m5,5,False,test,0.3211974499318688,0.0,0.0,True
phoneme,classification,tabm_d,2,GramAnchor-m8,representation,gram_anchor__pivot_tie_v2__orthogonal_all__m6,6,False,validation,0.2724443707436243,0.0,0.0,True
phoneme,classification,tabm_d,2,GramAnchor-m8,representation,gram_anchor__pivot_tie_v2__orthogonal_all__m6,6,False,test,0.3211974499318688,0.0,0.0,True
phoneme,classification,tabm_d,2,GramAnchor-m8,representation,gram_anchor__pivot_tie_v2__orthogonal_all__m7,7,False,validation,0.2724443707436243,0.0,0.0,True
phoneme,classification,tabm_d,2,GramAnchor-m8,representation,gram_anchor__pivot_tie_v2__orthogonal_all__m7,7,False,test,0.3211974499318688,0.0,0.0,True
phoneme,classification,tabm_d,2,GramDistance,representation,gram_distance__pivot_tie_v2__rbf_reference,-1,True,validation,0.29985240408540936,0.0,0.33672094997018576,False
phoneme,classification,tabm_d,2,GramDistance,representation,gram_distance__pivot_tie_v2__rbf_reference,-1,True,test,0.3254553587369715,0.0,0.33672094997018576,False
phoneme,classification,tabm_d,2,GramDistance,representation,gram_distance__pivot_tie_v2__orthogonal_all__m0,0,False,validation,0.29985240408540936,0.0,0.0,True
phoneme,classification,tabm_d,2,GramDistance,representation,gram_distance__pivot_tie_v2__orthogonal_all__m0,0,False,test,0.3254553587369715,0.0,0.0,True
phoneme,classification,tabm_d,2,GramDistance,representation,gram_distance__pivot_tie_v2__orthogonal_all__m1,1,False,validation,0.29985240408540936,0.0,0.0,True
phoneme,classification,tabm_d,2,GramDistance,representation,gram_distance__pivot_tie_v2__orthogonal_all__m1,1,False,test,0.3254553587369715,0.0,0.0,True
phoneme,classification,tabm_d,2,GramDistance,representation,gram_distance__pivot_tie_v2__orthogonal_all__m2,2,False,validation,0.29985240408540936,0.0,0.0,True
phoneme,classification,tabm_d,2,GramDistance,representation,gram_distance__pivot_tie_v2__orthogonal_all__m2,2,False,test,0.3254553587369715,0.0,0.0,True
phoneme,classification,tabm_d,2,GramDistance,representation,gram_distance__pivot_tie_v2__orthogonal_all__m3,3,False,validation,0.29985240408540936,0.0,0.0,True
phoneme,classification,tabm_d,2,GramDistance,representation,gram_distance__pivot_tie_v2__orthogonal_all__m3,3,False,test,0.3254553587369715,0.0,0.0,True
phoneme,classification,tabm_d,2,GramDistance,representation,gram_distance__pivot_tie_v2__orthogonal_all__m4,4,False,validation,0.29985240408540936,0.0,0.0,True
phoneme,classification,tabm_d,2,GramDistance,representation,gram_distance__pivot_tie_v2__orthogonal_all__m4,4,False,test,0.3254553587369715,0.0,0.0,True
phoneme,classification,tabm_d,2,GramDistance,representation,gram_distance__pivot_tie_v2__orthogonal_all__m5,5,False,validation,0.29985240408540936,0.0,0.0,True
phoneme,classification,tabm_d,2,GramDistance,representation,gram_distance__pivot_tie_v2__orthogonal_all__m5,5,False,test,0.3254553587369715,0.0,0.0,True
phoneme,classification,tabm_d,2,GramDistance,representation,gram_distance__pivot_tie_v2__orthogonal_all__m6,6,False,validation,0.29985240408540936,0.0,0.0,True
phoneme,classification,tabm_d,2,GramDistance,representation,gram_distance__pivot_tie_v2__orthogonal_all__m6,6,False,test,0.3254553587369715,0.0,0.0,True
phoneme,classification,tabm_d,2,GramDistance,representation,gram_distance__pivot_tie_v2__orthogonal_all__m7,7,False,validation,0.29985240408540936,0.0,0.0,True
phoneme,classification,tabm_d,2,GramDistance,representation,gram_distance__pivot_tie_v2__orthogonal_all__m7,7,False,test,0.3254553587369715,0.0,0.0,True
phoneme,classification,tabm_d,2,NystromGram,representation,nystrom_gram__nystrom_degeneracy_v3__rbf_reference,-1,True,validation,0.30446894950258907,0.0,0.41941027413122356,False
phoneme,classification,tabm_d,2,NystromGram,representation,nystrom_gram__nystrom_degeneracy_v3__rbf_reference,-1,True,test,0.3415123770634406,0.0,0.41941027413122356,False
phoneme,classification,tabm_d,2,NystromGram,representation,nystrom_gram__nystrom_degeneracy_v3__orthogonal_all__m0,0,False,validation,0.30446894950258907,0.0,0.0,True
phoneme,classification,tabm_d,2,NystromGram,representation,nystrom_gram__nystrom_degeneracy_v3__orthogonal_all__m0,0,False,test,0.3415123770634406,0.0,0.0,True
phoneme,classification,tabm_d,2,NystromGram,representation,nystrom_gram__nystrom_degeneracy_v3__orthogonal_all__m1,1,False,validation,0.30446894950258907,0.0,0.0,True
phoneme,classification,tabm_d,2,NystromGram,representation,nystrom_gram__nystrom_degeneracy_v3__orthogonal_all__m1,1,False,test,0.3415123770634406,0.0,0.0,True
phoneme,classification,tabm_d,2,NystromGram,representation,nystrom_gram__nystrom_degeneracy_v3__orthogonal_all__m2,2,False,validation,0.30446894950258907,0.0,0.0,True
phoneme,classification,tabm_d,2,NystromGram,representation,nystrom_gram__nystrom_degeneracy_v3__orthogonal_all__m2,2,False,test,0.3415123770634406,0.0,0.0,True
phoneme,classification,tabm_d,2,NystromGram,representation,nystrom_gram__nystrom_degeneracy_v3__orthogonal_all__m3,3,False,validation,0.30446894950258907,0.0,0.0,True
phoneme,classification,tabm_d,2,NystromGram,representation,nystrom_gram__nystrom_degeneracy_v3__orthogonal_all__m3,3,False,test,0.3415123770634406,0.0,0.0,True
phoneme,classification,tabm_d,2,NystromGram,representation,nystrom_gram__nystrom_degeneracy_v3__orthogonal_all__m4,4,False,validation,0.30446894950258907,0.0,0.0,True
phoneme,classification,tabm_d,2,NystromGram,representation,nystrom_gram__nystrom_degeneracy_v3__orthogonal_all__m4,4,False,test,0.3415123770634406,0.0,0.0,True
phoneme,classification,tabm_d,2,NystromGram,representation,nystrom_gram__nystrom_degeneracy_v3__orthogonal_all__m5,5,False,validation,0.30446894950258907,0.0,0.0,True
phoneme,classification,tabm_d,2,NystromGram,representation,nystrom_gram__nystrom_degeneracy_v3__orthogonal_all__m5,5,False,test,0.3415123770634406,0.0,0.0,True
phoneme,classification,tabm_d,2,NystromGram,representation,nystrom_gram__nystrom_degeneracy_v3__orthogonal_all__m6,6,False,validation,0.30446894950258907,0.0,0.0,True
phoneme,classification,tabm_d,2,NystromGram,representation,nystrom_gram__nystrom_degeneracy_v3__orthogonal_all__m6,6,False,test,0.3415123770634406,0.0,0.0,True
phoneme,classification,tabm_d,2,NystromGram,representation,nystrom_gram__nystrom_degeneracy_v3__orthogonal_all__m7,7,False,validation,0.30446894950258907,0.0,0.0,True
phoneme,classification,tabm_d,2,NystromGram,representation,nystrom_gram__nystrom_degeneracy_v3__orthogonal_all__m7,7,False,test,0.3415123770634406,0.0,0.0,True
phoneme,classification,tabm_d,2,HybridSpectral-t0.01,representation,hybrid_spectral__pivot_tie_v2__rbf_reference,-1,True,validation,0.2819543470331535,0.0,0.3807490288745612,False
phoneme,classification,tabm_d,2,HybridSpectral-t0.01,representation,hybrid_spectral__pivot_tie_v2__rbf_reference,-1,True,test,0.34060702730261005,0.0,0.3807490288745612,False
phoneme,classification,tabm_d,2,HybridSpectral-t0.01,representation,hybrid_spectral__pivot_tie_v2__orthogonal_all__m0,0,False,validation,0.2819543470331535,0.0,0.0,True
phoneme,classification,tabm_d,2,HybridSpectral-t0.01,representation,hybrid_spectral__pivot_tie_v2__orthogonal_all__m0,0,False,test,0.34060702730261005,0.0,0.0,True
phoneme,classification,tabm_d,2,HybridSpectral-t0.01,representation,hybrid_spectral__pivot_tie_v2__orthogonal_all__m1,1,False,validation,0.2819543470331535,0.0,0.0,True
phoneme,classification,tabm_d,2,HybridSpectral-t0.01,representation,hybrid_spectral__pivot_tie_v2__orthogonal_all__m1,1,False,test,0.34060702730261005,0.0,0.0,True
phoneme,classification,tabm_d,2,HybridSpectral-t0.01,representation,hybrid_spectral__pivot_tie_v2__orthogonal_all__m2,2,False,validation,0.2819543470331535,0.0,0.0,True
phoneme,classification,tabm_d,2,HybridSpectral-t0.01,representation,hybrid_spectral__pivot_tie_v2__orthogonal_all__m2,2,False,test,0.34060702730261005,0.0,0.0,True
phoneme,classification,tabm_d,2,HybridSpectral-t0.01,representation,hybrid_spectral__pivot_tie_v2__orthogonal_all__m3,3,False,validation,0.2819543470331535,0.0,0.0,True
phoneme,classification,tabm_d,2,HybridSpectral-t0.01,representation,hybrid_spectral__pivot_tie_v2__orthogonal_all__m3,3,False,test,0.34060702730261005,0.0,0.0,True
phoneme,classification,tabm_d,2,HybridSpectral-t0.01,representation,hybrid_spectral__pivot_tie_v2__orthogonal_all__m4,4,False,validation,0.2819543470331535,0.0,0.0,True
phoneme,classification,tabm_d,2,HybridSpectral-t0.01,representation,hybrid_spectral__pivot_tie_v2__orthogonal_all__m4,4,False,test,0.34060702730261005,0.0,0.0,True
phoneme,classification,tabm_d,2,HybridSpectral-t0.01,representation,hybrid_spectral__pivot_tie_v2__orthogonal_all__m5,5,False,validation,0.2819543470331535,0.0,0.0,True
phoneme,classification,tabm_d,2,HybridSpectral-t0.01,representation,hybrid_spectral__pivot_tie_v2__orthogonal_all__m5,5,False,test,0.34060702730261005,0.0,0.0,True
phoneme,classification,tabm_d,2,HybridSpectral-t0.01,representation,hybrid_spectral__pivot_tie_v2__orthogonal_all__m6,6,False,validation,0.2819543470331535,0.0,0.0,True
phoneme,classification,tabm_d,2,HybridSpectral-t0.01,representation,hybrid_spectral__pivot_tie_v2__orthogonal_all__m6,6,False,test,0.34060702730261005,0.0,0.0,True
phoneme,classification,tabm_d,2,HybridSpectral-t0.01,representation,hybrid_spectral__pivot_tie_v2__orthogonal_all__m7,7,False,validation,0.2819543470331535,0.0,0.0,True
phoneme,classification,tabm_d,2,HybridSpectral-t0.01,representation,hybrid_spectral__pivot_tie_v2__orthogonal_all__m7,7,False,test,0.34060702730261005,0.0,0.0,True
phoneme,classification,tabm_d,2,HybridSpectral-t0.05,representation,hybrid_spectral__pivot_tie_v2__rbf_reference,-1,True,validation,0.2819543470331535,0.0,0.3367872890084982,False
phoneme,classification,tabm_d,2,HybridSpectral-t0.05,representation,hybrid_spectral__pivot_tie_v2__rbf_reference,-1,True,test,0.34060702730261005,0.0,0.3367872890084982,False
phoneme,classification,tabm_d,2,HybridSpectral-t0.05,representation,hybrid_spectral__pivot_tie_v2__orthogonal_all__m0,0,False,validation,0.2819543470331535,0.0,0.0,True
phoneme,classification,tabm_d,2,HybridSpectral-t0.05,representation,hybrid_spectral__pivot_tie_v2__orthogonal_all__m0,0,False,test,0.34060702730261005,0.0,0.0,True
phoneme,classification,tabm_d,2,HybridSpectral-t0.05,representation,hybrid_spectral__pivot_tie_v2__orthogonal_all__m1,1,False,validation,0.2819543470331535,0.0,0.0,True
phoneme,classification,tabm_d,2,HybridSpectral-t0.05,representation,hybrid_spectral__pivot_tie_v2__orthogonal_all__m1,1,False,test,0.34060702730261005,0.0,0.0,True
phoneme,classification,tabm_d,2,HybridSpectral-t0.05,representation,hybrid_spectral__pivot_tie_v2__orthogonal_all__m2,2,False,validation,0.2819543470331535,0.0,0.0,True
phoneme,classification,tabm_d,2,HybridSpectral-t0.05,representation,hybrid_spectral__pivot_tie_v2__orthogonal_all__m2,2,False,test,0.34060702730261005,0.0,0.0,True
phoneme,classification,tabm_d,2,HybridSpectral-t0.05,representation,hybrid_spectral__pivot_tie_v2__orthogonal_all__m3,3,False,validation,0.2819543470331535,0.0,0.0,True
phoneme,classification,tabm_d,2,HybridSpectral-t0.05,representation,hybrid_spectral__pivot_tie_v2__orthogonal_all__m3,3,False,test,0.34060702730261005,0.0,0.0,True
phoneme,classification,tabm_d,2,HybridSpectral-t0.05,representation,hybrid_spectral__pivot_tie_v2__orthogonal_all__m4,4,False,validation,0.2819543470331535,0.0,0.0,True
phoneme,classification,tabm_d,2,HybridSpectral-t0.05,representation,hybrid_spectral__pivot_tie_v2__orthogonal_all__m4,4,False,test,0.34060702730261005,0.0,0.0,True
phoneme,classification,tabm_d,2,HybridSpectral-t0.05,representation,hybrid_spectral__pivot_tie_v2__orthogonal_all__m5,5,False,validation,0.2819543470331535,0.0,0.0,True
phoneme,classification,tabm_d,2,HybridSpectral-t0.05,representation,hybrid_spectral__pivot_tie_v2__orthogonal_all__m5,5,False,test,0.34060702730261005,0.0,0.0,True
phoneme,classification,tabm_d,2,HybridSpectral-t0.05,representation,hybrid_spectral__pivot_tie_v2__orthogonal_all__m6,6,False,validation,0.2819543470331535,0.0,0.0,True
phoneme,classification,tabm_d,2,HybridSpectral-t0.05,representation,hybrid_spectral__pivot_tie_v2__orthogonal_all__m6,6,False,test,0.34060702730261005,0.0,0.0,True
phoneme,classification,tabm_d,2,HybridSpectral-t0.05,representation,hybrid_spectral__pivot_tie_v2__orthogonal_all__m7,7,False,validation,0.2819543470331535,0.0,0.0,True
phoneme,classification,tabm_d,2,HybridSpectral-t0.05,representation,hybrid_spectral__pivot_tie_v2__orthogonal_all__m7,7,False,test,0.34060702730261005,0.0,0.0,True
phoneme,classification,tabm_d,2,HybridSpectral-t0.10,representation,hybrid_spectral__pivot_tie_v2__rbf_reference,-1,True,validation,0.2819543470331535,0.0,0.3662761249579489,False
phoneme,classification,tabm_d,2,HybridSpectral-t0.10,representation,hybrid_spectral__pivot_tie_v2__rbf_reference,-1,True,test,0.34060702730261005,0.0,0.3662761249579489,False
phoneme,classification,tabm_d,2,HybridSpectral-t0.10,representation,hybrid_spectral__pivot_tie_v2__orthogonal_all__m0,0,False,validation,0.2819543470331535,0.0,0.0,True
phoneme,classification,tabm_d,2,HybridSpectral-t0.10,representation,hybrid_spectral__pivot_tie_v2__orthogonal_all__m0,0,False,test,0.34060702730261005,0.0,0.0,True
phoneme,classification,tabm_d,2,HybridSpectral-t0.10,representation,hybrid_spectral__pivot_tie_v2__orthogonal_all__m1,1,False,validation,0.2819543470331535,0.0,0.0,True
phoneme,classification,tabm_d,2,HybridSpectral-t0.10,representation,hybrid_spectral__pivot_tie_v2__orthogonal_all__m1,1,False,test,0.34060702730261005,0.0,0.0,True
phoneme,classification,tabm_d,2,HybridSpectral-t0.10,representation,hybrid_spectral__pivot_tie_v2__orthogonal_all__m2,2,False,validation,0.2819543470331535,0.0,0.0,True
phoneme,classification,tabm_d,2,HybridSpectral-t0.10,representation,hybrid_spectral__pivot_tie_v2__orthogonal_all__m2,2,False,test,0.34060702730261005,0.0,0.0,True
phoneme,classification,tabm_d,2,HybridSpectral-t0.10,representation,hybrid_spectral__pivot_tie_v2__orthogonal_all__m3,3,False,validation,0.2819543470331535,0.0,0.0,True
phoneme,classification,tabm_d,2,HybridSpectral-t0.10,representation,hybrid_spectral__pivot_tie_v2__orthogonal_all__m3,3,False,test,0.34060702730261005,0.0,0.0,True
phoneme,classification,tabm_d,2,HybridSpectral-t0.10,representation,hybrid_spectral__pivot_tie_v2__orthogonal_all__m4,4,False,validation,0.2819543470331535,0.0,0.0,True
phoneme,classification,tabm_d,2,HybridSpectral-t0.10,representation,hybrid_spectral__pivot_tie_v2__orthogonal_all__m4,4,False,test,0.34060702730261005,0.0,0.0,True
phoneme,classification,tabm_d,2,HybridSpectral-t0.10,representation,hybrid_spectral__pivot_tie_v2__orthogonal_all__m5,5,False,validation,0.2819543470331535,0.0,0.0,True
phoneme,classification,tabm_d,2,HybridSpectral-t0.10,representation,hybrid_spectral__pivot_tie_v2__orthogonal_all__m5,5,False,test,0.34060702730261005,0.0,0.0,True
phoneme,classification,tabm_d,2,HybridSpectral-t0.10,representation,hybrid_spectral__pivot_tie_v2__orthogonal_all__m6,6,False,validation,0.2819543470331535,0.0,0.0,True
phoneme,classification,tabm_d,2,HybridSpectral-t0.10,representation,hybrid_spectral__pivot_tie_v2__orthogonal_all__m6,6,False,test,0.34060702730261005,0.0,0.0,True
phoneme,classification,tabm_d,2,HybridSpectral-t0.10,representation,hybrid_spectral__pivot_tie_v2__orthogonal_all__m7,7,False,validation,0.2819543470331535,0.0,0.0,True
phoneme,classification,tabm_d,2,HybridSpectral-t0.10,representation,hybrid_spectral__pivot_tie_v2__orthogonal_all__m7,7,False,test,0.34060702730261005,0.0,0.0,True
phoneme,classification,tabm_d,2,Raw+PCA@0.25,hybrid_prediction_mixture,rbf_reference,-1,True,validation,0.272861992951986,0.0,0.0,False
phoneme,classification,tabm_d,2,Raw+PCA@0.25,hybrid_prediction_mixture,rbf_reference,-1,True,test,0.31952076675825475,0.0,0.0,False
phoneme,classification,tabm_d,2,Raw+PCA@0.25,hybrid_prediction_mixture,orthogonal_all__m0,0,False,validation,0.27940846453211743,0.06820204018052324,0.0,True
phoneme,classification,tabm_d,2,Raw+PCA@0.25,hybrid_prediction_mixture,orthogonal_all__m0,0,False,test,0.32913323317920795,0.06001770726120191,0.0,True
phoneme,classification,tabm_d,2,Raw+PCA@0.25,hybrid_prediction_mixture,orthogonal_all__m1,1,False,validation,0.27402152425886206,0.06733452118306636,0.0,True
phoneme,classification,tabm_d,2,Raw+PCA@0.25,hybrid_prediction_mixture,orthogonal_all__m1,1,False,test,0.32041534148647904,0.062187915623283484,0.0,True
phoneme,classification,tabm_d,2,Raw+PCA@0.25,hybrid_prediction_mixture,orthogonal_all__m2,2,False,validation,0.2568604886403885,0.07144680480397893,0.0,True
phoneme,classification,tabm_d,2,Raw+PCA@0.25,hybrid_prediction_mixture,orthogonal_all__m2,2,False,test,0.32549011472687894,0.07169699197698456,0.0,True
phoneme,classification,tabm_d,2,Raw+PCA@0.25,hybrid_prediction_mixture,orthogonal_all__m3,3,False,validation,0.2553961116957009,0.05705638896728117,0.0,True
phoneme,classification,tabm_d,2,Raw+PCA@0.25,hybrid_prediction_mixture,orthogonal_all__m3,3,False,test,0.32996152129093115,0.06489880417221741,0.0,True
phoneme,classification,tabm_d,2,Raw+PCA@0.25,hybrid_prediction_mixture,orthogonal_all__m4,4,False,validation,0.27925519664820275,0.07028994751167512,0.0,True
phoneme,classification,tabm_d,2,Raw+PCA@0.25,hybrid_prediction_mixture,orthogonal_all__m4,4,False,test,0.3288458419151131,0.06396089630493967,0.0,True
phoneme,classification,tabm_d,2,Raw+PCA@0.25,hybrid_prediction_mixture,orthogonal_all__m5,5,False,validation,0.2727364520348602,0.07751610191502165,0.0,True
phoneme,classification,tabm_d,2,Raw+PCA@0.25,hybrid_prediction_mixture,orthogonal_all__m5,5,False,test,0.3287197822274268,0.07060462691957008,0.0,True
phoneme,classification,tabm_d,2,Raw+PCA@0.25,hybrid_prediction_mixture,orthogonal_all__m6,6,False,validation,0.2845762138753632,0.08116167628407918,0.0,True
phoneme,classification,tabm_d,2,Raw+PCA@0.25,hybrid_prediction_mixture,orthogonal_all__m6,6,False,test,0.3246538353468622,0.0750109544651072,0.0,True
phoneme,classification,tabm_d,2,Raw+PCA@0.25,hybrid_prediction_mixture,orthogonal_all__m7,7,False,validation,0.2715355110535381,0.062109775606271164,0.0,True
phoneme,classification,tabm_d,2,Raw+PCA@0.25,hybrid_prediction_mixture,orthogonal_all__m7,7,False,test,0.3371260200800059,0.05965256887915387,0.0,True
phoneme,classification,tabm_d,2,Raw+PCA@0.5,hybrid_prediction_mixture,rbf_reference,-1,True,validation,0.27209225268053394,0.0,0.0,False
phoneme,classification,tabm_d,2,Raw+PCA@0.5,hybrid_prediction_mixture,rbf_reference,-1,True,test,0.32069678025387843,0.0,0.0,False
phoneme,classification,tabm_d,2,Raw+PCA@0.5,hybrid_prediction_mixture,orthogonal_all__m0,0,False,validation,0.2771837859456609,0.04546802673704837,0.0,True
phoneme,classification,tabm_d,2,Raw+PCA@0.5,hybrid_prediction_mixture,orthogonal_all__m0,0,False,test,0.3280194512900624,0.04001180487992355,0.0,True
phoneme,classification,tabm_d,2,Raw+PCA@0.5,hybrid_prediction_mixture,orthogonal_all__m1,1,False,validation,0.27015732486260224,0.0448896806842806,0.0,True
phoneme,classification,tabm_d,2,Raw+PCA@0.5,hybrid_prediction_mixture,orthogonal_all__m1,1,False,test,0.32229941322747135,0.04145861042979696,0.0,True
phoneme,classification,tabm_d,2,Raw+PCA@0.5,hybrid_prediction_mixture,orthogonal_all__m2,2,False,validation,0.26076261069851236,0.047631203143459755,0.0,True
phoneme,classification,tabm_d,2,Raw+PCA@0.5,hybrid_prediction_mixture,orthogonal_all__m2,2,False,test,0.3240651374945315,0.047797994634346155,0.0,True
phoneme,classification,tabm_d,2,Raw+PCA@0.5,hybrid_prediction_mixture,orthogonal_all__m3,3,False,validation,0.2610663749873538,0.038037592571029906,0.0,True
phoneme,classification,tabm_d,2,Raw+PCA@0.5,hybrid_prediction_mixture,orthogonal_all__m3,3,False,test,0.3296800996221955,0.043265869423038304,0.0,True
phoneme,classification,tabm_d,2,Raw+PCA@0.5,hybrid_prediction_mixture,orthogonal_all__m4,4,False,validation,0.2771248803599314,0.04685996485218783,0.0,True
phoneme,classification,tabm_d,2,Raw+PCA@0.5,hybrid_prediction_mixture,orthogonal_all__m4,4,False,test,0.3287147495018088,0.042640597537994464,0.0,True
phoneme,classification,tabm_d,2,Raw+PCA@0.5,hybrid_prediction_mixture,orthogonal_all__m5,5,False,validation,0.27054568309988036,0.051677401123832824,0.0,True
phoneme,classification,tabm_d,2,Raw+PCA@0.5,hybrid_prediction_mixture,orthogonal_all__m5,5,False,test,0.3263792420637318,0.047069751391491055,0.0,True
phoneme,classification,tabm_d,2,Raw+PCA@0.5,hybrid_prediction_mixture,orthogonal_all__m6,6,False,validation,0.2799344572129751,0.05410778404564896,0.0,True
phoneme,classification,tabm_d,2,Raw+PCA@0.5,hybrid_prediction_mixture,orthogonal_all__m6,6,False,test,0.32554679358221733,0.05000730290510111,0.0,True
phoneme,classification,tabm_d,2,Raw+PCA@0.5,hybrid_prediction_mixture,orthogonal_all__m7,7,False,validation,0.26948198285028796,0.04140651693353666,0.0,True
phoneme,classification,tabm_d,2,Raw+PCA@0.5,hybrid_prediction_mixture,orthogonal_all__m7,7,False,test,0.33371657795492843,0.03976837932773945,0.0,True
phoneme,classification,tabm_d,2,Raw+PCA@0.75,hybrid_prediction_mixture,rbf_reference,-1,True,validation,0.2751048601640572,0.0,0.0,False
phoneme,classification,tabm_d,2,Raw+PCA@0.75,hybrid_prediction_mixture,rbf_reference,-1,True,test,0.3270763455552871,0.0,0.0,False
phoneme,classification,tabm_d,2,Raw+PCA@0.75,hybrid_prediction_mixture,orthogonal_all__m0,0,False,validation,0.2778981552738214,0.02273401334354064,0.0,True
phoneme,classification,tabm_d,2,Raw+PCA@0.75,hybrid_prediction_mixture,orthogonal_all__m0,0,False,test,0.33111688822039353,0.020005902459522926,0.0,True
phoneme,classification,tabm_d,2,Raw+PCA@0.75,hybrid_prediction_mixture,orthogonal_all__m1,1,False,validation,0.2703190489570396,0.02244484028992516,0.0,True
phoneme,classification,tabm_d,2,Raw+PCA@0.75,hybrid_prediction_mixture,orthogonal_all__m1,1,False,test,0.32801724316662206,0.020729305222035813,0.0,True
phoneme,classification,tabm_d,2,Raw+PCA@0.75,hybrid_prediction_mixture,orthogonal_all__m2,2,False,validation,0.26864536205669953,0.02381560154213346,0.0,True
phoneme,classification,tabm_d,2,Raw+PCA@0.75,hybrid_prediction_mixture,orthogonal_all__m2,2,False,test,0.32849614300946384,0.023898997308684646,0.0,True
phoneme,classification,tabm_d,2,Raw+PCA@0.75,hybrid_prediction_mixture,orthogonal_all__m3,3,False,validation,0.26956410743449727,0.019018796248602865,0.0,True
phoneme,classification,tabm_d,2,Raw+PCA@0.75,hybrid_prediction_mixture,orthogonal_all__m3,3,False,test,0.3326251562472171,0.02163293469896585,0.0,True
phoneme,classification,tabm_d,2,Raw+PCA@0.75,hybrid_prediction_mixture,orthogonal_all__m4,4,False,validation,0.27755459084266765,0.023429982348296137,0.0,True
phoneme,classification,tabm_d,2,Raw+PCA@0.75,hybrid_prediction_mixture,orthogonal_all__m4,4,False,test,0.3317956832216729,0.02132029876968125,0.0,True
phoneme,classification,tabm_d,2,Raw+PCA@0.75,hybrid_prediction_mixture,orthogonal_all__m5,5,False,validation,0.272911478733234,0.02583870048549229,0.0,True
phoneme,classification,tabm_d,2,Raw+PCA@0.75,hybrid_prediction_mixture,orthogonal_all__m5,5,False,test,0.3299025706070432,0.023534875751634383,0.0,True
phoneme,classification,tabm_d,2,Raw+PCA@0.75,hybrid_prediction_mixture,orthogonal_all__m6,6,False,validation,0.2783150891715025,0.027053891950955915,0.0,True
phoneme,classification,tabm_d,2,Raw+PCA@0.75,hybrid_prediction_mixture,orthogonal_all__m6,6,False,test,0.3300422054901372,0.025003651416732057,0.0,True
phoneme,classification,tabm_d,2,Raw+PCA@0.75,hybrid_prediction_mixture,orthogonal_all__m7,7,False,validation,0.2716242117629546,0.020703258398112954,0.0,True
phoneme,classification,tabm_d,2,Raw+PCA@0.75,hybrid_prediction_mixture,orthogonal_all__m7,7,False,test,0.33457680558298203,0.019884189701354842,0.0,True
phoneme,classification,tabm_d,2,Raw+PCA@1,hybrid_prediction_mixture,rbf_reference,-1,True,validation,0.2819543470331535,0.0,0.0,False
phoneme,classification,tabm_d,2,Raw+PCA@1,hybrid_prediction_mixture,rbf_reference,-1,True,test,0.34060702730261005,0.0,0.0,False
phoneme,classification,tabm_d,2,Raw+PCA@1,hybrid_prediction_mixture,orthogonal_all__m0,0,False,validation,0.2819543470331535,0.0,0.0,True
phoneme,classification,tabm_d,2,Raw+PCA@1,hybrid_prediction_mixture,orthogonal_all__m0,0,False,test,0.34060702730261005,0.0,0.0,True
phoneme,classification,tabm_d,2,Raw+PCA@1,hybrid_prediction_mixture,orthogonal_all__m1,1,False,validation,0.2819543470331535,0.0,0.0,True
phoneme,classification,tabm_d,2,Raw+PCA@1,hybrid_prediction_mixture,orthogonal_all__m1,1,False,test,0.34060702730261005,0.0,0.0,True
phoneme,classification,tabm_d,2,Raw+PCA@1,hybrid_prediction_mixture,orthogonal_all__m2,2,False,validation,0.2819543470331535,0.0,0.0,True
phoneme,classification,tabm_d,2,Raw+PCA@1,hybrid_prediction_mixture,orthogonal_all__m2,2,False,test,0.34060702730261005,0.0,0.0,True
phoneme,classification,tabm_d,2,Raw+PCA@1,hybrid_prediction_mixture,orthogonal_all__m3,3,False,validation,0.2819543470331535,0.0,0.0,True
phoneme,classification,tabm_d,2,Raw+PCA@1,hybrid_prediction_mixture,orthogonal_all__m3,3,False,test,0.34060702730261005,0.0,0.0,True
phoneme,classification,tabm_d,2,Raw+PCA@1,hybrid_prediction_mixture,orthogonal_all__m4,4,False,validation,0.2819543470331535,0.0,0.0,True
phoneme,classification,tabm_d,2,Raw+PCA@1,hybrid_prediction_mixture,orthogonal_all__m4,4,False,test,0.34060702730261005,0.0,0.0,True
phoneme,classification,tabm_d,2,Raw+PCA@1,hybrid_prediction_mixture,orthogonal_all__m5,5,False,validation,0.2819543470331535,0.0,0.0,True
phoneme,classification,tabm_d,2,Raw+PCA@1,hybrid_prediction_mixture,orthogonal_all__m5,5,False,test,0.34060702730261005,0.0,0.0,True
phoneme,classification,tabm_d,2,Raw+PCA@1,hybrid_prediction_mixture,orthogonal_all__m6,6,False,validation,0.2819543470331535,0.0,0.0,True
phoneme,classification,tabm_d,2,Raw+PCA@1,hybrid_prediction_mixture,orthogonal_all__m6,6,False,test,0.34060702730261005,0.0,0.0,True
phoneme,classification,tabm_d,2,Raw+PCA@1,hybrid_prediction_mixture,orthogonal_all__m7,7,False,validation,0.2819543470331535,0.0,0.0,True
phoneme,classification,tabm_d,2,Raw+PCA@1,hybrid_prediction_mixture,orthogonal_all__m7,7,False,test,0.34060702730261005,0.0,0.0,True
phoneme,classification,tabm_d,2,Raw+GramAnchor@0.25,hybrid_prediction_mixture,rbf_reference,-1,True,validation,0.276094207331118,0.0,0.0,False
phoneme,classification,tabm_d,2,Raw+GramAnchor@0.25,hybrid_prediction_mixture,rbf_reference,-1,True,test,0.3197595506169113,0.0,0.0,False
phoneme,classification,tabm_d,2,Raw+GramAnchor@0.25,hybrid_prediction_mixture,orthogonal_all__m0,0,False,validation,0.2780089919703501,0.06820204014663576,0.0,True
phoneme,classification,tabm_d,2,Raw+GramAnchor@0.25,hybrid_prediction_mixture,orthogonal_all__m0,0,False,test,0.32542982571536516,0.06001770726519323,0.0,True
phoneme,classification,tabm_d,2,Raw+GramAnchor@0.25,hybrid_prediction_mixture,orthogonal_all__m1,1,False,validation,0.27760113639867046,0.0673345212050046,0.0,True
phoneme,classification,tabm_d,2,Raw+GramAnchor@0.25,hybrid_prediction_mixture,orthogonal_all__m1,1,False,test,0.31597214889389447,0.06218791570783937,0.0,True
phoneme,classification,tabm_d,2,Raw+GramAnchor@0.25,hybrid_prediction_mixture,orthogonal_all__m2,2,False,validation,0.25823907255809775,0.0714468051085539,0.0,True
phoneme,classification,tabm_d,2,Raw+GramAnchor@0.25,hybrid_prediction_mixture,orthogonal_all__m2,2,False,test,0.3212719439601259,0.0716969919910338,0.0,True
phoneme,classification,tabm_d,2,Raw+GramAnchor@0.25,hybrid_prediction_mixture,orthogonal_all__m3,3,False,validation,0.2550910365274529,0.05705638912524608,0.0,True
phoneme,classification,tabm_d,2,Raw+GramAnchor@0.25,hybrid_prediction_mixture,orthogonal_all__m3,3,False,test,0.3241179001186281,0.06489880434394626,0.0,True
phoneme,classification,tabm_d,2,Raw+GramAnchor@0.25,hybrid_prediction_mixture,orthogonal_all__m4,4,False,validation,0.27815597485985327,0.07028994755829826,0.0,True
phoneme,classification,tabm_d,2,Raw+GramAnchor@0.25,hybrid_prediction_mixture,orthogonal_all__m4,4,False,test,0.323474356563617,0.06396089639608524,0.0,True
phoneme,classification,tabm_d,2,Raw+GramAnchor@0.25,hybrid_prediction_mixture,orthogonal_all__m5,5,False,validation,0.27375125216888146,0.07751610221545661,0.0,True
phoneme,classification,tabm_d,2,Raw+GramAnchor@0.25,hybrid_prediction_mixture,orthogonal_all__m5,5,False,test,0.32437170990868125,0.07060462678374399,0.0,True
phoneme,classification,tabm_d,2,Raw+GramAnchor@0.25,hybrid_prediction_mixture,orthogonal_all__m6,6,False,validation,0.2841390649142771,0.08116167628221874,0.0,True
phoneme,classification,tabm_d,2,Raw+GramAnchor@0.25,hybrid_prediction_mixture,orthogonal_all__m6,6,False,test,0.31815078748316156,0.07501095464409045,0.0,True
phoneme,classification,tabm_d,2,Raw+GramAnchor@0.25,hybrid_prediction_mixture,orthogonal_all__m7,7,False,validation,0.27549083458564916,0.06210977582758084,0.0,True
phoneme,classification,tabm_d,2,Raw+GramAnchor@0.25,hybrid_prediction_mixture,orthogonal_all__m7,7,False,test,0.3330449118528741,0.05965256883068045,0.0,True
phoneme,classification,tabm_d,2,Raw+GramAnchor@0.5,hybrid_prediction_mixture,rbf_reference,-1,True,validation,0.27530360507893115,0.0,0.0,False
phoneme,classification,tabm_d,2,Raw+GramAnchor@0.5,hybrid_prediction_mixture,rbf_reference,-1,True,test,0.31717753273480975,0.0,0.0,False
phoneme,classification,tabm_d,2,Raw+GramAnchor@0.5,hybrid_prediction_mixture,orthogonal_all__m0,0,False,validation,0.27526858560603007,0.045468026691865074,0.0,True
phoneme,classification,tabm_d,2,Raw+GramAnchor@0.5,hybrid_prediction_mixture,orthogonal_all__m0,0,False,test,0.3196820397531243,0.040011804885245306,0.0,True
phoneme,classification,tabm_d,2,Raw+GramAnchor@0.5,hybrid_prediction_mixture,orthogonal_all__m1,1,False,validation,0.27496957122316557,0.04488968071353158,0.0,True
phoneme,classification,tabm_d,2,Raw+GramAnchor@0.5,hybrid_prediction_mixture,orthogonal_all__m1,1,False,test,0.31280185967172125,0.041458610542538146,0.0,True
phoneme,classification,tabm_d,2,Raw+GramAnchor@0.5,hybrid_prediction_mixture,orthogonal_all__m2,2,False,validation,0.2621861374784509,0.04763120354955973,0.0,True
phoneme,classification,tabm_d,2,Raw+GramAnchor@0.5,hybrid_prediction_mixture,orthogonal_all__m2,2,False,test,0.3148766159210884,0.04779799465307846,0.0,True
phoneme,classification,tabm_d,2,Raw+GramAnchor@0.5,hybrid_prediction_mixture,orthogonal_all__m3,3,False,validation,0.26071278914886814,0.03803759278164979,0.0,True
phoneme,classification,tabm_d,2,Raw+GramAnchor@0.5,hybrid_prediction_mixture,orthogonal_all__m3,3,False,test,0.3183108627950174,0.0432658696520101,0.0,True
phoneme,classification,tabm_d,2,Raw+GramAnchor@0.5,hybrid_prediction_mixture,orthogonal_all__m4,4,False,validation,0.275419600837978,0.04685996491435203,0.0,True
phoneme,classification,tabm_d,2,Raw+GramAnchor@0.5,hybrid_prediction_mixture,orthogonal_all__m4,4,False,test,0.31806531166446816,0.042640597659521856,0.0,True
phoneme,classification,tabm_d,2,Raw+GramAnchor@0.5,hybrid_prediction_mixture,orthogonal_all__m5,5,False,validation,0.27198631473546236,0.051677401524412775,0.0,True
phoneme,classification,tabm_d,2,Raw+GramAnchor@0.5,hybrid_prediction_mixture,orthogonal_all__m5,5,False,test,0.31709497662427466,0.04706975121038959,0.0,True
phoneme,classification,tabm_d,2,Raw+GramAnchor@0.5,hybrid_prediction_mixture,orthogonal_all__m6,6,False,validation,0.2788651363998758,0.05410778404316837,0.0,True
phoneme,classification,tabm_d,2,Raw+GramAnchor@0.5,hybrid_prediction_mixture,orthogonal_all__m6,6,False,test,0.3132115173963764,0.050007303143745435,0.0,True
phoneme,classification,tabm_d,2,Raw+GramAnchor@0.5,hybrid_prediction_mixture,orthogonal_all__m7,7,False,validation,0.274865192068939,0.04140651722861623,0.0,True
phoneme,classification,tabm_d,2,Raw+GramAnchor@0.5,hybrid_prediction_mixture,orthogonal_all__m7,7,False,test,0.32483535162786703,0.03976837926310822,0.0,True
phoneme,classification,tabm_d,2,Raw+GramAnchor@0.75,hybrid_prediction_mixture,rbf_reference,-1,True,validation,0.2762546300601682,0.0,0.0,False
phoneme,classification,tabm_d,2,Raw+GramAnchor@0.75,hybrid_prediction_mixture,rbf_reference,-1,True,test,0.3164193051723271,0.0,0.0,False
phoneme,classification,tabm_d,2,Raw+GramAnchor@0.75,hybrid_prediction_mixture,orthogonal_all__m0,0,False,validation,0.27552188104069514,0.02273401330965317,0.0,True
phoneme,classification,tabm_d,2,Raw+GramAnchor@0.75,hybrid_prediction_mixture,orthogonal_all__m0,0,False,test,0.3168411332090775,0.020005902463514236,0.0,True
phoneme,classification,tabm_d,2,Raw+GramAnchor@0.75,hybrid_prediction_mixture,orthogonal_all__m1,1,False,validation,0.27494854017144255,0.022444840311863397,0.0,True
phoneme,classification,tabm_d,2,Raw+GramAnchor@0.75,hybrid_prediction_mixture,orthogonal_all__m1,1,False,test,0.3127457724599928,0.020729305306591703,0.0,True
phoneme,classification,tabm_d,2,Raw+GramAnchor@0.75,hybrid_prediction_mixture,orthogonal_all__m2,2,False,validation,0.2688298184867536,0.02381560184670843,0.0,True
phoneme,classification,tabm_d,2,Raw+GramAnchor@0.75,hybrid_prediction_mixture,orthogonal_all__m2,2,False,test,0.3135583843763089,0.023898997322733873,0.0,True
phoneme,classification,tabm_d,2,Raw+GramAnchor@0.75,hybrid_prediction_mixture,orthogonal_all__m3,3,False,validation,0.2684580959295478,0.01901879640656777,0.0,True
phoneme,classification,tabm_d,2,Raw+GramAnchor@0.75,hybrid_prediction_mixture,orthogonal_all__m3,3,False,test,0.31577336215362395,0.021632934870694686,0.0,True
phoneme,classification,tabm_d,2,Raw+GramAnchor@0.75,hybrid_prediction_mixture,orthogonal_all__m4,4,False,validation,0.27539214068451046,0.023429982394919287,0.0,True
phoneme,classification,tabm_d,2,Raw+GramAnchor@0.75,hybrid_prediction_mixture,orthogonal_all__m4,4,False,test,0.31565173791303003,0.021320298860826793,0.0,True
phoneme,classification,tabm_d,2,Raw+GramAnchor@0.75,hybrid_prediction_mixture,orthogonal_all__m5,5,False,validation,0.27364063247255044,0.025838700785927256,0.0,True
phoneme,classification,tabm_d,2,Raw+GramAnchor@0.75,hybrid_prediction_mixture,orthogonal_all__m5,5,False,test,0.3149275094047127,0.023534875615808276,0.0,True
phoneme,classification,tabm_d,2,Raw+GramAnchor@0.75,hybrid_prediction_mixture,orthogonal_all__m6,6,False,validation,0.27654116328673006,0.02705389194909548,0.0,True
phoneme,classification,tabm_d,2,Raw+GramAnchor@0.75,hybrid_prediction_mixture,orthogonal_all__m6,6,False,test,0.31231681321096716,0.0250036515957153,0.0,True
phoneme,classification,tabm_d,2,Raw+GramAnchor@0.75,hybrid_prediction_mixture,orthogonal_all__m7,7,False,validation,0.2759965468199228,0.02070325861942263,0.0,True
phoneme,classification,tabm_d,2,Raw+GramAnchor@0.75,hybrid_prediction_mixture,orthogonal_all__m7,7,False,test,0.319759801685035,0.01988418965288142,0.0,True
phoneme,classification,tabm_d,2,Raw+GramAnchor@1,hybrid_prediction_mixture,rbf_reference,-1,True,validation,0.2788460984300649,0.0,0.0,False
phoneme,classification,tabm_d,2,Raw+GramAnchor@1,hybrid_prediction_mixture,rbf_reference,-1,True,test,0.3174788649839581,0.0,0.0,False
phoneme,classification,tabm_d,2,Raw+GramAnchor@1,hybrid_prediction_mixture,orthogonal_all__m0,0,False,validation,0.2788460984300649,0.0,0.0,True
phoneme,classification,tabm_d,2,Raw+GramAnchor@1,hybrid_prediction_mixture,orthogonal_all__m0,0,False,test,0.3174788649839581,0.0,0.0,True
phoneme,classification,tabm_d,2,Raw+GramAnchor@1,hybrid_prediction_mixture,orthogonal_all__m1,1,False,validation,0.2788460984300649,0.0,0.0,True
phoneme,classification,tabm_d,2,Raw+GramAnchor@1,hybrid_prediction_mixture,orthogonal_all__m1,1,False,test,0.3174788649839581,0.0,0.0,True
phoneme,classification,tabm_d,2,Raw+GramAnchor@1,hybrid_prediction_mixture,orthogonal_all__m2,2,False,validation,0.2788460984300649,0.0,0.0,True
phoneme,classification,tabm_d,2,Raw+GramAnchor@1,hybrid_prediction_mixture,orthogonal_all__m2,2,False,test,0.3174788649839581,0.0,0.0,True
phoneme,classification,tabm_d,2,Raw+GramAnchor@1,hybrid_prediction_mixture,orthogonal_all__m3,3,False,validation,0.2788460984300649,0.0,0.0,True
phoneme,classification,tabm_d,2,Raw+GramAnchor@1,hybrid_prediction_mixture,orthogonal_all__m3,3,False,test,0.3174788649839581,0.0,0.0,True
phoneme,classification,tabm_d,2,Raw+GramAnchor@1,hybrid_prediction_mixture,orthogonal_all__m4,4,False,validation,0.2788460984300649,0.0,0.0,True
phoneme,classification,tabm_d,2,Raw+GramAnchor@1,hybrid_prediction_mixture,orthogonal_all__m4,4,False,test,0.3174788649839581,0.0,0.0,True
phoneme,classification,tabm_d,2,Raw+GramAnchor@1,hybrid_prediction_mixture,orthogonal_all__m5,5,False,validation,0.2788460984300649,0.0,0.0,True
phoneme,classification,tabm_d,2,Raw+GramAnchor@1,hybrid_prediction_mixture,orthogonal_all__m5,5,False,test,0.3174788649839581,0.0,0.0,True
phoneme,classification,tabm_d,2,Raw+GramAnchor@1,hybrid_prediction_mixture,orthogonal_all__m6,6,False,validation,0.2788460984300649,0.0,0.0,True
phoneme,classification,tabm_d,2,Raw+GramAnchor@1,hybrid_prediction_mixture,orthogonal_all__m6,6,False,test,0.3174788649839581,0.0,0.0,True
phoneme,classification,tabm_d,2,Raw+GramAnchor@1,hybrid_prediction_mixture,orthogonal_all__m7,7,False,validation,0.2788460984300649,0.0,0.0,True
phoneme,classification,tabm_d,2,Raw+GramAnchor@1,hybrid_prediction_mixture,orthogonal_all__m7,7,False,test,0.3174788649839581,0.0,0.0,True
phoneme,classification,tabm_d,2,Raw+GramAnchor-m8@0.25,hybrid_prediction_mixture,rbf_reference,-1,True,validation,0.2738088077745017,0.0,0.0,False
phoneme,classification,tabm_d,2,Raw+GramAnchor-m8@0.25,hybrid_prediction_mixture,rbf_reference,-1,True,test,0.3193476598242238,0.0,0.0,False
phoneme,classification,tabm_d,2,Raw+GramAnchor-m8@0.25,hybrid_prediction_mixture,orthogonal_all__m0,0,False,validation,0.27565211403474366,0.06820204041175695,0.0,True
phoneme,classification,tabm_d,2,Raw+GramAnchor-m8@0.25,hybrid_prediction_mixture,orthogonal_all__m0,0,False,test,0.3253649455493014,0.060017707193936634,0.0,True
phoneme,classification,tabm_d,2,Raw+GramAnchor-m8@0.25,hybrid_prediction_mixture,orthogonal_all__m1,1,False,validation,0.2747765375661444,0.06733452142174622,0.0,True
phoneme,classification,tabm_d,2,Raw+GramAnchor-m8@0.25,hybrid_prediction_mixture,orthogonal_all__m1,1,False,test,0.31632165439858995,0.062187915778122174,0.0,True
phoneme,classification,tabm_d,2,Raw+GramAnchor-m8@0.25,hybrid_prediction_mixture,orthogonal_all__m2,2,False,validation,0.2567109971803313,0.07144680522141132,0.0,True
phoneme,classification,tabm_d,2,Raw+GramAnchor-m8@0.25,hybrid_prediction_mixture,orthogonal_all__m2,2,False,test,0.3211284288938375,0.07169699204319124,0.0,True
phoneme,classification,tabm_d,2,Raw+GramAnchor-m8@0.25,hybrid_prediction_mixture,orthogonal_all__m3,3,False,validation,0.25360336066342515,0.05705638920482374,0.0,True
phoneme,classification,tabm_d,2,Raw+GramAnchor-m8@0.25,hybrid_prediction_mixture,orthogonal_all__m3,3,False,test,0.325193070877983,0.06489880430426433,0.0,True
phoneme,classification,tabm_d,2,Raw+GramAnchor-m8@0.25,hybrid_prediction_mixture,orthogonal_all__m4,4,False,validation,0.27566590900018495,0.07028994777194673,0.0,True
phoneme,classification,tabm_d,2,Raw+GramAnchor-m8@0.25,hybrid_prediction_mixture,orthogonal_all__m4,4,False,test,0.3233283610427863,0.06396089640715456,0.0,True
phoneme,classification,tabm_d,2,Raw+GramAnchor-m8@0.25,hybrid_prediction_mixture,orthogonal_all__m5,5,False,validation,0.2711860075246033,0.07751610220917801,0.0,True
phoneme,classification,tabm_d,2,Raw+GramAnchor-m8@0.25,hybrid_prediction_mixture,orthogonal_all__m5,5,False,test,0.32274072445766244,0.07060462690220783,0.0,True
phoneme,classification,tabm_d,2,Raw+GramAnchor-m8@0.25,hybrid_prediction_mixture,orthogonal_all__m6,6,False,validation,0.28225639151491055,0.0811616765573577,0.0,True
phoneme,classification,tabm_d,2,Raw+GramAnchor-m8@0.25,hybrid_prediction_mixture,orthogonal_all__m6,6,False,test,0.3188215273243328,0.07501095465301665,0.0,True
phoneme,classification,tabm_d,2,Raw+GramAnchor-m8@0.25,hybrid_prediction_mixture,orthogonal_all__m7,7,False,validation,0.27231402639320246,0.062109775888483355,0.0,True
phoneme,classification,tabm_d,2,Raw+GramAnchor-m8@0.25,hybrid_prediction_mixture,orthogonal_all__m7,7,False,test,0.3333808272732956,0.059652568779726016,0.0,True
phoneme,classification,tabm_d,2,Raw+GramAnchor-m8@0.5,hybrid_prediction_mixture,rbf_reference,-1,True,validation,0.27127506744193153,0.0,0.0,False
phoneme,classification,tabm_d,2,Raw+GramAnchor-m8@0.5,hybrid_prediction_mixture,rbf_reference,-1,True,test,0.317323716561312,0.0,0.0,False
phoneme,classification,tabm_d,2,Raw+GramAnchor-m8@0.5,hybrid_prediction_mixture,orthogonal_all__m0,0,False,validation,0.27150292736297954,0.045468027045359995,0.0,True
phoneme,classification,tabm_d,2,Raw+GramAnchor-m8@0.5,hybrid_prediction_mixture,orthogonal_all__m0,0,False,test,0.3202014686820331,0.0400118047902365,0.0,True
phoneme,classification,tabm_d,2,Raw+GramAnchor-m8@0.5,hybrid_prediction_mixture,orthogonal_all__m1,1,False,validation,0.2703483864698346,0.04488968100252041,0.0,True
phoneme,classification,tabm_d,2,Raw+GramAnchor-m8@0.5,hybrid_prediction_mixture,orthogonal_all__m1,1,False,test,0.31383813327209964,0.04145861063624856,0.0,True
phoneme,classification,tabm_d,2,Raw+GramAnchor-m8@0.5,hybrid_prediction_mixture,orthogonal_all__m2,2,False,validation,0.2593784239125081,0.04763120370003627,0.0,True
phoneme,classification,tabm_d,2,Raw+GramAnchor-m8@0.5,hybrid_prediction_mixture,orthogonal_all__m2,2,False,test,0.31557162857947013,0.04779799472262173,0.0,True
phoneme,classification,tabm_d,2,Raw+GramAnchor-m8@0.5,hybrid_prediction_mixture,orthogonal_all__m3,3,False,validation,0.25752672995029596,0.03803759288775333,0.0,True
phoneme,classification,tabm_d,2,Raw+GramAnchor-m8@0.5,hybrid_prediction_mixture,orthogonal_all__m3,3,False,test,0.32037075371095547,0.043265869599100844,0.0,True
phoneme,classification,tabm_d,2,Raw+GramAnchor-m8@0.5,hybrid_prediction_mixture,orthogonal_all__m4,4,False,validation,0.2712870101522019,0.046859965199216654,0.0,True
phoneme,classification,tabm_d,2,Raw+GramAnchor-m8@0.5,hybrid_prediction_mixture,orthogonal_all__m4,4,False,test,0.31842122322112903,0.04264059767428097,0.0,True
phoneme,classification,tabm_d,2,Raw+GramAnchor-m8@0.5,hybrid_prediction_mixture,orthogonal_all__m5,5,False,validation,0.26784565196692456,0.051677401516041305,0.0,True
phoneme,classification,tabm_d,2,Raw+GramAnchor-m8@0.5,hybrid_prediction_mixture,orthogonal_all__m5,5,False,test,0.3165402570306237,0.04706975136834138,0.0,True
phoneme,classification,tabm_d,2,Raw+GramAnchor-m8@0.5,hybrid_prediction_mixture,orthogonal_all__m6,6,False,validation,0.2755081670042978,0.05410778441002036,0.0,True
phoneme,classification,tabm_d,2,Raw+GramAnchor-m8@0.5,hybrid_prediction_mixture,orthogonal_all__m6,6,False,test,0.31457329248533894,0.05000730315564703,0.0,True
phoneme,classification,tabm_d,2,Raw+GramAnchor-m8@0.5,hybrid_prediction_mixture,orthogonal_all__m7,7,False,validation,0.2699584583021535,0.041406517309819584,0.0,True
phoneme,classification,tabm_d,2,Raw+GramAnchor-m8@0.5,hybrid_prediction_mixture,orthogonal_all__m7,7,False,test,0.3259406982320122,0.039768379195168985,0.0,True
phoneme,classification,tabm_d,2,Raw+GramAnchor-m8@0.75,hybrid_prediction_mixture,rbf_reference,-1,True,validation,0.2708719351031106,0.0,0.0,False
phoneme,classification,tabm_d,2,Raw+GramAnchor-m8@0.75,hybrid_prediction_mixture,rbf_reference,-1,True,test,0.31778924950719856,0.0,0.0,False
phoneme,classification,tabm_d,2,Raw+GramAnchor-m8@0.75,hybrid_prediction_mixture,orthogonal_all__m0,0,False,validation,0.2704857511609927,0.02273401357477435,0.0,True
phoneme,classification,tabm_d,2,Raw+GramAnchor-m8@0.75,hybrid_prediction_mixture,orthogonal_all__m0,0,False,test,0.3183372093087471,0.02000590239225764,0.0,True
phoneme,classification,tabm_d,2,Raw+GramAnchor-m8@0.75,hybrid_prediction_mixture,orthogonal_all__m1,1,False,validation,0.2691026734031419,0.02244484052860501,0.0,True
phoneme,classification,tabm_d,2,Raw+GramAnchor-m8@0.75,hybrid_prediction_mixture,orthogonal_all__m1,1,False,test,0.3146875966265672,0.020729305376874518,0.0,True
phoneme,classification,tabm_d,2,Raw+GramAnchor-m8@0.75,hybrid_prediction_mixture,orthogonal_all__m2,2,False,validation,0.2645649993969146,0.023815601959565842,0.0,True
phoneme,classification,tabm_d,2,Raw+GramAnchor-m8@0.75,hybrid_prediction_mixture,orthogonal_all__m2,2,False,test,0.3153479874482104,0.023898997374891328,0.0,True
phoneme,classification,tabm_d,2,Raw+GramAnchor-m8@0.75,hybrid_prediction_mixture,orthogonal_all__m3,3,False,validation,0.2636757608106576,0.019018796486145427,0.0,True
phoneme,classification,tabm_d,2,Raw+GramAnchor-m8@0.75,hybrid_prediction_mixture,orthogonal_all__m3,3,False,test,0.3186606925375445,0.02163293483101275,0.0,True
phoneme,classification,tabm_d,2,Raw+GramAnchor-m8@0.75,hybrid_prediction_mixture,orthogonal_all__m4,4,False,validation,0.27004185305268147,0.023429982608567754,0.0,True
phoneme,classification,tabm_d,2,Raw+GramAnchor-m8@0.75,hybrid_prediction_mixture,orthogonal_all__m4,4,False,test,0.31703895891770933,0.021320298871896126,0.0,True
phoneme,classification,tabm_d,2,Raw+GramAnchor-m8@0.75,hybrid_prediction_mixture,orthogonal_all__m5,5,False,validation,0.26833203754092333,0.025838700779648657,0.0,True
phoneme,classification,tabm_d,2,Raw+GramAnchor-m8@0.75,hybrid_prediction_mixture,orthogonal_all__m5,5,False,test,0.3160150725779701,0.02353487573427211,0.0,True
phoneme,classification,tabm_d,2,Raw+GramAnchor-m8@0.75,hybrid_prediction_mixture,orthogonal_all__m6,6,False,validation,0.27191539565108613,0.027053892224234478,0.0,True
phoneme,classification,tabm_d,2,Raw+GramAnchor-m8@0.75,hybrid_prediction_mixture,orthogonal_all__m6,6,False,test,0.3146016172522101,0.0250036516046415,0.0,True
phoneme,classification,tabm_d,2,Raw+GramAnchor-m8@0.75,hybrid_prediction_mixture,orthogonal_all__m7,7,False,validation,0.2700560457568185,0.020703258680325146,0.0,True
phoneme,classification,tabm_d,2,Raw+GramAnchor-m8@0.75,hybrid_prediction_mixture,orthogonal_all__m7,7,False,test,0.32188208390150214,0.019884189601926987,0.0,True
phoneme,classification,tabm_d,2,Raw+GramAnchor-m8@1,hybrid_prediction_mixture,rbf_reference,-1,True,validation,0.2724443707436243,0.0,0.0,False
phoneme,classification,tabm_d,2,Raw+GramAnchor-m8@1,hybrid_prediction_mixture,rbf_reference,-1,True,test,0.3211974499318688,0.0,0.0,False
phoneme,classification,tabm_d,2,Raw+GramAnchor-m8@1,hybrid_prediction_mixture,orthogonal_all__m0,0,False,validation,0.2724443707436243,0.0,0.0,True
phoneme,classification,tabm_d,2,Raw+GramAnchor-m8@1,hybrid_prediction_mixture,orthogonal_all__m0,0,False,test,0.3211974499318688,0.0,0.0,True
phoneme,classification,tabm_d,2,Raw+GramAnchor-m8@1,hybrid_prediction_mixture,orthogonal_all__m1,1,False,validation,0.2724443707436243,0.0,0.0,True
phoneme,classification,tabm_d,2,Raw+GramAnchor-m8@1,hybrid_prediction_mixture,orthogonal_all__m1,1,False,test,0.3211974499318688,0.0,0.0,True
phoneme,classification,tabm_d,2,Raw+GramAnchor-m8@1,hybrid_prediction_mixture,orthogonal_all__m2,2,False,validation,0.2724443707436243,0.0,0.0,True
phoneme,classification,tabm_d,2,Raw+GramAnchor-m8@1,hybrid_prediction_mixture,orthogonal_all__m2,2,False,test,0.3211974499318688,0.0,0.0,True
phoneme,classification,tabm_d,2,Raw+GramAnchor-m8@1,hybrid_prediction_mixture,orthogonal_all__m3,3,False,validation,0.2724443707436243,0.0,0.0,True
phoneme,classification,tabm_d,2,Raw+GramAnchor-m8@1,hybrid_prediction_mixture,orthogonal_all__m3,3,False,test,0.3211974499318688,0.0,0.0,True
phoneme,classification,tabm_d,2,Raw+GramAnchor-m8@1,hybrid_prediction_mixture,orthogonal_all__m4,4,False,validation,0.2724443707436243,0.0,0.0,True
phoneme,classification,tabm_d,2,Raw+GramAnchor-m8@1,hybrid_prediction_mixture,orthogonal_all__m4,4,False,test,0.3211974499318688,0.0,0.0,True
phoneme,classification,tabm_d,2,Raw+GramAnchor-m8@1,hybrid_prediction_mixture,orthogonal_all__m5,5,False,validation,0.2724443707436243,0.0,0.0,True
phoneme,classification,tabm_d,2,Raw+GramAnchor-m8@1,hybrid_prediction_mixture,orthogonal_all__m5,5,False,test,0.3211974499318688,0.0,0.0,True
phoneme,classification,tabm_d,2,Raw+GramAnchor-m8@1,hybrid_prediction_mixture,orthogonal_all__m6,6,False,validation,0.2724443707436243,0.0,0.0,True
phoneme,classification,tabm_d,2,Raw+GramAnchor-m8@1,hybrid_prediction_mixture,orthogonal_all__m6,6,False,test,0.3211974499318688,0.0,0.0,True
phoneme,classification,tabm_d,2,Raw+GramAnchor-m8@1,hybrid_prediction_mixture,orthogonal_all__m7,7,False,validation,0.2724443707436243,0.0,0.0,True
phoneme,classification,tabm_d,2,Raw+GramAnchor-m8@1,hybrid_prediction_mixture,orthogonal_all__m7,7,False,test,0.3211974499318688,0.0,0.0,True
phoneme,classification,tabm_d,2,Raw+GramDistance@0.25,hybrid_prediction_mixture,rbf_reference,-1,True,validation,0.2789470591022526,0.0,0.0,False
phoneme,classification,tabm_d,2,Raw+GramDistance@0.25,hybrid_prediction_mixture,rbf_reference,-1,True,test,0.3185790288589088,0.0,0.0,False
phoneme,classification,tabm_d,2,Raw+GramDistance@0.25,hybrid_prediction_mixture,orthogonal_all__m0,0,False,validation,0.28218723462864376,0.06820204012307077,0.0,True
phoneme,classification,tabm_d,2,Raw+GramDistance@0.25,hybrid_prediction_mixture,orthogonal_all__m0,0,False,test,0.32819337415672384,0.06001770725993597,0.0,True
phoneme,classification,tabm_d,2,Raw+GramDistance@0.25,hybrid_prediction_mixture,orthogonal_all__m1,1,False,validation,0.2822549874205955,0.06733452124252358,0.0,True
phoneme,classification,tabm_d,2,Raw+GramDistance@0.25,hybrid_prediction_mixture,orthogonal_all__m1,1,False,test,0.3187803676581673,0.06218791567161853,0.0,True
phoneme,classification,tabm_d,2,Raw+GramDistance@0.25,hybrid_prediction_mixture,orthogonal_all__m2,2,False,validation,0.26304306303514396,0.07144680483374231,0.0,True
phoneme,classification,tabm_d,2,Raw+GramDistance@0.25,hybrid_prediction_mixture,orthogonal_all__m2,2,False,test,0.3260077603315503,0.07169699215967758,0.0,True
phoneme,classification,tabm_d,2,Raw+GramDistance@0.25,hybrid_prediction_mixture,orthogonal_all__m3,3,False,validation,0.2598030093373216,0.057056389056601035,0.0,True
phoneme,classification,tabm_d,2,Raw+GramDistance@0.25,hybrid_prediction_mixture,orthogonal_all__m3,3,False,test,0.32716243929182837,0.06489880434256554,0.0,True
phoneme,classification,tabm_d,2,Raw+GramDistance@0.25,hybrid_prediction_mixture,orthogonal_all__m4,4,False,validation,0.28407365835591203,0.07028994760654296,0.0,True
phoneme,classification,tabm_d,2,Raw+GramDistance@0.25,hybrid_prediction_mixture,orthogonal_all__m4,4,False,test,0.327287948874361,0.06396089640986642,0.0,True
phoneme,classification,tabm_d,2,Raw+GramDistance@0.25,hybrid_prediction_mixture,orthogonal_all__m5,5,False,validation,0.2796026472939923,0.07751610179630965,0.0,True
phoneme,classification,tabm_d,2,Raw+GramDistance@0.25,hybrid_prediction_mixture,orthogonal_all__m5,5,False,test,0.3313385047546715,0.07060462687457338,0.0,True
phoneme,classification,tabm_d,2,Raw+GramDistance@0.25,hybrid_prediction_mixture,orthogonal_all__m6,6,False,validation,0.29001369244899344,0.08116167647096437,0.0,True
phoneme,classification,tabm_d,2,Raw+GramDistance@0.25,hybrid_prediction_mixture,orthogonal_all__m6,6,False,test,0.32138885787763205,0.07501095459393069,0.0,True
phoneme,classification,tabm_d,2,Raw+GramDistance@0.25,hybrid_prediction_mixture,orthogonal_all__m7,7,False,validation,0.27856918733547553,0.062109775597825156,0.0,True
phoneme,classification,tabm_d,2,Raw+GramDistance@0.25,hybrid_prediction_mixture,orthogonal_all__m7,7,False,test,0.33550681049718967,0.05965256880992774,0.0,True
phoneme,classification,tabm_d,2,Raw+GramDistance@0.5,hybrid_prediction_mixture,rbf_reference,-1,True,validation,0.28271614352908236,0.0,0.0,False
phoneme,classification,tabm_d,2,Raw+GramDistance@0.5,hybrid_prediction_mixture,rbf_reference,-1,True,test,0.31734363010236344,0.0,0.0,False
phoneme,classification,tabm_d,2,Raw+GramDistance@0.5,hybrid_prediction_mixture,orthogonal_all__m0,0,False,validation,0.28439229268533556,0.045468026660445075,0.0,True
phoneme,classification,tabm_d,2,Raw+GramDistance@0.5,hybrid_prediction_mixture,orthogonal_all__m0,0,False,test,0.3247772673688476,0.040011804878235614,0.0,True
phoneme,classification,tabm_d,2,Raw+GramDistance@0.5,hybrid_prediction_mixture,orthogonal_all__m1,1,False,validation,0.2848017464622874,0.04488968076355687,0.0,True
phoneme,classification,tabm_d,2,Raw+GramDistance@0.5,hybrid_prediction_mixture,orthogonal_all__m1,1,False,test,0.31806045892272716,0.041458610494243694,0.0,True
phoneme,classification,tabm_d,2,Raw+GramDistance@0.5,hybrid_prediction_mixture,orthogonal_all__m2,2,False,validation,0.27194596344319877,0.04763120318314426,0.0,True
phoneme,classification,tabm_d,2,Raw+GramDistance@0.5,hybrid_prediction_mixture,orthogonal_all__m2,2,False,test,0.32234265361788755,0.04779799487793686,0.0,True
phoneme,classification,tabm_d,2,Raw+GramDistance@0.5,hybrid_prediction_mixture,orthogonal_all__m3,3,False,validation,0.270303121687406,0.03803759269012306,0.0,True
phoneme,classification,tabm_d,2,Raw+GramDistance@0.5,hybrid_prediction_mixture,orthogonal_all__m3,3,False,test,0.32391401470408543,0.04326586965016913,0.0,True
phoneme,classification,tabm_d,2,Raw+GramDistance@0.5,hybrid_prediction_mixture,orthogonal_all__m4,4,False,validation,0.2868115558362381,0.04685996497867827,0.0,True
phoneme,classification,tabm_d,2,Raw+GramDistance@0.5,hybrid_prediction_mixture,orthogonal_all__m4,4,False,test,0.3247279598321631,0.04264059767789679,0.0,True
phoneme,classification,tabm_d,2,Raw+GramDistance@0.5,hybrid_prediction_mixture,orthogonal_all__m5,5,False,validation,0.28279672181311766,0.051677400965550145,0.0,True
phoneme,classification,tabm_d,2,Raw+GramDistance@0.5,hybrid_prediction_mixture,orthogonal_all__m5,5,False,test,0.32599244682058315,0.047069751331495435,0.0,True
phoneme,classification,tabm_d,2,Raw+GramDistance@0.5,hybrid_prediction_mixture,orthogonal_all__m6,6,False,validation,0.2902602678084168,0.054107784294829216,0.0,True
phoneme,classification,tabm_d,2,Raw+GramDistance@0.5,hybrid_prediction_mixture,orthogonal_all__m6,6,False,test,0.31913783178732746,0.05000730307686576,0.0,True
phoneme,classification,tabm_d,2,Raw+GramDistance@0.5,hybrid_prediction_mixture,orthogonal_all__m7,7,False,validation,0.2827985031588438,0.041406516922275316,0.0,True
phoneme,classification,tabm_d,2,Raw+GramDistance@0.5,hybrid_prediction_mixture,orthogonal_all__m7,7,False,test,0.32940989924364555,0.03976837923543794,0.0,True
phoneme,classification,tabm_d,2,Raw+GramDistance@0.75,hybrid_prediction_mixture,rbf_reference,-1,True,validation,0.2896686289360335,0.0,0.0,False
phoneme,classification,tabm_d,2,Raw+GramDistance@0.75,hybrid_prediction_mixture,rbf_reference,-1,True,test,0.3196104334850167,0.0,0.0,False
phoneme,classification,tabm_d,2,Raw+GramDistance@0.75,hybrid_prediction_mixture,orthogonal_all__m0,0,False,validation,0.2900175009062408,0.022734013286088164,0.0,True
phoneme,classification,tabm_d,2,Raw+GramDistance@0.75,hybrid_prediction_mixture,orthogonal_all__m0,0,False,test,0.3238474283945578,0.020005902458256973,0.0,True
phoneme,classification,tabm_d,2,Raw+GramDistance@0.75,hybrid_prediction_mixture,orthogonal_all__m1,1,False,validation,0.2901966052876485,0.022444840349382364,0.0,True
phoneme,classification,tabm_d,2,Raw+GramDistance@0.75,hybrid_prediction_mixture,orthogonal_all__m1,1,False,test,0.3199173880494557,0.02072930527037086,0.0,True
phoneme,classification,tabm_d,2,Raw+GramDistance@0.75,hybrid_prediction_mixture,orthogonal_all__m2,2,False,validation,0.2839206984583995,0.023815601571896838,0.0,True
phoneme,classification,tabm_d,2,Raw+GramDistance@0.75,hybrid_prediction_mixture,orthogonal_all__m2,2,False,test,0.32229057439088715,0.02389899749137767,0.0,True
phoneme,classification,tabm_d,2,Raw+GramDistance@0.75,hybrid_prediction_mixture,orthogonal_all__m3,3,False,validation,0.2834867840634768,0.019018796337922726,0.0,True
phoneme,classification,tabm_d,2,Raw+GramDistance@0.75,hybrid_prediction_mixture,orthogonal_all__m3,3,False,test,0.32330246309832217,0.021632934869313964,0.0,True
phoneme,classification,tabm_d,2,Raw+GramDistance@0.75,hybrid_prediction_mixture,orthogonal_all__m4,4,False,validation,0.29182499821055896,0.02342998244316397,0.0,True
phoneme,classification,tabm_d,2,Raw+GramDistance@0.75,hybrid_prediction_mixture,orthogonal_all__m4,4,False,test,0.32406013608389733,0.02132029887460799,0.0,True
phoneme,classification,tabm_d,2,Raw+GramDistance@0.75,hybrid_prediction_mixture,orthogonal_all__m5,5,False,validation,0.28943010982744827,0.025838700366780282,0.0,True
phoneme,classification,tabm_d,2,Raw+GramDistance@0.75,hybrid_prediction_mixture,orthogonal_all__m5,5,False,test,0.3242660641843639,0.023534875706637655,0.0,True
phoneme,classification,tabm_d,2,Raw+GramDistance@0.75,hybrid_prediction_mixture,orthogonal_all__m6,6,False,validation,0.29312760470389043,0.027053892137841113,0.0,True
phoneme,classification,tabm_d,2,Raw+GramDistance@0.75,hybrid_prediction_mixture,orthogonal_all__m6,6,False,test,0.320009928648091,0.025003651545555547,0.0,True
phoneme,classification,tabm_d,2,Raw+GramDistance@0.75,hybrid_prediction_mixture,orthogonal_all__m7,7,False,validation,0.28987598102126894,0.02070325838966695,0.0,True
phoneme,classification,tabm_d,2,Raw+GramDistance@0.75,hybrid_prediction_mixture,orthogonal_all__m7,7,False,test,0.32617937312778644,0.019884189632128707,0.0,True
phoneme,classification,tabm_d,2,Raw+GramDistance@1,hybrid_prediction_mixture,rbf_reference,-1,True,validation,0.29985240408540936,0.0,0.0,False
phoneme,classification,tabm_d,2,Raw+GramDistance@1,hybrid_prediction_mixture,rbf_reference,-1,True,test,0.3254553587369715,0.0,0.0,False
phoneme,classification,tabm_d,2,Raw+GramDistance@1,hybrid_prediction_mixture,orthogonal_all__m0,0,False,validation,0.29985240408540936,0.0,0.0,True
phoneme,classification,tabm_d,2,Raw+GramDistance@1,hybrid_prediction_mixture,orthogonal_all__m0,0,False,test,0.3254553587369715,0.0,0.0,True
phoneme,classification,tabm_d,2,Raw+GramDistance@1,hybrid_prediction_mixture,orthogonal_all__m1,1,False,validation,0.29985240408540936,0.0,0.0,True
phoneme,classification,tabm_d,2,Raw+GramDistance@1,hybrid_prediction_mixture,orthogonal_all__m1,1,False,test,0.3254553587369715,0.0,0.0,True
phoneme,classification,tabm_d,2,Raw+GramDistance@1,hybrid_prediction_mixture,orthogonal_all__m2,2,False,validation,0.29985240408540936,0.0,0.0,True
phoneme,classification,tabm_d,2,Raw+GramDistance@1,hybrid_prediction_mixture,orthogonal_all__m2,2,False,test,0.3254553587369715,0.0,0.0,True
phoneme,classification,tabm_d,2,Raw+GramDistance@1,hybrid_prediction_mixture,orthogonal_all__m3,3,False,validation,0.29985240408540936,0.0,0.0,True
phoneme,classification,tabm_d,2,Raw+GramDistance@1,hybrid_prediction_mixture,orthogonal_all__m3,3,False,test,0.3254553587369715,0.0,0.0,True
phoneme,classification,tabm_d,2,Raw+GramDistance@1,hybrid_prediction_mixture,orthogonal_all__m4,4,False,validation,0.29985240408540936,0.0,0.0,True
phoneme,classification,tabm_d,2,Raw+GramDistance@1,hybrid_prediction_mixture,orthogonal_all__m4,4,False,test,0.3254553587369715,0.0,0.0,True
phoneme,classification,tabm_d,2,Raw+GramDistance@1,hybrid_prediction_mixture,orthogonal_all__m5,5,False,validation,0.29985240408540936,0.0,0.0,True
phoneme,classification,tabm_d,2,Raw+GramDistance@1,hybrid_prediction_mixture,orthogonal_all__m5,5,False,test,0.3254553587369715,0.0,0.0,True
phoneme,classification,tabm_d,2,Raw+GramDistance@1,hybrid_prediction_mixture,orthogonal_all__m6,6,False,validation,0.29985240408540936,0.0,0.0,True
phoneme,classification,tabm_d,2,Raw+GramDistance@1,hybrid_prediction_mixture,orthogonal_all__m6,6,False,test,0.3254553587369715,0.0,0.0,True
phoneme,classification,tabm_d,2,Raw+GramDistance@1,hybrid_prediction_mixture,orthogonal_all__m7,7,False,validation,0.29985240408540936,0.0,0.0,True
phoneme,classification,tabm_d,2,Raw+GramDistance@1,hybrid_prediction_mixture,orthogonal_all__m7,7,False,test,0.3254553587369715,0.0,0.0,True
phoneme,classification,tabm_d,2,Raw+NystromGram@0.25,hybrid_prediction_mixture,rbf_reference,-1,True,validation,0.2814176529877629,0.0,0.0,False
phoneme,classification,tabm_d,2,Raw+NystromGram@0.25,hybrid_prediction_mixture,rbf_reference,-1,True,test,0.3208374621338066,0.0,0.0,False
phoneme,classification,tabm_d,2,Raw+NystromGram@0.25,hybrid_prediction_mixture,orthogonal_all__m0,0,False,validation,0.2854285307733337,0.06820204010439894,0.0,True
phoneme,classification,tabm_d,2,Raw+NystromGram@0.25,hybrid_prediction_mixture,orthogonal_all__m0,0,False,test,0.3318310080065999,0.06001770739533525,0.0,True
phoneme,classification,tabm_d,2,Raw+NystromGram@0.25,hybrid_prediction_mixture,orthogonal_all__m1,1,False,validation,0.2810679827513508,0.06733452125838567,0.0,True
phoneme,classification,tabm_d,2,Raw+NystromGram@0.25,hybrid_prediction_mixture,orthogonal_all__m1,1,False,test,0.3208066520187573,0.06218791565183923,0.0,True
phoneme,classification,tabm_d,2,Raw+NystromGram@0.25,hybrid_prediction_mixture,orthogonal_all__m2,2,False,validation,0.26512045972130405,0.07144680476662922,0.0,True
phoneme,classification,tabm_d,2,Raw+NystromGram@0.25,hybrid_prediction_mixture,orthogonal_all__m2,2,False,test,0.3272225884812914,0.07169699212654188,0.0,True
phoneme,classification,tabm_d,2,Raw+NystromGram@0.25,hybrid_prediction_mixture,orthogonal_all__m3,3,False,validation,0.2618314671565117,0.05705638895210302,0.0,True
phoneme,classification,tabm_d,2,Raw+NystromGram@0.25,hybrid_prediction_mixture,orthogonal_all__m3,3,False,test,0.3293845230895673,0.06489880429604358,0.0,True
phoneme,classification,tabm_d,2,Raw+NystromGram@0.25,hybrid_prediction_mixture,orthogonal_all__m4,4,False,validation,0.28493432334058955,0.07028994711303126,0.0,True
phoneme,classification,tabm_d,2,Raw+NystromGram@0.25,hybrid_prediction_mixture,orthogonal_all__m4,4,False,test,0.32882691596051383,0.06396089639245578,0.0,True
phoneme,classification,tabm_d,2,Raw+NystromGram@0.25,hybrid_prediction_mixture,orthogonal_all__m5,5,False,validation,0.28135484564641167,0.0775161016666316,0.0,True
phoneme,classification,tabm_d,2,Raw+NystromGram@0.25,hybrid_prediction_mixture,orthogonal_all__m5,5,False,test,0.32978658391343074,0.0706046267712313,0.0,True
phoneme,classification,tabm_d,2,Raw+NystromGram@0.25,hybrid_prediction_mixture,orthogonal_all__m6,6,False,validation,0.288573585398384,0.08116167615897926,0.0,True
phoneme,classification,tabm_d,2,Raw+NystromGram@0.25,hybrid_prediction_mixture,orthogonal_all__m6,6,False,test,0.3224423618050405,0.07501095461812447,0.0,True
phoneme,classification,tabm_d,2,Raw+NystromGram@0.25,hybrid_prediction_mixture,orthogonal_all__m7,7,False,validation,0.2792072564489555,0.062109775474699126,0.0,True
phoneme,classification,tabm_d,2,Raw+NystromGram@0.25,hybrid_prediction_mixture,orthogonal_all__m7,7,False,test,0.3379693407219809,0.0596525688589495,0.0,True
phoneme,classification,tabm_d,2,Raw+NystromGram@0.5,hybrid_prediction_mixture,rbf_reference,-1,True,validation,0.2862849750100349,0.0,0.0,False
phoneme,classification,tabm_d,2,Raw+NystromGram@0.5,hybrid_prediction_mixture,rbf_reference,-1,True,test,0.3222344419670775,0.0,0.0,False
phoneme,classification,tabm_d,2,Raw+NystromGram@0.5,hybrid_prediction_mixture,orthogonal_all__m0,0,False,validation,0.28889497750881227,0.04546802663554933,0.0,True
phoneme,classification,tabm_d,2,Raw+NystromGram@0.5,hybrid_prediction_mixture,orthogonal_all__m0,0,False,test,0.33178206404836863,0.040011805058767995,0.0,True
phoneme,classification,tabm_d,2,Raw+NystromGram@0.5,hybrid_prediction_mixture,orthogonal_all__m1,1,False,validation,0.28271554671206045,0.04488968078470635,0.0,True
phoneme,classification,tabm_d,2,Raw+NystromGram@0.5,hybrid_prediction_mixture,orthogonal_all__m1,1,False,test,0.3228875137920455,0.0414586104678713,0.0,True
phoneme,classification,tabm_d,2,Raw+NystromGram@0.5,hybrid_prediction_mixture,orthogonal_all__m2,2,False,validation,0.27547939295785584,0.04763120309366017,0.0,True
phoneme,classification,tabm_d,2,Raw+NystromGram@0.5,hybrid_prediction_mixture,orthogonal_all__m2,2,False,test,0.32639792009659263,0.047797994833755915,0.0,True
phoneme,classification,tabm_d,2,Raw+NystromGram@0.5,hybrid_prediction_mixture,orthogonal_all__m3,3,False,validation,0.2732872900949943,0.03803759255079239,0.0,True
phoneme,classification,tabm_d,2,Raw+NystromGram@0.5,hybrid_prediction_mixture,orthogonal_all__m3,3,False,test,0.32922291228917683,0.043265869588139855,0.0,True
phoneme,classification,tabm_d,2,Raw+NystromGram@0.5,hybrid_prediction_mixture,orthogonal_all__m4,4,False,validation,0.2883370751158516,0.046859964320662716,0.0,True
phoneme,classification,tabm_d,2,Raw+NystromGram@0.5,hybrid_prediction_mixture,orthogonal_all__m4,4,False,test,0.3290498063446557,0.0426405976546826,0.0,True
phoneme,classification,tabm_d,2,Raw+NystromGram@0.5,hybrid_prediction_mixture,orthogonal_all__m5,5,False,validation,0.2854335981560545,0.05167740079264612,0.0,True
phoneme,classification,tabm_d,2,Raw+NystromGram@0.5,hybrid_prediction_mixture,orthogonal_all__m5,5,False,test,0.32775177290468943,0.047069751193706,0.0,True
phoneme,classification,tabm_d,2,Raw+NystromGram@0.5,hybrid_prediction_mixture,orthogonal_all__m6,6,False,validation,0.28854571835615217,0.0541077838788491,0.0,True
phoneme,classification,tabm_d,2,Raw+NystromGram@0.5,hybrid_prediction_mixture,orthogonal_all__m6,6,False,test,0.32269755710151937,0.05000730310912413,0.0,True
phoneme,classification,tabm_d,2,Raw+NystromGram@0.5,hybrid_prediction_mixture,orthogonal_all__m7,7,False,validation,0.28320736298782767,0.0414065167581073,0.0,True
phoneme,classification,tabm_d,2,Raw+NystromGram@0.5,hybrid_prediction_mixture,orthogonal_all__m7,7,False,test,0.3348905355126528,0.039768379300800294,0.0,True
phoneme,classification,tabm_d,2,Raw+NystromGram@0.75,hybrid_prediction_mixture,rbf_reference,-1,True,validation,0.29377253425374744,0.0,0.0,False
phoneme,classification,tabm_d,2,Raw+NystromGram@0.75,hybrid_prediction_mixture,rbf_reference,-1,True,test,0.32826839300083444,0.0,0.0,False
phoneme,classification,tabm_d,2,Raw+NystromGram@0.75,hybrid_prediction_mixture,orthogonal_all__m0,0,False,validation,0.2951161435144898,0.02273401326741637,0.0,True
phoneme,classification,tabm_d,2,Raw+NystromGram@0.75,hybrid_prediction_mixture,orthogonal_all__m0,0,False,test,0.3347100484714007,0.02000590259365625,0.0,True
phoneme,classification,tabm_d,2,Raw+NystromGram@0.75,hybrid_prediction_mixture,orthogonal_all__m1,1,False,validation,0.28816359658496005,0.022444840365244478,0.0,True
phoneme,classification,tabm_d,2,Raw+NystromGram@0.75,hybrid_prediction_mixture,orthogonal_all__m1,1,False,test,0.3290125689527208,0.020729305250591572,0.0,True
phoneme,classification,tabm_d,2,Raw+NystromGram@0.75,hybrid_prediction_mixture,orthogonal_all__m2,2,False,validation,0.28835378030173553,0.02381560150478378,0.0,True
phoneme,classification,tabm_d,2,Raw+NystromGram@0.75,hybrid_prediction_mixture,orthogonal_all__m2,2,False,test,0.3308092016396064,0.02389899745824197,0.0,True
phoneme,classification,tabm_d,2,Raw+NystromGram@0.75,hybrid_prediction_mixture,orthogonal_all__m3,3,False,validation,0.2871974888951543,0.019018796233424742,0.0,True
phoneme,classification,tabm_d,2,Raw+NystromGram@0.75,hybrid_prediction_mixture,orthogonal_all__m3,3,False,test,0.33292959013954887,0.021632934822792008,0.0,True
phoneme,classification,tabm_d,2,Raw+NystromGram@0.75,hybrid_prediction_mixture,orthogonal_all__m4,4,False,validation,0.29438198343760746,0.023429981949652318,0.0,True
phoneme,classification,tabm_d,2,Raw+NystromGram@0.75,hybrid_prediction_mixture,orthogonal_all__m4,4,False,test,0.3327832728777659,0.021320298857197356,0.0,True
phoneme,classification,tabm_d,2,Raw+NystromGram@0.75,hybrid_prediction_mixture,orthogonal_all__m5,5,False,validation,0.29266631086983597,0.025838700237102278,0.0,True
phoneme,classification,tabm_d,2,Raw+NystromGram@0.75,hybrid_prediction_mixture,orthogonal_all__m5,5,False,test,0.3311191009334322,0.023534875603295587,0.0,True
phoneme,classification,tabm_d,2,Raw+NystromGram@0.75,hybrid_prediction_mixture,orthogonal_all__m6,6,False,validation,0.292637072566423,0.02705389182585603,0.0,True
phoneme,classification,tabm_d,2,Raw+NystromGram@0.75,hybrid_prediction_mixture,orthogonal_all__m6,6,False,test,0.32810009277360525,0.025003651569749322,0.0,True
phoneme,classification,tabm_d,2,Raw+NystromGram@0.75,hybrid_prediction_mixture,orthogonal_all__m7,7,False,validation,0.2906272116570394,0.020703258266540937,0.0,True
phoneme,classification,tabm_d,2,Raw+NystromGram@0.75,hybrid_prediction_mixture,orthogonal_all__m7,7,False,test,0.33580933310639405,0.019884189681150473,0.0,True
phoneme,classification,tabm_d,2,Raw+NystromGram@1,hybrid_prediction_mixture,rbf_reference,-1,True,validation,0.30446894950258907,0.0,0.0,False
phoneme,classification,tabm_d,2,Raw+NystromGram@1,hybrid_prediction_mixture,rbf_reference,-1,True,test,0.3415123770634406,0.0,0.0,False
phoneme,classification,tabm_d,2,Raw+NystromGram@1,hybrid_prediction_mixture,orthogonal_all__m0,0,False,validation,0.30446894950258907,0.0,0.0,True
phoneme,classification,tabm_d,2,Raw+NystromGram@1,hybrid_prediction_mixture,orthogonal_all__m0,0,False,test,0.3415123770634406,0.0,0.0,True
phoneme,classification,tabm_d,2,Raw+NystromGram@1,hybrid_prediction_mixture,orthogonal_all__m1,1,False,validation,0.30446894950258907,0.0,0.0,True
phoneme,classification,tabm_d,2,Raw+NystromGram@1,hybrid_prediction_mixture,orthogonal_all__m1,1,False,test,0.3415123770634406,0.0,0.0,True
phoneme,classification,tabm_d,2,Raw+NystromGram@1,hybrid_prediction_mixture,orthogonal_all__m2,2,False,validation,0.30446894950258907,0.0,0.0,True
phoneme,classification,tabm_d,2,Raw+NystromGram@1,hybrid_prediction_mixture,orthogonal_all__m2,2,False,test,0.3415123770634406,0.0,0.0,True
phoneme,classification,tabm_d,2,Raw+NystromGram@1,hybrid_prediction_mixture,orthogonal_all__m3,3,False,validation,0.30446894950258907,0.0,0.0,True
phoneme,classification,tabm_d,2,Raw+NystromGram@1,hybrid_prediction_mixture,orthogonal_all__m3,3,False,test,0.3415123770634406,0.0,0.0,True
phoneme,classification,tabm_d,2,Raw+NystromGram@1,hybrid_prediction_mixture,orthogonal_all__m4,4,False,validation,0.30446894950258907,0.0,0.0,True
phoneme,classification,tabm_d,2,Raw+NystromGram@1,hybrid_prediction_mixture,orthogonal_all__m4,4,False,test,0.3415123770634406,0.0,0.0,True
phoneme,classification,tabm_d,2,Raw+NystromGram@1,hybrid_prediction_mixture,orthogonal_all__m5,5,False,validation,0.30446894950258907,0.0,0.0,True
phoneme,classification,tabm_d,2,Raw+NystromGram@1,hybrid_prediction_mixture,orthogonal_all__m5,5,False,test,0.3415123770634406,0.0,0.0,True
phoneme,classification,tabm_d,2,Raw+NystromGram@1,hybrid_prediction_mixture,orthogonal_all__m6,6,False,validation,0.30446894950258907,0.0,0.0,True
phoneme,classification,tabm_d,2,Raw+NystromGram@1,hybrid_prediction_mixture,orthogonal_all__m6,6,False,test,0.3415123770634406,0.0,0.0,True
phoneme,classification,tabm_d,2,Raw+NystromGram@1,hybrid_prediction_mixture,orthogonal_all__m7,7,False,validation,0.30446894950258907,0.0,0.0,True
phoneme,classification,tabm_d,2,Raw+NystromGram@1,hybrid_prediction_mixture,orthogonal_all__m7,7,False,test,0.3415123770634406,0.0,0.0,True
phoneme,classification,tabm_d,2,Raw+HybridSpectral-t0.01@0.25,hybrid_prediction_mixture,rbf_reference,-1,True,validation,0.272861992951986,0.0,0.0,False
phoneme,classification,tabm_d,2,Raw+HybridSpectral-t0.01@0.25,hybrid_prediction_mixture,rbf_reference,-1,True,test,0.31952076675825475,0.0,0.0,False
phoneme,classification,tabm_d,2,Raw+HybridSpectral-t0.01@0.25,hybrid_prediction_mixture,orthogonal_all__m0,0,False,validation,0.27940846453211743,0.06820204018052324,0.0,True
phoneme,classification,tabm_d,2,Raw+HybridSpectral-t0.01@0.25,hybrid_prediction_mixture,orthogonal_all__m0,0,False,test,0.32913323317920795,0.06001770726120191,0.0,True
phoneme,classification,tabm_d,2,Raw+HybridSpectral-t0.01@0.25,hybrid_prediction_mixture,orthogonal_all__m1,1,False,validation,0.27402152425886206,0.06733452118306636,0.0,True
phoneme,classification,tabm_d,2,Raw+HybridSpectral-t0.01@0.25,hybrid_prediction_mixture,orthogonal_all__m1,1,False,test,0.32041534148647904,0.062187915623283484,0.0,True
phoneme,classification,tabm_d,2,Raw+HybridSpectral-t0.01@0.25,hybrid_prediction_mixture,orthogonal_all__m2,2,False,validation,0.2568604886403885,0.07144680480397893,0.0,True
phoneme,classification,tabm_d,2,Raw+HybridSpectral-t0.01@0.25,hybrid_prediction_mixture,orthogonal_all__m2,2,False,test,0.32549011472687894,0.07169699197698456,0.0,True
phoneme,classification,tabm_d,2,Raw+HybridSpectral-t0.01@0.25,hybrid_prediction_mixture,orthogonal_all__m3,3,False,validation,0.2553961116957009,0.05705638896728117,0.0,True
phoneme,classification,tabm_d,2,Raw+HybridSpectral-t0.01@0.25,hybrid_prediction_mixture,orthogonal_all__m3,3,False,test,0.32996152129093115,0.06489880417221741,0.0,True
phoneme,classification,tabm_d,2,Raw+HybridSpectral-t0.01@0.25,hybrid_prediction_mixture,orthogonal_all__m4,4,False,validation,0.27925519664820275,0.07028994751167512,0.0,True
phoneme,classification,tabm_d,2,Raw+HybridSpectral-t0.01@0.25,hybrid_prediction_mixture,orthogonal_all__m4,4,False,test,0.3288458419151131,0.06396089630493967,0.0,True
phoneme,classification,tabm_d,2,Raw+HybridSpectral-t0.01@0.25,hybrid_prediction_mixture,orthogonal_all__m5,5,False,validation,0.2727364520348602,0.07751610191502165,0.0,True
phoneme,classification,tabm_d,2,Raw+HybridSpectral-t0.01@0.25,hybrid_prediction_mixture,orthogonal_all__m5,5,False,test,0.3287197822274268,0.07060462691957008,0.0,True
phoneme,classification,tabm_d,2,Raw+HybridSpectral-t0.01@0.25,hybrid_prediction_mixture,orthogonal_all__m6,6,False,validation,0.2845762138753632,0.08116167628407918,0.0,True
phoneme,classification,tabm_d,2,Raw+HybridSpectral-t0.01@0.25,hybrid_prediction_mixture,orthogonal_all__m6,6,False,test,0.3246538353468622,0.0750109544651072,0.0,True
phoneme,classification,tabm_d,2,Raw+HybridSpectral-t0.01@0.25,hybrid_prediction_mixture,orthogonal_all__m7,7,False,validation,0.2715355110535381,0.062109775606271164,0.0,True
phoneme,classification,tabm_d,2,Raw+HybridSpectral-t0.01@0.25,hybrid_prediction_mixture,orthogonal_all__m7,7,False,test,0.3371260200800059,0.05965256887915387,0.0,True
phoneme,classification,tabm_d,2,Raw+HybridSpectral-t0.01@0.5,hybrid_prediction_mixture,rbf_reference,-1,True,validation,0.27209225268053394,0.0,0.0,False
phoneme,classification,tabm_d,2,Raw+HybridSpectral-t0.01@0.5,hybrid_prediction_mixture,rbf_reference,-1,True,test,0.32069678025387843,0.0,0.0,False
phoneme,classification,tabm_d,2,Raw+HybridSpectral-t0.01@0.5,hybrid_prediction_mixture,orthogonal_all__m0,0,False,validation,0.2771837859456609,0.04546802673704837,0.0,True
phoneme,classification,tabm_d,2,Raw+HybridSpectral-t0.01@0.5,hybrid_prediction_mixture,orthogonal_all__m0,0,False,test,0.3280194512900624,0.04001180487992355,0.0,True
phoneme,classification,tabm_d,2,Raw+HybridSpectral-t0.01@0.5,hybrid_prediction_mixture,orthogonal_all__m1,1,False,validation,0.27015732486260224,0.0448896806842806,0.0,True
phoneme,classification,tabm_d,2,Raw+HybridSpectral-t0.01@0.5,hybrid_prediction_mixture,orthogonal_all__m1,1,False,test,0.32229941322747135,0.04145861042979696,0.0,True
phoneme,classification,tabm_d,2,Raw+HybridSpectral-t0.01@0.5,hybrid_prediction_mixture,orthogonal_all__m2,2,False,validation,0.26076261069851236,0.047631203143459755,0.0,True
phoneme,classification,tabm_d,2,Raw+HybridSpectral-t0.01@0.5,hybrid_prediction_mixture,orthogonal_all__m2,2,False,test,0.3240651374945315,0.047797994634346155,0.0,True
phoneme,classification,tabm_d,2,Raw+HybridSpectral-t0.01@0.5,hybrid_prediction_mixture,orthogonal_all__m3,3,False,validation,0.2610663749873538,0.038037592571029906,0.0,True
phoneme,classification,tabm_d,2,Raw+HybridSpectral-t0.01@0.5,hybrid_prediction_mixture,orthogonal_all__m3,3,False,test,0.3296800996221955,0.043265869423038304,0.0,True
phoneme,classification,tabm_d,2,Raw+HybridSpectral-t0.01@0.5,hybrid_prediction_mixture,orthogonal_all__m4,4,False,validation,0.2771248803599314,0.04685996485218783,0.0,True
phoneme,classification,tabm_d,2,Raw+HybridSpectral-t0.01@0.5,hybrid_prediction_mixture,orthogonal_all__m4,4,False,test,0.3287147495018088,0.042640597537994464,0.0,True
phoneme,classification,tabm_d,2,Raw+HybridSpectral-t0.01@0.5,hybrid_prediction_mixture,orthogonal_all__m5,5,False,validation,0.27054568309988036,0.051677401123832824,0.0,True
phoneme,classification,tabm_d,2,Raw+HybridSpectral-t0.01@0.5,hybrid_prediction_mixture,orthogonal_all__m5,5,False,test,0.3263792420637318,0.047069751391491055,0.0,True
phoneme,classification,tabm_d,2,Raw+HybridSpectral-t0.01@0.5,hybrid_prediction_mixture,orthogonal_all__m6,6,False,validation,0.2799344572129751,0.05410778404564896,0.0,True
phoneme,classification,tabm_d,2,Raw+HybridSpectral-t0.01@0.5,hybrid_prediction_mixture,orthogonal_all__m6,6,False,test,0.32554679358221733,0.05000730290510111,0.0,True
phoneme,classification,tabm_d,2,Raw+HybridSpectral-t0.01@0.5,hybrid_prediction_mixture,orthogonal_all__m7,7,False,validation,0.26948198285028796,0.04140651693353666,0.0,True
phoneme,classification,tabm_d,2,Raw+HybridSpectral-t0.01@0.5,hybrid_prediction_mixture,orthogonal_all__m7,7,False,test,0.33371657795492843,0.03976837932773945,0.0,True
phoneme,classification,tabm_d,2,Raw+HybridSpectral-t0.01@0.75,hybrid_prediction_mixture,rbf_reference,-1,True,validation,0.2751048601640572,0.0,0.0,False
phoneme,classification,tabm_d,2,Raw+HybridSpectral-t0.01@0.75,hybrid_prediction_mixture,rbf_reference,-1,True,test,0.3270763455552871,0.0,0.0,False
phoneme,classification,tabm_d,2,Raw+HybridSpectral-t0.01@0.75,hybrid_prediction_mixture,orthogonal_all__m0,0,False,validation,0.2778981552738214,0.02273401334354064,0.0,True
phoneme,classification,tabm_d,2,Raw+HybridSpectral-t0.01@0.75,hybrid_prediction_mixture,orthogonal_all__m0,0,False,test,0.33111688822039353,0.020005902459522926,0.0,True
phoneme,classification,tabm_d,2,Raw+HybridSpectral-t0.01@0.75,hybrid_prediction_mixture,orthogonal_all__m1,1,False,validation,0.2703190489570396,0.02244484028992516,0.0,True
phoneme,classification,tabm_d,2,Raw+HybridSpectral-t0.01@0.75,hybrid_prediction_mixture,orthogonal_all__m1,1,False,test,0.32801724316662206,0.020729305222035813,0.0,True
phoneme,classification,tabm_d,2,Raw+HybridSpectral-t0.01@0.75,hybrid_prediction_mixture,orthogonal_all__m2,2,False,validation,0.26864536205669953,0.02381560154213346,0.0,True
phoneme,classification,tabm_d,2,Raw+HybridSpectral-t0.01@0.75,hybrid_prediction_mixture,orthogonal_all__m2,2,False,test,0.32849614300946384,0.023898997308684646,0.0,True
phoneme,classification,tabm_d,2,Raw+HybridSpectral-t0.01@0.75,hybrid_prediction_mixture,orthogonal_all__m3,3,False,validation,0.26956410743449727,0.019018796248602865,0.0,True
phoneme,classification,tabm_d,2,Raw+HybridSpectral-t0.01@0.75,hybrid_prediction_mixture,orthogonal_all__m3,3,False,test,0.3326251562472171,0.02163293469896585,0.0,True
phoneme,classification,tabm_d,2,Raw+HybridSpectral-t0.01@0.75,hybrid_prediction_mixture,orthogonal_all__m4,4,False,validation,0.27755459084266765,0.023429982348296137,0.0,True
phoneme,classification,tabm_d,2,Raw+HybridSpectral-t0.01@0.75,hybrid_prediction_mixture,orthogonal_all__m4,4,False,test,0.3317956832216729,0.02132029876968125,0.0,True
phoneme,classification,tabm_d,2,Raw+HybridSpectral-t0.01@0.75,hybrid_prediction_mixture,orthogonal_all__m5,5,False,validation,0.272911478733234,0.02583870048549229,0.0,True
phoneme,classification,tabm_d,2,Raw+HybridSpectral-t0.01@0.75,hybrid_prediction_mixture,orthogonal_all__m5,5,False,test,0.3299025706070432,0.023534875751634383,0.0,True
phoneme,classification,tabm_d,2,Raw+HybridSpectral-t0.01@0.75,hybrid_prediction_mixture,orthogonal_all__m6,6,False,validation,0.2783150891715025,0.027053891950955915,0.0,True
phoneme,classification,tabm_d,2,Raw+HybridSpectral-t0.01@0.75,hybrid_prediction_mixture,orthogonal_all__m6,6,False,test,0.3300422054901372,0.025003651416732057,0.0,True
phoneme,classification,tabm_d,2,Raw+HybridSpectral-t0.01@0.75,hybrid_prediction_mixture,orthogonal_all__m7,7,False,validation,0.2716242117629546,0.020703258398112954,0.0,True
phoneme,classification,tabm_d,2,Raw+HybridSpectral-t0.01@0.75,hybrid_prediction_mixture,orthogonal_all__m7,7,False,test,0.33457680558298203,0.019884189701354842,0.0,True
phoneme,classification,tabm_d,2,Raw+HybridSpectral-t0.01@1,hybrid_prediction_mixture,rbf_reference,-1,True,validation,0.2819543470331535,0.0,0.0,False
phoneme,classification,tabm_d,2,Raw+HybridSpectral-t0.01@1,hybrid_prediction_mixture,rbf_reference,-1,True,test,0.34060702730261005,0.0,0.0,False
phoneme,classification,tabm_d,2,Raw+HybridSpectral-t0.01@1,hybrid_prediction_mixture,orthogonal_all__m0,0,False,validation,0.2819543470331535,0.0,0.0,True
phoneme,classification,tabm_d,2,Raw+HybridSpectral-t0.01@1,hybrid_prediction_mixture,orthogonal_all__m0,0,False,test,0.34060702730261005,0.0,0.0,True
phoneme,classification,tabm_d,2,Raw+HybridSpectral-t0.01@1,hybrid_prediction_mixture,orthogonal_all__m1,1,False,validation,0.2819543470331535,0.0,0.0,True
phoneme,classification,tabm_d,2,Raw+HybridSpectral-t0.01@1,hybrid_prediction_mixture,orthogonal_all__m1,1,False,test,0.34060702730261005,0.0,0.0,True
phoneme,classification,tabm_d,2,Raw+HybridSpectral-t0.01@1,hybrid_prediction_mixture,orthogonal_all__m2,2,False,validation,0.2819543470331535,0.0,0.0,True
phoneme,classification,tabm_d,2,Raw+HybridSpectral-t0.01@1,hybrid_prediction_mixture,orthogonal_all__m2,2,False,test,0.34060702730261005,0.0,0.0,True
phoneme,classification,tabm_d,2,Raw+HybridSpectral-t0.01@1,hybrid_prediction_mixture,orthogonal_all__m3,3,False,validation,0.2819543470331535,0.0,0.0,True
phoneme,classification,tabm_d,2,Raw+HybridSpectral-t0.01@1,hybrid_prediction_mixture,orthogonal_all__m3,3,False,test,0.34060702730261005,0.0,0.0,True
phoneme,classification,tabm_d,2,Raw+HybridSpectral-t0.01@1,hybrid_prediction_mixture,orthogonal_all__m4,4,False,validation,0.2819543470331535,0.0,0.0,True
phoneme,classification,tabm_d,2,Raw+HybridSpectral-t0.01@1,hybrid_prediction_mixture,orthogonal_all__m4,4,False,test,0.34060702730261005,0.0,0.0,True
phoneme,classification,tabm_d,2,Raw+HybridSpectral-t0.01@1,hybrid_prediction_mixture,orthogonal_all__m5,5,False,validation,0.2819543470331535,0.0,0.0,True
phoneme,classification,tabm_d,2,Raw+HybridSpectral-t0.01@1,hybrid_prediction_mixture,orthogonal_all__m5,5,False,test,0.34060702730261005,0.0,0.0,True
phoneme,classification,tabm_d,2,Raw+HybridSpectral-t0.01@1,hybrid_prediction_mixture,orthogonal_all__m6,6,False,validation,0.2819543470331535,0.0,0.0,True
phoneme,classification,tabm_d,2,Raw+HybridSpectral-t0.01@1,hybrid_prediction_mixture,orthogonal_all__m6,6,False,test,0.34060702730261005,0.0,0.0,True
phoneme,classification,tabm_d,2,Raw+HybridSpectral-t0.01@1,hybrid_prediction_mixture,orthogonal_all__m7,7,False,validation,0.2819543470331535,0.0,0.0,True
phoneme,classification,tabm_d,2,Raw+HybridSpectral-t0.01@1,hybrid_prediction_mixture,orthogonal_all__m7,7,False,test,0.34060702730261005,0.0,0.0,True
phoneme,classification,tabm_d,2,Raw+HybridSpectral-t0.05@0.25,hybrid_prediction_mixture,rbf_reference,-1,True,validation,0.272861992951986,0.0,0.0,False
phoneme,classification,tabm_d,2,Raw+HybridSpectral-t0.05@0.25,hybrid_prediction_mixture,rbf_reference,-1,True,test,0.31952076675825475,0.0,0.0,False
phoneme,classification,tabm_d,2,Raw+HybridSpectral-t0.05@0.25,hybrid_prediction_mixture,orthogonal_all__m0,0,False,validation,0.27940846453211743,0.06820204018052324,0.0,True
phoneme,classification,tabm_d,2,Raw+HybridSpectral-t0.05@0.25,hybrid_prediction_mixture,orthogonal_all__m0,0,False,test,0.32913323317920795,0.06001770726120191,0.0,True
phoneme,classification,tabm_d,2,Raw+HybridSpectral-t0.05@0.25,hybrid_prediction_mixture,orthogonal_all__m1,1,False,validation,0.27402152425886206,0.06733452118306636,0.0,True
phoneme,classification,tabm_d,2,Raw+HybridSpectral-t0.05@0.25,hybrid_prediction_mixture,orthogonal_all__m1,1,False,test,0.32041534148647904,0.062187915623283484,0.0,True
phoneme,classification,tabm_d,2,Raw+HybridSpectral-t0.05@0.25,hybrid_prediction_mixture,orthogonal_all__m2,2,False,validation,0.2568604886403885,0.07144680480397893,0.0,True
phoneme,classification,tabm_d,2,Raw+HybridSpectral-t0.05@0.25,hybrid_prediction_mixture,orthogonal_all__m2,2,False,test,0.32549011472687894,0.07169699197698456,0.0,True
phoneme,classification,tabm_d,2,Raw+HybridSpectral-t0.05@0.25,hybrid_prediction_mixture,orthogonal_all__m3,3,False,validation,0.2553961116957009,0.05705638896728117,0.0,True
phoneme,classification,tabm_d,2,Raw+HybridSpectral-t0.05@0.25,hybrid_prediction_mixture,orthogonal_all__m3,3,False,test,0.32996152129093115,0.06489880417221741,0.0,True
phoneme,classification,tabm_d,2,Raw+HybridSpectral-t0.05@0.25,hybrid_prediction_mixture,orthogonal_all__m4,4,False,validation,0.27925519664820275,0.07028994751167512,0.0,True
phoneme,classification,tabm_d,2,Raw+HybridSpectral-t0.05@0.25,hybrid_prediction_mixture,orthogonal_all__m4,4,False,test,0.3288458419151131,0.06396089630493967,0.0,True
phoneme,classification,tabm_d,2,Raw+HybridSpectral-t0.05@0.25,hybrid_prediction_mixture,orthogonal_all__m5,5,False,validation,0.2727364520348602,0.07751610191502165,0.0,True
phoneme,classification,tabm_d,2,Raw+HybridSpectral-t0.05@0.25,hybrid_prediction_mixture,orthogonal_all__m5,5,False,test,0.3287197822274268,0.07060462691957008,0.0,True
phoneme,classification,tabm_d,2,Raw+HybridSpectral-t0.05@0.25,hybrid_prediction_mixture,orthogonal_all__m6,6,False,validation,0.2845762138753632,0.08116167628407918,0.0,True
phoneme,classification,tabm_d,2,Raw+HybridSpectral-t0.05@0.25,hybrid_prediction_mixture,orthogonal_all__m6,6,False,test,0.3246538353468622,0.0750109544651072,0.0,True
phoneme,classification,tabm_d,2,Raw+HybridSpectral-t0.05@0.25,hybrid_prediction_mixture,orthogonal_all__m7,7,False,validation,0.2715355110535381,0.062109775606271164,0.0,True
phoneme,classification,tabm_d,2,Raw+HybridSpectral-t0.05@0.25,hybrid_prediction_mixture,orthogonal_all__m7,7,False,test,0.3371260200800059,0.05965256887915387,0.0,True
phoneme,classification,tabm_d,2,Raw+HybridSpectral-t0.05@0.5,hybrid_prediction_mixture,rbf_reference,-1,True,validation,0.27209225268053394,0.0,0.0,False
phoneme,classification,tabm_d,2,Raw+HybridSpectral-t0.05@0.5,hybrid_prediction_mixture,rbf_reference,-1,True,test,0.32069678025387843,0.0,0.0,False
phoneme,classification,tabm_d,2,Raw+HybridSpectral-t0.05@0.5,hybrid_prediction_mixture,orthogonal_all__m0,0,False,validation,0.2771837859456609,0.04546802673704837,0.0,True
phoneme,classification,tabm_d,2,Raw+HybridSpectral-t0.05@0.5,hybrid_prediction_mixture,orthogonal_all__m0,0,False,test,0.3280194512900624,0.04001180487992355,0.0,True
phoneme,classification,tabm_d,2,Raw+HybridSpectral-t0.05@0.5,hybrid_prediction_mixture,orthogonal_all__m1,1,False,validation,0.27015732486260224,0.0448896806842806,0.0,True
phoneme,classification,tabm_d,2,Raw+HybridSpectral-t0.05@0.5,hybrid_prediction_mixture,orthogonal_all__m1,1,False,test,0.32229941322747135,0.04145861042979696,0.0,True
phoneme,classification,tabm_d,2,Raw+HybridSpectral-t0.05@0.5,hybrid_prediction_mixture,orthogonal_all__m2,2,False,validation,0.26076261069851236,0.047631203143459755,0.0,True
phoneme,classification,tabm_d,2,Raw+HybridSpectral-t0.05@0.5,hybrid_prediction_mixture,orthogonal_all__m2,2,False,test,0.3240651374945315,0.047797994634346155,0.0,True
phoneme,classification,tabm_d,2,Raw+HybridSpectral-t0.05@0.5,hybrid_prediction_mixture,orthogonal_all__m3,3,False,validation,0.2610663749873538,0.038037592571029906,0.0,True
phoneme,classification,tabm_d,2,Raw+HybridSpectral-t0.05@0.5,hybrid_prediction_mixture,orthogonal_all__m3,3,False,test,0.3296800996221955,0.043265869423038304,0.0,True
phoneme,classification,tabm_d,2,Raw+HybridSpectral-t0.05@0.5,hybrid_prediction_mixture,orthogonal_all__m4,4,False,validation,0.2771248803599314,0.04685996485218783,0.0,True
phoneme,classification,tabm_d,2,Raw+HybridSpectral-t0.05@0.5,hybrid_prediction_mixture,orthogonal_all__m4,4,False,test,0.3287147495018088,0.042640597537994464,0.0,True
phoneme,classification,tabm_d,2,Raw+HybridSpectral-t0.05@0.5,hybrid_prediction_mixture,orthogonal_all__m5,5,False,validation,0.27054568309988036,0.051677401123832824,0.0,True
phoneme,classification,tabm_d,2,Raw+HybridSpectral-t0.05@0.5,hybrid_prediction_mixture,orthogonal_all__m5,5,False,test,0.3263792420637318,0.047069751391491055,0.0,True
phoneme,classification,tabm_d,2,Raw+HybridSpectral-t0.05@0.5,hybrid_prediction_mixture,orthogonal_all__m6,6,False,validation,0.2799344572129751,0.05410778404564896,0.0,True
phoneme,classification,tabm_d,2,Raw+HybridSpectral-t0.05@0.5,hybrid_prediction_mixture,orthogonal_all__m6,6,False,test,0.32554679358221733,0.05000730290510111,0.0,True
phoneme,classification,tabm_d,2,Raw+HybridSpectral-t0.05@0.5,hybrid_prediction_mixture,orthogonal_all__m7,7,False,validation,0.26948198285028796,0.04140651693353666,0.0,True
phoneme,classification,tabm_d,2,Raw+HybridSpectral-t0.05@0.5,hybrid_prediction_mixture,orthogonal_all__m7,7,False,test,0.33371657795492843,0.03976837932773945,0.0,True
phoneme,classification,tabm_d,2,Raw+HybridSpectral-t0.05@0.75,hybrid_prediction_mixture,rbf_reference,-1,True,validation,0.2751048601640572,0.0,0.0,False
phoneme,classification,tabm_d,2,Raw+HybridSpectral-t0.05@0.75,hybrid_prediction_mixture,rbf_reference,-1,True,test,0.3270763455552871,0.0,0.0,False
phoneme,classification,tabm_d,2,Raw+HybridSpectral-t0.05@0.75,hybrid_prediction_mixture,orthogonal_all__m0,0,False,validation,0.2778981552738214,0.02273401334354064,0.0,True
phoneme,classification,tabm_d,2,Raw+HybridSpectral-t0.05@0.75,hybrid_prediction_mixture,orthogonal_all__m0,0,False,test,0.33111688822039353,0.020005902459522926,0.0,True
phoneme,classification,tabm_d,2,Raw+HybridSpectral-t0.05@0.75,hybrid_prediction_mixture,orthogonal_all__m1,1,False,validation,0.2703190489570396,0.02244484028992516,0.0,True
phoneme,classification,tabm_d,2,Raw+HybridSpectral-t0.05@0.75,hybrid_prediction_mixture,orthogonal_all__m1,1,False,test,0.32801724316662206,0.020729305222035813,0.0,True
phoneme,classification,tabm_d,2,Raw+HybridSpectral-t0.05@0.75,hybrid_prediction_mixture,orthogonal_all__m2,2,False,validation,0.26864536205669953,0.02381560154213346,0.0,True
phoneme,classification,tabm_d,2,Raw+HybridSpectral-t0.05@0.75,hybrid_prediction_mixture,orthogonal_all__m2,2,False,test,0.32849614300946384,0.023898997308684646,0.0,True
phoneme,classification,tabm_d,2,Raw+HybridSpectral-t0.05@0.75,hybrid_prediction_mixture,orthogonal_all__m3,3,False,validation,0.26956410743449727,0.019018796248602865,0.0,True
phoneme,classification,tabm_d,2,Raw+HybridSpectral-t0.05@0.75,hybrid_prediction_mixture,orthogonal_all__m3,3,False,test,0.3326251562472171,0.02163293469896585,0.0,True
phoneme,classification,tabm_d,2,Raw+HybridSpectral-t0.05@0.75,hybrid_prediction_mixture,orthogonal_all__m4,4,False,validation,0.27755459084266765,0.023429982348296137,0.0,True
phoneme,classification,tabm_d,2,Raw+HybridSpectral-t0.05@0.75,hybrid_prediction_mixture,orthogonal_all__m4,4,False,test,0.3317956832216729,0.02132029876968125,0.0,True
phoneme,classification,tabm_d,2,Raw+HybridSpectral-t0.05@0.75,hybrid_prediction_mixture,orthogonal_all__m5,5,False,validation,0.272911478733234,0.02583870048549229,0.0,True
phoneme,classification,tabm_d,2,Raw+HybridSpectral-t0.05@0.75,hybrid_prediction_mixture,orthogonal_all__m5,5,False,test,0.3299025706070432,0.023534875751634383,0.0,True
phoneme,classification,tabm_d,2,Raw+HybridSpectral-t0.05@0.75,hybrid_prediction_mixture,orthogonal_all__m6,6,False,validation,0.2783150891715025,0.027053891950955915,0.0,True
phoneme,classification,tabm_d,2,Raw+HybridSpectral-t0.05@0.75,hybrid_prediction_mixture,orthogonal_all__m6,6,False,test,0.3300422054901372,0.025003651416732057,0.0,True
phoneme,classification,tabm_d,2,Raw+HybridSpectral-t0.05@0.75,hybrid_prediction_mixture,orthogonal_all__m7,7,False,validation,0.2716242117629546,0.020703258398112954,0.0,True
phoneme,classification,tabm_d,2,Raw+HybridSpectral-t0.05@0.75,hybrid_prediction_mixture,orthogonal_all__m7,7,False,test,0.33457680558298203,0.019884189701354842,0.0,True
phoneme,classification,tabm_d,2,Raw+HybridSpectral-t0.05@1,hybrid_prediction_mixture,rbf_reference,-1,True,validation,0.2819543470331535,0.0,0.0,False
phoneme,classification,tabm_d,2,Raw+HybridSpectral-t0.05@1,hybrid_prediction_mixture,rbf_reference,-1,True,test,0.34060702730261005,0.0,0.0,False
phoneme,classification,tabm_d,2,Raw+HybridSpectral-t0.05@1,hybrid_prediction_mixture,orthogonal_all__m0,0,False,validation,0.2819543470331535,0.0,0.0,True
phoneme,classification,tabm_d,2,Raw+HybridSpectral-t0.05@1,hybrid_prediction_mixture,orthogonal_all__m0,0,False,test,0.34060702730261005,0.0,0.0,True
phoneme,classification,tabm_d,2,Raw+HybridSpectral-t0.05@1,hybrid_prediction_mixture,orthogonal_all__m1,1,False,validation,0.2819543470331535,0.0,0.0,True
phoneme,classification,tabm_d,2,Raw+HybridSpectral-t0.05@1,hybrid_prediction_mixture,orthogonal_all__m1,1,False,test,0.34060702730261005,0.0,0.0,True
phoneme,classification,tabm_d,2,Raw+HybridSpectral-t0.05@1,hybrid_prediction_mixture,orthogonal_all__m2,2,False,validation,0.2819543470331535,0.0,0.0,True
phoneme,classification,tabm_d,2,Raw+HybridSpectral-t0.05@1,hybrid_prediction_mixture,orthogonal_all__m2,2,False,test,0.34060702730261005,0.0,0.0,True
phoneme,classification,tabm_d,2,Raw+HybridSpectral-t0.05@1,hybrid_prediction_mixture,orthogonal_all__m3,3,False,validation,0.2819543470331535,0.0,0.0,True
phoneme,classification,tabm_d,2,Raw+HybridSpectral-t0.05@1,hybrid_prediction_mixture,orthogonal_all__m3,3,False,test,0.34060702730261005,0.0,0.0,True
phoneme,classification,tabm_d,2,Raw+HybridSpectral-t0.05@1,hybrid_prediction_mixture,orthogonal_all__m4,4,False,validation,0.2819543470331535,0.0,0.0,True
phoneme,classification,tabm_d,2,Raw+HybridSpectral-t0.05@1,hybrid_prediction_mixture,orthogonal_all__m4,4,False,test,0.34060702730261005,0.0,0.0,True
phoneme,classification,tabm_d,2,Raw+HybridSpectral-t0.05@1,hybrid_prediction_mixture,orthogonal_all__m5,5,False,validation,0.2819543470331535,0.0,0.0,True
phoneme,classification,tabm_d,2,Raw+HybridSpectral-t0.05@1,hybrid_prediction_mixture,orthogonal_all__m5,5,False,test,0.34060702730261005,0.0,0.0,True
phoneme,classification,tabm_d,2,Raw+HybridSpectral-t0.05@1,hybrid_prediction_mixture,orthogonal_all__m6,6,False,validation,0.2819543470331535,0.0,0.0,True
phoneme,classification,tabm_d,2,Raw+HybridSpectral-t0.05@1,hybrid_prediction_mixture,orthogonal_all__m6,6,False,test,0.34060702730261005,0.0,0.0,True
phoneme,classification,tabm_d,2,Raw+HybridSpectral-t0.05@1,hybrid_prediction_mixture,orthogonal_all__m7,7,False,validation,0.2819543470331535,0.0,0.0,True
phoneme,classification,tabm_d,2,Raw+HybridSpectral-t0.05@1,hybrid_prediction_mixture,orthogonal_all__m7,7,False,test,0.34060702730261005,0.0,0.0,True
phoneme,classification,tabm_d,2,Raw+HybridSpectral-t0.10@0.25,hybrid_prediction_mixture,rbf_reference,-1,True,validation,0.272861992951986,0.0,0.0,False
phoneme,classification,tabm_d,2,Raw+HybridSpectral-t0.10@0.25,hybrid_prediction_mixture,rbf_reference,-1,True,test,0.31952076675825475,0.0,0.0,False
phoneme,classification,tabm_d,2,Raw+HybridSpectral-t0.10@0.25,hybrid_prediction_mixture,orthogonal_all__m0,0,False,validation,0.27940846453211743,0.06820204018052324,0.0,True
phoneme,classification,tabm_d,2,Raw+HybridSpectral-t0.10@0.25,hybrid_prediction_mixture,orthogonal_all__m0,0,False,test,0.32913323317920795,0.06001770726120191,0.0,True
phoneme,classification,tabm_d,2,Raw+HybridSpectral-t0.10@0.25,hybrid_prediction_mixture,orthogonal_all__m1,1,False,validation,0.27402152425886206,0.06733452118306636,0.0,True
phoneme,classification,tabm_d,2,Raw+HybridSpectral-t0.10@0.25,hybrid_prediction_mixture,orthogonal_all__m1,1,False,test,0.32041534148647904,0.062187915623283484,0.0,True
phoneme,classification,tabm_d,2,Raw+HybridSpectral-t0.10@0.25,hybrid_prediction_mixture,orthogonal_all__m2,2,False,validation,0.2568604886403885,0.07144680480397893,0.0,True
phoneme,classification,tabm_d,2,Raw+HybridSpectral-t0.10@0.25,hybrid_prediction_mixture,orthogonal_all__m2,2,False,test,0.32549011472687894,0.07169699197698456,0.0,True
phoneme,classification,tabm_d,2,Raw+HybridSpectral-t0.10@0.25,hybrid_prediction_mixture,orthogonal_all__m3,3,False,validation,0.2553961116957009,0.05705638896728117,0.0,True
phoneme,classification,tabm_d,2,Raw+HybridSpectral-t0.10@0.25,hybrid_prediction_mixture,orthogonal_all__m3,3,False,test,0.32996152129093115,0.06489880417221741,0.0,True
phoneme,classification,tabm_d,2,Raw+HybridSpectral-t0.10@0.25,hybrid_prediction_mixture,orthogonal_all__m4,4,False,validation,0.27925519664820275,0.07028994751167512,0.0,True
phoneme,classification,tabm_d,2,Raw+HybridSpectral-t0.10@0.25,hybrid_prediction_mixture,orthogonal_all__m4,4,False,test,0.3288458419151131,0.06396089630493967,0.0,True
phoneme,classification,tabm_d,2,Raw+HybridSpectral-t0.10@0.25,hybrid_prediction_mixture,orthogonal_all__m5,5,False,validation,0.2727364520348602,0.07751610191502165,0.0,True
phoneme,classification,tabm_d,2,Raw+HybridSpectral-t0.10@0.25,hybrid_prediction_mixture,orthogonal_all__m5,5,False,test,0.3287197822274268,0.07060462691957008,0.0,True
phoneme,classification,tabm_d,2,Raw+HybridSpectral-t0.10@0.25,hybrid_prediction_mixture,orthogonal_all__m6,6,False,validation,0.2845762138753632,0.08116167628407918,0.0,True
phoneme,classification,tabm_d,2,Raw+HybridSpectral-t0.10@0.25,hybrid_prediction_mixture,orthogonal_all__m6,6,False,test,0.3246538353468622,0.0750109544651072,0.0,True
phoneme,classification,tabm_d,2,Raw+HybridSpectral-t0.10@0.25,hybrid_prediction_mixture,orthogonal_all__m7,7,False,validation,0.2715355110535381,0.062109775606271164,0.0,True
phoneme,classification,tabm_d,2,Raw+HybridSpectral-t0.10@0.25,hybrid_prediction_mixture,orthogonal_all__m7,7,False,test,0.3371260200800059,0.05965256887915387,0.0,True
phoneme,classification,tabm_d,2,Raw+HybridSpectral-t0.10@0.5,hybrid_prediction_mixture,rbf_reference,-1,True,validation,0.27209225268053394,0.0,0.0,False
phoneme,classification,tabm_d,2,Raw+HybridSpectral-t0.10@0.5,hybrid_prediction_mixture,rbf_reference,-1,True,test,0.32069678025387843,0.0,0.0,False
phoneme,classification,tabm_d,2,Raw+HybridSpectral-t0.10@0.5,hybrid_prediction_mixture,orthogonal_all__m0,0,False,validation,0.2771837859456609,0.04546802673704837,0.0,True
phoneme,classification,tabm_d,2,Raw+HybridSpectral-t0.10@0.5,hybrid_prediction_mixture,orthogonal_all__m0,0,False,test,0.3280194512900624,0.04001180487992355,0.0,True
phoneme,classification,tabm_d,2,Raw+HybridSpectral-t0.10@0.5,hybrid_prediction_mixture,orthogonal_all__m1,1,False,validation,0.27015732486260224,0.0448896806842806,0.0,True
phoneme,classification,tabm_d,2,Raw+HybridSpectral-t0.10@0.5,hybrid_prediction_mixture,orthogonal_all__m1,1,False,test,0.32229941322747135,0.04145861042979696,0.0,True
phoneme,classification,tabm_d,2,Raw+HybridSpectral-t0.10@0.5,hybrid_prediction_mixture,orthogonal_all__m2,2,False,validation,0.26076261069851236,0.047631203143459755,0.0,True
phoneme,classification,tabm_d,2,Raw+HybridSpectral-t0.10@0.5,hybrid_prediction_mixture,orthogonal_all__m2,2,False,test,0.3240651374945315,0.047797994634346155,0.0,True
phoneme,classification,tabm_d,2,Raw+HybridSpectral-t0.10@0.5,hybrid_prediction_mixture,orthogonal_all__m3,3,False,validation,0.2610663749873538,0.038037592571029906,0.0,True
phoneme,classification,tabm_d,2,Raw+HybridSpectral-t0.10@0.5,hybrid_prediction_mixture,orthogonal_all__m3,3,False,test,0.3296800996221955,0.043265869423038304,0.0,True
phoneme,classification,tabm_d,2,Raw+HybridSpectral-t0.10@0.5,hybrid_prediction_mixture,orthogonal_all__m4,4,False,validation,0.2771248803599314,0.04685996485218783,0.0,True
phoneme,classification,tabm_d,2,Raw+HybridSpectral-t0.10@0.5,hybrid_prediction_mixture,orthogonal_all__m4,4,False,test,0.3287147495018088,0.042640597537994464,0.0,True
phoneme,classification,tabm_d,2,Raw+HybridSpectral-t0.10@0.5,hybrid_prediction_mixture,orthogonal_all__m5,5,False,validation,0.27054568309988036,0.051677401123832824,0.0,True
phoneme,classification,tabm_d,2,Raw+HybridSpectral-t0.10@0.5,hybrid_prediction_mixture,orthogonal_all__m5,5,False,test,0.3263792420637318,0.047069751391491055,0.0,True
phoneme,classification,tabm_d,2,Raw+HybridSpectral-t0.10@0.5,hybrid_prediction_mixture,orthogonal_all__m6,6,False,validation,0.2799344572129751,0.05410778404564896,0.0,True
phoneme,classification,tabm_d,2,Raw+HybridSpectral-t0.10@0.5,hybrid_prediction_mixture,orthogonal_all__m6,6,False,test,0.32554679358221733,0.05000730290510111,0.0,True
phoneme,classification,tabm_d,2,Raw+HybridSpectral-t0.10@0.5,hybrid_prediction_mixture,orthogonal_all__m7,7,False,validation,0.26948198285028796,0.04140651693353666,0.0,True
phoneme,classification,tabm_d,2,Raw+HybridSpectral-t0.10@0.5,hybrid_prediction_mixture,orthogonal_all__m7,7,False,test,0.33371657795492843,0.03976837932773945,0.0,True
phoneme,classification,tabm_d,2,Raw+HybridSpectral-t0.10@0.75,hybrid_prediction_mixture,rbf_reference,-1,True,validation,0.2751048601640572,0.0,0.0,False
phoneme,classification,tabm_d,2,Raw+HybridSpectral-t0.10@0.75,hybrid_prediction_mixture,rbf_reference,-1,True,test,0.3270763455552871,0.0,0.0,False
phoneme,classification,tabm_d,2,Raw+HybridSpectral-t0.10@0.75,hybrid_prediction_mixture,orthogonal_all__m0,0,False,validation,0.2778981552738214,0.02273401334354064,0.0,True
phoneme,classification,tabm_d,2,Raw+HybridSpectral-t0.10@0.75,hybrid_prediction_mixture,orthogonal_all__m0,0,False,test,0.33111688822039353,0.020005902459522926,0.0,True
phoneme,classification,tabm_d,2,Raw+HybridSpectral-t0.10@0.75,hybrid_prediction_mixture,orthogonal_all__m1,1,False,validation,0.2703190489570396,0.02244484028992516,0.0,True
phoneme,classification,tabm_d,2,Raw+HybridSpectral-t0.10@0.75,hybrid_prediction_mixture,orthogonal_all__m1,1,False,test,0.32801724316662206,0.020729305222035813,0.0,True
phoneme,classification,tabm_d,2,Raw+HybridSpectral-t0.10@0.75,hybrid_prediction_mixture,orthogonal_all__m2,2,False,validation,0.26864536205669953,0.02381560154213346,0.0,True
phoneme,classification,tabm_d,2,Raw+HybridSpectral-t0.10@0.75,hybrid_prediction_mixture,orthogonal_all__m2,2,False,test,0.32849614300946384,0.023898997308684646,0.0,True
phoneme,classification,tabm_d,2,Raw+HybridSpectral-t0.10@0.75,hybrid_prediction_mixture,orthogonal_all__m3,3,False,validation,0.26956410743449727,0.019018796248602865,0.0,True
phoneme,classification,tabm_d,2,Raw+HybridSpectral-t0.10@0.75,hybrid_prediction_mixture,orthogonal_all__m3,3,False,test,0.3326251562472171,0.02163293469896585,0.0,True
phoneme,classification,tabm_d,2,Raw+HybridSpectral-t0.10@0.75,hybrid_prediction_mixture,orthogonal_all__m4,4,False,validation,0.27755459084266765,0.023429982348296137,0.0,True
phoneme,classification,tabm_d,2,Raw+HybridSpectral-t0.10@0.75,hybrid_prediction_mixture,orthogonal_all__m4,4,False,test,0.3317956832216729,0.02132029876968125,0.0,True
phoneme,classification,tabm_d,2,Raw+HybridSpectral-t0.10@0.75,hybrid_prediction_mixture,orthogonal_all__m5,5,False,validation,0.272911478733234,0.02583870048549229,0.0,True
phoneme,classification,tabm_d,2,Raw+HybridSpectral-t0.10@0.75,hybrid_prediction_mixture,orthogonal_all__m5,5,False,test,0.3299025706070432,0.023534875751634383,0.0,True
phoneme,classification,tabm_d,2,Raw+HybridSpectral-t0.10@0.75,hybrid_prediction_mixture,orthogonal_all__m6,6,False,validation,0.2783150891715025,0.027053891950955915,0.0,True
phoneme,classification,tabm_d,2,Raw+HybridSpectral-t0.10@0.75,hybrid_prediction_mixture,orthogonal_all__m6,6,False,test,0.3300422054901372,0.025003651416732057,0.0,True
phoneme,classification,tabm_d,2,Raw+HybridSpectral-t0.10@0.75,hybrid_prediction_mixture,orthogonal_all__m7,7,False,validation,0.2716242117629546,0.020703258398112954,0.0,True
phoneme,classification,tabm_d,2,Raw+HybridSpectral-t0.10@0.75,hybrid_prediction_mixture,orthogonal_all__m7,7,False,test,0.33457680558298203,0.019884189701354842,0.0,True
phoneme,classification,tabm_d,2,Raw+HybridSpectral-t0.10@1,hybrid_prediction_mixture,rbf_reference,-1,True,validation,0.2819543470331535,0.0,0.0,False
phoneme,classification,tabm_d,2,Raw+HybridSpectral-t0.10@1,hybrid_prediction_mixture,rbf_reference,-1,True,test,0.34060702730261005,0.0,0.0,False
phoneme,classification,tabm_d,2,Raw+HybridSpectral-t0.10@1,hybrid_prediction_mixture,orthogonal_all__m0,0,False,validation,0.2819543470331535,0.0,0.0,True
phoneme,classification,tabm_d,2,Raw+HybridSpectral-t0.10@1,hybrid_prediction_mixture,orthogonal_all__m0,0,False,test,0.34060702730261005,0.0,0.0,True
phoneme,classification,tabm_d,2,Raw+HybridSpectral-t0.10@1,hybrid_prediction_mixture,orthogonal_all__m1,1,False,validation,0.2819543470331535,0.0,0.0,True
phoneme,classification,tabm_d,2,Raw+HybridSpectral-t0.10@1,hybrid_prediction_mixture,orthogonal_all__m1,1,False,test,0.34060702730261005,0.0,0.0,True
phoneme,classification,tabm_d,2,Raw+HybridSpectral-t0.10@1,hybrid_prediction_mixture,orthogonal_all__m2,2,False,validation,0.2819543470331535,0.0,0.0,True
phoneme,classification,tabm_d,2,Raw+HybridSpectral-t0.10@1,hybrid_prediction_mixture,orthogonal_all__m2,2,False,test,0.34060702730261005,0.0,0.0,True
phoneme,classification,tabm_d,2,Raw+HybridSpectral-t0.10@1,hybrid_prediction_mixture,orthogonal_all__m3,3,False,validation,0.2819543470331535,0.0,0.0,True
phoneme,classification,tabm_d,2,Raw+HybridSpectral-t0.10@1,hybrid_prediction_mixture,orthogonal_all__m3,3,False,test,0.34060702730261005,0.0,0.0,True
phoneme,classification,tabm_d,2,Raw+HybridSpectral-t0.10@1,hybrid_prediction_mixture,orthogonal_all__m4,4,False,validation,0.2819543470331535,0.0,0.0,True
phoneme,classification,tabm_d,2,Raw+HybridSpectral-t0.10@1,hybrid_prediction_mixture,orthogonal_all__m4,4,False,test,0.34060702730261005,0.0,0.0,True
phoneme,classification,tabm_d,2,Raw+HybridSpectral-t0.10@1,hybrid_prediction_mixture,orthogonal_all__m5,5,False,validation,0.2819543470331535,0.0,0.0,True
phoneme,classification,tabm_d,2,Raw+HybridSpectral-t0.10@1,hybrid_prediction_mixture,orthogonal_all__m5,5,False,test,0.34060702730261005,0.0,0.0,True
phoneme,classification,tabm_d,2,Raw+HybridSpectral-t0.10@1,hybrid_prediction_mixture,orthogonal_all__m6,6,False,validation,0.2819543470331535,0.0,0.0,True
phoneme,classification,tabm_d,2,Raw+HybridSpectral-t0.10@1,hybrid_prediction_mixture,orthogonal_all__m6,6,False,test,0.34060702730261005,0.0,0.0,True
phoneme,classification,tabm_d,2,Raw+HybridSpectral-t0.10@1,hybrid_prediction_mixture,orthogonal_all__m7,7,False,validation,0.2819543470331535,0.0,0.0,True
phoneme,classification,tabm_d,2,Raw+HybridSpectral-t0.10@1,hybrid_prediction_mixture,orthogonal_all__m7,7,False,test,0.34060702730261005,0.0,0.0,True
