dataset,problem_type,model,seed,method,track,representation_id,member,is_reference,split,task_error,disagreement,fit_seconds,prediction_reused_due_to_coordinate_identity
bike-sharing,regression,tabpfn_2_6,2,Raw,representation,rbf_reference,-1,True,validation,51.90910230909412,0.0,0.2333447961136698,False
bike-sharing,regression,tabpfn_2_6,2,Raw,representation,rbf_reference,-1,True,test,54.054157240863404,0.0,0.2333447961136698,False
bike-sharing,regression,tabpfn_2_6,2,Raw,representation,orthogonal_all__m0,0,False,validation,51.22961180542847,0.07801435279630105,0.1684884671121835,False
bike-sharing,regression,tabpfn_2_6,2,Raw,representation,orthogonal_all__m0,0,False,test,54.97760613889903,0.08214331581702247,0.1684884671121835,False
bike-sharing,regression,tabpfn_2_6,2,Raw,representation,orthogonal_all__m1,1,False,validation,52.10158263409392,0.11457896517941386,0.1647314238362014,False
bike-sharing,regression,tabpfn_2_6,2,Raw,representation,orthogonal_all__m1,1,False,test,55.492057251949674,0.07455031639921982,0.1647314238362014,False
bike-sharing,regression,tabpfn_2_6,2,Raw,representation,orthogonal_all__m2,2,False,validation,52.940600037273306,0.10137059688676196,0.1667192599270492,False
bike-sharing,regression,tabpfn_2_6,2,Raw,representation,orthogonal_all__m2,2,False,test,54.369911504171796,0.07549276437811951,0.1667192599270492,False
bike-sharing,regression,tabpfn_2_6,2,Raw,representation,orthogonal_all__m3,3,False,validation,52.878319130246474,0.09654816938133957,0.1674944979604333,False
bike-sharing,regression,tabpfn_2_6,2,Raw,representation,orthogonal_all__m3,3,False,test,56.02047812177073,0.0886534462740081,0.1674944979604333,False
bike-sharing,regression,tabpfn_2_6,2,Raw,representation,orthogonal_all__m4,4,False,validation,50.0734766445665,0.07717154133535782,0.1455547120422125,False
bike-sharing,regression,tabpfn_2_6,2,Raw,representation,orthogonal_all__m4,4,False,test,53.448078667215576,0.0658878744737107,0.1455547120422125,False
bike-sharing,regression,tabpfn_2_6,2,Raw,representation,orthogonal_all__m5,5,False,validation,50.79406559124555,0.08916152985927912,0.1673574021551758,False
bike-sharing,regression,tabpfn_2_6,2,Raw,representation,orthogonal_all__m5,5,False,test,54.147348264333395,0.08060619244763678,0.1673574021551758,False
bike-sharing,regression,tabpfn_2_6,2,Raw,representation,orthogonal_all__m6,6,False,validation,53.18493490365267,0.0986790731012665,0.1693133800290525,False
bike-sharing,regression,tabpfn_2_6,2,Raw,representation,orthogonal_all__m6,6,False,test,55.70656098471579,0.08593426946051222,0.1693133800290525,False
bike-sharing,regression,tabpfn_2_6,2,Raw,representation,orthogonal_all__m7,7,False,validation,54.141685337460416,0.0978780918099821,0.1649994479957968,False
bike-sharing,regression,tabpfn_2_6,2,Raw,representation,orthogonal_all__m7,7,False,test,54.9950664915467,0.07865880428011561,0.1649994479957968,False
bike-sharing,regression,tabpfn_2_6,2,PCA,representation,pca__v1__rbf_reference,-1,True,validation,50.742633209150256,0.0,0.26904912618920207,False
bike-sharing,regression,tabpfn_2_6,2,PCA,representation,pca__v1__rbf_reference,-1,True,test,57.03223288426205,0.0,0.26904912618920207,False
bike-sharing,regression,tabpfn_2_6,2,PCA,representation,pca__v1__orthogonal_all__m0,0,False,validation,50.742633209150256,0.0,0.0,True
bike-sharing,regression,tabpfn_2_6,2,PCA,representation,pca__v1__orthogonal_all__m0,0,False,test,57.03223288426205,0.0,0.0,True
bike-sharing,regression,tabpfn_2_6,2,PCA,representation,pca__v1__orthogonal_all__m1,1,False,validation,50.742633209150256,0.0,0.0,True
bike-sharing,regression,tabpfn_2_6,2,PCA,representation,pca__v1__orthogonal_all__m1,1,False,test,57.03223288426205,0.0,0.0,True
bike-sharing,regression,tabpfn_2_6,2,PCA,representation,pca__v1__orthogonal_all__m2,2,False,validation,50.742633209150256,0.0,0.0,True
bike-sharing,regression,tabpfn_2_6,2,PCA,representation,pca__v1__orthogonal_all__m2,2,False,test,57.03223288426205,0.0,0.0,True
bike-sharing,regression,tabpfn_2_6,2,PCA,representation,pca__v1__orthogonal_all__m3,3,False,validation,50.742633209150256,0.0,0.0,True
bike-sharing,regression,tabpfn_2_6,2,PCA,representation,pca__v1__orthogonal_all__m3,3,False,test,57.03223288426205,0.0,0.0,True
bike-sharing,regression,tabpfn_2_6,2,PCA,representation,pca__v1__orthogonal_all__m4,4,False,validation,50.742633209150256,0.0,0.0,True
bike-sharing,regression,tabpfn_2_6,2,PCA,representation,pca__v1__orthogonal_all__m4,4,False,test,57.03223288426205,0.0,0.0,True
bike-sharing,regression,tabpfn_2_6,2,PCA,representation,pca__v1__orthogonal_all__m5,5,False,validation,50.742633209150256,0.0,0.0,True
bike-sharing,regression,tabpfn_2_6,2,PCA,representation,pca__v1__orthogonal_all__m5,5,False,test,57.03223288426205,0.0,0.0,True
bike-sharing,regression,tabpfn_2_6,2,PCA,representation,pca__v1__orthogonal_all__m6,6,False,validation,50.742633209150256,0.0,0.0,True
bike-sharing,regression,tabpfn_2_6,2,PCA,representation,pca__v1__orthogonal_all__m6,6,False,test,57.03223288426205,0.0,0.0,True
bike-sharing,regression,tabpfn_2_6,2,PCA,representation,pca__v1__orthogonal_all__m7,7,False,validation,50.742633209150256,0.0,0.0,True
bike-sharing,regression,tabpfn_2_6,2,PCA,representation,pca__v1__orthogonal_all__m7,7,False,test,57.03223288426205,0.0,0.0,True
bike-sharing,regression,tabpfn_2_6,2,GramAnchor,representation,gram_anchor__pivot_tie_v2__rbf_reference,-1,True,validation,51.79864616707149,0.0,0.31627695308998227,False
bike-sharing,regression,tabpfn_2_6,2,GramAnchor,representation,gram_anchor__pivot_tie_v2__rbf_reference,-1,True,test,53.455285564182354,0.0,0.31627695308998227,False
bike-sharing,regression,tabpfn_2_6,2,GramAnchor,representation,gram_anchor__pivot_tie_v2__orthogonal_all__m0,0,False,validation,51.79864616707149,0.0,0.0,True
bike-sharing,regression,tabpfn_2_6,2,GramAnchor,representation,gram_anchor__pivot_tie_v2__orthogonal_all__m0,0,False,test,53.455285564182354,0.0,0.0,True
bike-sharing,regression,tabpfn_2_6,2,GramAnchor,representation,gram_anchor__pivot_tie_v2__orthogonal_all__m1,1,False,validation,51.79864616707149,0.0,0.0,True
bike-sharing,regression,tabpfn_2_6,2,GramAnchor,representation,gram_anchor__pivot_tie_v2__orthogonal_all__m1,1,False,test,53.455285564182354,0.0,0.0,True
bike-sharing,regression,tabpfn_2_6,2,GramAnchor,representation,gram_anchor__pivot_tie_v2__orthogonal_all__m2,2,False,validation,51.79864616707149,0.0,0.0,True
bike-sharing,regression,tabpfn_2_6,2,GramAnchor,representation,gram_anchor__pivot_tie_v2__orthogonal_all__m2,2,False,test,53.455285564182354,0.0,0.0,True
bike-sharing,regression,tabpfn_2_6,2,GramAnchor,representation,gram_anchor__pivot_tie_v2__orthogonal_all__m3,3,False,validation,51.79864616707149,0.0,0.0,True
bike-sharing,regression,tabpfn_2_6,2,GramAnchor,representation,gram_anchor__pivot_tie_v2__orthogonal_all__m3,3,False,test,53.455285564182354,0.0,0.0,True
bike-sharing,regression,tabpfn_2_6,2,GramAnchor,representation,gram_anchor__pivot_tie_v2__orthogonal_all__m4,4,False,validation,51.79864616707149,0.0,0.0,True
bike-sharing,regression,tabpfn_2_6,2,GramAnchor,representation,gram_anchor__pivot_tie_v2__orthogonal_all__m4,4,False,test,53.455285564182354,0.0,0.0,True
bike-sharing,regression,tabpfn_2_6,2,GramAnchor,representation,gram_anchor__pivot_tie_v2__orthogonal_all__m5,5,False,validation,51.79864616707149,0.0,0.0,True
bike-sharing,regression,tabpfn_2_6,2,GramAnchor,representation,gram_anchor__pivot_tie_v2__orthogonal_all__m5,5,False,test,53.455285564182354,0.0,0.0,True
bike-sharing,regression,tabpfn_2_6,2,GramAnchor,representation,gram_anchor__pivot_tie_v2__orthogonal_all__m6,6,False,validation,51.79864616707149,0.0,0.0,True
bike-sharing,regression,tabpfn_2_6,2,GramAnchor,representation,gram_anchor__pivot_tie_v2__orthogonal_all__m6,6,False,test,53.455285564182354,0.0,0.0,True
bike-sharing,regression,tabpfn_2_6,2,GramAnchor,representation,gram_anchor__pivot_tie_v2__orthogonal_all__m7,7,False,validation,51.79864616707149,0.0,0.0,True
bike-sharing,regression,tabpfn_2_6,2,GramAnchor,representation,gram_anchor__pivot_tie_v2__orthogonal_all__m7,7,False,test,53.455285564182354,0.0,0.0,True
bike-sharing,regression,tabpfn_2_6,2,GramAnchor-m8,representation,gram_anchor__pivot_tie_v2__rbf_reference,-1,True,validation,49.97475523093456,0.0,1.405105713987723,False
bike-sharing,regression,tabpfn_2_6,2,GramAnchor-m8,representation,gram_anchor__pivot_tie_v2__rbf_reference,-1,True,test,56.07823233039425,0.0,1.405105713987723,False
bike-sharing,regression,tabpfn_2_6,2,GramAnchor-m8,representation,gram_anchor__pivot_tie_v2__orthogonal_all__m0,0,False,validation,49.97475523093456,0.0,0.0,True
bike-sharing,regression,tabpfn_2_6,2,GramAnchor-m8,representation,gram_anchor__pivot_tie_v2__orthogonal_all__m0,0,False,test,56.07823233039425,0.0,0.0,True
bike-sharing,regression,tabpfn_2_6,2,GramAnchor-m8,representation,gram_anchor__pivot_tie_v2__orthogonal_all__m1,1,False,validation,49.97475523093456,0.0,0.0,True
bike-sharing,regression,tabpfn_2_6,2,GramAnchor-m8,representation,gram_anchor__pivot_tie_v2__orthogonal_all__m1,1,False,test,56.07823233039425,0.0,0.0,True
bike-sharing,regression,tabpfn_2_6,2,GramAnchor-m8,representation,gram_anchor__pivot_tie_v2__orthogonal_all__m2,2,False,validation,49.97475523093456,0.0,0.0,True
bike-sharing,regression,tabpfn_2_6,2,GramAnchor-m8,representation,gram_anchor__pivot_tie_v2__orthogonal_all__m2,2,False,test,56.07823233039425,0.0,0.0,True
bike-sharing,regression,tabpfn_2_6,2,GramAnchor-m8,representation,gram_anchor__pivot_tie_v2__orthogonal_all__m3,3,False,validation,49.97475523093456,0.0,0.0,True
bike-sharing,regression,tabpfn_2_6,2,GramAnchor-m8,representation,gram_anchor__pivot_tie_v2__orthogonal_all__m3,3,False,test,56.07823233039425,0.0,0.0,True
bike-sharing,regression,tabpfn_2_6,2,GramAnchor-m8,representation,gram_anchor__pivot_tie_v2__orthogonal_all__m4,4,False,validation,49.97475523093456,0.0,0.0,True
bike-sharing,regression,tabpfn_2_6,2,GramAnchor-m8,representation,gram_anchor__pivot_tie_v2__orthogonal_all__m4,4,False,test,56.07823233039425,0.0,0.0,True
bike-sharing,regression,tabpfn_2_6,2,GramAnchor-m8,representation,gram_anchor__pivot_tie_v2__orthogonal_all__m5,5,False,validation,49.97475523093456,0.0,0.0,True
bike-sharing,regression,tabpfn_2_6,2,GramAnchor-m8,representation,gram_anchor__pivot_tie_v2__orthogonal_all__m5,5,False,test,56.07823233039425,0.0,0.0,True
bike-sharing,regression,tabpfn_2_6,2,GramAnchor-m8,representation,gram_anchor__pivot_tie_v2__orthogonal_all__m6,6,False,validation,49.97475523093456,0.0,0.0,True
bike-sharing,regression,tabpfn_2_6,2,GramAnchor-m8,representation,gram_anchor__pivot_tie_v2__orthogonal_all__m6,6,False,test,56.07823233039425,0.0,0.0,True
bike-sharing,regression,tabpfn_2_6,2,GramAnchor-m8,representation,gram_anchor__pivot_tie_v2__orthogonal_all__m7,7,False,validation,49.97475523093456,0.0,0.0,True
bike-sharing,regression,tabpfn_2_6,2,GramAnchor-m8,representation,gram_anchor__pivot_tie_v2__orthogonal_all__m7,7,False,test,56.07823233039425,0.0,0.0,True
bike-sharing,regression,tabpfn_2_6,2,GramDistance,representation,gram_distance__pivot_tie_v2__rbf_reference,-1,True,validation,51.75062966959867,0.0,0.403936340007931,False
bike-sharing,regression,tabpfn_2_6,2,GramDistance,representation,gram_distance__pivot_tie_v2__rbf_reference,-1,True,test,55.986666611643464,0.0,0.403936340007931,False
bike-sharing,regression,tabpfn_2_6,2,GramDistance,representation,gram_distance__pivot_tie_v2__orthogonal_all__m0,0,False,validation,51.75062966959867,0.0,0.0,True
bike-sharing,regression,tabpfn_2_6,2,GramDistance,representation,gram_distance__pivot_tie_v2__orthogonal_all__m0,0,False,test,55.986666611643464,0.0,0.0,True
bike-sharing,regression,tabpfn_2_6,2,GramDistance,representation,gram_distance__pivot_tie_v2__orthogonal_all__m1,1,False,validation,51.75062966959867,0.0,0.0,True
bike-sharing,regression,tabpfn_2_6,2,GramDistance,representation,gram_distance__pivot_tie_v2__orthogonal_all__m1,1,False,test,55.986666611643464,0.0,0.0,True
bike-sharing,regression,tabpfn_2_6,2,GramDistance,representation,gram_distance__pivot_tie_v2__orthogonal_all__m2,2,False,validation,51.75062966959867,0.0,0.0,True
bike-sharing,regression,tabpfn_2_6,2,GramDistance,representation,gram_distance__pivot_tie_v2__orthogonal_all__m2,2,False,test,55.986666611643464,0.0,0.0,True
bike-sharing,regression,tabpfn_2_6,2,GramDistance,representation,gram_distance__pivot_tie_v2__orthogonal_all__m3,3,False,validation,51.75062966959867,0.0,0.0,True
bike-sharing,regression,tabpfn_2_6,2,GramDistance,representation,gram_distance__pivot_tie_v2__orthogonal_all__m3,3,False,test,55.986666611643464,0.0,0.0,True
bike-sharing,regression,tabpfn_2_6,2,GramDistance,representation,gram_distance__pivot_tie_v2__orthogonal_all__m4,4,False,validation,51.75062966959867,0.0,0.0,True
bike-sharing,regression,tabpfn_2_6,2,GramDistance,representation,gram_distance__pivot_tie_v2__orthogonal_all__m4,4,False,test,55.986666611643464,0.0,0.0,True
bike-sharing,regression,tabpfn_2_6,2,GramDistance,representation,gram_distance__pivot_tie_v2__orthogonal_all__m5,5,False,validation,51.75062966959867,0.0,0.0,True
bike-sharing,regression,tabpfn_2_6,2,GramDistance,representation,gram_distance__pivot_tie_v2__orthogonal_all__m5,5,False,test,55.986666611643464,0.0,0.0,True
bike-sharing,regression,tabpfn_2_6,2,GramDistance,representation,gram_distance__pivot_tie_v2__orthogonal_all__m6,6,False,validation,51.75062966959867,0.0,0.0,True
bike-sharing,regression,tabpfn_2_6,2,GramDistance,representation,gram_distance__pivot_tie_v2__orthogonal_all__m6,6,False,test,55.986666611643464,0.0,0.0,True
bike-sharing,regression,tabpfn_2_6,2,GramDistance,representation,gram_distance__pivot_tie_v2__orthogonal_all__m7,7,False,validation,51.75062966959867,0.0,0.0,True
bike-sharing,regression,tabpfn_2_6,2,GramDistance,representation,gram_distance__pivot_tie_v2__orthogonal_all__m7,7,False,test,55.986666611643464,0.0,0.0,True
bike-sharing,regression,tabpfn_2_6,2,NystromGram,representation,nystrom_gram__nystrom_degeneracy_v3__rbf_reference,-1,True,validation,52.1480662640227,0.0,0.2859988601412624,False
bike-sharing,regression,tabpfn_2_6,2,NystromGram,representation,nystrom_gram__nystrom_degeneracy_v3__rbf_reference,-1,True,test,54.73156228627059,0.0,0.2859988601412624,False
bike-sharing,regression,tabpfn_2_6,2,NystromGram,representation,nystrom_gram__nystrom_degeneracy_v3__orthogonal_all__m0,0,False,validation,52.1480662640227,0.0,0.0,True
bike-sharing,regression,tabpfn_2_6,2,NystromGram,representation,nystrom_gram__nystrom_degeneracy_v3__orthogonal_all__m0,0,False,test,54.73156228627059,0.0,0.0,True
bike-sharing,regression,tabpfn_2_6,2,NystromGram,representation,nystrom_gram__nystrom_degeneracy_v3__orthogonal_all__m1,1,False,validation,52.1480662640227,0.0,0.0,True
bike-sharing,regression,tabpfn_2_6,2,NystromGram,representation,nystrom_gram__nystrom_degeneracy_v3__orthogonal_all__m1,1,False,test,54.73156228627059,0.0,0.0,True
bike-sharing,regression,tabpfn_2_6,2,NystromGram,representation,nystrom_gram__nystrom_degeneracy_v3__orthogonal_all__m2,2,False,validation,52.1480662640227,0.0,0.0,True
bike-sharing,regression,tabpfn_2_6,2,NystromGram,representation,nystrom_gram__nystrom_degeneracy_v3__orthogonal_all__m2,2,False,test,54.73156228627059,0.0,0.0,True
bike-sharing,regression,tabpfn_2_6,2,NystromGram,representation,nystrom_gram__nystrom_degeneracy_v3__orthogonal_all__m3,3,False,validation,52.1480662640227,0.0,0.0,True
bike-sharing,regression,tabpfn_2_6,2,NystromGram,representation,nystrom_gram__nystrom_degeneracy_v3__orthogonal_all__m3,3,False,test,54.73156228627059,0.0,0.0,True
bike-sharing,regression,tabpfn_2_6,2,NystromGram,representation,nystrom_gram__nystrom_degeneracy_v3__orthogonal_all__m4,4,False,validation,52.1480662640227,0.0,0.0,True
bike-sharing,regression,tabpfn_2_6,2,NystromGram,representation,nystrom_gram__nystrom_degeneracy_v3__orthogonal_all__m4,4,False,test,54.73156228627059,0.0,0.0,True
bike-sharing,regression,tabpfn_2_6,2,NystromGram,representation,nystrom_gram__nystrom_degeneracy_v3__orthogonal_all__m5,5,False,validation,52.1480662640227,0.0,0.0,True
bike-sharing,regression,tabpfn_2_6,2,NystromGram,representation,nystrom_gram__nystrom_degeneracy_v3__orthogonal_all__m5,5,False,test,54.73156228627059,0.0,0.0,True
bike-sharing,regression,tabpfn_2_6,2,NystromGram,representation,nystrom_gram__nystrom_degeneracy_v3__orthogonal_all__m6,6,False,validation,52.1480662640227,0.0,0.0,True
bike-sharing,regression,tabpfn_2_6,2,NystromGram,representation,nystrom_gram__nystrom_degeneracy_v3__orthogonal_all__m6,6,False,test,54.73156228627059,0.0,0.0,True
bike-sharing,regression,tabpfn_2_6,2,NystromGram,representation,nystrom_gram__nystrom_degeneracy_v3__orthogonal_all__m7,7,False,validation,52.1480662640227,0.0,0.0,True
bike-sharing,regression,tabpfn_2_6,2,NystromGram,representation,nystrom_gram__nystrom_degeneracy_v3__orthogonal_all__m7,7,False,test,54.73156228627059,0.0,0.0,True
bike-sharing,regression,tabpfn_2_6,2,HybridSpectral-t0.01,representation,hybrid_spectral__pivot_tie_v2__rbf_reference,-1,True,validation,52.0110798671528,0.0,0.2851378130726516,False
bike-sharing,regression,tabpfn_2_6,2,HybridSpectral-t0.01,representation,hybrid_spectral__pivot_tie_v2__rbf_reference,-1,True,test,55.38493146437216,0.0,0.2851378130726516,False
bike-sharing,regression,tabpfn_2_6,2,HybridSpectral-t0.01,representation,hybrid_spectral__pivot_tie_v2__orthogonal_all__m0,0,False,validation,52.0110798671528,0.0,0.0,True
bike-sharing,regression,tabpfn_2_6,2,HybridSpectral-t0.01,representation,hybrid_spectral__pivot_tie_v2__orthogonal_all__m0,0,False,test,55.38493146437216,0.0,0.0,True
bike-sharing,regression,tabpfn_2_6,2,HybridSpectral-t0.01,representation,hybrid_spectral__pivot_tie_v2__orthogonal_all__m1,1,False,validation,52.0110798671528,0.0,0.0,True
bike-sharing,regression,tabpfn_2_6,2,HybridSpectral-t0.01,representation,hybrid_spectral__pivot_tie_v2__orthogonal_all__m1,1,False,test,55.38493146437216,0.0,0.0,True
bike-sharing,regression,tabpfn_2_6,2,HybridSpectral-t0.01,representation,hybrid_spectral__pivot_tie_v2__orthogonal_all__m2,2,False,validation,52.0110798671528,0.0,0.0,True
bike-sharing,regression,tabpfn_2_6,2,HybridSpectral-t0.01,representation,hybrid_spectral__pivot_tie_v2__orthogonal_all__m2,2,False,test,55.38493146437216,0.0,0.0,True
bike-sharing,regression,tabpfn_2_6,2,HybridSpectral-t0.01,representation,hybrid_spectral__pivot_tie_v2__orthogonal_all__m3,3,False,validation,52.0110798671528,0.0,0.0,True
bike-sharing,regression,tabpfn_2_6,2,HybridSpectral-t0.01,representation,hybrid_spectral__pivot_tie_v2__orthogonal_all__m3,3,False,test,55.38493146437216,0.0,0.0,True
bike-sharing,regression,tabpfn_2_6,2,HybridSpectral-t0.01,representation,hybrid_spectral__pivot_tie_v2__orthogonal_all__m4,4,False,validation,52.0110798671528,0.0,0.0,True
bike-sharing,regression,tabpfn_2_6,2,HybridSpectral-t0.01,representation,hybrid_spectral__pivot_tie_v2__orthogonal_all__m4,4,False,test,55.38493146437216,0.0,0.0,True
bike-sharing,regression,tabpfn_2_6,2,HybridSpectral-t0.01,representation,hybrid_spectral__pivot_tie_v2__orthogonal_all__m5,5,False,validation,52.0110798671528,0.0,0.0,True
bike-sharing,regression,tabpfn_2_6,2,HybridSpectral-t0.01,representation,hybrid_spectral__pivot_tie_v2__orthogonal_all__m5,5,False,test,55.38493146437216,0.0,0.0,True
bike-sharing,regression,tabpfn_2_6,2,HybridSpectral-t0.01,representation,hybrid_spectral__pivot_tie_v2__orthogonal_all__m6,6,False,validation,52.0110798671528,0.0,0.0,True
bike-sharing,regression,tabpfn_2_6,2,HybridSpectral-t0.01,representation,hybrid_spectral__pivot_tie_v2__orthogonal_all__m6,6,False,test,55.38493146437216,0.0,0.0,True
bike-sharing,regression,tabpfn_2_6,2,HybridSpectral-t0.01,representation,hybrid_spectral__pivot_tie_v2__orthogonal_all__m7,7,False,validation,52.0110798671528,0.0,0.0,True
bike-sharing,regression,tabpfn_2_6,2,HybridSpectral-t0.01,representation,hybrid_spectral__pivot_tie_v2__orthogonal_all__m7,7,False,test,55.38493146437216,0.0,0.0,True
bike-sharing,regression,tabpfn_2_6,2,HybridSpectral-t0.05,representation,hybrid_spectral__pivot_tie_v2__rbf_reference,-1,True,validation,51.29978360527614,0.0,0.24313262314535677,False
bike-sharing,regression,tabpfn_2_6,2,HybridSpectral-t0.05,representation,hybrid_spectral__pivot_tie_v2__rbf_reference,-1,True,test,54.97697576101558,0.0,0.24313262314535677,False
bike-sharing,regression,tabpfn_2_6,2,HybridSpectral-t0.05,representation,hybrid_spectral__pivot_tie_v2__orthogonal_all__m0,0,False,validation,51.29978360527614,0.0,0.0,True
bike-sharing,regression,tabpfn_2_6,2,HybridSpectral-t0.05,representation,hybrid_spectral__pivot_tie_v2__orthogonal_all__m0,0,False,test,54.97697576101558,0.0,0.0,True
bike-sharing,regression,tabpfn_2_6,2,HybridSpectral-t0.05,representation,hybrid_spectral__pivot_tie_v2__orthogonal_all__m1,1,False,validation,51.29978360527614,0.0,0.0,True
bike-sharing,regression,tabpfn_2_6,2,HybridSpectral-t0.05,representation,hybrid_spectral__pivot_tie_v2__orthogonal_all__m1,1,False,test,54.97697576101558,0.0,0.0,True
bike-sharing,regression,tabpfn_2_6,2,HybridSpectral-t0.05,representation,hybrid_spectral__pivot_tie_v2__orthogonal_all__m2,2,False,validation,51.29978360527614,0.0,0.0,True
bike-sharing,regression,tabpfn_2_6,2,HybridSpectral-t0.05,representation,hybrid_spectral__pivot_tie_v2__orthogonal_all__m2,2,False,test,54.97697576101558,0.0,0.0,True
bike-sharing,regression,tabpfn_2_6,2,HybridSpectral-t0.05,representation,hybrid_spectral__pivot_tie_v2__orthogonal_all__m3,3,False,validation,51.29978360527614,0.0,0.0,True
bike-sharing,regression,tabpfn_2_6,2,HybridSpectral-t0.05,representation,hybrid_spectral__pivot_tie_v2__orthogonal_all__m3,3,False,test,54.97697576101558,0.0,0.0,True
bike-sharing,regression,tabpfn_2_6,2,HybridSpectral-t0.05,representation,hybrid_spectral__pivot_tie_v2__orthogonal_all__m4,4,False,validation,51.29978360527614,0.0,0.0,True
bike-sharing,regression,tabpfn_2_6,2,HybridSpectral-t0.05,representation,hybrid_spectral__pivot_tie_v2__orthogonal_all__m4,4,False,test,54.97697576101558,0.0,0.0,True
bike-sharing,regression,tabpfn_2_6,2,HybridSpectral-t0.05,representation,hybrid_spectral__pivot_tie_v2__orthogonal_all__m5,5,False,validation,51.29978360527614,0.0,0.0,True
bike-sharing,regression,tabpfn_2_6,2,HybridSpectral-t0.05,representation,hybrid_spectral__pivot_tie_v2__orthogonal_all__m5,5,False,test,54.97697576101558,0.0,0.0,True
bike-sharing,regression,tabpfn_2_6,2,HybridSpectral-t0.05,representation,hybrid_spectral__pivot_tie_v2__orthogonal_all__m6,6,False,validation,51.29978360527614,0.0,0.0,True
bike-sharing,regression,tabpfn_2_6,2,HybridSpectral-t0.05,representation,hybrid_spectral__pivot_tie_v2__orthogonal_all__m6,6,False,test,54.97697576101558,0.0,0.0,True
bike-sharing,regression,tabpfn_2_6,2,HybridSpectral-t0.05,representation,hybrid_spectral__pivot_tie_v2__orthogonal_all__m7,7,False,validation,51.29978360527614,0.0,0.0,True
bike-sharing,regression,tabpfn_2_6,2,HybridSpectral-t0.05,representation,hybrid_spectral__pivot_tie_v2__orthogonal_all__m7,7,False,test,54.97697576101558,0.0,0.0,True
bike-sharing,regression,tabpfn_2_6,2,HybridSpectral-t0.10,representation,hybrid_spectral__pivot_tie_v2__rbf_reference,-1,True,validation,51.29978360527614,0.0,0.29274523281492293,False
bike-sharing,regression,tabpfn_2_6,2,HybridSpectral-t0.10,representation,hybrid_spectral__pivot_tie_v2__rbf_reference,-1,True,test,54.97697576101558,0.0,0.29274523281492293,False
bike-sharing,regression,tabpfn_2_6,2,HybridSpectral-t0.10,representation,hybrid_spectral__pivot_tie_v2__orthogonal_all__m0,0,False,validation,51.29978360527614,0.0,0.0,True
bike-sharing,regression,tabpfn_2_6,2,HybridSpectral-t0.10,representation,hybrid_spectral__pivot_tie_v2__orthogonal_all__m0,0,False,test,54.97697576101558,0.0,0.0,True
bike-sharing,regression,tabpfn_2_6,2,HybridSpectral-t0.10,representation,hybrid_spectral__pivot_tie_v2__orthogonal_all__m1,1,False,validation,51.29978360527614,0.0,0.0,True
bike-sharing,regression,tabpfn_2_6,2,HybridSpectral-t0.10,representation,hybrid_spectral__pivot_tie_v2__orthogonal_all__m1,1,False,test,54.97697576101558,0.0,0.0,True
bike-sharing,regression,tabpfn_2_6,2,HybridSpectral-t0.10,representation,hybrid_spectral__pivot_tie_v2__orthogonal_all__m2,2,False,validation,51.29978360527614,0.0,0.0,True
bike-sharing,regression,tabpfn_2_6,2,HybridSpectral-t0.10,representation,hybrid_spectral__pivot_tie_v2__orthogonal_all__m2,2,False,test,54.97697576101558,0.0,0.0,True
bike-sharing,regression,tabpfn_2_6,2,HybridSpectral-t0.10,representation,hybrid_spectral__pivot_tie_v2__orthogonal_all__m3,3,False,validation,51.29978360527614,0.0,0.0,True
bike-sharing,regression,tabpfn_2_6,2,HybridSpectral-t0.10,representation,hybrid_spectral__pivot_tie_v2__orthogonal_all__m3,3,False,test,54.97697576101558,0.0,0.0,True
bike-sharing,regression,tabpfn_2_6,2,HybridSpectral-t0.10,representation,hybrid_spectral__pivot_tie_v2__orthogonal_all__m4,4,False,validation,51.29978360527614,0.0,0.0,True
bike-sharing,regression,tabpfn_2_6,2,HybridSpectral-t0.10,representation,hybrid_spectral__pivot_tie_v2__orthogonal_all__m4,4,False,test,54.97697576101558,0.0,0.0,True
bike-sharing,regression,tabpfn_2_6,2,HybridSpectral-t0.10,representation,hybrid_spectral__pivot_tie_v2__orthogonal_all__m5,5,False,validation,51.29978360527614,0.0,0.0,True
bike-sharing,regression,tabpfn_2_6,2,HybridSpectral-t0.10,representation,hybrid_spectral__pivot_tie_v2__orthogonal_all__m5,5,False,test,54.97697576101558,0.0,0.0,True
bike-sharing,regression,tabpfn_2_6,2,HybridSpectral-t0.10,representation,hybrid_spectral__pivot_tie_v2__orthogonal_all__m6,6,False,validation,51.29978360527614,0.0,0.0,True
bike-sharing,regression,tabpfn_2_6,2,HybridSpectral-t0.10,representation,hybrid_spectral__pivot_tie_v2__orthogonal_all__m6,6,False,test,54.97697576101558,0.0,0.0,True
bike-sharing,regression,tabpfn_2_6,2,HybridSpectral-t0.10,representation,hybrid_spectral__pivot_tie_v2__orthogonal_all__m7,7,False,validation,51.29978360527614,0.0,0.0,True
bike-sharing,regression,tabpfn_2_6,2,HybridSpectral-t0.10,representation,hybrid_spectral__pivot_tie_v2__orthogonal_all__m7,7,False,test,54.97697576101558,0.0,0.0,True
bike-sharing,regression,tabpfn_2_6,2,Raw+PCA@0.25,hybrid_prediction_mixture,rbf_reference,-1,True,validation,50.788089100574275,0.0,0.0,False
bike-sharing,regression,tabpfn_2_6,2,Raw+PCA@0.25,hybrid_prediction_mixture,rbf_reference,-1,True,test,54.208065401749025,0.0,0.0,False
bike-sharing,regression,tabpfn_2_6,2,Raw+PCA@0.25,hybrid_prediction_mixture,orthogonal_all__m0,0,False,validation,50.38693556468848,0.05851076459722578,0.0,True
bike-sharing,regression,tabpfn_2_6,2,Raw+PCA@0.25,hybrid_prediction_mixture,orthogonal_all__m0,0,False,test,54.692301071708904,0.061607486862766854,0.0,True
bike-sharing,regression,tabpfn_2_6,2,Raw+PCA@0.25,hybrid_prediction_mixture,orthogonal_all__m1,1,False,validation,51.037533141551286,0.0859342238845604,0.0,True
bike-sharing,regression,tabpfn_2_6,2,Raw+PCA@0.25,hybrid_prediction_mixture,orthogonal_all__m1,1,False,test,55.31310528657374,0.05591273729941486,0.0,True
bike-sharing,regression,tabpfn_2_6,2,Raw+PCA@0.25,hybrid_prediction_mixture,orthogonal_all__m2,2,False,validation,51.94985246927281,0.07602794766507147,0.0,True
bike-sharing,regression,tabpfn_2_6,2,Raw+PCA@0.25,hybrid_prediction_mixture,orthogonal_all__m2,2,False,test,54.52454507384448,0.05661957328358963,0.0,True
bike-sharing,regression,tabpfn_2_6,2,Raw+PCA@0.25,hybrid_prediction_mixture,orthogonal_all__m3,3,False,validation,51.800940663264925,0.07241112703600469,0.0,True
bike-sharing,regression,tabpfn_2_6,2,Raw+PCA@0.25,hybrid_prediction_mixture,orthogonal_all__m3,3,False,test,55.605519528449804,0.06649008470550608,0.0,True
bike-sharing,regression,tabpfn_2_6,2,Raw+PCA@0.25,hybrid_prediction_mixture,orthogonal_all__m4,4,False,validation,49.748835091654435,0.05787865600151835,0.0,True
bike-sharing,regression,tabpfn_2_6,2,Raw+PCA@0.25,hybrid_prediction_mixture,orthogonal_all__m4,4,False,test,53.7700529698715,0.04941590585528303,0.0,True
bike-sharing,regression,tabpfn_2_6,2,Raw+PCA@0.25,hybrid_prediction_mixture,orthogonal_all__m5,5,False,validation,50.26850481994044,0.06687114739445935,0.0,True
bike-sharing,regression,tabpfn_2_6,2,Raw+PCA@0.25,hybrid_prediction_mixture,orthogonal_all__m5,5,False,test,54.33590701855829,0.06045464433572758,0.0,True
bike-sharing,regression,tabpfn_2_6,2,Raw+PCA@0.25,hybrid_prediction_mixture,orthogonal_all__m6,6,False,validation,52.12047190971997,0.07400930482594988,0.0,True
bike-sharing,regression,tabpfn_2_6,2,Raw+PCA@0.25,hybrid_prediction_mixture,orthogonal_all__m6,6,False,test,55.442796257950924,0.06445070209538417,0.0,True
bike-sharing,regression,tabpfn_2_6,2,Raw+PCA@0.25,hybrid_prediction_mixture,orthogonal_all__m7,7,False,validation,52.88776722011045,0.07340856885748658,0.0,True
bike-sharing,regression,tabpfn_2_6,2,Raw+PCA@0.25,hybrid_prediction_mixture,orthogonal_all__m7,7,False,test,54.976418823129045,0.058994103210086704,0.0,True
bike-sharing,regression,tabpfn_2_6,2,Raw+PCA@0.5,hybrid_prediction_mixture,rbf_reference,-1,True,validation,50.21054018379893,0.0,0.0,False
bike-sharing,regression,tabpfn_2_6,2,Raw+PCA@0.5,hybrid_prediction_mixture,rbf_reference,-1,True,test,54.76500506635471,0.0,0.0,False
bike-sharing,regression,tabpfn_2_6,2,Raw+PCA@0.5,hybrid_prediction_mixture,orthogonal_all__m0,0,False,validation,50.02023199432109,0.03900717639815052,0.0,True
bike-sharing,regression,tabpfn_2_6,2,Raw+PCA@0.5,hybrid_prediction_mixture,orthogonal_all__m0,0,False,test,54.947014522508546,0.04107165790851125,0.0,True
bike-sharing,regression,tabpfn_2_6,2,Raw+PCA@0.5,hybrid_prediction_mixture,orthogonal_all__m1,1,False,validation,50.447544372787156,0.05728948258970693,0.0,True
bike-sharing,regression,tabpfn_2_6,2,Raw+PCA@0.5,hybrid_prediction_mixture,orthogonal_all__m1,1,False,test,55.514093203366606,0.037275158199609915,0.0,True
bike-sharing,regression,tabpfn_2_6,2,Raw+PCA@0.5,hybrid_prediction_mixture,orthogonal_all__m2,2,False,validation,51.24612310655383,0.05068529844338098,0.0,True
bike-sharing,regression,tabpfn_2_6,2,Raw+PCA@0.5,hybrid_prediction_mixture,orthogonal_all__m2,2,False,test,55.0269962244713,0.03774638218905976,0.0,True
bike-sharing,regression,tabpfn_2_6,2,Raw+PCA@0.5,hybrid_prediction_mixture,orthogonal_all__m3,3,False,validation,51.077008121186545,0.04827408469066979,0.0,True
bike-sharing,regression,tabpfn_2_6,2,Raw+PCA@0.5,hybrid_prediction_mixture,orthogonal_all__m3,3,False,test,55.6380926120163,0.044326723137004045,0.0,True
bike-sharing,regression,tabpfn_2_6,2,Raw+PCA@0.5,hybrid_prediction_mixture,orthogonal_all__m4,4,False,validation,49.75327188401707,0.0385857706676789,0.0,True
bike-sharing,regression,tabpfn_2_6,2,Raw+PCA@0.5,hybrid_prediction_mixture,orthogonal_all__m4,4,False,test,54.48598140680531,0.03294393723685535,0.0,True
bike-sharing,regression,tabpfn_2_6,2,Raw+PCA@0.5,hybrid_prediction_mixture,orthogonal_all__m5,5,False,validation,50.08340400737236,0.044580764929639555,0.0,True
bike-sharing,regression,tabpfn_2_6,2,Raw+PCA@0.5,hybrid_prediction_mixture,orthogonal_all__m5,5,False,test,54.88775811876295,0.04030309622381839,0.0,True
bike-sharing,regression,tabpfn_2_6,2,Raw+PCA@0.5,hybrid_prediction_mixture,orthogonal_all__m6,6,False,validation,51.35051388839958,0.049339536550633244,0.0,True
bike-sharing,regression,tabpfn_2_6,2,Raw+PCA@0.5,hybrid_prediction_mixture,orthogonal_all__m6,6,False,test,55.57913582262439,0.04296713473025611,0.0,True
bike-sharing,regression,tabpfn_2_6,2,Raw+PCA@0.5,hybrid_prediction_mixture,orthogonal_all__m7,7,False,validation,51.89376315076366,0.04893904590499105,0.0,True
bike-sharing,regression,tabpfn_2_6,2,Raw+PCA@0.5,hybrid_prediction_mixture,orthogonal_all__m7,7,False,test,55.31509225257388,0.039329402140057805,0.0,True
bike-sharing,regression,tabpfn_2_6,2,Raw+PCA@0.75,hybrid_prediction_mixture,rbf_reference,-1,True,validation,50.19521845473979,0.0,0.0,False
bike-sharing,regression,tabpfn_2_6,2,Raw+PCA@0.75,hybrid_prediction_mixture,rbf_reference,-1,True,test,55.7128907073817,0.0,0.0,False
bike-sharing,regression,tabpfn_2_6,2,Raw+PCA@0.75,hybrid_prediction_mixture,orthogonal_all__m0,0,False,validation,50.13994540515376,0.019503588199075262,0.0,True
bike-sharing,regression,tabpfn_2_6,2,Raw+PCA@0.75,hybrid_prediction_mixture,orthogonal_all__m0,0,False,test,55.734343111037454,0.020535828954255625,0.0,True
bike-sharing,regression,tabpfn_2_6,2,Raw+PCA@0.75,hybrid_prediction_mixture,orthogonal_all__m1,1,False,validation,50.34828443140309,0.028644741294853466,0.0,True
bike-sharing,regression,tabpfn_2_6,2,Raw+PCA@0.75,hybrid_prediction_mixture,orthogonal_all__m1,1,False,test,56.090936890901645,0.018637579099804957,0.0,True
bike-sharing,regression,tabpfn_2_6,2,Raw+PCA@0.75,hybrid_prediction_mixture,orthogonal_all__m2,2,False,validation,50.84133178748487,0.025342649221690484,0.0,True
bike-sharing,regression,tabpfn_2_6,2,Raw+PCA@0.75,hybrid_prediction_mixture,orthogonal_all__m2,2,False,test,55.86788138909791,0.01887319109452988,0.0,True
bike-sharing,regression,tabpfn_2_6,2,Raw+PCA@0.75,hybrid_prediction_mixture,orthogonal_all__m3,3,False,validation,50.72165759395268,0.024137042345334894,0.0,True
bike-sharing,regression,tabpfn_2_6,2,Raw+PCA@0.75,hybrid_prediction_mixture,orthogonal_all__m3,3,False,test,56.11741807509738,0.022163361568502023,0.0,True
bike-sharing,regression,tabpfn_2_6,2,Raw+PCA@0.75,hybrid_prediction_mixture,orthogonal_all__m4,4,False,validation,50.086699570233556,0.01929288533383945,0.0,True
bike-sharing,regression,tabpfn_2_6,2,Raw+PCA@0.75,hybrid_prediction_mixture,orthogonal_all__m4,4,False,test,55.58064261644251,0.016471968618427674,0.0,True
bike-sharing,regression,tabpfn_2_6,2,Raw+PCA@0.75,hybrid_prediction_mixture,orthogonal_all__m5,5,False,validation,50.24252620726467,0.022290382464819777,0.0,True
bike-sharing,regression,tabpfn_2_6,2,Raw+PCA@0.75,hybrid_prediction_mixture,orthogonal_all__m5,5,False,test,55.792122413314395,0.020151548111909195,0.0,True
bike-sharing,regression,tabpfn_2_6,2,Raw+PCA@0.75,hybrid_prediction_mixture,orthogonal_all__m6,6,False,validation,50.888430455636986,0.024669768275316622,0.0,True
bike-sharing,regression,tabpfn_2_6,2,Raw+PCA@0.75,hybrid_prediction_mixture,orthogonal_all__m6,6,False,test,56.11266329814579,0.021483567365128055,0.0,True
bike-sharing,regression,tabpfn_2_6,2,Raw+PCA@0.75,hybrid_prediction_mixture,orthogonal_all__m7,7,False,validation,51.174820844214786,0.024469522952495524,0.0,True
bike-sharing,regression,tabpfn_2_6,2,Raw+PCA@0.75,hybrid_prediction_mixture,orthogonal_all__m7,7,False,test,56.00460473294697,0.019664701070028906,0.0,True
bike-sharing,regression,tabpfn_2_6,2,Raw+PCA@1,hybrid_prediction_mixture,rbf_reference,-1,True,validation,50.742633209150256,0.0,0.0,False
bike-sharing,regression,tabpfn_2_6,2,Raw+PCA@1,hybrid_prediction_mixture,rbf_reference,-1,True,test,57.03223288426205,0.0,0.0,False
bike-sharing,regression,tabpfn_2_6,2,Raw+PCA@1,hybrid_prediction_mixture,orthogonal_all__m0,0,False,validation,50.742633209150256,0.0,0.0,True
bike-sharing,regression,tabpfn_2_6,2,Raw+PCA@1,hybrid_prediction_mixture,orthogonal_all__m0,0,False,test,57.03223288426205,0.0,0.0,True
bike-sharing,regression,tabpfn_2_6,2,Raw+PCA@1,hybrid_prediction_mixture,orthogonal_all__m1,1,False,validation,50.742633209150256,0.0,0.0,True
bike-sharing,regression,tabpfn_2_6,2,Raw+PCA@1,hybrid_prediction_mixture,orthogonal_all__m1,1,False,test,57.03223288426205,0.0,0.0,True
bike-sharing,regression,tabpfn_2_6,2,Raw+PCA@1,hybrid_prediction_mixture,orthogonal_all__m2,2,False,validation,50.742633209150256,0.0,0.0,True
bike-sharing,regression,tabpfn_2_6,2,Raw+PCA@1,hybrid_prediction_mixture,orthogonal_all__m2,2,False,test,57.03223288426205,0.0,0.0,True
bike-sharing,regression,tabpfn_2_6,2,Raw+PCA@1,hybrid_prediction_mixture,orthogonal_all__m3,3,False,validation,50.742633209150256,0.0,0.0,True
bike-sharing,regression,tabpfn_2_6,2,Raw+PCA@1,hybrid_prediction_mixture,orthogonal_all__m3,3,False,test,57.03223288426205,0.0,0.0,True
bike-sharing,regression,tabpfn_2_6,2,Raw+PCA@1,hybrid_prediction_mixture,orthogonal_all__m4,4,False,validation,50.742633209150256,0.0,0.0,True
bike-sharing,regression,tabpfn_2_6,2,Raw+PCA@1,hybrid_prediction_mixture,orthogonal_all__m4,4,False,test,57.03223288426205,0.0,0.0,True
bike-sharing,regression,tabpfn_2_6,2,Raw+PCA@1,hybrid_prediction_mixture,orthogonal_all__m5,5,False,validation,50.742633209150256,0.0,0.0,True
bike-sharing,regression,tabpfn_2_6,2,Raw+PCA@1,hybrid_prediction_mixture,orthogonal_all__m5,5,False,test,57.03223288426205,0.0,0.0,True
bike-sharing,regression,tabpfn_2_6,2,Raw+PCA@1,hybrid_prediction_mixture,orthogonal_all__m6,6,False,validation,50.742633209150256,0.0,0.0,True
bike-sharing,regression,tabpfn_2_6,2,Raw+PCA@1,hybrid_prediction_mixture,orthogonal_all__m6,6,False,test,57.03223288426205,0.0,0.0,True
bike-sharing,regression,tabpfn_2_6,2,Raw+PCA@1,hybrid_prediction_mixture,orthogonal_all__m7,7,False,validation,50.742633209150256,0.0,0.0,True
bike-sharing,regression,tabpfn_2_6,2,Raw+PCA@1,hybrid_prediction_mixture,orthogonal_all__m7,7,False,test,57.03223288426205,0.0,0.0,True
bike-sharing,regression,tabpfn_2_6,2,Raw+GramAnchor@0.25,hybrid_prediction_mixture,rbf_reference,-1,True,validation,51.52095395319897,0.0,0.0,False
bike-sharing,regression,tabpfn_2_6,2,Raw+GramAnchor@0.25,hybrid_prediction_mixture,rbf_reference,-1,True,test,53.572183926001124,0.0,0.0,False
bike-sharing,regression,tabpfn_2_6,2,Raw+GramAnchor@0.25,hybrid_prediction_mixture,orthogonal_all__m0,0,False,validation,50.942265694764544,0.05851076459722578,0.0,True
bike-sharing,regression,tabpfn_2_6,2,Raw+GramAnchor@0.25,hybrid_prediction_mixture,orthogonal_all__m0,0,False,test,54.07238259299906,0.061607486862766854,0.0,True
bike-sharing,regression,tabpfn_2_6,2,Raw+GramAnchor@0.25,hybrid_prediction_mixture,orthogonal_all__m1,1,False,validation,51.313999799156306,0.0859342238845604,0.0,True
bike-sharing,regression,tabpfn_2_6,2,Raw+GramAnchor@0.25,hybrid_prediction_mixture,orthogonal_all__m1,1,False,test,54.47121661286722,0.05591273729941486,0.0,True
bike-sharing,regression,tabpfn_2_6,2,Raw+GramAnchor@0.25,hybrid_prediction_mixture,orthogonal_all__m2,2,False,validation,52.145671234043725,0.07602794766507147,0.0,True
bike-sharing,regression,tabpfn_2_6,2,Raw+GramAnchor@0.25,hybrid_prediction_mixture,orthogonal_all__m2,2,False,test,53.61819220934681,0.05661957328358963,0.0,True
bike-sharing,regression,tabpfn_2_6,2,Raw+GramAnchor@0.25,hybrid_prediction_mixture,orthogonal_all__m3,3,False,validation,52.063820833684815,0.07241112703600469,0.0,True
bike-sharing,regression,tabpfn_2_6,2,Raw+GramAnchor@0.25,hybrid_prediction_mixture,orthogonal_all__m3,3,False,test,54.828154746204625,0.06649008470550608,0.0,True
bike-sharing,regression,tabpfn_2_6,2,Raw+GramAnchor@0.25,hybrid_prediction_mixture,orthogonal_all__m4,4,False,validation,50.142343578321025,0.05787865600151835,0.0,True
bike-sharing,regression,tabpfn_2_6,2,Raw+GramAnchor@0.25,hybrid_prediction_mixture,orthogonal_all__m4,4,False,test,53.065522067773884,0.04941590585528303,0.0,True
bike-sharing,regression,tabpfn_2_6,2,Raw+GramAnchor@0.25,hybrid_prediction_mixture,orthogonal_all__m5,5,False,validation,50.58328437959323,0.06687114739445935,0.0,True
bike-sharing,regression,tabpfn_2_6,2,Raw+GramAnchor@0.25,hybrid_prediction_mixture,orthogonal_all__m5,5,False,test,53.36434977399531,0.06045464433572758,0.0,True
bike-sharing,regression,tabpfn_2_6,2,Raw+GramAnchor@0.25,hybrid_prediction_mixture,orthogonal_all__m6,6,False,validation,52.30300869555075,0.07400930482594988,0.0,True
bike-sharing,regression,tabpfn_2_6,2,Raw+GramAnchor@0.25,hybrid_prediction_mixture,orthogonal_all__m6,6,False,test,54.423418633067705,0.06445070209538417,0.0,True
bike-sharing,regression,tabpfn_2_6,2,Raw+GramAnchor@0.25,hybrid_prediction_mixture,orthogonal_all__m7,7,False,validation,53.13636198501618,0.07340856885748658,0.0,True
bike-sharing,regression,tabpfn_2_6,2,Raw+GramAnchor@0.25,hybrid_prediction_mixture,orthogonal_all__m7,7,False,test,54.056865972318064,0.058994103210086704,0.0,True
bike-sharing,regression,tabpfn_2_6,2,Raw+GramAnchor@0.5,hybrid_prediction_mixture,rbf_reference,-1,True,validation,51.372341143061696,0.0,0.0,False
bike-sharing,regression,tabpfn_2_6,2,Raw+GramAnchor@0.5,hybrid_prediction_mixture,rbf_reference,-1,True,test,53.310009901985374,0.0,0.0,False
bike-sharing,regression,tabpfn_2_6,2,Raw+GramAnchor@0.5,hybrid_prediction_mixture,orthogonal_all__m0,0,False,validation,50.942117218899625,0.039007176398150524,0.0,True
bike-sharing,regression,tabpfn_2_6,2,Raw+GramAnchor@0.5,hybrid_prediction_mixture,orthogonal_all__m0,0,False,test,53.51080342436454,0.04107165790851125,0.0,True
bike-sharing,regression,tabpfn_2_6,2,Raw+GramAnchor@0.5,hybrid_prediction_mixture,orthogonal_all__m1,1,False,validation,50.99736530598423,0.05728948258970693,0.0,True
bike-sharing,regression,tabpfn_2_6,2,Raw+GramAnchor@0.5,hybrid_prediction_mixture,orthogonal_all__m1,1,False,test,53.78393473717239,0.037275158199609915,0.0,True
bike-sharing,regression,tabpfn_2_6,2,Raw+GramAnchor@0.5,hybrid_prediction_mixture,orthogonal_all__m2,2,False,validation,51.68550179598022,0.05068529844338098,0.0,True
bike-sharing,regression,tabpfn_2_6,2,Raw+GramAnchor@0.5,hybrid_prediction_mixture,orthogonal_all__m2,2,False,test,53.211042103153645,0.03774638218905976,0.0,True
bike-sharing,regression,tabpfn_2_6,2,Raw+GramAnchor@0.5,hybrid_prediction_mixture,orthogonal_all__m3,3,False,validation,51.607301423082184,0.04827408469066979,0.0,True
bike-sharing,regression,tabpfn_2_6,2,Raw+GramAnchor@0.5,hybrid_prediction_mixture,orthogonal_all__m3,3,False,test,53.99320647199205,0.044326723137004045,0.0,True
bike-sharing,regression,tabpfn_2_6,2,Raw+GramAnchor@0.5,hybrid_prediction_mixture,orthogonal_all__m4,4,False,validation,50.4563796942976,0.0385857706676789,0.0,True
bike-sharing,regression,tabpfn_2_6,2,Raw+GramAnchor@0.5,hybrid_prediction_mixture,orthogonal_all__m4,4,False,test,52.9386016590617,0.03294393723685535,0.0,True
bike-sharing,regression,tabpfn_2_6,2,Raw+GramAnchor@0.5,hybrid_prediction_mixture,orthogonal_all__m5,5,False,validation,50.68257050159126,0.044580764929639555,0.0,True
bike-sharing,regression,tabpfn_2_6,2,Raw+GramAnchor@0.5,hybrid_prediction_mixture,orthogonal_all__m5,5,False,test,52.98379028373011,0.04030309622381839,0.0,True
bike-sharing,regression,tabpfn_2_6,2,Raw+GramAnchor@0.5,hybrid_prediction_mixture,orthogonal_all__m6,6,False,validation,51.77197696225087,0.049339536550633244,0.0,True
bike-sharing,regression,tabpfn_2_6,2,Raw+GramAnchor@0.5,hybrid_prediction_mixture,orthogonal_all__m6,6,False,test,53.6082591743067,0.04296713473025611,0.0,True
bike-sharing,regression,tabpfn_2_6,2,Raw+GramAnchor@0.5,hybrid_prediction_mixture,orthogonal_all__m7,7,False,validation,52.40374857969152,0.04893904590499105,0.0,True
bike-sharing,regression,tabpfn_2_6,2,Raw+GramAnchor@0.5,hybrid_prediction_mixture,orthogonal_all__m7,7,False,test,53.48092122354261,0.039329402140057805,0.0,True
bike-sharing,regression,tabpfn_2_6,2,Raw+GramAnchor@0.75,hybrid_prediction_mixture,rbf_reference,-1,True,validation,51.465338989949174,0.0,0.0,False
bike-sharing,regression,tabpfn_2_6,2,Raw+GramAnchor@0.75,hybrid_prediction_mixture,rbf_reference,-1,True,test,53.27088051145242,0.0,0.0,False
bike-sharing,regression,tabpfn_2_6,2,Raw+GramAnchor@0.75,hybrid_prediction_mixture,orthogonal_all__m0,0,False,validation,51.22916887496099,0.019503588199075262,0.0,True
bike-sharing,regression,tabpfn_2_6,2,Raw+GramAnchor@0.75,hybrid_prediction_mixture,orthogonal_all__m0,0,False,test,53.303731091508546,0.020535828954255625,0.0,True
bike-sharing,regression,tabpfn_2_6,2,Raw+GramAnchor@0.75,hybrid_prediction_mixture,orthogonal_all__m1,1,False,validation,51.16042407242037,0.028644741294853466,0.0,True
bike-sharing,regression,tabpfn_2_6,2,Raw+GramAnchor@0.75,hybrid_prediction_mixture,orthogonal_all__m1,1,False,test,53.44308194362682,0.018637579099804957,0.0,True
bike-sharing,regression,tabpfn_2_6,2,Raw+GramAnchor@0.75,hybrid_prediction_mixture,orthogonal_all__m2,2,False,validation,51.569054040833834,0.025342649221690484,0.0,True
bike-sharing,regression,tabpfn_2_6,2,Raw+GramAnchor@0.75,hybrid_prediction_mixture,orthogonal_all__m2,2,False,test,53.156379435462526,0.01887319109452988,0.0,True
bike-sharing,regression,tabpfn_2_6,2,Raw+GramAnchor@0.75,hybrid_prediction_mixture,orthogonal_all__m3,3,False,validation,51.51827826269695,0.024137042345334894,0.0,True
bike-sharing,regression,tabpfn_2_6,2,Raw+GramAnchor@0.75,hybrid_prediction_mixture,orthogonal_all__m3,3,False,test,53.53235793192754,0.022163361568502023,0.0,True
bike-sharing,regression,tabpfn_2_6,2,Raw+GramAnchor@0.75,hybrid_prediction_mixture,orthogonal_all__m4,4,False,validation,51.011057235271586,0.01929288533383945,0.0,True
bike-sharing,regression,tabpfn_2_6,2,Raw+GramAnchor@0.75,hybrid_prediction_mixture,orthogonal_all__m4,4,False,test,53.06915161457837,0.016471968618427674,0.0,True
bike-sharing,regression,tabpfn_2_6,2,Raw+GramAnchor@0.75,hybrid_prediction_mixture,orthogonal_all__m5,5,False,validation,51.09011627852943,0.022290382464819777,0.0,True
bike-sharing,regression,tabpfn_2_6,2,Raw+GramAnchor@0.75,hybrid_prediction_mixture,orthogonal_all__m5,5,False,test,53.01433713766446,0.020151548111909195,0.0,True
bike-sharing,regression,tabpfn_2_6,2,Raw+GramAnchor@0.75,hybrid_prediction_mixture,orthogonal_all__m6,6,False,validation,51.60267377398875,0.024669768275316622,0.0,True
bike-sharing,regression,tabpfn_2_6,2,Raw+GramAnchor@0.75,hybrid_prediction_mixture,orthogonal_all__m6,6,False,test,53.282565673138826,0.021483567365128055,0.0,True
bike-sharing,regression,tabpfn_2_6,2,Raw+GramAnchor@0.75,hybrid_prediction_mixture,orthogonal_all__m7,7,False,validation,51.95538270269136,0.024469522952495524,0.0,True
bike-sharing,regression,tabpfn_2_6,2,Raw+GramAnchor@0.75,hybrid_prediction_mixture,orthogonal_all__m7,7,False,test,53.27898147410926,0.019664701070028906,0.0,True
bike-sharing,regression,tabpfn_2_6,2,Raw+GramAnchor@1,hybrid_prediction_mixture,rbf_reference,-1,True,validation,51.79864616707149,0.0,0.0,False
bike-sharing,regression,tabpfn_2_6,2,Raw+GramAnchor@1,hybrid_prediction_mixture,rbf_reference,-1,True,test,53.455285564182354,0.0,0.0,False
bike-sharing,regression,tabpfn_2_6,2,Raw+GramAnchor@1,hybrid_prediction_mixture,orthogonal_all__m0,0,False,validation,51.79864616707149,0.0,0.0,True
bike-sharing,regression,tabpfn_2_6,2,Raw+GramAnchor@1,hybrid_prediction_mixture,orthogonal_all__m0,0,False,test,53.455285564182354,0.0,0.0,True
bike-sharing,regression,tabpfn_2_6,2,Raw+GramAnchor@1,hybrid_prediction_mixture,orthogonal_all__m1,1,False,validation,51.79864616707149,0.0,0.0,True
bike-sharing,regression,tabpfn_2_6,2,Raw+GramAnchor@1,hybrid_prediction_mixture,orthogonal_all__m1,1,False,test,53.455285564182354,0.0,0.0,True
bike-sharing,regression,tabpfn_2_6,2,Raw+GramAnchor@1,hybrid_prediction_mixture,orthogonal_all__m2,2,False,validation,51.79864616707149,0.0,0.0,True
bike-sharing,regression,tabpfn_2_6,2,Raw+GramAnchor@1,hybrid_prediction_mixture,orthogonal_all__m2,2,False,test,53.455285564182354,0.0,0.0,True
bike-sharing,regression,tabpfn_2_6,2,Raw+GramAnchor@1,hybrid_prediction_mixture,orthogonal_all__m3,3,False,validation,51.79864616707149,0.0,0.0,True
bike-sharing,regression,tabpfn_2_6,2,Raw+GramAnchor@1,hybrid_prediction_mixture,orthogonal_all__m3,3,False,test,53.455285564182354,0.0,0.0,True
bike-sharing,regression,tabpfn_2_6,2,Raw+GramAnchor@1,hybrid_prediction_mixture,orthogonal_all__m4,4,False,validation,51.79864616707149,0.0,0.0,True
bike-sharing,regression,tabpfn_2_6,2,Raw+GramAnchor@1,hybrid_prediction_mixture,orthogonal_all__m4,4,False,test,53.455285564182354,0.0,0.0,True
bike-sharing,regression,tabpfn_2_6,2,Raw+GramAnchor@1,hybrid_prediction_mixture,orthogonal_all__m5,5,False,validation,51.79864616707149,0.0,0.0,True
bike-sharing,regression,tabpfn_2_6,2,Raw+GramAnchor@1,hybrid_prediction_mixture,orthogonal_all__m5,5,False,test,53.455285564182354,0.0,0.0,True
bike-sharing,regression,tabpfn_2_6,2,Raw+GramAnchor@1,hybrid_prediction_mixture,orthogonal_all__m6,6,False,validation,51.79864616707149,0.0,0.0,True
bike-sharing,regression,tabpfn_2_6,2,Raw+GramAnchor@1,hybrid_prediction_mixture,orthogonal_all__m6,6,False,test,53.455285564182354,0.0,0.0,True
bike-sharing,regression,tabpfn_2_6,2,Raw+GramAnchor@1,hybrid_prediction_mixture,orthogonal_all__m7,7,False,validation,51.79864616707149,0.0,0.0,True
bike-sharing,regression,tabpfn_2_6,2,Raw+GramAnchor@1,hybrid_prediction_mixture,orthogonal_all__m7,7,False,test,53.455285564182354,0.0,0.0,True
bike-sharing,regression,tabpfn_2_6,2,Raw+GramAnchor-m8@0.25,hybrid_prediction_mixture,rbf_reference,-1,True,validation,50.73841254475452,0.0,0.0,False
bike-sharing,regression,tabpfn_2_6,2,Raw+GramAnchor-m8@0.25,hybrid_prediction_mixture,rbf_reference,-1,True,test,54.2126775934314,0.0,0.0,False
bike-sharing,regression,tabpfn_2_6,2,Raw+GramAnchor-m8@0.25,hybrid_prediction_mixture,orthogonal_all__m0,0,False,validation,50.25030637221056,0.05851076459722578,0.0,True
bike-sharing,regression,tabpfn_2_6,2,Raw+GramAnchor-m8@0.25,hybrid_prediction_mixture,orthogonal_all__m0,0,False,test,54.682044841299486,0.061607486862766854,0.0,True
bike-sharing,regression,tabpfn_2_6,2,Raw+GramAnchor-m8@0.25,hybrid_prediction_mixture,orthogonal_all__m1,1,False,validation,50.99738930911778,0.0859342238845604,0.0,True
bike-sharing,regression,tabpfn_2_6,2,Raw+GramAnchor-m8@0.25,hybrid_prediction_mixture,orthogonal_all__m1,1,False,test,55.246697794732974,0.05591273729941486,0.0,True
bike-sharing,regression,tabpfn_2_6,2,Raw+GramAnchor-m8@0.25,hybrid_prediction_mixture,orthogonal_all__m2,2,False,validation,51.81621563433219,0.07602794766507147,0.0,True
bike-sharing,regression,tabpfn_2_6,2,Raw+GramAnchor-m8@0.25,hybrid_prediction_mixture,orthogonal_all__m2,2,False,test,54.48051583617614,0.05661957328358963,0.0,True
bike-sharing,regression,tabpfn_2_6,2,Raw+GramAnchor-m8@0.25,hybrid_prediction_mixture,orthogonal_all__m3,3,False,validation,51.59438968097219,0.07241112703600469,0.0,True
bike-sharing,regression,tabpfn_2_6,2,Raw+GramAnchor-m8@0.25,hybrid_prediction_mixture,orthogonal_all__m3,3,False,test,55.50981993769559,0.06649008470550608,0.0,True
bike-sharing,regression,tabpfn_2_6,2,Raw+GramAnchor-m8@0.25,hybrid_prediction_mixture,orthogonal_all__m4,4,False,validation,49.59084461147585,0.05787865600151835,0.0,True
bike-sharing,regression,tabpfn_2_6,2,Raw+GramAnchor-m8@0.25,hybrid_prediction_mixture,orthogonal_all__m4,4,False,test,53.67090448914874,0.04941590585528303,0.0,True
bike-sharing,regression,tabpfn_2_6,2,Raw+GramAnchor-m8@0.25,hybrid_prediction_mixture,orthogonal_all__m5,5,False,validation,50.17446276244386,0.06687114739445935,0.0,True
bike-sharing,regression,tabpfn_2_6,2,Raw+GramAnchor-m8@0.25,hybrid_prediction_mixture,orthogonal_all__m5,5,False,test,54.276365976231546,0.06045464433572758,0.0,True
bike-sharing,regression,tabpfn_2_6,2,Raw+GramAnchor-m8@0.25,hybrid_prediction_mixture,orthogonal_all__m6,6,False,validation,51.90814681132127,0.07400930482594988,0.0,True
bike-sharing,regression,tabpfn_2_6,2,Raw+GramAnchor-m8@0.25,hybrid_prediction_mixture,orthogonal_all__m6,6,False,test,55.30268538411471,0.06445070209538417,0.0,True
bike-sharing,regression,tabpfn_2_6,2,Raw+GramAnchor-m8@0.25,hybrid_prediction_mixture,orthogonal_all__m7,7,False,validation,52.7074138322055,0.07340856885748658,0.0,True
bike-sharing,regression,tabpfn_2_6,2,Raw+GramAnchor-m8@0.25,hybrid_prediction_mixture,orthogonal_all__m7,7,False,test,54.93073904166138,0.058994103210086704,0.0,True
bike-sharing,regression,tabpfn_2_6,2,Raw+GramAnchor-m8@0.5,hybrid_prediction_mixture,rbf_reference,-1,True,validation,50.01483698743377,0.0,0.0,False
bike-sharing,regression,tabpfn_2_6,2,Raw+GramAnchor-m8@0.5,hybrid_prediction_mixture,rbf_reference,-1,True,test,54.6066657882174,0.0,0.0,False
bike-sharing,regression,tabpfn_2_6,2,Raw+GramAnchor-m8@0.5,hybrid_prediction_mixture,orthogonal_all__m0,0,False,validation,49.707147553102345,0.039007176398150524,0.0,True
bike-sharing,regression,tabpfn_2_6,2,Raw+GramAnchor-m8@0.5,hybrid_prediction_mixture,orthogonal_all__m0,0,False,test,54.76946356504546,0.04107165790851125,0.0,True
bike-sharing,regression,tabpfn_2_6,2,Raw+GramAnchor-m8@0.5,hybrid_prediction_mixture,orthogonal_all__m1,1,False,validation,50.26533124700302,0.05728948258970693,0.0,True
bike-sharing,regression,tabpfn_2_6,2,Raw+GramAnchor-m8@0.5,hybrid_prediction_mixture,orthogonal_all__m1,1,False,test,55.26337519086989,0.037275158199609915,0.0,True
bike-sharing,regression,tabpfn_2_6,2,Raw+GramAnchor-m8@0.5,hybrid_prediction_mixture,orthogonal_all__m2,2,False,validation,50.93904263067948,0.05068529844338098,0.0,True
bike-sharing,regression,tabpfn_2_6,2,Raw+GramAnchor-m8@0.5,hybrid_prediction_mixture,orthogonal_all__m2,2,False,test,54.80498632514194,0.03774638218905976,0.0,True
bike-sharing,regression,tabpfn_2_6,2,Raw+GramAnchor-m8@0.5,hybrid_prediction_mixture,orthogonal_all__m3,3,False,validation,50.670462517932684,0.04827408469066979,0.0,True
bike-sharing,regression,tabpfn_2_6,2,Raw+GramAnchor-m8@0.5,hybrid_prediction_mixture,orthogonal_all__m3,3,False,test,55.348301856590254,0.044326723137004045,0.0,True
bike-sharing,regression,tabpfn_2_6,2,Raw+GramAnchor-m8@0.5,hybrid_prediction_mixture,orthogonal_all__m4,4,False,validation,49.41226555692142,0.0385857706676789,0.0,True
bike-sharing,regression,tabpfn_2_6,2,Raw+GramAnchor-m8@0.5,hybrid_prediction_mixture,orthogonal_all__m4,4,False,test,54.18979718101568,0.03294393723685535,0.0,True
bike-sharing,regression,tabpfn_2_6,2,Raw+GramAnchor-m8@0.5,hybrid_prediction_mixture,orthogonal_all__m5,5,False,validation,49.82833626650515,0.044580764929639555,0.0,True
bike-sharing,regression,tabpfn_2_6,2,Raw+GramAnchor-m8@0.5,hybrid_prediction_mixture,orthogonal_all__m5,5,False,test,54.64484330323592,0.04030309622381839,0.0,True
bike-sharing,regression,tabpfn_2_6,2,Raw+GramAnchor-m8@0.5,hybrid_prediction_mixture,orthogonal_all__m6,6,False,validation,50.93657805114115,0.049339536550633244,0.0,True
bike-sharing,regression,tabpfn_2_6,2,Raw+GramAnchor-m8@0.5,hybrid_prediction_mixture,orthogonal_all__m6,6,False,test,55.23012676765144,0.04296713473025611,0.0,True
bike-sharing,regression,tabpfn_2_6,2,Raw+GramAnchor-m8@0.5,hybrid_prediction_mixture,orthogonal_all__m7,7,False,validation,51.52358953250611,0.04893904590499105,0.0,True
bike-sharing,regression,tabpfn_2_6,2,Raw+GramAnchor-m8@0.5,hybrid_prediction_mixture,orthogonal_all__m7,7,False,test,55.09156750262476,0.039329402140057805,0.0,True
bike-sharing,regression,tabpfn_2_6,2,Raw+GramAnchor-m8@0.75,hybrid_prediction_mixture,rbf_reference,-1,True,validation,49.75788516898214,0.0,0.0,False
bike-sharing,regression,tabpfn_2_6,2,Raw+GramAnchor-m8@0.75,hybrid_prediction_mixture,rbf_reference,-1,True,test,55.23108296050499,0.0,0.0,False
bike-sharing,regression,tabpfn_2_6,2,Raw+GramAnchor-m8@0.75,hybrid_prediction_mixture,orthogonal_all__m0,0,False,validation,49.61446168033557,0.019503588199075262,0.0,True
bike-sharing,regression,tabpfn_2_6,2,Raw+GramAnchor-m8@0.75,hybrid_prediction_mixture,orthogonal_all__m0,0,False,test,55.23804404841623,0.020535828954255625,0.0,True
bike-sharing,regression,tabpfn_2_6,2,Raw+GramAnchor-m8@0.75,hybrid_prediction_mixture,orthogonal_all__m1,1,False,validation,49.92178222031914,0.028644741294853466,0.0,True
bike-sharing,regression,tabpfn_2_6,2,Raw+GramAnchor-m8@0.75,hybrid_prediction_mixture,orthogonal_all__m1,1,False,test,55.54185339765464,0.018637579099804957,0.0,True
bike-sharing,regression,tabpfn_2_6,2,Raw+GramAnchor-m8@0.75,hybrid_prediction_mixture,orthogonal_all__m2,2,False,validation,50.32201026098075,0.025342649221690484,0.0,True
bike-sharing,regression,tabpfn_2_6,2,Raw+GramAnchor-m8@0.75,hybrid_prediction_mixture,orthogonal_all__m2,2,False,test,55.33956123733672,0.01887319109452988,0.0,True
bike-sharing,regression,tabpfn_2_6,2,Raw+GramAnchor-m8@0.75,hybrid_prediction_mixture,orthogonal_all__m3,3,False,validation,50.12644820579077,0.024137042345334894,0.0,True
bike-sharing,regression,tabpfn_2_6,2,Raw+GramAnchor-m8@0.75,hybrid_prediction_mixture,orthogonal_all__m3,3,False,test,55.5389700631037,0.022163361568502023,0.0,True
bike-sharing,regression,tabpfn_2_6,2,Raw+GramAnchor-m8@0.75,hybrid_prediction_mixture,orthogonal_all__m4,4,False,validation,49.541027621946654,0.01929288533383945,0.0,True
bike-sharing,regression,tabpfn_2_6,2,Raw+GramAnchor-m8@0.75,hybrid_prediction_mixture,orthogonal_all__m4,4,False,test,54.996377178189945,0.016471968618427674,0.0,True
bike-sharing,regression,tabpfn_2_6,2,Raw+GramAnchor-m8@0.75,hybrid_prediction_mixture,orthogonal_all__m5,5,False,validation,49.76139310803003,0.022290382464819777,0.0,True
bike-sharing,regression,tabpfn_2_6,2,Raw+GramAnchor-m8@0.75,hybrid_prediction_mixture,orthogonal_all__m5,5,False,test,55.24798921415292,0.020151548111909195,0.0,True
bike-sharing,regression,tabpfn_2_6,2,Raw+GramAnchor-m8@0.75,hybrid_prediction_mixture,orthogonal_all__m6,6,False,validation,50.287922359436436,0.024669768275316622,0.0,True
bike-sharing,regression,tabpfn_2_6,2,Raw+GramAnchor-m8@0.75,hybrid_prediction_mixture,orthogonal_all__m6,6,False,test,55.49018483455684,0.021483567365128055,0.0,True
bike-sharing,regression,tabpfn_2_6,2,Raw+GramAnchor-m8@0.75,hybrid_prediction_mixture,orthogonal_all__m7,7,False,validation,50.6077909761431,0.024469522952495524,0.0,True
bike-sharing,regression,tabpfn_2_6,2,Raw+GramAnchor-m8@0.75,hybrid_prediction_mixture,orthogonal_all__m7,7,False,test,55.475593670632485,0.019664701070028906,0.0,True
bike-sharing,regression,tabpfn_2_6,2,Raw+GramAnchor-m8@1,hybrid_prediction_mixture,rbf_reference,-1,True,validation,49.97475523093456,0.0,0.0,False
bike-sharing,regression,tabpfn_2_6,2,Raw+GramAnchor-m8@1,hybrid_prediction_mixture,rbf_reference,-1,True,test,56.07823233039425,0.0,0.0,False
bike-sharing,regression,tabpfn_2_6,2,Raw+GramAnchor-m8@1,hybrid_prediction_mixture,orthogonal_all__m0,0,False,validation,49.97475523093456,0.0,0.0,True
bike-sharing,regression,tabpfn_2_6,2,Raw+GramAnchor-m8@1,hybrid_prediction_mixture,orthogonal_all__m0,0,False,test,56.07823233039425,0.0,0.0,True
bike-sharing,regression,tabpfn_2_6,2,Raw+GramAnchor-m8@1,hybrid_prediction_mixture,orthogonal_all__m1,1,False,validation,49.97475523093456,0.0,0.0,True
bike-sharing,regression,tabpfn_2_6,2,Raw+GramAnchor-m8@1,hybrid_prediction_mixture,orthogonal_all__m1,1,False,test,56.07823233039425,0.0,0.0,True
bike-sharing,regression,tabpfn_2_6,2,Raw+GramAnchor-m8@1,hybrid_prediction_mixture,orthogonal_all__m2,2,False,validation,49.97475523093456,0.0,0.0,True
bike-sharing,regression,tabpfn_2_6,2,Raw+GramAnchor-m8@1,hybrid_prediction_mixture,orthogonal_all__m2,2,False,test,56.07823233039425,0.0,0.0,True
bike-sharing,regression,tabpfn_2_6,2,Raw+GramAnchor-m8@1,hybrid_prediction_mixture,orthogonal_all__m3,3,False,validation,49.97475523093456,0.0,0.0,True
bike-sharing,regression,tabpfn_2_6,2,Raw+GramAnchor-m8@1,hybrid_prediction_mixture,orthogonal_all__m3,3,False,test,56.07823233039425,0.0,0.0,True
bike-sharing,regression,tabpfn_2_6,2,Raw+GramAnchor-m8@1,hybrid_prediction_mixture,orthogonal_all__m4,4,False,validation,49.97475523093456,0.0,0.0,True
bike-sharing,regression,tabpfn_2_6,2,Raw+GramAnchor-m8@1,hybrid_prediction_mixture,orthogonal_all__m4,4,False,test,56.07823233039425,0.0,0.0,True
bike-sharing,regression,tabpfn_2_6,2,Raw+GramAnchor-m8@1,hybrid_prediction_mixture,orthogonal_all__m5,5,False,validation,49.97475523093456,0.0,0.0,True
bike-sharing,regression,tabpfn_2_6,2,Raw+GramAnchor-m8@1,hybrid_prediction_mixture,orthogonal_all__m5,5,False,test,56.07823233039425,0.0,0.0,True
bike-sharing,regression,tabpfn_2_6,2,Raw+GramAnchor-m8@1,hybrid_prediction_mixture,orthogonal_all__m6,6,False,validation,49.97475523093456,0.0,0.0,True
bike-sharing,regression,tabpfn_2_6,2,Raw+GramAnchor-m8@1,hybrid_prediction_mixture,orthogonal_all__m6,6,False,test,56.07823233039425,0.0,0.0,True
bike-sharing,regression,tabpfn_2_6,2,Raw+GramAnchor-m8@1,hybrid_prediction_mixture,orthogonal_all__m7,7,False,validation,49.97475523093456,0.0,0.0,True
bike-sharing,regression,tabpfn_2_6,2,Raw+GramAnchor-m8@1,hybrid_prediction_mixture,orthogonal_all__m7,7,False,test,56.07823233039425,0.0,0.0,True
bike-sharing,regression,tabpfn_2_6,2,Raw+GramDistance@0.25,hybrid_prediction_mixture,rbf_reference,-1,True,validation,51.35440094293111,0.0,0.0,False
bike-sharing,regression,tabpfn_2_6,2,Raw+GramDistance@0.25,hybrid_prediction_mixture,rbf_reference,-1,True,test,54.145079834118285,0.0,0.0,False
bike-sharing,regression,tabpfn_2_6,2,Raw+GramDistance@0.25,hybrid_prediction_mixture,orthogonal_all__m0,0,False,validation,50.956320591296404,0.05851076459722578,0.0,True
bike-sharing,regression,tabpfn_2_6,2,Raw+GramDistance@0.25,hybrid_prediction_mixture,orthogonal_all__m0,0,False,test,54.77331433178958,0.061607486862766854,0.0,True
bike-sharing,regression,tabpfn_2_6,2,Raw+GramDistance@0.25,hybrid_prediction_mixture,orthogonal_all__m1,1,False,validation,51.45159718055452,0.0859342238845604,0.0,True
bike-sharing,regression,tabpfn_2_6,2,Raw+GramDistance@0.25,hybrid_prediction_mixture,orthogonal_all__m1,1,False,test,55.181240567780044,0.05591273729941486,0.0,True
bike-sharing,regression,tabpfn_2_6,2,Raw+GramDistance@0.25,hybrid_prediction_mixture,orthogonal_all__m2,2,False,validation,52.25231585455016,0.07602794766507147,0.0,True
bike-sharing,regression,tabpfn_2_6,2,Raw+GramDistance@0.25,hybrid_prediction_mixture,orthogonal_all__m2,2,False,test,54.38831607392165,0.05661957328358963,0.0,True
bike-sharing,regression,tabpfn_2_6,2,Raw+GramDistance@0.25,hybrid_prediction_mixture,orthogonal_all__m3,3,False,validation,52.148616842878205,0.07241112703600469,0.0,True
bike-sharing,regression,tabpfn_2_6,2,Raw+GramDistance@0.25,hybrid_prediction_mixture,orthogonal_all__m3,3,False,test,55.536990948026066,0.06649008470550608,0.0,True
bike-sharing,regression,tabpfn_2_6,2,Raw+GramDistance@0.25,hybrid_prediction_mixture,orthogonal_all__m4,4,False,validation,50.189370254412054,0.05787865600151835,0.0,True
bike-sharing,regression,tabpfn_2_6,2,Raw+GramDistance@0.25,hybrid_prediction_mixture,orthogonal_all__m4,4,False,test,53.7157944223681,0.04941590585528303,0.0,True
bike-sharing,regression,tabpfn_2_6,2,Raw+GramDistance@0.25,hybrid_prediction_mixture,orthogonal_all__m5,5,False,validation,50.57103995906441,0.06687114739445935,0.0,True
bike-sharing,regression,tabpfn_2_6,2,Raw+GramDistance@0.25,hybrid_prediction_mixture,orthogonal_all__m5,5,False,test,54.116651656986136,0.06045464433572758,0.0,True
bike-sharing,regression,tabpfn_2_6,2,Raw+GramDistance@0.25,hybrid_prediction_mixture,orthogonal_all__m6,6,False,validation,52.32590846321535,0.07400930482594988,0.0,True
bike-sharing,regression,tabpfn_2_6,2,Raw+GramDistance@0.25,hybrid_prediction_mixture,orthogonal_all__m6,6,False,test,55.131078337741755,0.06445070209538417,0.0,True
bike-sharing,regression,tabpfn_2_6,2,Raw+GramDistance@0.25,hybrid_prediction_mixture,orthogonal_all__m7,7,False,validation,53.21430836738351,0.07340856885748658,0.0,True
bike-sharing,regression,tabpfn_2_6,2,Raw+GramDistance@0.25,hybrid_prediction_mixture,orthogonal_all__m7,7,False,test,54.80075901757665,0.058994103210086704,0.0,True
bike-sharing,regression,tabpfn_2_6,2,Raw+GramDistance@0.5,hybrid_prediction_mixture,rbf_reference,-1,True,validation,51.14140353511776,0.0,0.0,False
bike-sharing,regression,tabpfn_2_6,2,Raw+GramDistance@0.5,hybrid_prediction_mixture,rbf_reference,-1,True,test,54.501480798182136,0.0,0.0,False
bike-sharing,regression,tabpfn_2_6,2,Raw+GramDistance@0.5,hybrid_prediction_mixture,orthogonal_all__m0,0,False,validation,50.952725081882,0.039007176398150524,0.0,True
bike-sharing,regression,tabpfn_2_6,2,Raw+GramDistance@0.5,hybrid_prediction_mixture,orthogonal_all__m0,0,False,test,54.87534815546928,0.04107165790851125,0.0,True
bike-sharing,regression,tabpfn_2_6,2,Raw+GramDistance@0.5,hybrid_prediction_mixture,orthogonal_all__m1,1,False,validation,51.173785202497896,0.05728948258970693,0.0,True
bike-sharing,regression,tabpfn_2_6,2,Raw+GramDistance@0.5,hybrid_prediction_mixture,orthogonal_all__m1,1,False,test,55.16060802921478,0.037275158199609915,0.0,True
bike-sharing,regression,tabpfn_2_6,2,Raw+GramDistance@0.5,hybrid_prediction_mixture,orthogonal_all__m2,2,False,validation,51.82091336450583,0.05068529844338098,0.0,True
bike-sharing,regression,tabpfn_2_6,2,Raw+GramDistance@0.5,hybrid_prediction_mixture,orthogonal_all__m2,2,False,test,54.66710834713339,0.03774638218905976,0.0,True
bike-sharing,regression,tabpfn_2_6,2,Raw+GramDistance@0.5,hybrid_prediction_mixture,orthogonal_all__m3,3,False,validation,51.71331820411762,0.04827408469066979,0.0,True
bike-sharing,regression,tabpfn_2_6,2,Raw+GramDistance@0.5,hybrid_prediction_mixture,orthogonal_all__m3,3,False,test,55.36919095158271,0.044326723137004045,0.0,True
bike-sharing,regression,tabpfn_2_6,2,Raw+GramDistance@0.5,hybrid_prediction_mixture,orthogonal_all__m4,4,False,validation,50.510480057201654,0.0385857706676789,0.0,True
bike-sharing,regression,tabpfn_2_6,2,Raw+GramDistance@0.5,hybrid_prediction_mixture,orthogonal_all__m4,4,False,test,54.2333047460101,0.03294393723685535,0.0,True
bike-sharing,regression,tabpfn_2_6,2,Raw+GramDistance@0.5,hybrid_prediction_mixture,orthogonal_all__m5,5,False,validation,50.65809746668837,0.044580764929639555,0.0,True
bike-sharing,regression,tabpfn_2_6,2,Raw+GramDistance@0.5,hybrid_prediction_mixture,orthogonal_all__m5,5,False,test,54.41751672426647,0.04030309622381839,0.0,True
bike-sharing,regression,tabpfn_2_6,2,Raw+GramDistance@0.5,hybrid_prediction_mixture,orthogonal_all__m6,6,False,validation,51.79482171847067,0.049339536550633244,0.0,True
bike-sharing,regression,tabpfn_2_6,2,Raw+GramDistance@0.5,hybrid_prediction_mixture,orthogonal_all__m6,6,False,test,54.9853471655699,0.04296713473025611,0.0,True
bike-sharing,regression,tabpfn_2_6,2,Raw+GramDistance@0.5,hybrid_prediction_mixture,orthogonal_all__m7,7,False,validation,52.50121001432583,0.04893904590499105,0.0,True
bike-sharing,regression,tabpfn_2_6,2,Raw+GramDistance@0.5,hybrid_prediction_mixture,orthogonal_all__m7,7,False,test,54.90312731571621,0.039329402140057805,0.0,True
bike-sharing,regression,tabpfn_2_6,2,Raw+GramDistance@0.75,hybrid_prediction_mixture,rbf_reference,-1,True,validation,51.27436865081126,0.0,0.0,False
bike-sharing,regression,tabpfn_2_6,2,Raw+GramDistance@0.75,hybrid_prediction_mixture,rbf_reference,-1,True,test,55.11821052859669,0.0,0.0,False
bike-sharing,regression,tabpfn_2_6,2,Raw+GramDistance@0.75,hybrid_prediction_mixture,orthogonal_all__m0,0,False,validation,51.218882074245855,0.019503588199075262,0.0,True
bike-sharing,regression,tabpfn_2_6,2,Raw+GramDistance@0.75,hybrid_prediction_mixture,orthogonal_all__m0,0,False,test,55.28201148338154,0.020535828954255625,0.0,True
bike-sharing,regression,tabpfn_2_6,2,Raw+GramDistance@0.75,hybrid_prediction_mixture,orthogonal_all__m1,1,False,validation,51.27419654700949,0.028644741294853466,0.0,True
bike-sharing,regression,tabpfn_2_6,2,Raw+GramDistance@0.75,hybrid_prediction_mixture,orthogonal_all__m1,1,False,test,55.430483677431866,0.018637579099804957,0.0,True
bike-sharing,regression,tabpfn_2_6,2,Raw+GramDistance@0.75,hybrid_prediction_mixture,orthogonal_all__m2,2,False,validation,51.65282936694152,0.025342649221690484,0.0,True
bike-sharing,regression,tabpfn_2_6,2,Raw+GramDistance@0.75,hybrid_prediction_mixture,orthogonal_all__m2,2,False,test,55.20234330182664,0.01887319109452988,0.0,True
bike-sharing,regression,tabpfn_2_6,2,Raw+GramDistance@0.75,hybrid_prediction_mixture,orthogonal_all__m3,3,False,validation,51.57987744465082,0.024137042345334894,0.0,True
bike-sharing,regression,tabpfn_2_6,2,Raw+GramDistance@0.75,hybrid_prediction_mixture,orthogonal_all__m3,3,False,test,55.51994054577949,0.022163361568502023,0.0,True
bike-sharing,regression,tabpfn_2_6,2,Raw+GramDistance@0.75,hybrid_prediction_mixture,orthogonal_all__m4,4,False,validation,51.032932411311236,0.01929288533383945,0.0,True
bike-sharing,regression,tabpfn_2_6,2,Raw+GramDistance@0.75,hybrid_prediction_mixture,orthogonal_all__m4,4,False,test,54.993558104193774,0.016471968618427674,0.0,True
bike-sharing,regression,tabpfn_2_6,2,Raw+GramDistance@0.75,hybrid_prediction_mixture,orthogonal_all__m5,5,False,validation,51.053651862500345,0.022290382464819777,0.0,True
bike-sharing,regression,tabpfn_2_6,2,Raw+GramDistance@0.75,hybrid_prediction_mixture,orthogonal_all__m5,5,False,test,55.04450693462275,0.020151548111909195,0.0,True
bike-sharing,regression,tabpfn_2_6,2,Raw+GramDistance@0.75,hybrid_prediction_mixture,orthogonal_all__m6,6,False,validation,51.60180114829209,0.024669768275316622,0.0,True
bike-sharing,regression,tabpfn_2_6,2,Raw+GramDistance@0.75,hybrid_prediction_mixture,orthogonal_all__m6,6,False,test,55.27276679751019,0.021483567365128055,0.0,True
bike-sharing,regression,tabpfn_2_6,2,Raw+GramDistance@0.75,hybrid_prediction_mixture,orthogonal_all__m7,7,False,validation,52.01120461043628,0.024469522952495524,0.0,True
bike-sharing,regression,tabpfn_2_6,2,Raw+GramDistance@0.75,hybrid_prediction_mixture,orthogonal_all__m7,7,False,test,55.30052385682566,0.019664701070028906,0.0,True
bike-sharing,regression,tabpfn_2_6,2,Raw+GramDistance@1,hybrid_prediction_mixture,rbf_reference,-1,True,validation,51.75062966959867,0.0,0.0,False
bike-sharing,regression,tabpfn_2_6,2,Raw+GramDistance@1,hybrid_prediction_mixture,rbf_reference,-1,True,test,55.986666611643464,0.0,0.0,False
bike-sharing,regression,tabpfn_2_6,2,Raw+GramDistance@1,hybrid_prediction_mixture,orthogonal_all__m0,0,False,validation,51.75062966959867,0.0,0.0,True
bike-sharing,regression,tabpfn_2_6,2,Raw+GramDistance@1,hybrid_prediction_mixture,orthogonal_all__m0,0,False,test,55.986666611643464,0.0,0.0,True
bike-sharing,regression,tabpfn_2_6,2,Raw+GramDistance@1,hybrid_prediction_mixture,orthogonal_all__m1,1,False,validation,51.75062966959867,0.0,0.0,True
bike-sharing,regression,tabpfn_2_6,2,Raw+GramDistance@1,hybrid_prediction_mixture,orthogonal_all__m1,1,False,test,55.986666611643464,0.0,0.0,True
bike-sharing,regression,tabpfn_2_6,2,Raw+GramDistance@1,hybrid_prediction_mixture,orthogonal_all__m2,2,False,validation,51.75062966959867,0.0,0.0,True
bike-sharing,regression,tabpfn_2_6,2,Raw+GramDistance@1,hybrid_prediction_mixture,orthogonal_all__m2,2,False,test,55.986666611643464,0.0,0.0,True
bike-sharing,regression,tabpfn_2_6,2,Raw+GramDistance@1,hybrid_prediction_mixture,orthogonal_all__m3,3,False,validation,51.75062966959867,0.0,0.0,True
bike-sharing,regression,tabpfn_2_6,2,Raw+GramDistance@1,hybrid_prediction_mixture,orthogonal_all__m3,3,False,test,55.986666611643464,0.0,0.0,True
bike-sharing,regression,tabpfn_2_6,2,Raw+GramDistance@1,hybrid_prediction_mixture,orthogonal_all__m4,4,False,validation,51.75062966959867,0.0,0.0,True
bike-sharing,regression,tabpfn_2_6,2,Raw+GramDistance@1,hybrid_prediction_mixture,orthogonal_all__m4,4,False,test,55.986666611643464,0.0,0.0,True
bike-sharing,regression,tabpfn_2_6,2,Raw+GramDistance@1,hybrid_prediction_mixture,orthogonal_all__m5,5,False,validation,51.75062966959867,0.0,0.0,True
bike-sharing,regression,tabpfn_2_6,2,Raw+GramDistance@1,hybrid_prediction_mixture,orthogonal_all__m5,5,False,test,55.986666611643464,0.0,0.0,True
bike-sharing,regression,tabpfn_2_6,2,Raw+GramDistance@1,hybrid_prediction_mixture,orthogonal_all__m6,6,False,validation,51.75062966959867,0.0,0.0,True
bike-sharing,regression,tabpfn_2_6,2,Raw+GramDistance@1,hybrid_prediction_mixture,orthogonal_all__m6,6,False,test,55.986666611643464,0.0,0.0,True
bike-sharing,regression,tabpfn_2_6,2,Raw+GramDistance@1,hybrid_prediction_mixture,orthogonal_all__m7,7,False,validation,51.75062966959867,0.0,0.0,True
bike-sharing,regression,tabpfn_2_6,2,Raw+GramDistance@1,hybrid_prediction_mixture,orthogonal_all__m7,7,False,test,55.986666611643464,0.0,0.0,True
bike-sharing,regression,tabpfn_2_6,2,Raw+NystromGram@0.25,hybrid_prediction_mixture,rbf_reference,-1,True,validation,51.14360054765098,0.0,0.0,False
bike-sharing,regression,tabpfn_2_6,2,Raw+NystromGram@0.25,hybrid_prediction_mixture,rbf_reference,-1,True,test,53.675655157048766,0.0,0.0,False
bike-sharing,regression,tabpfn_2_6,2,Raw+NystromGram@0.25,hybrid_prediction_mixture,orthogonal_all__m0,0,False,validation,50.77346387417889,0.05851076459722578,0.0,True
bike-sharing,regression,tabpfn_2_6,2,Raw+NystromGram@0.25,hybrid_prediction_mixture,orthogonal_all__m0,0,False,test,54.21391936388375,0.061607486862766854,0.0,True
bike-sharing,regression,tabpfn_2_6,2,Raw+NystromGram@0.25,hybrid_prediction_mixture,orthogonal_all__m1,1,False,validation,51.42232472456986,0.0859342238845604,0.0,True
bike-sharing,regression,tabpfn_2_6,2,Raw+NystromGram@0.25,hybrid_prediction_mixture,orthogonal_all__m1,1,False,test,54.78092995453915,0.05591273729941486,0.0,True
bike-sharing,regression,tabpfn_2_6,2,Raw+NystromGram@0.25,hybrid_prediction_mixture,orthogonal_all__m2,2,False,validation,52.30329781508243,0.07602794766507147,0.0,True
bike-sharing,regression,tabpfn_2_6,2,Raw+NystromGram@0.25,hybrid_prediction_mixture,orthogonal_all__m2,2,False,test,54.019182442989624,0.05661957328358963,0.0,True
bike-sharing,regression,tabpfn_2_6,2,Raw+NystromGram@0.25,hybrid_prediction_mixture,orthogonal_all__m3,3,False,validation,52.06423006514265,0.07241112703600469,0.0,True
bike-sharing,regression,tabpfn_2_6,2,Raw+NystromGram@0.25,hybrid_prediction_mixture,orthogonal_all__m3,3,False,test,54.991515286625415,0.06649008470550608,0.0,True
bike-sharing,regression,tabpfn_2_6,2,Raw+NystromGram@0.25,hybrid_prediction_mixture,orthogonal_all__m4,4,False,validation,50.100171677844266,0.05787865600151835,0.0,True
bike-sharing,regression,tabpfn_2_6,2,Raw+NystromGram@0.25,hybrid_prediction_mixture,orthogonal_all__m4,4,False,test,53.228191848438264,0.04941590585528303,0.0,True
bike-sharing,regression,tabpfn_2_6,2,Raw+NystromGram@0.25,hybrid_prediction_mixture,orthogonal_all__m5,5,False,validation,50.62395644400638,0.06687114739445935,0.0,True
bike-sharing,regression,tabpfn_2_6,2,Raw+NystromGram@0.25,hybrid_prediction_mixture,orthogonal_all__m5,5,False,test,53.72734923450837,0.06045464433572758,0.0,True
bike-sharing,regression,tabpfn_2_6,2,Raw+NystromGram@0.25,hybrid_prediction_mixture,orthogonal_all__m6,6,False,validation,52.34449640118789,0.07400930482594988,0.0,True
bike-sharing,regression,tabpfn_2_6,2,Raw+NystromGram@0.25,hybrid_prediction_mixture,orthogonal_all__m6,6,False,test,54.711533754584075,0.06445070209538417,0.0,True
bike-sharing,regression,tabpfn_2_6,2,Raw+NystromGram@0.25,hybrid_prediction_mixture,orthogonal_all__m7,7,False,validation,53.17503640989493,0.07340856885748658,0.0,True
bike-sharing,regression,tabpfn_2_6,2,Raw+NystromGram@0.25,hybrid_prediction_mixture,orthogonal_all__m7,7,False,test,54.431222200525376,0.058994103210086704,0.0,True
bike-sharing,regression,tabpfn_2_6,2,Raw+NystromGram@0.5,hybrid_prediction_mixture,rbf_reference,-1,True,validation,50.92657970596885,0.0,0.0,False
bike-sharing,regression,tabpfn_2_6,2,Raw+NystromGram@0.5,hybrid_prediction_mixture,rbf_reference,-1,True,test,53.66345096609561,0.0,0.0,False
bike-sharing,regression,tabpfn_2_6,2,Raw+NystromGram@0.5,hybrid_prediction_mixture,orthogonal_all__m0,0,False,validation,50.7765669512565,0.039007176398150524,0.0,True
bike-sharing,regression,tabpfn_2_6,2,Raw+NystromGram@0.5,hybrid_prediction_mixture,orthogonal_all__m0,0,False,test,53.91524954709584,0.04107165790851125,0.0,True
bike-sharing,regression,tabpfn_2_6,2,Raw+NystromGram@0.5,hybrid_prediction_mixture,orthogonal_all__m1,1,False,validation,51.20179019783361,0.05728948258970693,0.0,True
bike-sharing,regression,tabpfn_2_6,2,Raw+NystromGram@0.5,hybrid_prediction_mixture,orthogonal_all__m1,1,False,test,54.41360269517162,0.037275158199609915,0.0,True
bike-sharing,regression,tabpfn_2_6,2,Raw+NystromGram@0.5,hybrid_prediction_mixture,orthogonal_all__m2,2,False,validation,51.9557169084451,0.05068529844338098,0.0,True
bike-sharing,regression,tabpfn_2_6,2,Raw+NystromGram@0.5,hybrid_prediction_mixture,orthogonal_all__m2,2,False,test,53.96273197595647,0.03774638218905976,0.0,True
bike-sharing,regression,tabpfn_2_6,2,Raw+NystromGram@0.5,hybrid_prediction_mixture,orthogonal_all__m3,3,False,validation,51.66646773805547,0.04827408469066979,0.0,True
bike-sharing,regression,tabpfn_2_6,2,Raw+NystromGram@0.5,hybrid_prediction_mixture,orthogonal_all__m3,3,False,test,54.426090605324255,0.044326723137004045,0.0,True
bike-sharing,regression,tabpfn_2_6,2,Raw+NystromGram@0.5,hybrid_prediction_mixture,orthogonal_all__m4,4,False,validation,50.46051136359139,0.0385857706676789,0.0,True
bike-sharing,regression,tabpfn_2_6,2,Raw+NystromGram@0.5,hybrid_prediction_mixture,orthogonal_all__m4,4,False,test,53.37192743736874,0.03294393723685535,0.0,True
bike-sharing,regression,tabpfn_2_6,2,Raw+NystromGram@0.5,hybrid_prediction_mixture,orthogonal_all__m5,5,False,validation,50.79630768335248,0.044580764929639555,0.0,True
bike-sharing,regression,tabpfn_2_6,2,Raw+NystromGram@0.5,hybrid_prediction_mixture,orthogonal_all__m5,5,False,test,53.68544555130608,0.04030309622381839,0.0,True
bike-sharing,regression,tabpfn_2_6,2,Raw+NystromGram@0.5,hybrid_prediction_mixture,orthogonal_all__m6,6,False,validation,51.886220619273224,0.049339536550633244,0.0,True
bike-sharing,regression,tabpfn_2_6,2,Raw+NystromGram@0.5,hybrid_prediction_mixture,orthogonal_all__m6,6,False,test,54.21054095883365,0.04296713473025611,0.0,True
bike-sharing,regression,tabpfn_2_6,2,Raw+NystromGram@0.5,hybrid_prediction_mixture,orthogonal_all__m7,7,False,validation,52.51369744978349,0.04893904590499105,0.0,True
bike-sharing,regression,tabpfn_2_6,2,Raw+NystromGram@0.5,hybrid_prediction_mixture,orthogonal_all__m7,7,False,test,54.19753299583957,0.039329402140057805,0.0,True
bike-sharing,regression,tabpfn_2_6,2,Raw+NystromGram@0.75,hybrid_prediction_mixture,rbf_reference,-1,True,validation,51.26500593239151,0.0,0.0,False
bike-sharing,regression,tabpfn_2_6,2,Raw+NystromGram@0.75,hybrid_prediction_mixture,rbf_reference,-1,True,test,54.01779294062634,0.0,0.0,False
bike-sharing,regression,tabpfn_2_6,2,Raw+NystromGram@0.75,hybrid_prediction_mixture,orthogonal_all__m0,0,False,validation,51.238837598578996,0.019503588199075262,0.0,True
bike-sharing,regression,tabpfn_2_6,2,Raw+NystromGram@0.75,hybrid_prediction_mixture,orthogonal_all__m0,0,False,test,54.08930041662301,0.020535828954255625,0.0,True
bike-sharing,regression,tabpfn_2_6,2,Raw+NystromGram@0.75,hybrid_prediction_mixture,orthogonal_all__m1,1,False,validation,51.4458786602863,0.028644741294853466,0.0,True
bike-sharing,regression,tabpfn_2_6,2,Raw+NystromGram@0.75,hybrid_prediction_mixture,orthogonal_all__m1,1,False,test,54.39704066220195,0.018637579099804957,0.0,True
bike-sharing,regression,tabpfn_2_6,2,Raw+NystromGram@0.75,hybrid_prediction_mixture,orthogonal_all__m2,2,False,validation,51.90367813284899,0.025342649221690484,0.0,True
bike-sharing,regression,tabpfn_2_6,2,Raw+NystromGram@0.75,hybrid_prediction_mixture,orthogonal_all__m2,2,False,test,54.20147957824788,0.01887319109452988,0.0,True
bike-sharing,regression,tabpfn_2_6,2,Raw+NystromGram@0.75,hybrid_prediction_mixture,orthogonal_all__m3,3,False,validation,51.69464326982497,0.024137042345334894,0.0,True
bike-sharing,regression,tabpfn_2_6,2,Raw+NystromGram@0.75,hybrid_prediction_mixture,orthogonal_all__m3,3,False,test,54.33867613561466,0.022163361568502023,0.0,True
bike-sharing,regression,tabpfn_2_6,2,Raw+NystromGram@0.75,hybrid_prediction_mixture,orthogonal_all__m4,4,False,validation,51.147444491889786,0.01929288533383945,0.0,True
bike-sharing,regression,tabpfn_2_6,2,Raw+NystromGram@0.75,hybrid_prediction_mixture,orthogonal_all__m4,4,False,test,53.87637521208787,0.016471968618427674,0.0,True
bike-sharing,regression,tabpfn_2_6,2,Raw+NystromGram@0.75,hybrid_prediction_mixture,orthogonal_all__m5,5,False,validation,51.307668276186845,0.022290382464819777,0.0,True
bike-sharing,regression,tabpfn_2_6,2,Raw+NystromGram@0.75,hybrid_prediction_mixture,orthogonal_all__m5,5,False,test,54.022517054329114,0.020151548111909195,0.0,True
bike-sharing,regression,tabpfn_2_6,2,Raw+NystromGram@0.75,hybrid_prediction_mixture,orthogonal_all__m6,6,False,validation,51.820247593769146,0.024669768275316622,0.0,True
bike-sharing,regression,tabpfn_2_6,2,Raw+NystromGram@0.75,hybrid_prediction_mixture,orthogonal_all__m6,6,False,test,54.21727964915818,0.021483567365128055,0.0,True
bike-sharing,regression,tabpfn_2_6,2,Raw+NystromGram@0.75,hybrid_prediction_mixture,orthogonal_all__m7,7,False,validation,52.16928079954538,0.024469522952495524,0.0,True
bike-sharing,regression,tabpfn_2_6,2,Raw+NystromGram@0.75,hybrid_prediction_mixture,orthogonal_all__m7,7,False,test,54.298261815513975,0.019664701070028906,0.0,True
bike-sharing,regression,tabpfn_2_6,2,Raw+NystromGram@1,hybrid_prediction_mixture,rbf_reference,-1,True,validation,52.1480662640227,0.0,0.0,False
bike-sharing,regression,tabpfn_2_6,2,Raw+NystromGram@1,hybrid_prediction_mixture,rbf_reference,-1,True,test,54.73156228627059,0.0,0.0,False
bike-sharing,regression,tabpfn_2_6,2,Raw+NystromGram@1,hybrid_prediction_mixture,orthogonal_all__m0,0,False,validation,52.1480662640227,0.0,0.0,True
bike-sharing,regression,tabpfn_2_6,2,Raw+NystromGram@1,hybrid_prediction_mixture,orthogonal_all__m0,0,False,test,54.73156228627059,0.0,0.0,True
bike-sharing,regression,tabpfn_2_6,2,Raw+NystromGram@1,hybrid_prediction_mixture,orthogonal_all__m1,1,False,validation,52.1480662640227,0.0,0.0,True
bike-sharing,regression,tabpfn_2_6,2,Raw+NystromGram@1,hybrid_prediction_mixture,orthogonal_all__m1,1,False,test,54.73156228627059,0.0,0.0,True
bike-sharing,regression,tabpfn_2_6,2,Raw+NystromGram@1,hybrid_prediction_mixture,orthogonal_all__m2,2,False,validation,52.1480662640227,0.0,0.0,True
bike-sharing,regression,tabpfn_2_6,2,Raw+NystromGram@1,hybrid_prediction_mixture,orthogonal_all__m2,2,False,test,54.73156228627059,0.0,0.0,True
bike-sharing,regression,tabpfn_2_6,2,Raw+NystromGram@1,hybrid_prediction_mixture,orthogonal_all__m3,3,False,validation,52.1480662640227,0.0,0.0,True
bike-sharing,regression,tabpfn_2_6,2,Raw+NystromGram@1,hybrid_prediction_mixture,orthogonal_all__m3,3,False,test,54.73156228627059,0.0,0.0,True
bike-sharing,regression,tabpfn_2_6,2,Raw+NystromGram@1,hybrid_prediction_mixture,orthogonal_all__m4,4,False,validation,52.1480662640227,0.0,0.0,True
bike-sharing,regression,tabpfn_2_6,2,Raw+NystromGram@1,hybrid_prediction_mixture,orthogonal_all__m4,4,False,test,54.73156228627059,0.0,0.0,True
bike-sharing,regression,tabpfn_2_6,2,Raw+NystromGram@1,hybrid_prediction_mixture,orthogonal_all__m5,5,False,validation,52.1480662640227,0.0,0.0,True
bike-sharing,regression,tabpfn_2_6,2,Raw+NystromGram@1,hybrid_prediction_mixture,orthogonal_all__m5,5,False,test,54.73156228627059,0.0,0.0,True
bike-sharing,regression,tabpfn_2_6,2,Raw+NystromGram@1,hybrid_prediction_mixture,orthogonal_all__m6,6,False,validation,52.1480662640227,0.0,0.0,True
bike-sharing,regression,tabpfn_2_6,2,Raw+NystromGram@1,hybrid_prediction_mixture,orthogonal_all__m6,6,False,test,54.73156228627059,0.0,0.0,True
bike-sharing,regression,tabpfn_2_6,2,Raw+NystromGram@1,hybrid_prediction_mixture,orthogonal_all__m7,7,False,validation,52.1480662640227,0.0,0.0,True
bike-sharing,regression,tabpfn_2_6,2,Raw+NystromGram@1,hybrid_prediction_mixture,orthogonal_all__m7,7,False,test,54.73156228627059,0.0,0.0,True
bike-sharing,regression,tabpfn_2_6,2,Raw+HybridSpectral-t0.01@0.25,hybrid_prediction_mixture,rbf_reference,-1,True,validation,51.0936811356301,0.0,0.0,False
bike-sharing,regression,tabpfn_2_6,2,Raw+HybridSpectral-t0.01@0.25,hybrid_prediction_mixture,rbf_reference,-1,True,test,53.80713070137951,0.0,0.0,False
bike-sharing,regression,tabpfn_2_6,2,Raw+HybridSpectral-t0.01@0.25,hybrid_prediction_mixture,orthogonal_all__m0,0,False,validation,50.69465615701701,0.05851076459722578,0.0,True
bike-sharing,regression,tabpfn_2_6,2,Raw+HybridSpectral-t0.01@0.25,hybrid_prediction_mixture,orthogonal_all__m0,0,False,test,54.4464508083883,0.061607486862766854,0.0,True
bike-sharing,regression,tabpfn_2_6,2,Raw+HybridSpectral-t0.01@0.25,hybrid_prediction_mixture,orthogonal_all__m1,1,False,validation,51.38877680291786,0.0859342238845604,0.0,True
bike-sharing,regression,tabpfn_2_6,2,Raw+HybridSpectral-t0.01@0.25,hybrid_prediction_mixture,orthogonal_all__m1,1,False,test,55.026792528990576,0.05591273729941486,0.0,True
bike-sharing,regression,tabpfn_2_6,2,Raw+HybridSpectral-t0.01@0.25,hybrid_prediction_mixture,orthogonal_all__m2,2,False,validation,52.239764089814926,0.07602794766507147,0.0,True
bike-sharing,regression,tabpfn_2_6,2,Raw+HybridSpectral-t0.01@0.25,hybrid_prediction_mixture,orthogonal_all__m2,2,False,test,54.193389328145294,0.05661957328358963,0.0,True
bike-sharing,regression,tabpfn_2_6,2,Raw+HybridSpectral-t0.01@0.25,hybrid_prediction_mixture,orthogonal_all__m3,3,False,validation,52.098058072952874,0.07241112703600469,0.0,True
bike-sharing,regression,tabpfn_2_6,2,Raw+HybridSpectral-t0.01@0.25,hybrid_prediction_mixture,orthogonal_all__m3,3,False,test,55.36943006648508,0.06649008470550608,0.0,True
bike-sharing,regression,tabpfn_2_6,2,Raw+HybridSpectral-t0.01@0.25,hybrid_prediction_mixture,orthogonal_all__m4,4,False,validation,50.10468456503294,0.05787865600151835,0.0,True
bike-sharing,regression,tabpfn_2_6,2,Raw+HybridSpectral-t0.01@0.25,hybrid_prediction_mixture,orthogonal_all__m4,4,False,test,53.50410790737335,0.04941590585528303,0.0,True
bike-sharing,regression,tabpfn_2_6,2,Raw+HybridSpectral-t0.01@0.25,hybrid_prediction_mixture,orthogonal_all__m5,5,False,validation,50.578099127993745,0.06687114739445935,0.0,True
bike-sharing,regression,tabpfn_2_6,2,Raw+HybridSpectral-t0.01@0.25,hybrid_prediction_mixture,orthogonal_all__m5,5,False,test,54.02868615048328,0.06045464433572758,0.0,True
bike-sharing,regression,tabpfn_2_6,2,Raw+HybridSpectral-t0.01@0.25,hybrid_prediction_mixture,orthogonal_all__m6,6,False,validation,52.43003230634002,0.07400930482594988,0.0,True
bike-sharing,regression,tabpfn_2_6,2,Raw+HybridSpectral-t0.01@0.25,hybrid_prediction_mixture,orthogonal_all__m6,6,False,test,55.18605220507186,0.06445070209538417,0.0,True
bike-sharing,regression,tabpfn_2_6,2,Raw+HybridSpectral-t0.01@0.25,hybrid_prediction_mixture,orthogonal_all__m7,7,False,validation,53.219705305069525,0.07340856885748658,0.0,True
bike-sharing,regression,tabpfn_2_6,2,Raw+HybridSpectral-t0.01@0.25,hybrid_prediction_mixture,orthogonal_all__m7,7,False,test,54.632254871996246,0.058994103210086704,0.0,True
bike-sharing,regression,tabpfn_2_6,2,Raw+HybridSpectral-t0.01@0.5,hybrid_prediction_mixture,rbf_reference,-1,True,validation,50.83634155676246,0.0,0.0,False
bike-sharing,regression,tabpfn_2_6,2,Raw+HybridSpectral-t0.01@0.5,hybrid_prediction_mixture,rbf_reference,-1,True,test,53.949966640051386,0.0,0.0,False
bike-sharing,regression,tabpfn_2_6,2,Raw+HybridSpectral-t0.01@0.5,hybrid_prediction_mixture,orthogonal_all__m0,0,False,validation,50.64799824074675,0.03900717639815052,0.0,True
bike-sharing,regression,tabpfn_2_6,2,Raw+HybridSpectral-t0.01@0.5,hybrid_prediction_mixture,orthogonal_all__m0,0,False,test,54.337229637489266,0.04107165790851125,0.0,True
bike-sharing,regression,tabpfn_2_6,2,Raw+HybridSpectral-t0.01@0.5,hybrid_prediction_mixture,orthogonal_all__m1,1,False,validation,51.13361376566342,0.05728948258970693,0.0,True
bike-sharing,regression,tabpfn_2_6,2,Raw+HybridSpectral-t0.01@0.5,hybrid_prediction_mixture,orthogonal_all__m1,1,False,test,54.85278562871839,0.037275158199609915,0.0,True
bike-sharing,regression,tabpfn_2_6,2,Raw+HybridSpectral-t0.01@0.5,hybrid_prediction_mixture,orthogonal_all__m2,2,False,validation,51.84749214331049,0.05068529844338098,0.0,True
bike-sharing,regression,tabpfn_2_6,2,Raw+HybridSpectral-t0.01@0.5,hybrid_prediction_mixture,orthogonal_all__m2,2,False,test,54.305641783910204,0.03774638218905976,0.0,True
bike-sharing,regression,tabpfn_2_6,2,Raw+HybridSpectral-t0.01@0.5,hybrid_prediction_mixture,orthogonal_all__m3,3,False,validation,51.68891526334722,0.04827408469066979,0.0,True
bike-sharing,regression,tabpfn_2_6,2,Raw+HybridSpectral-t0.01@0.5,hybrid_prediction_mixture,orthogonal_all__m3,3,False,test,55.04361757345545,0.044326723137004045,0.0,True
bike-sharing,regression,tabpfn_2_6,2,Raw+HybridSpectral-t0.01@0.5,hybrid_prediction_mixture,orthogonal_all__m4,4,False,validation,50.44291916284701,0.0385857706676789,0.0,True
bike-sharing,regression,tabpfn_2_6,2,Raw+HybridSpectral-t0.01@0.5,hybrid_prediction_mixture,orthogonal_all__m4,4,False,test,53.849970283763724,0.03294393723685535,0.0,True
bike-sharing,regression,tabpfn_2_6,2,Raw+HybridSpectral-t0.01@0.5,hybrid_prediction_mixture,orthogonal_all__m5,5,False,validation,50.711921711916645,0.044580764929639555,0.0,True
bike-sharing,regression,tabpfn_2_6,2,Raw+HybridSpectral-t0.01@0.5,hybrid_prediction_mixture,orthogonal_all__m5,5,False,test,54.197902908869644,0.04030309622381839,0.0,True
bike-sharing,regression,tabpfn_2_6,2,Raw+HybridSpectral-t0.01@0.5,hybrid_prediction_mixture,orthogonal_all__m6,6,False,validation,51.97837182902919,0.049339536550633244,0.0,True
bike-sharing,regression,tabpfn_2_6,2,Raw+HybridSpectral-t0.01@0.5,hybrid_prediction_mixture,orthogonal_all__m6,6,False,test,54.957302649312766,0.04296713473025611,0.0,True
bike-sharing,regression,tabpfn_2_6,2,Raw+HybridSpectral-t0.01@0.5,hybrid_prediction_mixture,orthogonal_all__m7,7,False,validation,52.55137552508844,0.04893904590499105,0.0,True
bike-sharing,regression,tabpfn_2_6,2,Raw+HybridSpectral-t0.01@0.5,hybrid_prediction_mixture,orthogonal_all__m7,7,False,test,54.57652852841035,0.039329402140057805,0.0,True
bike-sharing,regression,tabpfn_2_6,2,Raw+HybridSpectral-t0.01@0.75,hybrid_prediction_mixture,rbf_reference,-1,True,validation,51.14550826020909,0.0,0.0,False
bike-sharing,regression,tabpfn_2_6,2,Raw+HybridSpectral-t0.01@0.75,hybrid_prediction_mixture,rbf_reference,-1,True,test,54.479598690353306,0.0,0.0,False
bike-sharing,regression,tabpfn_2_6,2,Raw+HybridSpectral-t0.01@0.75,hybrid_prediction_mixture,orthogonal_all__m0,0,False,validation,51.090975861539455,0.019503588199075262,0.0,True
bike-sharing,regression,tabpfn_2_6,2,Raw+HybridSpectral-t0.01@0.75,hybrid_prediction_mixture,orthogonal_all__m0,0,False,test,54.65247234942711,0.020535828954255625,0.0,True
bike-sharing,regression,tabpfn_2_6,2,Raw+HybridSpectral-t0.01@0.75,hybrid_prediction_mixture,orthogonal_all__m1,1,False,validation,51.34291712870553,0.028644741294853466,0.0,True
bike-sharing,regression,tabpfn_2_6,2,Raw+HybridSpectral-t0.01@0.75,hybrid_prediction_mixture,orthogonal_all__m1,1,False,test,54.972802399535205,0.018637579099804957,0.0,True
bike-sharing,regression,tabpfn_2_6,2,Raw+HybridSpectral-t0.01@0.75,hybrid_prediction_mixture,orthogonal_all__m2,2,False,validation,51.770798723604024,0.025342649221690484,0.0,True
bike-sharing,regression,tabpfn_2_6,2,Raw+HybridSpectral-t0.01@0.75,hybrid_prediction_mixture,orthogonal_all__m2,2,False,test,54.7048912350879,0.01887319109452988,0.0,True
bike-sharing,regression,tabpfn_2_6,2,Raw+HybridSpectral-t0.01@0.75,hybrid_prediction_mixture,orthogonal_all__m3,3,False,validation,51.65970917868536,0.024137042345334894,0.0,True
bike-sharing,regression,tabpfn_2_6,2,Raw+HybridSpectral-t0.01@0.75,hybrid_prediction_mixture,orthogonal_all__m3,3,False,test,55.048815773348714,0.022163361568502023,0.0,True
bike-sharing,regression,tabpfn_2_6,2,Raw+HybridSpectral-t0.01@0.75,hybrid_prediction_mixture,orthogonal_all__m4,4,False,validation,51.08208196812411,0.01929288533383945,0.0,True
bike-sharing,regression,tabpfn_2_6,2,Raw+HybridSpectral-t0.01@0.75,hybrid_prediction_mixture,orthogonal_all__m4,4,False,test,54.48014613611109,0.016471968618427674,0.0,True
bike-sharing,regression,tabpfn_2_6,2,Raw+HybridSpectral-t0.01@0.75,hybrid_prediction_mixture,orthogonal_all__m5,5,False,validation,51.19279027588707,0.022290382464819777,0.0,True
bike-sharing,regression,tabpfn_2_6,2,Raw+HybridSpectral-t0.01@0.75,hybrid_prediction_mixture,orthogonal_all__m5,5,False,test,54.65232457795844,0.020151548111909195,0.0,True
bike-sharing,regression,tabpfn_2_6,2,Raw+HybridSpectral-t0.01@0.75,hybrid_prediction_mixture,orthogonal_all__m6,6,False,validation,51.83788047137581,0.024669768275316622,0.0,True
bike-sharing,regression,tabpfn_2_6,2,Raw+HybridSpectral-t0.01@0.75,hybrid_prediction_mixture,orthogonal_all__m6,6,False,test,55.02395120550311,0.021483567365128055,0.0,True
bike-sharing,regression,tabpfn_2_6,2,Raw+HybridSpectral-t0.01@0.75,hybrid_prediction_mixture,orthogonal_all__m7,7,False,validation,52.14644955931162,0.024469522952495524,0.0,True
bike-sharing,regression,tabpfn_2_6,2,Raw+HybridSpectral-t0.01@0.75,hybrid_prediction_mixture,orthogonal_all__m7,7,False,test,54.82882380509851,0.019664701070028906,0.0,True
bike-sharing,regression,tabpfn_2_6,2,Raw+HybridSpectral-t0.01@1,hybrid_prediction_mixture,rbf_reference,-1,True,validation,52.0110798671528,0.0,0.0,False
bike-sharing,regression,tabpfn_2_6,2,Raw+HybridSpectral-t0.01@1,hybrid_prediction_mixture,rbf_reference,-1,True,test,55.38493146437216,0.0,0.0,False
bike-sharing,regression,tabpfn_2_6,2,Raw+HybridSpectral-t0.01@1,hybrid_prediction_mixture,orthogonal_all__m0,0,False,validation,52.0110798671528,0.0,0.0,True
bike-sharing,regression,tabpfn_2_6,2,Raw+HybridSpectral-t0.01@1,hybrid_prediction_mixture,orthogonal_all__m0,0,False,test,55.38493146437216,0.0,0.0,True
bike-sharing,regression,tabpfn_2_6,2,Raw+HybridSpectral-t0.01@1,hybrid_prediction_mixture,orthogonal_all__m1,1,False,validation,52.0110798671528,0.0,0.0,True
bike-sharing,regression,tabpfn_2_6,2,Raw+HybridSpectral-t0.01@1,hybrid_prediction_mixture,orthogonal_all__m1,1,False,test,55.38493146437216,0.0,0.0,True
bike-sharing,regression,tabpfn_2_6,2,Raw+HybridSpectral-t0.01@1,hybrid_prediction_mixture,orthogonal_all__m2,2,False,validation,52.0110798671528,0.0,0.0,True
bike-sharing,regression,tabpfn_2_6,2,Raw+HybridSpectral-t0.01@1,hybrid_prediction_mixture,orthogonal_all__m2,2,False,test,55.38493146437216,0.0,0.0,True
bike-sharing,regression,tabpfn_2_6,2,Raw+HybridSpectral-t0.01@1,hybrid_prediction_mixture,orthogonal_all__m3,3,False,validation,52.0110798671528,0.0,0.0,True
bike-sharing,regression,tabpfn_2_6,2,Raw+HybridSpectral-t0.01@1,hybrid_prediction_mixture,orthogonal_all__m3,3,False,test,55.38493146437216,0.0,0.0,True
bike-sharing,regression,tabpfn_2_6,2,Raw+HybridSpectral-t0.01@1,hybrid_prediction_mixture,orthogonal_all__m4,4,False,validation,52.0110798671528,0.0,0.0,True
bike-sharing,regression,tabpfn_2_6,2,Raw+HybridSpectral-t0.01@1,hybrid_prediction_mixture,orthogonal_all__m4,4,False,test,55.38493146437216,0.0,0.0,True
bike-sharing,regression,tabpfn_2_6,2,Raw+HybridSpectral-t0.01@1,hybrid_prediction_mixture,orthogonal_all__m5,5,False,validation,52.0110798671528,0.0,0.0,True
bike-sharing,regression,tabpfn_2_6,2,Raw+HybridSpectral-t0.01@1,hybrid_prediction_mixture,orthogonal_all__m5,5,False,test,55.38493146437216,0.0,0.0,True
bike-sharing,regression,tabpfn_2_6,2,Raw+HybridSpectral-t0.01@1,hybrid_prediction_mixture,orthogonal_all__m6,6,False,validation,52.0110798671528,0.0,0.0,True
bike-sharing,regression,tabpfn_2_6,2,Raw+HybridSpectral-t0.01@1,hybrid_prediction_mixture,orthogonal_all__m6,6,False,test,55.38493146437216,0.0,0.0,True
bike-sharing,regression,tabpfn_2_6,2,Raw+HybridSpectral-t0.01@1,hybrid_prediction_mixture,orthogonal_all__m7,7,False,validation,52.0110798671528,0.0,0.0,True
bike-sharing,regression,tabpfn_2_6,2,Raw+HybridSpectral-t0.01@1,hybrid_prediction_mixture,orthogonal_all__m7,7,False,test,55.38493146437216,0.0,0.0,True
bike-sharing,regression,tabpfn_2_6,2,Raw+HybridSpectral-t0.05@0.25,hybrid_prediction_mixture,rbf_reference,-1,True,validation,50.81076613573094,0.0,0.0,False
bike-sharing,regression,tabpfn_2_6,2,Raw+HybridSpectral-t0.05@0.25,hybrid_prediction_mixture,rbf_reference,-1,True,test,53.71013662225072,0.0,0.0,False
bike-sharing,regression,tabpfn_2_6,2,Raw+HybridSpectral-t0.05@0.25,hybrid_prediction_mixture,orthogonal_all__m0,0,False,validation,50.475463682219704,0.05851076459722578,0.0,True
bike-sharing,regression,tabpfn_2_6,2,Raw+HybridSpectral-t0.05@0.25,hybrid_prediction_mixture,orthogonal_all__m0,0,False,test,54.28686698046579,0.061607486862766854,0.0,True
bike-sharing,regression,tabpfn_2_6,2,Raw+HybridSpectral-t0.05@0.25,hybrid_prediction_mixture,orthogonal_all__m1,1,False,validation,51.21501468888948,0.0859342238845604,0.0,True
bike-sharing,regression,tabpfn_2_6,2,Raw+HybridSpectral-t0.05@0.25,hybrid_prediction_mixture,orthogonal_all__m1,1,False,test,54.92708182023914,0.05591273729941486,0.0,True
bike-sharing,regression,tabpfn_2_6,2,Raw+HybridSpectral-t0.05@0.25,hybrid_prediction_mixture,orthogonal_all__m2,2,False,validation,52.048156516184335,0.07602794766507147,0.0,True
bike-sharing,regression,tabpfn_2_6,2,Raw+HybridSpectral-t0.05@0.25,hybrid_prediction_mixture,orthogonal_all__m2,2,False,test,54.08164629407431,0.05661957328358963,0.0,True
bike-sharing,regression,tabpfn_2_6,2,Raw+HybridSpectral-t0.05@0.25,hybrid_prediction_mixture,orthogonal_all__m3,3,False,validation,51.90875240777792,0.07241112703600469,0.0,True
bike-sharing,regression,tabpfn_2_6,2,Raw+HybridSpectral-t0.05@0.25,hybrid_prediction_mixture,orthogonal_all__m3,3,False,test,55.27857276284141,0.06649008470550608,0.0,True
bike-sharing,regression,tabpfn_2_6,2,Raw+HybridSpectral-t0.05@0.25,hybrid_prediction_mixture,orthogonal_all__m4,4,False,validation,49.918103922582084,0.05787865600151835,0.0,True
bike-sharing,regression,tabpfn_2_6,2,Raw+HybridSpectral-t0.05@0.25,hybrid_prediction_mixture,orthogonal_all__m4,4,False,test,53.45341182787795,0.04941590585528303,0.0,True
bike-sharing,regression,tabpfn_2_6,2,Raw+HybridSpectral-t0.05@0.25,hybrid_prediction_mixture,orthogonal_all__m5,5,False,validation,50.38611854936305,0.06687114739445935,0.0,True
bike-sharing,regression,tabpfn_2_6,2,Raw+HybridSpectral-t0.05@0.25,hybrid_prediction_mixture,orthogonal_all__m5,5,False,test,53.89886872819032,0.06045464433572758,0.0,True
bike-sharing,regression,tabpfn_2_6,2,Raw+HybridSpectral-t0.05@0.25,hybrid_prediction_mixture,orthogonal_all__m6,6,False,validation,52.27655452392989,0.07400930482594988,0.0,True
bike-sharing,regression,tabpfn_2_6,2,Raw+HybridSpectral-t0.05@0.25,hybrid_prediction_mixture,orthogonal_all__m6,6,False,test,55.069982625964926,0.06445070209538417,0.0,True
bike-sharing,regression,tabpfn_2_6,2,Raw+HybridSpectral-t0.05@0.25,hybrid_prediction_mixture,orthogonal_all__m7,7,False,validation,53.01496698778839,0.07340856885748658,0.0,True
bike-sharing,regression,tabpfn_2_6,2,Raw+HybridSpectral-t0.05@0.25,hybrid_prediction_mixture,orthogonal_all__m7,7,False,test,54.55168819417916,0.058994103210086704,0.0,True
bike-sharing,regression,tabpfn_2_6,2,Raw+HybridSpectral-t0.05@0.5,hybrid_prediction_mixture,rbf_reference,-1,True,validation,50.33533340298789,0.0,0.0,False
bike-sharing,regression,tabpfn_2_6,2,Raw+HybridSpectral-t0.05@0.5,hybrid_prediction_mixture,rbf_reference,-1,True,test,53.75118964050011,0.0,0.0,False
bike-sharing,regression,tabpfn_2_6,2,Raw+HybridSpectral-t0.05@0.5,hybrid_prediction_mixture,orthogonal_all__m0,0,False,validation,50.23350125866223,0.03900717639815052,0.0,True
bike-sharing,regression,tabpfn_2_6,2,Raw+HybridSpectral-t0.05@0.5,hybrid_prediction_mixture,orthogonal_all__m0,0,False,test,54.05455229977377,0.04107165790851125,0.0,True
bike-sharing,regression,tabpfn_2_6,2,Raw+HybridSpectral-t0.05@0.5,hybrid_prediction_mixture,orthogonal_all__m1,1,False,validation,50.78018789462666,0.05728948258970693,0.0,True
bike-sharing,regression,tabpfn_2_6,2,Raw+HybridSpectral-t0.05@0.5,hybrid_prediction_mixture,orthogonal_all__m1,1,False,test,54.650765697539676,0.037275158199609915,0.0,True
bike-sharing,regression,tabpfn_2_6,2,Raw+HybridSpectral-t0.05@0.5,hybrid_prediction_mixture,orthogonal_all__m2,2,False,validation,51.471077922289375,0.05068529844338098,0.0,True
bike-sharing,regression,tabpfn_2_6,2,Raw+HybridSpectral-t0.05@0.5,hybrid_prediction_mixture,orthogonal_all__m2,2,False,test,54.08758600629749,0.03774638218905976,0.0,True
bike-sharing,regression,tabpfn_2_6,2,Raw+HybridSpectral-t0.05@0.5,hybrid_prediction_mixture,orthogonal_all__m3,3,False,validation,51.31514803655853,0.04827408469066979,0.0,True
bike-sharing,regression,tabpfn_2_6,2,Raw+HybridSpectral-t0.05@0.5,hybrid_prediction_mixture,orthogonal_all__m3,3,False,test,54.85336636650165,0.044326723137004045,0.0,True
bike-sharing,regression,tabpfn_2_6,2,Raw+HybridSpectral-t0.05@0.5,hybrid_prediction_mixture,orthogonal_all__m4,4,False,validation,50.073521615606985,0.0385857706676789,0.0,True
bike-sharing,regression,tabpfn_2_6,2,Raw+HybridSpectral-t0.05@0.5,hybrid_prediction_mixture,orthogonal_all__m4,4,False,test,53.712994102145146,0.03294393723685535,0.0,True
bike-sharing,regression,tabpfn_2_6,2,Raw+HybridSpectral-t0.05@0.5,hybrid_prediction_mixture,orthogonal_all__m5,5,False,validation,50.33495147484272,0.044580764929639555,0.0,True
bike-sharing,regression,tabpfn_2_6,2,Raw+HybridSpectral-t0.05@0.5,hybrid_prediction_mixture,orthogonal_all__m5,5,False,test,53.955794086578884,0.04030309622381839,0.0,True
bike-sharing,regression,tabpfn_2_6,2,Raw+HybridSpectral-t0.05@0.5,hybrid_prediction_mixture,orthogonal_all__m6,6,False,validation,51.6534302168116,0.049339536550633244,0.0,True
bike-sharing,regression,tabpfn_2_6,2,Raw+HybridSpectral-t0.05@0.5,hybrid_prediction_mixture,orthogonal_all__m6,6,False,test,54.73333680215429,0.04296713473025611,0.0,True
bike-sharing,regression,tabpfn_2_6,2,Raw+HybridSpectral-t0.05@0.5,hybrid_prediction_mixture,orthogonal_all__m7,7,False,validation,52.15744645164417,0.04893904590499105,0.0,True
bike-sharing,regression,tabpfn_2_6,2,Raw+HybridSpectral-t0.05@0.5,hybrid_prediction_mixture,orthogonal_all__m7,7,False,test,54.400044925345924,0.039329402140057805,0.0,True
bike-sharing,regression,tabpfn_2_6,2,Raw+HybridSpectral-t0.05@0.75,hybrid_prediction_mixture,rbf_reference,-1,True,validation,50.5004000281782,0.0,0.0,False
bike-sharing,regression,tabpfn_2_6,2,Raw+HybridSpectral-t0.05@0.75,hybrid_prediction_mixture,rbf_reference,-1,True,test,54.176440916550554,0.0,0.0,False
bike-sharing,regression,tabpfn_2_6,2,Raw+HybridSpectral-t0.05@0.75,hybrid_prediction_mixture,orthogonal_all__m0,0,False,validation,50.51108561535489,0.019503588199075262,0.0,True
bike-sharing,regression,tabpfn_2_6,2,Raw+HybridSpectral-t0.05@0.75,hybrid_prediction_mixture,orthogonal_all__m0,0,False,test,54.28654778199182,0.020535828954255625,0.0,True
bike-sharing,regression,tabpfn_2_6,2,Raw+HybridSpectral-t0.05@0.75,hybrid_prediction_mixture,orthogonal_all__m1,1,False,validation,50.80870173571241,0.028644741294853466,0.0,True
bike-sharing,regression,tabpfn_2_6,2,Raw+HybridSpectral-t0.05@0.75,hybrid_prediction_mixture,orthogonal_all__m1,1,False,test,54.667486133661406,0.018637579099804957,0.0,True
bike-sharing,regression,tabpfn_2_6,2,Raw+HybridSpectral-t0.05@0.75,hybrid_prediction_mixture,orthogonal_all__m2,2,False,validation,51.220024693024406,0.025342649221690484,0.0,True
bike-sharing,regression,tabpfn_2_6,2,Raw+HybridSpectral-t0.05@0.75,hybrid_prediction_mixture,orthogonal_all__m2,2,False,test,54.38763424994024,0.01887319109452988,0.0,True
bike-sharing,regression,tabpfn_2_6,2,Raw+HybridSpectral-t0.05@0.75,hybrid_prediction_mixture,orthogonal_all__m3,3,False,validation,51.1106071034768,0.024137042345334894,0.0,True
bike-sharing,regression,tabpfn_2_6,2,Raw+HybridSpectral-t0.05@0.75,hybrid_prediction_mixture,orthogonal_all__m3,3,False,test,54.752237891382144,0.022163361568502023,0.0,True
bike-sharing,regression,tabpfn_2_6,2,Raw+HybridSpectral-t0.05@0.75,hybrid_prediction_mixture,orthogonal_all__m4,4,False,validation,50.53686245269696,0.01929288533383945,0.0,True
bike-sharing,regression,tabpfn_2_6,2,Raw+HybridSpectral-t0.05@0.75,hybrid_prediction_mixture,orthogonal_all__m4,4,False,test,54.22317411721613,0.016471968618427674,0.0,True
bike-sharing,regression,tabpfn_2_6,2,Raw+HybridSpectral-t0.05@0.75,hybrid_prediction_mixture,orthogonal_all__m5,5,False,validation,50.6416458243674,0.022290382464819777,0.0,True
bike-sharing,regression,tabpfn_2_6,2,Raw+HybridSpectral-t0.05@0.75,hybrid_prediction_mixture,orthogonal_all__m5,5,False,test,54.31716413862965,0.020151548111909195,0.0,True
bike-sharing,regression,tabpfn_2_6,2,Raw+HybridSpectral-t0.05@0.75,hybrid_prediction_mixture,orthogonal_all__m6,6,False,validation,51.32595251444056,0.024669768275316622,0.0,True
bike-sharing,regression,tabpfn_2_6,2,Raw+HybridSpectral-t0.05@0.75,hybrid_prediction_mixture,orthogonal_all__m6,6,False,test,54.702161291541266,0.021483567365128055,0.0,True
bike-sharing,regression,tabpfn_2_6,2,Raw+HybridSpectral-t0.05@0.75,hybrid_prediction_mixture,orthogonal_all__m7,7,False,validation,51.582551101124146,0.024469522952495524,0.0,True
bike-sharing,regression,tabpfn_2_6,2,Raw+HybridSpectral-t0.05@0.75,hybrid_prediction_mixture,orthogonal_all__m7,7,False,test,54.542570048942245,0.019664701070028906,0.0,True
bike-sharing,regression,tabpfn_2_6,2,Raw+HybridSpectral-t0.05@1,hybrid_prediction_mixture,rbf_reference,-1,True,validation,51.29978360527614,0.0,0.0,False
bike-sharing,regression,tabpfn_2_6,2,Raw+HybridSpectral-t0.05@1,hybrid_prediction_mixture,rbf_reference,-1,True,test,54.97697576101558,0.0,0.0,False
bike-sharing,regression,tabpfn_2_6,2,Raw+HybridSpectral-t0.05@1,hybrid_prediction_mixture,orthogonal_all__m0,0,False,validation,51.29978360527614,0.0,0.0,True
bike-sharing,regression,tabpfn_2_6,2,Raw+HybridSpectral-t0.05@1,hybrid_prediction_mixture,orthogonal_all__m0,0,False,test,54.97697576101558,0.0,0.0,True
bike-sharing,regression,tabpfn_2_6,2,Raw+HybridSpectral-t0.05@1,hybrid_prediction_mixture,orthogonal_all__m1,1,False,validation,51.29978360527614,0.0,0.0,True
bike-sharing,regression,tabpfn_2_6,2,Raw+HybridSpectral-t0.05@1,hybrid_prediction_mixture,orthogonal_all__m1,1,False,test,54.97697576101558,0.0,0.0,True
bike-sharing,regression,tabpfn_2_6,2,Raw+HybridSpectral-t0.05@1,hybrid_prediction_mixture,orthogonal_all__m2,2,False,validation,51.29978360527614,0.0,0.0,True
bike-sharing,regression,tabpfn_2_6,2,Raw+HybridSpectral-t0.05@1,hybrid_prediction_mixture,orthogonal_all__m2,2,False,test,54.97697576101558,0.0,0.0,True
bike-sharing,regression,tabpfn_2_6,2,Raw+HybridSpectral-t0.05@1,hybrid_prediction_mixture,orthogonal_all__m3,3,False,validation,51.29978360527614,0.0,0.0,True
bike-sharing,regression,tabpfn_2_6,2,Raw+HybridSpectral-t0.05@1,hybrid_prediction_mixture,orthogonal_all__m3,3,False,test,54.97697576101558,0.0,0.0,True
bike-sharing,regression,tabpfn_2_6,2,Raw+HybridSpectral-t0.05@1,hybrid_prediction_mixture,orthogonal_all__m4,4,False,validation,51.29978360527614,0.0,0.0,True
bike-sharing,regression,tabpfn_2_6,2,Raw+HybridSpectral-t0.05@1,hybrid_prediction_mixture,orthogonal_all__m4,4,False,test,54.97697576101558,0.0,0.0,True
bike-sharing,regression,tabpfn_2_6,2,Raw+HybridSpectral-t0.05@1,hybrid_prediction_mixture,orthogonal_all__m5,5,False,validation,51.29978360527614,0.0,0.0,True
bike-sharing,regression,tabpfn_2_6,2,Raw+HybridSpectral-t0.05@1,hybrid_prediction_mixture,orthogonal_all__m5,5,False,test,54.97697576101558,0.0,0.0,True
bike-sharing,regression,tabpfn_2_6,2,Raw+HybridSpectral-t0.05@1,hybrid_prediction_mixture,orthogonal_all__m6,6,False,validation,51.29978360527614,0.0,0.0,True
bike-sharing,regression,tabpfn_2_6,2,Raw+HybridSpectral-t0.05@1,hybrid_prediction_mixture,orthogonal_all__m6,6,False,test,54.97697576101558,0.0,0.0,True
bike-sharing,regression,tabpfn_2_6,2,Raw+HybridSpectral-t0.05@1,hybrid_prediction_mixture,orthogonal_all__m7,7,False,validation,51.29978360527614,0.0,0.0,True
bike-sharing,regression,tabpfn_2_6,2,Raw+HybridSpectral-t0.05@1,hybrid_prediction_mixture,orthogonal_all__m7,7,False,test,54.97697576101558,0.0,0.0,True
bike-sharing,regression,tabpfn_2_6,2,Raw+HybridSpectral-t0.10@0.25,hybrid_prediction_mixture,rbf_reference,-1,True,validation,50.81076613573094,0.0,0.0,False
bike-sharing,regression,tabpfn_2_6,2,Raw+HybridSpectral-t0.10@0.25,hybrid_prediction_mixture,rbf_reference,-1,True,test,53.71013662225072,0.0,0.0,False
bike-sharing,regression,tabpfn_2_6,2,Raw+HybridSpectral-t0.10@0.25,hybrid_prediction_mixture,orthogonal_all__m0,0,False,validation,50.475463682219704,0.05851076459722578,0.0,True
bike-sharing,regression,tabpfn_2_6,2,Raw+HybridSpectral-t0.10@0.25,hybrid_prediction_mixture,orthogonal_all__m0,0,False,test,54.28686698046579,0.061607486862766854,0.0,True
bike-sharing,regression,tabpfn_2_6,2,Raw+HybridSpectral-t0.10@0.25,hybrid_prediction_mixture,orthogonal_all__m1,1,False,validation,51.21501468888948,0.0859342238845604,0.0,True
bike-sharing,regression,tabpfn_2_6,2,Raw+HybridSpectral-t0.10@0.25,hybrid_prediction_mixture,orthogonal_all__m1,1,False,test,54.92708182023914,0.05591273729941486,0.0,True
bike-sharing,regression,tabpfn_2_6,2,Raw+HybridSpectral-t0.10@0.25,hybrid_prediction_mixture,orthogonal_all__m2,2,False,validation,52.048156516184335,0.07602794766507147,0.0,True
bike-sharing,regression,tabpfn_2_6,2,Raw+HybridSpectral-t0.10@0.25,hybrid_prediction_mixture,orthogonal_all__m2,2,False,test,54.08164629407431,0.05661957328358963,0.0,True
bike-sharing,regression,tabpfn_2_6,2,Raw+HybridSpectral-t0.10@0.25,hybrid_prediction_mixture,orthogonal_all__m3,3,False,validation,51.90875240777792,0.07241112703600469,0.0,True
bike-sharing,regression,tabpfn_2_6,2,Raw+HybridSpectral-t0.10@0.25,hybrid_prediction_mixture,orthogonal_all__m3,3,False,test,55.27857276284141,0.06649008470550608,0.0,True
bike-sharing,regression,tabpfn_2_6,2,Raw+HybridSpectral-t0.10@0.25,hybrid_prediction_mixture,orthogonal_all__m4,4,False,validation,49.918103922582084,0.05787865600151835,0.0,True
bike-sharing,regression,tabpfn_2_6,2,Raw+HybridSpectral-t0.10@0.25,hybrid_prediction_mixture,orthogonal_all__m4,4,False,test,53.45341182787795,0.04941590585528303,0.0,True
bike-sharing,regression,tabpfn_2_6,2,Raw+HybridSpectral-t0.10@0.25,hybrid_prediction_mixture,orthogonal_all__m5,5,False,validation,50.38611854936305,0.06687114739445935,0.0,True
bike-sharing,regression,tabpfn_2_6,2,Raw+HybridSpectral-t0.10@0.25,hybrid_prediction_mixture,orthogonal_all__m5,5,False,test,53.89886872819032,0.06045464433572758,0.0,True
bike-sharing,regression,tabpfn_2_6,2,Raw+HybridSpectral-t0.10@0.25,hybrid_prediction_mixture,orthogonal_all__m6,6,False,validation,52.27655452392989,0.07400930482594988,0.0,True
bike-sharing,regression,tabpfn_2_6,2,Raw+HybridSpectral-t0.10@0.25,hybrid_prediction_mixture,orthogonal_all__m6,6,False,test,55.069982625964926,0.06445070209538417,0.0,True
bike-sharing,regression,tabpfn_2_6,2,Raw+HybridSpectral-t0.10@0.25,hybrid_prediction_mixture,orthogonal_all__m7,7,False,validation,53.01496698778839,0.07340856885748658,0.0,True
bike-sharing,regression,tabpfn_2_6,2,Raw+HybridSpectral-t0.10@0.25,hybrid_prediction_mixture,orthogonal_all__m7,7,False,test,54.55168819417916,0.058994103210086704,0.0,True
bike-sharing,regression,tabpfn_2_6,2,Raw+HybridSpectral-t0.10@0.5,hybrid_prediction_mixture,rbf_reference,-1,True,validation,50.33533340298789,0.0,0.0,False
bike-sharing,regression,tabpfn_2_6,2,Raw+HybridSpectral-t0.10@0.5,hybrid_prediction_mixture,rbf_reference,-1,True,test,53.75118964050011,0.0,0.0,False
bike-sharing,regression,tabpfn_2_6,2,Raw+HybridSpectral-t0.10@0.5,hybrid_prediction_mixture,orthogonal_all__m0,0,False,validation,50.23350125866223,0.03900717639815052,0.0,True
bike-sharing,regression,tabpfn_2_6,2,Raw+HybridSpectral-t0.10@0.5,hybrid_prediction_mixture,orthogonal_all__m0,0,False,test,54.05455229977377,0.04107165790851125,0.0,True
bike-sharing,regression,tabpfn_2_6,2,Raw+HybridSpectral-t0.10@0.5,hybrid_prediction_mixture,orthogonal_all__m1,1,False,validation,50.78018789462666,0.05728948258970693,0.0,True
bike-sharing,regression,tabpfn_2_6,2,Raw+HybridSpectral-t0.10@0.5,hybrid_prediction_mixture,orthogonal_all__m1,1,False,test,54.650765697539676,0.037275158199609915,0.0,True
bike-sharing,regression,tabpfn_2_6,2,Raw+HybridSpectral-t0.10@0.5,hybrid_prediction_mixture,orthogonal_all__m2,2,False,validation,51.471077922289375,0.05068529844338098,0.0,True
bike-sharing,regression,tabpfn_2_6,2,Raw+HybridSpectral-t0.10@0.5,hybrid_prediction_mixture,orthogonal_all__m2,2,False,test,54.08758600629749,0.03774638218905976,0.0,True
bike-sharing,regression,tabpfn_2_6,2,Raw+HybridSpectral-t0.10@0.5,hybrid_prediction_mixture,orthogonal_all__m3,3,False,validation,51.31514803655853,0.04827408469066979,0.0,True
bike-sharing,regression,tabpfn_2_6,2,Raw+HybridSpectral-t0.10@0.5,hybrid_prediction_mixture,orthogonal_all__m3,3,False,test,54.85336636650165,0.044326723137004045,0.0,True
bike-sharing,regression,tabpfn_2_6,2,Raw+HybridSpectral-t0.10@0.5,hybrid_prediction_mixture,orthogonal_all__m4,4,False,validation,50.073521615606985,0.0385857706676789,0.0,True
bike-sharing,regression,tabpfn_2_6,2,Raw+HybridSpectral-t0.10@0.5,hybrid_prediction_mixture,orthogonal_all__m4,4,False,test,53.712994102145146,0.03294393723685535,0.0,True
bike-sharing,regression,tabpfn_2_6,2,Raw+HybridSpectral-t0.10@0.5,hybrid_prediction_mixture,orthogonal_all__m5,5,False,validation,50.33495147484272,0.044580764929639555,0.0,True
bike-sharing,regression,tabpfn_2_6,2,Raw+HybridSpectral-t0.10@0.5,hybrid_prediction_mixture,orthogonal_all__m5,5,False,test,53.955794086578884,0.04030309622381839,0.0,True
bike-sharing,regression,tabpfn_2_6,2,Raw+HybridSpectral-t0.10@0.5,hybrid_prediction_mixture,orthogonal_all__m6,6,False,validation,51.6534302168116,0.049339536550633244,0.0,True
bike-sharing,regression,tabpfn_2_6,2,Raw+HybridSpectral-t0.10@0.5,hybrid_prediction_mixture,orthogonal_all__m6,6,False,test,54.73333680215429,0.04296713473025611,0.0,True
bike-sharing,regression,tabpfn_2_6,2,Raw+HybridSpectral-t0.10@0.5,hybrid_prediction_mixture,orthogonal_all__m7,7,False,validation,52.15744645164417,0.04893904590499105,0.0,True
bike-sharing,regression,tabpfn_2_6,2,Raw+HybridSpectral-t0.10@0.5,hybrid_prediction_mixture,orthogonal_all__m7,7,False,test,54.400044925345924,0.039329402140057805,0.0,True
bike-sharing,regression,tabpfn_2_6,2,Raw+HybridSpectral-t0.10@0.75,hybrid_prediction_mixture,rbf_reference,-1,True,validation,50.5004000281782,0.0,0.0,False
bike-sharing,regression,tabpfn_2_6,2,Raw+HybridSpectral-t0.10@0.75,hybrid_prediction_mixture,rbf_reference,-1,True,test,54.176440916550554,0.0,0.0,False
bike-sharing,regression,tabpfn_2_6,2,Raw+HybridSpectral-t0.10@0.75,hybrid_prediction_mixture,orthogonal_all__m0,0,False,validation,50.51108561535489,0.019503588199075262,0.0,True
bike-sharing,regression,tabpfn_2_6,2,Raw+HybridSpectral-t0.10@0.75,hybrid_prediction_mixture,orthogonal_all__m0,0,False,test,54.28654778199182,0.020535828954255625,0.0,True
bike-sharing,regression,tabpfn_2_6,2,Raw+HybridSpectral-t0.10@0.75,hybrid_prediction_mixture,orthogonal_all__m1,1,False,validation,50.80870173571241,0.028644741294853466,0.0,True
bike-sharing,regression,tabpfn_2_6,2,Raw+HybridSpectral-t0.10@0.75,hybrid_prediction_mixture,orthogonal_all__m1,1,False,test,54.667486133661406,0.018637579099804957,0.0,True
bike-sharing,regression,tabpfn_2_6,2,Raw+HybridSpectral-t0.10@0.75,hybrid_prediction_mixture,orthogonal_all__m2,2,False,validation,51.220024693024406,0.025342649221690484,0.0,True
bike-sharing,regression,tabpfn_2_6,2,Raw+HybridSpectral-t0.10@0.75,hybrid_prediction_mixture,orthogonal_all__m2,2,False,test,54.38763424994024,0.01887319109452988,0.0,True
bike-sharing,regression,tabpfn_2_6,2,Raw+HybridSpectral-t0.10@0.75,hybrid_prediction_mixture,orthogonal_all__m3,3,False,validation,51.1106071034768,0.024137042345334894,0.0,True
bike-sharing,regression,tabpfn_2_6,2,Raw+HybridSpectral-t0.10@0.75,hybrid_prediction_mixture,orthogonal_all__m3,3,False,test,54.752237891382144,0.022163361568502023,0.0,True
bike-sharing,regression,tabpfn_2_6,2,Raw+HybridSpectral-t0.10@0.75,hybrid_prediction_mixture,orthogonal_all__m4,4,False,validation,50.53686245269696,0.01929288533383945,0.0,True
bike-sharing,regression,tabpfn_2_6,2,Raw+HybridSpectral-t0.10@0.75,hybrid_prediction_mixture,orthogonal_all__m4,4,False,test,54.22317411721613,0.016471968618427674,0.0,True
bike-sharing,regression,tabpfn_2_6,2,Raw+HybridSpectral-t0.10@0.75,hybrid_prediction_mixture,orthogonal_all__m5,5,False,validation,50.6416458243674,0.022290382464819777,0.0,True
bike-sharing,regression,tabpfn_2_6,2,Raw+HybridSpectral-t0.10@0.75,hybrid_prediction_mixture,orthogonal_all__m5,5,False,test,54.31716413862965,0.020151548111909195,0.0,True
bike-sharing,regression,tabpfn_2_6,2,Raw+HybridSpectral-t0.10@0.75,hybrid_prediction_mixture,orthogonal_all__m6,6,False,validation,51.32595251444056,0.024669768275316622,0.0,True
bike-sharing,regression,tabpfn_2_6,2,Raw+HybridSpectral-t0.10@0.75,hybrid_prediction_mixture,orthogonal_all__m6,6,False,test,54.702161291541266,0.021483567365128055,0.0,True
bike-sharing,regression,tabpfn_2_6,2,Raw+HybridSpectral-t0.10@0.75,hybrid_prediction_mixture,orthogonal_all__m7,7,False,validation,51.582551101124146,0.024469522952495524,0.0,True
bike-sharing,regression,tabpfn_2_6,2,Raw+HybridSpectral-t0.10@0.75,hybrid_prediction_mixture,orthogonal_all__m7,7,False,test,54.542570048942245,0.019664701070028906,0.0,True
bike-sharing,regression,tabpfn_2_6,2,Raw+HybridSpectral-t0.10@1,hybrid_prediction_mixture,rbf_reference,-1,True,validation,51.29978360527614,0.0,0.0,False
bike-sharing,regression,tabpfn_2_6,2,Raw+HybridSpectral-t0.10@1,hybrid_prediction_mixture,rbf_reference,-1,True,test,54.97697576101558,0.0,0.0,False
bike-sharing,regression,tabpfn_2_6,2,Raw+HybridSpectral-t0.10@1,hybrid_prediction_mixture,orthogonal_all__m0,0,False,validation,51.29978360527614,0.0,0.0,True
bike-sharing,regression,tabpfn_2_6,2,Raw+HybridSpectral-t0.10@1,hybrid_prediction_mixture,orthogonal_all__m0,0,False,test,54.97697576101558,0.0,0.0,True
bike-sharing,regression,tabpfn_2_6,2,Raw+HybridSpectral-t0.10@1,hybrid_prediction_mixture,orthogonal_all__m1,1,False,validation,51.29978360527614,0.0,0.0,True
bike-sharing,regression,tabpfn_2_6,2,Raw+HybridSpectral-t0.10@1,hybrid_prediction_mixture,orthogonal_all__m1,1,False,test,54.97697576101558,0.0,0.0,True
bike-sharing,regression,tabpfn_2_6,2,Raw+HybridSpectral-t0.10@1,hybrid_prediction_mixture,orthogonal_all__m2,2,False,validation,51.29978360527614,0.0,0.0,True
bike-sharing,regression,tabpfn_2_6,2,Raw+HybridSpectral-t0.10@1,hybrid_prediction_mixture,orthogonal_all__m2,2,False,test,54.97697576101558,0.0,0.0,True
bike-sharing,regression,tabpfn_2_6,2,Raw+HybridSpectral-t0.10@1,hybrid_prediction_mixture,orthogonal_all__m3,3,False,validation,51.29978360527614,0.0,0.0,True
bike-sharing,regression,tabpfn_2_6,2,Raw+HybridSpectral-t0.10@1,hybrid_prediction_mixture,orthogonal_all__m3,3,False,test,54.97697576101558,0.0,0.0,True
bike-sharing,regression,tabpfn_2_6,2,Raw+HybridSpectral-t0.10@1,hybrid_prediction_mixture,orthogonal_all__m4,4,False,validation,51.29978360527614,0.0,0.0,True
bike-sharing,regression,tabpfn_2_6,2,Raw+HybridSpectral-t0.10@1,hybrid_prediction_mixture,orthogonal_all__m4,4,False,test,54.97697576101558,0.0,0.0,True
bike-sharing,regression,tabpfn_2_6,2,Raw+HybridSpectral-t0.10@1,hybrid_prediction_mixture,orthogonal_all__m5,5,False,validation,51.29978360527614,0.0,0.0,True
bike-sharing,regression,tabpfn_2_6,2,Raw+HybridSpectral-t0.10@1,hybrid_prediction_mixture,orthogonal_all__m5,5,False,test,54.97697576101558,0.0,0.0,True
bike-sharing,regression,tabpfn_2_6,2,Raw+HybridSpectral-t0.10@1,hybrid_prediction_mixture,orthogonal_all__m6,6,False,validation,51.29978360527614,0.0,0.0,True
bike-sharing,regression,tabpfn_2_6,2,Raw+HybridSpectral-t0.10@1,hybrid_prediction_mixture,orthogonal_all__m6,6,False,test,54.97697576101558,0.0,0.0,True
bike-sharing,regression,tabpfn_2_6,2,Raw+HybridSpectral-t0.10@1,hybrid_prediction_mixture,orthogonal_all__m7,7,False,validation,51.29978360527614,0.0,0.0,True
bike-sharing,regression,tabpfn_2_6,2,Raw+HybridSpectral-t0.10@1,hybrid_prediction_mixture,orthogonal_all__m7,7,False,test,54.97697576101558,0.0,0.0,True
