dataset,problem_type,model,seed,method,track,representation_id,member,is_reference,split,task_error,disagreement,fit_seconds,prediction_reused_due_to_coordinate_identity
wine-quality-red,regression,tabpfn_2_6,0,Raw,representation,rbf_reference,-1,True,validation,0.6345329943556799,0.0,1.714994384907186,False
wine-quality-red,regression,tabpfn_2_6,0,Raw,representation,rbf_reference,-1,True,test,0.6487749137296394,0.0,1.714994384907186,False
wine-quality-red,regression,tabpfn_2_6,0,Raw,representation,orthogonal_all__m0,0,False,validation,0.6324260926883034,0.2386780484731977,0.1823824278544634,False
wine-quality-red,regression,tabpfn_2_6,0,Raw,representation,orthogonal_all__m0,0,False,test,0.6304244186440128,0.2419291188784418,0.1823824278544634,False
wine-quality-red,regression,tabpfn_2_6,0,Raw,representation,orthogonal_all__m1,1,False,validation,0.6208615289211499,0.20793750658020227,0.1551077871117741,False
wine-quality-red,regression,tabpfn_2_6,0,Raw,representation,orthogonal_all__m1,1,False,test,0.6253194968742231,0.21922509255981376,0.1551077871117741,False
wine-quality-red,regression,tabpfn_2_6,0,Raw,representation,orthogonal_all__m2,2,False,validation,0.6139865380885484,0.2747581663718973,0.1698397719301283,False
wine-quality-red,regression,tabpfn_2_6,0,Raw,representation,orthogonal_all__m2,2,False,test,0.6218144790154307,0.26430273157314466,0.1698397719301283,False
wine-quality-red,regression,tabpfn_2_6,0,Raw,representation,orthogonal_all__m3,3,False,validation,0.6203710629957807,0.2652278441872728,0.1834470829926431,False
wine-quality-red,regression,tabpfn_2_6,0,Raw,representation,orthogonal_all__m3,3,False,test,0.6228946987220626,0.278927378013822,0.1834470829926431,False
wine-quality-red,regression,tabpfn_2_6,0,Raw,representation,orthogonal_all__m4,4,False,validation,0.6371397018118716,0.2500621175988639,0.2500790769699961,False
wine-quality-red,regression,tabpfn_2_6,0,Raw,representation,orthogonal_all__m4,4,False,test,0.6298295600603171,0.24880804155396014,0.2500790769699961,False
wine-quality-red,regression,tabpfn_2_6,0,Raw,representation,orthogonal_all__m5,5,False,validation,0.6258986814990559,0.2612752027124044,0.2229220739100128,False
wine-quality-red,regression,tabpfn_2_6,0,Raw,representation,orthogonal_all__m5,5,False,test,0.6279067968599829,0.2650358802715027,0.2229220739100128,False
wine-quality-red,regression,tabpfn_2_6,0,Raw,representation,orthogonal_all__m6,6,False,validation,0.6253224672701913,0.275997358039276,0.1725255299825221,False
wine-quality-red,regression,tabpfn_2_6,0,Raw,representation,orthogonal_all__m6,6,False,test,0.6192537538203892,0.24988029340258294,0.1725255299825221,False
wine-quality-red,regression,tabpfn_2_6,0,Raw,representation,orthogonal_all__m7,7,False,validation,0.6193886730437347,0.2160858263421107,0.4734800930600613,False
wine-quality-red,regression,tabpfn_2_6,0,Raw,representation,orthogonal_all__m7,7,False,test,0.6206776586672806,0.21682293471755062,0.4734800930600613,False
wine-quality-red,regression,tabpfn_2_6,0,PCA,representation,pca__v1__rbf_reference,-1,True,validation,0.6307566739024548,0.0,0.5444827568717301,False
wine-quality-red,regression,tabpfn_2_6,0,PCA,representation,pca__v1__rbf_reference,-1,True,test,0.6284934046694095,0.0,0.5444827568717301,False
wine-quality-red,regression,tabpfn_2_6,0,PCA,representation,pca__v1__orthogonal_all__m0,0,False,validation,0.6307566739024548,0.0,0.0,True
wine-quality-red,regression,tabpfn_2_6,0,PCA,representation,pca__v1__orthogonal_all__m0,0,False,test,0.6284934046694095,0.0,0.0,True
wine-quality-red,regression,tabpfn_2_6,0,PCA,representation,pca__v1__orthogonal_all__m1,1,False,validation,0.6307566739024548,0.0,0.0,True
wine-quality-red,regression,tabpfn_2_6,0,PCA,representation,pca__v1__orthogonal_all__m1,1,False,test,0.6284934046694095,0.0,0.0,True
wine-quality-red,regression,tabpfn_2_6,0,PCA,representation,pca__v1__orthogonal_all__m2,2,False,validation,0.6307566739024548,0.0,0.0,True
wine-quality-red,regression,tabpfn_2_6,0,PCA,representation,pca__v1__orthogonal_all__m2,2,False,test,0.6284934046694095,0.0,0.0,True
wine-quality-red,regression,tabpfn_2_6,0,PCA,representation,pca__v1__orthogonal_all__m3,3,False,validation,0.6307566739024548,0.0,0.0,True
wine-quality-red,regression,tabpfn_2_6,0,PCA,representation,pca__v1__orthogonal_all__m3,3,False,test,0.6284934046694095,0.0,0.0,True
wine-quality-red,regression,tabpfn_2_6,0,PCA,representation,pca__v1__orthogonal_all__m4,4,False,validation,0.6307566739024548,0.0,0.0,True
wine-quality-red,regression,tabpfn_2_6,0,PCA,representation,pca__v1__orthogonal_all__m4,4,False,test,0.6284934046694095,0.0,0.0,True
wine-quality-red,regression,tabpfn_2_6,0,PCA,representation,pca__v1__orthogonal_all__m5,5,False,validation,0.6307566739024548,0.0,0.0,True
wine-quality-red,regression,tabpfn_2_6,0,PCA,representation,pca__v1__orthogonal_all__m5,5,False,test,0.6284934046694095,0.0,0.0,True
wine-quality-red,regression,tabpfn_2_6,0,PCA,representation,pca__v1__orthogonal_all__m6,6,False,validation,0.6307566739024548,0.0,0.0,True
wine-quality-red,regression,tabpfn_2_6,0,PCA,representation,pca__v1__orthogonal_all__m6,6,False,test,0.6284934046694095,0.0,0.0,True
wine-quality-red,regression,tabpfn_2_6,0,PCA,representation,pca__v1__orthogonal_all__m7,7,False,validation,0.6307566739024548,0.0,0.0,True
wine-quality-red,regression,tabpfn_2_6,0,PCA,representation,pca__v1__orthogonal_all__m7,7,False,test,0.6284934046694095,0.0,0.0,True
wine-quality-red,regression,tabpfn_2_6,0,GramAnchor,representation,gram_anchor__pivot_tie_v2__rbf_reference,-1,True,validation,0.6296524334248609,0.0,0.4311941231135279,False
wine-quality-red,regression,tabpfn_2_6,0,GramAnchor,representation,gram_anchor__pivot_tie_v2__rbf_reference,-1,True,test,0.6446235324774067,0.0,0.4311941231135279,False
wine-quality-red,regression,tabpfn_2_6,0,GramAnchor,representation,gram_anchor__pivot_tie_v2__orthogonal_all__m0,0,False,validation,0.6296524334248609,0.0,0.0,True
wine-quality-red,regression,tabpfn_2_6,0,GramAnchor,representation,gram_anchor__pivot_tie_v2__orthogonal_all__m0,0,False,test,0.6446235324774067,0.0,0.0,True
wine-quality-red,regression,tabpfn_2_6,0,GramAnchor,representation,gram_anchor__pivot_tie_v2__orthogonal_all__m1,1,False,validation,0.6296524334248609,0.0,0.0,True
wine-quality-red,regression,tabpfn_2_6,0,GramAnchor,representation,gram_anchor__pivot_tie_v2__orthogonal_all__m1,1,False,test,0.6446235324774067,0.0,0.0,True
wine-quality-red,regression,tabpfn_2_6,0,GramAnchor,representation,gram_anchor__pivot_tie_v2__orthogonal_all__m2,2,False,validation,0.6296524334248609,0.0,0.0,True
wine-quality-red,regression,tabpfn_2_6,0,GramAnchor,representation,gram_anchor__pivot_tie_v2__orthogonal_all__m2,2,False,test,0.6446235324774067,0.0,0.0,True
wine-quality-red,regression,tabpfn_2_6,0,GramAnchor,representation,gram_anchor__pivot_tie_v2__orthogonal_all__m3,3,False,validation,0.6296524334248609,0.0,0.0,True
wine-quality-red,regression,tabpfn_2_6,0,GramAnchor,representation,gram_anchor__pivot_tie_v2__orthogonal_all__m3,3,False,test,0.6446235324774067,0.0,0.0,True
wine-quality-red,regression,tabpfn_2_6,0,GramAnchor,representation,gram_anchor__pivot_tie_v2__orthogonal_all__m4,4,False,validation,0.6296524334248609,0.0,0.0,True
wine-quality-red,regression,tabpfn_2_6,0,GramAnchor,representation,gram_anchor__pivot_tie_v2__orthogonal_all__m4,4,False,test,0.6446235324774067,0.0,0.0,True
wine-quality-red,regression,tabpfn_2_6,0,GramAnchor,representation,gram_anchor__pivot_tie_v2__orthogonal_all__m5,5,False,validation,0.6296524334248609,0.0,0.0,True
wine-quality-red,regression,tabpfn_2_6,0,GramAnchor,representation,gram_anchor__pivot_tie_v2__orthogonal_all__m5,5,False,test,0.6446235324774067,0.0,0.0,True
wine-quality-red,regression,tabpfn_2_6,0,GramAnchor,representation,gram_anchor__pivot_tie_v2__orthogonal_all__m6,6,False,validation,0.6296524334248609,0.0,0.0,True
wine-quality-red,regression,tabpfn_2_6,0,GramAnchor,representation,gram_anchor__pivot_tie_v2__orthogonal_all__m6,6,False,test,0.6446235324774067,0.0,0.0,True
wine-quality-red,regression,tabpfn_2_6,0,GramAnchor,representation,gram_anchor__pivot_tie_v2__orthogonal_all__m7,7,False,validation,0.6296524334248609,0.0,0.0,True
wine-quality-red,regression,tabpfn_2_6,0,GramAnchor,representation,gram_anchor__pivot_tie_v2__orthogonal_all__m7,7,False,test,0.6446235324774067,0.0,0.0,True
wine-quality-red,regression,tabpfn_2_6,0,GramAnchor-m8,representation,gram_anchor__pivot_tie_v2__rbf_reference,-1,True,validation,0.6169559448061358,0.0,0.49897074699401855,False
wine-quality-red,regression,tabpfn_2_6,0,GramAnchor-m8,representation,gram_anchor__pivot_tie_v2__rbf_reference,-1,True,test,0.6356701904785099,0.0,0.49897074699401855,False
wine-quality-red,regression,tabpfn_2_6,0,GramAnchor-m8,representation,gram_anchor__pivot_tie_v2__orthogonal_all__m0,0,False,validation,0.6169559448061358,0.0,0.0,True
wine-quality-red,regression,tabpfn_2_6,0,GramAnchor-m8,representation,gram_anchor__pivot_tie_v2__orthogonal_all__m0,0,False,test,0.6356701904785099,0.0,0.0,True
wine-quality-red,regression,tabpfn_2_6,0,GramAnchor-m8,representation,gram_anchor__pivot_tie_v2__orthogonal_all__m1,1,False,validation,0.6169559448061358,0.0,0.0,True
wine-quality-red,regression,tabpfn_2_6,0,GramAnchor-m8,representation,gram_anchor__pivot_tie_v2__orthogonal_all__m1,1,False,test,0.6356701904785099,0.0,0.0,True
wine-quality-red,regression,tabpfn_2_6,0,GramAnchor-m8,representation,gram_anchor__pivot_tie_v2__orthogonal_all__m2,2,False,validation,0.6169559448061358,0.0,0.0,True
wine-quality-red,regression,tabpfn_2_6,0,GramAnchor-m8,representation,gram_anchor__pivot_tie_v2__orthogonal_all__m2,2,False,test,0.6356701904785099,0.0,0.0,True
wine-quality-red,regression,tabpfn_2_6,0,GramAnchor-m8,representation,gram_anchor__pivot_tie_v2__orthogonal_all__m3,3,False,validation,0.6169559448061358,0.0,0.0,True
wine-quality-red,regression,tabpfn_2_6,0,GramAnchor-m8,representation,gram_anchor__pivot_tie_v2__orthogonal_all__m3,3,False,test,0.6356701904785099,0.0,0.0,True
wine-quality-red,regression,tabpfn_2_6,0,GramAnchor-m8,representation,gram_anchor__pivot_tie_v2__orthogonal_all__m4,4,False,validation,0.6169559448061358,0.0,0.0,True
wine-quality-red,regression,tabpfn_2_6,0,GramAnchor-m8,representation,gram_anchor__pivot_tie_v2__orthogonal_all__m4,4,False,test,0.6356701904785099,0.0,0.0,True
wine-quality-red,regression,tabpfn_2_6,0,GramAnchor-m8,representation,gram_anchor__pivot_tie_v2__orthogonal_all__m5,5,False,validation,0.6169559448061358,0.0,0.0,True
wine-quality-red,regression,tabpfn_2_6,0,GramAnchor-m8,representation,gram_anchor__pivot_tie_v2__orthogonal_all__m5,5,False,test,0.6356701904785099,0.0,0.0,True
wine-quality-red,regression,tabpfn_2_6,0,GramAnchor-m8,representation,gram_anchor__pivot_tie_v2__orthogonal_all__m6,6,False,validation,0.6169559448061358,0.0,0.0,True
wine-quality-red,regression,tabpfn_2_6,0,GramAnchor-m8,representation,gram_anchor__pivot_tie_v2__orthogonal_all__m6,6,False,test,0.6356701904785099,0.0,0.0,True
wine-quality-red,regression,tabpfn_2_6,0,GramAnchor-m8,representation,gram_anchor__pivot_tie_v2__orthogonal_all__m7,7,False,validation,0.6169559448061358,0.0,0.0,True
wine-quality-red,regression,tabpfn_2_6,0,GramAnchor-m8,representation,gram_anchor__pivot_tie_v2__orthogonal_all__m7,7,False,test,0.6356701904785099,0.0,0.0,True
wine-quality-red,regression,tabpfn_2_6,0,GramDistance,representation,gram_distance__pivot_tie_v2__rbf_reference,-1,True,validation,0.6326194608801785,0.0,0.2824967480264604,False
wine-quality-red,regression,tabpfn_2_6,0,GramDistance,representation,gram_distance__pivot_tie_v2__rbf_reference,-1,True,test,0.6344482101952902,0.0,0.2824967480264604,False
wine-quality-red,regression,tabpfn_2_6,0,GramDistance,representation,gram_distance__pivot_tie_v2__orthogonal_all__m0,0,False,validation,0.6326194608801785,0.0,0.0,True
wine-quality-red,regression,tabpfn_2_6,0,GramDistance,representation,gram_distance__pivot_tie_v2__orthogonal_all__m0,0,False,test,0.6344482101952902,0.0,0.0,True
wine-quality-red,regression,tabpfn_2_6,0,GramDistance,representation,gram_distance__pivot_tie_v2__orthogonal_all__m1,1,False,validation,0.6326194608801785,0.0,0.0,True
wine-quality-red,regression,tabpfn_2_6,0,GramDistance,representation,gram_distance__pivot_tie_v2__orthogonal_all__m1,1,False,test,0.6344482101952902,0.0,0.0,True
wine-quality-red,regression,tabpfn_2_6,0,GramDistance,representation,gram_distance__pivot_tie_v2__orthogonal_all__m2,2,False,validation,0.6326194608801785,0.0,0.0,True
wine-quality-red,regression,tabpfn_2_6,0,GramDistance,representation,gram_distance__pivot_tie_v2__orthogonal_all__m2,2,False,test,0.6344482101952902,0.0,0.0,True
wine-quality-red,regression,tabpfn_2_6,0,GramDistance,representation,gram_distance__pivot_tie_v2__orthogonal_all__m3,3,False,validation,0.6326194608801785,0.0,0.0,True
wine-quality-red,regression,tabpfn_2_6,0,GramDistance,representation,gram_distance__pivot_tie_v2__orthogonal_all__m3,3,False,test,0.6344482101952902,0.0,0.0,True
wine-quality-red,regression,tabpfn_2_6,0,GramDistance,representation,gram_distance__pivot_tie_v2__orthogonal_all__m4,4,False,validation,0.6326194608801785,0.0,0.0,True
wine-quality-red,regression,tabpfn_2_6,0,GramDistance,representation,gram_distance__pivot_tie_v2__orthogonal_all__m4,4,False,test,0.6344482101952902,0.0,0.0,True
wine-quality-red,regression,tabpfn_2_6,0,GramDistance,representation,gram_distance__pivot_tie_v2__orthogonal_all__m5,5,False,validation,0.6326194608801785,0.0,0.0,True
wine-quality-red,regression,tabpfn_2_6,0,GramDistance,representation,gram_distance__pivot_tie_v2__orthogonal_all__m5,5,False,test,0.6344482101952902,0.0,0.0,True
wine-quality-red,regression,tabpfn_2_6,0,GramDistance,representation,gram_distance__pivot_tie_v2__orthogonal_all__m6,6,False,validation,0.6326194608801785,0.0,0.0,True
wine-quality-red,regression,tabpfn_2_6,0,GramDistance,representation,gram_distance__pivot_tie_v2__orthogonal_all__m6,6,False,test,0.6344482101952902,0.0,0.0,True
wine-quality-red,regression,tabpfn_2_6,0,GramDistance,representation,gram_distance__pivot_tie_v2__orthogonal_all__m7,7,False,validation,0.6326194608801785,0.0,0.0,True
wine-quality-red,regression,tabpfn_2_6,0,GramDistance,representation,gram_distance__pivot_tie_v2__orthogonal_all__m7,7,False,test,0.6344482101952902,0.0,0.0,True
wine-quality-red,regression,tabpfn_2_6,0,NystromGram,representation,nystrom_gram__nystrom_degeneracy_v3__rbf_reference,-1,True,validation,0.6248649594986085,0.0,0.5013037989847362,False
wine-quality-red,regression,tabpfn_2_6,0,NystromGram,representation,nystrom_gram__nystrom_degeneracy_v3__rbf_reference,-1,True,test,0.6300217475947487,0.0,0.5013037989847362,False
wine-quality-red,regression,tabpfn_2_6,0,NystromGram,representation,nystrom_gram__nystrom_degeneracy_v3__orthogonal_all__m0,0,False,validation,0.6248649594986085,0.0,0.0,True
wine-quality-red,regression,tabpfn_2_6,0,NystromGram,representation,nystrom_gram__nystrom_degeneracy_v3__orthogonal_all__m0,0,False,test,0.6300217475947487,0.0,0.0,True
wine-quality-red,regression,tabpfn_2_6,0,NystromGram,representation,nystrom_gram__nystrom_degeneracy_v3__orthogonal_all__m1,1,False,validation,0.6248649594986085,0.0,0.0,True
wine-quality-red,regression,tabpfn_2_6,0,NystromGram,representation,nystrom_gram__nystrom_degeneracy_v3__orthogonal_all__m1,1,False,test,0.6300217475947487,0.0,0.0,True
wine-quality-red,regression,tabpfn_2_6,0,NystromGram,representation,nystrom_gram__nystrom_degeneracy_v3__orthogonal_all__m2,2,False,validation,0.6248649594986085,0.0,0.0,True
wine-quality-red,regression,tabpfn_2_6,0,NystromGram,representation,nystrom_gram__nystrom_degeneracy_v3__orthogonal_all__m2,2,False,test,0.6300217475947487,0.0,0.0,True
wine-quality-red,regression,tabpfn_2_6,0,NystromGram,representation,nystrom_gram__nystrom_degeneracy_v3__orthogonal_all__m3,3,False,validation,0.6248649594986085,0.0,0.0,True
wine-quality-red,regression,tabpfn_2_6,0,NystromGram,representation,nystrom_gram__nystrom_degeneracy_v3__orthogonal_all__m3,3,False,test,0.6300217475947487,0.0,0.0,True
wine-quality-red,regression,tabpfn_2_6,0,NystromGram,representation,nystrom_gram__nystrom_degeneracy_v3__orthogonal_all__m4,4,False,validation,0.6248649594986085,0.0,0.0,True
wine-quality-red,regression,tabpfn_2_6,0,NystromGram,representation,nystrom_gram__nystrom_degeneracy_v3__orthogonal_all__m4,4,False,test,0.6300217475947487,0.0,0.0,True
wine-quality-red,regression,tabpfn_2_6,0,NystromGram,representation,nystrom_gram__nystrom_degeneracy_v3__orthogonal_all__m5,5,False,validation,0.6248649594986085,0.0,0.0,True
wine-quality-red,regression,tabpfn_2_6,0,NystromGram,representation,nystrom_gram__nystrom_degeneracy_v3__orthogonal_all__m5,5,False,test,0.6300217475947487,0.0,0.0,True
wine-quality-red,regression,tabpfn_2_6,0,NystromGram,representation,nystrom_gram__nystrom_degeneracy_v3__orthogonal_all__m6,6,False,validation,0.6248649594986085,0.0,0.0,True
wine-quality-red,regression,tabpfn_2_6,0,NystromGram,representation,nystrom_gram__nystrom_degeneracy_v3__orthogonal_all__m6,6,False,test,0.6300217475947487,0.0,0.0,True
wine-quality-red,regression,tabpfn_2_6,0,NystromGram,representation,nystrom_gram__nystrom_degeneracy_v3__orthogonal_all__m7,7,False,validation,0.6248649594986085,0.0,0.0,True
wine-quality-red,regression,tabpfn_2_6,0,NystromGram,representation,nystrom_gram__nystrom_degeneracy_v3__orthogonal_all__m7,7,False,test,0.6300217475947487,0.0,0.0,True
wine-quality-red,regression,tabpfn_2_6,0,HybridSpectral-t0.01,representation,hybrid_spectral__pivot_tie_v2__rbf_reference,-1,True,validation,0.6349196533272898,0.0,0.3341547669842839,False
wine-quality-red,regression,tabpfn_2_6,0,HybridSpectral-t0.01,representation,hybrid_spectral__pivot_tie_v2__rbf_reference,-1,True,test,0.6290525138918467,0.0,0.3341547669842839,False
wine-quality-red,regression,tabpfn_2_6,0,HybridSpectral-t0.01,representation,hybrid_spectral__pivot_tie_v2__orthogonal_all__m0,0,False,validation,0.6349196533272898,0.0,0.0,True
wine-quality-red,regression,tabpfn_2_6,0,HybridSpectral-t0.01,representation,hybrid_spectral__pivot_tie_v2__orthogonal_all__m0,0,False,test,0.6290525138918467,0.0,0.0,True
wine-quality-red,regression,tabpfn_2_6,0,HybridSpectral-t0.01,representation,hybrid_spectral__pivot_tie_v2__orthogonal_all__m1,1,False,validation,0.6349196533272898,0.0,0.0,True
wine-quality-red,regression,tabpfn_2_6,0,HybridSpectral-t0.01,representation,hybrid_spectral__pivot_tie_v2__orthogonal_all__m1,1,False,test,0.6290525138918467,0.0,0.0,True
wine-quality-red,regression,tabpfn_2_6,0,HybridSpectral-t0.01,representation,hybrid_spectral__pivot_tie_v2__orthogonal_all__m2,2,False,validation,0.6349196533272898,0.0,0.0,True
wine-quality-red,regression,tabpfn_2_6,0,HybridSpectral-t0.01,representation,hybrid_spectral__pivot_tie_v2__orthogonal_all__m2,2,False,test,0.6290525138918467,0.0,0.0,True
wine-quality-red,regression,tabpfn_2_6,0,HybridSpectral-t0.01,representation,hybrid_spectral__pivot_tie_v2__orthogonal_all__m3,3,False,validation,0.6349196533272898,0.0,0.0,True
wine-quality-red,regression,tabpfn_2_6,0,HybridSpectral-t0.01,representation,hybrid_spectral__pivot_tie_v2__orthogonal_all__m3,3,False,test,0.6290525138918467,0.0,0.0,True
wine-quality-red,regression,tabpfn_2_6,0,HybridSpectral-t0.01,representation,hybrid_spectral__pivot_tie_v2__orthogonal_all__m4,4,False,validation,0.6349196533272898,0.0,0.0,True
wine-quality-red,regression,tabpfn_2_6,0,HybridSpectral-t0.01,representation,hybrid_spectral__pivot_tie_v2__orthogonal_all__m4,4,False,test,0.6290525138918467,0.0,0.0,True
wine-quality-red,regression,tabpfn_2_6,0,HybridSpectral-t0.01,representation,hybrid_spectral__pivot_tie_v2__orthogonal_all__m5,5,False,validation,0.6349196533272898,0.0,0.0,True
wine-quality-red,regression,tabpfn_2_6,0,HybridSpectral-t0.01,representation,hybrid_spectral__pivot_tie_v2__orthogonal_all__m5,5,False,test,0.6290525138918467,0.0,0.0,True
wine-quality-red,regression,tabpfn_2_6,0,HybridSpectral-t0.01,representation,hybrid_spectral__pivot_tie_v2__orthogonal_all__m6,6,False,validation,0.6349196533272898,0.0,0.0,True
wine-quality-red,regression,tabpfn_2_6,0,HybridSpectral-t0.01,representation,hybrid_spectral__pivot_tie_v2__orthogonal_all__m6,6,False,test,0.6290525138918467,0.0,0.0,True
wine-quality-red,regression,tabpfn_2_6,0,HybridSpectral-t0.01,representation,hybrid_spectral__pivot_tie_v2__orthogonal_all__m7,7,False,validation,0.6349196533272898,0.0,0.0,True
wine-quality-red,regression,tabpfn_2_6,0,HybridSpectral-t0.01,representation,hybrid_spectral__pivot_tie_v2__orthogonal_all__m7,7,False,test,0.6290525138918467,0.0,0.0,True
wine-quality-red,regression,tabpfn_2_6,0,HybridSpectral-t0.05,representation,hybrid_spectral__pivot_tie_v2__rbf_reference,-1,True,validation,0.6319906032742042,0.0,0.30920728482306004,False
wine-quality-red,regression,tabpfn_2_6,0,HybridSpectral-t0.05,representation,hybrid_spectral__pivot_tie_v2__rbf_reference,-1,True,test,0.6273008303411274,0.0,0.30920728482306004,False
wine-quality-red,regression,tabpfn_2_6,0,HybridSpectral-t0.05,representation,hybrid_spectral__pivot_tie_v2__orthogonal_all__m0,0,False,validation,0.6319906032742042,0.0,0.0,True
wine-quality-red,regression,tabpfn_2_6,0,HybridSpectral-t0.05,representation,hybrid_spectral__pivot_tie_v2__orthogonal_all__m0,0,False,test,0.6273008303411274,0.0,0.0,True
wine-quality-red,regression,tabpfn_2_6,0,HybridSpectral-t0.05,representation,hybrid_spectral__pivot_tie_v2__orthogonal_all__m1,1,False,validation,0.6319906032742042,0.0,0.0,True
wine-quality-red,regression,tabpfn_2_6,0,HybridSpectral-t0.05,representation,hybrid_spectral__pivot_tie_v2__orthogonal_all__m1,1,False,test,0.6273008303411274,0.0,0.0,True
wine-quality-red,regression,tabpfn_2_6,0,HybridSpectral-t0.05,representation,hybrid_spectral__pivot_tie_v2__orthogonal_all__m2,2,False,validation,0.6319906032742042,0.0,0.0,True
wine-quality-red,regression,tabpfn_2_6,0,HybridSpectral-t0.05,representation,hybrid_spectral__pivot_tie_v2__orthogonal_all__m2,2,False,test,0.6273008303411274,0.0,0.0,True
wine-quality-red,regression,tabpfn_2_6,0,HybridSpectral-t0.05,representation,hybrid_spectral__pivot_tie_v2__orthogonal_all__m3,3,False,validation,0.6319906032742042,0.0,0.0,True
wine-quality-red,regression,tabpfn_2_6,0,HybridSpectral-t0.05,representation,hybrid_spectral__pivot_tie_v2__orthogonal_all__m3,3,False,test,0.6273008303411274,0.0,0.0,True
wine-quality-red,regression,tabpfn_2_6,0,HybridSpectral-t0.05,representation,hybrid_spectral__pivot_tie_v2__orthogonal_all__m4,4,False,validation,0.6319906032742042,0.0,0.0,True
wine-quality-red,regression,tabpfn_2_6,0,HybridSpectral-t0.05,representation,hybrid_spectral__pivot_tie_v2__orthogonal_all__m4,4,False,test,0.6273008303411274,0.0,0.0,True
wine-quality-red,regression,tabpfn_2_6,0,HybridSpectral-t0.05,representation,hybrid_spectral__pivot_tie_v2__orthogonal_all__m5,5,False,validation,0.6319906032742042,0.0,0.0,True
wine-quality-red,regression,tabpfn_2_6,0,HybridSpectral-t0.05,representation,hybrid_spectral__pivot_tie_v2__orthogonal_all__m5,5,False,test,0.6273008303411274,0.0,0.0,True
wine-quality-red,regression,tabpfn_2_6,0,HybridSpectral-t0.05,representation,hybrid_spectral__pivot_tie_v2__orthogonal_all__m6,6,False,validation,0.6319906032742042,0.0,0.0,True
wine-quality-red,regression,tabpfn_2_6,0,HybridSpectral-t0.05,representation,hybrid_spectral__pivot_tie_v2__orthogonal_all__m6,6,False,test,0.6273008303411274,0.0,0.0,True
wine-quality-red,regression,tabpfn_2_6,0,HybridSpectral-t0.05,representation,hybrid_spectral__pivot_tie_v2__orthogonal_all__m7,7,False,validation,0.6319906032742042,0.0,0.0,True
wine-quality-red,regression,tabpfn_2_6,0,HybridSpectral-t0.05,representation,hybrid_spectral__pivot_tie_v2__orthogonal_all__m7,7,False,test,0.6273008303411274,0.0,0.0,True
wine-quality-red,regression,tabpfn_2_6,0,HybridSpectral-t0.10,representation,hybrid_spectral__pivot_tie_v2__rbf_reference,-1,True,validation,0.6319906032742042,0.0,0.2815844640135765,False
wine-quality-red,regression,tabpfn_2_6,0,HybridSpectral-t0.10,representation,hybrid_spectral__pivot_tie_v2__rbf_reference,-1,True,test,0.6273008303411274,0.0,0.2815844640135765,False
wine-quality-red,regression,tabpfn_2_6,0,HybridSpectral-t0.10,representation,hybrid_spectral__pivot_tie_v2__orthogonal_all__m0,0,False,validation,0.6319906032742042,0.0,0.0,True
wine-quality-red,regression,tabpfn_2_6,0,HybridSpectral-t0.10,representation,hybrid_spectral__pivot_tie_v2__orthogonal_all__m0,0,False,test,0.6273008303411274,0.0,0.0,True
wine-quality-red,regression,tabpfn_2_6,0,HybridSpectral-t0.10,representation,hybrid_spectral__pivot_tie_v2__orthogonal_all__m1,1,False,validation,0.6319906032742042,0.0,0.0,True
wine-quality-red,regression,tabpfn_2_6,0,HybridSpectral-t0.10,representation,hybrid_spectral__pivot_tie_v2__orthogonal_all__m1,1,False,test,0.6273008303411274,0.0,0.0,True
wine-quality-red,regression,tabpfn_2_6,0,HybridSpectral-t0.10,representation,hybrid_spectral__pivot_tie_v2__orthogonal_all__m2,2,False,validation,0.6319906032742042,0.0,0.0,True
wine-quality-red,regression,tabpfn_2_6,0,HybridSpectral-t0.10,representation,hybrid_spectral__pivot_tie_v2__orthogonal_all__m2,2,False,test,0.6273008303411274,0.0,0.0,True
wine-quality-red,regression,tabpfn_2_6,0,HybridSpectral-t0.10,representation,hybrid_spectral__pivot_tie_v2__orthogonal_all__m3,3,False,validation,0.6319906032742042,0.0,0.0,True
wine-quality-red,regression,tabpfn_2_6,0,HybridSpectral-t0.10,representation,hybrid_spectral__pivot_tie_v2__orthogonal_all__m3,3,False,test,0.6273008303411274,0.0,0.0,True
wine-quality-red,regression,tabpfn_2_6,0,HybridSpectral-t0.10,representation,hybrid_spectral__pivot_tie_v2__orthogonal_all__m4,4,False,validation,0.6319906032742042,0.0,0.0,True
wine-quality-red,regression,tabpfn_2_6,0,HybridSpectral-t0.10,representation,hybrid_spectral__pivot_tie_v2__orthogonal_all__m4,4,False,test,0.6273008303411274,0.0,0.0,True
wine-quality-red,regression,tabpfn_2_6,0,HybridSpectral-t0.10,representation,hybrid_spectral__pivot_tie_v2__orthogonal_all__m5,5,False,validation,0.6319906032742042,0.0,0.0,True
wine-quality-red,regression,tabpfn_2_6,0,HybridSpectral-t0.10,representation,hybrid_spectral__pivot_tie_v2__orthogonal_all__m5,5,False,test,0.6273008303411274,0.0,0.0,True
wine-quality-red,regression,tabpfn_2_6,0,HybridSpectral-t0.10,representation,hybrid_spectral__pivot_tie_v2__orthogonal_all__m6,6,False,validation,0.6319906032742042,0.0,0.0,True
wine-quality-red,regression,tabpfn_2_6,0,HybridSpectral-t0.10,representation,hybrid_spectral__pivot_tie_v2__orthogonal_all__m6,6,False,test,0.6273008303411274,0.0,0.0,True
wine-quality-red,regression,tabpfn_2_6,0,HybridSpectral-t0.10,representation,hybrid_spectral__pivot_tie_v2__orthogonal_all__m7,7,False,validation,0.6319906032742042,0.0,0.0,True
wine-quality-red,regression,tabpfn_2_6,0,HybridSpectral-t0.10,representation,hybrid_spectral__pivot_tie_v2__orthogonal_all__m7,7,False,test,0.6273008303411274,0.0,0.0,True
wine-quality-red,regression,tabpfn_2_6,0,Raw+PCA@0.25,hybrid_prediction_mixture,rbf_reference,-1,True,validation,0.6260326332987145,0.0,0.0,False
wine-quality-red,regression,tabpfn_2_6,0,Raw+PCA@0.25,hybrid_prediction_mixture,rbf_reference,-1,True,test,0.6376038899956873,0.0,0.0,False
wine-quality-red,regression,tabpfn_2_6,0,Raw+PCA@0.25,hybrid_prediction_mixture,orthogonal_all__m0,0,False,validation,0.6293269538048853,0.1790085363548983,0.0,True
wine-quality-red,regression,tabpfn_2_6,0,Raw+PCA@0.25,hybrid_prediction_mixture,orthogonal_all__m0,0,False,test,0.6261245741705034,0.18144683915883136,0.0,True
wine-quality-red,regression,tabpfn_2_6,0,Raw+PCA@0.25,hybrid_prediction_mixture,orthogonal_all__m1,1,False,validation,0.6197355087709565,0.15595312993515173,0.0,True
wine-quality-red,regression,tabpfn_2_6,0,Raw+PCA@0.25,hybrid_prediction_mixture,orthogonal_all__m1,1,False,test,0.6219648221175441,0.16441881941986028,0.0,True
wine-quality-red,regression,tabpfn_2_6,0,Raw+PCA@0.25,hybrid_prediction_mixture,orthogonal_all__m2,2,False,validation,0.6147414172266839,0.20606862477892304,0.0,True
wine-quality-red,regression,tabpfn_2_6,0,Raw+PCA@0.25,hybrid_prediction_mixture,orthogonal_all__m2,2,False,test,0.6186163886905817,0.1982270486798585,0.0,True
wine-quality-red,regression,tabpfn_2_6,0,Raw+PCA@0.25,hybrid_prediction_mixture,orthogonal_all__m3,3,False,validation,0.6175169481526931,0.1989208831404546,0.0,True
wine-quality-red,regression,tabpfn_2_6,0,Raw+PCA@0.25,hybrid_prediction_mixture,orthogonal_all__m3,3,False,test,0.6182843415761945,0.2091955335103665,0.0,True
wine-quality-red,regression,tabpfn_2_6,0,Raw+PCA@0.25,hybrid_prediction_mixture,orthogonal_all__m4,4,False,validation,0.6307317445843907,0.18754658819914796,0.0,True
wine-quality-red,regression,tabpfn_2_6,0,Raw+PCA@0.25,hybrid_prediction_mixture,orthogonal_all__m4,4,False,test,0.6248509150524492,0.18660603116547012,0.0,True
wine-quality-red,regression,tabpfn_2_6,0,Raw+PCA@0.25,hybrid_prediction_mixture,orthogonal_all__m5,5,False,validation,0.622698287522906,0.19595640203430328,0.0,True
wine-quality-red,regression,tabpfn_2_6,0,Raw+PCA@0.25,hybrid_prediction_mixture,orthogonal_all__m5,5,False,test,0.6233373360738568,0.19877691020362706,0.0,True
wine-quality-red,regression,tabpfn_2_6,0,Raw+PCA@0.25,hybrid_prediction_mixture,orthogonal_all__m6,6,False,validation,0.6225241296057302,0.206998018529457,0.0,True
wine-quality-red,regression,tabpfn_2_6,0,Raw+PCA@0.25,hybrid_prediction_mixture,orthogonal_all__m6,6,False,test,0.6171623111967024,0.18741022005193722,0.0,True
wine-quality-red,regression,tabpfn_2_6,0,Raw+PCA@0.25,hybrid_prediction_mixture,orthogonal_all__m7,7,False,validation,0.6170726640006081,0.16206436975658306,0.0,True
wine-quality-red,regression,tabpfn_2_6,0,Raw+PCA@0.25,hybrid_prediction_mixture,orthogonal_all__m7,7,False,test,0.6181794772510968,0.162617201038163,0.0,True
wine-quality-red,regression,tabpfn_2_6,0,Raw+PCA@0.5,hybrid_prediction_mixture,rbf_reference,-1,True,validation,0.6225341332722131,0.0,0.0,False
wine-quality-red,regression,tabpfn_2_6,0,Raw+PCA@0.5,hybrid_prediction_mixture,rbf_reference,-1,True,test,0.6304214275598115,0.0,0.0,False
wine-quality-red,regression,tabpfn_2_6,0,Raw+PCA@0.5,hybrid_prediction_mixture,orthogonal_all__m0,0,False,validation,0.6280107498836033,0.11933902423659883,0.0,True
wine-quality-red,regression,tabpfn_2_6,0,Raw+PCA@0.5,hybrid_prediction_mixture,orthogonal_all__m0,0,False,test,0.6243603361156355,0.1209645594392209,0.0,True
wine-quality-red,regression,tabpfn_2_6,0,Raw+PCA@0.5,hybrid_prediction_mixture,orthogonal_all__m1,1,False,validation,0.6210238420063994,0.10396875329010115,0.0,True
wine-quality-red,regression,tabpfn_2_6,0,Raw+PCA@0.5,hybrid_prediction_mixture,orthogonal_all__m1,1,False,test,0.6213764907865867,0.10961254627990688,0.0,True
wine-quality-red,regression,tabpfn_2_6,0,Raw+PCA@0.5,hybrid_prediction_mixture,orthogonal_all__m2,2,False,validation,0.6178149204038348,0.13737908318594866,0.0,True
wine-quality-red,regression,tabpfn_2_6,0,Raw+PCA@0.5,hybrid_prediction_mixture,orthogonal_all__m2,2,False,test,0.6186725186000891,0.13215136578657236,0.0,True
wine-quality-red,regression,tabpfn_2_6,0,Raw+PCA@0.5,hybrid_prediction_mixture,orthogonal_all__m3,3,False,validation,0.6183163516506565,0.1326139220936364,0.0,True
wine-quality-red,regression,tabpfn_2_6,0,Raw+PCA@0.5,hybrid_prediction_mixture,orthogonal_all__m3,3,False,test,0.6176858369391441,0.139463689006911,0.0,True
wine-quality-red,regression,tabpfn_2_6,0,Raw+PCA@0.5,hybrid_prediction_mixture,orthogonal_all__m4,4,False,validation,0.6275074039150824,0.1250310587994319,0.0,True
wine-quality-red,regression,tabpfn_2_6,0,Raw+PCA@0.5,hybrid_prediction_mixture,orthogonal_all__m4,4,False,test,0.6229576582549161,0.12440402077698007,0.0,True
wine-quality-red,regression,tabpfn_2_6,0,Raw+PCA@0.5,hybrid_prediction_mixture,orthogonal_all__m5,5,False,validation,0.6224456818921894,0.1306376013562022,0.0,True
wine-quality-red,regression,tabpfn_2_6,0,Raw+PCA@0.5,hybrid_prediction_mixture,orthogonal_all__m5,5,False,test,0.6219054857764794,0.13251794013575136,0.0,True
wine-quality-red,regression,tabpfn_2_6,0,Raw+PCA@0.5,hybrid_prediction_mixture,orthogonal_all__m6,6,False,validation,0.6225029789734376,0.137998679019638,0.0,True
wine-quality-red,regression,tabpfn_2_6,0,Raw+PCA@0.5,hybrid_prediction_mixture,orthogonal_all__m6,6,False,test,0.6180200740731457,0.12494014670129147,0.0,True
wine-quality-red,regression,tabpfn_2_6,0,Raw+PCA@0.5,hybrid_prediction_mixture,orthogonal_all__m7,7,False,validation,0.6182173805982153,0.10804291317105535,0.0,True
wine-quality-red,regression,tabpfn_2_6,0,Raw+PCA@0.5,hybrid_prediction_mixture,orthogonal_all__m7,7,False,test,0.6186610031029877,0.10841146735877531,0.0,True
wine-quality-red,regression,tabpfn_2_6,0,Raw+PCA@0.75,hybrid_prediction_mixture,rbf_reference,-1,True,validation,0.6241216134121409,0.0,0.0,False
wine-quality-red,regression,tabpfn_2_6,0,Raw+PCA@0.75,hybrid_prediction_mixture,rbf_reference,-1,True,test,0.62736453203194,0.0,0.0,False
wine-quality-red,regression,tabpfn_2_6,0,Raw+PCA@0.75,hybrid_prediction_mixture,orthogonal_all__m0,0,False,validation,0.6284886826865563,0.05966951211829941,0.0,True
wine-quality-red,regression,tabpfn_2_6,0,Raw+PCA@0.75,hybrid_prediction_mixture,orthogonal_all__m0,0,False,test,0.6251531719709551,0.06048227971961045,0.0,True
wine-quality-red,regression,tabpfn_2_6,0,Raw+PCA@0.75,hybrid_prediction_mixture,orthogonal_all__m1,1,False,validation,0.6247115915530033,0.051984376645050574,0.0,True
wine-quality-red,regression,tabpfn_2_6,0,Raw+PCA@0.75,hybrid_prediction_mixture,orthogonal_all__m1,1,False,test,0.6235623330691694,0.05480627313995344,0.0,True
wine-quality-red,regression,tabpfn_2_6,0,Raw+PCA@0.75,hybrid_prediction_mixture,orthogonal_all__m2,2,False,validation,0.6231727420331664,0.06868954159297433,0.0,True
wine-quality-red,regression,tabpfn_2_6,0,Raw+PCA@0.75,hybrid_prediction_mixture,orthogonal_all__m2,2,False,test,0.6219819877266817,0.06607568289328618,0.0,True
wine-quality-red,regression,tabpfn_2_6,0,Raw+PCA@0.75,hybrid_prediction_mixture,orthogonal_all__m3,3,False,validation,0.6227552040656121,0.0663069610468182,0.0,True
wine-quality-red,regression,tabpfn_2_6,0,Raw+PCA@0.75,hybrid_prediction_mixture,orthogonal_all__m3,3,False,test,0.6211107824267398,0.0697318445034555,0.0,True
wine-quality-red,regression,tabpfn_2_6,0,Raw+PCA@0.75,hybrid_prediction_mixture,orthogonal_all__m4,4,False,validation,0.627515756495606,0.06251552939971596,0.0,True
wine-quality-red,regression,tabpfn_2_6,0,Raw+PCA@0.75,hybrid_prediction_mixture,orthogonal_all__m4,4,False,test,0.624177866105063,0.062202010388490034,0.0,True
wine-quality-red,regression,tabpfn_2_6,0,Raw+PCA@0.75,hybrid_prediction_mixture,orthogonal_all__m5,5,False,validation,0.6251444380053903,0.0653188006781011,0.0,True
wine-quality-red,regression,tabpfn_2_6,0,Raw+PCA@0.75,hybrid_prediction_mixture,orthogonal_all__m5,5,False,test,0.6236328580412063,0.06625897006787568,0.0,True
wine-quality-red,regression,tabpfn_2_6,0,Raw+PCA@0.75,hybrid_prediction_mixture,orthogonal_all__m6,6,False,validation,0.6252592972049085,0.068999339509819,0.0,True
wine-quality-red,regression,tabpfn_2_6,0,Raw+PCA@0.75,hybrid_prediction_mixture,orthogonal_all__m6,6,False,test,0.6218148377192416,0.062470073350645736,0.0,True
wine-quality-red,regression,tabpfn_2_6,0,Raw+PCA@0.75,hybrid_prediction_mixture,orthogonal_all__m7,7,False,validation,0.6228037406323216,0.05402145658552768,0.0,True
wine-quality-red,regression,tabpfn_2_6,0,Raw+PCA@0.75,hybrid_prediction_mixture,orthogonal_all__m7,7,False,test,0.6221153172576317,0.054205733679387656,0.0,True
wine-quality-red,regression,tabpfn_2_6,0,Raw+PCA@1,hybrid_prediction_mixture,rbf_reference,-1,True,validation,0.6307566739024548,0.0,0.0,False
wine-quality-red,regression,tabpfn_2_6,0,Raw+PCA@1,hybrid_prediction_mixture,rbf_reference,-1,True,test,0.6284934046694095,0.0,0.0,False
wine-quality-red,regression,tabpfn_2_6,0,Raw+PCA@1,hybrid_prediction_mixture,orthogonal_all__m0,0,False,validation,0.6307566739024548,0.0,0.0,True
wine-quality-red,regression,tabpfn_2_6,0,Raw+PCA@1,hybrid_prediction_mixture,orthogonal_all__m0,0,False,test,0.6284934046694095,0.0,0.0,True
wine-quality-red,regression,tabpfn_2_6,0,Raw+PCA@1,hybrid_prediction_mixture,orthogonal_all__m1,1,False,validation,0.6307566739024548,0.0,0.0,True
wine-quality-red,regression,tabpfn_2_6,0,Raw+PCA@1,hybrid_prediction_mixture,orthogonal_all__m1,1,False,test,0.6284934046694095,0.0,0.0,True
wine-quality-red,regression,tabpfn_2_6,0,Raw+PCA@1,hybrid_prediction_mixture,orthogonal_all__m2,2,False,validation,0.6307566739024548,0.0,0.0,True
wine-quality-red,regression,tabpfn_2_6,0,Raw+PCA@1,hybrid_prediction_mixture,orthogonal_all__m2,2,False,test,0.6284934046694095,0.0,0.0,True
wine-quality-red,regression,tabpfn_2_6,0,Raw+PCA@1,hybrid_prediction_mixture,orthogonal_all__m3,3,False,validation,0.6307566739024548,0.0,0.0,True
wine-quality-red,regression,tabpfn_2_6,0,Raw+PCA@1,hybrid_prediction_mixture,orthogonal_all__m3,3,False,test,0.6284934046694095,0.0,0.0,True
wine-quality-red,regression,tabpfn_2_6,0,Raw+PCA@1,hybrid_prediction_mixture,orthogonal_all__m4,4,False,validation,0.6307566739024548,0.0,0.0,True
wine-quality-red,regression,tabpfn_2_6,0,Raw+PCA@1,hybrid_prediction_mixture,orthogonal_all__m4,4,False,test,0.6284934046694095,0.0,0.0,True
wine-quality-red,regression,tabpfn_2_6,0,Raw+PCA@1,hybrid_prediction_mixture,orthogonal_all__m5,5,False,validation,0.6307566739024548,0.0,0.0,True
wine-quality-red,regression,tabpfn_2_6,0,Raw+PCA@1,hybrid_prediction_mixture,orthogonal_all__m5,5,False,test,0.6284934046694095,0.0,0.0,True
wine-quality-red,regression,tabpfn_2_6,0,Raw+PCA@1,hybrid_prediction_mixture,orthogonal_all__m6,6,False,validation,0.6307566739024548,0.0,0.0,True
wine-quality-red,regression,tabpfn_2_6,0,Raw+PCA@1,hybrid_prediction_mixture,orthogonal_all__m6,6,False,test,0.6284934046694095,0.0,0.0,True
wine-quality-red,regression,tabpfn_2_6,0,Raw+PCA@1,hybrid_prediction_mixture,orthogonal_all__m7,7,False,validation,0.6307566739024548,0.0,0.0,True
wine-quality-red,regression,tabpfn_2_6,0,Raw+PCA@1,hybrid_prediction_mixture,orthogonal_all__m7,7,False,test,0.6284934046694095,0.0,0.0,True
wine-quality-red,regression,tabpfn_2_6,0,Raw+GramAnchor@0.25,hybrid_prediction_mixture,rbf_reference,-1,True,validation,0.6322757910562552,0.0,0.0,False
wine-quality-red,regression,tabpfn_2_6,0,Raw+GramAnchor@0.25,hybrid_prediction_mixture,rbf_reference,-1,True,test,0.6465578250459361,0.0,0.0,False
wine-quality-red,regression,tabpfn_2_6,0,Raw+GramAnchor@0.25,hybrid_prediction_mixture,orthogonal_all__m0,0,False,validation,0.6262954178016786,0.1790085363548983,0.0,True
wine-quality-red,regression,tabpfn_2_6,0,Raw+GramAnchor@0.25,hybrid_prediction_mixture,orthogonal_all__m0,0,False,test,0.6285153250807431,0.18144683915883136,0.0,True
wine-quality-red,regression,tabpfn_2_6,0,Raw+GramAnchor@0.25,hybrid_prediction_mixture,orthogonal_all__m1,1,False,validation,0.6186361832303425,0.15595312993515173,0.0,True
wine-quality-red,regression,tabpfn_2_6,0,Raw+GramAnchor@0.25,hybrid_prediction_mixture,orthogonal_all__m1,1,False,test,0.6257007478761563,0.16441881941986028,0.0,True
wine-quality-red,regression,tabpfn_2_6,0,Raw+GramAnchor@0.25,hybrid_prediction_mixture,orthogonal_all__m2,2,False,validation,0.61059566831824,0.20606862477892304,0.0,True
wine-quality-red,regression,tabpfn_2_6,0,Raw+GramAnchor@0.25,hybrid_prediction_mixture,orthogonal_all__m2,2,False,test,0.6210796604378366,0.1982270486798585,0.0,True
wine-quality-red,regression,tabpfn_2_6,0,Raw+GramAnchor@0.25,hybrid_prediction_mixture,orthogonal_all__m3,3,False,validation,0.615398182504621,0.1989208831404546,0.0,True
wine-quality-red,regression,tabpfn_2_6,0,Raw+GramAnchor@0.25,hybrid_prediction_mixture,orthogonal_all__m3,3,False,test,0.6213219512563177,0.2091955335103665,0.0,True
wine-quality-red,regression,tabpfn_2_6,0,Raw+GramAnchor@0.25,hybrid_prediction_mixture,orthogonal_all__m4,4,False,validation,0.6288247510507833,0.18754658819914796,0.0,True
wine-quality-red,regression,tabpfn_2_6,0,Raw+GramAnchor@0.25,hybrid_prediction_mixture,orthogonal_all__m4,4,False,test,0.6281274015043622,0.18660603116547012,0.0,True
wine-quality-red,regression,tabpfn_2_6,0,Raw+GramAnchor@0.25,hybrid_prediction_mixture,orthogonal_all__m5,5,False,validation,0.6201397950107446,0.19595640203430328,0.0,True
wine-quality-red,regression,tabpfn_2_6,0,Raw+GramAnchor@0.25,hybrid_prediction_mixture,orthogonal_all__m5,5,False,test,0.6256178494070873,0.19877691020362706,0.0,True
wine-quality-red,regression,tabpfn_2_6,0,Raw+GramAnchor@0.25,hybrid_prediction_mixture,orthogonal_all__m6,6,False,validation,0.6189489863147726,0.206998018529457,0.0,True
wine-quality-red,regression,tabpfn_2_6,0,Raw+GramAnchor@0.25,hybrid_prediction_mixture,orthogonal_all__m6,6,False,test,0.6197857168101193,0.18741022005193722,0.0,True
wine-quality-red,regression,tabpfn_2_6,0,Raw+GramAnchor@0.25,hybrid_prediction_mixture,orthogonal_all__m7,7,False,validation,0.6168627331323401,0.16206436975658306,0.0,True
wine-quality-red,regression,tabpfn_2_6,0,Raw+GramAnchor@0.25,hybrid_prediction_mixture,orthogonal_all__m7,7,False,test,0.6218315425177368,0.162617201038163,0.0,True
wine-quality-red,regression,tabpfn_2_6,0,Raw+GramAnchor@0.5,hybrid_prediction_mixture,rbf_reference,-1,True,validation,0.6307069091882007,0.0,0.0,False
wine-quality-red,regression,tabpfn_2_6,0,Raw+GramAnchor@0.5,hybrid_prediction_mixture,rbf_reference,-1,True,test,0.6451238901164641,0.0,0.0,False
wine-quality-red,regression,tabpfn_2_6,0,Raw+GramAnchor@0.5,hybrid_prediction_mixture,orthogonal_all__m0,0,False,validation,0.623770991851697,0.11933902423659883,0.0,True
wine-quality-red,regression,tabpfn_2_6,0,Raw+GramAnchor@0.5,hybrid_prediction_mixture,orthogonal_all__m0,0,False,test,0.6302759668915598,0.1209645594392209,0.0,True
wine-quality-red,regression,tabpfn_2_6,0,Raw+GramAnchor@0.5,hybrid_prediction_mixture,orthogonal_all__m1,1,False,validation,0.6193734589956442,0.10396875329010115,0.0,True
wine-quality-red,regression,tabpfn_2_6,0,Raw+GramAnchor@0.5,hybrid_prediction_mixture,orthogonal_all__m1,1,False,test,0.6290836571623849,0.10961254627990688,0.0,True
wine-quality-red,regression,tabpfn_2_6,0,Raw+GramAnchor@0.5,hybrid_prediction_mixture,orthogonal_all__m2,2,False,validation,0.6121193159028111,0.13737908318594866,0.0,True
wine-quality-red,regression,tabpfn_2_6,0,Raw+GramAnchor@0.5,hybrid_prediction_mixture,orthogonal_all__m2,2,False,test,0.6246998367963853,0.13215136578657236,0.0,True
wine-quality-red,regression,tabpfn_2_6,0,Raw+GramAnchor@0.5,hybrid_prediction_mixture,orthogonal_all__m3,3,False,validation,0.6153049113718919,0.1326139220936364,0.0,True
wine-quality-red,regression,tabpfn_2_6,0,Raw+GramAnchor@0.5,hybrid_prediction_mixture,orthogonal_all__m3,3,False,test,0.6244829619291956,0.139463689006911,0.0,True
wine-quality-red,regression,tabpfn_2_6,0,Raw+GramAnchor@0.5,hybrid_prediction_mixture,orthogonal_all__m4,4,False,validation,0.6247647194898951,0.1250310587994319,0.0,True
wine-quality-red,regression,tabpfn_2_6,0,Raw+GramAnchor@0.5,hybrid_prediction_mixture,orthogonal_all__m4,4,False,test,0.6300576606696816,0.12440402077698007,0.0,True
wine-quality-red,regression,tabpfn_2_6,0,Raw+GramAnchor@0.5,hybrid_prediction_mixture,orthogonal_all__m5,5,False,validation,0.6188432261430495,0.1306376013562022,0.0,True
wine-quality-red,regression,tabpfn_2_6,0,Raw+GramAnchor@0.5,hybrid_prediction_mixture,orthogonal_all__m5,5,False,test,0.6276835999621613,0.13251794013575136,0.0,True
wine-quality-red,regression,tabpfn_2_6,0,Raw+GramAnchor@0.5,hybrid_prediction_mixture,orthogonal_all__m6,6,False,validation,0.617543575247918,0.137998679019638,0.0,True
wine-quality-red,regression,tabpfn_2_6,0,Raw+GramAnchor@0.5,hybrid_prediction_mixture,orthogonal_all__m6,6,False,test,0.624258031834111,0.12494014670129147,0.0,True
wine-quality-red,regression,tabpfn_2_6,0,Raw+GramAnchor@0.5,hybrid_prediction_mixture,orthogonal_all__m7,7,False,validation,0.6177502535077342,0.10804291317105535,0.0,True
wine-quality-red,regression,tabpfn_2_6,0,Raw+GramAnchor@0.5,hybrid_prediction_mixture,orthogonal_all__m7,7,False,test,0.626260458179803,0.10841146735877531,0.0,True
wine-quality-red,regression,tabpfn_2_6,0,Raw+GramAnchor@0.75,hybrid_prediction_mixture,rbf_reference,-1,True,validation,0.6298314925055313,0.0,0.0,False
wine-quality-red,regression,tabpfn_2_6,0,Raw+GramAnchor@0.75,hybrid_prediction_mixture,rbf_reference,-1,True,test,0.6444783364066676,0.0,0.0,False
wine-quality-red,regression,tabpfn_2_6,0,Raw+GramAnchor@0.75,hybrid_prediction_mixture,orthogonal_all__m0,0,False,validation,0.6248965214031892,0.05966951211829941,0.0,True
wine-quality-red,regression,tabpfn_2_6,0,Raw+GramAnchor@0.75,hybrid_prediction_mixture,orthogonal_all__m0,0,False,test,0.6356758524294096,0.06048227971961045,0.0,True
wine-quality-red,regression,tabpfn_2_6,0,Raw+GramAnchor@0.75,hybrid_prediction_mixture,orthogonal_all__m1,1,False,validation,0.623062839217343,0.051984376645050574,0.0,True
wine-quality-red,regression,tabpfn_2_6,0,Raw+GramAnchor@0.75,hybrid_prediction_mixture,orthogonal_all__m1,1,False,test,0.6354202850232991,0.05480627313995344,0.0,True
wine-quality-red,regression,tabpfn_2_6,0,Raw+GramAnchor@0.75,hybrid_prediction_mixture,orthogonal_all__m2,2,False,validation,0.6185211630582597,0.06868954159297433,0.0,True
wine-quality-red,regression,tabpfn_2_6,0,Raw+GramAnchor@0.75,hybrid_prediction_mixture,orthogonal_all__m2,2,False,test,0.6326002456249821,0.06607568289328618,0.0,True
wine-quality-red,regression,tabpfn_2_6,0,Raw+GramAnchor@0.75,hybrid_prediction_mixture,orthogonal_all__m3,3,False,validation,0.620093451495545,0.0663069610468182,0.0,True
wine-quality-red,regression,tabpfn_2_6,0,Raw+GramAnchor@0.75,hybrid_prediction_mixture,orthogonal_all__m3,3,False,test,0.6323067401006877,0.0697318445034555,0.0,True
wine-quality-red,regression,tabpfn_2_6,0,Raw+GramAnchor@0.75,hybrid_prediction_mixture,orthogonal_all__m4,4,False,validation,0.6250425274975645,0.06251552939971596,0.0,True
wine-quality-red,regression,tabpfn_2_6,0,Raw+GramAnchor@0.75,hybrid_prediction_mixture,orthogonal_all__m4,4,False,test,0.6355872437907805,0.062202010388490034,0.0,True
wine-quality-red,regression,tabpfn_2_6,0,Raw+GramAnchor@0.75,hybrid_prediction_mixture,orthogonal_all__m5,5,False,validation,0.6220368791830307,0.0653188006781011,0.0,True
wine-quality-red,regression,tabpfn_2_6,0,Raw+GramAnchor@0.75,hybrid_prediction_mixture,orthogonal_all__m5,5,False,test,0.6340614875838874,0.06625897006787568,0.0,True
wine-quality-red,regression,tabpfn_2_6,0,Raw+GramAnchor@0.75,hybrid_prediction_mixture,orthogonal_all__m6,6,False,validation,0.6211399577249633,0.068999339509819,0.0,True
wine-quality-red,regression,tabpfn_2_6,0,Raw+GramAnchor@0.75,hybrid_prediction_mixture,orthogonal_all__m6,6,False,test,0.6325871309656377,0.062470073350645736,0.0,True
wine-quality-red,regression,tabpfn_2_6,0,Raw+GramAnchor@0.75,hybrid_prediction_mixture,orthogonal_all__m7,7,False,validation,0.6220366233904446,0.05402145658552768,0.0,True
wine-quality-red,regression,tabpfn_2_6,0,Raw+GramAnchor@0.75,hybrid_prediction_mixture,orthogonal_all__m7,7,False,test,0.6338957631957042,0.054205733679387656,0.0,True
wine-quality-red,regression,tabpfn_2_6,0,Raw+GramAnchor@1,hybrid_prediction_mixture,rbf_reference,-1,True,validation,0.6296524334248609,0.0,0.0,False
wine-quality-red,regression,tabpfn_2_6,0,Raw+GramAnchor@1,hybrid_prediction_mixture,rbf_reference,-1,True,test,0.6446235324774067,0.0,0.0,False
wine-quality-red,regression,tabpfn_2_6,0,Raw+GramAnchor@1,hybrid_prediction_mixture,orthogonal_all__m0,0,False,validation,0.6296524334248609,0.0,0.0,True
wine-quality-red,regression,tabpfn_2_6,0,Raw+GramAnchor@1,hybrid_prediction_mixture,orthogonal_all__m0,0,False,test,0.6446235324774067,0.0,0.0,True
wine-quality-red,regression,tabpfn_2_6,0,Raw+GramAnchor@1,hybrid_prediction_mixture,orthogonal_all__m1,1,False,validation,0.6296524334248609,0.0,0.0,True
wine-quality-red,regression,tabpfn_2_6,0,Raw+GramAnchor@1,hybrid_prediction_mixture,orthogonal_all__m1,1,False,test,0.6446235324774067,0.0,0.0,True
wine-quality-red,regression,tabpfn_2_6,0,Raw+GramAnchor@1,hybrid_prediction_mixture,orthogonal_all__m2,2,False,validation,0.6296524334248609,0.0,0.0,True
wine-quality-red,regression,tabpfn_2_6,0,Raw+GramAnchor@1,hybrid_prediction_mixture,orthogonal_all__m2,2,False,test,0.6446235324774067,0.0,0.0,True
wine-quality-red,regression,tabpfn_2_6,0,Raw+GramAnchor@1,hybrid_prediction_mixture,orthogonal_all__m3,3,False,validation,0.6296524334248609,0.0,0.0,True
wine-quality-red,regression,tabpfn_2_6,0,Raw+GramAnchor@1,hybrid_prediction_mixture,orthogonal_all__m3,3,False,test,0.6446235324774067,0.0,0.0,True
wine-quality-red,regression,tabpfn_2_6,0,Raw+GramAnchor@1,hybrid_prediction_mixture,orthogonal_all__m4,4,False,validation,0.6296524334248609,0.0,0.0,True
wine-quality-red,regression,tabpfn_2_6,0,Raw+GramAnchor@1,hybrid_prediction_mixture,orthogonal_all__m4,4,False,test,0.6446235324774067,0.0,0.0,True
wine-quality-red,regression,tabpfn_2_6,0,Raw+GramAnchor@1,hybrid_prediction_mixture,orthogonal_all__m5,5,False,validation,0.6296524334248609,0.0,0.0,True
wine-quality-red,regression,tabpfn_2_6,0,Raw+GramAnchor@1,hybrid_prediction_mixture,orthogonal_all__m5,5,False,test,0.6446235324774067,0.0,0.0,True
wine-quality-red,regression,tabpfn_2_6,0,Raw+GramAnchor@1,hybrid_prediction_mixture,orthogonal_all__m6,6,False,validation,0.6296524334248609,0.0,0.0,True
wine-quality-red,regression,tabpfn_2_6,0,Raw+GramAnchor@1,hybrid_prediction_mixture,orthogonal_all__m6,6,False,test,0.6446235324774067,0.0,0.0,True
wine-quality-red,regression,tabpfn_2_6,0,Raw+GramAnchor@1,hybrid_prediction_mixture,orthogonal_all__m7,7,False,validation,0.6296524334248609,0.0,0.0,True
wine-quality-red,regression,tabpfn_2_6,0,Raw+GramAnchor@1,hybrid_prediction_mixture,orthogonal_all__m7,7,False,test,0.6446235324774067,0.0,0.0,True
wine-quality-red,regression,tabpfn_2_6,0,Raw+GramAnchor-m8@0.25,hybrid_prediction_mixture,rbf_reference,-1,True,validation,0.6276844975164255,0.0,0.0,False
wine-quality-red,regression,tabpfn_2_6,0,Raw+GramAnchor-m8@0.25,hybrid_prediction_mixture,rbf_reference,-1,True,test,0.6426861175146614,0.0,0.0,False
wine-quality-red,regression,tabpfn_2_6,0,Raw+GramAnchor-m8@0.25,hybrid_prediction_mixture,orthogonal_all__m0,0,False,validation,0.6249701798973233,0.1790085363548983,0.0,True
wine-quality-red,regression,tabpfn_2_6,0,Raw+GramAnchor-m8@0.25,hybrid_prediction_mixture,orthogonal_all__m0,0,False,test,0.6279496882616418,0.18144683915883136,0.0,True
wine-quality-red,regression,tabpfn_2_6,0,Raw+GramAnchor-m8@0.25,hybrid_prediction_mixture,orthogonal_all__m1,1,False,validation,0.6168160032159902,0.15595312993515173,0.0,True
wine-quality-red,regression,tabpfn_2_6,0,Raw+GramAnchor-m8@0.25,hybrid_prediction_mixture,orthogonal_all__m1,1,False,test,0.6241635406424286,0.16441881941986028,0.0,True
wine-quality-red,regression,tabpfn_2_6,0,Raw+GramAnchor-m8@0.25,hybrid_prediction_mixture,orthogonal_all__m2,2,False,validation,0.609457650401373,0.20606862477892304,0.0,True
wine-quality-red,regression,tabpfn_2_6,0,Raw+GramAnchor-m8@0.25,hybrid_prediction_mixture,orthogonal_all__m2,2,False,test,0.6204813249239668,0.1982270486798585,0.0,True
wine-quality-red,regression,tabpfn_2_6,0,Raw+GramAnchor-m8@0.25,hybrid_prediction_mixture,orthogonal_all__m3,3,False,validation,0.6146060440864839,0.1989208831404546,0.0,True
wine-quality-red,regression,tabpfn_2_6,0,Raw+GramAnchor-m8@0.25,hybrid_prediction_mixture,orthogonal_all__m3,3,False,test,0.6211282163024289,0.2091955335103665,0.0,True
wine-quality-red,regression,tabpfn_2_6,0,Raw+GramAnchor-m8@0.25,hybrid_prediction_mixture,orthogonal_all__m4,4,False,validation,0.6275034187721167,0.18754658819914796,0.0,True
wine-quality-red,regression,tabpfn_2_6,0,Raw+GramAnchor-m8@0.25,hybrid_prediction_mixture,orthogonal_all__m4,4,False,test,0.6270145286240455,0.18660603116547012,0.0,True
wine-quality-red,regression,tabpfn_2_6,0,Raw+GramAnchor-m8@0.25,hybrid_prediction_mixture,orthogonal_all__m5,5,False,validation,0.6191041938170784,0.19595640203430328,0.0,True
wine-quality-red,regression,tabpfn_2_6,0,Raw+GramAnchor-m8@0.25,hybrid_prediction_mixture,orthogonal_all__m5,5,False,test,0.6253245894818034,0.19877691020362706,0.0,True
wine-quality-red,regression,tabpfn_2_6,0,Raw+GramAnchor-m8@0.25,hybrid_prediction_mixture,orthogonal_all__m6,6,False,validation,0.6176152228212504,0.206998018529457,0.0,True
wine-quality-red,regression,tabpfn_2_6,0,Raw+GramAnchor-m8@0.25,hybrid_prediction_mixture,orthogonal_all__m6,6,False,test,0.6187842658201781,0.18741022005193722,0.0,True
wine-quality-red,regression,tabpfn_2_6,0,Raw+GramAnchor-m8@0.25,hybrid_prediction_mixture,orthogonal_all__m7,7,False,validation,0.6154769561530246,0.16206436975658306,0.0,True
wine-quality-red,regression,tabpfn_2_6,0,Raw+GramAnchor-m8@0.25,hybrid_prediction_mixture,orthogonal_all__m7,7,False,test,0.6213155083680122,0.162617201038163,0.0,True
wine-quality-red,regression,tabpfn_2_6,0,Raw+GramAnchor-m8@0.5,hybrid_prediction_mixture,rbf_reference,-1,True,validation,0.6224469056919977,0.0,0.0,False
wine-quality-red,regression,tabpfn_2_6,0,Raw+GramAnchor-m8@0.5,hybrid_prediction_mixture,rbf_reference,-1,True,test,0.6384504013856305,0.0,0.0,False
wine-quality-red,regression,tabpfn_2_6,0,Raw+GramAnchor-m8@0.5,hybrid_prediction_mixture,orthogonal_all__m0,0,False,validation,0.6198720507464679,0.11933902423659883,0.0,True
wine-quality-red,regression,tabpfn_2_6,0,Raw+GramAnchor-m8@0.5,hybrid_prediction_mixture,orthogonal_all__m0,0,False,test,0.6280045429902299,0.1209645594392209,0.0,True
wine-quality-red,regression,tabpfn_2_6,0,Raw+GramAnchor-m8@0.5,hybrid_prediction_mixture,orthogonal_all__m1,1,False,validation,0.6148066604138648,0.10396875329010115,0.0,True
wine-quality-red,regression,tabpfn_2_6,0,Raw+GramAnchor-m8@0.5,hybrid_prediction_mixture,orthogonal_all__m1,1,False,test,0.6255190078764236,0.10961254627990688,0.0,True
wine-quality-red,regression,tabpfn_2_6,0,Raw+GramAnchor-m8@0.5,hybrid_prediction_mixture,orthogonal_all__m2,2,False,validation,0.6084413491361688,0.13737908318594866,0.0,True
wine-quality-red,regression,tabpfn_2_6,0,Raw+GramAnchor-m8@0.5,hybrid_prediction_mixture,orthogonal_all__m2,2,False,test,0.6223736081538296,0.13215136578657236,0.0,True
wine-quality-red,regression,tabpfn_2_6,0,Raw+GramAnchor-m8@0.5,hybrid_prediction_mixture,orthogonal_all__m3,3,False,validation,0.6120972942603682,0.1326139220936364,0.0,True
wine-quality-red,regression,tabpfn_2_6,0,Raw+GramAnchor-m8@0.5,hybrid_prediction_mixture,orthogonal_all__m3,3,False,test,0.6226937801026459,0.139463689006911,0.0,True
wine-quality-red,regression,tabpfn_2_6,0,Raw+GramAnchor-m8@0.5,hybrid_prediction_mixture,orthogonal_all__m4,4,False,validation,0.6208700835014285,0.1250310587994319,0.0,True
wine-quality-red,regression,tabpfn_2_6,0,Raw+GramAnchor-m8@0.5,hybrid_prediction_mixture,orthogonal_all__m4,4,False,test,0.6270564195417001,0.12440402077698007,0.0,True
wine-quality-red,regression,tabpfn_2_6,0,Raw+GramAnchor-m8@0.5,hybrid_prediction_mixture,orthogonal_all__m5,5,False,validation,0.6153193184220177,0.1306376013562022,0.0,True
wine-quality-red,regression,tabpfn_2_6,0,Raw+GramAnchor-m8@0.5,hybrid_prediction_mixture,orthogonal_all__m5,5,False,test,0.6257691922904137,0.13251794013575136,0.0,True
wine-quality-red,regression,tabpfn_2_6,0,Raw+GramAnchor-m8@0.5,hybrid_prediction_mixture,orthogonal_all__m6,6,False,validation,0.6136147788986908,0.137998679019638,0.0,True
wine-quality-red,regression,tabpfn_2_6,0,Raw+GramAnchor-m8@0.5,hybrid_prediction_mixture,orthogonal_all__m6,6,False,test,0.6213966389263772,0.12494014670129147,0.0,True
wine-quality-red,regression,tabpfn_2_6,0,Raw+GramAnchor-m8@0.5,hybrid_prediction_mixture,orthogonal_all__m7,7,False,validation,0.6137592798198837,0.10804291317105535,0.0,True
wine-quality-red,regression,tabpfn_2_6,0,Raw+GramAnchor-m8@0.5,hybrid_prediction_mixture,orthogonal_all__m7,7,False,test,0.6240483435687901,0.10841146735877531,0.0,True
wine-quality-red,regression,tabpfn_2_6,0,Raw+GramAnchor-m8@0.75,hybrid_prediction_mixture,rbf_reference,-1,True,validation,0.6188611208302479,0.0,0.0,False
wine-quality-red,regression,tabpfn_2_6,0,Raw+GramAnchor-m8@0.75,hybrid_prediction_mixture,rbf_reference,-1,True,test,0.6361047844774564,0.0,0.0,False
wine-quality-red,regression,tabpfn_2_6,0,Raw+GramAnchor-m8@0.75,hybrid_prediction_mixture,orthogonal_all__m0,0,False,validation,0.6171901354689746,0.05966951211829941,0.0,True
wine-quality-red,regression,tabpfn_2_6,0,Raw+GramAnchor-m8@0.75,hybrid_prediction_mixture,orthogonal_all__m0,0,False,test,0.6305883226860968,0.06048227971961045,0.0,True
wine-quality-red,regression,tabpfn_2_6,0,Raw+GramAnchor-m8@0.75,hybrid_prediction_mixture,orthogonal_all__m1,1,False,validation,0.6148534635927575,0.051984376645050574,0.0,True
wine-quality-red,regression,tabpfn_2_6,0,Raw+GramAnchor-m8@0.75,hybrid_prediction_mixture,orthogonal_all__m1,1,False,test,0.6293696723017955,0.05480627313995344,0.0,True
wine-quality-red,regression,tabpfn_2_6,0,Raw+GramAnchor-m8@0.75,hybrid_prediction_mixture,orthogonal_all__m2,2,False,validation,0.6109551637162892,0.06868954159297433,0.0,True
wine-quality-red,regression,tabpfn_2_6,0,Raw+GramAnchor-m8@0.75,hybrid_prediction_mixture,orthogonal_all__m2,2,False,test,0.6274621478258892,0.06607568289328618,0.0,True
wine-quality-red,regression,tabpfn_2_6,0,Raw+GramAnchor-m8@0.75,hybrid_prediction_mixture,orthogonal_all__m3,3,False,validation,0.6128848019344217,0.0663069610468182,0.0,True
wine-quality-red,regression,tabpfn_2_6,0,Raw+GramAnchor-m8@0.75,hybrid_prediction_mixture,orthogonal_all__m3,3,False,test,0.6275664536688564,0.0697318445034555,0.0,True
wine-quality-red,regression,tabpfn_2_6,0,Raw+GramAnchor-m8@0.75,hybrid_prediction_mixture,orthogonal_all__m4,4,False,validation,0.6173365044074827,0.06251552939971596,0.0,True
wine-quality-red,regression,tabpfn_2_6,0,Raw+GramAnchor-m8@0.75,hybrid_prediction_mixture,orthogonal_all__m4,4,False,test,0.6299546628720517,0.062202010388490034,0.0,True
wine-quality-red,regression,tabpfn_2_6,0,Raw+GramAnchor-m8@0.75,hybrid_prediction_mixture,orthogonal_all__m5,5,False,validation,0.6145996599141444,0.0653188006781011,0.0,True
wine-quality-red,regression,tabpfn_2_6,0,Raw+GramAnchor-m8@0.75,hybrid_prediction_mixture,orthogonal_all__m5,5,False,test,0.629234189289327,0.06625897006787568,0.0,True
wine-quality-red,regression,tabpfn_2_6,0,Raw+GramAnchor-m8@0.75,hybrid_prediction_mixture,orthogonal_all__m6,6,False,validation,0.6133936650634068,0.068999339509819,0.0,True
wine-quality-red,regression,tabpfn_2_6,0,Raw+GramAnchor-m8@0.75,hybrid_prediction_mixture,orthogonal_all__m6,6,False,test,0.6270523561456315,0.062470073350645736,0.0,True
wine-quality-red,regression,tabpfn_2_6,0,Raw+GramAnchor-m8@0.75,hybrid_prediction_mixture,orthogonal_all__m7,7,False,validation,0.6142540503112444,0.05402145658552768,0.0,True
wine-quality-red,regression,tabpfn_2_6,0,Raw+GramAnchor-m8@0.75,hybrid_prediction_mixture,orthogonal_all__m7,7,False,test,0.6288488518600835,0.054205733679387656,0.0,True
wine-quality-red,regression,tabpfn_2_6,0,Raw+GramAnchor-m8@1,hybrid_prediction_mixture,rbf_reference,-1,True,validation,0.6169559448061358,0.0,0.0,False
wine-quality-red,regression,tabpfn_2_6,0,Raw+GramAnchor-m8@1,hybrid_prediction_mixture,rbf_reference,-1,True,test,0.6356701904785099,0.0,0.0,False
wine-quality-red,regression,tabpfn_2_6,0,Raw+GramAnchor-m8@1,hybrid_prediction_mixture,orthogonal_all__m0,0,False,validation,0.6169559448061358,0.0,0.0,True
wine-quality-red,regression,tabpfn_2_6,0,Raw+GramAnchor-m8@1,hybrid_prediction_mixture,orthogonal_all__m0,0,False,test,0.6356701904785099,0.0,0.0,True
wine-quality-red,regression,tabpfn_2_6,0,Raw+GramAnchor-m8@1,hybrid_prediction_mixture,orthogonal_all__m1,1,False,validation,0.6169559448061358,0.0,0.0,True
wine-quality-red,regression,tabpfn_2_6,0,Raw+GramAnchor-m8@1,hybrid_prediction_mixture,orthogonal_all__m1,1,False,test,0.6356701904785099,0.0,0.0,True
wine-quality-red,regression,tabpfn_2_6,0,Raw+GramAnchor-m8@1,hybrid_prediction_mixture,orthogonal_all__m2,2,False,validation,0.6169559448061358,0.0,0.0,True
wine-quality-red,regression,tabpfn_2_6,0,Raw+GramAnchor-m8@1,hybrid_prediction_mixture,orthogonal_all__m2,2,False,test,0.6356701904785099,0.0,0.0,True
wine-quality-red,regression,tabpfn_2_6,0,Raw+GramAnchor-m8@1,hybrid_prediction_mixture,orthogonal_all__m3,3,False,validation,0.6169559448061358,0.0,0.0,True
wine-quality-red,regression,tabpfn_2_6,0,Raw+GramAnchor-m8@1,hybrid_prediction_mixture,orthogonal_all__m3,3,False,test,0.6356701904785099,0.0,0.0,True
wine-quality-red,regression,tabpfn_2_6,0,Raw+GramAnchor-m8@1,hybrid_prediction_mixture,orthogonal_all__m4,4,False,validation,0.6169559448061358,0.0,0.0,True
wine-quality-red,regression,tabpfn_2_6,0,Raw+GramAnchor-m8@1,hybrid_prediction_mixture,orthogonal_all__m4,4,False,test,0.6356701904785099,0.0,0.0,True
wine-quality-red,regression,tabpfn_2_6,0,Raw+GramAnchor-m8@1,hybrid_prediction_mixture,orthogonal_all__m5,5,False,validation,0.6169559448061358,0.0,0.0,True
wine-quality-red,regression,tabpfn_2_6,0,Raw+GramAnchor-m8@1,hybrid_prediction_mixture,orthogonal_all__m5,5,False,test,0.6356701904785099,0.0,0.0,True
wine-quality-red,regression,tabpfn_2_6,0,Raw+GramAnchor-m8@1,hybrid_prediction_mixture,orthogonal_all__m6,6,False,validation,0.6169559448061358,0.0,0.0,True
wine-quality-red,regression,tabpfn_2_6,0,Raw+GramAnchor-m8@1,hybrid_prediction_mixture,orthogonal_all__m6,6,False,test,0.6356701904785099,0.0,0.0,True
wine-quality-red,regression,tabpfn_2_6,0,Raw+GramAnchor-m8@1,hybrid_prediction_mixture,orthogonal_all__m7,7,False,validation,0.6169559448061358,0.0,0.0,True
wine-quality-red,regression,tabpfn_2_6,0,Raw+GramAnchor-m8@1,hybrid_prediction_mixture,orthogonal_all__m7,7,False,test,0.6356701904785099,0.0,0.0,True
wine-quality-red,regression,tabpfn_2_6,0,Raw+GramDistance@0.25,hybrid_prediction_mixture,rbf_reference,-1,True,validation,0.629207435896482,0.0,0.0,False
wine-quality-red,regression,tabpfn_2_6,0,Raw+GramDistance@0.25,hybrid_prediction_mixture,rbf_reference,-1,True,test,0.6406182022477549,0.0,0.0,False
wine-quality-red,regression,tabpfn_2_6,0,Raw+GramDistance@0.25,hybrid_prediction_mixture,orthogonal_all__m0,0,False,validation,0.629717935270569,0.1790085363548983,0.0,True
wine-quality-red,regression,tabpfn_2_6,0,Raw+GramDistance@0.25,hybrid_prediction_mixture,orthogonal_all__m0,0,False,test,0.6283445781715876,0.18144683915883136,0.0,True
wine-quality-red,regression,tabpfn_2_6,0,Raw+GramDistance@0.25,hybrid_prediction_mixture,orthogonal_all__m1,1,False,validation,0.6206472925606538,0.15595312993515173,0.0,True
wine-quality-red,regression,tabpfn_2_6,0,Raw+GramDistance@0.25,hybrid_prediction_mixture,orthogonal_all__m1,1,False,test,0.6247542231603297,0.16441881941986028,0.0,True
wine-quality-red,regression,tabpfn_2_6,0,Raw+GramDistance@0.25,hybrid_prediction_mixture,orthogonal_all__m2,2,False,validation,0.6145108262487132,0.20606862477892304,0.0,True
wine-quality-red,regression,tabpfn_2_6,0,Raw+GramDistance@0.25,hybrid_prediction_mixture,orthogonal_all__m2,2,False,test,0.6211568629599037,0.1982270486798585,0.0,True
wine-quality-red,regression,tabpfn_2_6,0,Raw+GramDistance@0.25,hybrid_prediction_mixture,orthogonal_all__m3,3,False,validation,0.6192428968928279,0.1989208831404546,0.0,True
wine-quality-red,regression,tabpfn_2_6,0,Raw+GramDistance@0.25,hybrid_prediction_mixture,orthogonal_all__m3,3,False,test,0.6215694818661506,0.2091955335103665,0.0,True
wine-quality-red,regression,tabpfn_2_6,0,Raw+GramDistance@0.25,hybrid_prediction_mixture,orthogonal_all__m4,4,False,validation,0.6325563062565391,0.18754658819914796,0.0,True
wine-quality-red,regression,tabpfn_2_6,0,Raw+GramDistance@0.25,hybrid_prediction_mixture,orthogonal_all__m4,4,False,test,0.6280157941174854,0.18660603116547012,0.0,True
wine-quality-red,regression,tabpfn_2_6,0,Raw+GramDistance@0.25,hybrid_prediction_mixture,orthogonal_all__m5,5,False,validation,0.6241339612191072,0.19595640203430328,0.0,True
wine-quality-red,regression,tabpfn_2_6,0,Raw+GramDistance@0.25,hybrid_prediction_mixture,orthogonal_all__m5,5,False,test,0.6260646367413842,0.19877691020362706,0.0,True
wine-quality-red,regression,tabpfn_2_6,0,Raw+GramDistance@0.25,hybrid_prediction_mixture,orthogonal_all__m6,6,False,validation,0.6228158384678009,0.206998018529457,0.0,True
wine-quality-red,regression,tabpfn_2_6,0,Raw+GramDistance@0.25,hybrid_prediction_mixture,orthogonal_all__m6,6,False,test,0.6183035804837258,0.18741022005193722,0.0,True
wine-quality-red,regression,tabpfn_2_6,0,Raw+GramDistance@0.25,hybrid_prediction_mixture,orthogonal_all__m7,7,False,validation,0.618818180279709,0.16206436975658306,0.0,True
wine-quality-red,regression,tabpfn_2_6,0,Raw+GramDistance@0.25,hybrid_prediction_mixture,orthogonal_all__m7,7,False,test,0.6204858711052006,0.162617201038163,0.0,True
wine-quality-red,regression,tabpfn_2_6,0,Raw+GramDistance@0.5,hybrid_prediction_mixture,rbf_reference,-1,True,validation,0.627100071573612,0.0,0.0,False
wine-quality-red,regression,tabpfn_2_6,0,Raw+GramDistance@0.5,hybrid_prediction_mixture,rbf_reference,-1,True,test,0.6354698148842932,0.0,0.0,False
wine-quality-red,regression,tabpfn_2_6,0,Raw+GramDistance@0.5,hybrid_prediction_mixture,orthogonal_all__m0,0,False,validation,0.6288450416115738,0.11933902423659883,0.0,True
wine-quality-red,regression,tabpfn_2_6,0,Raw+GramDistance@0.5,hybrid_prediction_mixture,orthogonal_all__m0,0,False,test,0.6283251493578154,0.1209645594392209,0.0,True
wine-quality-red,regression,tabpfn_2_6,0,Raw+GramDistance@0.5,hybrid_prediction_mixture,orthogonal_all__m1,1,False,validation,0.6225518401579586,0.10396875329010115,0.0,True
wine-quality-red,regression,tabpfn_2_6,0,Raw+GramDistance@0.5,hybrid_prediction_mixture,orthogonal_all__m1,1,False,test,0.6260982120456089,0.10961254627990688,0.0,True
wine-quality-red,regression,tabpfn_2_6,0,Raw+GramDistance@0.5,hybrid_prediction_mixture,orthogonal_all__m2,2,False,validation,0.6178264885922606,0.13737908318594866,0.0,True
wine-quality-red,regression,tabpfn_2_6,0,Raw+GramDistance@0.5,hybrid_prediction_mixture,orthogonal_all__m2,2,False,test,0.6230638784396857,0.13215136578657236,0.0,True
wine-quality-red,regression,tabpfn_2_6,0,Raw+GramDistance@0.5,hybrid_prediction_mixture,orthogonal_all__m3,3,False,validation,0.6209295099143104,0.1326139220936364,0.0,True
wine-quality-red,regression,tabpfn_2_6,0,Raw+GramDistance@0.5,hybrid_prediction_mixture,orthogonal_all__m3,3,False,test,0.6230730402115388,0.139463689006911,0.0,True
wine-quality-red,regression,tabpfn_2_6,0,Raw+GramDistance@0.5,hybrid_prediction_mixture,orthogonal_all__m4,4,False,validation,0.6302626738232372,0.1250310587994319,0.0,True
wine-quality-red,regression,tabpfn_2_6,0,Raw+GramDistance@0.5,hybrid_prediction_mixture,orthogonal_all__m4,4,False,test,0.6281851383855475,0.12440402077698007,0.0,True
wine-quality-red,regression,tabpfn_2_6,0,Raw+GramDistance@0.5,hybrid_prediction_mixture,orthogonal_all__m5,5,False,validation,0.6246739837912775,0.1306376013562022,0.0,True
wine-quality-red,regression,tabpfn_2_6,0,Raw+GramDistance@0.5,hybrid_prediction_mixture,orthogonal_all__m5,5,False,test,0.6265486320332055,0.13251794013575136,0.0,True
wine-quality-red,regression,tabpfn_2_6,0,Raw+GramDistance@0.5,hybrid_prediction_mixture,orthogonal_all__m6,6,False,validation,0.623206676156539,0.137998679019638,0.0,True
wine-quality-red,regression,tabpfn_2_6,0,Raw+GramDistance@0.5,hybrid_prediction_mixture,orthogonal_all__m6,6,False,test,0.6205499493285558,0.12494014670129147,0.0,True
wine-quality-red,regression,tabpfn_2_6,0,Raw+GramDistance@0.5,hybrid_prediction_mixture,orthogonal_all__m7,7,False,validation,0.6208553131711683,0.10804291317105535,0.0,True
wine-quality-red,regression,tabpfn_2_6,0,Raw+GramDistance@0.5,hybrid_prediction_mixture,orthogonal_all__m7,7,False,test,0.6227391098262781,0.10841146735877531,0.0,True
wine-quality-red,regression,tabpfn_2_6,0,Raw+GramDistance@0.75,hybrid_prediction_mixture,rbf_reference,-1,True,validation,0.6282432873231489,0.0,0.0,False
wine-quality-red,regression,tabpfn_2_6,0,Raw+GramDistance@0.75,hybrid_prediction_mixture,rbf_reference,-1,True,test,0.6334031121005789,0.0,0.0,False
wine-quality-red,regression,tabpfn_2_6,0,Raw+GramDistance@0.75,hybrid_prediction_mixture,orthogonal_all__m0,0,False,validation,0.6298150425220845,0.05966951211829941,0.0,True
wine-quality-red,regression,tabpfn_2_6,0,Raw+GramDistance@0.75,hybrid_prediction_mixture,orthogonal_all__m0,0,False,test,0.6303663227174444,0.06048227971961045,0.0,True
wine-quality-red,regression,tabpfn_2_6,0,Raw+GramDistance@0.75,hybrid_prediction_mixture,orthogonal_all__m1,1,False,validation,0.6265558505495578,0.051984376645050574,0.0,True
wine-quality-red,regression,tabpfn_2_6,0,Raw+GramDistance@0.75,hybrid_prediction_mixture,orthogonal_all__m1,1,False,test,0.6293392316399438,0.05480627313995344,0.0,True
wine-quality-red,regression,tabpfn_2_6,0,Raw+GramDistance@0.75,hybrid_prediction_mixture,orthogonal_all__m2,2,False,validation,0.6238890223766241,0.06868954159297433,0.0,True
wine-quality-red,regression,tabpfn_2_6,0,Raw+GramDistance@0.75,hybrid_prediction_mixture,orthogonal_all__m2,2,False,test,0.6275121440701974,0.06607568289328618,0.0,True
wine-quality-red,regression,tabpfn_2_6,0,Raw+GramDistance@0.75,hybrid_prediction_mixture,orthogonal_all__m3,3,False,validation,0.6254081296186738,0.0663069610468182,0.0,True
wine-quality-red,regression,tabpfn_2_6,0,Raw+GramDistance@0.75,hybrid_prediction_mixture,orthogonal_all__m3,3,False,test,0.6273850362013218,0.0697318445034555,0.0,True
wine-quality-red,regression,tabpfn_2_6,0,Raw+GramDistance@0.75,hybrid_prediction_mixture,orthogonal_all__m4,4,False,validation,0.6302838026751283,0.06251552939971596,0.0,True
wine-quality-red,regression,tabpfn_2_6,0,Raw+GramDistance@0.75,hybrid_prediction_mixture,orthogonal_all__m4,4,False,test,0.6303359945363528,0.062202010388490034,0.0,True
wine-quality-red,regression,tabpfn_2_6,0,Raw+GramDistance@0.75,hybrid_prediction_mixture,orthogonal_all__m5,5,False,validation,0.6275127990233265,0.0653188006781011,0.0,True
wine-quality-red,regression,tabpfn_2_6,0,Raw+GramDistance@0.75,hybrid_prediction_mixture,orthogonal_all__m5,5,False,test,0.6293534160681445,0.06625897006787568,0.0,True
wine-quality-red,regression,tabpfn_2_6,0,Raw+GramDistance@0.75,hybrid_prediction_mixture,orthogonal_all__m6,6,False,validation,0.6264895575762408,0.068999339509819,0.0,True
wine-quality-red,regression,tabpfn_2_6,0,Raw+GramDistance@0.75,hybrid_prediction_mixture,orthogonal_all__m6,6,False,test,0.6259584471342144,0.062470073350645736,0.0,True
wine-quality-red,regression,tabpfn_2_6,0,Raw+GramDistance@0.75,hybrid_prediction_mixture,orthogonal_all__m7,7,False,validation,0.6254745936002638,0.05402145658552768,0.0,True
wine-quality-red,regression,tabpfn_2_6,0,Raw+GramDistance@0.75,hybrid_prediction_mixture,orthogonal_all__m7,7,False,test,0.6274110327104827,0.054205733679387656,0.0,True
wine-quality-red,regression,tabpfn_2_6,0,Raw+GramDistance@1,hybrid_prediction_mixture,rbf_reference,-1,True,validation,0.6326194608801785,0.0,0.0,False
wine-quality-red,regression,tabpfn_2_6,0,Raw+GramDistance@1,hybrid_prediction_mixture,rbf_reference,-1,True,test,0.6344482101952902,0.0,0.0,False
wine-quality-red,regression,tabpfn_2_6,0,Raw+GramDistance@1,hybrid_prediction_mixture,orthogonal_all__m0,0,False,validation,0.6326194608801785,0.0,0.0,True
wine-quality-red,regression,tabpfn_2_6,0,Raw+GramDistance@1,hybrid_prediction_mixture,orthogonal_all__m0,0,False,test,0.6344482101952902,0.0,0.0,True
wine-quality-red,regression,tabpfn_2_6,0,Raw+GramDistance@1,hybrid_prediction_mixture,orthogonal_all__m1,1,False,validation,0.6326194608801785,0.0,0.0,True
wine-quality-red,regression,tabpfn_2_6,0,Raw+GramDistance@1,hybrid_prediction_mixture,orthogonal_all__m1,1,False,test,0.6344482101952902,0.0,0.0,True
wine-quality-red,regression,tabpfn_2_6,0,Raw+GramDistance@1,hybrid_prediction_mixture,orthogonal_all__m2,2,False,validation,0.6326194608801785,0.0,0.0,True
wine-quality-red,regression,tabpfn_2_6,0,Raw+GramDistance@1,hybrid_prediction_mixture,orthogonal_all__m2,2,False,test,0.6344482101952902,0.0,0.0,True
wine-quality-red,regression,tabpfn_2_6,0,Raw+GramDistance@1,hybrid_prediction_mixture,orthogonal_all__m3,3,False,validation,0.6326194608801785,0.0,0.0,True
wine-quality-red,regression,tabpfn_2_6,0,Raw+GramDistance@1,hybrid_prediction_mixture,orthogonal_all__m3,3,False,test,0.6344482101952902,0.0,0.0,True
wine-quality-red,regression,tabpfn_2_6,0,Raw+GramDistance@1,hybrid_prediction_mixture,orthogonal_all__m4,4,False,validation,0.6326194608801785,0.0,0.0,True
wine-quality-red,regression,tabpfn_2_6,0,Raw+GramDistance@1,hybrid_prediction_mixture,orthogonal_all__m4,4,False,test,0.6344482101952902,0.0,0.0,True
wine-quality-red,regression,tabpfn_2_6,0,Raw+GramDistance@1,hybrid_prediction_mixture,orthogonal_all__m5,5,False,validation,0.6326194608801785,0.0,0.0,True
wine-quality-red,regression,tabpfn_2_6,0,Raw+GramDistance@1,hybrid_prediction_mixture,orthogonal_all__m5,5,False,test,0.6344482101952902,0.0,0.0,True
wine-quality-red,regression,tabpfn_2_6,0,Raw+GramDistance@1,hybrid_prediction_mixture,orthogonal_all__m6,6,False,validation,0.6326194608801785,0.0,0.0,True
wine-quality-red,regression,tabpfn_2_6,0,Raw+GramDistance@1,hybrid_prediction_mixture,orthogonal_all__m6,6,False,test,0.6344482101952902,0.0,0.0,True
wine-quality-red,regression,tabpfn_2_6,0,Raw+GramDistance@1,hybrid_prediction_mixture,orthogonal_all__m7,7,False,validation,0.6326194608801785,0.0,0.0,True
wine-quality-red,regression,tabpfn_2_6,0,Raw+GramDistance@1,hybrid_prediction_mixture,orthogonal_all__m7,7,False,test,0.6344482101952902,0.0,0.0,True
wine-quality-red,regression,tabpfn_2_6,0,Raw+NystromGram@0.25,hybrid_prediction_mixture,rbf_reference,-1,True,validation,0.6275318866607181,0.0,0.0,False
wine-quality-red,regression,tabpfn_2_6,0,Raw+NystromGram@0.25,hybrid_prediction_mixture,rbf_reference,-1,True,test,0.6405825020084284,0.0,0.0,False
wine-quality-red,regression,tabpfn_2_6,0,Raw+NystromGram@0.25,hybrid_prediction_mixture,orthogonal_all__m0,0,False,validation,0.6271695181437501,0.1790085363548983,0.0,True
wine-quality-red,regression,tabpfn_2_6,0,Raw+NystromGram@0.25,hybrid_prediction_mixture,orthogonal_all__m0,0,False,test,0.6269556307659612,0.18144683915883136,0.0,True
wine-quality-red,regression,tabpfn_2_6,0,Raw+NystromGram@0.25,hybrid_prediction_mixture,orthogonal_all__m1,1,False,validation,0.6188083332059727,0.15595312993515173,0.0,True
wine-quality-red,regression,tabpfn_2_6,0,Raw+NystromGram@0.25,hybrid_prediction_mixture,orthogonal_all__m1,1,False,test,0.6240415516387195,0.16441881941986028,0.0,True
wine-quality-red,regression,tabpfn_2_6,0,Raw+NystromGram@0.25,hybrid_prediction_mixture,orthogonal_all__m2,2,False,validation,0.6117664000314342,0.20606862477892304,0.0,True
wine-quality-red,regression,tabpfn_2_6,0,Raw+NystromGram@0.25,hybrid_prediction_mixture,orthogonal_all__m2,2,False,test,0.6201124433362668,0.1982270486798585,0.0,True
wine-quality-red,regression,tabpfn_2_6,0,Raw+NystromGram@0.25,hybrid_prediction_mixture,orthogonal_all__m3,3,False,validation,0.6166072587167791,0.1989208831404546,0.0,True
wine-quality-red,regression,tabpfn_2_6,0,Raw+NystromGram@0.25,hybrid_prediction_mixture,orthogonal_all__m3,3,False,test,0.6195339696371012,0.2091955335103665,0.0,True
wine-quality-red,regression,tabpfn_2_6,0,Raw+NystromGram@0.25,hybrid_prediction_mixture,orthogonal_all__m4,4,False,validation,0.6302074908332088,0.18754658819914796,0.0,True
wine-quality-red,regression,tabpfn_2_6,0,Raw+NystromGram@0.25,hybrid_prediction_mixture,orthogonal_all__m4,4,False,test,0.626551053822006,0.18660603116547012,0.0,True
wine-quality-red,regression,tabpfn_2_6,0,Raw+NystromGram@0.25,hybrid_prediction_mixture,orthogonal_all__m5,5,False,validation,0.6216304875749677,0.19595640203430328,0.0,True
wine-quality-red,regression,tabpfn_2_6,0,Raw+NystromGram@0.25,hybrid_prediction_mixture,orthogonal_all__m5,5,False,test,0.6244345683153224,0.19877691020362706,0.0,True
wine-quality-red,regression,tabpfn_2_6,0,Raw+NystromGram@0.25,hybrid_prediction_mixture,orthogonal_all__m6,6,False,validation,0.6206020310421078,0.206998018529457,0.0,True
wine-quality-red,regression,tabpfn_2_6,0,Raw+NystromGram@0.25,hybrid_prediction_mixture,orthogonal_all__m6,6,False,test,0.618168132128215,0.18741022005193722,0.0,True
wine-quality-red,regression,tabpfn_2_6,0,Raw+NystromGram@0.25,hybrid_prediction_mixture,orthogonal_all__m7,7,False,validation,0.6167040494357499,0.16206436975658306,0.0,True
wine-quality-red,regression,tabpfn_2_6,0,Raw+NystromGram@0.25,hybrid_prediction_mixture,orthogonal_all__m7,7,False,test,0.6194498212882016,0.162617201038163,0.0,True
wine-quality-red,regression,tabpfn_2_6,0,Raw+NystromGram@0.5,hybrid_prediction_mixture,rbf_reference,-1,True,validation,0.6235556651225995,0.0,0.0,False
wine-quality-red,regression,tabpfn_2_6,0,Raw+NystromGram@0.5,hybrid_prediction_mixture,rbf_reference,-1,True,test,0.6346873602310908,0.0,0.0,False
wine-quality-red,regression,tabpfn_2_6,0,Raw+NystromGram@0.5,hybrid_prediction_mixture,orthogonal_all__m0,0,False,validation,0.6241395096957523,0.11933902423659883,0.0,True
wine-quality-red,regression,tabpfn_2_6,0,Raw+NystromGram@0.5,hybrid_prediction_mixture,orthogonal_all__m0,0,False,test,0.6257275050115094,0.1209645594392209,0.0,True
wine-quality-red,regression,tabpfn_2_6,0,Raw+NystromGram@0.5,hybrid_prediction_mixture,orthogonal_all__m1,1,False,validation,0.6187944097581344,0.10396875329010115,0.0,True
wine-quality-red,regression,tabpfn_2_6,0,Raw+NystromGram@0.5,hybrid_prediction_mixture,orthogonal_all__m1,1,False,test,0.6244032949281167,0.10961254627990688,0.0,True
wine-quality-red,regression,tabpfn_2_6,0,Raw+NystromGram@0.5,hybrid_prediction_mixture,orthogonal_all__m2,2,False,validation,0.6128598040344251,0.13737908318594866,0.0,True
wine-quality-red,regression,tabpfn_2_6,0,Raw+NystromGram@0.5,hybrid_prediction_mixture,orthogonal_all__m2,2,False,test,0.620924472399347,0.13215136578657236,0.0,True
wine-quality-red,regression,tabpfn_2_6,0,Raw+NystromGram@0.5,hybrid_prediction_mixture,orthogonal_all__m3,3,False,validation,0.6161049074926851,0.1326139220936364,0.0,True
wine-quality-red,regression,tabpfn_2_6,0,Raw+NystromGram@0.5,hybrid_prediction_mixture,orthogonal_all__m3,3,False,test,0.6196118007307251,0.139463689006911,0.0,True
wine-quality-red,regression,tabpfn_2_6,0,Raw+NystromGram@0.5,hybrid_prediction_mixture,orthogonal_all__m4,4,False,validation,0.625820404316439,0.1250310587994319,0.0,True
wine-quality-red,regression,tabpfn_2_6,0,Raw+NystromGram@0.5,hybrid_prediction_mixture,orthogonal_all__m4,4,False,test,0.6254866588810074,0.12440402077698007,0.0,True
wine-quality-red,regression,tabpfn_2_6,0,Raw+NystromGram@0.5,hybrid_prediction_mixture,orthogonal_all__m5,5,False,validation,0.620027478391612,0.1306376013562022,0.0,True
wine-quality-red,regression,tabpfn_2_6,0,Raw+NystromGram@0.5,hybrid_prediction_mixture,orthogonal_all__m5,5,False,test,0.6236284693456773,0.13251794013575136,0.0,True
wine-quality-red,regression,tabpfn_2_6,0,Raw+NystromGram@0.5,hybrid_prediction_mixture,orthogonal_all__m6,6,False,validation,0.6189435489686268,0.137998679019638,0.0,True
wine-quality-red,regression,tabpfn_2_6,0,Raw+NystromGram@0.5,hybrid_prediction_mixture,orthogonal_all__m6,6,False,test,0.6196176891454254,0.12494014670129147,0.0,True
wine-quality-red,regression,tabpfn_2_6,0,Raw+NystromGram@0.5,hybrid_prediction_mixture,orthogonal_all__m7,7,False,validation,0.6167279666984702,0.10804291317105535,0.0,True
wine-quality-red,regression,tabpfn_2_6,0,Raw+NystromGram@0.5,hybrid_prediction_mixture,orthogonal_all__m7,7,False,test,0.6206112287210795,0.10841146735877531,0.0,True
wine-quality-red,regression,tabpfn_2_6,0,Raw+NystromGram@0.75,hybrid_prediction_mixture,rbf_reference,-1,True,validation,0.6226622817527705,0.0,0.0,False
wine-quality-red,regression,tabpfn_2_6,0,Raw+NystromGram@0.75,hybrid_prediction_mixture,rbf_reference,-1,True,test,0.6311538629827899,0.0,0.0,False
wine-quality-red,regression,tabpfn_2_6,0,Raw+NystromGram@0.75,hybrid_prediction_mixture,orthogonal_all__m0,0,False,validation,0.6233685362101341,0.05966951211829941,0.0,True
wine-quality-red,regression,tabpfn_2_6,0,Raw+NystromGram@0.75,hybrid_prediction_mixture,orthogonal_all__m0,0,False,test,0.6267532132817463,0.06048227971961045,0.0,True
wine-quality-red,regression,tabpfn_2_6,0,Raw+NystromGram@0.75,hybrid_prediction_mixture,orthogonal_all__m1,1,False,validation,0.6208198957850812,0.051984376645050574,0.0,True
wine-quality-red,regression,tabpfn_2_6,0,Raw+NystromGram@0.75,hybrid_prediction_mixture,orthogonal_all__m1,1,False,test,0.6264018860183258,0.05480627313995344,0.0,True
wine-quality-red,regression,tabpfn_2_6,0,Raw+NystromGram@0.75,hybrid_prediction_mixture,orthogonal_all__m2,2,False,validation,0.6172491413805608,0.06868954159297433,0.0,True
wine-quality-red,regression,tabpfn_2_6,0,Raw+NystromGram@0.75,hybrid_prediction_mixture,orthogonal_all__m2,2,False,test,0.6242407551938832,0.06607568289328618,0.0,True
wine-quality-red,regression,tabpfn_2_6,0,Raw+NystromGram@0.75,hybrid_prediction_mixture,orthogonal_all__m3,3,False,validation,0.6188719515421283,0.0663069610468182,0.0,True
wine-quality-red,regression,tabpfn_2_6,0,Raw+NystromGram@0.75,hybrid_prediction_mixture,orthogonal_all__m3,3,False,test,0.6231269035336627,0.0697318445034555,0.0,True
wine-quality-red,regression,tabpfn_2_6,0,Raw+NystromGram@0.75,hybrid_prediction_mixture,orthogonal_all__m4,4,False,validation,0.6240321229667809,0.06251552939971596,0.0,True
wine-quality-red,regression,tabpfn_2_6,0,Raw+NystromGram@0.75,hybrid_prediction_mixture,orthogonal_all__m4,4,False,test,0.6266476577022774,0.062202010388490034,0.0,True
wine-quality-red,regression,tabpfn_2_6,0,Raw+NystromGram@0.75,hybrid_prediction_mixture,orthogonal_all__m5,5,False,validation,0.6211102898327822,0.0653188006781011,0.0,True
wine-quality-red,regression,tabpfn_2_6,0,Raw+NystromGram@0.75,hybrid_prediction_mixture,orthogonal_all__m5,5,False,test,0.6254988077980899,0.06625897006787568,0.0,True
wine-quality-red,regression,tabpfn_2_6,0,Raw+NystromGram@0.75,hybrid_prediction_mixture,orthogonal_all__m6,6,False,validation,0.6203715787346713,0.068999339509819,0.0,True
wine-quality-red,regression,tabpfn_2_6,0,Raw+NystromGram@0.75,hybrid_prediction_mixture,orthogonal_all__m6,6,False,test,0.6235847456358561,0.062470073350645736,0.0,True
wine-quality-red,regression,tabpfn_2_6,0,Raw+NystromGram@0.75,hybrid_prediction_mixture,orthogonal_all__m7,7,False,validation,0.6194601111028953,0.05402145658552768,0.0,True
wine-quality-red,regression,tabpfn_2_6,0,Raw+NystromGram@0.75,hybrid_prediction_mixture,orthogonal_all__m7,7,False,test,0.624148543482084,0.054205733679387656,0.0,True
wine-quality-red,regression,tabpfn_2_6,0,Raw+NystromGram@1,hybrid_prediction_mixture,rbf_reference,-1,True,validation,0.6248649594986085,0.0,0.0,False
wine-quality-red,regression,tabpfn_2_6,0,Raw+NystromGram@1,hybrid_prediction_mixture,rbf_reference,-1,True,test,0.6300217475947487,0.0,0.0,False
wine-quality-red,regression,tabpfn_2_6,0,Raw+NystromGram@1,hybrid_prediction_mixture,orthogonal_all__m0,0,False,validation,0.6248649594986085,0.0,0.0,True
wine-quality-red,regression,tabpfn_2_6,0,Raw+NystromGram@1,hybrid_prediction_mixture,orthogonal_all__m0,0,False,test,0.6300217475947487,0.0,0.0,True
wine-quality-red,regression,tabpfn_2_6,0,Raw+NystromGram@1,hybrid_prediction_mixture,orthogonal_all__m1,1,False,validation,0.6248649594986085,0.0,0.0,True
wine-quality-red,regression,tabpfn_2_6,0,Raw+NystromGram@1,hybrid_prediction_mixture,orthogonal_all__m1,1,False,test,0.6300217475947487,0.0,0.0,True
wine-quality-red,regression,tabpfn_2_6,0,Raw+NystromGram@1,hybrid_prediction_mixture,orthogonal_all__m2,2,False,validation,0.6248649594986085,0.0,0.0,True
wine-quality-red,regression,tabpfn_2_6,0,Raw+NystromGram@1,hybrid_prediction_mixture,orthogonal_all__m2,2,False,test,0.6300217475947487,0.0,0.0,True
wine-quality-red,regression,tabpfn_2_6,0,Raw+NystromGram@1,hybrid_prediction_mixture,orthogonal_all__m3,3,False,validation,0.6248649594986085,0.0,0.0,True
wine-quality-red,regression,tabpfn_2_6,0,Raw+NystromGram@1,hybrid_prediction_mixture,orthogonal_all__m3,3,False,test,0.6300217475947487,0.0,0.0,True
wine-quality-red,regression,tabpfn_2_6,0,Raw+NystromGram@1,hybrid_prediction_mixture,orthogonal_all__m4,4,False,validation,0.6248649594986085,0.0,0.0,True
wine-quality-red,regression,tabpfn_2_6,0,Raw+NystromGram@1,hybrid_prediction_mixture,orthogonal_all__m4,4,False,test,0.6300217475947487,0.0,0.0,True
wine-quality-red,regression,tabpfn_2_6,0,Raw+NystromGram@1,hybrid_prediction_mixture,orthogonal_all__m5,5,False,validation,0.6248649594986085,0.0,0.0,True
wine-quality-red,regression,tabpfn_2_6,0,Raw+NystromGram@1,hybrid_prediction_mixture,orthogonal_all__m5,5,False,test,0.6300217475947487,0.0,0.0,True
wine-quality-red,regression,tabpfn_2_6,0,Raw+NystromGram@1,hybrid_prediction_mixture,orthogonal_all__m6,6,False,validation,0.6248649594986085,0.0,0.0,True
wine-quality-red,regression,tabpfn_2_6,0,Raw+NystromGram@1,hybrid_prediction_mixture,orthogonal_all__m6,6,False,test,0.6300217475947487,0.0,0.0,True
wine-quality-red,regression,tabpfn_2_6,0,Raw+NystromGram@1,hybrid_prediction_mixture,orthogonal_all__m7,7,False,validation,0.6248649594986085,0.0,0.0,True
wine-quality-red,regression,tabpfn_2_6,0,Raw+NystromGram@1,hybrid_prediction_mixture,orthogonal_all__m7,7,False,test,0.6300217475947487,0.0,0.0,True
wine-quality-red,regression,tabpfn_2_6,0,Raw+HybridSpectral-t0.01@0.25,hybrid_prediction_mixture,rbf_reference,-1,True,validation,0.6265868563880496,0.0,0.0,False
wine-quality-red,regression,tabpfn_2_6,0,Raw+HybridSpectral-t0.01@0.25,hybrid_prediction_mixture,rbf_reference,-1,True,test,0.6374262147558951,0.0,0.0,False
wine-quality-red,regression,tabpfn_2_6,0,Raw+HybridSpectral-t0.01@0.25,hybrid_prediction_mixture,orthogonal_all__m0,0,False,validation,0.630261565321723,0.1790085363548983,0.0,True
wine-quality-red,regression,tabpfn_2_6,0,Raw+HybridSpectral-t0.01@0.25,hybrid_prediction_mixture,orthogonal_all__m0,0,False,test,0.6262483921739359,0.18144683915883136,0.0,True
wine-quality-red,regression,tabpfn_2_6,0,Raw+HybridSpectral-t0.01@0.25,hybrid_prediction_mixture,orthogonal_all__m1,1,False,validation,0.620560567415609,0.15595312993515173,0.0,True
wine-quality-red,regression,tabpfn_2_6,0,Raw+HybridSpectral-t0.01@0.25,hybrid_prediction_mixture,orthogonal_all__m1,1,False,test,0.6220137577708589,0.16441881941986028,0.0,True
wine-quality-red,regression,tabpfn_2_6,0,Raw+HybridSpectral-t0.01@0.25,hybrid_prediction_mixture,orthogonal_all__m2,2,False,validation,0.6156765339667191,0.20606862477892304,0.0,True
wine-quality-red,regression,tabpfn_2_6,0,Raw+HybridSpectral-t0.01@0.25,hybrid_prediction_mixture,orthogonal_all__m2,2,False,test,0.6187404711367389,0.1982270486798585,0.0,True
wine-quality-red,regression,tabpfn_2_6,0,Raw+HybridSpectral-t0.01@0.25,hybrid_prediction_mixture,orthogonal_all__m3,3,False,validation,0.6183619929455664,0.1989208831404546,0.0,True
wine-quality-red,regression,tabpfn_2_6,0,Raw+HybridSpectral-t0.01@0.25,hybrid_prediction_mixture,orthogonal_all__m3,3,False,test,0.6184324867603378,0.2091955335103665,0.0,True
wine-quality-red,regression,tabpfn_2_6,0,Raw+HybridSpectral-t0.01@0.25,hybrid_prediction_mixture,orthogonal_all__m4,4,False,validation,0.6316583950761581,0.18754658819914796,0.0,True
wine-quality-red,regression,tabpfn_2_6,0,Raw+HybridSpectral-t0.01@0.25,hybrid_prediction_mixture,orthogonal_all__m4,4,False,test,0.6250065464434948,0.18660603116547012,0.0,True
wine-quality-red,regression,tabpfn_2_6,0,Raw+HybridSpectral-t0.01@0.25,hybrid_prediction_mixture,orthogonal_all__m5,5,False,validation,0.6236194400633247,0.19595640203430328,0.0,True
wine-quality-red,regression,tabpfn_2_6,0,Raw+HybridSpectral-t0.01@0.25,hybrid_prediction_mixture,orthogonal_all__m5,5,False,test,0.6234659284079527,0.19877691020362706,0.0,True
wine-quality-red,regression,tabpfn_2_6,0,Raw+HybridSpectral-t0.01@0.25,hybrid_prediction_mixture,orthogonal_all__m6,6,False,validation,0.6234968955844311,0.206998018529457,0.0,True
wine-quality-red,regression,tabpfn_2_6,0,Raw+HybridSpectral-t0.01@0.25,hybrid_prediction_mixture,orthogonal_all__m6,6,False,test,0.6172495612606752,0.18741022005193722,0.0,True
wine-quality-red,regression,tabpfn_2_6,0,Raw+HybridSpectral-t0.01@0.25,hybrid_prediction_mixture,orthogonal_all__m7,7,False,validation,0.6178256153780705,0.16206436975658306,0.0,True
wine-quality-red,regression,tabpfn_2_6,0,Raw+HybridSpectral-t0.01@0.25,hybrid_prediction_mixture,orthogonal_all__m7,7,False,test,0.6183095094734602,0.162617201038163,0.0,True
wine-quality-red,regression,tabpfn_2_6,0,Raw+HybridSpectral-t0.01@0.5,hybrid_prediction_mixture,rbf_reference,-1,True,validation,0.623981211280884,0.0,0.0,False
wine-quality-red,regression,tabpfn_2_6,0,Raw+HybridSpectral-t0.01@0.5,hybrid_prediction_mixture,rbf_reference,-1,True,test,0.6302747857407351,0.0,0.0,False
wine-quality-red,regression,tabpfn_2_6,0,Raw+HybridSpectral-t0.01@0.5,hybrid_prediction_mixture,orthogonal_all__m0,0,False,validation,0.6299565863105925,0.11933902423659883,0.0,True
wine-quality-red,regression,tabpfn_2_6,0,Raw+HybridSpectral-t0.01@0.5,hybrid_prediction_mixture,orthogonal_all__m0,0,False,test,0.62461969922629,0.1209645594392209,0.0,True
wine-quality-red,regression,tabpfn_2_6,0,Raw+HybridSpectral-t0.01@0.5,hybrid_prediction_mixture,orthogonal_all__m1,1,False,validation,0.62282678096827,0.10396875329010115,0.0,True
wine-quality-red,regression,tabpfn_2_6,0,Raw+HybridSpectral-t0.01@0.5,hybrid_prediction_mixture,orthogonal_all__m1,1,False,test,0.6215360762619168,0.10961254627990688,0.0,True
wine-quality-red,regression,tabpfn_2_6,0,Raw+HybridSpectral-t0.01@0.5,hybrid_prediction_mixture,orthogonal_all__m2,2,False,validation,0.619764110386302,0.13737908318594866,0.0,True
wine-quality-red,regression,tabpfn_2_6,0,Raw+HybridSpectral-t0.01@0.5,hybrid_prediction_mixture,orthogonal_all__m2,2,False,test,0.6189326149743695,0.13215136578657236,0.0,True
wine-quality-red,regression,tabpfn_2_6,0,Raw+HybridSpectral-t0.01@0.5,hybrid_prediction_mixture,orthogonal_all__m3,3,False,validation,0.6201497982115024,0.1326139220936364,0.0,True
wine-quality-red,regression,tabpfn_2_6,0,Raw+HybridSpectral-t0.01@0.5,hybrid_prediction_mixture,orthogonal_all__m3,3,False,test,0.6179783671497069,0.139463689006911,0.0,True
wine-quality-red,regression,tabpfn_2_6,0,Raw+HybridSpectral-t0.01@0.5,hybrid_prediction_mixture,orthogonal_all__m4,4,False,validation,0.6294469254655214,0.1250310587994319,0.0,True
wine-quality-red,regression,tabpfn_2_6,0,Raw+HybridSpectral-t0.01@0.5,hybrid_prediction_mixture,orthogonal_all__m4,4,False,test,0.6232598048211422,0.12440402077698007,0.0,True
wine-quality-red,regression,tabpfn_2_6,0,Raw+HybridSpectral-t0.01@0.5,hybrid_prediction_mixture,orthogonal_all__m5,5,False,validation,0.6243777083189354,0.1306376013562022,0.0,True
wine-quality-red,regression,tabpfn_2_6,0,Raw+HybridSpectral-t0.01@0.5,hybrid_prediction_mixture,orthogonal_all__m5,5,False,test,0.6221715116816643,0.13251794013575136,0.0,True
wine-quality-red,regression,tabpfn_2_6,0,Raw+HybridSpectral-t0.01@0.5,hybrid_prediction_mixture,orthogonal_all__m6,6,False,validation,0.6245031935319989,0.137998679019638,0.0,True
wine-quality-red,regression,tabpfn_2_6,0,Raw+HybridSpectral-t0.01@0.5,hybrid_prediction_mixture,orthogonal_all__m6,6,False,test,0.6182310244269115,0.12494014670129147,0.0,True
wine-quality-red,regression,tabpfn_2_6,0,Raw+HybridSpectral-t0.01@0.5,hybrid_prediction_mixture,orthogonal_all__m7,7,False,validation,0.6199279406289817,0.10804291317105535,0.0,True
wine-quality-red,regression,tabpfn_2_6,0,Raw+HybridSpectral-t0.01@0.5,hybrid_prediction_mixture,orthogonal_all__m7,7,False,test,0.6189289126345674,0.10841146735877531,0.0,True
wine-quality-red,regression,tabpfn_2_6,0,Raw+HybridSpectral-t0.01@0.75,hybrid_prediction_mixture,rbf_reference,-1,True,validation,0.6267826666603732,0.0,0.0,False
wine-quality-red,regression,tabpfn_2_6,0,Raw+HybridSpectral-t0.01@0.75,hybrid_prediction_mixture,rbf_reference,-1,True,test,0.6274641563726202,0.0,0.0,False
wine-quality-red,regression,tabpfn_2_6,0,Raw+HybridSpectral-t0.01@0.75,hybrid_prediction_mixture,orthogonal_all__m0,0,False,validation,0.6315138497736326,0.05966951211829941,0.0,True
wine-quality-red,regression,tabpfn_2_6,0,Raw+HybridSpectral-t0.01@0.75,hybrid_prediction_mixture,orthogonal_all__m0,0,False,test,0.6255582367021835,0.06048227971961045,0.0,True
wine-quality-red,regression,tabpfn_2_6,0,Raw+HybridSpectral-t0.01@0.75,hybrid_prediction_mixture,orthogonal_all__m1,1,False,validation,0.6276323620358114,0.051984376645050574,0.0,True
wine-quality-red,regression,tabpfn_2_6,0,Raw+HybridSpectral-t0.01@0.75,hybrid_prediction_mixture,orthogonal_all__m1,1,False,test,0.6238929482591825,0.05480627313995344,0.0,True
wine-quality-red,regression,tabpfn_2_6,0,Raw+HybridSpectral-t0.01@0.75,hybrid_prediction_mixture,orthogonal_all__m2,2,False,validation,0.6262023180178394,0.06868954159297433,0.0,True
wine-quality-red,regression,tabpfn_2_6,0,Raw+HybridSpectral-t0.01@0.75,hybrid_prediction_mixture,orthogonal_all__m2,2,False,test,0.6223878855526703,0.06607568289328618,0.0,True
wine-quality-red,regression,tabpfn_2_6,0,Raw+HybridSpectral-t0.01@0.75,hybrid_prediction_mixture,orthogonal_all__m3,3,False,validation,0.6257019334387406,0.0663069610468182,0.0,True
wine-quality-red,regression,tabpfn_2_6,0,Raw+HybridSpectral-t0.01@0.75,hybrid_prediction_mixture,orthogonal_all__m3,3,False,test,0.6215411253081945,0.0697318445034555,0.0,True
wine-quality-red,regression,tabpfn_2_6,0,Raw+HybridSpectral-t0.01@0.75,hybrid_prediction_mixture,orthogonal_all__m4,4,False,validation,0.6305396984713575,0.06251552939971596,0.0,True
wine-quality-red,regression,tabpfn_2_6,0,Raw+HybridSpectral-t0.01@0.75,hybrid_prediction_mixture,orthogonal_all__m4,4,False,test,0.6246151441897355,0.062202010388490034,0.0,True
wine-quality-red,regression,tabpfn_2_6,0,Raw+HybridSpectral-t0.01@0.75,hybrid_prediction_mixture,orthogonal_all__m5,5,False,validation,0.6281624864351494,0.0653188006781011,0.0,True
wine-quality-red,regression,tabpfn_2_6,0,Raw+HybridSpectral-t0.01@0.75,hybrid_prediction_mixture,orthogonal_all__m5,5,False,test,0.6240431264992304,0.06625897006787568,0.0,True
wine-quality-red,regression,tabpfn_2_6,0,Raw+HybridSpectral-t0.01@0.75,hybrid_prediction_mixture,orthogonal_all__m6,6,False,validation,0.6283277551227594,0.068999339509819,0.0,True
wine-quality-red,regression,tabpfn_2_6,0,Raw+HybridSpectral-t0.01@0.75,hybrid_prediction_mixture,orthogonal_all__m6,6,False,test,0.6221840143261481,0.062470073350645736,0.0,True
wine-quality-red,regression,tabpfn_2_6,0,Raw+HybridSpectral-t0.01@0.75,hybrid_prediction_mixture,orthogonal_all__m7,7,False,validation,0.6256587008589228,0.05402145658552768,0.0,True
wine-quality-red,regression,tabpfn_2_6,0,Raw+HybridSpectral-t0.01@0.75,hybrid_prediction_mixture,orthogonal_all__m7,7,False,test,0.6225269505312908,0.054205733679387656,0.0,True
wine-quality-red,regression,tabpfn_2_6,0,Raw+HybridSpectral-t0.01@1,hybrid_prediction_mixture,rbf_reference,-1,True,validation,0.6349196533272898,0.0,0.0,False
wine-quality-red,regression,tabpfn_2_6,0,Raw+HybridSpectral-t0.01@1,hybrid_prediction_mixture,rbf_reference,-1,True,test,0.6290525138918467,0.0,0.0,False
wine-quality-red,regression,tabpfn_2_6,0,Raw+HybridSpectral-t0.01@1,hybrid_prediction_mixture,orthogonal_all__m0,0,False,validation,0.6349196533272898,0.0,0.0,True
wine-quality-red,regression,tabpfn_2_6,0,Raw+HybridSpectral-t0.01@1,hybrid_prediction_mixture,orthogonal_all__m0,0,False,test,0.6290525138918467,0.0,0.0,True
wine-quality-red,regression,tabpfn_2_6,0,Raw+HybridSpectral-t0.01@1,hybrid_prediction_mixture,orthogonal_all__m1,1,False,validation,0.6349196533272898,0.0,0.0,True
wine-quality-red,regression,tabpfn_2_6,0,Raw+HybridSpectral-t0.01@1,hybrid_prediction_mixture,orthogonal_all__m1,1,False,test,0.6290525138918467,0.0,0.0,True
wine-quality-red,regression,tabpfn_2_6,0,Raw+HybridSpectral-t0.01@1,hybrid_prediction_mixture,orthogonal_all__m2,2,False,validation,0.6349196533272898,0.0,0.0,True
wine-quality-red,regression,tabpfn_2_6,0,Raw+HybridSpectral-t0.01@1,hybrid_prediction_mixture,orthogonal_all__m2,2,False,test,0.6290525138918467,0.0,0.0,True
wine-quality-red,regression,tabpfn_2_6,0,Raw+HybridSpectral-t0.01@1,hybrid_prediction_mixture,orthogonal_all__m3,3,False,validation,0.6349196533272898,0.0,0.0,True
wine-quality-red,regression,tabpfn_2_6,0,Raw+HybridSpectral-t0.01@1,hybrid_prediction_mixture,orthogonal_all__m3,3,False,test,0.6290525138918467,0.0,0.0,True
wine-quality-red,regression,tabpfn_2_6,0,Raw+HybridSpectral-t0.01@1,hybrid_prediction_mixture,orthogonal_all__m4,4,False,validation,0.6349196533272898,0.0,0.0,True
wine-quality-red,regression,tabpfn_2_6,0,Raw+HybridSpectral-t0.01@1,hybrid_prediction_mixture,orthogonal_all__m4,4,False,test,0.6290525138918467,0.0,0.0,True
wine-quality-red,regression,tabpfn_2_6,0,Raw+HybridSpectral-t0.01@1,hybrid_prediction_mixture,orthogonal_all__m5,5,False,validation,0.6349196533272898,0.0,0.0,True
wine-quality-red,regression,tabpfn_2_6,0,Raw+HybridSpectral-t0.01@1,hybrid_prediction_mixture,orthogonal_all__m5,5,False,test,0.6290525138918467,0.0,0.0,True
wine-quality-red,regression,tabpfn_2_6,0,Raw+HybridSpectral-t0.01@1,hybrid_prediction_mixture,orthogonal_all__m6,6,False,validation,0.6349196533272898,0.0,0.0,True
wine-quality-red,regression,tabpfn_2_6,0,Raw+HybridSpectral-t0.01@1,hybrid_prediction_mixture,orthogonal_all__m6,6,False,test,0.6290525138918467,0.0,0.0,True
wine-quality-red,regression,tabpfn_2_6,0,Raw+HybridSpectral-t0.01@1,hybrid_prediction_mixture,orthogonal_all__m7,7,False,validation,0.6349196533272898,0.0,0.0,True
wine-quality-red,regression,tabpfn_2_6,0,Raw+HybridSpectral-t0.01@1,hybrid_prediction_mixture,orthogonal_all__m7,7,False,test,0.6290525138918467,0.0,0.0,True
wine-quality-red,regression,tabpfn_2_6,0,Raw+HybridSpectral-t0.05@0.25,hybrid_prediction_mixture,rbf_reference,-1,True,validation,0.6271030897383909,0.0,0.0,False
wine-quality-red,regression,tabpfn_2_6,0,Raw+HybridSpectral-t0.05@0.25,hybrid_prediction_mixture,rbf_reference,-1,True,test,0.6382160799947406,0.0,0.0,False
wine-quality-red,regression,tabpfn_2_6,0,Raw+HybridSpectral-t0.05@0.25,hybrid_prediction_mixture,orthogonal_all__m0,0,False,validation,0.6294739381366532,0.1790085363548983,0.0,True
wine-quality-red,regression,tabpfn_2_6,0,Raw+HybridSpectral-t0.05@0.25,hybrid_prediction_mixture,orthogonal_all__m0,0,False,test,0.6258005401371523,0.18144683915883136,0.0,True
wine-quality-red,regression,tabpfn_2_6,0,Raw+HybridSpectral-t0.05@0.25,hybrid_prediction_mixture,orthogonal_all__m1,1,False,validation,0.6201872307253242,0.15595312993515173,0.0,True
wine-quality-red,regression,tabpfn_2_6,0,Raw+HybridSpectral-t0.05@0.25,hybrid_prediction_mixture,orthogonal_all__m1,1,False,test,0.6217859442322251,0.16441881941986028,0.0,True
wine-quality-red,regression,tabpfn_2_6,0,Raw+HybridSpectral-t0.05@0.25,hybrid_prediction_mixture,orthogonal_all__m2,2,False,validation,0.614711796987876,0.20606862477892304,0.0,True
wine-quality-red,regression,tabpfn_2_6,0,Raw+HybridSpectral-t0.05@0.25,hybrid_prediction_mixture,orthogonal_all__m2,2,False,test,0.6183196603780516,0.1982270486798585,0.0,True
wine-quality-red,regression,tabpfn_2_6,0,Raw+HybridSpectral-t0.05@0.25,hybrid_prediction_mixture,orthogonal_all__m3,3,False,validation,0.6176353013687587,0.1989208831404546,0.0,True
wine-quality-red,regression,tabpfn_2_6,0,Raw+HybridSpectral-t0.05@0.25,hybrid_prediction_mixture,orthogonal_all__m3,3,False,test,0.6179269424533187,0.2091955335103665,0.0,True
wine-quality-red,regression,tabpfn_2_6,0,Raw+HybridSpectral-t0.05@0.25,hybrid_prediction_mixture,orthogonal_all__m4,4,False,validation,0.6309752805377162,0.18754658819914796,0.0,True
wine-quality-red,regression,tabpfn_2_6,0,Raw+HybridSpectral-t0.05@0.25,hybrid_prediction_mixture,orthogonal_all__m4,4,False,test,0.6246345898433251,0.18660603116547012,0.0,True
wine-quality-red,regression,tabpfn_2_6,0,Raw+HybridSpectral-t0.05@0.25,hybrid_prediction_mixture,orthogonal_all__m5,5,False,validation,0.6228722583147212,0.19595640203430328,0.0,True
wine-quality-red,regression,tabpfn_2_6,0,Raw+HybridSpectral-t0.05@0.25,hybrid_prediction_mixture,orthogonal_all__m5,5,False,test,0.6230423043371192,0.19877691020362706,0.0,True
wine-quality-red,regression,tabpfn_2_6,0,Raw+HybridSpectral-t0.05@0.25,hybrid_prediction_mixture,orthogonal_all__m6,6,False,validation,0.6225475092364884,0.206998018529457,0.0,True
wine-quality-red,regression,tabpfn_2_6,0,Raw+HybridSpectral-t0.05@0.25,hybrid_prediction_mixture,orthogonal_all__m6,6,False,test,0.6168332437915898,0.18741022005193722,0.0,True
wine-quality-red,regression,tabpfn_2_6,0,Raw+HybridSpectral-t0.05@0.25,hybrid_prediction_mixture,orthogonal_all__m7,7,False,validation,0.6175053954434623,0.16206436975658306,0.0,True
wine-quality-red,regression,tabpfn_2_6,0,Raw+HybridSpectral-t0.05@0.25,hybrid_prediction_mixture,orthogonal_all__m7,7,False,test,0.6181736171893987,0.162617201038163,0.0,True
wine-quality-red,regression,tabpfn_2_6,0,Raw+HybridSpectral-t0.05@0.5,hybrid_prediction_mixture,rbf_reference,-1,True,validation,0.6241770637039391,0.0,0.0,False
wine-quality-red,regression,tabpfn_2_6,0,Raw+HybridSpectral-t0.05@0.5,hybrid_prediction_mixture,rbf_reference,-1,True,test,0.6310490979053307,0.0,0.0,False
wine-quality-red,regression,tabpfn_2_6,0,Raw+HybridSpectral-t0.05@0.5,hybrid_prediction_mixture,orthogonal_all__m0,0,False,validation,0.6284137894776612,0.11933902423659883,0.0,True
wine-quality-red,regression,tabpfn_2_6,0,Raw+HybridSpectral-t0.05@0.5,hybrid_prediction_mixture,orthogonal_all__m0,0,False,test,0.6237269724762532,0.1209645594392209,0.0,True
wine-quality-red,regression,tabpfn_2_6,0,Raw+HybridSpectral-t0.05@0.5,hybrid_prediction_mixture,orthogonal_all__m1,1,False,validation,0.621833661786111,0.10396875329010115,0.0,True
wine-quality-red,regression,tabpfn_2_6,0,Raw+HybridSpectral-t0.05@0.5,hybrid_prediction_mixture,orthogonal_all__m1,1,False,test,0.620936791709598,0.10961254627990688,0.0,True
wine-quality-red,regression,tabpfn_2_6,0,Raw+HybridSpectral-t0.05@0.5,hybrid_prediction_mixture,orthogonal_all__m2,2,False,validation,0.617985768796974,0.13737908318594866,0.0,True
wine-quality-red,regression,tabpfn_2_6,0,Raw+HybridSpectral-t0.05@0.5,hybrid_prediction_mixture,orthogonal_all__m2,2,False,test,0.6180749970792657,0.13215136578657236,0.0,True
wine-quality-red,regression,tabpfn_2_6,0,Raw+HybridSpectral-t0.05@0.5,hybrid_prediction_mixture,orthogonal_all__m3,3,False,validation,0.6186838556153386,0.1326139220936364,0.0,True
wine-quality-red,regression,tabpfn_2_6,0,Raw+HybridSpectral-t0.05@0.5,hybrid_prediction_mixture,orthogonal_all__m3,3,False,test,0.6170065591677527,0.139463689006911,0.0,True
wine-quality-red,regression,tabpfn_2_6,0,Raw+HybridSpectral-t0.05@0.5,hybrid_prediction_mixture,orthogonal_all__m4,4,False,validation,0.6280405455262327,0.1250310587994319,0.0,True
wine-quality-red,regression,tabpfn_2_6,0,Raw+HybridSpectral-t0.05@0.5,hybrid_prediction_mixture,orthogonal_all__m4,4,False,test,0.6224678672026991,0.12440402077698007,0.0,True
wine-quality-red,regression,tabpfn_2_6,0,Raw+HybridSpectral-t0.05@0.5,hybrid_prediction_mixture,orthogonal_all__m5,5,False,validation,0.6228862182807773,0.1306376013562022,0.0,True
wine-quality-red,regression,tabpfn_2_6,0,Raw+HybridSpectral-t0.05@0.5,hybrid_prediction_mixture,orthogonal_all__m5,5,False,test,0.621310335643876,0.13251794013575136,0.0,True
wine-quality-red,regression,tabpfn_2_6,0,Raw+HybridSpectral-t0.05@0.5,hybrid_prediction_mixture,orthogonal_all__m6,6,False,validation,0.6227426927793825,0.137998679019638,0.0,True
wine-quality-red,regression,tabpfn_2_6,0,Raw+HybridSpectral-t0.05@0.5,hybrid_prediction_mixture,orthogonal_all__m6,6,False,test,0.6173797726489448,0.12494014670129147,0.0,True
wine-quality-red,regression,tabpfn_2_6,0,Raw+HybridSpectral-t0.05@0.5,hybrid_prediction_mixture,orthogonal_all__m7,7,False,validation,0.6190030216615198,0.10804291317105535,0.0,True
wine-quality-red,regression,tabpfn_2_6,0,Raw+HybridSpectral-t0.05@0.5,hybrid_prediction_mixture,orthogonal_all__m7,7,False,test,0.618451430557644,0.10841146735877531,0.0,True
wine-quality-red,regression,tabpfn_2_6,0,Raw+HybridSpectral-t0.05@0.75,hybrid_prediction_mixture,rbf_reference,-1,True,validation,0.6258180933864808,0.0,0.0,False
wine-quality-red,regression,tabpfn_2_6,0,Raw+HybridSpectral-t0.05@0.75,hybrid_prediction_mixture,rbf_reference,-1,True,test,0.6273902185201301,0.0,0.0,False
wine-quality-red,regression,tabpfn_2_6,0,Raw+HybridSpectral-t0.05@0.75,hybrid_prediction_mixture,orthogonal_all__m0,0,False,validation,0.6292552095534976,0.05966951211829941,0.0,True
wine-quality-red,regression,tabpfn_2_6,0,Raw+HybridSpectral-t0.05@0.75,hybrid_prediction_mixture,orthogonal_all__m0,0,False,test,0.6242291310872673,0.06048227971961045,0.0,True
wine-quality-red,regression,tabpfn_2_6,0,Raw+HybridSpectral-t0.05@0.75,hybrid_prediction_mixture,orthogonal_all__m1,1,False,validation,0.6257825048857142,0.051984376645050574,0.0,True
wine-quality-red,regression,tabpfn_2_6,0,Raw+HybridSpectral-t0.05@0.75,hybrid_prediction_mixture,orthogonal_all__m1,1,False,test,0.6227830197850436,0.05480627313995344,0.0,True
wine-quality-red,regression,tabpfn_2_6,0,Raw+HybridSpectral-t0.05@0.75,hybrid_prediction_mixture,orthogonal_all__m2,2,False,validation,0.6237683225305128,0.06868954159297433,0.0,True
wine-quality-red,regression,tabpfn_2_6,0,Raw+HybridSpectral-t0.05@0.75,hybrid_prediction_mixture,orthogonal_all__m2,2,False,test,0.6210843301249414,0.06607568289328618,0.0,True
wine-quality-red,regression,tabpfn_2_6,0,Raw+HybridSpectral-t0.05@0.75,hybrid_prediction_mixture,orthogonal_all__m3,3,False,validation,0.6234976334430357,0.0663069610468182,0.0,True
wine-quality-red,regression,tabpfn_2_6,0,Raw+HybridSpectral-t0.05@0.75,hybrid_prediction_mixture,orthogonal_all__m3,3,False,test,0.6201515695658735,0.0697318445034555,0.0,True
wine-quality-red,regression,tabpfn_2_6,0,Raw+HybridSpectral-t0.05@0.75,hybrid_prediction_mixture,orthogonal_all__m4,4,False,validation,0.6283807493475875,0.06251552939971596,0.0,True
wine-quality-red,regression,tabpfn_2_6,0,Raw+HybridSpectral-t0.05@0.75,hybrid_prediction_mixture,orthogonal_all__m4,4,False,test,0.6233609703367597,0.062202010388490034,0.0,True
wine-quality-red,regression,tabpfn_2_6,0,Raw+HybridSpectral-t0.05@0.75,hybrid_prediction_mixture,orthogonal_all__m5,5,False,validation,0.6259403579738237,0.0653188006781011,0.0,True
wine-quality-red,regression,tabpfn_2_6,0,Raw+HybridSpectral-t0.05@0.75,hybrid_prediction_mixture,orthogonal_all__m5,5,False,test,0.6227370280427842,0.06625897006787568,0.0,True
wine-quality-red,regression,tabpfn_2_6,0,Raw+HybridSpectral-t0.05@0.75,hybrid_prediction_mixture,orthogonal_all__m6,6,False,validation,0.6259052392603549,0.068999339509819,0.0,True
wine-quality-red,regression,tabpfn_2_6,0,Raw+HybridSpectral-t0.05@0.75,hybrid_prediction_mixture,orthogonal_all__m6,6,False,test,0.6208855053143592,0.062470073350645736,0.0,True
wine-quality-red,regression,tabpfn_2_6,0,Raw+HybridSpectral-t0.05@0.75,hybrid_prediction_mixture,orthogonal_all__m7,7,False,validation,0.6238572036674689,0.05402145658552768,0.0,True
wine-quality-red,regression,tabpfn_2_6,0,Raw+HybridSpectral-t0.05@0.75,hybrid_prediction_mixture,orthogonal_all__m7,7,False,test,0.6215073683215755,0.054205733679387656,0.0,True
wine-quality-red,regression,tabpfn_2_6,0,Raw+HybridSpectral-t0.05@1,hybrid_prediction_mixture,rbf_reference,-1,True,validation,0.6319906032742042,0.0,0.0,False
wine-quality-red,regression,tabpfn_2_6,0,Raw+HybridSpectral-t0.05@1,hybrid_prediction_mixture,rbf_reference,-1,True,test,0.6273008303411274,0.0,0.0,False
wine-quality-red,regression,tabpfn_2_6,0,Raw+HybridSpectral-t0.05@1,hybrid_prediction_mixture,orthogonal_all__m0,0,False,validation,0.6319906032742042,0.0,0.0,True
wine-quality-red,regression,tabpfn_2_6,0,Raw+HybridSpectral-t0.05@1,hybrid_prediction_mixture,orthogonal_all__m0,0,False,test,0.6273008303411274,0.0,0.0,True
wine-quality-red,regression,tabpfn_2_6,0,Raw+HybridSpectral-t0.05@1,hybrid_prediction_mixture,orthogonal_all__m1,1,False,validation,0.6319906032742042,0.0,0.0,True
wine-quality-red,regression,tabpfn_2_6,0,Raw+HybridSpectral-t0.05@1,hybrid_prediction_mixture,orthogonal_all__m1,1,False,test,0.6273008303411274,0.0,0.0,True
wine-quality-red,regression,tabpfn_2_6,0,Raw+HybridSpectral-t0.05@1,hybrid_prediction_mixture,orthogonal_all__m2,2,False,validation,0.6319906032742042,0.0,0.0,True
wine-quality-red,regression,tabpfn_2_6,0,Raw+HybridSpectral-t0.05@1,hybrid_prediction_mixture,orthogonal_all__m2,2,False,test,0.6273008303411274,0.0,0.0,True
wine-quality-red,regression,tabpfn_2_6,0,Raw+HybridSpectral-t0.05@1,hybrid_prediction_mixture,orthogonal_all__m3,3,False,validation,0.6319906032742042,0.0,0.0,True
wine-quality-red,regression,tabpfn_2_6,0,Raw+HybridSpectral-t0.05@1,hybrid_prediction_mixture,orthogonal_all__m3,3,False,test,0.6273008303411274,0.0,0.0,True
wine-quality-red,regression,tabpfn_2_6,0,Raw+HybridSpectral-t0.05@1,hybrid_prediction_mixture,orthogonal_all__m4,4,False,validation,0.6319906032742042,0.0,0.0,True
wine-quality-red,regression,tabpfn_2_6,0,Raw+HybridSpectral-t0.05@1,hybrid_prediction_mixture,orthogonal_all__m4,4,False,test,0.6273008303411274,0.0,0.0,True
wine-quality-red,regression,tabpfn_2_6,0,Raw+HybridSpectral-t0.05@1,hybrid_prediction_mixture,orthogonal_all__m5,5,False,validation,0.6319906032742042,0.0,0.0,True
wine-quality-red,regression,tabpfn_2_6,0,Raw+HybridSpectral-t0.05@1,hybrid_prediction_mixture,orthogonal_all__m5,5,False,test,0.6273008303411274,0.0,0.0,True
wine-quality-red,regression,tabpfn_2_6,0,Raw+HybridSpectral-t0.05@1,hybrid_prediction_mixture,orthogonal_all__m6,6,False,validation,0.6319906032742042,0.0,0.0,True
wine-quality-red,regression,tabpfn_2_6,0,Raw+HybridSpectral-t0.05@1,hybrid_prediction_mixture,orthogonal_all__m6,6,False,test,0.6273008303411274,0.0,0.0,True
wine-quality-red,regression,tabpfn_2_6,0,Raw+HybridSpectral-t0.05@1,hybrid_prediction_mixture,orthogonal_all__m7,7,False,validation,0.6319906032742042,0.0,0.0,True
wine-quality-red,regression,tabpfn_2_6,0,Raw+HybridSpectral-t0.05@1,hybrid_prediction_mixture,orthogonal_all__m7,7,False,test,0.6273008303411274,0.0,0.0,True
wine-quality-red,regression,tabpfn_2_6,0,Raw+HybridSpectral-t0.10@0.25,hybrid_prediction_mixture,rbf_reference,-1,True,validation,0.6271030897383909,0.0,0.0,False
wine-quality-red,regression,tabpfn_2_6,0,Raw+HybridSpectral-t0.10@0.25,hybrid_prediction_mixture,rbf_reference,-1,True,test,0.6382160799947406,0.0,0.0,False
wine-quality-red,regression,tabpfn_2_6,0,Raw+HybridSpectral-t0.10@0.25,hybrid_prediction_mixture,orthogonal_all__m0,0,False,validation,0.6294739381366532,0.1790085363548983,0.0,True
wine-quality-red,regression,tabpfn_2_6,0,Raw+HybridSpectral-t0.10@0.25,hybrid_prediction_mixture,orthogonal_all__m0,0,False,test,0.6258005401371523,0.18144683915883136,0.0,True
wine-quality-red,regression,tabpfn_2_6,0,Raw+HybridSpectral-t0.10@0.25,hybrid_prediction_mixture,orthogonal_all__m1,1,False,validation,0.6201872307253242,0.15595312993515173,0.0,True
wine-quality-red,regression,tabpfn_2_6,0,Raw+HybridSpectral-t0.10@0.25,hybrid_prediction_mixture,orthogonal_all__m1,1,False,test,0.6217859442322251,0.16441881941986028,0.0,True
wine-quality-red,regression,tabpfn_2_6,0,Raw+HybridSpectral-t0.10@0.25,hybrid_prediction_mixture,orthogonal_all__m2,2,False,validation,0.614711796987876,0.20606862477892304,0.0,True
wine-quality-red,regression,tabpfn_2_6,0,Raw+HybridSpectral-t0.10@0.25,hybrid_prediction_mixture,orthogonal_all__m2,2,False,test,0.6183196603780516,0.1982270486798585,0.0,True
wine-quality-red,regression,tabpfn_2_6,0,Raw+HybridSpectral-t0.10@0.25,hybrid_prediction_mixture,orthogonal_all__m3,3,False,validation,0.6176353013687587,0.1989208831404546,0.0,True
wine-quality-red,regression,tabpfn_2_6,0,Raw+HybridSpectral-t0.10@0.25,hybrid_prediction_mixture,orthogonal_all__m3,3,False,test,0.6179269424533187,0.2091955335103665,0.0,True
wine-quality-red,regression,tabpfn_2_6,0,Raw+HybridSpectral-t0.10@0.25,hybrid_prediction_mixture,orthogonal_all__m4,4,False,validation,0.6309752805377162,0.18754658819914796,0.0,True
wine-quality-red,regression,tabpfn_2_6,0,Raw+HybridSpectral-t0.10@0.25,hybrid_prediction_mixture,orthogonal_all__m4,4,False,test,0.6246345898433251,0.18660603116547012,0.0,True
wine-quality-red,regression,tabpfn_2_6,0,Raw+HybridSpectral-t0.10@0.25,hybrid_prediction_mixture,orthogonal_all__m5,5,False,validation,0.6228722583147212,0.19595640203430328,0.0,True
wine-quality-red,regression,tabpfn_2_6,0,Raw+HybridSpectral-t0.10@0.25,hybrid_prediction_mixture,orthogonal_all__m5,5,False,test,0.6230423043371192,0.19877691020362706,0.0,True
wine-quality-red,regression,tabpfn_2_6,0,Raw+HybridSpectral-t0.10@0.25,hybrid_prediction_mixture,orthogonal_all__m6,6,False,validation,0.6225475092364884,0.206998018529457,0.0,True
wine-quality-red,regression,tabpfn_2_6,0,Raw+HybridSpectral-t0.10@0.25,hybrid_prediction_mixture,orthogonal_all__m6,6,False,test,0.6168332437915898,0.18741022005193722,0.0,True
wine-quality-red,regression,tabpfn_2_6,0,Raw+HybridSpectral-t0.10@0.25,hybrid_prediction_mixture,orthogonal_all__m7,7,False,validation,0.6175053954434623,0.16206436975658306,0.0,True
wine-quality-red,regression,tabpfn_2_6,0,Raw+HybridSpectral-t0.10@0.25,hybrid_prediction_mixture,orthogonal_all__m7,7,False,test,0.6181736171893987,0.162617201038163,0.0,True
wine-quality-red,regression,tabpfn_2_6,0,Raw+HybridSpectral-t0.10@0.5,hybrid_prediction_mixture,rbf_reference,-1,True,validation,0.6241770637039391,0.0,0.0,False
wine-quality-red,regression,tabpfn_2_6,0,Raw+HybridSpectral-t0.10@0.5,hybrid_prediction_mixture,rbf_reference,-1,True,test,0.6310490979053307,0.0,0.0,False
wine-quality-red,regression,tabpfn_2_6,0,Raw+HybridSpectral-t0.10@0.5,hybrid_prediction_mixture,orthogonal_all__m0,0,False,validation,0.6284137894776612,0.11933902423659883,0.0,True
wine-quality-red,regression,tabpfn_2_6,0,Raw+HybridSpectral-t0.10@0.5,hybrid_prediction_mixture,orthogonal_all__m0,0,False,test,0.6237269724762532,0.1209645594392209,0.0,True
wine-quality-red,regression,tabpfn_2_6,0,Raw+HybridSpectral-t0.10@0.5,hybrid_prediction_mixture,orthogonal_all__m1,1,False,validation,0.621833661786111,0.10396875329010115,0.0,True
wine-quality-red,regression,tabpfn_2_6,0,Raw+HybridSpectral-t0.10@0.5,hybrid_prediction_mixture,orthogonal_all__m1,1,False,test,0.620936791709598,0.10961254627990688,0.0,True
wine-quality-red,regression,tabpfn_2_6,0,Raw+HybridSpectral-t0.10@0.5,hybrid_prediction_mixture,orthogonal_all__m2,2,False,validation,0.617985768796974,0.13737908318594866,0.0,True
wine-quality-red,regression,tabpfn_2_6,0,Raw+HybridSpectral-t0.10@0.5,hybrid_prediction_mixture,orthogonal_all__m2,2,False,test,0.6180749970792657,0.13215136578657236,0.0,True
wine-quality-red,regression,tabpfn_2_6,0,Raw+HybridSpectral-t0.10@0.5,hybrid_prediction_mixture,orthogonal_all__m3,3,False,validation,0.6186838556153386,0.1326139220936364,0.0,True
wine-quality-red,regression,tabpfn_2_6,0,Raw+HybridSpectral-t0.10@0.5,hybrid_prediction_mixture,orthogonal_all__m3,3,False,test,0.6170065591677527,0.139463689006911,0.0,True
wine-quality-red,regression,tabpfn_2_6,0,Raw+HybridSpectral-t0.10@0.5,hybrid_prediction_mixture,orthogonal_all__m4,4,False,validation,0.6280405455262327,0.1250310587994319,0.0,True
wine-quality-red,regression,tabpfn_2_6,0,Raw+HybridSpectral-t0.10@0.5,hybrid_prediction_mixture,orthogonal_all__m4,4,False,test,0.6224678672026991,0.12440402077698007,0.0,True
wine-quality-red,regression,tabpfn_2_6,0,Raw+HybridSpectral-t0.10@0.5,hybrid_prediction_mixture,orthogonal_all__m5,5,False,validation,0.6228862182807773,0.1306376013562022,0.0,True
wine-quality-red,regression,tabpfn_2_6,0,Raw+HybridSpectral-t0.10@0.5,hybrid_prediction_mixture,orthogonal_all__m5,5,False,test,0.621310335643876,0.13251794013575136,0.0,True
wine-quality-red,regression,tabpfn_2_6,0,Raw+HybridSpectral-t0.10@0.5,hybrid_prediction_mixture,orthogonal_all__m6,6,False,validation,0.6227426927793825,0.137998679019638,0.0,True
wine-quality-red,regression,tabpfn_2_6,0,Raw+HybridSpectral-t0.10@0.5,hybrid_prediction_mixture,orthogonal_all__m6,6,False,test,0.6173797726489448,0.12494014670129147,0.0,True
wine-quality-red,regression,tabpfn_2_6,0,Raw+HybridSpectral-t0.10@0.5,hybrid_prediction_mixture,orthogonal_all__m7,7,False,validation,0.6190030216615198,0.10804291317105535,0.0,True
wine-quality-red,regression,tabpfn_2_6,0,Raw+HybridSpectral-t0.10@0.5,hybrid_prediction_mixture,orthogonal_all__m7,7,False,test,0.618451430557644,0.10841146735877531,0.0,True
wine-quality-red,regression,tabpfn_2_6,0,Raw+HybridSpectral-t0.10@0.75,hybrid_prediction_mixture,rbf_reference,-1,True,validation,0.6258180933864808,0.0,0.0,False
wine-quality-red,regression,tabpfn_2_6,0,Raw+HybridSpectral-t0.10@0.75,hybrid_prediction_mixture,rbf_reference,-1,True,test,0.6273902185201301,0.0,0.0,False
wine-quality-red,regression,tabpfn_2_6,0,Raw+HybridSpectral-t0.10@0.75,hybrid_prediction_mixture,orthogonal_all__m0,0,False,validation,0.6292552095534976,0.05966951211829941,0.0,True
wine-quality-red,regression,tabpfn_2_6,0,Raw+HybridSpectral-t0.10@0.75,hybrid_prediction_mixture,orthogonal_all__m0,0,False,test,0.6242291310872673,0.06048227971961045,0.0,True
wine-quality-red,regression,tabpfn_2_6,0,Raw+HybridSpectral-t0.10@0.75,hybrid_prediction_mixture,orthogonal_all__m1,1,False,validation,0.6257825048857142,0.051984376645050574,0.0,True
wine-quality-red,regression,tabpfn_2_6,0,Raw+HybridSpectral-t0.10@0.75,hybrid_prediction_mixture,orthogonal_all__m1,1,False,test,0.6227830197850436,0.05480627313995344,0.0,True
wine-quality-red,regression,tabpfn_2_6,0,Raw+HybridSpectral-t0.10@0.75,hybrid_prediction_mixture,orthogonal_all__m2,2,False,validation,0.6237683225305128,0.06868954159297433,0.0,True
wine-quality-red,regression,tabpfn_2_6,0,Raw+HybridSpectral-t0.10@0.75,hybrid_prediction_mixture,orthogonal_all__m2,2,False,test,0.6210843301249414,0.06607568289328618,0.0,True
wine-quality-red,regression,tabpfn_2_6,0,Raw+HybridSpectral-t0.10@0.75,hybrid_prediction_mixture,orthogonal_all__m3,3,False,validation,0.6234976334430357,0.0663069610468182,0.0,True
wine-quality-red,regression,tabpfn_2_6,0,Raw+HybridSpectral-t0.10@0.75,hybrid_prediction_mixture,orthogonal_all__m3,3,False,test,0.6201515695658735,0.0697318445034555,0.0,True
wine-quality-red,regression,tabpfn_2_6,0,Raw+HybridSpectral-t0.10@0.75,hybrid_prediction_mixture,orthogonal_all__m4,4,False,validation,0.6283807493475875,0.06251552939971596,0.0,True
wine-quality-red,regression,tabpfn_2_6,0,Raw+HybridSpectral-t0.10@0.75,hybrid_prediction_mixture,orthogonal_all__m4,4,False,test,0.6233609703367597,0.062202010388490034,0.0,True
wine-quality-red,regression,tabpfn_2_6,0,Raw+HybridSpectral-t0.10@0.75,hybrid_prediction_mixture,orthogonal_all__m5,5,False,validation,0.6259403579738237,0.0653188006781011,0.0,True
wine-quality-red,regression,tabpfn_2_6,0,Raw+HybridSpectral-t0.10@0.75,hybrid_prediction_mixture,orthogonal_all__m5,5,False,test,0.6227370280427842,0.06625897006787568,0.0,True
wine-quality-red,regression,tabpfn_2_6,0,Raw+HybridSpectral-t0.10@0.75,hybrid_prediction_mixture,orthogonal_all__m6,6,False,validation,0.6259052392603549,0.068999339509819,0.0,True
wine-quality-red,regression,tabpfn_2_6,0,Raw+HybridSpectral-t0.10@0.75,hybrid_prediction_mixture,orthogonal_all__m6,6,False,test,0.6208855053143592,0.062470073350645736,0.0,True
wine-quality-red,regression,tabpfn_2_6,0,Raw+HybridSpectral-t0.10@0.75,hybrid_prediction_mixture,orthogonal_all__m7,7,False,validation,0.6238572036674689,0.05402145658552768,0.0,True
wine-quality-red,regression,tabpfn_2_6,0,Raw+HybridSpectral-t0.10@0.75,hybrid_prediction_mixture,orthogonal_all__m7,7,False,test,0.6215073683215755,0.054205733679387656,0.0,True
wine-quality-red,regression,tabpfn_2_6,0,Raw+HybridSpectral-t0.10@1,hybrid_prediction_mixture,rbf_reference,-1,True,validation,0.6319906032742042,0.0,0.0,False
wine-quality-red,regression,tabpfn_2_6,0,Raw+HybridSpectral-t0.10@1,hybrid_prediction_mixture,rbf_reference,-1,True,test,0.6273008303411274,0.0,0.0,False
wine-quality-red,regression,tabpfn_2_6,0,Raw+HybridSpectral-t0.10@1,hybrid_prediction_mixture,orthogonal_all__m0,0,False,validation,0.6319906032742042,0.0,0.0,True
wine-quality-red,regression,tabpfn_2_6,0,Raw+HybridSpectral-t0.10@1,hybrid_prediction_mixture,orthogonal_all__m0,0,False,test,0.6273008303411274,0.0,0.0,True
wine-quality-red,regression,tabpfn_2_6,0,Raw+HybridSpectral-t0.10@1,hybrid_prediction_mixture,orthogonal_all__m1,1,False,validation,0.6319906032742042,0.0,0.0,True
wine-quality-red,regression,tabpfn_2_6,0,Raw+HybridSpectral-t0.10@1,hybrid_prediction_mixture,orthogonal_all__m1,1,False,test,0.6273008303411274,0.0,0.0,True
wine-quality-red,regression,tabpfn_2_6,0,Raw+HybridSpectral-t0.10@1,hybrid_prediction_mixture,orthogonal_all__m2,2,False,validation,0.6319906032742042,0.0,0.0,True
wine-quality-red,regression,tabpfn_2_6,0,Raw+HybridSpectral-t0.10@1,hybrid_prediction_mixture,orthogonal_all__m2,2,False,test,0.6273008303411274,0.0,0.0,True
wine-quality-red,regression,tabpfn_2_6,0,Raw+HybridSpectral-t0.10@1,hybrid_prediction_mixture,orthogonal_all__m3,3,False,validation,0.6319906032742042,0.0,0.0,True
wine-quality-red,regression,tabpfn_2_6,0,Raw+HybridSpectral-t0.10@1,hybrid_prediction_mixture,orthogonal_all__m3,3,False,test,0.6273008303411274,0.0,0.0,True
wine-quality-red,regression,tabpfn_2_6,0,Raw+HybridSpectral-t0.10@1,hybrid_prediction_mixture,orthogonal_all__m4,4,False,validation,0.6319906032742042,0.0,0.0,True
wine-quality-red,regression,tabpfn_2_6,0,Raw+HybridSpectral-t0.10@1,hybrid_prediction_mixture,orthogonal_all__m4,4,False,test,0.6273008303411274,0.0,0.0,True
wine-quality-red,regression,tabpfn_2_6,0,Raw+HybridSpectral-t0.10@1,hybrid_prediction_mixture,orthogonal_all__m5,5,False,validation,0.6319906032742042,0.0,0.0,True
wine-quality-red,regression,tabpfn_2_6,0,Raw+HybridSpectral-t0.10@1,hybrid_prediction_mixture,orthogonal_all__m5,5,False,test,0.6273008303411274,0.0,0.0,True
wine-quality-red,regression,tabpfn_2_6,0,Raw+HybridSpectral-t0.10@1,hybrid_prediction_mixture,orthogonal_all__m6,6,False,validation,0.6319906032742042,0.0,0.0,True
wine-quality-red,regression,tabpfn_2_6,0,Raw+HybridSpectral-t0.10@1,hybrid_prediction_mixture,orthogonal_all__m6,6,False,test,0.6273008303411274,0.0,0.0,True
wine-quality-red,regression,tabpfn_2_6,0,Raw+HybridSpectral-t0.10@1,hybrid_prediction_mixture,orthogonal_all__m7,7,False,validation,0.6319906032742042,0.0,0.0,True
wine-quality-red,regression,tabpfn_2_6,0,Raw+HybridSpectral-t0.10@1,hybrid_prediction_mixture,orthogonal_all__m7,7,False,test,0.6273008303411274,0.0,0.0,True
