dataset,problem_type,model,seed,method,track,representation_id,member,is_reference,split,task_error,disagreement,fit_seconds,prediction_reused_due_to_coordinate_identity
bike-sharing,regression,tabpfn_2_6,0,Raw,representation,rbf_reference,-1,True,validation,49.931097608560385,0.0,0.2045828329864889,False
bike-sharing,regression,tabpfn_2_6,0,Raw,representation,rbf_reference,-1,True,test,53.904468803662496,0.0,0.2045828329864889,False
bike-sharing,regression,tabpfn_2_6,0,Raw,representation,orthogonal_all__m0,0,False,validation,48.13035755350991,0.06618962783377688,0.164610737003386,False
bike-sharing,regression,tabpfn_2_6,0,Raw,representation,orthogonal_all__m0,0,False,test,54.73138024997923,0.07123079319884254,0.164610737003386,False
bike-sharing,regression,tabpfn_2_6,0,Raw,representation,orthogonal_all__m1,1,False,validation,51.22994661876384,0.07979285940474674,0.1639623190276324,False
bike-sharing,regression,tabpfn_2_6,0,Raw,representation,orthogonal_all__m1,1,False,test,58.05789726255736,0.08623322140721128,0.1639623190276324,False
bike-sharing,regression,tabpfn_2_6,0,Raw,representation,orthogonal_all__m2,2,False,validation,51.136433068165886,0.06877961454939041,0.1638473160564899,False
bike-sharing,regression,tabpfn_2_6,0,Raw,representation,orthogonal_all__m2,2,False,test,56.8190760332218,0.07145147678231854,0.1638473160564899,False
bike-sharing,regression,tabpfn_2_6,0,Raw,representation,orthogonal_all__m3,3,False,validation,51.4319570769541,0.07002732484151891,0.1640526161063462,False
bike-sharing,regression,tabpfn_2_6,0,Raw,representation,orthogonal_all__m3,3,False,test,56.06588326763993,0.06998791030748182,0.1640526161063462,False
bike-sharing,regression,tabpfn_2_6,0,Raw,representation,orthogonal_all__m4,4,False,validation,50.078297835156725,0.06463421529284956,0.1645738810766488,False
bike-sharing,regression,tabpfn_2_6,0,Raw,representation,orthogonal_all__m4,4,False,test,54.69823242246425,0.07781025343941805,0.1645738810766488,False
bike-sharing,regression,tabpfn_2_6,0,Raw,representation,orthogonal_all__m5,5,False,validation,49.82816153500114,0.07603372290649385,0.1608177798334509,False
bike-sharing,regression,tabpfn_2_6,0,Raw,representation,orthogonal_all__m5,5,False,test,55.800379653956405,0.08540210316657817,0.1608177798334509,False
bike-sharing,regression,tabpfn_2_6,0,Raw,representation,orthogonal_all__m6,6,False,validation,49.058006782412505,0.06889605490333874,0.1489678400103002,False
bike-sharing,regression,tabpfn_2_6,0,Raw,representation,orthogonal_all__m6,6,False,test,55.065807883345784,0.07114399429924011,0.1489678400103002,False
bike-sharing,regression,tabpfn_2_6,0,Raw,representation,orthogonal_all__m7,7,False,validation,51.75975442686986,0.08088662958386808,0.1441466740798205,False
bike-sharing,regression,tabpfn_2_6,0,Raw,representation,orthogonal_all__m7,7,False,test,56.55898745934625,0.07463536150041164,0.1441466740798205,False
bike-sharing,regression,tabpfn_2_6,0,PCA,representation,pca__v1__rbf_reference,-1,True,validation,53.122371805012435,0.0,0.31796165299601853,False
bike-sharing,regression,tabpfn_2_6,0,PCA,representation,pca__v1__rbf_reference,-1,True,test,57.017798472108694,0.0,0.31796165299601853,False
bike-sharing,regression,tabpfn_2_6,0,PCA,representation,pca__v1__orthogonal_all__m0,0,False,validation,53.122371805012435,0.0,0.0,True
bike-sharing,regression,tabpfn_2_6,0,PCA,representation,pca__v1__orthogonal_all__m0,0,False,test,57.017798472108694,0.0,0.0,True
bike-sharing,regression,tabpfn_2_6,0,PCA,representation,pca__v1__orthogonal_all__m1,1,False,validation,53.122371805012435,0.0,0.0,True
bike-sharing,regression,tabpfn_2_6,0,PCA,representation,pca__v1__orthogonal_all__m1,1,False,test,57.017798472108694,0.0,0.0,True
bike-sharing,regression,tabpfn_2_6,0,PCA,representation,pca__v1__orthogonal_all__m2,2,False,validation,53.122371805012435,0.0,0.0,True
bike-sharing,regression,tabpfn_2_6,0,PCA,representation,pca__v1__orthogonal_all__m2,2,False,test,57.017798472108694,0.0,0.0,True
bike-sharing,regression,tabpfn_2_6,0,PCA,representation,pca__v1__orthogonal_all__m3,3,False,validation,53.122371805012435,0.0,0.0,True
bike-sharing,regression,tabpfn_2_6,0,PCA,representation,pca__v1__orthogonal_all__m3,3,False,test,57.017798472108694,0.0,0.0,True
bike-sharing,regression,tabpfn_2_6,0,PCA,representation,pca__v1__orthogonal_all__m4,4,False,validation,53.122371805012435,0.0,0.0,True
bike-sharing,regression,tabpfn_2_6,0,PCA,representation,pca__v1__orthogonal_all__m4,4,False,test,57.017798472108694,0.0,0.0,True
bike-sharing,regression,tabpfn_2_6,0,PCA,representation,pca__v1__orthogonal_all__m5,5,False,validation,53.122371805012435,0.0,0.0,True
bike-sharing,regression,tabpfn_2_6,0,PCA,representation,pca__v1__orthogonal_all__m5,5,False,test,57.017798472108694,0.0,0.0,True
bike-sharing,regression,tabpfn_2_6,0,PCA,representation,pca__v1__orthogonal_all__m6,6,False,validation,53.122371805012435,0.0,0.0,True
bike-sharing,regression,tabpfn_2_6,0,PCA,representation,pca__v1__orthogonal_all__m6,6,False,test,57.017798472108694,0.0,0.0,True
bike-sharing,regression,tabpfn_2_6,0,PCA,representation,pca__v1__orthogonal_all__m7,7,False,validation,53.122371805012435,0.0,0.0,True
bike-sharing,regression,tabpfn_2_6,0,PCA,representation,pca__v1__orthogonal_all__m7,7,False,test,57.017798472108694,0.0,0.0,True
bike-sharing,regression,tabpfn_2_6,0,GramAnchor,representation,gram_anchor__pivot_tie_v2__rbf_reference,-1,True,validation,51.67482305829991,0.0,0.3489016948733479,False
bike-sharing,regression,tabpfn_2_6,0,GramAnchor,representation,gram_anchor__pivot_tie_v2__rbf_reference,-1,True,test,53.041380161245854,0.0,0.3489016948733479,False
bike-sharing,regression,tabpfn_2_6,0,GramAnchor,representation,gram_anchor__pivot_tie_v2__orthogonal_all__m0,0,False,validation,51.67482305829991,0.0,0.0,True
bike-sharing,regression,tabpfn_2_6,0,GramAnchor,representation,gram_anchor__pivot_tie_v2__orthogonal_all__m0,0,False,test,53.041380161245854,0.0,0.0,True
bike-sharing,regression,tabpfn_2_6,0,GramAnchor,representation,gram_anchor__pivot_tie_v2__orthogonal_all__m1,1,False,validation,51.67482305829991,0.0,0.0,True
bike-sharing,regression,tabpfn_2_6,0,GramAnchor,representation,gram_anchor__pivot_tie_v2__orthogonal_all__m1,1,False,test,53.041380161245854,0.0,0.0,True
bike-sharing,regression,tabpfn_2_6,0,GramAnchor,representation,gram_anchor__pivot_tie_v2__orthogonal_all__m2,2,False,validation,51.67482305829991,0.0,0.0,True
bike-sharing,regression,tabpfn_2_6,0,GramAnchor,representation,gram_anchor__pivot_tie_v2__orthogonal_all__m2,2,False,test,53.041380161245854,0.0,0.0,True
bike-sharing,regression,tabpfn_2_6,0,GramAnchor,representation,gram_anchor__pivot_tie_v2__orthogonal_all__m3,3,False,validation,51.67482305829991,0.0,0.0,True
bike-sharing,regression,tabpfn_2_6,0,GramAnchor,representation,gram_anchor__pivot_tie_v2__orthogonal_all__m3,3,False,test,53.041380161245854,0.0,0.0,True
bike-sharing,regression,tabpfn_2_6,0,GramAnchor,representation,gram_anchor__pivot_tie_v2__orthogonal_all__m4,4,False,validation,51.67482305829991,0.0,0.0,True
bike-sharing,regression,tabpfn_2_6,0,GramAnchor,representation,gram_anchor__pivot_tie_v2__orthogonal_all__m4,4,False,test,53.041380161245854,0.0,0.0,True
bike-sharing,regression,tabpfn_2_6,0,GramAnchor,representation,gram_anchor__pivot_tie_v2__orthogonal_all__m5,5,False,validation,51.67482305829991,0.0,0.0,True
bike-sharing,regression,tabpfn_2_6,0,GramAnchor,representation,gram_anchor__pivot_tie_v2__orthogonal_all__m5,5,False,test,53.041380161245854,0.0,0.0,True
bike-sharing,regression,tabpfn_2_6,0,GramAnchor,representation,gram_anchor__pivot_tie_v2__orthogonal_all__m6,6,False,validation,51.67482305829991,0.0,0.0,True
bike-sharing,regression,tabpfn_2_6,0,GramAnchor,representation,gram_anchor__pivot_tie_v2__orthogonal_all__m6,6,False,test,53.041380161245854,0.0,0.0,True
bike-sharing,regression,tabpfn_2_6,0,GramAnchor,representation,gram_anchor__pivot_tie_v2__orthogonal_all__m7,7,False,validation,51.67482305829991,0.0,0.0,True
bike-sharing,regression,tabpfn_2_6,0,GramAnchor,representation,gram_anchor__pivot_tie_v2__orthogonal_all__m7,7,False,test,53.041380161245854,0.0,0.0,True
bike-sharing,regression,tabpfn_2_6,0,GramAnchor-m8,representation,gram_anchor__pivot_tie_v2__rbf_reference,-1,True,validation,50.999028364622475,0.0,9.240352178923786,False
bike-sharing,regression,tabpfn_2_6,0,GramAnchor-m8,representation,gram_anchor__pivot_tie_v2__rbf_reference,-1,True,test,51.11934928968676,0.0,9.240352178923786,False
bike-sharing,regression,tabpfn_2_6,0,GramAnchor-m8,representation,gram_anchor__pivot_tie_v2__orthogonal_all__m0,0,False,validation,50.999028364622475,0.0,0.0,True
bike-sharing,regression,tabpfn_2_6,0,GramAnchor-m8,representation,gram_anchor__pivot_tie_v2__orthogonal_all__m0,0,False,test,51.11934928968676,0.0,0.0,True
bike-sharing,regression,tabpfn_2_6,0,GramAnchor-m8,representation,gram_anchor__pivot_tie_v2__orthogonal_all__m1,1,False,validation,50.999028364622475,0.0,0.0,True
bike-sharing,regression,tabpfn_2_6,0,GramAnchor-m8,representation,gram_anchor__pivot_tie_v2__orthogonal_all__m1,1,False,test,51.11934928968676,0.0,0.0,True
bike-sharing,regression,tabpfn_2_6,0,GramAnchor-m8,representation,gram_anchor__pivot_tie_v2__orthogonal_all__m2,2,False,validation,50.999028364622475,0.0,0.0,True
bike-sharing,regression,tabpfn_2_6,0,GramAnchor-m8,representation,gram_anchor__pivot_tie_v2__orthogonal_all__m2,2,False,test,51.11934928968676,0.0,0.0,True
bike-sharing,regression,tabpfn_2_6,0,GramAnchor-m8,representation,gram_anchor__pivot_tie_v2__orthogonal_all__m3,3,False,validation,50.999028364622475,0.0,0.0,True
bike-sharing,regression,tabpfn_2_6,0,GramAnchor-m8,representation,gram_anchor__pivot_tie_v2__orthogonal_all__m3,3,False,test,51.11934928968676,0.0,0.0,True
bike-sharing,regression,tabpfn_2_6,0,GramAnchor-m8,representation,gram_anchor__pivot_tie_v2__orthogonal_all__m4,4,False,validation,50.999028364622475,0.0,0.0,True
bike-sharing,regression,tabpfn_2_6,0,GramAnchor-m8,representation,gram_anchor__pivot_tie_v2__orthogonal_all__m4,4,False,test,51.11934928968676,0.0,0.0,True
bike-sharing,regression,tabpfn_2_6,0,GramAnchor-m8,representation,gram_anchor__pivot_tie_v2__orthogonal_all__m5,5,False,validation,50.999028364622475,0.0,0.0,True
bike-sharing,regression,tabpfn_2_6,0,GramAnchor-m8,representation,gram_anchor__pivot_tie_v2__orthogonal_all__m5,5,False,test,51.11934928968676,0.0,0.0,True
bike-sharing,regression,tabpfn_2_6,0,GramAnchor-m8,representation,gram_anchor__pivot_tie_v2__orthogonal_all__m6,6,False,validation,50.999028364622475,0.0,0.0,True
bike-sharing,regression,tabpfn_2_6,0,GramAnchor-m8,representation,gram_anchor__pivot_tie_v2__orthogonal_all__m6,6,False,test,51.11934928968676,0.0,0.0,True
bike-sharing,regression,tabpfn_2_6,0,GramAnchor-m8,representation,gram_anchor__pivot_tie_v2__orthogonal_all__m7,7,False,validation,50.999028364622475,0.0,0.0,True
bike-sharing,regression,tabpfn_2_6,0,GramAnchor-m8,representation,gram_anchor__pivot_tie_v2__orthogonal_all__m7,7,False,test,51.11934928968676,0.0,0.0,True
bike-sharing,regression,tabpfn_2_6,0,GramDistance,representation,gram_distance__pivot_tie_v2__rbf_reference,-1,True,validation,54.762497067673706,0.0,0.3527926860842854,False
bike-sharing,regression,tabpfn_2_6,0,GramDistance,representation,gram_distance__pivot_tie_v2__rbf_reference,-1,True,test,54.52918839778958,0.0,0.3527926860842854,False
bike-sharing,regression,tabpfn_2_6,0,GramDistance,representation,gram_distance__pivot_tie_v2__orthogonal_all__m0,0,False,validation,54.762497067673706,0.0,0.0,True
bike-sharing,regression,tabpfn_2_6,0,GramDistance,representation,gram_distance__pivot_tie_v2__orthogonal_all__m0,0,False,test,54.52918839778958,0.0,0.0,True
bike-sharing,regression,tabpfn_2_6,0,GramDistance,representation,gram_distance__pivot_tie_v2__orthogonal_all__m1,1,False,validation,54.762497067673706,0.0,0.0,True
bike-sharing,regression,tabpfn_2_6,0,GramDistance,representation,gram_distance__pivot_tie_v2__orthogonal_all__m1,1,False,test,54.52918839778958,0.0,0.0,True
bike-sharing,regression,tabpfn_2_6,0,GramDistance,representation,gram_distance__pivot_tie_v2__orthogonal_all__m2,2,False,validation,54.762497067673706,0.0,0.0,True
bike-sharing,regression,tabpfn_2_6,0,GramDistance,representation,gram_distance__pivot_tie_v2__orthogonal_all__m2,2,False,test,54.52918839778958,0.0,0.0,True
bike-sharing,regression,tabpfn_2_6,0,GramDistance,representation,gram_distance__pivot_tie_v2__orthogonal_all__m3,3,False,validation,54.762497067673706,0.0,0.0,True
bike-sharing,regression,tabpfn_2_6,0,GramDistance,representation,gram_distance__pivot_tie_v2__orthogonal_all__m3,3,False,test,54.52918839778958,0.0,0.0,True
bike-sharing,regression,tabpfn_2_6,0,GramDistance,representation,gram_distance__pivot_tie_v2__orthogonal_all__m4,4,False,validation,54.762497067673706,0.0,0.0,True
bike-sharing,regression,tabpfn_2_6,0,GramDistance,representation,gram_distance__pivot_tie_v2__orthogonal_all__m4,4,False,test,54.52918839778958,0.0,0.0,True
bike-sharing,regression,tabpfn_2_6,0,GramDistance,representation,gram_distance__pivot_tie_v2__orthogonal_all__m5,5,False,validation,54.762497067673706,0.0,0.0,True
bike-sharing,regression,tabpfn_2_6,0,GramDistance,representation,gram_distance__pivot_tie_v2__orthogonal_all__m5,5,False,test,54.52918839778958,0.0,0.0,True
bike-sharing,regression,tabpfn_2_6,0,GramDistance,representation,gram_distance__pivot_tie_v2__orthogonal_all__m6,6,False,validation,54.762497067673706,0.0,0.0,True
bike-sharing,regression,tabpfn_2_6,0,GramDistance,representation,gram_distance__pivot_tie_v2__orthogonal_all__m6,6,False,test,54.52918839778958,0.0,0.0,True
bike-sharing,regression,tabpfn_2_6,0,GramDistance,representation,gram_distance__pivot_tie_v2__orthogonal_all__m7,7,False,validation,54.762497067673706,0.0,0.0,True
bike-sharing,regression,tabpfn_2_6,0,GramDistance,representation,gram_distance__pivot_tie_v2__orthogonal_all__m7,7,False,test,54.52918839778958,0.0,0.0,True
bike-sharing,regression,tabpfn_2_6,0,NystromGram,representation,nystrom_gram__nystrom_degeneracy_v3__rbf_reference,-1,True,validation,49.40267388466856,0.0,0.2547839670442045,False
bike-sharing,regression,tabpfn_2_6,0,NystromGram,representation,nystrom_gram__nystrom_degeneracy_v3__rbf_reference,-1,True,test,55.095908479796975,0.0,0.2547839670442045,False
bike-sharing,regression,tabpfn_2_6,0,NystromGram,representation,nystrom_gram__nystrom_degeneracy_v3__orthogonal_all__m0,0,False,validation,49.40267388466856,0.0,0.0,True
bike-sharing,regression,tabpfn_2_6,0,NystromGram,representation,nystrom_gram__nystrom_degeneracy_v3__orthogonal_all__m0,0,False,test,55.095908479796975,0.0,0.0,True
bike-sharing,regression,tabpfn_2_6,0,NystromGram,representation,nystrom_gram__nystrom_degeneracy_v3__orthogonal_all__m1,1,False,validation,49.40267388466856,0.0,0.0,True
bike-sharing,regression,tabpfn_2_6,0,NystromGram,representation,nystrom_gram__nystrom_degeneracy_v3__orthogonal_all__m1,1,False,test,55.095908479796975,0.0,0.0,True
bike-sharing,regression,tabpfn_2_6,0,NystromGram,representation,nystrom_gram__nystrom_degeneracy_v3__orthogonal_all__m2,2,False,validation,49.40267388466856,0.0,0.0,True
bike-sharing,regression,tabpfn_2_6,0,NystromGram,representation,nystrom_gram__nystrom_degeneracy_v3__orthogonal_all__m2,2,False,test,55.095908479796975,0.0,0.0,True
bike-sharing,regression,tabpfn_2_6,0,NystromGram,representation,nystrom_gram__nystrom_degeneracy_v3__orthogonal_all__m3,3,False,validation,49.40267388466856,0.0,0.0,True
bike-sharing,regression,tabpfn_2_6,0,NystromGram,representation,nystrom_gram__nystrom_degeneracy_v3__orthogonal_all__m3,3,False,test,55.095908479796975,0.0,0.0,True
bike-sharing,regression,tabpfn_2_6,0,NystromGram,representation,nystrom_gram__nystrom_degeneracy_v3__orthogonal_all__m4,4,False,validation,49.40267388466856,0.0,0.0,True
bike-sharing,regression,tabpfn_2_6,0,NystromGram,representation,nystrom_gram__nystrom_degeneracy_v3__orthogonal_all__m4,4,False,test,55.095908479796975,0.0,0.0,True
bike-sharing,regression,tabpfn_2_6,0,NystromGram,representation,nystrom_gram__nystrom_degeneracy_v3__orthogonal_all__m5,5,False,validation,49.40267388466856,0.0,0.0,True
bike-sharing,regression,tabpfn_2_6,0,NystromGram,representation,nystrom_gram__nystrom_degeneracy_v3__orthogonal_all__m5,5,False,test,55.095908479796975,0.0,0.0,True
bike-sharing,regression,tabpfn_2_6,0,NystromGram,representation,nystrom_gram__nystrom_degeneracy_v3__orthogonal_all__m6,6,False,validation,49.40267388466856,0.0,0.0,True
bike-sharing,regression,tabpfn_2_6,0,NystromGram,representation,nystrom_gram__nystrom_degeneracy_v3__orthogonal_all__m6,6,False,test,55.095908479796975,0.0,0.0,True
bike-sharing,regression,tabpfn_2_6,0,NystromGram,representation,nystrom_gram__nystrom_degeneracy_v3__orthogonal_all__m7,7,False,validation,49.40267388466856,0.0,0.0,True
bike-sharing,regression,tabpfn_2_6,0,NystromGram,representation,nystrom_gram__nystrom_degeneracy_v3__orthogonal_all__m7,7,False,test,55.095908479796975,0.0,0.0,True
bike-sharing,regression,tabpfn_2_6,0,HybridSpectral-t0.01,representation,hybrid_spectral__pivot_tie_v2__rbf_reference,-1,True,validation,50.472771834265835,0.0,0.2950274229515344,False
bike-sharing,regression,tabpfn_2_6,0,HybridSpectral-t0.01,representation,hybrid_spectral__pivot_tie_v2__rbf_reference,-1,True,test,54.85977339021755,0.0,0.2950274229515344,False
bike-sharing,regression,tabpfn_2_6,0,HybridSpectral-t0.01,representation,hybrid_spectral__pivot_tie_v2__orthogonal_all__m0,0,False,validation,50.472771834265835,0.0,0.0,True
bike-sharing,regression,tabpfn_2_6,0,HybridSpectral-t0.01,representation,hybrid_spectral__pivot_tie_v2__orthogonal_all__m0,0,False,test,54.85977339021755,0.0,0.0,True
bike-sharing,regression,tabpfn_2_6,0,HybridSpectral-t0.01,representation,hybrid_spectral__pivot_tie_v2__orthogonal_all__m1,1,False,validation,50.472771834265835,0.0,0.0,True
bike-sharing,regression,tabpfn_2_6,0,HybridSpectral-t0.01,representation,hybrid_spectral__pivot_tie_v2__orthogonal_all__m1,1,False,test,54.85977339021755,0.0,0.0,True
bike-sharing,regression,tabpfn_2_6,0,HybridSpectral-t0.01,representation,hybrid_spectral__pivot_tie_v2__orthogonal_all__m2,2,False,validation,50.472771834265835,0.0,0.0,True
bike-sharing,regression,tabpfn_2_6,0,HybridSpectral-t0.01,representation,hybrid_spectral__pivot_tie_v2__orthogonal_all__m2,2,False,test,54.85977339021755,0.0,0.0,True
bike-sharing,regression,tabpfn_2_6,0,HybridSpectral-t0.01,representation,hybrid_spectral__pivot_tie_v2__orthogonal_all__m3,3,False,validation,50.472771834265835,0.0,0.0,True
bike-sharing,regression,tabpfn_2_6,0,HybridSpectral-t0.01,representation,hybrid_spectral__pivot_tie_v2__orthogonal_all__m3,3,False,test,54.85977339021755,0.0,0.0,True
bike-sharing,regression,tabpfn_2_6,0,HybridSpectral-t0.01,representation,hybrid_spectral__pivot_tie_v2__orthogonal_all__m4,4,False,validation,50.472771834265835,0.0,0.0,True
bike-sharing,regression,tabpfn_2_6,0,HybridSpectral-t0.01,representation,hybrid_spectral__pivot_tie_v2__orthogonal_all__m4,4,False,test,54.85977339021755,0.0,0.0,True
bike-sharing,regression,tabpfn_2_6,0,HybridSpectral-t0.01,representation,hybrid_spectral__pivot_tie_v2__orthogonal_all__m5,5,False,validation,50.472771834265835,0.0,0.0,True
bike-sharing,regression,tabpfn_2_6,0,HybridSpectral-t0.01,representation,hybrid_spectral__pivot_tie_v2__orthogonal_all__m5,5,False,test,54.85977339021755,0.0,0.0,True
bike-sharing,regression,tabpfn_2_6,0,HybridSpectral-t0.01,representation,hybrid_spectral__pivot_tie_v2__orthogonal_all__m6,6,False,validation,50.472771834265835,0.0,0.0,True
bike-sharing,regression,tabpfn_2_6,0,HybridSpectral-t0.01,representation,hybrid_spectral__pivot_tie_v2__orthogonal_all__m6,6,False,test,54.85977339021755,0.0,0.0,True
bike-sharing,regression,tabpfn_2_6,0,HybridSpectral-t0.01,representation,hybrid_spectral__pivot_tie_v2__orthogonal_all__m7,7,False,validation,50.472771834265835,0.0,0.0,True
bike-sharing,regression,tabpfn_2_6,0,HybridSpectral-t0.01,representation,hybrid_spectral__pivot_tie_v2__orthogonal_all__m7,7,False,test,54.85977339021755,0.0,0.0,True
bike-sharing,regression,tabpfn_2_6,0,HybridSpectral-t0.05,representation,hybrid_spectral__pivot_tie_v2__rbf_reference,-1,True,validation,49.24439690350545,0.0,0.3640811408404261,False
bike-sharing,regression,tabpfn_2_6,0,HybridSpectral-t0.05,representation,hybrid_spectral__pivot_tie_v2__rbf_reference,-1,True,test,54.56345010036705,0.0,0.3640811408404261,False
bike-sharing,regression,tabpfn_2_6,0,HybridSpectral-t0.05,representation,hybrid_spectral__pivot_tie_v2__orthogonal_all__m0,0,False,validation,49.24439690350545,0.0,0.0,True
bike-sharing,regression,tabpfn_2_6,0,HybridSpectral-t0.05,representation,hybrid_spectral__pivot_tie_v2__orthogonal_all__m0,0,False,test,54.56345010036705,0.0,0.0,True
bike-sharing,regression,tabpfn_2_6,0,HybridSpectral-t0.05,representation,hybrid_spectral__pivot_tie_v2__orthogonal_all__m1,1,False,validation,49.24439690350545,0.0,0.0,True
bike-sharing,regression,tabpfn_2_6,0,HybridSpectral-t0.05,representation,hybrid_spectral__pivot_tie_v2__orthogonal_all__m1,1,False,test,54.56345010036705,0.0,0.0,True
bike-sharing,regression,tabpfn_2_6,0,HybridSpectral-t0.05,representation,hybrid_spectral__pivot_tie_v2__orthogonal_all__m2,2,False,validation,49.24439690350545,0.0,0.0,True
bike-sharing,regression,tabpfn_2_6,0,HybridSpectral-t0.05,representation,hybrid_spectral__pivot_tie_v2__orthogonal_all__m2,2,False,test,54.56345010036705,0.0,0.0,True
bike-sharing,regression,tabpfn_2_6,0,HybridSpectral-t0.05,representation,hybrid_spectral__pivot_tie_v2__orthogonal_all__m3,3,False,validation,49.24439690350545,0.0,0.0,True
bike-sharing,regression,tabpfn_2_6,0,HybridSpectral-t0.05,representation,hybrid_spectral__pivot_tie_v2__orthogonal_all__m3,3,False,test,54.56345010036705,0.0,0.0,True
bike-sharing,regression,tabpfn_2_6,0,HybridSpectral-t0.05,representation,hybrid_spectral__pivot_tie_v2__orthogonal_all__m4,4,False,validation,49.24439690350545,0.0,0.0,True
bike-sharing,regression,tabpfn_2_6,0,HybridSpectral-t0.05,representation,hybrid_spectral__pivot_tie_v2__orthogonal_all__m4,4,False,test,54.56345010036705,0.0,0.0,True
bike-sharing,regression,tabpfn_2_6,0,HybridSpectral-t0.05,representation,hybrid_spectral__pivot_tie_v2__orthogonal_all__m5,5,False,validation,49.24439690350545,0.0,0.0,True
bike-sharing,regression,tabpfn_2_6,0,HybridSpectral-t0.05,representation,hybrid_spectral__pivot_tie_v2__orthogonal_all__m5,5,False,test,54.56345010036705,0.0,0.0,True
bike-sharing,regression,tabpfn_2_6,0,HybridSpectral-t0.05,representation,hybrid_spectral__pivot_tie_v2__orthogonal_all__m6,6,False,validation,49.24439690350545,0.0,0.0,True
bike-sharing,regression,tabpfn_2_6,0,HybridSpectral-t0.05,representation,hybrid_spectral__pivot_tie_v2__orthogonal_all__m6,6,False,test,54.56345010036705,0.0,0.0,True
bike-sharing,regression,tabpfn_2_6,0,HybridSpectral-t0.05,representation,hybrid_spectral__pivot_tie_v2__orthogonal_all__m7,7,False,validation,49.24439690350545,0.0,0.0,True
bike-sharing,regression,tabpfn_2_6,0,HybridSpectral-t0.05,representation,hybrid_spectral__pivot_tie_v2__orthogonal_all__m7,7,False,test,54.56345010036705,0.0,0.0,True
bike-sharing,regression,tabpfn_2_6,0,HybridSpectral-t0.10,representation,hybrid_spectral__pivot_tie_v2__rbf_reference,-1,True,validation,49.24439690350545,0.0,0.26556760212406516,False
bike-sharing,regression,tabpfn_2_6,0,HybridSpectral-t0.10,representation,hybrid_spectral__pivot_tie_v2__rbf_reference,-1,True,test,54.56345010036705,0.0,0.26556760212406516,False
bike-sharing,regression,tabpfn_2_6,0,HybridSpectral-t0.10,representation,hybrid_spectral__pivot_tie_v2__orthogonal_all__m0,0,False,validation,49.24439690350545,0.0,0.0,True
bike-sharing,regression,tabpfn_2_6,0,HybridSpectral-t0.10,representation,hybrid_spectral__pivot_tie_v2__orthogonal_all__m0,0,False,test,54.56345010036705,0.0,0.0,True
bike-sharing,regression,tabpfn_2_6,0,HybridSpectral-t0.10,representation,hybrid_spectral__pivot_tie_v2__orthogonal_all__m1,1,False,validation,49.24439690350545,0.0,0.0,True
bike-sharing,regression,tabpfn_2_6,0,HybridSpectral-t0.10,representation,hybrid_spectral__pivot_tie_v2__orthogonal_all__m1,1,False,test,54.56345010036705,0.0,0.0,True
bike-sharing,regression,tabpfn_2_6,0,HybridSpectral-t0.10,representation,hybrid_spectral__pivot_tie_v2__orthogonal_all__m2,2,False,validation,49.24439690350545,0.0,0.0,True
bike-sharing,regression,tabpfn_2_6,0,HybridSpectral-t0.10,representation,hybrid_spectral__pivot_tie_v2__orthogonal_all__m2,2,False,test,54.56345010036705,0.0,0.0,True
bike-sharing,regression,tabpfn_2_6,0,HybridSpectral-t0.10,representation,hybrid_spectral__pivot_tie_v2__orthogonal_all__m3,3,False,validation,49.24439690350545,0.0,0.0,True
bike-sharing,regression,tabpfn_2_6,0,HybridSpectral-t0.10,representation,hybrid_spectral__pivot_tie_v2__orthogonal_all__m3,3,False,test,54.56345010036705,0.0,0.0,True
bike-sharing,regression,tabpfn_2_6,0,HybridSpectral-t0.10,representation,hybrid_spectral__pivot_tie_v2__orthogonal_all__m4,4,False,validation,49.24439690350545,0.0,0.0,True
bike-sharing,regression,tabpfn_2_6,0,HybridSpectral-t0.10,representation,hybrid_spectral__pivot_tie_v2__orthogonal_all__m4,4,False,test,54.56345010036705,0.0,0.0,True
bike-sharing,regression,tabpfn_2_6,0,HybridSpectral-t0.10,representation,hybrid_spectral__pivot_tie_v2__orthogonal_all__m5,5,False,validation,49.24439690350545,0.0,0.0,True
bike-sharing,regression,tabpfn_2_6,0,HybridSpectral-t0.10,representation,hybrid_spectral__pivot_tie_v2__orthogonal_all__m5,5,False,test,54.56345010036705,0.0,0.0,True
bike-sharing,regression,tabpfn_2_6,0,HybridSpectral-t0.10,representation,hybrid_spectral__pivot_tie_v2__orthogonal_all__m6,6,False,validation,49.24439690350545,0.0,0.0,True
bike-sharing,regression,tabpfn_2_6,0,HybridSpectral-t0.10,representation,hybrid_spectral__pivot_tie_v2__orthogonal_all__m6,6,False,test,54.56345010036705,0.0,0.0,True
bike-sharing,regression,tabpfn_2_6,0,HybridSpectral-t0.10,representation,hybrid_spectral__pivot_tie_v2__orthogonal_all__m7,7,False,validation,49.24439690350545,0.0,0.0,True
bike-sharing,regression,tabpfn_2_6,0,HybridSpectral-t0.10,representation,hybrid_spectral__pivot_tie_v2__orthogonal_all__m7,7,False,test,54.56345010036705,0.0,0.0,True
bike-sharing,regression,tabpfn_2_6,0,Raw+PCA@0.25,hybrid_prediction_mixture,rbf_reference,-1,True,validation,50.108790636891655,0.0,0.0,False
bike-sharing,regression,tabpfn_2_6,0,Raw+PCA@0.25,hybrid_prediction_mixture,rbf_reference,-1,True,test,54.12973822887702,0.0,0.0,False
bike-sharing,regression,tabpfn_2_6,0,Raw+PCA@0.25,hybrid_prediction_mixture,orthogonal_all__m0,0,False,validation,48.72532258023837,0.049642220875332654,0.0,True
bike-sharing,regression,tabpfn_2_6,0,Raw+PCA@0.25,hybrid_prediction_mixture,orthogonal_all__m0,0,False,test,54.846882308416454,0.05342309489913191,0.0,True
bike-sharing,regression,tabpfn_2_6,0,Raw+PCA@0.25,hybrid_prediction_mixture,orthogonal_all__m1,1,False,validation,51.21554510820045,0.05984464455356005,0.0,True
bike-sharing,regression,tabpfn_2_6,0,Raw+PCA@0.25,hybrid_prediction_mixture,orthogonal_all__m1,1,False,test,57.37302863096613,0.06467491605540845,0.0,True
bike-sharing,regression,tabpfn_2_6,0,Raw+PCA@0.25,hybrid_prediction_mixture,orthogonal_all__m2,2,False,validation,51.18863484457949,0.05158471091204281,0.0,True
bike-sharing,regression,tabpfn_2_6,0,Raw+PCA@0.25,hybrid_prediction_mixture,orthogonal_all__m2,2,False,test,56.44094805694168,0.053588607586738904,0.0,True
bike-sharing,regression,tabpfn_2_6,0,Raw+PCA@0.25,hybrid_prediction_mixture,orthogonal_all__m3,3,False,validation,51.429211157425165,0.05252049363113918,0.0,True
bike-sharing,regression,tabpfn_2_6,0,Raw+PCA@0.25,hybrid_prediction_mixture,orthogonal_all__m3,3,False,test,55.87559864351268,0.05249093273061136,0.0,True
bike-sharing,regression,tabpfn_2_6,0,Raw+PCA@0.25,hybrid_prediction_mixture,orthogonal_all__m4,4,False,validation,50.3212722229075,0.048475661469637166,0.0,True
bike-sharing,regression,tabpfn_2_6,0,Raw+PCA@0.25,hybrid_prediction_mixture,orthogonal_all__m4,4,False,test,54.8653108178976,0.05835769007956355,0.0,True
bike-sharing,regression,tabpfn_2_6,0,Raw+PCA@0.25,hybrid_prediction_mixture,orthogonal_all__m5,5,False,validation,50.17989845525352,0.057025292179870395,0.0,True
bike-sharing,regression,tabpfn_2_6,0,Raw+PCA@0.25,hybrid_prediction_mixture,orthogonal_all__m5,5,False,test,55.58658410585703,0.06405157737493362,0.0,True
bike-sharing,regression,tabpfn_2_6,0,Raw+PCA@0.25,hybrid_prediction_mixture,orthogonal_all__m6,6,False,validation,49.345770884130886,0.05167204117750405,0.0,True
bike-sharing,regression,tabpfn_2_6,0,Raw+PCA@0.25,hybrid_prediction_mixture,orthogonal_all__m6,6,False,test,55.07793748504447,0.053357995724430084,0.0,True
bike-sharing,regression,tabpfn_2_6,0,Raw+PCA@0.25,hybrid_prediction_mixture,orthogonal_all__m7,7,False,validation,51.721399569288415,0.06066497218790105,0.0,True
bike-sharing,regression,tabpfn_2_6,0,Raw+PCA@0.25,hybrid_prediction_mixture,orthogonal_all__m7,7,False,test,56.231713898717615,0.05597652112530873,0.0,True
bike-sharing,regression,tabpfn_2_6,0,Raw+PCA@0.5,hybrid_prediction_mixture,rbf_reference,-1,True,validation,50.71122501270955,0.0,0.0,False
bike-sharing,regression,tabpfn_2_6,0,Raw+PCA@0.5,hybrid_prediction_mixture,rbf_reference,-1,True,test,54.732961667543826,0.0,0.0,False
bike-sharing,regression,tabpfn_2_6,0,Raw+PCA@0.5,hybrid_prediction_mixture,orthogonal_all__m0,0,False,validation,49.775577873575294,0.03309481391688844,0.0,True
bike-sharing,regression,tabpfn_2_6,0,Raw+PCA@0.5,hybrid_prediction_mixture,orthogonal_all__m0,0,False,test,55.27190573583901,0.03561539659942127,0.0,True
bike-sharing,regression,tabpfn_2_6,0,Raw+PCA@0.5,hybrid_prediction_mixture,orthogonal_all__m1,1,False,validation,51.5310918772132,0.03989642970237337,0.0,True
bike-sharing,regression,tabpfn_2_6,0,Raw+PCA@0.5,hybrid_prediction_mixture,orthogonal_all__m1,1,False,test,56.9680997770891,0.04311661070360564,0.0,True
bike-sharing,regression,tabpfn_2_6,0,Raw+PCA@0.5,hybrid_prediction_mixture,orthogonal_all__m2,2,False,validation,51.541880581714864,0.03438980727469521,0.0,True
bike-sharing,regression,tabpfn_2_6,0,Raw+PCA@0.5,hybrid_prediction_mixture,orthogonal_all__m2,2,False,test,56.347806936517046,0.03572573839115927,0.0,True
bike-sharing,regression,tabpfn_2_6,0,Raw+PCA@0.5,hybrid_prediction_mixture,orthogonal_all__m3,3,False,validation,51.71388891792552,0.03501366242075945,0.0,True
bike-sharing,regression,tabpfn_2_6,0,Raw+PCA@0.5,hybrid_prediction_mixture,orthogonal_all__m3,3,False,test,55.972522623503174,0.03499395515374091,0.0,True
bike-sharing,regression,tabpfn_2_6,0,Raw+PCA@0.5,hybrid_prediction_mixture,orthogonal_all__m4,4,False,validation,50.91876233938018,0.03231710764642477,0.0,True
bike-sharing,regression,tabpfn_2_6,0,Raw+PCA@0.5,hybrid_prediction_mixture,orthogonal_all__m4,4,False,test,55.312684050671315,0.03890512671970903,0.0,True
bike-sharing,regression,tabpfn_2_6,0,Raw+PCA@0.5,hybrid_prediction_mixture,orthogonal_all__m5,5,False,validation,50.85539468622759,0.038016861453246925,0.0,True
bike-sharing,regression,tabpfn_2_6,0,Raw+PCA@0.5,hybrid_prediction_mixture,orthogonal_all__m5,5,False,test,55.72092499604484,0.04270105158328909,0.0,True
bike-sharing,regression,tabpfn_2_6,0,Raw+PCA@0.5,hybrid_prediction_mixture,orthogonal_all__m6,6,False,validation,50.136419116568675,0.03444802745166937,0.0,True
bike-sharing,regression,tabpfn_2_6,0,Raw+PCA@0.5,hybrid_prediction_mixture,orthogonal_all__m6,6,False,test,55.41199227892986,0.035571997149620053,0.0,True
bike-sharing,regression,tabpfn_2_6,0,Raw+PCA@0.5,hybrid_prediction_mixture,orthogonal_all__m7,7,False,validation,51.93841744227527,0.04044331479193403,0.0,True
bike-sharing,regression,tabpfn_2_6,0,Raw+PCA@0.5,hybrid_prediction_mixture,orthogonal_all__m7,7,False,test,56.19952155671849,0.03731768075020582,0.0,True
bike-sharing,regression,tabpfn_2_6,0,Raw+PCA@0.75,hybrid_prediction_mixture,rbf_reference,-1,True,validation,51.7235617295352,0.0,0.0,False
bike-sharing,regression,tabpfn_2_6,0,Raw+PCA@0.75,hybrid_prediction_mixture,rbf_reference,-1,True,test,55.70186131115584,0.0,0.0,False
bike-sharing,regression,tabpfn_2_6,0,Raw+PCA@0.75,hybrid_prediction_mixture,orthogonal_all__m0,0,False,validation,51.253142289316486,0.01654740695844422,0.0,True
bike-sharing,regression,tabpfn_2_6,0,Raw+PCA@0.75,hybrid_prediction_mixture,orthogonal_all__m0,0,False,test,55.999403373807276,0.017807698299710635,0.0,True
bike-sharing,regression,tabpfn_2_6,0,Raw+PCA@0.75,hybrid_prediction_mixture,orthogonal_all__m1,1,False,validation,52.17060032762139,0.019948214851186686,0.0,True
bike-sharing,regression,tabpfn_2_6,0,Raw+PCA@0.75,hybrid_prediction_mixture,orthogonal_all__m1,1,False,test,56.84909294190916,0.02155830535180282,0.0,True
bike-sharing,regression,tabpfn_2_6,0,Raw+PCA@0.75,hybrid_prediction_mixture,orthogonal_all__m2,2,False,validation,52.19005783556082,0.017194903637347606,0.0,True
bike-sharing,regression,tabpfn_2_6,0,Raw+PCA@0.75,hybrid_prediction_mixture,orthogonal_all__m2,2,False,test,56.541061081614565,0.017862869195579636,0.0,True
bike-sharing,regression,tabpfn_2_6,0,Raw+PCA@0.75,hybrid_prediction_mixture,orthogonal_all__m3,3,False,validation,52.28129540272688,0.017506831210379725,0.0,True
bike-sharing,regression,tabpfn_2_6,0,Raw+PCA@0.75,hybrid_prediction_mixture,orthogonal_all__m3,3,False,test,56.35517333647021,0.017496977576870455,0.0,True
bike-sharing,regression,tabpfn_2_6,0,Raw+PCA@0.75,hybrid_prediction_mixture,orthogonal_all__m4,4,False,validation,51.85851592741177,0.016158553823212383,0.0,True
bike-sharing,regression,tabpfn_2_6,0,Raw+PCA@0.75,hybrid_prediction_mixture,orthogonal_all__m4,4,False,test,56.033638891085346,0.019452563359854513,0.0,True
bike-sharing,regression,tabpfn_2_6,0,Raw+PCA@0.75,hybrid_prediction_mixture,orthogonal_all__m5,5,False,validation,51.84199611411062,0.019008430726623463,0.0,True
bike-sharing,regression,tabpfn_2_6,0,Raw+PCA@0.75,hybrid_prediction_mixture,orthogonal_all__m5,5,False,test,56.20090585655789,0.021350525791644544,0.0,True
bike-sharing,regression,tabpfn_2_6,0,Raw+PCA@0.75,hybrid_prediction_mixture,orthogonal_all__m6,6,False,validation,51.406753277293376,0.017224013725834684,0.0,True
bike-sharing,regression,tabpfn_2_6,0,Raw+PCA@0.75,hybrid_prediction_mixture,orthogonal_all__m6,6,False,test,56.06221784755481,0.017785998574810027,0.0,True
bike-sharing,regression,tabpfn_2_6,0,Raw+PCA@0.75,hybrid_prediction_mixture,orthogonal_all__m7,7,False,validation,52.4076356777907,0.020221657395967017,0.0,True
bike-sharing,regression,tabpfn_2_6,0,Raw+PCA@0.75,hybrid_prediction_mixture,orthogonal_all__m7,7,False,test,56.46291515744638,0.01865884037510291,0.0,True
bike-sharing,regression,tabpfn_2_6,0,Raw+PCA@1,hybrid_prediction_mixture,rbf_reference,-1,True,validation,53.122371805012435,0.0,0.0,False
bike-sharing,regression,tabpfn_2_6,0,Raw+PCA@1,hybrid_prediction_mixture,rbf_reference,-1,True,test,57.017798472108694,0.0,0.0,False
bike-sharing,regression,tabpfn_2_6,0,Raw+PCA@1,hybrid_prediction_mixture,orthogonal_all__m0,0,False,validation,53.122371805012435,0.0,0.0,True
bike-sharing,regression,tabpfn_2_6,0,Raw+PCA@1,hybrid_prediction_mixture,orthogonal_all__m0,0,False,test,57.017798472108694,0.0,0.0,True
bike-sharing,regression,tabpfn_2_6,0,Raw+PCA@1,hybrid_prediction_mixture,orthogonal_all__m1,1,False,validation,53.122371805012435,0.0,0.0,True
bike-sharing,regression,tabpfn_2_6,0,Raw+PCA@1,hybrid_prediction_mixture,orthogonal_all__m1,1,False,test,57.017798472108694,0.0,0.0,True
bike-sharing,regression,tabpfn_2_6,0,Raw+PCA@1,hybrid_prediction_mixture,orthogonal_all__m2,2,False,validation,53.122371805012435,0.0,0.0,True
bike-sharing,regression,tabpfn_2_6,0,Raw+PCA@1,hybrid_prediction_mixture,orthogonal_all__m2,2,False,test,57.017798472108694,0.0,0.0,True
bike-sharing,regression,tabpfn_2_6,0,Raw+PCA@1,hybrid_prediction_mixture,orthogonal_all__m3,3,False,validation,53.122371805012435,0.0,0.0,True
bike-sharing,regression,tabpfn_2_6,0,Raw+PCA@1,hybrid_prediction_mixture,orthogonal_all__m3,3,False,test,57.017798472108694,0.0,0.0,True
bike-sharing,regression,tabpfn_2_6,0,Raw+PCA@1,hybrid_prediction_mixture,orthogonal_all__m4,4,False,validation,53.122371805012435,0.0,0.0,True
bike-sharing,regression,tabpfn_2_6,0,Raw+PCA@1,hybrid_prediction_mixture,orthogonal_all__m4,4,False,test,57.017798472108694,0.0,0.0,True
bike-sharing,regression,tabpfn_2_6,0,Raw+PCA@1,hybrid_prediction_mixture,orthogonal_all__m5,5,False,validation,53.122371805012435,0.0,0.0,True
bike-sharing,regression,tabpfn_2_6,0,Raw+PCA@1,hybrid_prediction_mixture,orthogonal_all__m5,5,False,test,57.017798472108694,0.0,0.0,True
bike-sharing,regression,tabpfn_2_6,0,Raw+PCA@1,hybrid_prediction_mixture,orthogonal_all__m6,6,False,validation,53.122371805012435,0.0,0.0,True
bike-sharing,regression,tabpfn_2_6,0,Raw+PCA@1,hybrid_prediction_mixture,orthogonal_all__m6,6,False,test,57.017798472108694,0.0,0.0,True
bike-sharing,regression,tabpfn_2_6,0,Raw+PCA@1,hybrid_prediction_mixture,orthogonal_all__m7,7,False,validation,53.122371805012435,0.0,0.0,True
bike-sharing,regression,tabpfn_2_6,0,Raw+PCA@1,hybrid_prediction_mixture,orthogonal_all__m7,7,False,test,57.017798472108694,0.0,0.0,True
bike-sharing,regression,tabpfn_2_6,0,Raw+GramAnchor@0.25,hybrid_prediction_mixture,rbf_reference,-1,True,validation,49.96264782283601,0.0,0.0,False
bike-sharing,regression,tabpfn_2_6,0,Raw+GramAnchor@0.25,hybrid_prediction_mixture,rbf_reference,-1,True,test,53.356553412903615,0.0,0.0,False
bike-sharing,regression,tabpfn_2_6,0,Raw+GramAnchor@0.25,hybrid_prediction_mixture,orthogonal_all__m0,0,False,validation,48.50646726328185,0.049642220875332654,0.0,True
bike-sharing,regression,tabpfn_2_6,0,Raw+GramAnchor@0.25,hybrid_prediction_mixture,orthogonal_all__m0,0,False,test,53.91005515293545,0.05342309489913191,0.0,True
bike-sharing,regression,tabpfn_2_6,0,Raw+GramAnchor@0.25,hybrid_prediction_mixture,orthogonal_all__m1,1,False,validation,50.591565369196566,0.05984464455356005,0.0,True
bike-sharing,regression,tabpfn_2_6,0,Raw+GramAnchor@0.25,hybrid_prediction_mixture,orthogonal_all__m1,1,False,test,56.2889531170602,0.06467491605540845,0.0,True
bike-sharing,regression,tabpfn_2_6,0,Raw+GramAnchor@0.25,hybrid_prediction_mixture,orthogonal_all__m2,2,False,validation,50.727410458174816,0.05158471091204281,0.0,True
bike-sharing,regression,tabpfn_2_6,0,Raw+GramAnchor@0.25,hybrid_prediction_mixture,orthogonal_all__m2,2,False,test,55.53065980953098,0.053588607586738904,0.0,True
bike-sharing,regression,tabpfn_2_6,0,Raw+GramAnchor@0.25,hybrid_prediction_mixture,orthogonal_all__m3,3,False,validation,50.92030661028317,0.05252049363113918,0.0,True
bike-sharing,regression,tabpfn_2_6,0,Raw+GramAnchor@0.25,hybrid_prediction_mixture,orthogonal_all__m3,3,False,test,54.93021196236163,0.05249093273061135,0.0,True
bike-sharing,regression,tabpfn_2_6,0,Raw+GramAnchor@0.25,hybrid_prediction_mixture,orthogonal_all__m4,4,False,validation,50.10302815968081,0.048475661469637166,0.0,True
bike-sharing,regression,tabpfn_2_6,0,Raw+GramAnchor@0.25,hybrid_prediction_mixture,orthogonal_all__m4,4,False,test,53.88186953312534,0.05835769007956355,0.0,True
bike-sharing,regression,tabpfn_2_6,0,Raw+GramAnchor@0.25,hybrid_prediction_mixture,orthogonal_all__m5,5,False,validation,49.6797570785018,0.05702529217987038,0.0,True
bike-sharing,regression,tabpfn_2_6,0,Raw+GramAnchor@0.25,hybrid_prediction_mixture,orthogonal_all__m5,5,False,test,54.5801524575482,0.06405157737493362,0.0,True
bike-sharing,regression,tabpfn_2_6,0,Raw+GramAnchor@0.25,hybrid_prediction_mixture,orthogonal_all__m6,6,False,validation,49.0807454291114,0.05167204117750405,0.0,True
bike-sharing,regression,tabpfn_2_6,0,Raw+GramAnchor@0.25,hybrid_prediction_mixture,orthogonal_all__m6,6,False,test,54.091601764699064,0.053357995724430084,0.0,True
bike-sharing,regression,tabpfn_2_6,0,Raw+GramAnchor@0.25,hybrid_prediction_mixture,orthogonal_all__m7,7,False,validation,51.087026001251196,0.06066497218790105,0.0,True
bike-sharing,regression,tabpfn_2_6,0,Raw+GramAnchor@0.25,hybrid_prediction_mixture,orthogonal_all__m7,7,False,test,55.225583296369486,0.05597652112530873,0.0,True
bike-sharing,regression,tabpfn_2_6,0,Raw+GramAnchor@0.5,hybrid_prediction_mixture,rbf_reference,-1,True,validation,50.267738548479535,0.0,0.0,False
bike-sharing,regression,tabpfn_2_6,0,Raw+GramAnchor@0.5,hybrid_prediction_mixture,rbf_reference,-1,True,test,53.02780257441535,0.0,0.0,False
bike-sharing,regression,tabpfn_2_6,0,Raw+GramAnchor@0.5,hybrid_prediction_mixture,orthogonal_all__m0,0,False,validation,49.23364756331309,0.03309481391688844,0.0,True
bike-sharing,regression,tabpfn_2_6,0,Raw+GramAnchor@0.5,hybrid_prediction_mixture,orthogonal_all__m0,0,False,test,53.34973981496487,0.03561539659942127,0.0,True
bike-sharing,regression,tabpfn_2_6,0,Raw+GramAnchor@0.5,hybrid_prediction_mixture,orthogonal_all__m1,1,False,validation,50.45264601331289,0.03989642970237337,0.0,True
bike-sharing,regression,tabpfn_2_6,0,Raw+GramAnchor@0.5,hybrid_prediction_mixture,orthogonal_all__m1,1,False,test,54.846451799360764,0.04311661070360564,0.0,True
bike-sharing,regression,tabpfn_2_6,0,Raw+GramAnchor@0.5,hybrid_prediction_mixture,orthogonal_all__m2,2,False,validation,50.681430444885706,0.03438980727469521,0.0,True
bike-sharing,regression,tabpfn_2_6,0,Raw+GramAnchor@0.5,hybrid_prediction_mixture,orthogonal_all__m2,2,False,test,54.463136212575876,0.03572573839115928,0.0,True
bike-sharing,regression,tabpfn_2_6,0,Raw+GramAnchor@0.5,hybrid_prediction_mixture,orthogonal_all__m3,3,False,validation,50.789713056372015,0.03501366242075945,0.0,True
bike-sharing,regression,tabpfn_2_6,0,Raw+GramAnchor@0.5,hybrid_prediction_mixture,orthogonal_all__m3,3,False,test,54.03989837689023,0.03499395515374091,0.0,True
bike-sharing,regression,tabpfn_2_6,0,Raw+GramAnchor@0.5,hybrid_prediction_mixture,orthogonal_all__m4,4,False,validation,50.38069577735894,0.03231710764642477,0.0,True
bike-sharing,regression,tabpfn_2_6,0,Raw+GramAnchor@0.5,hybrid_prediction_mixture,orthogonal_all__m4,4,False,test,53.32876808699968,0.03890512671970903,0.0,True
bike-sharing,regression,tabpfn_2_6,0,Raw+GramAnchor@0.5,hybrid_prediction_mixture,orthogonal_all__m5,5,False,validation,49.94392922612267,0.038016861453246925,0.0,True
bike-sharing,regression,tabpfn_2_6,0,Raw+GramAnchor@0.5,hybrid_prediction_mixture,orthogonal_all__m5,5,False,test,53.703328945771496,0.04270105158328909,0.0,True
bike-sharing,regression,tabpfn_2_6,0,Raw+GramAnchor@0.5,hybrid_prediction_mixture,orthogonal_all__m6,6,False,validation,49.53379288380615,0.03444802745166937,0.0,True
bike-sharing,regression,tabpfn_2_6,0,Raw+GramAnchor@0.5,hybrid_prediction_mixture,orthogonal_all__m6,6,False,test,53.42263794129403,0.035571997149620053,0.0,True
bike-sharing,regression,tabpfn_2_6,0,Raw+GramAnchor@0.5,hybrid_prediction_mixture,orthogonal_all__m7,7,False,validation,50.84641024421341,0.04044331479193403,0.0,True
bike-sharing,regression,tabpfn_2_6,0,Raw+GramAnchor@0.5,hybrid_prediction_mixture,orthogonal_all__m7,7,False,test,54.18417854184052,0.03731768075020582,0.0,True
bike-sharing,regression,tabpfn_2_6,0,Raw+GramAnchor@0.75,hybrid_prediction_mixture,rbf_reference,-1,True,validation,50.84144561599571,0.0,0.0,False
bike-sharing,regression,tabpfn_2_6,0,Raw+GramAnchor@0.75,hybrid_prediction_mixture,rbf_reference,-1,True,test,52.92230076542806,0.0,0.0,False
bike-sharing,regression,tabpfn_2_6,0,Raw+GramAnchor@0.75,hybrid_prediction_mixture,orthogonal_all__m0,0,False,validation,50.29667361071487,0.01654740695844422,0.0,True
bike-sharing,regression,tabpfn_2_6,0,Raw+GramAnchor@0.75,hybrid_prediction_mixture,orthogonal_all__m0,0,False,test,53.05870389732053,0.017807698299710635,0.0,True
bike-sharing,regression,tabpfn_2_6,0,Raw+GramAnchor@0.75,hybrid_prediction_mixture,orthogonal_all__m1,1,False,validation,50.81728485740157,0.019948214851186686,0.0,True
bike-sharing,regression,tabpfn_2_6,0,Raw+GramAnchor@0.75,hybrid_prediction_mixture,orthogonal_all__m1,1,False,test,53.756678938013565,0.02155830535180282,0.0,True
bike-sharing,regression,tabpfn_2_6,0,Raw+GramAnchor@0.75,hybrid_prediction_mixture,orthogonal_all__m2,2,False,validation,50.99947497159104,0.017194903637347606,0.0,True
bike-sharing,regression,tabpfn_2_6,0,Raw+GramAnchor@0.75,hybrid_prediction_mixture,orthogonal_all__m2,2,False,test,53.62969777047268,0.017862869195579636,0.0,True
bike-sharing,regression,tabpfn_2_6,0,Raw+GramAnchor@0.75,hybrid_prediction_mixture,orthogonal_all__m3,3,False,validation,51.04310129641149,0.017506831210379725,0.0,True
bike-sharing,regression,tabpfn_2_6,0,Raw+GramAnchor@0.75,hybrid_prediction_mixture,orthogonal_all__m3,3,False,test,53.4072144718723,0.017496977576870455,0.0,True
bike-sharing,regression,tabpfn_2_6,0,Raw+GramAnchor@0.75,hybrid_prediction_mixture,orthogonal_all__m4,4,False,validation,50.907161998973564,0.016158553823212383,0.0,True
bike-sharing,regression,tabpfn_2_6,0,Raw+GramAnchor@0.75,hybrid_prediction_mixture,orthogonal_all__m4,4,False,test,53.04716348702053,0.019452563359854513,0.0,True
bike-sharing,regression,tabpfn_2_6,0,Raw+GramAnchor@0.75,hybrid_prediction_mixture,orthogonal_all__m5,5,False,validation,50.61421827365476,0.019008430726623463,0.0,True
bike-sharing,regression,tabpfn_2_6,0,Raw+GramAnchor@0.75,hybrid_prediction_mixture,orthogonal_all__m5,5,False,test,53.186895587459055,0.021350525791644544,0.0,True
bike-sharing,regression,tabpfn_2_6,0,Raw+GramAnchor@0.75,hybrid_prediction_mixture,orthogonal_all__m6,6,False,validation,50.40554757364438,0.017224013725834684,0.0,True
bike-sharing,regression,tabpfn_2_6,0,Raw+GramAnchor@0.75,hybrid_prediction_mixture,orthogonal_all__m6,6,False,test,53.07046059017129,0.017785998574810027,0.0,True
bike-sharing,regression,tabpfn_2_6,0,Raw+GramAnchor@0.75,hybrid_prediction_mixture,orthogonal_all__m7,7,False,validation,51.0440183130294,0.020221657395967017,0.0,True
bike-sharing,regression,tabpfn_2_6,0,Raw+GramAnchor@0.75,hybrid_prediction_mixture,orthogonal_all__m7,7,False,test,53.451843035726135,0.01865884037510291,0.0,True
bike-sharing,regression,tabpfn_2_6,0,Raw+GramAnchor@1,hybrid_prediction_mixture,rbf_reference,-1,True,validation,51.67482305829991,0.0,0.0,False
bike-sharing,regression,tabpfn_2_6,0,Raw+GramAnchor@1,hybrid_prediction_mixture,rbf_reference,-1,True,test,53.041380161245854,0.0,0.0,False
bike-sharing,regression,tabpfn_2_6,0,Raw+GramAnchor@1,hybrid_prediction_mixture,orthogonal_all__m0,0,False,validation,51.67482305829991,0.0,0.0,True
bike-sharing,regression,tabpfn_2_6,0,Raw+GramAnchor@1,hybrid_prediction_mixture,orthogonal_all__m0,0,False,test,53.041380161245854,0.0,0.0,True
bike-sharing,regression,tabpfn_2_6,0,Raw+GramAnchor@1,hybrid_prediction_mixture,orthogonal_all__m1,1,False,validation,51.67482305829991,0.0,0.0,True
bike-sharing,regression,tabpfn_2_6,0,Raw+GramAnchor@1,hybrid_prediction_mixture,orthogonal_all__m1,1,False,test,53.041380161245854,0.0,0.0,True
bike-sharing,regression,tabpfn_2_6,0,Raw+GramAnchor@1,hybrid_prediction_mixture,orthogonal_all__m2,2,False,validation,51.67482305829991,0.0,0.0,True
bike-sharing,regression,tabpfn_2_6,0,Raw+GramAnchor@1,hybrid_prediction_mixture,orthogonal_all__m2,2,False,test,53.041380161245854,0.0,0.0,True
bike-sharing,regression,tabpfn_2_6,0,Raw+GramAnchor@1,hybrid_prediction_mixture,orthogonal_all__m3,3,False,validation,51.67482305829991,0.0,0.0,True
bike-sharing,regression,tabpfn_2_6,0,Raw+GramAnchor@1,hybrid_prediction_mixture,orthogonal_all__m3,3,False,test,53.041380161245854,0.0,0.0,True
bike-sharing,regression,tabpfn_2_6,0,Raw+GramAnchor@1,hybrid_prediction_mixture,orthogonal_all__m4,4,False,validation,51.67482305829991,0.0,0.0,True
bike-sharing,regression,tabpfn_2_6,0,Raw+GramAnchor@1,hybrid_prediction_mixture,orthogonal_all__m4,4,False,test,53.041380161245854,0.0,0.0,True
bike-sharing,regression,tabpfn_2_6,0,Raw+GramAnchor@1,hybrid_prediction_mixture,orthogonal_all__m5,5,False,validation,51.67482305829991,0.0,0.0,True
bike-sharing,regression,tabpfn_2_6,0,Raw+GramAnchor@1,hybrid_prediction_mixture,orthogonal_all__m5,5,False,test,53.041380161245854,0.0,0.0,True
bike-sharing,regression,tabpfn_2_6,0,Raw+GramAnchor@1,hybrid_prediction_mixture,orthogonal_all__m6,6,False,validation,51.67482305829991,0.0,0.0,True
bike-sharing,regression,tabpfn_2_6,0,Raw+GramAnchor@1,hybrid_prediction_mixture,orthogonal_all__m6,6,False,test,53.041380161245854,0.0,0.0,True
bike-sharing,regression,tabpfn_2_6,0,Raw+GramAnchor@1,hybrid_prediction_mixture,orthogonal_all__m7,7,False,validation,51.67482305829991,0.0,0.0,True
bike-sharing,regression,tabpfn_2_6,0,Raw+GramAnchor@1,hybrid_prediction_mixture,orthogonal_all__m7,7,False,test,53.041380161245854,0.0,0.0,True
bike-sharing,regression,tabpfn_2_6,0,Raw+GramAnchor-m8@0.25,hybrid_prediction_mixture,rbf_reference,-1,True,validation,49.83534424577769,0.0,0.0,False
bike-sharing,regression,tabpfn_2_6,0,Raw+GramAnchor-m8@0.25,hybrid_prediction_mixture,rbf_reference,-1,True,test,52.819426064091445,0.0,0.0,False
bike-sharing,regression,tabpfn_2_6,0,Raw+GramAnchor-m8@0.25,hybrid_prediction_mixture,orthogonal_all__m0,0,False,validation,48.381835961640625,0.049642220875332654,0.0,True
bike-sharing,regression,tabpfn_2_6,0,Raw+GramAnchor-m8@0.25,hybrid_prediction_mixture,orthogonal_all__m0,0,False,test,53.411725345674,0.05342309489913191,0.0,True
bike-sharing,regression,tabpfn_2_6,0,Raw+GramAnchor-m8@0.25,hybrid_prediction_mixture,orthogonal_all__m1,1,False,validation,50.56671312025914,0.05984464455356005,0.0,True
bike-sharing,regression,tabpfn_2_6,0,Raw+GramAnchor-m8@0.25,hybrid_prediction_mixture,orthogonal_all__m1,1,False,test,55.793518134917214,0.06467491605540845,0.0,True
bike-sharing,regression,tabpfn_2_6,0,Raw+GramAnchor-m8@0.25,hybrid_prediction_mixture,orthogonal_all__m2,2,False,validation,50.62556121275625,0.05158471091204281,0.0,True
bike-sharing,regression,tabpfn_2_6,0,Raw+GramAnchor-m8@0.25,hybrid_prediction_mixture,orthogonal_all__m2,2,False,test,54.96883172068261,0.053588607586738904,0.0,True
bike-sharing,regression,tabpfn_2_6,0,Raw+GramAnchor-m8@0.25,hybrid_prediction_mixture,orthogonal_all__m3,3,False,validation,50.81246756124196,0.05252049363113918,0.0,True
bike-sharing,regression,tabpfn_2_6,0,Raw+GramAnchor-m8@0.25,hybrid_prediction_mixture,orthogonal_all__m3,3,False,test,54.39642128557943,0.05249093273061136,0.0,True
bike-sharing,regression,tabpfn_2_6,0,Raw+GramAnchor-m8@0.25,hybrid_prediction_mixture,orthogonal_all__m4,4,False,validation,49.91142026177709,0.048475661469637166,0.0,True
bike-sharing,regression,tabpfn_2_6,0,Raw+GramAnchor-m8@0.25,hybrid_prediction_mixture,orthogonal_all__m4,4,False,test,53.30700802349072,0.05835769007956355,0.0,True
bike-sharing,regression,tabpfn_2_6,0,Raw+GramAnchor-m8@0.25,hybrid_prediction_mixture,orthogonal_all__m5,5,False,validation,49.60410042559544,0.05702529217987038,0.0,True
bike-sharing,regression,tabpfn_2_6,0,Raw+GramAnchor-m8@0.25,hybrid_prediction_mixture,orthogonal_all__m5,5,False,test,54.076104830733826,0.06405157737493362,0.0,True
bike-sharing,regression,tabpfn_2_6,0,Raw+GramAnchor-m8@0.25,hybrid_prediction_mixture,orthogonal_all__m6,6,False,validation,48.9860013856031,0.05167204117750405,0.0,True
bike-sharing,regression,tabpfn_2_6,0,Raw+GramAnchor-m8@0.25,hybrid_prediction_mixture,orthogonal_all__m6,6,False,test,53.556107802995086,0.053357995724430084,0.0,True
bike-sharing,regression,tabpfn_2_6,0,Raw+GramAnchor-m8@0.25,hybrid_prediction_mixture,orthogonal_all__m7,7,False,validation,51.07496822493547,0.06066497218790105,0.0,True
bike-sharing,regression,tabpfn_2_6,0,Raw+GramAnchor-m8@0.25,hybrid_prediction_mixture,orthogonal_all__m7,7,False,test,54.71956832677549,0.05597652112530873,0.0,True
bike-sharing,regression,tabpfn_2_6,0,Raw+GramAnchor-m8@0.5,hybrid_prediction_mixture,rbf_reference,-1,True,validation,49.983413345012366,0.0,0.0,False
bike-sharing,regression,tabpfn_2_6,0,Raw+GramAnchor-m8@0.5,hybrid_prediction_mixture,rbf_reference,-1,True,test,51.98597047714911,0.0,0.0,False
bike-sharing,regression,tabpfn_2_6,0,Raw+GramAnchor-m8@0.5,hybrid_prediction_mixture,orthogonal_all__m0,0,False,validation,48.95188683391456,0.03309481391688844,0.0,True
bike-sharing,regression,tabpfn_2_6,0,Raw+GramAnchor-m8@0.5,hybrid_prediction_mixture,orthogonal_all__m0,0,False,test,52.35951864244498,0.03561539659942127,0.0,True
bike-sharing,regression,tabpfn_2_6,0,Raw+GramAnchor-m8@0.5,hybrid_prediction_mixture,orthogonal_all__m1,1,False,validation,50.304602852264075,0.03989642970237337,0.0,True
bike-sharing,regression,tabpfn_2_6,0,Raw+GramAnchor-m8@0.5,hybrid_prediction_mixture,orthogonal_all__m1,1,False,test,53.85839905889437,0.04311661070360564,0.0,True
bike-sharing,regression,tabpfn_2_6,0,Raw+GramAnchor-m8@0.5,hybrid_prediction_mixture,orthogonal_all__m2,2,False,validation,50.43093646791088,0.03438980727469521,0.0,True
bike-sharing,regression,tabpfn_2_6,0,Raw+GramAnchor-m8@0.5,hybrid_prediction_mixture,orthogonal_all__m2,2,False,test,53.386242537891825,0.03572573839115927,0.0,True
bike-sharing,regression,tabpfn_2_6,0,Raw+GramAnchor-m8@0.5,hybrid_prediction_mixture,orthogonal_all__m3,3,False,validation,50.531206768914515,0.03501366242075945,0.0,True
bike-sharing,regression,tabpfn_2_6,0,Raw+GramAnchor-m8@0.5,hybrid_prediction_mixture,orthogonal_all__m3,3,False,test,53.00126297470817,0.03499395515374091,0.0,True
bike-sharing,regression,tabpfn_2_6,0,Raw+GramAnchor-m8@0.5,hybrid_prediction_mixture,orthogonal_all__m4,4,False,validation,50.010985680344,0.03231710764642477,0.0,True
bike-sharing,regression,tabpfn_2_6,0,Raw+GramAnchor-m8@0.5,hybrid_prediction_mixture,orthogonal_all__m4,4,False,test,52.23439929252764,0.03890512671970903,0.0,True
bike-sharing,regression,tabpfn_2_6,0,Raw+GramAnchor-m8@0.5,hybrid_prediction_mixture,orthogonal_all__m5,5,False,validation,49.72742047154254,0.038016861453246925,0.0,True
bike-sharing,regression,tabpfn_2_6,0,Raw+GramAnchor-m8@0.5,hybrid_prediction_mixture,orthogonal_all__m5,5,False,test,52.70348134064153,0.04270105158328909,0.0,True
bike-sharing,regression,tabpfn_2_6,0,Raw+GramAnchor-m8@0.5,hybrid_prediction_mixture,orthogonal_all__m6,6,False,validation,49.29141821816509,0.03444802745166937,0.0,True
bike-sharing,regression,tabpfn_2_6,0,Raw+GramAnchor-m8@0.5,hybrid_prediction_mixture,orthogonal_all__m6,6,False,test,52.38083578038921,0.035571997149620053,0.0,True
bike-sharing,regression,tabpfn_2_6,0,Raw+GramAnchor-m8@0.5,hybrid_prediction_mixture,orthogonal_all__m7,7,False,validation,50.7163737409187,0.04044331479193403,0.0,True
bike-sharing,regression,tabpfn_2_6,0,Raw+GramAnchor-m8@0.5,hybrid_prediction_mixture,orthogonal_all__m7,7,False,test,53.18251584162905,0.03731768075020582,0.0,True
bike-sharing,regression,tabpfn_2_6,0,Raw+GramAnchor-m8@0.75,hybrid_prediction_mixture,rbf_reference,-1,True,validation,50.37315484427354,0.0,0.0,False
bike-sharing,regression,tabpfn_2_6,0,Raw+GramAnchor-m8@0.75,hybrid_prediction_mixture,rbf_reference,-1,True,test,51.41633813427412,0.0,0.0,False
bike-sharing,regression,tabpfn_2_6,0,Raw+GramAnchor-m8@0.75,hybrid_prediction_mixture,orthogonal_all__m0,0,False,validation,49.82957795298422,0.01654740695844422,0.0,True
bike-sharing,regression,tabpfn_2_6,0,Raw+GramAnchor-m8@0.75,hybrid_prediction_mixture,orthogonal_all__m0,0,False,test,51.59112664275035,0.017807698299710635,0.0,True
bike-sharing,regression,tabpfn_2_6,0,Raw+GramAnchor-m8@0.75,hybrid_prediction_mixture,orthogonal_all__m1,1,False,validation,50.44986826121229,0.019948214851186686,0.0,True
bike-sharing,regression,tabpfn_2_6,0,Raw+GramAnchor-m8@0.75,hybrid_prediction_mixture,orthogonal_all__m1,1,False,test,52.28910866037977,0.02155830535180282,0.0,True
bike-sharing,regression,tabpfn_2_6,0,Raw+GramAnchor-m8@0.75,hybrid_prediction_mixture,orthogonal_all__m2,2,False,validation,50.55621130688898,0.017194903637347606,0.0,True
bike-sharing,regression,tabpfn_2_6,0,Raw+GramAnchor-m8@0.75,hybrid_prediction_mixture,orthogonal_all__m2,2,False,test,52.09570707844076,0.017862869195579636,0.0,True
bike-sharing,regression,tabpfn_2_6,0,Raw+GramAnchor-m8@0.75,hybrid_prediction_mixture,orthogonal_all__m3,3,False,validation,50.593815850825344,0.017506831210379725,0.0,True
bike-sharing,regression,tabpfn_2_6,0,Raw+GramAnchor-m8@0.75,hybrid_prediction_mixture,orthogonal_all__m3,3,False,test,51.9025331875856,0.017496977576870455,0.0,True
bike-sharing,regression,tabpfn_2_6,0,Raw+GramAnchor-m8@0.75,hybrid_prediction_mixture,orthogonal_all__m4,4,False,validation,50.37541426710241,0.016158553823212383,0.0,True
bike-sharing,regression,tabpfn_2_6,0,Raw+GramAnchor-m8@0.75,hybrid_prediction_mixture,orthogonal_all__m4,4,False,test,51.50031771985532,0.019452563359854513,0.0,True
bike-sharing,regression,tabpfn_2_6,0,Raw+GramAnchor-m8@0.75,hybrid_prediction_mixture,orthogonal_all__m5,5,False,validation,50.19556140856737,0.019008430726623463,0.0,True
bike-sharing,regression,tabpfn_2_6,0,Raw+GramAnchor-m8@0.75,hybrid_prediction_mixture,orthogonal_all__m5,5,False,test,51.71051986590521,0.021350525791644544,0.0,True
bike-sharing,regression,tabpfn_2_6,0,Raw+GramAnchor-m8@0.75,hybrid_prediction_mixture,orthogonal_all__m6,6,False,validation,49.96733697213087,0.017224013725834684,0.0,True
bike-sharing,regression,tabpfn_2_6,0,Raw+GramAnchor-m8@0.75,hybrid_prediction_mixture,orthogonal_all__m6,6,False,test,51.56286473794642,0.017785998574810027,0.0,True
bike-sharing,regression,tabpfn_2_6,0,Raw+GramAnchor-m8@0.75,hybrid_prediction_mixture,orthogonal_all__m7,7,False,validation,50.690894025268626,0.020221657395967017,0.0,True
bike-sharing,regression,tabpfn_2_6,0,Raw+GramAnchor-m8@0.75,hybrid_prediction_mixture,orthogonal_all__m7,7,False,test,51.97466269785603,0.01865884037510291,0.0,True
bike-sharing,regression,tabpfn_2_6,0,Raw+GramAnchor-m8@1,hybrid_prediction_mixture,rbf_reference,-1,True,validation,50.999028364622475,0.0,0.0,False
bike-sharing,regression,tabpfn_2_6,0,Raw+GramAnchor-m8@1,hybrid_prediction_mixture,rbf_reference,-1,True,test,51.11934928968676,0.0,0.0,False
bike-sharing,regression,tabpfn_2_6,0,Raw+GramAnchor-m8@1,hybrid_prediction_mixture,orthogonal_all__m0,0,False,validation,50.999028364622475,0.0,0.0,True
bike-sharing,regression,tabpfn_2_6,0,Raw+GramAnchor-m8@1,hybrid_prediction_mixture,orthogonal_all__m0,0,False,test,51.11934928968676,0.0,0.0,True
bike-sharing,regression,tabpfn_2_6,0,Raw+GramAnchor-m8@1,hybrid_prediction_mixture,orthogonal_all__m1,1,False,validation,50.999028364622475,0.0,0.0,True
bike-sharing,regression,tabpfn_2_6,0,Raw+GramAnchor-m8@1,hybrid_prediction_mixture,orthogonal_all__m1,1,False,test,51.11934928968676,0.0,0.0,True
bike-sharing,regression,tabpfn_2_6,0,Raw+GramAnchor-m8@1,hybrid_prediction_mixture,orthogonal_all__m2,2,False,validation,50.999028364622475,0.0,0.0,True
bike-sharing,regression,tabpfn_2_6,0,Raw+GramAnchor-m8@1,hybrid_prediction_mixture,orthogonal_all__m2,2,False,test,51.11934928968676,0.0,0.0,True
bike-sharing,regression,tabpfn_2_6,0,Raw+GramAnchor-m8@1,hybrid_prediction_mixture,orthogonal_all__m3,3,False,validation,50.999028364622475,0.0,0.0,True
bike-sharing,regression,tabpfn_2_6,0,Raw+GramAnchor-m8@1,hybrid_prediction_mixture,orthogonal_all__m3,3,False,test,51.11934928968676,0.0,0.0,True
bike-sharing,regression,tabpfn_2_6,0,Raw+GramAnchor-m8@1,hybrid_prediction_mixture,orthogonal_all__m4,4,False,validation,50.999028364622475,0.0,0.0,True
bike-sharing,regression,tabpfn_2_6,0,Raw+GramAnchor-m8@1,hybrid_prediction_mixture,orthogonal_all__m4,4,False,test,51.11934928968676,0.0,0.0,True
bike-sharing,regression,tabpfn_2_6,0,Raw+GramAnchor-m8@1,hybrid_prediction_mixture,orthogonal_all__m5,5,False,validation,50.999028364622475,0.0,0.0,True
bike-sharing,regression,tabpfn_2_6,0,Raw+GramAnchor-m8@1,hybrid_prediction_mixture,orthogonal_all__m5,5,False,test,51.11934928968676,0.0,0.0,True
bike-sharing,regression,tabpfn_2_6,0,Raw+GramAnchor-m8@1,hybrid_prediction_mixture,orthogonal_all__m6,6,False,validation,50.999028364622475,0.0,0.0,True
bike-sharing,regression,tabpfn_2_6,0,Raw+GramAnchor-m8@1,hybrid_prediction_mixture,orthogonal_all__m6,6,False,test,51.11934928968676,0.0,0.0,True
bike-sharing,regression,tabpfn_2_6,0,Raw+GramAnchor-m8@1,hybrid_prediction_mixture,orthogonal_all__m7,7,False,validation,50.999028364622475,0.0,0.0,True
bike-sharing,regression,tabpfn_2_6,0,Raw+GramAnchor-m8@1,hybrid_prediction_mixture,orthogonal_all__m7,7,False,test,51.11934928968676,0.0,0.0,True
bike-sharing,regression,tabpfn_2_6,0,Raw+GramDistance@0.25,hybrid_prediction_mixture,rbf_reference,-1,True,validation,50.68732393626702,0.0,0.0,False
bike-sharing,regression,tabpfn_2_6,0,Raw+GramDistance@0.25,hybrid_prediction_mixture,rbf_reference,-1,True,test,53.709469614241414,0.0,0.0,False
bike-sharing,regression,tabpfn_2_6,0,Raw+GramDistance@0.25,hybrid_prediction_mixture,orthogonal_all__m0,0,False,validation,49.21293251024746,0.049642220875332654,0.0,True
bike-sharing,regression,tabpfn_2_6,0,Raw+GramDistance@0.25,hybrid_prediction_mixture,orthogonal_all__m0,0,False,test,54.27077932569141,0.05342309489913191,0.0,True
bike-sharing,regression,tabpfn_2_6,0,Raw+GramDistance@0.25,hybrid_prediction_mixture,orthogonal_all__m1,1,False,validation,51.395680001764774,0.05984464455356005,0.0,True
bike-sharing,regression,tabpfn_2_6,0,Raw+GramDistance@0.25,hybrid_prediction_mixture,orthogonal_all__m1,1,False,test,56.64635426236841,0.06467491605540845,0.0,True
bike-sharing,regression,tabpfn_2_6,0,Raw+GramDistance@0.25,hybrid_prediction_mixture,orthogonal_all__m2,2,False,validation,51.43512910860555,0.05158471091204281,0.0,True
bike-sharing,regression,tabpfn_2_6,0,Raw+GramDistance@0.25,hybrid_prediction_mixture,orthogonal_all__m2,2,False,test,55.828819663188234,0.053588607586738904,0.0,True
bike-sharing,regression,tabpfn_2_6,0,Raw+GramDistance@0.25,hybrid_prediction_mixture,orthogonal_all__m3,3,False,validation,51.70346127528914,0.05252049363113918,0.0,True
bike-sharing,regression,tabpfn_2_6,0,Raw+GramDistance@0.25,hybrid_prediction_mixture,orthogonal_all__m3,3,False,test,55.237416519988486,0.05249093273061136,0.0,True
bike-sharing,regression,tabpfn_2_6,0,Raw+GramDistance@0.25,hybrid_prediction_mixture,orthogonal_all__m4,4,False,validation,50.7858929943834,0.048475661469637166,0.0,True
bike-sharing,regression,tabpfn_2_6,0,Raw+GramDistance@0.25,hybrid_prediction_mixture,orthogonal_all__m4,4,False,test,54.15497803830722,0.05835769007956355,0.0,True
bike-sharing,regression,tabpfn_2_6,0,Raw+GramDistance@0.25,hybrid_prediction_mixture,orthogonal_all__m5,5,False,validation,50.48287729019833,0.05702529217987038,0.0,True
bike-sharing,regression,tabpfn_2_6,0,Raw+GramDistance@0.25,hybrid_prediction_mixture,orthogonal_all__m5,5,False,test,54.878606458804036,0.06405157737493362,0.0,True
bike-sharing,regression,tabpfn_2_6,0,Raw+GramDistance@0.25,hybrid_prediction_mixture,orthogonal_all__m6,6,False,validation,49.79854149167511,0.05167204117750405,0.0,True
bike-sharing,regression,tabpfn_2_6,0,Raw+GramDistance@0.25,hybrid_prediction_mixture,orthogonal_all__m6,6,False,test,54.46426482862778,0.053357995724430084,0.0,True
bike-sharing,regression,tabpfn_2_6,0,Raw+GramDistance@0.25,hybrid_prediction_mixture,orthogonal_all__m7,7,False,validation,51.918123798392735,0.06066497218790105,0.0,True
bike-sharing,regression,tabpfn_2_6,0,Raw+GramDistance@0.25,hybrid_prediction_mixture,orthogonal_all__m7,7,False,test,55.59780917957769,0.05597652112530873,0.0,True
bike-sharing,regression,tabpfn_2_6,0,Raw+GramDistance@0.5,hybrid_prediction_mixture,rbf_reference,-1,True,validation,51.75781104088019,0.0,0.0,False
bike-sharing,regression,tabpfn_2_6,0,Raw+GramDistance@0.5,hybrid_prediction_mixture,rbf_reference,-1,True,test,53.74944050290436,0.0,0.0,False
bike-sharing,regression,tabpfn_2_6,0,Raw+GramDistance@0.5,hybrid_prediction_mixture,orthogonal_all__m0,0,False,validation,50.702792395925975,0.03309481391688844,0.0,True
bike-sharing,regression,tabpfn_2_6,0,Raw+GramDistance@0.5,hybrid_prediction_mixture,orthogonal_all__m0,0,False,test,54.08234515388136,0.03561539659942127,0.0,True
bike-sharing,regression,tabpfn_2_6,0,Raw+GramDistance@0.5,hybrid_prediction_mixture,orthogonal_all__m1,1,False,validation,52.0537161275946,0.03989642970237337,0.0,True
bike-sharing,regression,tabpfn_2_6,0,Raw+GramDistance@0.5,hybrid_prediction_mixture,orthogonal_all__m1,1,False,test,55.57539877411975,0.04311661070360564,0.0,True
bike-sharing,regression,tabpfn_2_6,0,Raw+GramDistance@0.5,hybrid_prediction_mixture,orthogonal_all__m2,2,False,validation,52.151552830242295,0.03438980727469521,0.0,True
bike-sharing,regression,tabpfn_2_6,0,Raw+GramDistance@0.5,hybrid_prediction_mixture,orthogonal_all__m2,2,False,test,55.11059641513728,0.03572573839115927,0.0,True
bike-sharing,regression,tabpfn_2_6,0,Raw+GramDistance@0.5,hybrid_prediction_mixture,orthogonal_all__m3,3,False,validation,52.35961503797976,0.03501366242075945,0.0,True
bike-sharing,regression,tabpfn_2_6,0,Raw+GramDistance@0.5,hybrid_prediction_mixture,orthogonal_all__m3,3,False,test,54.70018290341347,0.03499395515374091,0.0,True
bike-sharing,regression,tabpfn_2_6,0,Raw+GramDistance@0.5,hybrid_prediction_mixture,orthogonal_all__m4,4,False,validation,51.81550405168752,0.03231710764642477,0.0,True
bike-sharing,regression,tabpfn_2_6,0,Raw+GramDistance@0.5,hybrid_prediction_mixture,orthogonal_all__m4,4,False,test,53.944161975651845,0.03890512671970903,0.0,True
bike-sharing,regression,tabpfn_2_6,0,Raw+GramDistance@0.5,hybrid_prediction_mixture,orthogonal_all__m5,5,False,validation,51.54053620725834,0.038016861453246925,0.0,True
bike-sharing,regression,tabpfn_2_6,0,Raw+GramDistance@0.5,hybrid_prediction_mixture,orthogonal_all__m5,5,False,test,54.35328394498797,0.04270105158328909,0.0,True
bike-sharing,regression,tabpfn_2_6,0,Raw+GramDistance@0.5,hybrid_prediction_mixture,orthogonal_all__m6,6,False,validation,51.019644703914416,0.03444802745166937,0.0,True
bike-sharing,regression,tabpfn_2_6,0,Raw+GramDistance@0.5,hybrid_prediction_mixture,orthogonal_all__m6,6,False,test,54.17187452969822,0.035571997149620053,0.0,True
bike-sharing,regression,tabpfn_2_6,0,Raw+GramDistance@0.5,hybrid_prediction_mixture,orthogonal_all__m7,7,False,validation,52.48118262777498,0.04044331479193403,0.0,True
bike-sharing,regression,tabpfn_2_6,0,Raw+GramDistance@0.5,hybrid_prediction_mixture,orthogonal_all__m7,7,False,test,54.93269561410586,0.03731768075020582,0.0,True
bike-sharing,regression,tabpfn_2_6,0,Raw+GramDistance@0.75,hybrid_prediction_mixture,rbf_reference,-1,True,validation,53.12356441510454,0.0,0.0,False
bike-sharing,regression,tabpfn_2_6,0,Raw+GramDistance@0.75,hybrid_prediction_mixture,rbf_reference,-1,True,test,54.02385992690105,0.0,0.0,False
bike-sharing,regression,tabpfn_2_6,0,Raw+GramDistance@0.75,hybrid_prediction_mixture,orthogonal_all__m0,0,False,validation,52.5653175552788,0.01654740695844422,0.0,True
bike-sharing,regression,tabpfn_2_6,0,Raw+GramDistance@0.75,hybrid_prediction_mixture,orthogonal_all__m0,0,False,test,54.16891811957112,0.017807698299710635,0.0,True
bike-sharing,regression,tabpfn_2_6,0,Raw+GramDistance@0.75,hybrid_prediction_mixture,orthogonal_all__m1,1,False,validation,53.18578522600369,0.019948214851186686,0.0,True
bike-sharing,regression,tabpfn_2_6,0,Raw+GramDistance@0.75,hybrid_prediction_mixture,orthogonal_all__m1,1,False,test,54.86497906318498,0.02155830535180282,0.0,True
bike-sharing,regression,tabpfn_2_6,0,Raw+GramDistance@0.75,hybrid_prediction_mixture,orthogonal_all__m2,2,False,validation,53.268852582864056,0.017194903637347606,0.0,True
bike-sharing,regression,tabpfn_2_6,0,Raw+GramDistance@0.75,hybrid_prediction_mixture,orthogonal_all__m2,2,False,test,54.675127782302326,0.017862869195579636,0.0,True
bike-sharing,regression,tabpfn_2_6,0,Raw+GramDistance@0.75,hybrid_prediction_mixture,orthogonal_all__m3,3,False,validation,53.3862374213241,0.017506831210379725,0.0,True
bike-sharing,regression,tabpfn_2_6,0,Raw+GramDistance@0.75,hybrid_prediction_mixture,orthogonal_all__m3,3,False,test,54.46280147195146,0.017496977576870455,0.0,True
bike-sharing,regression,tabpfn_2_6,0,Raw+GramDistance@0.75,hybrid_prediction_mixture,orthogonal_all__m4,4,False,validation,53.14841966368441,0.016158553823212383,0.0,True
bike-sharing,regression,tabpfn_2_6,0,Raw+GramDistance@0.75,hybrid_prediction_mixture,orthogonal_all__m4,4,False,test,54.06967287601611,0.019452563359854513,0.0,True
bike-sharing,regression,tabpfn_2_6,0,Raw+GramDistance@0.75,hybrid_prediction_mixture,orthogonal_all__m5,5,False,validation,52.977010118178846,0.019008430726623463,0.0,True
bike-sharing,regression,tabpfn_2_6,0,Raw+GramDistance@0.75,hybrid_prediction_mixture,orthogonal_all__m5,5,False,test,54.2359332523952,0.021350525791644544,0.0,True
bike-sharing,regression,tabpfn_2_6,0,Raw+GramDistance@0.75,hybrid_prediction_mixture,orthogonal_all__m6,6,False,validation,52.68791381816096,0.017224013725834684,0.0,True
bike-sharing,regression,tabpfn_2_6,0,Raw+GramDistance@0.75,hybrid_prediction_mixture,orthogonal_all__m6,6,False,test,54.193641122007506,0.017785998574810027,0.0,True
bike-sharing,regression,tabpfn_2_6,0,Raw+GramDistance@0.75,hybrid_prediction_mixture,orthogonal_all__m7,7,False,validation,53.43613975694523,0.020221657395967017,0.0,True
bike-sharing,regression,tabpfn_2_6,0,Raw+GramDistance@0.75,hybrid_prediction_mixture,orthogonal_all__m7,7,False,test,54.574472494164375,0.01865884037510291,0.0,True
bike-sharing,regression,tabpfn_2_6,0,Raw+GramDistance@1,hybrid_prediction_mixture,rbf_reference,-1,True,validation,54.762497067673706,0.0,0.0,False
bike-sharing,regression,tabpfn_2_6,0,Raw+GramDistance@1,hybrid_prediction_mixture,rbf_reference,-1,True,test,54.52918839778958,0.0,0.0,False
bike-sharing,regression,tabpfn_2_6,0,Raw+GramDistance@1,hybrid_prediction_mixture,orthogonal_all__m0,0,False,validation,54.762497067673706,0.0,0.0,True
bike-sharing,regression,tabpfn_2_6,0,Raw+GramDistance@1,hybrid_prediction_mixture,orthogonal_all__m0,0,False,test,54.52918839778958,0.0,0.0,True
bike-sharing,regression,tabpfn_2_6,0,Raw+GramDistance@1,hybrid_prediction_mixture,orthogonal_all__m1,1,False,validation,54.762497067673706,0.0,0.0,True
bike-sharing,regression,tabpfn_2_6,0,Raw+GramDistance@1,hybrid_prediction_mixture,orthogonal_all__m1,1,False,test,54.52918839778958,0.0,0.0,True
bike-sharing,regression,tabpfn_2_6,0,Raw+GramDistance@1,hybrid_prediction_mixture,orthogonal_all__m2,2,False,validation,54.762497067673706,0.0,0.0,True
bike-sharing,regression,tabpfn_2_6,0,Raw+GramDistance@1,hybrid_prediction_mixture,orthogonal_all__m2,2,False,test,54.52918839778958,0.0,0.0,True
bike-sharing,regression,tabpfn_2_6,0,Raw+GramDistance@1,hybrid_prediction_mixture,orthogonal_all__m3,3,False,validation,54.762497067673706,0.0,0.0,True
bike-sharing,regression,tabpfn_2_6,0,Raw+GramDistance@1,hybrid_prediction_mixture,orthogonal_all__m3,3,False,test,54.52918839778958,0.0,0.0,True
bike-sharing,regression,tabpfn_2_6,0,Raw+GramDistance@1,hybrid_prediction_mixture,orthogonal_all__m4,4,False,validation,54.762497067673706,0.0,0.0,True
bike-sharing,regression,tabpfn_2_6,0,Raw+GramDistance@1,hybrid_prediction_mixture,orthogonal_all__m4,4,False,test,54.52918839778958,0.0,0.0,True
bike-sharing,regression,tabpfn_2_6,0,Raw+GramDistance@1,hybrid_prediction_mixture,orthogonal_all__m5,5,False,validation,54.762497067673706,0.0,0.0,True
bike-sharing,regression,tabpfn_2_6,0,Raw+GramDistance@1,hybrid_prediction_mixture,orthogonal_all__m5,5,False,test,54.52918839778958,0.0,0.0,True
bike-sharing,regression,tabpfn_2_6,0,Raw+GramDistance@1,hybrid_prediction_mixture,orthogonal_all__m6,6,False,validation,54.762497067673706,0.0,0.0,True
bike-sharing,regression,tabpfn_2_6,0,Raw+GramDistance@1,hybrid_prediction_mixture,orthogonal_all__m6,6,False,test,54.52918839778958,0.0,0.0,True
bike-sharing,regression,tabpfn_2_6,0,Raw+GramDistance@1,hybrid_prediction_mixture,orthogonal_all__m7,7,False,validation,54.762497067673706,0.0,0.0,True
bike-sharing,regression,tabpfn_2_6,0,Raw+GramDistance@1,hybrid_prediction_mixture,orthogonal_all__m7,7,False,test,54.52918839778958,0.0,0.0,True
bike-sharing,regression,tabpfn_2_6,0,Raw+NystromGram@0.25,hybrid_prediction_mixture,rbf_reference,-1,True,validation,49.41487901735461,0.0,0.0,False
bike-sharing,regression,tabpfn_2_6,0,Raw+NystromGram@0.25,hybrid_prediction_mixture,rbf_reference,-1,True,test,53.71136105933668,0.0,0.0,False
bike-sharing,regression,tabpfn_2_6,0,Raw+NystromGram@0.25,hybrid_prediction_mixture,orthogonal_all__m0,0,False,validation,48.01414526534699,0.049642220875332654,0.0,True
bike-sharing,regression,tabpfn_2_6,0,Raw+NystromGram@0.25,hybrid_prediction_mixture,orthogonal_all__m0,0,False,test,54.39532089997122,0.05342309489913191,0.0,True
bike-sharing,regression,tabpfn_2_6,0,Raw+NystromGram@0.25,hybrid_prediction_mixture,orthogonal_all__m1,1,False,validation,50.320515295657124,0.05984464455356005,0.0,True
bike-sharing,regression,tabpfn_2_6,0,Raw+NystromGram@0.25,hybrid_prediction_mixture,orthogonal_all__m1,1,False,test,56.82975356744851,0.06467491605540845,0.0,True
bike-sharing,regression,tabpfn_2_6,0,Raw+NystromGram@0.25,hybrid_prediction_mixture,orthogonal_all__m2,2,False,validation,50.39645639559265,0.05158471091204281,0.0,True
bike-sharing,regression,tabpfn_2_6,0,Raw+NystromGram@0.25,hybrid_prediction_mixture,orthogonal_all__m2,2,False,test,55.966298864812025,0.053588607586738904,0.0,True
bike-sharing,regression,tabpfn_2_6,0,Raw+NystromGram@0.25,hybrid_prediction_mixture,orthogonal_all__m3,3,False,validation,50.521419746443534,0.05252049363113918,0.0,True
bike-sharing,regression,tabpfn_2_6,0,Raw+NystromGram@0.25,hybrid_prediction_mixture,orthogonal_all__m3,3,False,test,55.370172895700684,0.05249093273061136,0.0,True
bike-sharing,regression,tabpfn_2_6,0,Raw+NystromGram@0.25,hybrid_prediction_mixture,orthogonal_all__m4,4,False,validation,49.557632381506814,0.048475661469637166,0.0,True
bike-sharing,regression,tabpfn_2_6,0,Raw+NystromGram@0.25,hybrid_prediction_mixture,orthogonal_all__m4,4,False,test,54.25215757346725,0.05835769007956355,0.0,True
bike-sharing,regression,tabpfn_2_6,0,Raw+NystromGram@0.25,hybrid_prediction_mixture,orthogonal_all__m5,5,False,validation,49.24813462610715,0.057025292179870395,0.0,True
bike-sharing,regression,tabpfn_2_6,0,Raw+NystromGram@0.25,hybrid_prediction_mixture,orthogonal_all__m5,5,False,test,55.12789328475087,0.06405157737493362,0.0,True
bike-sharing,regression,tabpfn_2_6,0,Raw+NystromGram@0.25,hybrid_prediction_mixture,orthogonal_all__m6,6,False,validation,48.613837689267754,0.05167204117750405,0.0,True
bike-sharing,regression,tabpfn_2_6,0,Raw+NystromGram@0.25,hybrid_prediction_mixture,orthogonal_all__m6,6,False,test,54.50728442600604,0.053357995724430084,0.0,True
bike-sharing,regression,tabpfn_2_6,0,Raw+NystromGram@0.25,hybrid_prediction_mixture,orthogonal_all__m7,7,False,validation,50.796910926495165,0.06066497218790105,0.0,True
bike-sharing,regression,tabpfn_2_6,0,Raw+NystromGram@0.25,hybrid_prediction_mixture,orthogonal_all__m7,7,False,test,55.71823603993506,0.05597652112530873,0.0,True
bike-sharing,regression,tabpfn_2_6,0,Raw+NystromGram@0.5,hybrid_prediction_mixture,rbf_reference,-1,True,validation,49.152692039138785,0.0,0.0,False
bike-sharing,regression,tabpfn_2_6,0,Raw+NystromGram@0.5,hybrid_prediction_mixture,rbf_reference,-1,True,test,53.848191419598805,0.0,0.0,False
bike-sharing,regression,tabpfn_2_6,0,Raw+NystromGram@0.5,hybrid_prediction_mixture,orthogonal_all__m0,0,False,validation,48.19041294137858,0.03309481391688844,0.0,True
bike-sharing,regression,tabpfn_2_6,0,Raw+NystromGram@0.5,hybrid_prediction_mixture,orthogonal_all__m0,0,False,test,54.34426474722284,0.03561539659942127,0.0,True
bike-sharing,regression,tabpfn_2_6,0,Raw+NystromGram@0.5,hybrid_prediction_mixture,orthogonal_all__m1,1,False,validation,49.706364401745105,0.03989642970237337,0.0,True
bike-sharing,regression,tabpfn_2_6,0,Raw+NystromGram@0.5,hybrid_prediction_mixture,orthogonal_all__m1,1,False,test,55.91715293160734,0.04311661070360564,0.0,True
bike-sharing,regression,tabpfn_2_6,0,Raw+NystromGram@0.5,hybrid_prediction_mixture,orthogonal_all__m2,2,False,validation,49.856865732502776,0.03438980727469521,0.0,True
bike-sharing,regression,tabpfn_2_6,0,Raw+NystromGram@0.5,hybrid_prediction_mixture,orthogonal_all__m2,2,False,test,55.38975506416736,0.03572573839115927,0.0,True
bike-sharing,regression,tabpfn_2_6,0,Raw+NystromGram@0.5,hybrid_prediction_mixture,orthogonal_all__m3,3,False,validation,49.87350062279007,0.03501366242075945,0.0,True
bike-sharing,regression,tabpfn_2_6,0,Raw+NystromGram@0.5,hybrid_prediction_mixture,orthogonal_all__m3,3,False,test,54.973111159715415,0.03499395515374091,0.0,True
bike-sharing,regression,tabpfn_2_6,0,Raw+NystromGram@0.5,hybrid_prediction_mixture,orthogonal_all__m4,4,False,validation,49.269307320141856,0.03231710764642477,0.0,True
bike-sharing,regression,tabpfn_2_6,0,Raw+NystromGram@0.5,hybrid_prediction_mixture,orthogonal_all__m4,4,False,test,54.169859472771634,0.03890512671970903,0.0,True
bike-sharing,regression,tabpfn_2_6,0,Raw+NystromGram@0.5,hybrid_prediction_mixture,orthogonal_all__m5,5,False,validation,48.98148843234861,0.038016861453246925,0.0,True
bike-sharing,regression,tabpfn_2_6,0,Raw+NystromGram@0.5,hybrid_prediction_mixture,orthogonal_all__m5,5,False,test,54.78319232324848,0.04270105158328909,0.0,True
bike-sharing,regression,tabpfn_2_6,0,Raw+NystromGram@0.5,hybrid_prediction_mixture,orthogonal_all__m6,6,False,validation,48.523193453565725,0.03444802745166937,0.0,True
bike-sharing,regression,tabpfn_2_6,0,Raw+NystromGram@0.5,hybrid_prediction_mixture,orthogonal_all__m6,6,False,test,54.32492058846425,0.035571997149620053,0.0,True
bike-sharing,regression,tabpfn_2_6,0,Raw+NystromGram@0.5,hybrid_prediction_mixture,orthogonal_all__m7,7,False,validation,50.07663615126913,0.04044331479193403,0.0,True
bike-sharing,regression,tabpfn_2_6,0,Raw+NystromGram@0.5,hybrid_prediction_mixture,orthogonal_all__m7,7,False,test,55.18903357725767,0.03731768075020582,0.0,True
bike-sharing,regression,tabpfn_2_6,0,Raw+NystromGram@0.75,hybrid_prediction_mixture,rbf_reference,-1,True,validation,49.14860229527853,0.0,0.0,False
bike-sharing,regression,tabpfn_2_6,0,Raw+NystromGram@0.75,hybrid_prediction_mixture,rbf_reference,-1,True,test,54.31246628492394,0.0,0.0,False
bike-sharing,regression,tabpfn_2_6,0,Raw+NystromGram@0.75,hybrid_prediction_mixture,orthogonal_all__m0,0,False,validation,48.6559819541744,0.01654740695844422,0.0,True
bike-sharing,regression,tabpfn_2_6,0,Raw+NystromGram@0.75,hybrid_prediction_mixture,orthogonal_all__m0,0,False,test,54.57901161970616,0.017807698299710635,0.0,True
bike-sharing,regression,tabpfn_2_6,0,Raw+NystromGram@0.75,hybrid_prediction_mixture,orthogonal_all__m1,1,False,validation,49.39850845741421,0.019948214851186686,0.0,True
bike-sharing,regression,tabpfn_2_6,0,Raw+NystromGram@0.75,hybrid_prediction_mixture,orthogonal_all__m1,1,False,test,55.3357094367568,0.02155830535180282,0.0,True
bike-sharing,regression,tabpfn_2_6,0,Raw+NystromGram@0.75,hybrid_prediction_mixture,orthogonal_all__m2,2,False,validation,49.5242114247448,0.017194903637347606,0.0,True
bike-sharing,regression,tabpfn_2_6,0,Raw+NystromGram@0.75,hybrid_prediction_mixture,orthogonal_all__m2,2,False,test,55.09811678812645,0.017862869195579636,0.0,True
bike-sharing,regression,tabpfn_2_6,0,Raw+NystromGram@0.75,hybrid_prediction_mixture,orthogonal_all__m3,3,False,validation,49.49851353617568,0.017506831210379725,0.0,True
bike-sharing,regression,tabpfn_2_6,0,Raw+NystromGram@0.75,hybrid_prediction_mixture,orthogonal_all__m3,3,False,test,54.88118055232189,0.017496977576870455,0.0,True
bike-sharing,regression,tabpfn_2_6,0,Raw+NystromGram@0.75,hybrid_prediction_mixture,orthogonal_all__m4,4,False,validation,49.21740610500209,0.016158553823212383,0.0,True
bike-sharing,regression,tabpfn_2_6,0,Raw+NystromGram@0.75,hybrid_prediction_mixture,orthogonal_all__m4,4,False,test,54.45298753890774,0.019452563359854513,0.0,True
bike-sharing,regression,tabpfn_2_6,0,Raw+NystromGram@0.75,hybrid_prediction_mixture,orthogonal_all__m5,5,False,validation,49.03333576914329,0.019008430726623463,0.0,True
bike-sharing,regression,tabpfn_2_6,0,Raw+NystromGram@0.75,hybrid_prediction_mixture,orthogonal_all__m5,5,False,test,54.77246570001323,0.021350525791644544,0.0,True
bike-sharing,regression,tabpfn_2_6,0,Raw+NystromGram@0.75,hybrid_prediction_mixture,orthogonal_all__m6,6,False,validation,48.788044576764,0.017224013725834684,0.0,True
bike-sharing,regression,tabpfn_2_6,0,Raw+NystromGram@0.75,hybrid_prediction_mixture,orthogonal_all__m6,6,False,test,54.52249097557657,0.017785998574810027,0.0,True
bike-sharing,regression,tabpfn_2_6,0,Raw+NystromGram@0.75,hybrid_prediction_mixture,orthogonal_all__m7,7,False,validation,49.6094967116862,0.020221657395967017,0.0,True
bike-sharing,regression,tabpfn_2_6,0,Raw+NystromGram@0.75,hybrid_prediction_mixture,orthogonal_all__m7,7,False,test,54.98037706123664,0.01865884037510291,0.0,True
bike-sharing,regression,tabpfn_2_6,0,Raw+NystromGram@1,hybrid_prediction_mixture,rbf_reference,-1,True,validation,49.40267388466856,0.0,0.0,False
bike-sharing,regression,tabpfn_2_6,0,Raw+NystromGram@1,hybrid_prediction_mixture,rbf_reference,-1,True,test,55.095908479796975,0.0,0.0,False
bike-sharing,regression,tabpfn_2_6,0,Raw+NystromGram@1,hybrid_prediction_mixture,orthogonal_all__m0,0,False,validation,49.40267388466856,0.0,0.0,True
bike-sharing,regression,tabpfn_2_6,0,Raw+NystromGram@1,hybrid_prediction_mixture,orthogonal_all__m0,0,False,test,55.095908479796975,0.0,0.0,True
bike-sharing,regression,tabpfn_2_6,0,Raw+NystromGram@1,hybrid_prediction_mixture,orthogonal_all__m1,1,False,validation,49.40267388466856,0.0,0.0,True
bike-sharing,regression,tabpfn_2_6,0,Raw+NystromGram@1,hybrid_prediction_mixture,orthogonal_all__m1,1,False,test,55.095908479796975,0.0,0.0,True
bike-sharing,regression,tabpfn_2_6,0,Raw+NystromGram@1,hybrid_prediction_mixture,orthogonal_all__m2,2,False,validation,49.40267388466856,0.0,0.0,True
bike-sharing,regression,tabpfn_2_6,0,Raw+NystromGram@1,hybrid_prediction_mixture,orthogonal_all__m2,2,False,test,55.095908479796975,0.0,0.0,True
bike-sharing,regression,tabpfn_2_6,0,Raw+NystromGram@1,hybrid_prediction_mixture,orthogonal_all__m3,3,False,validation,49.40267388466856,0.0,0.0,True
bike-sharing,regression,tabpfn_2_6,0,Raw+NystromGram@1,hybrid_prediction_mixture,orthogonal_all__m3,3,False,test,55.095908479796975,0.0,0.0,True
bike-sharing,regression,tabpfn_2_6,0,Raw+NystromGram@1,hybrid_prediction_mixture,orthogonal_all__m4,4,False,validation,49.40267388466856,0.0,0.0,True
bike-sharing,regression,tabpfn_2_6,0,Raw+NystromGram@1,hybrid_prediction_mixture,orthogonal_all__m4,4,False,test,55.095908479796975,0.0,0.0,True
bike-sharing,regression,tabpfn_2_6,0,Raw+NystromGram@1,hybrid_prediction_mixture,orthogonal_all__m5,5,False,validation,49.40267388466856,0.0,0.0,True
bike-sharing,regression,tabpfn_2_6,0,Raw+NystromGram@1,hybrid_prediction_mixture,orthogonal_all__m5,5,False,test,55.095908479796975,0.0,0.0,True
bike-sharing,regression,tabpfn_2_6,0,Raw+NystromGram@1,hybrid_prediction_mixture,orthogonal_all__m6,6,False,validation,49.40267388466856,0.0,0.0,True
bike-sharing,regression,tabpfn_2_6,0,Raw+NystromGram@1,hybrid_prediction_mixture,orthogonal_all__m6,6,False,test,55.095908479796975,0.0,0.0,True
bike-sharing,regression,tabpfn_2_6,0,Raw+NystromGram@1,hybrid_prediction_mixture,orthogonal_all__m7,7,False,validation,49.40267388466856,0.0,0.0,True
bike-sharing,regression,tabpfn_2_6,0,Raw+NystromGram@1,hybrid_prediction_mixture,orthogonal_all__m7,7,False,test,55.095908479796975,0.0,0.0,True
bike-sharing,regression,tabpfn_2_6,0,Raw+HybridSpectral-t0.01@0.25,hybrid_prediction_mixture,rbf_reference,-1,True,validation,49.53506285914358,0.0,0.0,False
bike-sharing,regression,tabpfn_2_6,0,Raw+HybridSpectral-t0.01@0.25,hybrid_prediction_mixture,rbf_reference,-1,True,test,53.63703886333466,0.0,0.0,False
bike-sharing,regression,tabpfn_2_6,0,Raw+HybridSpectral-t0.01@0.25,hybrid_prediction_mixture,orthogonal_all__m0,0,False,validation,48.14661965991128,0.049642220875332654,0.0,True
bike-sharing,regression,tabpfn_2_6,0,Raw+HybridSpectral-t0.01@0.25,hybrid_prediction_mixture,orthogonal_all__m0,0,False,test,54.31108536254483,0.05342309489913191,0.0,True
bike-sharing,regression,tabpfn_2_6,0,Raw+HybridSpectral-t0.01@0.25,hybrid_prediction_mixture,orthogonal_all__m1,1,False,validation,50.49545757831725,0.05984464455356005,0.0,True
bike-sharing,regression,tabpfn_2_6,0,Raw+HybridSpectral-t0.01@0.25,hybrid_prediction_mixture,orthogonal_all__m1,1,False,test,56.74449478372643,0.06467491605540845,0.0,True
bike-sharing,regression,tabpfn_2_6,0,Raw+HybridSpectral-t0.01@0.25,hybrid_prediction_mixture,orthogonal_all__m2,2,False,validation,50.50446240125204,0.05158471091204281,0.0,True
bike-sharing,regression,tabpfn_2_6,0,Raw+HybridSpectral-t0.01@0.25,hybrid_prediction_mixture,orthogonal_all__m2,2,False,test,55.82652786326157,0.053588607586738904,0.0,True
bike-sharing,regression,tabpfn_2_6,0,Raw+HybridSpectral-t0.01@0.25,hybrid_prediction_mixture,orthogonal_all__m3,3,False,validation,50.68201868297442,0.05252049363113918,0.0,True
bike-sharing,regression,tabpfn_2_6,0,Raw+HybridSpectral-t0.01@0.25,hybrid_prediction_mixture,orthogonal_all__m3,3,False,test,55.309002873845174,0.05249093273061136,0.0,True
bike-sharing,regression,tabpfn_2_6,0,Raw+HybridSpectral-t0.01@0.25,hybrid_prediction_mixture,orthogonal_all__m4,4,False,validation,49.73171769100942,0.048475661469637166,0.0,True
bike-sharing,regression,tabpfn_2_6,0,Raw+HybridSpectral-t0.01@0.25,hybrid_prediction_mixture,orthogonal_all__m4,4,False,test,54.307870711482934,0.05835769007956355,0.0,True
bike-sharing,regression,tabpfn_2_6,0,Raw+HybridSpectral-t0.01@0.25,hybrid_prediction_mixture,orthogonal_all__m5,5,False,validation,49.56060734444005,0.05702529217987038,0.0,True
bike-sharing,regression,tabpfn_2_6,0,Raw+HybridSpectral-t0.01@0.25,hybrid_prediction_mixture,orthogonal_all__m5,5,False,test,55.01929721287606,0.06405157737493362,0.0,True
bike-sharing,regression,tabpfn_2_6,0,Raw+HybridSpectral-t0.01@0.25,hybrid_prediction_mixture,orthogonal_all__m6,6,False,validation,48.79038178879329,0.05167204117750405,0.0,True
bike-sharing,regression,tabpfn_2_6,0,Raw+HybridSpectral-t0.01@0.25,hybrid_prediction_mixture,orthogonal_all__m6,6,False,test,54.500483056943686,0.053357995724430084,0.0,True
bike-sharing,regression,tabpfn_2_6,0,Raw+HybridSpectral-t0.01@0.25,hybrid_prediction_mixture,orthogonal_all__m7,7,False,validation,50.98841218352953,0.06066497218790105,0.0,True
bike-sharing,regression,tabpfn_2_6,0,Raw+HybridSpectral-t0.01@0.25,hybrid_prediction_mixture,orthogonal_all__m7,7,False,test,55.60173008443465,0.05597652112530873,0.0,True
bike-sharing,regression,tabpfn_2_6,0,Raw+HybridSpectral-t0.01@0.5,hybrid_prediction_mixture,rbf_reference,-1,True,validation,49.49400096833546,0.0,0.0,False
bike-sharing,regression,tabpfn_2_6,0,Raw+HybridSpectral-t0.01@0.5,hybrid_prediction_mixture,rbf_reference,-1,True,test,53.70905412439932,0.0,0.0,False
bike-sharing,regression,tabpfn_2_6,0,Raw+HybridSpectral-t0.01@0.5,hybrid_prediction_mixture,orthogonal_all__m0,0,False,validation,48.55011606466898,0.03309481391688844,0.0,True
bike-sharing,regression,tabpfn_2_6,0,Raw+HybridSpectral-t0.01@0.5,hybrid_prediction_mixture,orthogonal_all__m0,0,False,test,54.19190396219042,0.03561539659942127,0.0,True
bike-sharing,regression,tabpfn_2_6,0,Raw+HybridSpectral-t0.01@0.5,hybrid_prediction_mixture,orthogonal_all__m1,1,False,validation,50.12036893535863,0.03989642970237337,0.0,True
bike-sharing,regression,tabpfn_2_6,0,Raw+HybridSpectral-t0.01@0.5,hybrid_prediction_mixture,orthogonal_all__m1,1,False,test,55.762798140665836,0.04311661070360564,0.0,True
bike-sharing,regression,tabpfn_2_6,0,Raw+HybridSpectral-t0.01@0.5,hybrid_prediction_mixture,orthogonal_all__m2,2,False,validation,50.18017888128187,0.03438980727469521,0.0,True
bike-sharing,regression,tabpfn_2_6,0,Raw+HybridSpectral-t0.01@0.5,hybrid_prediction_mixture,orthogonal_all__m2,2,False,test,55.162158283191246,0.03572573839115927,0.0,True
bike-sharing,regression,tabpfn_2_6,0,Raw+HybridSpectral-t0.01@0.5,hybrid_prediction_mixture,orthogonal_all__m3,3,False,validation,50.26777995991048,0.03501366242075945,0.0,True
bike-sharing,regression,tabpfn_2_6,0,Raw+HybridSpectral-t0.01@0.5,hybrid_prediction_mixture,orthogonal_all__m3,3,False,test,54.85151369512096,0.03499395515374091,0.0,True
bike-sharing,regression,tabpfn_2_6,0,Raw+HybridSpectral-t0.01@0.5,hybrid_prediction_mixture,orthogonal_all__m4,4,False,validation,49.68222839611086,0.03231710764642477,0.0,True
bike-sharing,regression,tabpfn_2_6,0,Raw+HybridSpectral-t0.01@0.5,hybrid_prediction_mixture,orthogonal_all__m4,4,False,test,54.20434087125223,0.03890512671970903,0.0,True
bike-sharing,regression,tabpfn_2_6,0,Raw+HybridSpectral-t0.01@0.5,hybrid_prediction_mixture,orthogonal_all__m5,5,False,validation,49.579891847329726,0.038016861453246925,0.0,True
bike-sharing,regression,tabpfn_2_6,0,Raw+HybridSpectral-t0.01@0.5,hybrid_prediction_mixture,orthogonal_all__m5,5,False,test,54.59782070473653,0.04270105158328909,0.0,True
bike-sharing,regression,tabpfn_2_6,0,Raw+HybridSpectral-t0.01@0.5,hybrid_prediction_mixture,orthogonal_all__m6,6,False,validation,48.94120188044333,0.03444802745166937,0.0,True
bike-sharing,regression,tabpfn_2_6,0,Raw+HybridSpectral-t0.01@0.5,hybrid_prediction_mixture,orthogonal_all__m6,6,False,test,54.27597131084041,0.035571997149620053,0.0,True
bike-sharing,regression,tabpfn_2_6,0,Raw+HybridSpectral-t0.01@0.5,hybrid_prediction_mixture,orthogonal_all__m7,7,False,validation,50.51209356451888,0.04044331479193403,0.0,True
bike-sharing,regression,tabpfn_2_6,0,Raw+HybridSpectral-t0.01@0.5,hybrid_prediction_mixture,orthogonal_all__m7,7,False,test,54.99281264584364,0.03731768075020582,0.0,True
bike-sharing,regression,tabpfn_2_6,0,Raw+HybridSpectral-t0.01@0.75,hybrid_prediction_mixture,rbf_reference,-1,True,validation,49.80878985257966,0.0,0.0,False
bike-sharing,regression,tabpfn_2_6,0,Raw+HybridSpectral-t0.01@0.75,hybrid_prediction_mixture,rbf_reference,-1,True,test,54.119159525415505,0.0,0.0,False
bike-sharing,regression,tabpfn_2_6,0,Raw+HybridSpectral-t0.01@0.75,hybrid_prediction_mixture,orthogonal_all__m0,0,False,validation,49.331345753777384,0.01654740695844422,0.0,True
bike-sharing,regression,tabpfn_2_6,0,Raw+HybridSpectral-t0.01@0.75,hybrid_prediction_mixture,orthogonal_all__m0,0,False,test,54.37581603467421,0.017807698299710635,0.0,True
bike-sharing,regression,tabpfn_2_6,0,Raw+HybridSpectral-t0.01@0.75,hybrid_prediction_mixture,orthogonal_all__m1,1,False,validation,50.112751561652146,0.019948214851186686,0.0,True
bike-sharing,regression,tabpfn_2_6,0,Raw+HybridSpectral-t0.01@0.75,hybrid_prediction_mixture,orthogonal_all__m1,1,False,test,55.13053001013624,0.02155830535180282,0.0,True
bike-sharing,regression,tabpfn_2_6,0,Raw+HybridSpectral-t0.01@0.75,hybrid_prediction_mixture,orthogonal_all__m2,2,False,validation,50.16954930322681,0.017194903637347606,0.0,True
bike-sharing,regression,tabpfn_2_6,0,Raw+HybridSpectral-t0.01@0.75,hybrid_prediction_mixture,orthogonal_all__m2,2,False,test,54.83789639333379,0.017862869195579636,0.0,True
bike-sharing,regression,tabpfn_2_6,0,Raw+HybridSpectral-t0.01@0.75,hybrid_prediction_mixture,orthogonal_all__m3,3,False,validation,50.19755234785332,0.017506831210379725,0.0,True
bike-sharing,regression,tabpfn_2_6,0,Raw+HybridSpectral-t0.01@0.75,hybrid_prediction_mixture,orthogonal_all__m3,3,False,test,54.7009280892172,0.017496977576870455,0.0,True
bike-sharing,regression,tabpfn_2_6,0,Raw+HybridSpectral-t0.01@0.75,hybrid_prediction_mixture,orthogonal_all__m4,4,False,validation,49.930713351421865,0.016158553823212383,0.0,True
bike-sharing,regression,tabpfn_2_6,0,Raw+HybridSpectral-t0.01@0.75,hybrid_prediction_mixture,orthogonal_all__m4,4,False,test,54.38928087736771,0.019452563359854513,0.0,True
bike-sharing,regression,tabpfn_2_6,0,Raw+HybridSpectral-t0.01@0.75,hybrid_prediction_mixture,orthogonal_all__m5,5,False,validation,49.88568239172048,0.019008430726623463,0.0,True
bike-sharing,regression,tabpfn_2_6,0,Raw+HybridSpectral-t0.01@0.75,hybrid_prediction_mixture,orthogonal_all__m5,5,False,test,54.54428704501477,0.021350525791644544,0.0,True
bike-sharing,regression,tabpfn_2_6,0,Raw+HybridSpectral-t0.01@0.75,hybrid_prediction_mixture,orthogonal_all__m6,6,False,validation,49.506642874280274,0.017224013725834684,0.0,True
bike-sharing,regression,tabpfn_2_6,0,Raw+HybridSpectral-t0.01@0.75,hybrid_prediction_mixture,orthogonal_all__m6,6,False,test,54.39649274291904,0.017785998574810027,0.0,True
bike-sharing,regression,tabpfn_2_6,0,Raw+HybridSpectral-t0.01@0.75,hybrid_prediction_mixture,orthogonal_all__m7,7,False,validation,50.3391739716644,0.020221657395967017,0.0,True
bike-sharing,regression,tabpfn_2_6,0,Raw+HybridSpectral-t0.01@0.75,hybrid_prediction_mixture,orthogonal_all__m7,7,False,test,54.74386016150206,0.01865884037510291,0.0,True
bike-sharing,regression,tabpfn_2_6,0,Raw+HybridSpectral-t0.01@1,hybrid_prediction_mixture,rbf_reference,-1,True,validation,50.472771834265835,0.0,0.0,False
bike-sharing,regression,tabpfn_2_6,0,Raw+HybridSpectral-t0.01@1,hybrid_prediction_mixture,rbf_reference,-1,True,test,54.85977339021755,0.0,0.0,False
bike-sharing,regression,tabpfn_2_6,0,Raw+HybridSpectral-t0.01@1,hybrid_prediction_mixture,orthogonal_all__m0,0,False,validation,50.472771834265835,0.0,0.0,True
bike-sharing,regression,tabpfn_2_6,0,Raw+HybridSpectral-t0.01@1,hybrid_prediction_mixture,orthogonal_all__m0,0,False,test,54.85977339021755,0.0,0.0,True
bike-sharing,regression,tabpfn_2_6,0,Raw+HybridSpectral-t0.01@1,hybrid_prediction_mixture,orthogonal_all__m1,1,False,validation,50.472771834265835,0.0,0.0,True
bike-sharing,regression,tabpfn_2_6,0,Raw+HybridSpectral-t0.01@1,hybrid_prediction_mixture,orthogonal_all__m1,1,False,test,54.85977339021755,0.0,0.0,True
bike-sharing,regression,tabpfn_2_6,0,Raw+HybridSpectral-t0.01@1,hybrid_prediction_mixture,orthogonal_all__m2,2,False,validation,50.472771834265835,0.0,0.0,True
bike-sharing,regression,tabpfn_2_6,0,Raw+HybridSpectral-t0.01@1,hybrid_prediction_mixture,orthogonal_all__m2,2,False,test,54.85977339021755,0.0,0.0,True
bike-sharing,regression,tabpfn_2_6,0,Raw+HybridSpectral-t0.01@1,hybrid_prediction_mixture,orthogonal_all__m3,3,False,validation,50.472771834265835,0.0,0.0,True
bike-sharing,regression,tabpfn_2_6,0,Raw+HybridSpectral-t0.01@1,hybrid_prediction_mixture,orthogonal_all__m3,3,False,test,54.85977339021755,0.0,0.0,True
bike-sharing,regression,tabpfn_2_6,0,Raw+HybridSpectral-t0.01@1,hybrid_prediction_mixture,orthogonal_all__m4,4,False,validation,50.472771834265835,0.0,0.0,True
bike-sharing,regression,tabpfn_2_6,0,Raw+HybridSpectral-t0.01@1,hybrid_prediction_mixture,orthogonal_all__m4,4,False,test,54.85977339021755,0.0,0.0,True
bike-sharing,regression,tabpfn_2_6,0,Raw+HybridSpectral-t0.01@1,hybrid_prediction_mixture,orthogonal_all__m5,5,False,validation,50.472771834265835,0.0,0.0,True
bike-sharing,regression,tabpfn_2_6,0,Raw+HybridSpectral-t0.01@1,hybrid_prediction_mixture,orthogonal_all__m5,5,False,test,54.85977339021755,0.0,0.0,True
bike-sharing,regression,tabpfn_2_6,0,Raw+HybridSpectral-t0.01@1,hybrid_prediction_mixture,orthogonal_all__m6,6,False,validation,50.472771834265835,0.0,0.0,True
bike-sharing,regression,tabpfn_2_6,0,Raw+HybridSpectral-t0.01@1,hybrid_prediction_mixture,orthogonal_all__m6,6,False,test,54.85977339021755,0.0,0.0,True
bike-sharing,regression,tabpfn_2_6,0,Raw+HybridSpectral-t0.01@1,hybrid_prediction_mixture,orthogonal_all__m7,7,False,validation,50.472771834265835,0.0,0.0,True
bike-sharing,regression,tabpfn_2_6,0,Raw+HybridSpectral-t0.01@1,hybrid_prediction_mixture,orthogonal_all__m7,7,False,test,54.85977339021755,0.0,0.0,True
bike-sharing,regression,tabpfn_2_6,0,Raw+HybridSpectral-t0.05@0.25,hybrid_prediction_mixture,rbf_reference,-1,True,validation,49.238567058761426,0.0,0.0,False
bike-sharing,regression,tabpfn_2_6,0,Raw+HybridSpectral-t0.05@0.25,hybrid_prediction_mixture,rbf_reference,-1,True,test,53.55825182304432,0.0,0.0,False
bike-sharing,regression,tabpfn_2_6,0,Raw+HybridSpectral-t0.05@0.25,hybrid_prediction_mixture,orthogonal_all__m0,0,False,validation,47.8327877904579,0.049642220875332654,0.0,True
bike-sharing,regression,tabpfn_2_6,0,Raw+HybridSpectral-t0.05@0.25,hybrid_prediction_mixture,orthogonal_all__m0,0,False,test,54.23083149940044,0.05342309489913191,0.0,True
bike-sharing,regression,tabpfn_2_6,0,Raw+HybridSpectral-t0.05@0.25,hybrid_prediction_mixture,orthogonal_all__m1,1,False,validation,50.165331011714116,0.05984464455356005,0.0,True
bike-sharing,regression,tabpfn_2_6,0,Raw+HybridSpectral-t0.05@0.25,hybrid_prediction_mixture,orthogonal_all__m1,1,False,test,56.62143451557735,0.06467491605540845,0.0,True
bike-sharing,regression,tabpfn_2_6,0,Raw+HybridSpectral-t0.05@0.25,hybrid_prediction_mixture,orthogonal_all__m2,2,False,validation,50.1882948801576,0.05158471091204281,0.0,True
bike-sharing,regression,tabpfn_2_6,0,Raw+HybridSpectral-t0.05@0.25,hybrid_prediction_mixture,orthogonal_all__m2,2,False,test,55.72425160421838,0.053588607586738904,0.0,True
bike-sharing,regression,tabpfn_2_6,0,Raw+HybridSpectral-t0.05@0.25,hybrid_prediction_mixture,orthogonal_all__m3,3,False,validation,50.3719432069217,0.05252049363113918,0.0,True
bike-sharing,regression,tabpfn_2_6,0,Raw+HybridSpectral-t0.05@0.25,hybrid_prediction_mixture,orthogonal_all__m3,3,False,test,55.202570352039764,0.05249093273061136,0.0,True
bike-sharing,regression,tabpfn_2_6,0,Raw+HybridSpectral-t0.05@0.25,hybrid_prediction_mixture,orthogonal_all__m4,4,False,validation,49.44418254770265,0.048475661469637166,0.0,True
bike-sharing,regression,tabpfn_2_6,0,Raw+HybridSpectral-t0.05@0.25,hybrid_prediction_mixture,orthogonal_all__m4,4,False,test,54.210765388782704,0.05835769007956355,0.0,True
bike-sharing,regression,tabpfn_2_6,0,Raw+HybridSpectral-t0.05@0.25,hybrid_prediction_mixture,orthogonal_all__m5,5,False,validation,49.26404055534228,0.05702529217987038,0.0,True
bike-sharing,regression,tabpfn_2_6,0,Raw+HybridSpectral-t0.05@0.25,hybrid_prediction_mixture,orthogonal_all__m5,5,False,test,54.94365784249335,0.06405157737493362,0.0,True
bike-sharing,regression,tabpfn_2_6,0,Raw+HybridSpectral-t0.05@0.25,hybrid_prediction_mixture,orthogonal_all__m6,6,False,validation,48.50874630310629,0.05167204117750405,0.0,True
bike-sharing,regression,tabpfn_2_6,0,Raw+HybridSpectral-t0.05@0.25,hybrid_prediction_mixture,orthogonal_all__m6,6,False,test,54.41395852698193,0.053357995724430084,0.0,True
bike-sharing,regression,tabpfn_2_6,0,Raw+HybridSpectral-t0.05@0.25,hybrid_prediction_mixture,orthogonal_all__m7,7,False,validation,50.67544207113683,0.06066497218790105,0.0,True
bike-sharing,regression,tabpfn_2_6,0,Raw+HybridSpectral-t0.05@0.25,hybrid_prediction_mixture,orthogonal_all__m7,7,False,test,55.521129247583076,0.05597652112530873,0.0,True
bike-sharing,regression,tabpfn_2_6,0,Raw+HybridSpectral-t0.05@0.5,hybrid_prediction_mixture,rbf_reference,-1,True,validation,48.889601807208436,0.0,0.0,False
bike-sharing,regression,tabpfn_2_6,0,Raw+HybridSpectral-t0.05@0.5,hybrid_prediction_mixture,rbf_reference,-1,True,test,53.553688828074236,0.0,0.0,False
bike-sharing,regression,tabpfn_2_6,0,Raw+HybridSpectral-t0.05@0.5,hybrid_prediction_mixture,orthogonal_all__m0,0,False,validation,47.922196273681784,0.03309481391688844,0.0,True
bike-sharing,regression,tabpfn_2_6,0,Raw+HybridSpectral-t0.05@0.5,hybrid_prediction_mixture,orthogonal_all__m0,0,False,test,54.034653719600314,0.03561539659942127,0.0,True
bike-sharing,regression,tabpfn_2_6,0,Raw+HybridSpectral-t0.05@0.5,hybrid_prediction_mixture,orthogonal_all__m1,1,False,validation,49.470482476632085,0.03989642970237337,0.0,True
bike-sharing,regression,tabpfn_2_6,0,Raw+HybridSpectral-t0.05@0.5,hybrid_prediction_mixture,orthogonal_all__m1,1,False,test,55.54713697395627,0.04311661070360564,0.0,True
bike-sharing,regression,tabpfn_2_6,0,Raw+HybridSpectral-t0.05@0.5,hybrid_prediction_mixture,orthogonal_all__m2,2,False,validation,49.549849998774256,0.03438980727469521,0.0,True
bike-sharing,regression,tabpfn_2_6,0,Raw+HybridSpectral-t0.05@0.5,hybrid_prediction_mixture,orthogonal_all__m2,2,False,test,54.97497251454521,0.03572573839115927,0.0,True
bike-sharing,regression,tabpfn_2_6,0,Raw+HybridSpectral-t0.05@0.5,hybrid_prediction_mixture,orthogonal_all__m3,3,False,validation,49.64529735974293,0.03501366242075945,0.0,True
bike-sharing,regression,tabpfn_2_6,0,Raw+HybridSpectral-t0.05@0.5,hybrid_prediction_mixture,orthogonal_all__m3,3,False,test,54.658958513813275,0.03499395515374091,0.0,True
bike-sharing,regression,tabpfn_2_6,0,Raw+HybridSpectral-t0.05@0.5,hybrid_prediction_mixture,orthogonal_all__m4,4,False,validation,49.09059717616388,0.03231710764642477,0.0,True
bike-sharing,regression,tabpfn_2_6,0,Raw+HybridSpectral-t0.05@0.5,hybrid_prediction_mixture,orthogonal_all__m4,4,False,test,54.02458833520562,0.03890512671970903,0.0,True
bike-sharing,regression,tabpfn_2_6,0,Raw+HybridSpectral-t0.05@0.5,hybrid_prediction_mixture,orthogonal_all__m5,5,False,validation,48.97625124354106,0.038016861453246925,0.0,True
bike-sharing,regression,tabpfn_2_6,0,Raw+HybridSpectral-t0.05@0.5,hybrid_prediction_mixture,orthogonal_all__m5,5,False,test,54.44655984722095,0.04270105158328909,0.0,True
bike-sharing,regression,tabpfn_2_6,0,Raw+HybridSpectral-t0.05@0.5,hybrid_prediction_mixture,orthogonal_all__m6,6,False,validation,48.355858454437055,0.03444802745166937,0.0,True
bike-sharing,regression,tabpfn_2_6,0,Raw+HybridSpectral-t0.05@0.5,hybrid_prediction_mixture,orthogonal_all__m6,6,False,test,54.11018319738512,0.035571997149620053,0.0,True
bike-sharing,regression,tabpfn_2_6,0,Raw+HybridSpectral-t0.05@0.5,hybrid_prediction_mixture,orthogonal_all__m7,7,False,validation,49.88619970199091,0.04044331479193403,0.0,True
bike-sharing,regression,tabpfn_2_6,0,Raw+HybridSpectral-t0.05@0.5,hybrid_prediction_mixture,orthogonal_all__m7,7,False,test,54.83487218153303,0.03731768075020582,0.0,True
bike-sharing,regression,tabpfn_2_6,0,Raw+HybridSpectral-t0.05@0.75,hybrid_prediction_mixture,rbf_reference,-1,True,validation,48.89155903627274,0.0,0.0,False
bike-sharing,regression,tabpfn_2_6,0,Raw+HybridSpectral-t0.05@0.75,hybrid_prediction_mixture,rbf_reference,-1,True,test,53.89086660340267,0.0,0.0,False
bike-sharing,regression,tabpfn_2_6,0,Raw+HybridSpectral-t0.05@0.75,hybrid_prediction_mixture,orthogonal_all__m0,0,False,validation,48.39643831820285,0.01654740695844422,0.0,True
bike-sharing,regression,tabpfn_2_6,0,Raw+HybridSpectral-t0.05@0.75,hybrid_prediction_mixture,orthogonal_all__m0,0,False,test,54.14615532528674,0.017807698299710635,0.0,True
bike-sharing,regression,tabpfn_2_6,0,Raw+HybridSpectral-t0.05@0.75,hybrid_prediction_mixture,orthogonal_all__m1,1,False,validation,49.16108250871963,0.019948214851186686,0.0,True
bike-sharing,regression,tabpfn_2_6,0,Raw+HybridSpectral-t0.05@0.75,hybrid_prediction_mixture,orthogonal_all__m1,1,False,test,54.856286538140765,0.02155830535180282,0.0,True
bike-sharing,regression,tabpfn_2_6,0,Raw+HybridSpectral-t0.05@0.75,hybrid_prediction_mixture,orthogonal_all__m2,2,False,validation,49.233148007263736,0.017194903637347606,0.0,True
bike-sharing,regression,tabpfn_2_6,0,Raw+HybridSpectral-t0.05@0.75,hybrid_prediction_mixture,orthogonal_all__m2,2,False,test,54.585470224624224,0.017862869195579636,0.0,True
bike-sharing,regression,tabpfn_2_6,0,Raw+HybridSpectral-t0.05@0.75,hybrid_prediction_mixture,orthogonal_all__m3,3,False,validation,49.26677248667209,0.017506831210379725,0.0,True
bike-sharing,regression,tabpfn_2_6,0,Raw+HybridSpectral-t0.05@0.75,hybrid_prediction_mixture,orthogonal_all__m3,3,False,test,54.44462492853825,0.017496977576870455,0.0,True
bike-sharing,regression,tabpfn_2_6,0,Raw+HybridSpectral-t0.05@0.75,hybrid_prediction_mixture,orthogonal_all__m4,4,False,validation,49.023612106536994,0.016158553823212383,0.0,True
bike-sharing,regression,tabpfn_2_6,0,Raw+HybridSpectral-t0.05@0.75,hybrid_prediction_mixture,orthogonal_all__m4,4,False,test,54.142809424653095,0.019452563359854513,0.0,True
bike-sharing,regression,tabpfn_2_6,0,Raw+HybridSpectral-t0.05@0.75,hybrid_prediction_mixture,orthogonal_all__m5,5,False,validation,48.96966575395746,0.019008430726623463,0.0,True
bike-sharing,regression,tabpfn_2_6,0,Raw+HybridSpectral-t0.05@0.75,hybrid_prediction_mixture,orthogonal_all__m5,5,False,test,54.318959818628414,0.021350525791644544,0.0,True
bike-sharing,regression,tabpfn_2_6,0,Raw+HybridSpectral-t0.05@0.75,hybrid_prediction_mixture,orthogonal_all__m6,6,False,validation,48.603083918229935,0.017224013725834684,0.0,True
bike-sharing,regression,tabpfn_2_6,0,Raw+HybridSpectral-t0.05@0.75,hybrid_prediction_mixture,orthogonal_all__m6,6,False,test,54.16033905987811,0.017785998574810027,0.0,True
bike-sharing,regression,tabpfn_2_6,0,Raw+HybridSpectral-t0.05@0.75,hybrid_prediction_mixture,orthogonal_all__m7,7,False,validation,49.4061701929546,0.020221657395967017,0.0,True
bike-sharing,regression,tabpfn_2_6,0,Raw+HybridSpectral-t0.05@0.75,hybrid_prediction_mixture,orthogonal_all__m7,7,False,test,54.51349654114295,0.01865884037510291,0.0,True
bike-sharing,regression,tabpfn_2_6,0,Raw+HybridSpectral-t0.05@1,hybrid_prediction_mixture,rbf_reference,-1,True,validation,49.24439690350545,0.0,0.0,False
bike-sharing,regression,tabpfn_2_6,0,Raw+HybridSpectral-t0.05@1,hybrid_prediction_mixture,rbf_reference,-1,True,test,54.56345010036705,0.0,0.0,False
bike-sharing,regression,tabpfn_2_6,0,Raw+HybridSpectral-t0.05@1,hybrid_prediction_mixture,orthogonal_all__m0,0,False,validation,49.24439690350545,0.0,0.0,True
bike-sharing,regression,tabpfn_2_6,0,Raw+HybridSpectral-t0.05@1,hybrid_prediction_mixture,orthogonal_all__m0,0,False,test,54.56345010036705,0.0,0.0,True
bike-sharing,regression,tabpfn_2_6,0,Raw+HybridSpectral-t0.05@1,hybrid_prediction_mixture,orthogonal_all__m1,1,False,validation,49.24439690350545,0.0,0.0,True
bike-sharing,regression,tabpfn_2_6,0,Raw+HybridSpectral-t0.05@1,hybrid_prediction_mixture,orthogonal_all__m1,1,False,test,54.56345010036705,0.0,0.0,True
bike-sharing,regression,tabpfn_2_6,0,Raw+HybridSpectral-t0.05@1,hybrid_prediction_mixture,orthogonal_all__m2,2,False,validation,49.24439690350545,0.0,0.0,True
bike-sharing,regression,tabpfn_2_6,0,Raw+HybridSpectral-t0.05@1,hybrid_prediction_mixture,orthogonal_all__m2,2,False,test,54.56345010036705,0.0,0.0,True
bike-sharing,regression,tabpfn_2_6,0,Raw+HybridSpectral-t0.05@1,hybrid_prediction_mixture,orthogonal_all__m3,3,False,validation,49.24439690350545,0.0,0.0,True
bike-sharing,regression,tabpfn_2_6,0,Raw+HybridSpectral-t0.05@1,hybrid_prediction_mixture,orthogonal_all__m3,3,False,test,54.56345010036705,0.0,0.0,True
bike-sharing,regression,tabpfn_2_6,0,Raw+HybridSpectral-t0.05@1,hybrid_prediction_mixture,orthogonal_all__m4,4,False,validation,49.24439690350545,0.0,0.0,True
bike-sharing,regression,tabpfn_2_6,0,Raw+HybridSpectral-t0.05@1,hybrid_prediction_mixture,orthogonal_all__m4,4,False,test,54.56345010036705,0.0,0.0,True
bike-sharing,regression,tabpfn_2_6,0,Raw+HybridSpectral-t0.05@1,hybrid_prediction_mixture,orthogonal_all__m5,5,False,validation,49.24439690350545,0.0,0.0,True
bike-sharing,regression,tabpfn_2_6,0,Raw+HybridSpectral-t0.05@1,hybrid_prediction_mixture,orthogonal_all__m5,5,False,test,54.56345010036705,0.0,0.0,True
bike-sharing,regression,tabpfn_2_6,0,Raw+HybridSpectral-t0.05@1,hybrid_prediction_mixture,orthogonal_all__m6,6,False,validation,49.24439690350545,0.0,0.0,True
bike-sharing,regression,tabpfn_2_6,0,Raw+HybridSpectral-t0.05@1,hybrid_prediction_mixture,orthogonal_all__m6,6,False,test,54.56345010036705,0.0,0.0,True
bike-sharing,regression,tabpfn_2_6,0,Raw+HybridSpectral-t0.05@1,hybrid_prediction_mixture,orthogonal_all__m7,7,False,validation,49.24439690350545,0.0,0.0,True
bike-sharing,regression,tabpfn_2_6,0,Raw+HybridSpectral-t0.05@1,hybrid_prediction_mixture,orthogonal_all__m7,7,False,test,54.56345010036705,0.0,0.0,True
bike-sharing,regression,tabpfn_2_6,0,Raw+HybridSpectral-t0.10@0.25,hybrid_prediction_mixture,rbf_reference,-1,True,validation,49.238567058761426,0.0,0.0,False
bike-sharing,regression,tabpfn_2_6,0,Raw+HybridSpectral-t0.10@0.25,hybrid_prediction_mixture,rbf_reference,-1,True,test,53.55825182304432,0.0,0.0,False
bike-sharing,regression,tabpfn_2_6,0,Raw+HybridSpectral-t0.10@0.25,hybrid_prediction_mixture,orthogonal_all__m0,0,False,validation,47.8327877904579,0.049642220875332654,0.0,True
bike-sharing,regression,tabpfn_2_6,0,Raw+HybridSpectral-t0.10@0.25,hybrid_prediction_mixture,orthogonal_all__m0,0,False,test,54.23083149940044,0.05342309489913191,0.0,True
bike-sharing,regression,tabpfn_2_6,0,Raw+HybridSpectral-t0.10@0.25,hybrid_prediction_mixture,orthogonal_all__m1,1,False,validation,50.165331011714116,0.05984464455356005,0.0,True
bike-sharing,regression,tabpfn_2_6,0,Raw+HybridSpectral-t0.10@0.25,hybrid_prediction_mixture,orthogonal_all__m1,1,False,test,56.62143451557735,0.06467491605540845,0.0,True
bike-sharing,regression,tabpfn_2_6,0,Raw+HybridSpectral-t0.10@0.25,hybrid_prediction_mixture,orthogonal_all__m2,2,False,validation,50.1882948801576,0.05158471091204281,0.0,True
bike-sharing,regression,tabpfn_2_6,0,Raw+HybridSpectral-t0.10@0.25,hybrid_prediction_mixture,orthogonal_all__m2,2,False,test,55.72425160421838,0.053588607586738904,0.0,True
bike-sharing,regression,tabpfn_2_6,0,Raw+HybridSpectral-t0.10@0.25,hybrid_prediction_mixture,orthogonal_all__m3,3,False,validation,50.3719432069217,0.05252049363113918,0.0,True
bike-sharing,regression,tabpfn_2_6,0,Raw+HybridSpectral-t0.10@0.25,hybrid_prediction_mixture,orthogonal_all__m3,3,False,test,55.202570352039764,0.05249093273061136,0.0,True
bike-sharing,regression,tabpfn_2_6,0,Raw+HybridSpectral-t0.10@0.25,hybrid_prediction_mixture,orthogonal_all__m4,4,False,validation,49.44418254770265,0.048475661469637166,0.0,True
bike-sharing,regression,tabpfn_2_6,0,Raw+HybridSpectral-t0.10@0.25,hybrid_prediction_mixture,orthogonal_all__m4,4,False,test,54.210765388782704,0.05835769007956355,0.0,True
bike-sharing,regression,tabpfn_2_6,0,Raw+HybridSpectral-t0.10@0.25,hybrid_prediction_mixture,orthogonal_all__m5,5,False,validation,49.26404055534228,0.05702529217987038,0.0,True
bike-sharing,regression,tabpfn_2_6,0,Raw+HybridSpectral-t0.10@0.25,hybrid_prediction_mixture,orthogonal_all__m5,5,False,test,54.94365784249335,0.06405157737493362,0.0,True
bike-sharing,regression,tabpfn_2_6,0,Raw+HybridSpectral-t0.10@0.25,hybrid_prediction_mixture,orthogonal_all__m6,6,False,validation,48.50874630310629,0.05167204117750405,0.0,True
bike-sharing,regression,tabpfn_2_6,0,Raw+HybridSpectral-t0.10@0.25,hybrid_prediction_mixture,orthogonal_all__m6,6,False,test,54.41395852698193,0.053357995724430084,0.0,True
bike-sharing,regression,tabpfn_2_6,0,Raw+HybridSpectral-t0.10@0.25,hybrid_prediction_mixture,orthogonal_all__m7,7,False,validation,50.67544207113683,0.06066497218790105,0.0,True
bike-sharing,regression,tabpfn_2_6,0,Raw+HybridSpectral-t0.10@0.25,hybrid_prediction_mixture,orthogonal_all__m7,7,False,test,55.521129247583076,0.05597652112530873,0.0,True
bike-sharing,regression,tabpfn_2_6,0,Raw+HybridSpectral-t0.10@0.5,hybrid_prediction_mixture,rbf_reference,-1,True,validation,48.889601807208436,0.0,0.0,False
bike-sharing,regression,tabpfn_2_6,0,Raw+HybridSpectral-t0.10@0.5,hybrid_prediction_mixture,rbf_reference,-1,True,test,53.553688828074236,0.0,0.0,False
bike-sharing,regression,tabpfn_2_6,0,Raw+HybridSpectral-t0.10@0.5,hybrid_prediction_mixture,orthogonal_all__m0,0,False,validation,47.922196273681784,0.03309481391688844,0.0,True
bike-sharing,regression,tabpfn_2_6,0,Raw+HybridSpectral-t0.10@0.5,hybrid_prediction_mixture,orthogonal_all__m0,0,False,test,54.034653719600314,0.03561539659942127,0.0,True
bike-sharing,regression,tabpfn_2_6,0,Raw+HybridSpectral-t0.10@0.5,hybrid_prediction_mixture,orthogonal_all__m1,1,False,validation,49.470482476632085,0.03989642970237337,0.0,True
bike-sharing,regression,tabpfn_2_6,0,Raw+HybridSpectral-t0.10@0.5,hybrid_prediction_mixture,orthogonal_all__m1,1,False,test,55.54713697395627,0.04311661070360564,0.0,True
bike-sharing,regression,tabpfn_2_6,0,Raw+HybridSpectral-t0.10@0.5,hybrid_prediction_mixture,orthogonal_all__m2,2,False,validation,49.549849998774256,0.03438980727469521,0.0,True
bike-sharing,regression,tabpfn_2_6,0,Raw+HybridSpectral-t0.10@0.5,hybrid_prediction_mixture,orthogonal_all__m2,2,False,test,54.97497251454521,0.03572573839115927,0.0,True
bike-sharing,regression,tabpfn_2_6,0,Raw+HybridSpectral-t0.10@0.5,hybrid_prediction_mixture,orthogonal_all__m3,3,False,validation,49.64529735974293,0.03501366242075945,0.0,True
bike-sharing,regression,tabpfn_2_6,0,Raw+HybridSpectral-t0.10@0.5,hybrid_prediction_mixture,orthogonal_all__m3,3,False,test,54.658958513813275,0.03499395515374091,0.0,True
bike-sharing,regression,tabpfn_2_6,0,Raw+HybridSpectral-t0.10@0.5,hybrid_prediction_mixture,orthogonal_all__m4,4,False,validation,49.09059717616388,0.03231710764642477,0.0,True
bike-sharing,regression,tabpfn_2_6,0,Raw+HybridSpectral-t0.10@0.5,hybrid_prediction_mixture,orthogonal_all__m4,4,False,test,54.02458833520562,0.03890512671970903,0.0,True
bike-sharing,regression,tabpfn_2_6,0,Raw+HybridSpectral-t0.10@0.5,hybrid_prediction_mixture,orthogonal_all__m5,5,False,validation,48.97625124354106,0.038016861453246925,0.0,True
bike-sharing,regression,tabpfn_2_6,0,Raw+HybridSpectral-t0.10@0.5,hybrid_prediction_mixture,orthogonal_all__m5,5,False,test,54.44655984722095,0.04270105158328909,0.0,True
bike-sharing,regression,tabpfn_2_6,0,Raw+HybridSpectral-t0.10@0.5,hybrid_prediction_mixture,orthogonal_all__m6,6,False,validation,48.355858454437055,0.03444802745166937,0.0,True
bike-sharing,regression,tabpfn_2_6,0,Raw+HybridSpectral-t0.10@0.5,hybrid_prediction_mixture,orthogonal_all__m6,6,False,test,54.11018319738512,0.035571997149620053,0.0,True
bike-sharing,regression,tabpfn_2_6,0,Raw+HybridSpectral-t0.10@0.5,hybrid_prediction_mixture,orthogonal_all__m7,7,False,validation,49.88619970199091,0.04044331479193403,0.0,True
bike-sharing,regression,tabpfn_2_6,0,Raw+HybridSpectral-t0.10@0.5,hybrid_prediction_mixture,orthogonal_all__m7,7,False,test,54.83487218153303,0.03731768075020582,0.0,True
bike-sharing,regression,tabpfn_2_6,0,Raw+HybridSpectral-t0.10@0.75,hybrid_prediction_mixture,rbf_reference,-1,True,validation,48.89155903627274,0.0,0.0,False
bike-sharing,regression,tabpfn_2_6,0,Raw+HybridSpectral-t0.10@0.75,hybrid_prediction_mixture,rbf_reference,-1,True,test,53.89086660340267,0.0,0.0,False
bike-sharing,regression,tabpfn_2_6,0,Raw+HybridSpectral-t0.10@0.75,hybrid_prediction_mixture,orthogonal_all__m0,0,False,validation,48.39643831820285,0.01654740695844422,0.0,True
bike-sharing,regression,tabpfn_2_6,0,Raw+HybridSpectral-t0.10@0.75,hybrid_prediction_mixture,orthogonal_all__m0,0,False,test,54.14615532528674,0.017807698299710635,0.0,True
bike-sharing,regression,tabpfn_2_6,0,Raw+HybridSpectral-t0.10@0.75,hybrid_prediction_mixture,orthogonal_all__m1,1,False,validation,49.16108250871963,0.019948214851186686,0.0,True
bike-sharing,regression,tabpfn_2_6,0,Raw+HybridSpectral-t0.10@0.75,hybrid_prediction_mixture,orthogonal_all__m1,1,False,test,54.856286538140765,0.02155830535180282,0.0,True
bike-sharing,regression,tabpfn_2_6,0,Raw+HybridSpectral-t0.10@0.75,hybrid_prediction_mixture,orthogonal_all__m2,2,False,validation,49.233148007263736,0.017194903637347606,0.0,True
bike-sharing,regression,tabpfn_2_6,0,Raw+HybridSpectral-t0.10@0.75,hybrid_prediction_mixture,orthogonal_all__m2,2,False,test,54.585470224624224,0.017862869195579636,0.0,True
bike-sharing,regression,tabpfn_2_6,0,Raw+HybridSpectral-t0.10@0.75,hybrid_prediction_mixture,orthogonal_all__m3,3,False,validation,49.26677248667209,0.017506831210379725,0.0,True
bike-sharing,regression,tabpfn_2_6,0,Raw+HybridSpectral-t0.10@0.75,hybrid_prediction_mixture,orthogonal_all__m3,3,False,test,54.44462492853825,0.017496977576870455,0.0,True
bike-sharing,regression,tabpfn_2_6,0,Raw+HybridSpectral-t0.10@0.75,hybrid_prediction_mixture,orthogonal_all__m4,4,False,validation,49.023612106536994,0.016158553823212383,0.0,True
bike-sharing,regression,tabpfn_2_6,0,Raw+HybridSpectral-t0.10@0.75,hybrid_prediction_mixture,orthogonal_all__m4,4,False,test,54.142809424653095,0.019452563359854513,0.0,True
bike-sharing,regression,tabpfn_2_6,0,Raw+HybridSpectral-t0.10@0.75,hybrid_prediction_mixture,orthogonal_all__m5,5,False,validation,48.96966575395746,0.019008430726623463,0.0,True
bike-sharing,regression,tabpfn_2_6,0,Raw+HybridSpectral-t0.10@0.75,hybrid_prediction_mixture,orthogonal_all__m5,5,False,test,54.318959818628414,0.021350525791644544,0.0,True
bike-sharing,regression,tabpfn_2_6,0,Raw+HybridSpectral-t0.10@0.75,hybrid_prediction_mixture,orthogonal_all__m6,6,False,validation,48.603083918229935,0.017224013725834684,0.0,True
bike-sharing,regression,tabpfn_2_6,0,Raw+HybridSpectral-t0.10@0.75,hybrid_prediction_mixture,orthogonal_all__m6,6,False,test,54.16033905987811,0.017785998574810027,0.0,True
bike-sharing,regression,tabpfn_2_6,0,Raw+HybridSpectral-t0.10@0.75,hybrid_prediction_mixture,orthogonal_all__m7,7,False,validation,49.4061701929546,0.020221657395967017,0.0,True
bike-sharing,regression,tabpfn_2_6,0,Raw+HybridSpectral-t0.10@0.75,hybrid_prediction_mixture,orthogonal_all__m7,7,False,test,54.51349654114295,0.01865884037510291,0.0,True
bike-sharing,regression,tabpfn_2_6,0,Raw+HybridSpectral-t0.10@1,hybrid_prediction_mixture,rbf_reference,-1,True,validation,49.24439690350545,0.0,0.0,False
bike-sharing,regression,tabpfn_2_6,0,Raw+HybridSpectral-t0.10@1,hybrid_prediction_mixture,rbf_reference,-1,True,test,54.56345010036705,0.0,0.0,False
bike-sharing,regression,tabpfn_2_6,0,Raw+HybridSpectral-t0.10@1,hybrid_prediction_mixture,orthogonal_all__m0,0,False,validation,49.24439690350545,0.0,0.0,True
bike-sharing,regression,tabpfn_2_6,0,Raw+HybridSpectral-t0.10@1,hybrid_prediction_mixture,orthogonal_all__m0,0,False,test,54.56345010036705,0.0,0.0,True
bike-sharing,regression,tabpfn_2_6,0,Raw+HybridSpectral-t0.10@1,hybrid_prediction_mixture,orthogonal_all__m1,1,False,validation,49.24439690350545,0.0,0.0,True
bike-sharing,regression,tabpfn_2_6,0,Raw+HybridSpectral-t0.10@1,hybrid_prediction_mixture,orthogonal_all__m1,1,False,test,54.56345010036705,0.0,0.0,True
bike-sharing,regression,tabpfn_2_6,0,Raw+HybridSpectral-t0.10@1,hybrid_prediction_mixture,orthogonal_all__m2,2,False,validation,49.24439690350545,0.0,0.0,True
bike-sharing,regression,tabpfn_2_6,0,Raw+HybridSpectral-t0.10@1,hybrid_prediction_mixture,orthogonal_all__m2,2,False,test,54.56345010036705,0.0,0.0,True
bike-sharing,regression,tabpfn_2_6,0,Raw+HybridSpectral-t0.10@1,hybrid_prediction_mixture,orthogonal_all__m3,3,False,validation,49.24439690350545,0.0,0.0,True
bike-sharing,regression,tabpfn_2_6,0,Raw+HybridSpectral-t0.10@1,hybrid_prediction_mixture,orthogonal_all__m3,3,False,test,54.56345010036705,0.0,0.0,True
bike-sharing,regression,tabpfn_2_6,0,Raw+HybridSpectral-t0.10@1,hybrid_prediction_mixture,orthogonal_all__m4,4,False,validation,49.24439690350545,0.0,0.0,True
bike-sharing,regression,tabpfn_2_6,0,Raw+HybridSpectral-t0.10@1,hybrid_prediction_mixture,orthogonal_all__m4,4,False,test,54.56345010036705,0.0,0.0,True
bike-sharing,regression,tabpfn_2_6,0,Raw+HybridSpectral-t0.10@1,hybrid_prediction_mixture,orthogonal_all__m5,5,False,validation,49.24439690350545,0.0,0.0,True
bike-sharing,regression,tabpfn_2_6,0,Raw+HybridSpectral-t0.10@1,hybrid_prediction_mixture,orthogonal_all__m5,5,False,test,54.56345010036705,0.0,0.0,True
bike-sharing,regression,tabpfn_2_6,0,Raw+HybridSpectral-t0.10@1,hybrid_prediction_mixture,orthogonal_all__m6,6,False,validation,49.24439690350545,0.0,0.0,True
bike-sharing,regression,tabpfn_2_6,0,Raw+HybridSpectral-t0.10@1,hybrid_prediction_mixture,orthogonal_all__m6,6,False,test,54.56345010036705,0.0,0.0,True
bike-sharing,regression,tabpfn_2_6,0,Raw+HybridSpectral-t0.10@1,hybrid_prediction_mixture,orthogonal_all__m7,7,False,validation,49.24439690350545,0.0,0.0,True
bike-sharing,regression,tabpfn_2_6,0,Raw+HybridSpectral-t0.10@1,hybrid_prediction_mixture,orthogonal_all__m7,7,False,test,54.56345010036705,0.0,0.0,True
