dataset,data_role,method,start_seed,round,indices,selector_utility,test_utility,selector_improvement,test_improvement,posthoc_test_diagnostic
adult,confirmation,random_search,4101,0,29;32;45;47;54;61;65;94;99;101;103;104;108;119;120;130;144;147;157;161;169;176;216;218;221;232;233;241;243;245;247;249,-0.7616064773389217,-0.60156430028298,0.0,0.0,True
adult,confirmation,random_search,4101,1,29;32;45;47;54;61;65;94;99;101;103;104;108;119;120;130;141;144;147;157;161;176;216;218;221;232;233;241;243;245;247;249,-0.6461414024953469,-0.5325599878729566,0.1154650748435748,0.0690043124100234,True
adult,confirmation,random_search,4101,2,29;32;45;47;54;61;65;94;99;101;103;104;108;119;120;130;141;144;147;155;161;176;216;218;221;232;233;241;243;245;247;249,-0.5523645530238235,-0.5101392344290336,0.2092419243150982,0.0914250658539463,True
adult,confirmation,random_search,4101,3,29;45;47;54;61;65;94;99;101;103;104;108;119;120;130;141;144;147;155;161;176;195;216;218;221;232;233;241;243;245;247;249,-0.5170404291905843,-0.4816818021954598,0.2445660481483373,0.1198824980875201,True
adult,confirmation,random_search,4101,4,29;45;47;54;55;61;65;94;99;101;103;104;108;119;120;130;141;144;147;155;161;176;195;216;218;221;232;233;243;245;247;249,-0.5008685057753797,-0.4753872068899037,0.260737971563542,0.1261770933930763,True
adult,confirmation,row_active,4101,0,29;32;45;47;54;61;65;94;99;101;103;104;108;119;120;130;144;147;157;161;169;176;216;218;221;232;233;241;243;245;247;249,-0.7616064773389217,-0.60156430028298,0.0,0.0,True
adult,confirmation,row_active,4101,1,29;32;45;47;54;61;65;94;99;101;103;104;108;119;120;130;144;147;157;161;169;176;200;216;218;221;232;233;241;243;245;247,-0.6143824236106936,-0.5639852776952077,0.1472240537282281,0.0375790225877723,True
adult,confirmation,row_active,4101,2,29;32;45;47;54;61;65;94;99;101;103;104;108;119;120;130;144;157;161;169;173;176;200;216;218;221;232;233;241;243;245;247,-0.4679534309990293,-0.4945659659016618,0.2936530463398924,0.1069983343813182,True
adult,confirmation,row_active,4101,3,29;32;45;47;54;61;65;94;99;101;104;108;119;120;130;144;157;161;169;173;176;200;203;216;218;221;232;233;241;243;245;247,-0.435416226713873,-0.4892368922081038,0.3261902506250487,0.1123274080748761,True
adult,confirmation,row_active,4101,4,29;32;45;47;54;61;65;94;99;101;104;108;119;120;130;144;157;161;169;173;176;200;203;216;218;221;232;241;243;244;245;247,-0.4076140634977224,-0.4802667994666029,0.3539924138411993,0.1212975008163771,True
adult,confirmation,contextual_active,4101,0,29;32;45;47;54;61;65;94;99;101;103;104;108;119;120;130;144;147;157;161;169;176;216;218;221;232;233;241;243;245;247;249,-0.7616064773389217,-0.60156430028298,0.0,0.0,True
adult,confirmation,contextual_active,4101,1,29;32;45;47;54;61;65;94;99;101;103;104;108;119;120;130;144;147;157;161;169;176;178;216;218;221;232;233;241;243;245;247,-0.5200452807880706,-0.5149689198784899,0.2415611965508511,0.0865953804044901,True
adult,confirmation,contextual_active,4101,2,29;32;45;47;54;61;65;94;99;101;103;104;108;119;120;130;144;157;161;169;173;176;178;216;218;221;232;233;241;243;245;247,-0.4473656758989723,-0.4997812255318762,0.3142408014399494,0.1017830747511037,True
adult,confirmation,contextual_active,4101,3,29;32;45;47;54;61;65;94;99;101;103;104;108;119;120;144;157;161;169;170;173;176;178;216;218;221;232;233;241;243;245;247,-0.4051022472079226,-0.4560523985239962,0.3565042301309991,0.1455119017589838,True
adult,confirmation,contextual_active,4101,4,29;45;47;54;61;62;65;94;99;101;103;104;108;119;120;144;157;161;169;170;173;176;178;216;218;221;232;233;241;243;245;247,-0.3914508122354293,-0.4351034967168353,0.3701556651034924,0.1664608035661447,True
adult,confirmation,additive_static,4101,0,29;32;45;47;54;61;65;94;99;101;103;104;108;119;120;130;144;147;157;161;169;176;216;218;221;232;233;241;243;245;247;249,-0.7616064773389217,-0.60156430028298,0.0,0.0,True
adult,confirmation,additive_static,4101,1,29;32;39;45;47;54;61;65;94;99;101;103;104;108;119;120;130;144;147;157;161;169;176;216;218;221;232;233;241;243;245;247,-0.5786256185226262,-0.5290101194026711,0.1829808588162955,0.0725541808803089,True
adult,confirmation,additive_static,4101,2,29;32;39;45;47;54;61;65;94;96;99;101;103;104;108;119;120;130;144;157;161;169;176;216;218;221;232;233;241;243;245;247,-0.4749851023736523,-0.5063931939383093,0.2866213749652694,0.0951711063446707,True
adult,confirmation,additive_static,4101,3,29;32;39;45;47;54;61;65;94;96;99;101;103;104;108;119;130;144;157;161;169;173;176;216;218;221;232;233;241;243;245;247,-0.4637050178441363,-0.5026242815450983,0.2979014594947854,0.0989400187378817,True
adult,confirmation,additive_static,4101,4,2;29;32;39;45;47;54;61;65;94;96;99;101;103;108;119;130;144;157;161;169;173;176;216;218;221;232;233;241;243;245;247,-0.4635211544692814,-0.4977315456857092,0.2980853228696403,0.1038327545972708,True
adult,confirmation,fm_static,4101,0,29;32;45;47;54;61;65;94;99;101;103;104;108;119;120;130;144;147;157;161;169;176;216;218;221;232;233;241;243;245;247;249,-0.7616064773389217,-0.60156430028298,0.0,0.0,True
adult,confirmation,fm_static,4101,1,29;32;39;45;47;54;61;65;94;99;101;103;104;108;119;120;130;144;147;157;161;169;176;216;218;221;232;233;241;243;245;247,-0.5786256185226262,-0.5290101194026711,0.1829808588162955,0.0725541808803089,True
adult,confirmation,fm_static,4101,2,29;32;39;45;47;54;61;65;94;99;101;103;104;108;119;120;130;144;157;161;169;173;176;216;218;221;232;233;241;243;245;247,-0.4567872498518368,-0.4966255730844537,0.3048192274870849,0.1049387271985263,True
adult,confirmation,fm_static,4101,3,29;32;39;45;47;54;61;65;94;99;101;103;104;108;119;130;144;157;161;169;173;176;216;218;221;232;233;241;243;244;245;247,-0.4497116975769671,-0.4772463181277765,0.3118947797619546,0.1243179821552035,True
adult,confirmation,fm_static,4101,4,29;32;39;45;47;54;61;65;94;99;101;103;104;108;119;130;144;157;161;169;173;176;216;218;221;232;233;241;243;244;245;247,-0.4497116975769671,-0.4772463181277765,0.3118947797619546,0.1243179821552035,True
adult,confirmation,random_search,4102,0,11;17;29;45;51;56;61;67;69;71;115;123;129;145;151;161;166;169;175;177;180;189;194;198;204;219;220;229;232;242;248;250,-0.5809828741907505,-0.5921726370429609,0.0,0.0,True
adult,confirmation,random_search,4102,1,11;17;29;45;56;61;67;69;71;115;123;129;138;145;151;161;166;169;175;177;180;189;194;198;204;219;220;229;232;242;248;250,-0.5352676930672701,-0.568531912620508,0.0457151811234803,0.0236407244224529,True
adult,confirmation,random_search,4102,2,4;11;17;29;45;56;61;67;69;71;115;123;129;138;145;151;166;169;175;177;180;189;194;198;204;219;220;229;232;242;248;250,-0.4927716571639719,-0.5394057708560913,0.0882112170267785,0.0527668661868695,True
adult,confirmation,random_search,4102,3,4;11;17;29;45;56;61;67;69;71;115;123;129;138;145;151;166;169;175;177;180;189;194;198;204;219;220;229;232;242;246;248,-0.4723736529325162,-0.4944789167021116,0.1086092212582342,0.0976937203408492,True
adult,confirmation,random_search,4102,4,4;11;17;29;45;56;61;67;69;71;115;123;129;138;145;151;166;169;175;177;180;189;194;198;204;219;220;229;242;244;246;248,-0.4250273694498935,-0.4593980610352213,0.1559555047408569,0.1327745760077395,True
adult,confirmation,row_active,4102,0,11;17;29;45;51;56;61;67;69;71;115;123;129;145;151;161;166;169;175;177;180;189;194;198;204;219;220;229;232;242;248;250,-0.5809828741907505,-0.5921726370429609,0.0,0.0,True
adult,confirmation,row_active,4102,1,11;17;29;45;51;56;61;67;69;115;123;129;145;151;159;161;166;169;175;177;180;189;194;198;204;219;220;229;232;242;248;250,-0.5105005907938512,-0.5279541861278886,0.0704822833968992,0.0642184509150722,True
adult,confirmation,row_active,4102,2,11;17;29;45;51;61;67;69;115;123;129;140;145;151;159;161;166;169;175;177;180;189;194;198;204;219;220;229;232;242;248;250,-0.4753403528518078,-0.5363275191400239,0.1056425213389426,0.055845117902937,True
adult,confirmation,row_active,4102,3,11;17;29;45;51;61;67;69;115;129;140;145;151;159;161;166;169;175;177;180;189;194;198;204;205;219;220;229;232;242;248;250,-0.4501199027091724,-0.5071529361449885,0.130862971481578,0.0850197008979724,True
adult,confirmation,row_active,4102,4,11;17;29;45;51;61;67;69;115;129;140;145;151;159;161;166;169;175;177;180;189;194;198;204;205;214;219;229;232;242;248;250,-0.4354173335520005,-0.4972134134642749,0.1455655406387499,0.0949592235786859,True
adult,confirmation,contextual_active,4102,0,11;17;29;45;51;56;61;67;69;71;115;123;129;145;151;161;166;169;175;177;180;189;194;198;204;219;220;229;232;242;248;250,-0.5809828741907505,-0.5921726370429609,0.0,0.0,True
adult,confirmation,contextual_active,4102,1,11;17;29;45;51;56;61;67;69;71;108;115;123;129;145;151;161;166;169;175;177;180;189;194;198;204;219;220;232;242;248;250,-0.5370522482462413,-0.5555156105645684,0.0439306259445091,0.0366570264783924,True
adult,confirmation,contextual_active,4102,2,11;17;29;45;56;61;67;69;71;79;108;115;123;129;145;151;161;166;169;175;177;180;189;194;198;204;219;220;232;242;248;250,-0.4747666996117969,-0.5063102377779374,0.1062161745789535,0.0858623992650234,True
adult,confirmation,contextual_active,4102,3,11;17;39;45;56;61;67;69;71;79;108;115;123;129;145;151;161;166;169;175;177;180;189;194;198;204;219;220;232;242;248;250,-0.442359024656747,-0.486095826542132,0.1386238495340034,0.1060768105008287,True
adult,confirmation,contextual_active,4102,4,11;17;39;45;55;56;61;67;69;71;79;108;115;123;129;145;151;161;166;169;175;177;180;189;194;198;219;220;232;242;248;250,-0.4158343142765474,-0.4724512555653494,0.165148559914203,0.1197213814776114,True
adult,confirmation,additive_static,4102,0,11;17;29;45;51;56;61;67;69;71;115;123;129;145;151;161;166;169;175;177;180;189;194;198;204;219;220;229;232;242;248;250,-0.5809828741907505,-0.5921726370429609,0.0,0.0,True
adult,confirmation,additive_static,4102,1,11;17;29;39;45;56;61;67;69;71;115;123;129;145;151;161;166;169;175;177;180;189;194;198;204;219;220;229;232;242;248;250,-0.502918640286491,-0.5267871443484442,0.0780642339042594,0.0653854926945166,True
adult,confirmation,additive_static,4102,2,11;17;29;39;45;56;61;67;69;71;115;123;129;145;151;161;166;169;175;177;180;189;194;198;204;219;220;229;232;242;248;250,-0.502918640286491,-0.5267871443484442,0.0780642339042594,0.0653854926945166,True
adult,confirmation,additive_static,4102,3,11;17;29;39;45;56;61;67;69;71;115;123;129;145;151;161;166;169;175;177;180;189;194;198;204;219;220;229;232;242;248;250,-0.502918640286491,-0.5267871443484442,0.0780642339042594,0.0653854926945166,True
adult,confirmation,additive_static,4102,4,11;17;29;39;45;56;61;67;69;71;115;123;129;145;151;161;166;169;175;177;180;189;194;198;204;219;220;229;232;242;248;250,-0.502918640286491,-0.5267871443484442,0.0780642339042594,0.0653854926945166,True
adult,confirmation,fm_static,4102,0,11;17;29;45;51;56;61;67;69;71;115;123;129;145;151;161;166;169;175;177;180;189;194;198;204;219;220;229;232;242;248;250,-0.5809828741907505,-0.5921726370429609,0.0,0.0,True
adult,confirmation,fm_static,4102,1,11;17;29;45;54;56;61;67;69;71;115;123;129;145;151;161;166;169;175;177;180;189;194;198;204;219;220;229;232;242;248;250,-0.5327268501820033,-0.6015357712537301,0.0482560240087471,-0.0093631342107692,True
adult,confirmation,fm_static,4102,2,11;17;29;45;54;56;61;67;69;71;115;123;129;145;151;161;166;169;173;175;177;180;189;194;198;204;219;220;229;242;248;250,-0.5002263029488635,-0.5620344430628814,0.0807565712418869,0.0301381939800794,True
adult,confirmation,fm_static,4102,3,11;17;29;39;54;56;61;67;69;71;115;123;129;145;151;161;166;169;173;175;177;180;189;194;198;204;219;220;229;242;248;250,-0.4818039867963782,-0.5160246728887359,0.0991788873943722,0.0761479641542249,True
adult,confirmation,fm_static,4102,4,11;17;29;39;54;56;61;67;69;71;115;123;129;145;151;161;166;169;173;175;177;180;189;194;198;204;219;220;229;242;248;250,-0.4818039867963782,-0.5160246728887359,0.0991788873943722,0.0761479641542249,True
adult,confirmation,random_search,4103,0,17;19;23;33;42;45;63;83;87;88;96;102;104;108;115;119;120;135;140;143;161;164;166;174;178;191;204;219;233;240;241;249,-0.5604929936363618,-0.5650269025286999,0.0,0.0,True
adult,confirmation,random_search,4103,1,17;19;23;33;42;45;63;83;87;88;91;96;102;104;108;115;119;120;135;140;143;161;164;166;174;178;191;204;219;233;240;241,-0.498782661804264,-0.5098591480523512,0.0617103318320978,0.0551677544763486,True
adult,confirmation,random_search,4103,2,19;23;33;42;45;46;63;83;87;88;91;96;102;104;108;115;119;120;135;140;143;161;164;166;174;178;191;204;219;233;240;241,-0.4438612262914967,-0.4854510499722224,0.1166317673448651,0.0795758525564774,True
adult,confirmation,random_search,4103,3,19;33;42;45;46;63;83;87;88;91;96;102;104;108;115;119;120;135;140;143;161;164;166;174;178;190;191;204;219;233;240;241,-0.4029162273832767,-0.4882484336129077,0.1575767662530851,0.0767784689157921,True
adult,confirmation,random_search,4103,4,19;33;42;46;63;83;87;88;91;96;102;104;108;115;119;120;135;140;143;161;164;166;174;178;190;191;204;219;233;235;240;241,-0.3885006817001261,-0.4856725877637376,0.1719923119362357,0.0793543147649623,True
adult,confirmation,row_active,4103,0,17;19;23;33;42;45;63;83;87;88;96;102;104;108;115;119;120;135;140;143;161;164;166;174;178;191;204;219;233;240;241;249,-0.5604929936363618,-0.5650269025286999,0.0,0.0,True
adult,confirmation,row_active,4103,1,17;19;23;33;42;45;63;83;87;88;96;102;104;108;115;119;120;129;135;140;143;161;164;166;174;178;191;204;219;233;240;241,-0.5118580079805427,-0.5210451504324352,0.0486349856558191,0.0439817520962647,True
adult,confirmation,row_active,4103,2,16;17;19;33;42;45;63;83;87;88;96;102;104;108;115;119;120;129;135;140;143;161;164;166;174;178;191;204;219;233;240;241,-0.445490347255402,-0.4946438205853425,0.1150026463809598,0.0703830819433574,True
adult,confirmation,row_active,4103,3,16;17;19;33;42;45;63;83;87;88;96;102;104;108;115;119;129;135;140;143;161;164;166;174;178;188;191;204;219;233;240;241,-0.4112970712814764,-0.4668655642914656,0.1491959223548854,0.0981613382372342,True
adult,confirmation,row_active,4103,4,16;17;19;33;42;45;63;83;87;88;96;102;104;108;115;119;129;135;141;143;161;164;166;174;178;188;191;204;219;233;240;241,-0.3863138547656911,-0.4451446460557768,0.1741791388706707,0.1198822564729231,True
adult,confirmation,contextual_active,4103,0,17;19;23;33;42;45;63;83;87;88;96;102;104;108;115;119;120;135;140;143;161;164;166;174;178;191;204;219;233;240;241;249,-0.5604929936363618,-0.5650269025286999,0.0,0.0,True
adult,confirmation,contextual_active,4103,1,17;19;23;33;42;45;63;83;87;88;96;102;104;108;115;119;120;135;140;143;161;164;166;174;178;191;204;205;219;233;240;241,-0.495352097269697,-0.5051070467533129,0.0651408963666648,0.059919855775387,True
adult,confirmation,contextual_active,4103,2,17;19;23;33;42;45;63;83;87;88;96;102;104;108;110;115;119;120;135;140;143;161;164;166;174;178;191;204;205;233;240;241,-0.453913483939549,-0.5023492251476176,0.1065795096968128,0.0626776773810823,True
adult,confirmation,contextual_active,4103,3,17;19;22;23;33;42;45;63;83;87;88;96;102;104;108;110;115;119;120;135;140;143;161;166;174;178;191;204;205;233;240;241,-0.4339412154533284,-0.4804928010197465,0.1265517781830334,0.0845341015089534,True
adult,confirmation,contextual_active,4103,4,17;19;22;23;33;45;63;83;87;88;93;96;102;104;108;110;115;119;120;135;140;143;161;166;174;178;191;204;205;233;240;241,-0.4083117061185726,-0.4652987800107748,0.1521812875177892,0.0997281225179251,True
adult,confirmation,additive_static,4103,0,17;19;23;33;42;45;63;83;87;88;96;102;104;108;115;119;120;135;140;143;161;164;166;174;178;191;204;219;233;240;241;249,-0.5604929936363618,-0.5650269025286999,0.0,0.0,True
adult,confirmation,additive_static,4103,1,17;19;23;33;39;42;45;63;83;87;88;96;102;104;108;115;119;120;135;140;143;161;164;166;174;178;191;204;219;233;240;241,-0.4924719147837485,-0.505212568518575,0.0680210788526133,0.0598143340101249,True
adult,confirmation,additive_static,4103,2,17;19;33;39;42;45;63;83;87;88;96;102;104;108;115;119;120;135;140;143;161;164;166;173;174;178;191;204;219;233;240;241,-0.4412264560924935,-0.4813074692910039,0.1192665375438683,0.083719433237696,True
adult,confirmation,additive_static,4103,3,2;17;19;33;39;42;45;63;83;87;88;96;102;104;108;115;119;135;140;143;161;164;166;173;174;178;191;204;219;233;240;241,-0.4360143093876519,-0.5090233069698819,0.1244786842487099,0.056003595558818,True
adult,confirmation,additive_static,4103,4,2;17;19;33;39;42;45;54;63;83;87;88;96;102;108;115;119;135;140;143;161;164;166;173;174;178;191;204;219;233;240;241,-0.4272191480424832,-0.4707424779000162,0.1332738455938786,0.0942844246286837,True
adult,confirmation,fm_static,4103,0,17;19;23;33;42;45;63;83;87;88;96;102;104;108;115;119;120;135;140;143;161;164;166;174;178;191;204;219;233;240;241;249,-0.5604929936363618,-0.5650269025286999,0.0,0.0,True
adult,confirmation,fm_static,4103,1,17;19;23;33;42;45;63;83;87;88;96;102;104;108;115;119;120;135;140;143;161;164;166;173;174;178;191;204;219;233;240;241,-0.4771053238702758,-0.5139646617827252,0.083387669766086,0.0510622407459747,True
adult,confirmation,fm_static,4103,2,17;19;33;42;45;55;63;83;87;88;96;102;104;108;115;119;120;135;140;143;161;164;166;173;174;178;191;204;219;233;240;241,-0.4042729039252558,-0.4819487640949345,0.156220089711106,0.0830781384337654,True
adult,confirmation,fm_static,4103,3,17;19;33;42;45;55;63;83;87;88;96;102;104;108;115;119;120;135;140;143;161;164;166;173;174;178;191;204;219;233;240;241,-0.4042729039252558,-0.4819487640949345,0.156220089711106,0.0830781384337654,True
adult,confirmation,fm_static,4103,4,17;19;33;42;45;55;63;83;87;88;96;102;104;108;115;119;120;135;140;143;161;164;166;173;174;178;191;204;219;233;240;241,-0.4042729039252558,-0.4819487640949345,0.156220089711106,0.0830781384337654,True
bank-marketing,confirmation,random_search,4101,0,2;23;27;28;30;34;53;56;58;59;76;80;106;115;119;138;146;147;148;151;167;168;170;171;181;190;208;212;213;227;232;235,-0.462271748580131,-0.3409449776145081,0.0,0.0,True
bank-marketing,confirmation,random_search,4101,1,2;23;27;28;30;34;53;56;58;59;76;80;106;115;119;138;146;147;148;151;167;168;170;171;190;208;212;213;225;227;232;235,-0.3861873618873895,-0.2929987662026679,0.0760843866927414,0.0479462114118401,True
bank-marketing,confirmation,random_search,4101,2,23;27;28;30;34;53;56;58;59;76;80;106;115;119;138;146;147;148;151;165;167;168;170;171;190;208;212;213;225;227;232;235,-0.3394972223329466,-0.2972187429045102,0.1227745262471843,0.0437262347099978,True
bank-marketing,confirmation,random_search,4101,3,19;23;27;28;30;34;53;56;58;59;76;80;106;115;119;138;146;147;148;151;165;167;168;170;171;190;208;212;213;225;227;232,-0.3164365354170704,-0.2963595312478291,0.1458352131630605,0.0445854463666789,True
bank-marketing,confirmation,random_search,4101,4,19;23;27;28;30;34;53;56;58;59;76;80;106;115;119;138;146;147;148;151;165;167;168;171;187;190;208;212;213;225;227;232,-0.3011869623564072,-0.3337185479887947,0.1610847862237238,0.0072264296257134,True
bank-marketing,confirmation,row_active,4101,0,2;23;27;28;30;34;53;56;58;59;76;80;106;115;119;138;146;147;148;151;167;168;170;171;181;190;208;212;213;227;232;235,-0.462271748580131,-0.3409449776145081,0.0,0.0,True
bank-marketing,confirmation,row_active,4101,1,23;27;28;30;34;53;56;58;59;76;80;106;115;119;131;138;146;147;148;151;167;168;170;171;181;190;208;212;213;227;232;235,-0.3735935277839242,-0.3447823626309824,0.0886782207962068,-0.0038373850164742,True
bank-marketing,confirmation,row_active,4101,2,23;27;28;34;53;56;58;59;76;80;102;106;115;119;131;138;146;147;148;151;167;168;170;171;181;190;208;212;213;227;232;235,-0.3349389835124186,-0.3106761180986363,0.1273327650677124,0.0302688595158717,True
bank-marketing,confirmation,row_active,4101,3,23;27;28;34;53;56;58;59;76;80;102;106;115;119;131;138;146;147;148;151;167;168;170;171;190;208;212;213;227;232;235;242,-0.3172619833244702,-0.2998512667927358,0.1450097652556607,0.0410937108217722,True
bank-marketing,confirmation,row_active,4101,4,19;23;27;28;34;53;56;58;59;76;80;102;106;115;119;131;138;146;147;148;151;168;170;171;190;208;212;213;227;232;235;242,-0.3035478587938771,-0.3007022774573901,0.1587238897862539,0.040242700157118,True
bank-marketing,confirmation,contextual_active,4101,0,2;23;27;28;30;34;53;56;58;59;76;80;106;115;119;138;146;147;148;151;167;168;170;171;181;190;208;212;213;227;232;235,-0.462271748580131,-0.3409449776145081,0.0,0.0,True
bank-marketing,confirmation,contextual_active,4101,1,23;27;28;30;34;53;56;58;59;76;80;106;108;115;119;138;146;147;148;151;167;168;170;171;181;190;208;212;213;227;232;235,-0.3484176955722223,-0.3399293468383093,0.1138540530079086,0.0010156307761988,True
bank-marketing,confirmation,contextual_active,4101,2,23;27;28;34;53;56;58;59;76;77;80;106;108;115;119;138;146;147;148;151;167;168;170;171;181;190;208;212;213;227;232;235,-0.3133462440308849,-0.3015893739956617,0.148925504549246,0.0393556036188463,True
bank-marketing,confirmation,contextual_active,4101,3,23;27;28;34;53;56;58;59;76;77;80;106;108;115;119;138;146;147;148;151;167;168;170;172;181;190;208;212;213;227;232;235,-0.3002194591033319,-0.3016718366677443,0.162052289476799,0.0392731409467637,True
bank-marketing,confirmation,contextual_active,4101,4,19;23;27;28;34;56;58;59;76;77;80;106;108;115;119;138;146;147;148;151;167;168;170;172;181;190;208;212;213;227;232;235,-0.2850170811385109,-0.3136123089738574,0.1772546674416201,0.0273326686406507,True
bank-marketing,confirmation,additive_static,4101,0,2;23;27;28;30;34;53;56;58;59;76;80;106;115;119;138;146;147;148;151;167;168;170;171;181;190;208;212;213;227;232;235,-0.462271748580131,-0.3409449776145081,0.0,0.0,True
bank-marketing,confirmation,additive_static,4101,1,2;23;27;28;30;34;53;56;58;59;76;80;106;115;119;138;146;147;148;151;167;168;170;171;187;190;208;212;213;227;232;235,-0.3818381784934408,-0.323735294573103,0.0804335700866901,0.017209683041405,True
bank-marketing,confirmation,additive_static,4101,2,2;23;27;28;30;34;53;56;58;59;76;80;106;115;119;138;146;147;148;151;167;168;170;187;190;208;212;213;227;232;235;255,-0.3603612254110366,-0.3220499571619539,0.1019105231690943,0.0188950204525541,True
bank-marketing,confirmation,additive_static,4101,3,2;23;27;28;30;34;53;56;58;59;76;80;106;115;119;138;146;147;148;151;165;167;168;170;187;190;208;212;213;232;235;255,-0.3330349771661263,-0.3217429663764328,0.1292367714140047,0.0192020112380752,True
bank-marketing,confirmation,additive_static,4101,4,2;23;27;28;30;34;56;58;59;71;76;80;106;115;119;138;146;147;148;151;165;167;168;170;187;190;208;212;213;232;235;255,-0.3045951063673847,-0.3105850886815012,0.1576766422127463,0.0303598889330068,True
bank-marketing,confirmation,fm_static,4101,0,2;23;27;28;30;34;53;56;58;59;76;80;106;115;119;138;146;147;148;151;167;168;170;171;181;190;208;212;213;227;232;235,-0.462271748580131,-0.3409449776145081,0.0,0.0,True
bank-marketing,confirmation,fm_static,4101,1,2;23;27;28;30;34;53;56;58;59;68;76;80;106;115;119;138;146;147;151;167;168;170;171;181;190;208;212;213;227;232;235,-0.4393430237275636,-0.3371191613209099,0.0229287248525673,0.0038258162935981,True
bank-marketing,confirmation,fm_static,4101,2,2;19;23;27;28;30;34;56;58;59;68;76;80;106;115;119;138;146;147;151;167;168;170;171;181;190;208;212;213;227;232;235,-0.4046569617596533,-0.3260897936571284,0.0576147868204776,0.0148551839573796,True
bank-marketing,confirmation,fm_static,4101,3,2;19;23;27;28;34;56;58;59;68;71;76;80;106;115;119;138;146;147;151;167;168;170;171;181;190;208;212;213;227;232;235,-0.3967613278275732,-0.3117686988591355,0.0655104207525578,0.0291762787553725,True
bank-marketing,confirmation,fm_static,4101,4,2;19;23;27;28;34;56;58;59;68;71;76;80;106;115;119;138;146;147;151;167;168;170;171;181;190;208;212;213;227;232;235,-0.3967613278275732,-0.3117686988591355,0.0655104207525578,0.0291762787553725,True
bank-marketing,confirmation,random_search,4102,0,3;14;34;42;46;55;68;69;75;76;91;96;98;124;130;146;164;166;174;181;183;185;192;198;216;220;228;234;247;252;253;255,-0.3699385369159824,-0.3481962365677896,0.0,0.0,True
bank-marketing,confirmation,random_search,4102,1,3;14;34;42;46;55;67;68;69;75;76;91;96;98;124;130;146;164;166;174;181;183;192;198;216;220;228;234;247;252;253;255,-0.3271345293355568,-0.3078349622957932,0.0428040075804255,0.0403612742719963,True
bank-marketing,confirmation,random_search,4102,2,3;14;34;42;46;55;67;68;69;76;91;96;98;124;130;146;164;166;174;181;183;192;198;216;218;220;228;234;247;252;253;255,-0.3031186655834357,-0.2812863188420575,0.0668198713325466,0.066909917725732,True
bank-marketing,confirmation,random_search,4102,3,3;14;34;42;46;55;67;68;69;76;91;96;98;124;130;146;164;166;174;180;181;183;192;198;216;218;220;228;234;247;252;255,-0.285174546472195,-0.2853631292505254,0.0847639904437874,0.0628331073172641,True
bank-marketing,confirmation,random_search,4102,4,3;14;34;42;46;55;67;68;69;76;91;96;98;124;130;146;164;166;174;180;181;182;183;192;198;216;218;220;228;247;252;255,-0.2739737225949773,-0.2941867981592657,0.095964814321005,0.0540094384085239,True
bank-marketing,confirmation,row_active,4102,0,3;14;34;42;46;55;68;69;75;76;91;96;98;124;130;146;164;166;174;181;183;185;192;198;216;220;228;234;247;252;253;255,-0.3699385369159824,-0.3481962365677896,0.0,0.0,True
bank-marketing,confirmation,row_active,4102,1,3;14;34;42;46;55;68;69;75;76;91;98;124;130;146;159;164;166;174;181;183;185;192;198;216;220;228;234;247;252;253;255,-0.3185201313540623,-0.285117146636194,0.05141840556192,0.0630790899315955,True
bank-marketing,confirmation,row_active,4102,2,3;14;34;42;46;55;68;69;75;76;91;98;124;130;146;159;164;166;174;181;183;185;192;198;203;216;220;228;234;252;253;255,-0.3013737724822201,-0.2824830220179056,0.0685647644337623,0.0657132145498839,True
bank-marketing,confirmation,row_active,4102,3,3;8;14;34;42;46;55;68;69;75;76;91;98;124;130;146;159;164;166;174;181;183;185;192;198;203;216;228;234;252;253;255,-0.2967889368718887,-0.2811713947474771,0.0731496000440937,0.0670248418203124,True
bank-marketing,confirmation,row_active,4102,4,4;8;14;34;42;46;55;68;69;75;76;91;98;124;130;146;159;164;166;174;181;183;185;192;198;203;216;228;234;252;253;255,-0.2778923259953959,-0.2899205385552113,0.0920462109205865,0.0582756980125782,True
bank-marketing,confirmation,contextual_active,4102,0,3;14;34;42;46;55;68;69;75;76;91;96;98;124;130;146;164;166;174;181;183;185;192;198;216;220;228;234;247;252;253;255,-0.3699385369159824,-0.3481962365677896,0.0,0.0,True
bank-marketing,confirmation,contextual_active,4102,1,3;14;34;42;54;55;68;69;75;76;91;96;98;124;130;146;164;166;174;181;183;185;192;198;216;220;228;234;247;252;253;255,-0.3154170908648523,-0.3150406093338349,0.05452144605113,0.0331556272339546,True
bank-marketing,confirmation,contextual_active,4102,2,3;14;34;42;54;55;68;69;75;76;91;96;98;124;130;146;164;166;172;174;181;183;185;192;198;216;220;228;247;252;253;255,-0.3072078607300285,-0.3111283428497308,0.0627306761859539,0.0370678937180588,True
bank-marketing,confirmation,contextual_active,4102,3,3;8;14;34;42;54;55;68;69;75;76;91;96;98;124;130;146;164;166;172;174;181;185;192;198;216;220;228;247;252;253;255,-0.297143807346643,-0.3065005678391854,0.0727947295693394,0.0416956687286041,True
bank-marketing,confirmation,contextual_active,4102,4,3;8;14;34;42;54;55;68;69;75;76;91;96;98;124;130;146;158;164;166;172;181;185;192;198;216;220;228;247;252;253;255,-0.2843716613528039,-0.312596949176862,0.0855668755631784,0.0355992873909276,True
bank-marketing,confirmation,additive_static,4102,0,3;14;34;42;46;55;68;69;75;76;91;96;98;124;130;146;164;166;174;181;183;185;192;198;216;220;228;234;247;252;253;255,-0.3699385369159824,-0.3481962365677896,0.0,0.0,True
bank-marketing,confirmation,additive_static,4102,1,3;14;34;42;46;55;68;69;75;76;91;96;98;124;130;146;164;166;174;181;183;185;192;198;216;220;228;234;247;252;253;255,-0.3699385369159824,-0.3481962365677896,0.0,0.0,True
bank-marketing,confirmation,additive_static,4102,2,3;14;34;42;46;55;68;69;75;76;91;96;98;124;130;146;164;166;174;181;183;185;192;198;216;220;228;234;247;252;253;255,-0.3699385369159824,-0.3481962365677896,0.0,0.0,True
bank-marketing,confirmation,additive_static,4102,3,3;14;34;42;46;55;68;69;75;76;91;96;98;124;130;146;164;166;174;181;183;185;192;198;216;220;228;234;247;252;253;255,-0.3699385369159824,-0.3481962365677896,0.0,0.0,True
bank-marketing,confirmation,additive_static,4102,4,3;14;34;42;46;55;68;69;75;76;91;96;98;124;130;146;164;166;174;181;183;185;192;198;216;220;228;234;247;252;253;255,-0.3699385369159824,-0.3481962365677896,0.0,0.0,True
bank-marketing,confirmation,fm_static,4102,0,3;14;34;42;46;55;68;69;75;76;91;96;98;124;130;146;164;166;174;181;183;185;192;198;216;220;228;234;247;252;253;255,-0.3699385369159824,-0.3481962365677896,0.0,0.0,True
bank-marketing,confirmation,fm_static,4102,1,3;14;34;42;46;55;68;69;75;76;91;96;98;124;130;146;164;166;174;181;183;185;192;198;216;220;228;234;247;252;253;255,-0.3699385369159824,-0.3481962365677896,0.0,0.0,True
bank-marketing,confirmation,fm_static,4102,2,3;14;34;42;46;55;68;69;75;76;91;96;98;124;130;146;164;166;174;181;183;185;192;198;216;220;228;234;247;252;253;255,-0.3699385369159824,-0.3481962365677896,0.0,0.0,True
bank-marketing,confirmation,fm_static,4102,3,3;14;34;42;46;55;68;69;75;76;91;96;98;124;130;146;164;166;174;181;183;185;192;198;216;220;228;234;247;252;253;255,-0.3699385369159824,-0.3481962365677896,0.0,0.0,True
bank-marketing,confirmation,fm_static,4102,4,3;14;34;42;46;55;68;69;75;76;91;96;98;124;130;146;164;166;174;181;183;185;192;198;216;220;228;234;247;252;253;255,-0.3699385369159824,-0.3481962365677896,0.0,0.0,True
bank-marketing,confirmation,random_search,4103,0,3;13;26;34;39;53;54;57;69;74;76;82;89;102;103;105;107;116;126;127;132;159;163;169;175;181;191;208;212;223;227;250,-0.4434019491735894,-0.4775157645922412,0.0,0.0,True
bank-marketing,confirmation,random_search,4103,1,3;13;26;34;39;53;54;57;62;69;74;76;82;89;102;103;105;107;116;126;127;132;159;169;175;181;191;208;212;223;227;250,-0.3266301615342116,-0.4017790216760835,0.1167717876393777,0.0757367429161576,True
bank-marketing,confirmation,random_search,4103,2,3;13;34;39;53;54;57;62;69;74;76;82;89;93;102;103;105;107;116;126;127;132;159;169;175;181;191;208;212;223;227;250,-0.2987082139704761,-0.3799829679529829,0.1446937352031133,0.0975327966392582,True
bank-marketing,confirmation,random_search,4103,3,3;13;34;39;53;54;57;62;69;74;76;82;89;93;102;105;107;116;126;127;132;159;169;175;181;191;198;208;212;223;227;250,-0.2775209780126622,-0.3745166491841543,0.1658809711609272,0.1029991154080869,True
bank-marketing,confirmation,random_search,4103,4,3;13;15;34;39;53;54;57;62;69;76;82;89;93;102;105;107;116;126;127;132;159;169;175;181;191;198;208;212;223;227;250,-0.2651014455590779,-0.3611278544531713,0.1783005036145115,0.1163879101390699,True
bank-marketing,confirmation,row_active,4103,0,3;13;26;34;39;53;54;57;69;74;76;82;89;102;103;105;107;116;126;127;132;159;163;169;175;181;191;208;212;223;227;250,-0.4434019491735894,-0.4775157645922412,0.0,0.0,True
bank-marketing,confirmation,row_active,4103,1,3;13;34;39;53;54;57;69;74;76;82;89;102;103;105;107;116;126;127;132;159;163;169;175;181;191;208;212;223;227;250;255,-0.3240881078565881,-0.3436708369001452,0.1193138413170012,0.133844927692096,True
bank-marketing,confirmation,row_active,4103,2,3;13;34;39;53;54;57;69;74;75;76;82;89;102;103;105;107;116;126;127;132;159;169;175;181;191;208;212;223;227;250;255,-0.2892437938129637,-0.3081783051487924,0.1541581553606256,0.1693374594434488,True
bank-marketing,confirmation,row_active,4103,3,3;13;34;39;53;54;57;69;75;76;82;89;102;103;105;107;116;125;126;127;132;159;169;175;181;191;208;212;223;227;250;255,-0.280445938530554,-0.2989266361928206,0.1629560106430354,0.1785891283994205,True
bank-marketing,confirmation,row_active,4103,4,3;13;34;39;53;54;57;69;75;76;82;89;102;103;105;107;116;125;126;127;132;159;168;169;175;181;191;208;212;227;250;255,-0.2734408365455013,-0.2896806814351249,0.1699611126280881,0.1878350831571163,True
bank-marketing,confirmation,contextual_active,4103,0,3;13;26;34;39;53;54;57;69;74;76;82;89;102;103;105;107;116;126;127;132;159;163;169;175;181;191;208;212;223;227;250,-0.4434019491735894,-0.4775157645922412,0.0,0.0,True
bank-marketing,confirmation,contextual_active,4103,1,3;13;26;34;39;53;54;57;69;74;76;89;102;103;105;107;116;126;127;132;159;163;169;175;181;187;191;208;212;223;227;250,-0.3031391886971571,-0.3803646342042786,0.1402627604764322,0.0971511303879626,True
bank-marketing,confirmation,contextual_active,4103,2,3;13;34;39;53;54;57;69;74;76;89;102;103;105;107;116;126;127;132;159;163;169;175;181;187;191;208;212;214;223;227;250,-0.2876704066356338,-0.3870323762215943,0.1557315425379555,0.0904833883706469,True
bank-marketing,confirmation,contextual_active,4103,3,3;13;19;34;39;53;54;57;69;74;76;89;102;103;105;107;116;126;127;132;159;163;169;175;181;187;208;212;214;223;227;250,-0.2623842006161025,-0.3635313676549012,0.1810177485574868,0.1139843969373399,True
bank-marketing,confirmation,contextual_active,4103,4,3;13;19;34;39;53;54;57;69;76;89;102;103;105;107;116;126;127;132;159;163;169;175;180;181;187;208;212;214;223;227;250,-0.249856818707716,-0.3471866260819798,0.1935451304658733,0.1303291385102614,True
bank-marketing,confirmation,additive_static,4103,0,3;13;26;34;39;53;54;57;69;74;76;82;89;102;103;105;107;116;126;127;132;159;163;169;175;181;191;208;212;223;227;250,-0.4434019491735894,-0.4775157645922412,0.0,0.0,True
bank-marketing,confirmation,additive_static,4103,1,3;13;26;34;39;53;54;57;69;74;76;82;89;102;103;105;116;126;127;132;159;163;169;175;181;187;191;208;212;223;227;250,-0.3068210764404989,-0.3640188378297851,0.1365808727330905,0.1134969267624561,True
bank-marketing,confirmation,additive_static,4103,2,3;13;26;34;39;53;54;57;69;74;76;82;89;102;103;105;116;126;127;132;159;163;169;175;181;187;191;208;212;223;227;250,-0.3068210764404989,-0.3640188378297851,0.1365808727330905,0.1134969267624561,True
bank-marketing,confirmation,additive_static,4103,3,3;13;26;34;39;53;54;57;69;74;76;82;89;102;103;105;116;126;127;132;159;163;169;175;181;187;191;208;212;223;227;250,-0.3068210764404989,-0.3640188378297851,0.1365808727330905,0.1134969267624561,True
bank-marketing,confirmation,additive_static,4103,4,3;13;26;34;39;53;54;57;69;74;76;82;89;102;103;105;116;126;127;132;159;163;169;175;181;187;191;208;212;223;227;250,-0.3068210764404989,-0.3640188378297851,0.1365808727330905,0.1134969267624561,True
bank-marketing,confirmation,fm_static,4103,0,3;13;26;34;39;53;54;57;69;74;76;82;89;102;103;105;107;116;126;127;132;159;163;169;175;181;191;208;212;223;227;250,-0.4434019491735894,-0.4775157645922412,0.0,0.0,True
bank-marketing,confirmation,fm_static,4103,1,3;13;26;34;39;53;54;57;69;74;76;82;89;102;103;105;107;116;126;127;132;159;163;169;175;181;191;208;212;223;227;250,-0.4434019491735894,-0.4775157645922412,0.0,0.0,True
bank-marketing,confirmation,fm_static,4103,2,3;13;26;34;39;53;54;57;69;74;76;82;89;102;103;105;107;116;126;127;132;159;163;169;175;181;191;208;212;223;227;250,-0.4434019491735894,-0.4775157645922412,0.0,0.0,True
bank-marketing,confirmation,fm_static,4103,3,3;13;26;34;39;53;54;57;69;74;76;82;89;102;103;105;107;116;126;127;132;159;163;169;175;181;191;208;212;223;227;250,-0.4434019491735894,-0.4775157645922412,0.0,0.0,True
bank-marketing,confirmation,fm_static,4103,4,3;13;26;34;39;53;54;57;69;74;76;82;89;102;103;105;107;116;126;127;132;159;163;169;175;181;191;208;212;223;227;250,-0.4434019491735894,-0.4775157645922412,0.0,0.0,True
california_housing,confirmation,random_search,4101,0,25;32;33;36;41;43;46;56;72;81;84;94;98;107;113;118;127;138;150;154;157;166;169;185;192;202;219;224;227;232;237;249,-0.6430543499410254,-0.6128588980475629,0.0,0.0,True
california_housing,confirmation,random_search,4101,1,25;32;33;36;41;43;46;56;72;81;84;94;98;99;107;113;118;127;138;150;154;157;166;169;185;192;202;219;224;232;237;249,-0.5958787260300792,-0.5851840992526652,0.0471756239109462,0.0276747987948976,True
california_housing,confirmation,random_search,4101,2,25;32;33;36;41;43;44;46;56;72;81;84;94;98;99;107;113;118;127;138;150;154;157;166;169;185;192;219;224;232;237;249,-0.5790414184994427,-0.580269764310786,0.0640129314415827,0.0325891337367768,True
california_housing,confirmation,random_search,4101,3,25;32;33;36;41;43;44;46;56;72;81;84;94;98;99;107;118;127;128;138;150;154;157;166;169;185;192;219;224;232;237;249,-0.5581153782015378,-0.5729242721278,0.0849389717394876,0.0399346259197629,True
california_housing,confirmation,random_search,4101,4,25;32;33;36;41;43;44;46;56;72;81;84;94;98;99;107;118;127;128;138;150;154;157;166;169;185;192;224;225;232;237;249,-0.5379954872326573,-0.5430966872259224,0.105058862708368,0.0697622108216404,True
california_housing,confirmation,row_active,4101,0,25;32;33;36;41;43;46;56;72;81;84;94;98;107;113;118;127;138;150;154;157;166;169;185;192;202;219;224;227;232;237;249,-0.6430543499410254,-0.6128588980475629,0.0,0.0,True
california_housing,confirmation,row_active,4101,1,25;32;33;36;41;43;46;56;72;81;84;94;98;107;113;118;127;138;150;154;157;166;169;185;188;192;202;219;224;232;237;249,-0.5842292368686546,-0.5792888629143542,0.0588251130723708,0.0335700351332086,True
california_housing,confirmation,row_active,4101,2,25;32;33;36;41;43;46;56;72;81;84;94;98;107;113;118;127;138;150;154;157;166;169;185;188;192;202;221;224;232;237;249,-0.543291475948675,-0.5314237565604395,0.0997628739923504,0.0814351414871233,True
california_housing,confirmation,row_active,4101,3,25;27;32;33;36;41;43;46;56;72;81;84;94;98;107;113;118;127;138;150;154;157;166;169;185;188;192;202;221;224;237;249,-0.5343388880625254,-0.532190719311702,0.1087154618785,0.0806681787358608,True
california_housing,confirmation,row_active,4101,4,25;27;32;33;36;41;43;46;56;72;81;84;94;98;107;113;118;127;138;150;153;154;157;166;185;188;192;202;221;224;237;249,-0.5203819472272881,-0.5240666583743219,0.1226724027137372,0.088792239673241,True
california_housing,confirmation,contextual_active,4101,0,25;32;33;36;41;43;46;56;72;81;84;94;98;107;113;118;127;138;150;154;157;166;169;185;192;202;219;224;227;232;237;249,-0.6430543499410254,-0.6128588980475629,0.0,0.0,True
california_housing,confirmation,contextual_active,4101,1,25;32;33;36;41;43;46;56;72;81;84;94;98;107;108;113;118;127;138;150;154;157;166;169;185;192;202;219;224;232;237;249,-0.6005046912295584,-0.5858255107244554,0.0425496587114669,0.0270333873231074,True
california_housing,confirmation,contextual_active,4101,2,25;32;33;36;41;43;46;56;72;81;84;94;98;107;108;113;118;127;138;147;150;154;157;166;169;185;192;202;219;224;232;237,-0.5801768530263017,-0.5721184997149028,0.0628774969147236,0.04074039833266,True
california_housing,confirmation,contextual_active,4101,3,25;32;33;36;41;43;46;56;72;81;84;94;98;107;108;113;118;123;127;138;147;150;154;157;166;185;192;202;219;224;232;237,-0.5522417066466908,-0.5500696122841969,0.0908126432943345,0.0627892857633659,True
california_housing,confirmation,contextual_active,4101,4,25;32;33;36;41;43;46;56;72;77;81;84;94;98;107;108;113;123;127;138;147;150;154;157;166;185;192;202;219;224;232;237,-0.5324778269347299,-0.5498058414953474,0.1105765230062955,0.0630530565522154,True
california_housing,confirmation,additive_static,4101,0,25;32;33;36;41;43;46;56;72;81;84;94;98;107;113;118;127;138;150;154;157;166;169;185;192;202;219;224;227;232;237;249,-0.6430543499410254,-0.6128588980475629,0.0,0.0,True
california_housing,confirmation,additive_static,4101,1,25;32;33;36;41;43;46;56;72;81;84;98;107;113;117;118;127;138;150;154;157;166;169;185;192;202;219;224;227;232;237;249,-0.6430054085783032,-0.6107580888477195,4.894136272215466e-05,0.0021008091998433,True
california_housing,confirmation,additive_static,4101,2,25;32;33;36;41;43;46;56;72;81;84;98;107;113;117;118;127;138;150;154;157;166;169;185;192;202;219;224;227;232;237;249,-0.6430054085783032,-0.6107580888477195,4.894136272215466e-05,0.0021008091998433,True
california_housing,confirmation,additive_static,4101,3,25;32;33;36;41;43;46;56;72;81;84;98;107;113;117;118;127;138;150;154;157;166;169;185;192;202;219;224;227;232;237;249,-0.6430054085783032,-0.6107580888477195,4.894136272215466e-05,0.0021008091998433,True
california_housing,confirmation,additive_static,4101,4,25;32;33;36;41;43;46;56;72;81;84;98;107;113;117;118;127;138;150;154;157;166;169;185;192;202;219;224;227;232;237;249,-0.6430054085783032,-0.6107580888477195,4.894136272215466e-05,0.0021008091998433,True
california_housing,confirmation,fm_static,4101,0,25;32;33;36;41;43;46;56;72;81;84;94;98;107;113;118;127;138;150;154;157;166;169;185;192;202;219;224;227;232;237;249,-0.6430543499410254,-0.6128588980475629,0.0,0.0,True
california_housing,confirmation,fm_static,4101,1,25;32;33;36;41;43;46;56;72;81;84;94;98;107;113;118;127;138;150;154;157;166;169;185;192;202;219;224;227;232;237;249,-0.6430543499410254,-0.6128588980475629,0.0,0.0,True
california_housing,confirmation,fm_static,4101,2,25;32;33;36;41;43;46;56;72;81;84;94;98;107;113;118;127;138;150;154;157;166;169;185;192;202;219;224;227;232;237;249,-0.6430543499410254,-0.6128588980475629,0.0,0.0,True
california_housing,confirmation,fm_static,4101,3,25;32;33;36;41;43;46;56;72;81;84;94;98;107;113;118;127;138;150;154;157;166;169;185;192;202;219;224;227;232;237;249,-0.6430543499410254,-0.6128588980475629,0.0,0.0,True
california_housing,confirmation,fm_static,4101,4,25;32;33;36;41;43;46;56;72;81;84;94;98;107;113;118;127;138;150;154;157;166;169;185;192;202;219;224;227;232;237;249,-0.6430543499410254,-0.6128588980475629,0.0,0.0,True
california_housing,confirmation,random_search,4102,0,12;26;37;39;44;50;62;70;84;86;91;100;101;102;119;143;149;157;165;166;171;173;188;195;198;217;218;219;227;236;238;252,-0.6423776128029598,-0.566486880615165,0.0,0.0,True
california_housing,confirmation,random_search,4102,1,12;26;37;39;44;50;62;70;84;86;91;100;101;102;119;143;149;157;165;166;171;173;188;195;198;217;219;227;236;238;245;252,-0.5775862910820141,-0.5554713375495145,0.0647913217209457,0.0110155430656504,True
california_housing,confirmation,random_search,4102,2,5;12;26;37;39;44;50;62;84;86;91;100;101;102;119;143;149;157;165;166;171;173;188;195;198;217;219;227;236;238;245;252,-0.5315687390608368,-0.5399466137595008,0.110808873742123,0.0265402668556641,True
california_housing,confirmation,random_search,4102,3,5;12;26;37;39;44;50;62;84;86;100;101;102;119;143;149;157;165;166;171;173;186;188;195;198;217;219;227;236;238;245;252,-0.5095370079133953,-0.5415694446175314,0.1328406048895645,0.0249174359976335,True
california_housing,confirmation,random_search,4102,4,5;12;26;37;39;44;50;62;84;86;100;101;102;119;143;149;157;165;166;171;173;186;188;195;198;217;219;227;236;238;245;252,-0.5095370079133953,-0.5415694446175314,0.1328406048895645,0.0249174359976335,True
california_housing,confirmation,row_active,4102,0,12;26;37;39;44;50;62;70;84;86;91;100;101;102;119;143;149;157;165;166;171;173;188;195;198;217;218;219;227;236;238;252,-0.6423776128029598,-0.566486880615165,0.0,0.0,True
california_housing,confirmation,row_active,4102,1,5;12;26;37;39;44;50;62;70;84;86;91;100;101;102;119;143;149;165;166;171;173;188;195;198;217;218;219;227;236;238;252,-0.5842346290439903,-0.5317549407805251,0.0581429837589695,0.0347319398346398,True
california_housing,confirmation,row_active,4102,2,5;12;26;39;44;50;62;70;84;86;91;100;101;102;119;129;143;149;165;166;171;173;188;195;198;217;218;219;227;236;238;252,-0.5576690568057399,-0.5195133671369008,0.0847085559972199,0.0469735134782641,True
california_housing,confirmation,row_active,4102,3,3;5;12;26;39;44;50;62;70;84;86;100;101;102;119;129;143;149;165;166;171;173;188;195;198;217;218;219;227;236;238;252,-0.5462729396892728,-0.5306478588771357,0.0961046731136869,0.0358390217380292,True
california_housing,confirmation,row_active,4102,4,3;5;12;26;44;50;62;70;84;86;100;101;102;119;129;141;143;149;165;166;171;173;188;195;198;217;218;219;227;236;238;252,-0.5159699559233637,-0.5291167346198893,0.1264076568795961,0.0373701459952756,True
california_housing,confirmation,contextual_active,4102,0,12;26;37;39;44;50;62;70;84;86;91;100;101;102;119;143;149;157;165;166;171;173;188;195;198;217;218;219;227;236;238;252,-0.6423776128029598,-0.566486880615165,0.0,0.0,True
california_housing,confirmation,contextual_active,4102,1,12;26;37;39;44;50;62;70;84;86;91;101;102;119;143;149;154;157;165;166;171;173;188;195;198;217;218;219;227;236;238;252,-0.5241612432702355,-0.5383977414114816,0.1182163695327243,0.0280891392036833,True
california_housing,confirmation,contextual_active,4102,2,12;26;39;44;50;51;62;70;84;86;91;101;102;119;143;149;154;157;165;166;171;173;188;195;198;217;218;219;227;236;238;252,-0.517080668530951,-0.55822936603205,0.1252969442720087,0.0082575145831149,True
california_housing,confirmation,contextual_active,4102,3,4;12;26;39;44;50;51;62;70;84;86;91;101;102;119;143;149;154;157;165;166;171;173;188;195;198;217;219;227;236;238;252,-0.5033634899112067,-0.5522138742988019,0.139014122891753,0.014273006316363,True
california_housing,confirmation,contextual_active,4102,4,4;12;26;39;44;50;51;62;70;84;86;91;101;102;119;143;149;154;157;165;166;171;173;188;195;198;217;219;227;236;238;252,-0.5033634899112067,-0.5522138742988019,0.139014122891753,0.014273006316363,True
california_housing,confirmation,additive_static,4102,0,12;26;37;39;44;50;62;70;84;86;91;100;101;102;119;143;149;157;165;166;171;173;188;195;198;217;218;219;227;236;238;252,-0.6423776128029598,-0.566486880615165,0.0,0.0,True
california_housing,confirmation,additive_static,4102,1,12;26;37;39;44;50;62;70;84;86;91;101;102;117;119;143;149;157;165;166;171;173;188;195;198;217;218;219;227;236;238;252,-0.6082678475819425,-0.5727528750341179,0.0341097652210172,-0.0062659944189529,True
california_housing,confirmation,additive_static,4102,2,12;26;37;39;44;50;62;70;84;86;91;101;102;117;119;143;149;157;165;166;171;173;184;188;195;198;217;218;227;236;238;252,-0.552674618297345,-0.557415326915811,0.0897029945056148,0.0090715536993539,True
california_housing,confirmation,additive_static,4102,3,12;26;37;39;44;50;62;70;84;86;91;101;102;117;119;143;149;157;165;166;171;173;184;188;195;198;217;218;227;236;238;252,-0.552674618297345,-0.557415326915811,0.0897029945056148,0.0090715536993539,True
california_housing,confirmation,additive_static,4102,4,12;26;37;39;44;50;62;70;84;86;91;101;102;117;119;143;149;157;165;166;171;173;184;188;195;198;217;218;227;236;238;252,-0.552674618297345,-0.557415326915811,0.0897029945056148,0.0090715536993539,True
california_housing,confirmation,fm_static,4102,0,12;26;37;39;44;50;62;70;84;86;91;100;101;102;119;143;149;157;165;166;171;173;188;195;198;217;218;219;227;236;238;252,-0.6423776128029598,-0.566486880615165,0.0,0.0,True
california_housing,confirmation,fm_static,4102,1,3;12;26;37;39;44;50;62;70;84;86;91;101;102;119;143;149;157;165;166;171;173;188;195;198;217;218;219;227;236;238;252,-0.6209410552143408,-0.6012944195383844,0.0214365575886189,-0.0348075389232194,True
california_housing,confirmation,fm_static,4102,2,3;12;26;37;39;44;50;62;70;84;86;91;101;102;119;143;149;157;165;166;171;173;188;195;198;217;218;227;236;238;239;252,-0.6021477768231238,-0.5949445453421186,0.0402298359798359,-0.0284576647269536,True
california_housing,confirmation,fm_static,4102,3,3;12;26;37;39;44;50;62;70;84;86;91;101;102;119;143;149;157;165;166;171;173;184;188;195;198;217;218;227;236;239;252,-0.5882771197003344,-0.5901398152565788,0.0541004931026254,-0.0236529346414138,True
california_housing,confirmation,fm_static,4102,4,3;12;26;37;39;44;50;62;70;84;86;91;101;102;119;143;149;157;165;166;171;173;184;188;195;198;217;218;227;236;239;252,-0.5882771197003344,-0.5901398152565788,0.0541004931026254,-0.0236529346414138,True
california_housing,confirmation,random_search,4103,0,2;8;21;32;40;51;55;58;60;67;73;94;98;102;105;129;137;167;173;178;185;186;193;216;218;221;225;226;229;237;238;240,-0.7687281341393603,-0.7567168956526237,0.0,0.0,True
california_housing,confirmation,random_search,4103,1,2;8;21;32;40;51;55;58;60;73;94;98;102;105;119;129;137;167;173;178;185;186;193;216;218;221;225;226;229;237;238;240,-0.633676897384328,-0.5938026129436107,0.1350512367550322,0.1629142827090129,True
california_housing,confirmation,random_search,4103,2,2;8;21;32;40;51;55;58;60;73;81;94;98;102;119;129;137;167;173;178;185;186;193;216;218;221;225;226;229;237;238;240,-0.5954660805346508,-0.556334893395242,0.1732620536047094,0.2003820022573816,True
california_housing,confirmation,random_search,4103,3,2;8;21;32;39;40;51;55;58;60;73;81;94;98;102;119;129;137;167;173;178;185;186;193;218;221;225;226;229;237;238;240,-0.5651774086914882,-0.5237349569411669,0.203550725447872,0.2329819387114567,True
california_housing,confirmation,random_search,4103,4,2;8;21;32;39;40;51;54;55;58;60;73;81;94;98;102;119;129;137;167;173;178;185;186;193;218;221;226;229;237;238;240,-0.5439033720591588,-0.5264451522209479,0.2248247620802014,0.2302717434316757,True
california_housing,confirmation,row_active,4103,0,2;8;21;32;40;51;55;58;60;67;73;94;98;102;105;129;137;167;173;178;185;186;193;216;218;221;225;226;229;237;238;240,-0.7687281341393603,-0.7567168956526237,0.0,0.0,True
california_housing,confirmation,row_active,4103,1,2;8;21;32;40;51;55;58;60;67;73;94;98;102;129;130;137;167;173;178;185;186;193;216;218;221;225;226;229;237;238;240,-0.6098593296510396,-0.581839867485389,0.1588688044883206,0.1748770281672347,True
california_housing,confirmation,row_active,4103,2,2;8;21;32;40;51;55;58;60;67;73;94;98;101;102;129;130;137;167;173;178;185;186;193;218;221;225;226;229;237;238;240,-0.5703778814797005,-0.5831262496407301,0.1983502526596597,0.1735906460118935,True
california_housing,confirmation,row_active,4103,3,2;8;21;32;40;51;55;58;60;67;73;94;98;101;102;129;130;137;142;167;173;178;185;186;193;218;221;225;229;237;238;240,-0.5541073404234059,-0.5567246441672916,0.2146207937159543,0.199992251485332,True
california_housing,confirmation,row_active,4103,4,2;8;21;32;40;46;51;55;58;60;67;73;94;98;101;102;129;130;137;142;173;178;185;186;193;218;221;225;229;237;238;240,-0.5318881245579037,-0.5321305814276042,0.2368400095814565,0.2245863142250195,True
california_housing,confirmation,contextual_active,4103,0,2;8;21;32;40;51;55;58;60;67;73;94;98;102;105;129;137;167;173;178;185;186;193;216;218;221;225;226;229;237;238;240,-0.7687281341393603,-0.7567168956526237,0.0,0.0,True
california_housing,confirmation,contextual_active,4103,1,2;8;21;32;40;46;51;55;58;60;67;73;98;102;105;129;137;167;173;178;185;186;193;216;218;221;225;226;229;237;238;240,-0.6698925843299853,-0.631167385749085,0.0988355498093749,0.1255495099035386,True
california_housing,confirmation,contextual_active,4103,2,2;8;21;32;40;46;51;55;58;60;67;73;98;102;129;137;167;173;178;185;186;192;193;216;218;221;225;226;229;237;238;240,-0.6002764146904571,-0.582276522125073,0.1684517194489031,0.1744403735275507,True
california_housing,confirmation,contextual_active,4103,3,2;8;21;32;40;46;51;55;58;60;67;73;83;98;102;129;137;167;173;185;186;192;193;216;218;221;225;226;229;237;238;240,-0.5744420427577528,-0.5502251741597247,0.1942860913816074,0.2064917214928989,True
california_housing,confirmation,contextual_active,4103,4,2;8;21;32;40;46;51;55;58;60;67;83;98;102;120;129;137;167;173;185;186;192;193;216;218;221;225;226;229;237;238;240,-0.5442887424451475,-0.5445220378552634,0.2244393916942128,0.2121948577973602,True
california_housing,confirmation,additive_static,4103,0,2;8;21;32;40;51;55;58;60;67;73;94;98;102;105;129;137;167;173;178;185;186;193;216;218;221;225;226;229;237;238;240,-0.7687281341393603,-0.7567168956526237,0.0,0.0,True
california_housing,confirmation,additive_static,4103,1,2;8;21;32;40;51;55;58;60;67;73;98;102;105;117;129;137;167;173;178;185;186;193;216;218;221;225;226;229;237;238;240,-0.7072980143444509,-0.6755343894793447,0.0614301197949093,0.0811825061732789,True
california_housing,confirmation,additive_static,4103,2,2;8;32;40;51;55;58;60;67;73;98;102;105;117;129;137;167;173;178;184;185;186;193;216;218;221;225;226;229;237;238;240,-0.696805158456154,-0.6619307891837052,0.0719229756832062,0.0947861064689185,True
california_housing,confirmation,additive_static,4103,3,2;3;8;32;40;51;55;58;60;67;73;98;102;105;117;129;137;167;173;178;184;185;186;193;218;221;225;226;229;237;238;240,-0.649749384571225,-0.6239359480252167,0.1189787495681352,0.132780947627407,True
california_housing,confirmation,additive_static,4103,4,2;3;8;32;40;51;55;58;60;67;73;98;102;105;117;129;135;137;167;173;178;184;186;193;218;221;225;226;229;237;238;240,-0.6475553901644863,-0.6253878601308609,0.1211727439748739,0.1313290355217627,True
california_housing,confirmation,fm_static,4103,0,2;8;21;32;40;51;55;58;60;67;73;94;98;102;105;129;137;167;173;178;185;186;193;216;218;221;225;226;229;237;238;240,-0.7687281341393603,-0.7567168956526237,0.0,0.0,True
california_housing,confirmation,fm_static,4103,1,2;8;32;40;51;55;58;60;67;73;94;98;102;105;119;129;137;167;173;178;185;186;193;216;218;221;225;226;229;237;238;240,-0.6807143968116502,-0.6593975702995813,0.08801373732771,0.0973193253530423,True
california_housing,confirmation,fm_static,4103,2,2;3;8;32;40;51;55;58;60;67;73;98;102;105;119;129;137;167;173;178;185;186;193;216;218;221;225;226;229;237;238;240,-0.6175536354611791,-0.5990532244524968,0.1511744986781811,0.1576636712001269,True
california_housing,confirmation,fm_static,4103,3,2;3;8;32;40;51;55;58;60;67;73;98;102;105;119;129;137;167;173;178;185;186;193;216;218;221;225;226;229;237;238;240,-0.6175536354611791,-0.5990532244524968,0.1511744986781811,0.1576636712001269,True
california_housing,confirmation,fm_static,4103,4,2;3;8;32;40;51;55;58;60;67;73;98;102;105;119;129;137;167;173;178;185;186;193;216;218;221;225;226;229;237;238;240,-0.6175536354611791,-0.5990532244524968,0.1511744986781811,0.1576636712001269,True
churn,confirmation,random_search,4101,0,0;14;25;37;40;45;54;60;61;70;72;75;76;79;94;95;96;140;143;144;149;153;155;166;173;186;195;216;218;231;242;251,-0.3857321205426178,-0.4019821440317637,0.0,0.0,True
churn,confirmation,random_search,4101,1,0;14;25;37;40;45;54;60;61;70;72;75;76;79;94;95;96;140;143;144;149;155;166;173;186;195;212;216;218;231;242;251,-0.3449563747685409,-0.3743601501060086,0.0407757457740768,0.027621993925755,True
churn,confirmation,random_search,4101,2,0;14;25;37;40;45;54;60;61;70;72;75;76;79;94;95;96;140;143;144;149;155;158;166;173;186;195;212;216;218;242;251,-0.3126878245419665,-0.4231224018559308,0.0730442960006513,-0.0211402578241671,True
churn,confirmation,random_search,4101,3,0;12;14;25;37;40;45;54;60;61;70;72;75;76;79;94;95;96;140;143;149;155;158;166;173;186;195;212;216;218;242;251,-0.3004891666631308,-0.4085021032385073,0.085242953879487,-0.0065199592067436,True
churn,confirmation,random_search,4101,4,0;12;14;25;37;40;45;54;58;60;61;70;72;76;79;94;95;96;140;143;149;155;158;166;173;186;195;212;216;218;242;251,-0.2888310805506257,-0.4031529988642122,0.0969010399919921,-0.0011708548324484,True
churn,confirmation,row_active,4101,0,0;14;25;37;40;45;54;60;61;70;72;75;76;79;94;95;96;140;143;144;149;153;155;166;173;186;195;216;218;231;242;251,-0.3857321205426178,-0.4019821440317637,0.0,0.0,True
churn,confirmation,row_active,4101,1,0;14;25;32;37;40;45;54;60;61;70;72;75;76;79;94;95;96;140;143;144;149;155;166;173;186;195;216;218;231;242;251,-0.3452740132167309,-0.3805569005139937,0.0404581073258868,0.0214252435177699,True
churn,confirmation,row_active,4101,2,0;14;25;32;37;40;45;54;60;61;70;72;75;76;79;94;95;96;140;144;149;155;163;166;173;186;195;216;218;231;242;251,-0.3138448406182518,-0.3797302714137818,0.071887279924366,0.0222518726179818,True
churn,confirmation,row_active,4101,3,0;14;25;32;37;40;45;54;60;61;70;72;75;76;79;94;95;96;140;144;149;155;163;166;173;186;195;202;216;218;242;251,-0.2994171401852144,-0.4047309639418551,0.0863149803574033,-0.0027488199100914,True
churn,confirmation,row_active,4101,4,0;14;25;32;37;40;45;54;60;61;70;72;75;76;79;94;95;96;140;144;149;155;163;166;173;186;195;202;216;218;233;251,-0.2897600228822098,-0.4060519189061319,0.0959720976604079,-0.0040697748743682,True
churn,confirmation,contextual_active,4101,0,0;14;25;37;40;45;54;60;61;70;72;75;76;79;94;95;96;140;143;144;149;153;155;166;173;186;195;216;218;231;242;251,-0.3857321205426178,-0.4019821440317637,0.0,0.0,True
churn,confirmation,contextual_active,4101,1,0;14;25;37;40;45;54;60;61;70;72;75;76;79;94;95;96;140;143;144;149;155;166;173;186;195;209;216;218;231;242;251,-0.3301371125715678,-0.3922707615511189,0.0555950079710499,0.0097113824806447,True
churn,confirmation,contextual_active,4101,2,0;14;25;37;40;45;54;60;61;70;72;75;79;94;95;96;104;140;143;144;149;155;166;173;186;195;209;216;218;231;242;251,-0.3093261160611013,-0.387465031004695,0.0764060044815165,0.0145171130270687,True
churn,confirmation,contextual_active,4101,3,0;14;25;37;40;45;54;60;61;70;75;79;94;95;96;104;140;143;144;149;155;166;173;186;195;209;216;218;231;236;242;251,-0.2984157267164914,-0.3735031619963813,0.0873163938261263,0.0284789820353824,True
churn,confirmation,contextual_active,4101,4,0;14;25;37;40;45;54;60;61;70;75;79;94;95;96;104;138;140;143;144;149;155;166;173;186;195;209;216;218;231;236;251,-0.2867389143983586,-0.3780603630264404,0.0989932061442592,0.0239217810053232,True
churn,confirmation,additive_static,4101,0,0;14;25;37;40;45;54;60;61;70;72;75;76;79;94;95;96;140;143;144;149;153;155;166;173;186;195;216;218;231;242;251,-0.3857321205426178,-0.4019821440317637,0.0,0.0,True
churn,confirmation,additive_static,4101,1,0;4;14;25;37;40;45;54;60;61;70;72;75;76;79;94;95;140;143;144;149;153;155;166;173;186;195;216;218;231;242;251,-0.3741728672955036,-0.4286671389311196,0.0115592532471142,-0.0266849948993559,True
churn,confirmation,additive_static,4101,2,0;4;14;25;37;40;45;54;60;61;70;72;75;76;79;94;95;140;143;144;149;153;155;166;173;186;195;209;216;218;242;251,-0.3421772484168202,-0.4685874100978205,0.0435548721257976,-0.0666052660660568,True
churn,confirmation,additive_static,4101,3,0;4;14;25;37;40;45;54;60;61;70;72;75;76;79;94;95;140;143;144;149;153;155;166;173;186;195;209;216;218;242;251,-0.3421772484168202,-0.4685874100978205,0.0435548721257976,-0.0666052660660568,True
churn,confirmation,additive_static,4101,4,0;4;14;25;37;40;45;54;60;61;70;72;75;76;79;94;95;140;143;144;149;153;155;166;173;186;195;209;216;218;242;251,-0.3421772484168202,-0.4685874100978205,0.0435548721257976,-0.0666052660660568,True
churn,confirmation,fm_static,4101,0,0;14;25;37;40;45;54;60;61;70;72;75;76;79;94;95;96;140;143;144;149;153;155;166;173;186;195;216;218;231;242;251,-0.3857321205426178,-0.4019821440317637,0.0,0.0,True
churn,confirmation,fm_static,4101,1,0;4;14;25;37;40;45;54;60;61;70;72;75;76;79;94;95;96;140;143;144;149;153;155;166;173;186;195;216;218;242;251,-0.3798860984065583,-0.4503575260964652,0.0058460221360595,-0.0483753820647014,True
churn,confirmation,fm_static,4101,2,0;4;14;25;37;40;45;54;60;61;70;72;75;76;79;94;95;140;143;144;149;153;155;166;173;186;195;216;218;234;242;251,-0.3697176934112481,-0.4702826452835363,0.0160144271313696,-0.0683005012517726,True
churn,confirmation,fm_static,4101,3,0;4;14;25;40;45;54;60;61;70;72;75;76;79;94;95;140;143;144;149;153;155;166;173;186;195;216;218;234;242;251;253,-0.3487148413145451,-0.4852270671642637,0.0370172792280726,-0.0832449231325,True
churn,confirmation,fm_static,4101,4,0;4;14;25;40;45;54;60;61;70;72;75;76;79;94;95;140;143;144;149;153;155;166;173;186;195;216;218;234;242;251;253,-0.3487148413145451,-0.4852270671642637,0.0370172792280726,-0.0832449231325,True
churn,confirmation,random_search,4102,0,4;8;11;15;16;19;28;32;43;65;66;71;92;94;100;114;122;124;126;134;136;145;158;160;161;162;174;214;231;233;237;247,-0.4023133476032439,-0.4920639295850156,0.0,0.0,True
churn,confirmation,random_search,4102,1,4;8;11;15;16;19;28;32;43;65;66;71;92;94;114;122;124;126;134;136;145;158;160;161;162;174;205;214;231;233;237;247,-0.3308726169252419,-0.4191402218273675,0.071440730678002,0.072923707757648,True
churn,confirmation,random_search,4102,2,4;8;11;15;16;28;32;43;65;66;71;92;94;114;122;124;126;134;136;145;158;160;161;162;174;205;214;219;231;233;237;247,-0.2956088620195813,-0.4000838045759337,0.1067044855836625,0.0919801250090818,True
churn,confirmation,random_search,4102,3,4;8;11;15;16;32;43;65;66;71;92;94;114;118;122;124;126;134;136;145;158;160;161;162;174;205;214;219;231;233;237;247,-0.2863170625951116,-0.3921344538640132,0.1159962850081323,0.0999294757210024,True
churn,confirmation,random_search,4102,4,4;8;11;15;16;32;65;66;71;92;94;114;118;121;122;124;126;134;136;145;158;160;161;162;174;205;214;219;231;233;237;247,-0.2744491600622464,-0.3906850135685503,0.1278641875409975,0.1013789160164653,True
churn,confirmation,row_active,4102,0,4;8;11;15;16;19;28;32;43;65;66;71;92;94;100;114;122;124;126;134;136;145;158;160;161;162;174;214;231;233;237;247,-0.4023133476032439,-0.4920639295850156,0.0,0.0,True
churn,confirmation,row_active,4102,1,4;8;11;15;16;19;28;32;43;65;66;71;92;94;100;114;122;124;126;136;145;158;160;161;162;174;214;220;231;233;237;247,-0.3590124860454764,-0.4445296626812399,0.0433008615577674,0.0475342669037756,True
churn,confirmation,row_active,4102,2,4;8;11;15;16;19;28;32;43;65;66;71;92;94;114;122;124;126;127;136;145;158;160;161;162;174;214;220;231;233;237;247,-0.3002908283377249,-0.4397258598724852,0.1020225192655189,0.0523380697125303,True
churn,confirmation,row_active,4102,3,4;8;11;15;16;19;32;43;65;66;71;92;94;114;122;124;126;127;136;145;158;160;161;162;174;177;214;220;231;233;237;247,-0.2807886511603852,-0.4280659296764232,0.1215246964428586,0.0639979999085924,True
churn,confirmation,row_active,4102,4,4;8;11;15;16;19;32;43;65;66;71;84;92;94;114;122;124;126;127;136;145;158;160;161;162;174;177;214;220;233;237;247,-0.2693140809257971,-0.3958796791596508,0.1329992666774467,0.0961842504253648,True
churn,confirmation,contextual_active,4102,0,4;8;11;15;16;19;28;32;43;65;66;71;92;94;100;114;122;124;126;134;136;145;158;160;161;162;174;214;231;233;237;247,-0.4023133476032439,-0.4920639295850156,0.0,0.0,True
churn,confirmation,contextual_active,4102,1,4;8;11;15;16;19;32;43;65;66;71;92;94;100;114;122;124;126;134;136;145;158;160;161;162;174;214;219;231;233;237;247,-0.3165539135161326,-0.4047960309432558,0.0857594340871112,0.0872678986417598,True
churn,confirmation,contextual_active,4102,2,4;8;11;15;16;19;32;43;65;66;71;92;94;114;122;124;126;134;136;138;145;158;160;161;162;174;214;219;231;233;237;247,-0.2800031356283281,-0.3854686851354959,0.1223102119749157,0.1065952444495196,True
churn,confirmation,contextual_active,4102,3,4;8;11;15;16;19;32;43;51;65;66;71;92;94;114;122;124;126;134;136;138;145;158;160;161;162;174;214;219;231;237;247,-0.2588356244958156,-0.400696283475873,0.1434777231074283,0.0913676461091425,True
churn,confirmation,contextual_active,4102,4,4;8;11;15;16;19;29;32;43;51;65;66;71;92;94;114;122;124;126;134;136;138;145;158;161;162;174;214;219;231;237;247,-0.2432998658176272,-0.4127656647818412,0.1590134817856167,0.0792982648031744,True
churn,confirmation,additive_static,4102,0,4;8;11;15;16;19;28;32;43;65;66;71;92;94;100;114;122;124;126;134;136;145;158;160;161;162;174;214;231;233;237;247,-0.4023133476032439,-0.4920639295850156,0.0,0.0,True
churn,confirmation,additive_static,4102,1,4;8;11;15;16;19;28;32;43;65;66;71;92;94;114;122;124;126;134;136;145;158;160;161;162;174;209;214;231;233;237;247,-0.3366261366915422,-0.4754242529730855,0.0656872109117017,0.0166396766119301,True
churn,confirmation,additive_static,4102,2,4;8;11;15;16;19;28;32;43;65;66;71;92;94;114;122;124;126;134;136;145;158;160;161;162;174;209;214;231;233;237;247,-0.3366261366915422,-0.4754242529730855,0.0656872109117017,0.0166396766119301,True
churn,confirmation,additive_static,4102,3,4;8;11;15;16;19;28;32;43;65;66;71;92;94;114;122;124;126;134;136;145;158;160;161;162;174;209;214;231;233;237;247,-0.3366261366915422,-0.4754242529730855,0.0656872109117017,0.0166396766119301,True
churn,confirmation,additive_static,4102,4,4;8;11;15;16;19;28;32;43;65;66;71;92;94;114;122;124;126;134;136;145;158;160;161;162;174;209;214;231;233;237;247,-0.3366261366915422,-0.4754242529730855,0.0656872109117017,0.0166396766119301,True
churn,confirmation,fm_static,4102,0,4;8;11;15;16;19;28;32;43;65;66;71;92;94;100;114;122;124;126;134;136;145;158;160;161;162;174;214;231;233;237;247,-0.4023133476032439,-0.4920639295850156,0.0,0.0,True
churn,confirmation,fm_static,4102,1,4;8;11;15;16;19;28;32;43;65;66;71;92;94;100;114;122;124;126;134;136;145;158;160;161;162;174;214;231;233;237;247,-0.4023133476032439,-0.4920639295850156,0.0,0.0,True
churn,confirmation,fm_static,4102,2,4;8;11;15;16;19;28;32;43;65;66;71;92;94;100;114;122;124;126;134;136;145;158;160;161;162;174;214;231;233;237;247,-0.4023133476032439,-0.4920639295850156,0.0,0.0,True
churn,confirmation,fm_static,4102,3,4;8;11;15;16;19;28;32;43;65;66;71;92;94;100;114;122;124;126;134;136;145;158;160;161;162;174;214;231;233;237;247,-0.4023133476032439,-0.4920639295850156,0.0,0.0,True
churn,confirmation,fm_static,4102,4,4;8;11;15;16;19;28;32;43;65;66;71;92;94;100;114;122;124;126;134;136;145;158;160;161;162;174;214;231;233;237;247,-0.4023133476032439,-0.4920639295850156,0.0,0.0,True
churn,confirmation,random_search,4103,0,0;10;11;12;54;55;56;57;63;71;86;89;121;122;128;130;133;139;141;166;189;199;200;201;209;215;218;221;226;247;250;253,-0.3523671133253452,-0.4298784203195025,0.0,0.0,True
churn,confirmation,random_search,4103,1,0;10;11;12;54;55;56;57;63;71;86;116;121;122;128;130;133;139;141;166;189;199;200;201;209;215;218;221;226;247;250;253,-0.3110721897270471,-0.3515990148497095,0.0412949235982981,0.0782794054697929,True
churn,confirmation,random_search,4103,2,0;10;11;12;54;55;56;57;63;71;86;116;121;122;128;130;133;139;141;156;166;189;199;200;201;209;215;218;221;226;247;253,-0.2904781162105112,-0.3715770261758176,0.061888997114834,0.0583013941436848,True
churn,confirmation,random_search,4103,3,0;10;11;12;54;55;56;57;63;71;86;116;121;122;128;130;133;139;141;156;166;189;200;201;204;209;215;218;221;226;247;253,-0.2835494564114394,-0.3649348659059692,0.0688176569139057,0.0649435544135333,True
churn,confirmation,random_search,4103,4,0;10;11;12;18;54;55;56;57;63;71;116;121;122;128;130;133;139;141;156;166;189;200;201;204;209;215;218;221;226;247;253,-0.2793835583798669,-0.3471496665199424,0.0729835549454783,0.0827287537995601,True
churn,confirmation,row_active,4103,0,0;10;11;12;54;55;56;57;63;71;86;89;121;122;128;130;133;139;141;166;189;199;200;201;209;215;218;221;226;247;250;253,-0.3523671133253452,-0.4298784203195025,0.0,0.0,True
churn,confirmation,row_active,4103,1,0;10;11;12;54;55;56;57;63;71;86;121;122;128;130;133;139;141;166;189;199;200;201;205;209;215;218;221;226;247;250;253,-0.3083518029082917,-0.3690349359064805,0.0440153104170535,0.060843484413022,True
churn,confirmation,row_active,4103,2,0;10;11;12;23;54;55;56;57;63;71;86;122;128;130;133;139;141;166;189;199;200;201;205;209;215;218;221;226;247;250;253,-0.282622046765507,-0.3593498516149093,0.0697450665598382,0.0705285687045932,True
churn,confirmation,row_active,4103,3,0;10;11;12;20;23;54;55;56;57;63;71;86;122;128;130;133;139;141;166;189;199;200;201;205;209;215;218;226;247;250;253,-0.2726576568520266,-0.3550990755972082,0.0797094564733186,0.0747793447222942,True
churn,confirmation,row_active,4103,4,0;11;12;20;23;54;55;56;57;63;71;86;103;122;128;130;133;139;141;166;189;199;200;201;205;209;215;218;226;247;250;253,-0.26598575957169,-0.3450321791407084,0.0863813537536551,0.0848462411787941,True
churn,confirmation,contextual_active,4103,0,0;10;11;12;54;55;56;57;63;71;86;89;121;122;128;130;133;139;141;166;189;199;200;201;209;215;218;221;226;247;250;253,-0.3523671133253452,-0.4298784203195025,0.0,0.0,True
churn,confirmation,contextual_active,4103,1,0;10;11;12;54;55;56;57;63;71;86;121;122;128;130;133;139;141;166;173;189;199;200;201;209;215;218;221;226;247;250;253,-0.3144602108140301,-0.3623799085748829,0.0379069025113151,0.0674985117446196,True
churn,confirmation,contextual_active,4103,2,0;10;11;12;54;55;56;57;63;71;86;121;122;128;130;133;139;141;166;173;181;189;199;200;201;209;215;218;226;247;250;253,-0.3032184019632717,-0.3621355236556806,0.0491487113620734,0.0677428966638219,True
churn,confirmation,contextual_active,4103,3,0;10;11;12;54;55;56;57;63;71;82;86;121;122;130;133;139;141;166;173;181;189;199;200;201;209;215;218;226;247;250;253,-0.2828656995477958,-0.389810815413485,0.0695014137775494,0.0400676049060174,True
churn,confirmation,contextual_active,4103,4,0;10;11;12;19;54;55;56;57;63;71;82;86;121;122;130;133;141;166;173;181;189;199;200;201;209;215;218;226;247;250;253,-0.2719181041488551,-0.393622566069921,0.0804490091764901,0.0362558542495815,True
churn,confirmation,additive_static,4103,0,0;10;11;12;54;55;56;57;63;71;86;89;121;122;128;130;133;139;141;166;189;199;200;201;209;215;218;221;226;247;250;253,-0.3523671133253452,-0.4298784203195025,0.0,0.0,True
churn,confirmation,additive_static,4103,1,0;4;10;11;12;54;55;56;57;63;71;86;121;122;128;130;133;139;141;166;189;199;200;201;209;215;218;221;226;247;250;253,-0.3176186622202753,-0.3954185810257156,0.0347484511050699,0.0344598392937869,True
churn,confirmation,additive_static,4103,2,0;4;10;11;12;54;55;56;57;63;71;86;121;122;128;130;133;139;141;166;189;199;200;201;209;215;218;221;226;247;250;253,-0.3176186622202753,-0.3954185810257156,0.0347484511050699,0.0344598392937869,True
churn,confirmation,additive_static,4103,3,0;4;10;11;12;54;55;56;57;63;71;86;121;122;128;130;133;139;141;166;189;199;200;201;209;215;218;221;226;247;250;253,-0.3176186622202753,-0.3954185810257156,0.0347484511050699,0.0344598392937869,True
churn,confirmation,additive_static,4103,4,0;4;10;11;12;54;55;56;57;63;71;86;121;122;128;130;133;139;141;166;189;199;200;201;209;215;218;221;226;247;250;253,-0.3176186622202753,-0.3954185810257156,0.0347484511050699,0.0344598392937869,True
churn,confirmation,fm_static,4103,0,0;10;11;12;54;55;56;57;63;71;86;89;121;122;128;130;133;139;141;166;189;199;200;201;209;215;218;221;226;247;250;253,-0.3523671133253452,-0.4298784203195025,0.0,0.0,True
churn,confirmation,fm_static,4103,1,0;10;11;12;54;55;56;57;63;71;86;89;121;122;128;130;133;139;141;166;189;199;200;201;209;215;218;221;226;247;250;253,-0.3523671133253452,-0.4298784203195025,0.0,0.0,True
churn,confirmation,fm_static,4103,2,0;10;11;12;54;55;56;57;63;71;86;89;121;122;128;130;133;139;141;166;189;199;200;201;209;215;218;221;226;247;250;253,-0.3523671133253452,-0.4298784203195025,0.0,0.0,True
churn,confirmation,fm_static,4103,3,0;10;11;12;54;55;56;57;63;71;86;89;121;122;128;130;133;139;141;166;189;199;200;201;209;215;218;221;226;247;250;253,-0.3523671133253452,-0.4298784203195025,0.0,0.0,True
churn,confirmation,fm_static,4103,4,0;10;11;12;54;55;56;57;63;71;86;89;121;122;128;130;133;139;141;166;189;199;200;201;209;215;218;221;226;247;250;253,-0.3523671133253452,-0.4298784203195025,0.0,0.0,True
credit-g,development,random_search,4101,0,6;9;10;18;25;27;28;30;36;56;65;76;80;88;89;103;105;111;128;129;136;142;159;167;176;189;192;196;204;219;231;249,-0.6757108738685016,-0.6455526075819739,0.0,0.0,True
credit-g,development,random_search,4101,1,6;8;9;10;18;25;27;28;30;36;56;65;76;80;88;89;103;105;111;128;129;136;142;159;176;189;192;196;204;219;231;249,-0.6381668121682357,-0.6434046115659828,0.0375440617002659,0.002147996015991,True
credit-g,development,random_search,4101,2,6;8;9;10;18;25;27;28;29;30;36;56;65;76;80;88;89;103;105;111;128;129;136;142;176;189;192;196;204;219;231;249,-0.6078984188777459,-0.6357507382908101,0.0678124549907557,0.0098018692911637,True
credit-g,development,random_search,4101,3,6;8;9;18;25;27;28;29;30;34;36;56;65;76;80;88;89;103;105;111;128;129;136;142;176;189;192;196;204;219;231;249,-0.5928801314466845,-0.6185911554142322,0.0828307424218171,0.0269614521677417,True
credit-g,development,random_search,4101,4,6;8;9;18;25;27;28;29;30;34;36;56;65;76;80;88;89;103;105;111;121;128;129;136;142;176;189;192;196;204;219;249,-0.5791230426140183,-0.6234901993832691,0.0965878312544833,0.0220624081987047,True
credit-g,development,row_active,4101,0,6;9;10;18;25;27;28;30;36;56;65;76;80;88;89;103;105;111;128;129;136;142;159;167;176;189;192;196;204;219;231;249,-0.6757108738685016,-0.6455526075819739,0.0,0.0,True
credit-g,development,row_active,4101,1,6;9;10;18;25;27;28;36;56;65;76;80;88;89;103;105;111;128;129;136;142;159;167;176;189;192;196;200;204;219;231;249,-0.6326786530158007,-0.6413845630617765,0.0430322208527008,0.0041680445201973,True
credit-g,development,row_active,4101,2,6;9;10;18;25;27;28;36;56;65;68;76;80;88;89;103;105;111;129;136;142;159;167;176;189;192;196;200;204;219;231;249,-0.5896026960714683,-0.5840733148935986,0.0861081777970332,0.0614792926883752,True
credit-g,development,row_active,4101,3,6;9;10;18;25;27;28;36;56;65;68;76;80;88;89;103;105;129;136;142;159;167;176;189;192;196;200;204;219;231;248;249,-0.5500154884388219,-0.5441074617098806,0.1256953854296797,0.1014451458720933,True
credit-g,development,row_active,4101,4,6;9;10;18;25;27;28;36;56;65;68;76;80;84;88;89;103;105;129;136;142;159;176;189;192;196;200;204;219;231;248;249,-0.5324304762758351,-0.533459919743067,0.1432803975926665,0.1120926878389069,True
credit-g,development,contextual_active,4101,0,6;9;10;18;25;27;28;30;36;56;65;76;80;88;89;103;105;111;128;129;136;142;159;167;176;189;192;196;204;219;231;249,-0.6757108738685016,-0.6455526075819739,0.0,0.0,True
credit-g,development,contextual_active,4101,1,6;9;10;18;27;28;30;36;56;65;76;80;88;89;103;105;111;123;128;129;136;142;159;167;176;189;192;196;204;219;231;249,-0.6242223057880465,-0.6145357105919456,0.0514885680804551,0.0310168969900282,True
credit-g,development,contextual_active,4101,2,6;9;10;18;27;28;36;56;65;76;80;88;89;103;105;111;121;123;128;129;136;142;159;167;176;189;192;196;204;219;231;249,-0.5818076490882681,-0.59670692709061,0.0939032247802335,0.0488456804913638,True
credit-g,development,contextual_active,4101,3,6;9;10;18;27;28;36;56;65;76;80;83;88;89;103;105;111;121;123;129;136;142;159;167;176;189;192;196;204;219;231;249,-0.5630483594895344,-0.5690386522693439,0.1126625143789672,0.0765139553126299,True
credit-g,development,contextual_active,4101,4,6;9;10;18;27;28;36;56;65;76;80;83;88;89;103;111;121;123;129;136;142;159;167;176;189;192;196;204;219;231;248;249,-0.5370679012675807,-0.5482012138274027,0.1386429726009208,0.0973513937545711,True
credit-g,development,additive_static,4101,0,6;9;10;18;25;27;28;30;36;56;65;76;80;88;89;103;105;111;128;129;136;142;159;167;176;189;192;196;204;219;231;249,-0.6757108738685016,-0.6455526075819739,0.0,0.0,True
credit-g,development,additive_static,4101,1,6;9;10;18;25;27;30;36;56;65;76;80;88;89;103;105;111;128;129;134;136;142;159;167;176;189;192;196;204;219;231;249,-0.6551011057148659,-0.6667490416295927,0.0206097681536356,-0.0211964340476188,True
credit-g,development,additive_static,4101,2,6;9;10;18;25;27;30;36;56;65;76;80;89;103;105;111;117;128;129;134;136;142;159;167;176;189;192;196;204;219;231;249,-0.6546425570964144,-0.6553072108287695,0.0210683167720872,-0.0097546032467956,True
credit-g,development,additive_static,4101,3,6;9;10;18;25;27;30;36;56;65;76;80;89;103;105;111;117;128;129;134;136;142;159;167;176;189;192;196;204;219;231;249,-0.6546425570964144,-0.6553072108287695,0.0210683167720872,-0.0097546032467956,True
credit-g,development,additive_static,4101,4,6;9;10;18;25;27;30;36;56;65;76;80;89;103;105;111;117;128;129;134;136;142;159;167;176;189;192;196;204;219;231;249,-0.6546425570964144,-0.6553072108287695,0.0210683167720872,-0.0097546032467956,True
credit-g,development,fm_static,4101,0,6;9;10;18;25;27;28;30;36;56;65;76;80;88;89;103;105;111;128;129;136;142;159;167;176;189;192;196;204;219;231;249,-0.6757108738685016,-0.6455526075819739,0.0,0.0,True
credit-g,development,fm_static,4101,1,6;9;10;18;25;27;30;36;56;65;76;79;80;88;89;103;105;111;128;129;136;142;159;167;176;189;192;196;204;219;231;249,-0.6565848708635655,-0.6588626792506689,0.019126003004936,-0.013310071668695,True
credit-g,development,fm_static,4101,2,6;9;10;18;25;27;36;56;65;76;79;80;88;89;94;103;105;111;128;129;136;142;159;167;176;189;192;196;204;219;231;249,-0.6152576552105712,-0.6488372109665455,0.0604532186579304,-0.0032846033845715,True
credit-g,development,fm_static,4101,3,6;9;10;18;25;27;36;56;65;76;79;80;88;89;94;103;105;110;111;128;129;136;142;159;167;176;192;196;204;219;231;249,-0.5884896680638274,-0.632782265928562,0.0872212058046741,0.0127703416534118,True
credit-g,development,fm_static,4101,4,6;9;10;18;25;27;36;56;65;76;79;80;88;89;94;103;105;110;111;128;129;136;142;159;167;176;192;196;204;219;231;249,-0.5884896680638274,-0.632782265928562,0.0872212058046741,0.0127703416534118,True
credit-g,development,random_search,4102,0,9;16;17;25;28;30;37;44;46;48;55;61;72;88;108;125;127;144;146;153;155;172;176;186;204;220;226;228;237;248;250;252,-0.8268582453805651,-0.7490152296997612,0.0,0.0,True
credit-g,development,random_search,4102,1,9;16;17;25;28;37;44;46;48;55;61;72;88;108;125;127;144;146;153;155;172;176;186;191;204;220;226;228;237;248;250;252,-0.6530438049163481,-0.6504081161158761,0.173814440464217,0.098607113583885,True
credit-g,development,random_search,4102,2,9;16;17;25;28;37;44;46;48;55;61;72;88;108;125;127;144;146;149;153;155;172;176;191;204;220;226;228;237;248;250;252,-0.6248767059089644,-0.6180106757112942,0.2019815394716007,0.131004553988467,True
credit-g,development,random_search,4102,3,9;16;17;25;37;44;46;48;55;61;72;88;108;125;127;144;146;149;153;155;172;176;189;191;204;220;226;228;237;248;250;252,-0.5730426422269034,-0.5907608530918749,0.2538156031536617,0.1582543766078863,True
credit-g,development,random_search,4102,4,9;13;16;17;25;37;44;46;48;55;61;72;88;108;127;144;146;149;153;155;172;176;189;191;204;220;226;228;237;248;250;252,-0.5550103319753865,-0.5942688451953793,0.2718479134051785,0.1547463845043819,True
credit-g,development,row_active,4102,0,9;16;17;25;28;30;37;44;46;48;55;61;72;88;108;125;127;144;146;153;155;172;176;186;204;220;226;228;237;248;250;252,-0.8268582453805651,-0.7490152296997612,0.0,0.0,True
credit-g,development,row_active,4102,1,9;16;17;25;28;30;37;44;46;48;55;61;72;108;125;127;144;146;153;155;159;172;176;186;204;220;226;228;237;248;250;252,-0.6893220313442517,-0.6484061413617929,0.1375362140363133,0.1006090883379683,True
credit-g,development,row_active,4102,2,9;17;25;28;30;37;44;46;48;55;61;72;108;125;127;144;146;153;155;159;172;176;186;204;206;220;226;228;237;248;250;252,-0.6386107738160262,-0.5960709238263052,0.1882474715645389,0.1529443058734559,True
credit-g,development,row_active,4102,3,9;17;25;30;37;44;46;48;55;61;72;108;125;127;144;146;153;155;159;172;176;186;204;206;220;226;228;231;237;248;250;252,-0.5993618930566775,-0.6055898660458734,0.2274963523238875,0.1434253636538878,True
credit-g,development,row_active,4102,4,9;17;25;30;37;44;46;48;51;55;61;72;108;125;127;144;146;153;155;159;176;186;204;206;220;226;228;231;237;248;250;252,-0.554908413015077,-0.5850146259875311,0.2719498323654881,0.1640006037122301,True
credit-g,development,contextual_active,4102,0,9;16;17;25;28;30;37;44;46;48;55;61;72;88;108;125;127;144;146;153;155;172;176;186;204;220;226;228;237;248;250;252,-0.8268582453805651,-0.7490152296997612,0.0,0.0,True
credit-g,development,contextual_active,4102,1,9;16;17;25;28;30;37;44;46;48;55;61;72;88;108;125;127;144;146;153;155;172;176;191;204;220;226;228;237;248;250;252,-0.647550440538626,-0.6375501264751635,0.1793078048419391,0.1114651032245976,True
credit-g,development,contextual_active,4102,2,9;16;17;25;28;30;44;46;48;55;61;72;88;108;125;127;144;146;153;155;172;176;191;204;220;226;228;231;237;248;250;252,-0.5985498197471067,-0.6061330479196008,0.2283084256334583,0.1428821817801604,True
credit-g,development,contextual_active,4102,3,9;16;17;25;28;30;44;46;55;61;72;88;108;125;127;144;146;153;155;172;176;191;204;220;226;228;231;237;243;248;250;252,-0.5848412976511319,-0.6109804152451036,0.2420169477294331,0.1380348144546576,True
credit-g,development,contextual_active,4102,4,9;16;17;25;28;29;30;44;46;55;61;72;88;108;125;127;144;146;153;155;172;176;191;204;220;226;228;231;237;243;248;250,-0.5382590925933401,-0.5861302442467964,0.2885991527872249,0.1628849854529648,True
credit-g,development,additive_static,4102,0,9;16;17;25;28;30;37;44;46;48;55;61;72;88;108;125;127;144;146;153;155;172;176;186;204;220;226;228;237;248;250;252,-0.8268582453805651,-0.7490152296997612,0.0,0.0,True
credit-g,development,additive_static,4102,1,9;16;17;25;28;30;44;46;48;55;61;72;88;108;125;127;134;144;146;153;155;172;176;186;204;220;226;228;237;248;250;252,-0.7303366044160163,-0.7148927778440635,0.0965216409645487,0.0341224518556977,True
credit-g,development,additive_static,4102,2,9;16;17;25;28;30;44;46;48;55;61;72;88;108;125;127;134;144;146;153;155;172;176;186;204;220;226;228;237;248;250;252,-0.7303366044160163,-0.7148927778440635,0.0965216409645487,0.0341224518556977,True
credit-g,development,additive_static,4102,3,9;16;17;25;28;30;44;46;48;55;61;72;88;108;125;127;134;144;146;153;155;172;176;186;204;220;226;228;237;248;250;252,-0.7303366044160163,-0.7148927778440635,0.0965216409645487,0.0341224518556977,True
credit-g,development,additive_static,4102,4,9;16;17;25;28;30;44;46;48;55;61;72;88;108;125;127;134;144;146;153;155;172;176;186;204;220;226;228;237;248;250;252,-0.7303366044160163,-0.7148927778440635,0.0965216409645487,0.0341224518556977,True
credit-g,development,fm_static,4102,0,9;16;17;25;28;30;37;44;46;48;55;61;72;88;108;125;127;144;146;153;155;172;176;186;204;220;226;228;237;248;250;252,-0.8268582453805651,-0.7490152296997612,0.0,0.0,True
credit-g,development,fm_static,4102,1,9;16;17;25;30;37;44;46;48;55;61;72;88;108;125;127;144;146;153;155;166;172;176;186;204;220;226;228;237;248;250;252,-0.7774301998800286,-0.7401811932824768,0.0494280455005364,0.0088340364172844,True
credit-g,development,fm_static,4102,2,9;16;17;25;30;37;44;46;48;55;61;72;88;108;125;127;144;146;153;155;166;172;176;186;204;220;226;228;237;248;250;252,-0.7774301998800286,-0.7401811932824768,0.0494280455005364,0.0088340364172844,True
credit-g,development,fm_static,4102,3,9;16;17;25;30;37;44;46;48;55;61;72;88;108;125;127;144;146;153;155;166;172;176;186;204;220;226;228;237;248;250;252,-0.7774301998800286,-0.7401811932824768,0.0494280455005364,0.0088340364172844,True
credit-g,development,fm_static,4102,4,9;16;17;25;30;37;44;46;48;55;61;72;88;108;125;127;144;146;153;155;166;172;176;186;204;220;226;228;237;248;250;252,-0.7774301998800286,-0.7401811932824768,0.0494280455005364,0.0088340364172844,True
credit-g,development,random_search,4103,0,4;7;20;21;40;61;65;90;94;95;96;97;103;113;120;122;135;137;138;149;164;166;196;197;201;203;210;211;229;235;236;251,-0.6911902911749616,-0.758763582039856,0.0,0.0,True
credit-g,development,random_search,4103,1,4;7;20;21;40;61;90;94;95;96;97;103;113;117;120;122;135;137;138;149;164;166;196;197;201;203;210;211;229;235;236;251,-0.6288217825115476,-0.7225770474340965,0.0623685086634139,0.0361865346057596,True
credit-g,development,random_search,4103,2,2;4;7;20;21;40;61;90;94;95;96;97;103;113;117;120;122;135;137;138;149;166;196;197;201;203;210;211;229;235;236;251,-0.5862842400295758,-0.6793490642844763,0.1049060511453857,0.0794145177553797,True
credit-g,development,random_search,4103,3,2;4;20;21;40;61;72;90;94;95;96;97;103;113;117;120;122;135;137;138;149;166;196;197;201;203;210;211;229;235;236;251,-0.568533449246825,-0.6573698384289187,0.1226568419281365,0.1013937436109373,True
credit-g,development,random_search,4103,4,2;4;21;40;61;72;90;94;95;96;97;99;103;113;117;120;122;135;137;138;149;166;196;197;201;203;210;211;229;235;236;251,-0.5452316964416615,-0.5965253780768276,0.1459585947333,0.1622382039630284,True
credit-g,development,row_active,4103,0,4;7;20;21;40;61;65;90;94;95;96;97;103;113;120;122;135;137;138;149;164;166;196;197;201;203;210;211;229;235;236;251,-0.6911902911749616,-0.758763582039856,0.0,0.0,True
credit-g,development,row_active,4103,1,4;20;21;40;61;65;90;94;95;96;97;103;113;120;122;135;137;138;149;164;166;191;196;197;201;203;210;211;229;235;236;251,-0.6064460972957105,-0.6889945217571827,0.084744193879251,0.0697690602826733,True
credit-g,development,row_active,4103,2,4;21;40;51;61;65;90;94;95;96;97;103;113;120;122;135;137;138;149;164;166;191;196;197;201;203;210;211;229;235;236;251,-0.5741235969879117,-0.6677939782333691,0.1170666941870498,0.090969603806487,True
credit-g,development,row_active,4103,3,2;4;21;40;51;61;65;90;94;95;96;97;103;113;120;122;135;137;138;149;164;166;191;196;201;203;210;211;229;235;236;251,-0.5328356289605789,-0.634596952765286,0.1583546622143826,0.12416662927457,True
credit-g,development,row_active,4103,4,2;4;21;40;51;61;65;80;90;94;96;97;103;113;120;122;135;137;138;149;164;166;191;196;201;203;210;211;229;235;236;251,-0.5258117314431616,-0.6280232280257505,0.1653785597317999,0.1307403540141055,True
credit-g,development,contextual_active,4103,0,4;7;20;21;40;61;65;90;94;95;96;97;103;113;120;122;135;137;138;149;164;166;196;197;201;203;210;211;229;235;236;251,-0.6911902911749616,-0.758763582039856,0.0,0.0,True
credit-g,development,contextual_active,4103,1,4;7;8;20;21;40;61;90;94;95;96;97;103;113;120;122;135;137;138;149;164;166;196;197;201;203;210;211;229;235;236;251,-0.636513435772588,-0.678553175216468,0.0546768554023735,0.080210406823388,True
credit-g,development,contextual_active,4103,2,4;7;8;20;21;40;61;90;94;95;96;97;103;113;120;122;135;137;138;149;164;166;196;197;201;203;204;210;211;229;236;251,-0.603661481797919,-0.6532852981651922,0.0875288093770425,0.1054782838746638,True
credit-g,development,contextual_active,4103,3,4;7;8;20;21;40;61;90;94;95;96;97;103;113;120;122;135;137;138;149;164;166;188;196;197;201;203;204;210;211;236;251,-0.5686403604506403,-0.658534972418995,0.1225499307243213,0.1002286096208611,True
credit-g,development,contextual_active,4103,4,4;8;20;21;40;61;90;94;95;96;97;103;113;120;122;127;135;137;138;149;164;166;188;196;197;201;203;204;210;211;236;251,-0.5557841237058425,-0.6316728488649697,0.135406167469119,0.1270907331748864,True
credit-g,development,additive_static,4103,0,4;7;20;21;40;61;65;90;94;95;96;97;103;113;120;122;135;137;138;149;164;166;196;197;201;203;210;211;229;235;236;251,-0.6911902911749616,-0.758763582039856,0.0,0.0,True
credit-g,development,additive_static,4103,1,4;7;20;21;40;61;65;90;94;95;96;97;103;113;120;122;135;137;138;149;164;166;196;197;201;203;210;211;229;235;236;251,-0.6911902911749616,-0.758763582039856,0.0,0.0,True
credit-g,development,additive_static,4103,2,4;7;20;21;40;61;65;90;94;95;96;97;103;113;120;122;135;137;138;149;164;166;196;197;201;203;210;211;229;235;236;251,-0.6911902911749616,-0.758763582039856,0.0,0.0,True
credit-g,development,additive_static,4103,3,4;7;20;21;40;61;65;90;94;95;96;97;103;113;120;122;135;137;138;149;164;166;196;197;201;203;210;211;229;235;236;251,-0.6911902911749616,-0.758763582039856,0.0,0.0,True
credit-g,development,additive_static,4103,4,4;7;20;21;40;61;65;90;94;95;96;97;103;113;120;122;135;137;138;149;164;166;196;197;201;203;210;211;229;235;236;251,-0.6911902911749616,-0.758763582039856,0.0,0.0,True
credit-g,development,fm_static,4103,0,4;7;20;21;40;61;65;90;94;95;96;97;103;113;120;122;135;137;138;149;164;166;196;197;201;203;210;211;229;235;236;251,-0.6911902911749616,-0.758763582039856,0.0,0.0,True
credit-g,development,fm_static,4103,1,7;20;21;40;61;65;90;94;95;96;97;103;113;120;122;133;135;137;138;149;164;166;196;197;201;203;210;211;229;235;236;251,-0.6784411994337112,-0.7278229471791791,0.0127490917412503,0.0309406348606769,True
credit-g,development,fm_static,4103,2,7;20;21;40;65;90;94;95;96;97;103;113;117;120;122;133;135;137;138;149;164;166;196;197;201;203;210;211;229;235;236;251,-0.6257068232553951,-0.6737759349403291,0.0654834679195665,0.084987647099527,True
credit-g,development,fm_static,4103,3,7;20;21;40;53;65;90;94;95;97;103;113;117;120;122;133;135;137;138;149;164;166;196;197;201;203;210;211;229;235;236;251,-0.6160280636333638,-0.645568015421365,0.0751622275415977,0.113195566618491,True
credit-g,development,fm_static,4103,4,7;20;21;40;53;65;90;94;95;97;103;113;117;120;122;133;135;137;138;149;164;166;196;197;201;203;210;211;229;235;236;251,-0.6160280636333638,-0.645568015421365,0.0751622275415977,0.113195566618491,True
diamonds,development,random_search,4101,0,4;6;18;20;22;34;72;88;94;95;110;128;139;140;165;171;176;177;186;196;198;206;212;216;219;223;233;237;243;245;254;255,-0.3770064871614428,-0.3787787747274346,0.0,0.0,True
diamonds,development,random_search,4101,1,4;6;18;20;22;34;38;72;88;94;95;128;139;140;165;171;176;177;186;196;198;206;212;216;219;223;233;237;243;245;254;255,-0.2826548876204546,-0.3120355594029779,0.0943515995409882,0.0667432153244567,True
diamonds,development,random_search,4101,2,4;6;18;20;22;34;38;55;72;88;94;95;128;139;140;165;171;176;177;196;198;206;212;216;219;223;233;237;243;245;254;255,-0.2569328284408574,-0.3124953476316816,0.1200736587205854,0.0662834270957529,True
diamonds,development,random_search,4101,3,4;6;18;20;22;34;38;55;72;88;94;95;128;139;140;152;165;171;176;177;196;198;206;212;216;219;223;233;243;245;254;255,-0.2395184992957774,-0.3088971852113935,0.1374879878656654,0.0698815895160411,True
diamonds,development,random_search,4101,4,4;6;18;20;22;34;38;55;85;88;94;95;128;139;140;152;165;171;176;177;196;198;206;212;216;219;223;233;243;245;254;255,-0.2303957880058821,-0.2900910561157832,0.1466106991555607,0.0886877186116514,True
diamonds,development,row_active,4101,0,4;6;18;20;22;34;72;88;94;95;110;128;139;140;165;171;176;177;186;196;198;206;212;216;219;223;233;237;243;245;254;255,-0.3770064871614428,-0.3787787747274346,0.0,0.0,True
diamonds,development,row_active,4101,1,4;6;18;20;22;34;37;72;88;94;95;110;128;139;140;165;171;176;177;186;196;198;206;212;216;219;223;233;243;245;254;255,-0.2712404565362329,-0.3123731437722406,0.1057660306252099,0.0664056309551939,True
diamonds,development,row_active,4101,2,4;6;18;20;22;34;37;72;88;94;95;110;128;139;140;163;165;171;176;177;186;196;198;212;216;219;223;233;243;245;254;255,-0.2628543737378707,-0.3172528119326067,0.1141521134235721,0.0615259627948278,True
diamonds,development,row_active,4101,3,4;6;18;20;22;34;37;88;94;95;106;110;128;139;140;163;165;171;176;177;186;196;198;212;216;219;223;233;243;245;254;255,-0.2319375225873535,-0.29144966537676,0.1450689645740893,0.0873291093506746,True
diamonds,development,row_active,4101,4,4;6;18;20;22;34;37;88;94;106;110;128;139;140;163;165;171;176;177;186;191;196;198;212;216;219;223;233;243;245;254;255,-0.1950579040168599,-0.2657898468303526,0.1819485831445829,0.1129889278970819,True
diamonds,development,contextual_active,4101,0,4;6;18;20;22;34;72;88;94;95;110;128;139;140;165;171;176;177;186;196;198;206;212;216;219;223;233;237;243;245;254;255,-0.3770064871614428,-0.3787787747274346,0.0,0.0,True
diamonds,development,contextual_active,4101,1,4;6;18;20;22;34;37;72;94;95;110;128;139;140;165;171;176;177;186;196;198;206;212;216;219;223;233;237;243;245;254;255,-0.2853013792894773,-0.3268142627262137,0.0917051078719655,0.0519645120012208,True
diamonds,development,contextual_active,4101,2,4;6;18;19;20;22;34;37;72;94;95;110;128;139;140;171;176;177;186;196;198;206;212;216;219;223;233;237;243;245;254;255,-0.2669997990606145,-0.310976907471496,0.1100066881008283,0.0678018672559385,True
diamonds,development,contextual_active,4101,3,4;6;18;19;20;22;34;37;72;94;95;110;118;128;140;171;176;177;186;196;198;206;212;216;219;223;233;237;243;245;254;255,-0.2292924861516091,-0.3022073784279552,0.1477140010098337,0.0765713962994794,True
diamonds,development,contextual_active,4101,4,4;6;18;19;20;22;34;37;72;90;94;110;118;128;140;171;176;177;186;196;198;206;212;216;219;223;233;237;243;245;254;255,-0.2126959083240558,-0.2827766139266762,0.164310578837387,0.0960021608007584,True
diamonds,development,additive_static,4101,0,4;6;18;20;22;34;72;88;94;95;110;128;139;140;165;171;176;177;186;196;198;206;212;216;219;223;233;237;243;245;254;255,-0.3770064871614428,-0.3787787747274346,0.0,0.0,True
diamonds,development,additive_static,4101,1,4;6;18;20;22;34;72;88;94;110;118;128;139;140;165;171;176;177;186;196;198;206;212;216;219;223;233;237;243;245;254;255,-0.3239660202046627,-0.3286659057080943,0.0530404669567801,0.0501128690193403,True
diamonds,development,additive_static,4101,2,4;6;18;20;22;34;72;82;88;94;110;118;128;139;140;165;171;176;177;186;196;198;206;212;216;219;233;237;243;245;254;255,-0.2904298755485602,-0.3158909953973414,0.0865766116128826,0.0628877793300931,True
diamonds,development,additive_static,4101,3,4;6;18;20;22;72;82;88;94;110;112;118;128;139;140;165;171;176;177;186;196;198;206;212;216;219;233;237;243;245;254;255,-0.2673926795111552,-0.3558887344112003,0.1096138076502876,0.0228900403162343,True
diamonds,development,additive_static,4101,4,4;6;18;20;22;72;82;88;94;110;112;118;128;139;140;165;171;176;177;186;196;198;206;212;216;219;233;237;243;245;254;255,-0.2673926795111552,-0.3558887344112003,0.1096138076502876,0.0228900403162343,True
diamonds,development,fm_static,4101,0,4;6;18;20;22;34;72;88;94;95;110;128;139;140;165;171;176;177;186;196;198;206;212;216;219;223;233;237;243;245;254;255,-0.3770064871614428,-0.3787787747274346,0.0,0.0,True
diamonds,development,fm_static,4101,1,4;6;18;20;22;34;72;79;88;94;95;110;128;139;140;165;171;176;177;186;196;198;206;212;216;219;233;237;243;245;254;255,-0.3668527296027324,-0.3677020324273011,0.0101537575587103,0.0110767423001335,True
diamonds,development,fm_static,4101,2,4;6;18;20;22;34;72;79;88;94;110;112;128;139;140;165;171;176;177;186;196;198;206;212;216;219;233;237;243;245;254;255,-0.3339887730849485,-0.3715376487347956,0.0430177140764942,0.0072411259926389,True
diamonds,development,fm_static,4101,3,4;6;18;20;22;34;72;79;94;110;112;126;128;139;140;165;171;176;177;186;196;198;206;212;216;219;233;237;243;245;254;255,-0.3297887203321464,-0.3599104269104907,0.0472177668292964,0.0188683478169439,True
diamonds,development,fm_static,4101,4,4;6;18;20;22;34;72;79;94;110;112;126;128;139;140;165;171;176;177;186;196;198;206;212;216;219;233;237;243;245;254;255,-0.3297887203321464,-0.3599104269104907,0.0472177668292964,0.0188683478169439,True
diamonds,development,random_search,4102,0,2;12;16;20;28;30;31;34;36;44;52;53;61;62;69;78;93;100;127;139;165;171;175;176;177;193;195;201;239;248;250;253,-0.262092422694355,-0.3428116662771256,0.0,0.0,True
diamonds,development,random_search,4102,1,2;12;16;20;28;30;31;34;36;44;52;53;61;62;78;93;100;127;139;165;171;175;176;177;193;195;201;232;239;248;250;253,-0.2489991352568668,-0.3346572998907241,0.0130932874374882,0.0081543663864014,True
diamonds,development,random_search,4102,2,2;12;16;20;28;30;31;34;36;44;52;53;61;62;78;86;93;100;127;165;171;175;176;177;193;195;201;232;239;248;250;253,-0.2387792383197228,-0.3172068021268947,0.0233131843746322,0.0256048641502308,True
diamonds,development,random_search,4102,3,2;12;16;20;28;30;31;34;36;44;52;53;61;62;78;86;93;100;127;165;168;171;175;176;177;193;195;201;239;248;250;253,-0.2335158345145114,-0.3167890814846568,0.0285765881798436,0.0260225847924687,True
diamonds,development,random_search,4102,4,2;12;16;28;30;31;34;36;44;52;53;61;62;78;86;93;100;127;165;168;171;175;176;177;193;195;201;212;239;248;250;253,-0.2272578726878079,-0.3157157298953451,0.0348345500065471,0.0270959363817805,True
diamonds,development,row_active,4102,0,2;12;16;20;28;30;31;34;36;44;52;53;61;62;69;78;93;100;127;139;165;171;175;176;177;193;195;201;239;248;250;253,-0.262092422694355,-0.3428116662771256,0.0,0.0,True
diamonds,development,row_active,4102,1,2;12;16;20;28;30;31;34;36;44;52;53;61;62;78;93;100;127;139;165;171;175;176;177;183;193;195;201;239;248;250;253,-0.2467871710783351,-0.3270337651059015,0.0153052516160199,0.015777901171224,True
diamonds,development,row_active,4102,2,2;12;16;20;28;30;31;34;36;44;53;61;62;78;93;100;127;139;165;171;175;176;177;183;193;195;201;237;239;248;250;253,-0.2389048481862386,-0.3067559558095086,0.0231875745081164,0.0360557104676169,True
diamonds,development,row_active,4102,3,2;12;16;20;28;30;31;34;36;44;53;62;72;78;93;100;127;139;165;171;175;176;177;183;193;195;201;237;239;248;250;253,-0.2276294473520719,-0.3073719373197493,0.0344629753422831,0.0354397289573762,True
diamonds,development,row_active,4102,4,2;12;16;20;28;30;34;36;44;53;62;72;78;93;100;127;139;165;171;175;176;177;182;183;193;195;201;237;239;248;250;253,-0.2161661533993615,-0.2943879590760334,0.0459262692949935,0.0484237072010922,True
diamonds,development,contextual_active,4102,0,2;12;16;20;28;30;31;34;36;44;52;53;61;62;69;78;93;100;127;139;165;171;175;176;177;193;195;201;239;248;250;253,-0.262092422694355,-0.3428116662771256,0.0,0.0,True
diamonds,development,contextual_active,4102,1,2;12;16;20;25;28;30;31;34;36;44;52;53;61;62;78;93;100;127;139;165;171;175;176;177;193;195;201;239;248;250;253,-0.2464367937315049,-0.3243295109558188,0.0156556289628501,0.0184821553213067,True
diamonds,development,contextual_active,4102,2,12;16;20;25;28;30;31;34;36;44;52;53;61;62;78;93;100;127;139;165;171;175;176;177;193;195;201;212;239;248;250;253,-0.2339989594884993,-0.3159713530289655,0.0280934632058557,0.0268403132481601,True
diamonds,development,contextual_active,4102,3,12;20;25;28;30;31;34;36;44;52;53;61;62;78;93;100;127;139;165;171;175;176;177;185;193;195;201;212;239;248;250;253,-0.2210016411804777,-0.3076706759044118,0.0410907815138773,0.0351409903727138,True
diamonds,development,contextual_active,4102,4,12;20;25;28;30;31;34;36;44;52;53;61;62;78;93;100;127;139;165;175;176;177;185;186;193;195;201;212;239;248;250;253,-0.214276086655933,-0.2899630251520849,0.047816336038422,0.0528486411250407,True
diamonds,development,additive_static,4102,0,2;12;16;20;28;30;31;34;36;44;52;53;61;62;69;78;93;100;127;139;165;171;175;176;177;193;195;201;239;248;250;253,-0.262092422694355,-0.3428116662771256,0.0,0.0,True
diamonds,development,additive_static,4102,1,2;12;16;20;28;30;31;34;36;44;52;53;61;62;69;78;93;100;127;139;165;171;175;176;177;193;195;201;239;248;250;253,-0.262092422694355,-0.3428116662771256,0.0,0.0,True
diamonds,development,additive_static,4102,2,2;12;16;20;28;30;31;34;36;44;52;53;61;62;69;78;93;100;127;139;165;171;175;176;177;193;195;201;239;248;250;253,-0.262092422694355,-0.3428116662771256,0.0,0.0,True
diamonds,development,additive_static,4102,3,2;12;16;20;28;30;31;34;36;44;52;53;61;62;69;78;93;100;127;139;165;171;175;176;177;193;195;201;239;248;250;253,-0.262092422694355,-0.3428116662771256,0.0,0.0,True
diamonds,development,additive_static,4102,4,2;12;16;20;28;30;31;34;36;44;52;53;61;62;69;78;93;100;127;139;165;171;175;176;177;193;195;201;239;248;250;253,-0.262092422694355,-0.3428116662771256,0.0,0.0,True
diamonds,development,fm_static,4102,0,2;12;16;20;28;30;31;34;36;44;52;53;61;62;69;78;93;100;127;139;165;171;175;176;177;193;195;201;239;248;250;253,-0.262092422694355,-0.3428116662771256,0.0,0.0,True
diamonds,development,fm_static,4102,1,2;12;16;20;28;30;31;34;36;44;52;53;61;62;69;78;93;100;127;139;165;171;175;176;177;193;195;201;239;248;250;253,-0.262092422694355,-0.3428116662771256,0.0,0.0,True
diamonds,development,fm_static,4102,2,2;12;16;20;28;30;31;34;36;44;52;53;61;62;69;78;93;100;127;139;165;171;175;176;177;193;195;201;239;248;250;253,-0.262092422694355,-0.3428116662771256,0.0,0.0,True
diamonds,development,fm_static,4102,3,2;12;16;20;28;30;31;34;36;44;52;53;61;62;69;78;93;100;127;139;165;171;175;176;177;193;195;201;239;248;250;253,-0.262092422694355,-0.3428116662771256,0.0,0.0,True
diamonds,development,fm_static,4102,4,2;12;16;20;28;30;31;34;36;44;52;53;61;62;69;78;93;100;127;139;165;171;175;176;177;193;195;201;239;248;250;253,-0.262092422694355,-0.3428116662771256,0.0,0.0,True
diamonds,development,random_search,4103,0,10;18;27;28;40;43;44;48;51;58;64;69;71;84;89;95;106;125;127;136;137;143;160;165;168;173;189;192;197;226;230;246,-0.3359829414101788,-0.3913346662989462,0.0,0.0,True
diamonds,development,random_search,4103,1,10;18;27;28;40;43;44;48;58;64;66;69;71;84;89;95;106;125;127;136;137;143;160;165;168;173;189;192;197;226;230;246,-0.3021529373012525,-0.366772773697904,0.0338300041089263,0.0245618926010421,True
diamonds,development,random_search,4103,2,10;18;27;28;40;43;44;48;58;64;66;69;71;84;89;106;122;125;127;136;137;143;160;165;168;173;189;192;197;226;230;246,-0.2634263334031889,-0.3374703976771563,0.0725566080069899,0.0538642686217898,True
diamonds,development,random_search,4103,3,10;18;27;28;40;43;44;48;58;66;69;71;84;89;106;122;125;127;136;137;143;160;165;168;173;184;189;192;197;226;230;246,-0.2492760565289732,-0.3298089759965688,0.0867068848812056,0.0615256903023773,True
diamonds,development,random_search,4103,4,10;18;27;28;43;44;48;58;66;69;71;84;89;106;122;125;127;136;137;143;160;165;168;173;184;189;192;197;221;226;230;246,-0.2416218709041342,-0.3307057886815162,0.0943610705060446,0.06062887761743,True
diamonds,development,row_active,4103,0,10;18;27;28;40;43;44;48;51;58;64;69;71;84;89;95;106;125;127;136;137;143;160;165;168;173;189;192;197;226;230;246,-0.3359829414101788,-0.3913346662989462,0.0,0.0,True
diamonds,development,row_active,4103,1,10;18;27;28;40;43;44;48;58;64;69;71;84;89;95;106;125;127;136;137;143;160;165;168;173;189;192;197;226;227;230;246,-0.2889759825106637,-0.3581682450022101,0.0470069588995151,0.033166421296736,True
diamonds,development,row_active,4103,2,10;18;27;28;40;43;44;48;58;64;69;71;76;84;89;106;125;127;136;137;143;160;165;168;173;189;192;197;226;227;230;246,-0.2463348691763237,-0.2951330615438129,0.0896480722338551,0.0962016047551332,True
diamonds,development,row_active,4103,3,10;18;27;28;40;43;44;58;64;69;71;75;76;84;89;106;125;127;136;137;143;160;165;168;173;189;192;197;226;227;230;246,-0.2310991180533229,-0.2868353413914835,0.1048838233568559,0.1044993249074627,True
diamonds,development,row_active,4103,4,10;18;28;40;43;44;58;64;69;71;75;76;84;89;102;106;125;127;136;137;143;160;165;168;173;189;192;197;226;227;230;246,-0.2226622513423704,-0.2869634292596654,0.1133206900678084,0.1043712370392808,True
diamonds,development,contextual_active,4103,0,10;18;27;28;40;43;44;48;51;58;64;69;71;84;89;95;106;125;127;136;137;143;160;165;168;173;189;192;197;226;230;246,-0.3359829414101788,-0.3913346662989462,0.0,0.0,True
diamonds,development,contextual_active,4103,1,10;18;27;28;40;43;44;48;51;58;64;69;71;84;89;95;106;125;127;133;136;137;143;160;165;168;173;189;192;226;230;246,-0.2944253541340745,-0.3374880891029784,0.0415575872761043,0.0538465771959677,True
diamonds,development,contextual_active,4103,2,10;18;27;28;40;43;44;48;51;58;64;69;71;84;89;95;102;106;125;127;133;136;137;143;165;168;173;189;192;226;230;246,-0.2725897844033619,-0.3313063605726733,0.0633931570068169,0.0600283057262728,True
diamonds,development,contextual_active,4103,3,10;18;27;28;40;43;44;48;51;58;64;69;71;84;89;95;102;106;125;127;133;136;137;143;165;168;173;182;189;226;230;246,-0.2642315661415259,-0.3220580846892453,0.0717513752686529,0.0692765816097009,True
diamonds,development,contextual_active,4103,4,10;18;27;28;40;43;44;48;58;64;69;71;84;89;95;102;106;125;127;133;136;137;143;165;168;173;182;186;189;226;230;246,-0.2482414286271518,-0.3206844973251609,0.087741512783027,0.0706501689737852,True
diamonds,development,additive_static,4103,0,10;18;27;28;40;43;44;48;51;58;64;69;71;84;89;95;106;125;127;136;137;143;160;165;168;173;189;192;197;226;230;246,-0.3359829414101788,-0.3913346662989462,0.0,0.0,True
diamonds,development,additive_static,4103,1,10;18;27;28;40;43;44;48;58;64;69;71;84;89;95;106;118;125;127;136;137;143;160;165;168;173;189;192;197;226;230;246,-0.2959638133933563,-0.3702892301155044,0.0400191280168225,0.0210454361834417,True
diamonds,development,additive_static,4103,2,10;18;27;28;40;43;44;48;58;64;69;71;84;89;106;118;125;127;136;137;143;160;165;168;173;189;192;197;198;226;230;246,-0.2627244996751747,-0.3645687844620521,0.0732584417350041,0.0267658818368941,True
diamonds,development,additive_static,4103,3,10;18;27;28;40;43;44;48;58;64;69;71;82;84;89;106;118;125;127;136;137;160;165;168;173;189;192;197;198;226;230;246,-0.2559149555196159,-0.3576273342545952,0.0800679858905629,0.033707332044351,True
diamonds,development,additive_static,4103,4,10;18;27;28;40;43;44;48;58;64;69;71;82;84;89;106;118;125;127;136;137;160;165;168;173;189;192;197;198;226;230;246,-0.2559149555196159,-0.3576273342545952,0.0800679858905629,0.033707332044351,True
diamonds,development,fm_static,4103,0,10;18;27;28;40;43;44;48;51;58;64;69;71;84;89;95;106;125;127;136;137;143;160;165;168;173;189;192;197;226;230;246,-0.3359829414101788,-0.3913346662989462,0.0,0.0,True
diamonds,development,fm_static,4103,1,10;18;27;28;40;43;44;48;58;64;69;71;84;89;95;106;112;125;127;136;137;143;160;165;168;173;189;192;197;226;230;246,-0.2878080065705357,-0.3965952235156482,0.0481749348396431,-0.0052605572167019,True
diamonds,development,fm_static,4103,2,10;18;27;28;40;43;44;48;58;64;69;71;79;84;89;106;112;125;127;136;137;143;160;165;168;173;189;192;197;226;230;246,-0.2453912810259639,-0.3591878579999346,0.0905916603842149,0.0321468082990116,True
diamonds,development,fm_static,4103,3,10;18;27;28;40;43;44;48;58;64;69;71;79;84;89;106;112;125;127;136;137;143;160;165;168;173;189;192;197;226;230;246,-0.2453912810259639,-0.3591878579999346,0.0905916603842149,0.0321468082990116,True
diamonds,development,fm_static,4103,4,10;18;27;28;40;43;44;48;58;64;69;71;79;84;89;106;112;125;127;136;137;143;160;165;168;173;189;192;197;226;230;246,-0.2453912810259639,-0.3591878579999346,0.0905916603842149,0.0321468082990116,True
electricity,confirmation,random_search,4101,0,1;3;4;6;14;22;28;51;53;55;81;83;103;115;120;130;132;133;139;147;162;172;192;198;200;207;210;219;224;231;235;237,-0.7966975058932525,-0.6671023115062882,0.0,0.0,True
electricity,confirmation,random_search,4101,1,1;3;4;6;7;22;28;51;53;55;81;83;103;115;120;130;132;133;139;147;162;172;192;198;200;207;210;219;224;231;235;237,-0.6667833115903511,-0.6190295945623163,0.1299141943029014,0.0480727169439718,True
electricity,confirmation,random_search,4101,2,1;4;6;7;22;28;51;53;55;81;83;103;115;120;130;132;133;139;147;162;172;192;198;200;207;210;219;224;231;235;237;241,-0.5985687859022751,-0.5899520717311572,0.1981287199909773,0.077150239775131,True
electricity,confirmation,random_search,4101,3,1;4;6;7;22;28;51;53;81;83;103;115;120;130;132;133;139;147;158;162;172;192;198;200;207;210;219;224;231;235;237;241,-0.5568405483580489,-0.5892170837853312,0.2398569575352036,0.0778852277209569,True
electricity,confirmation,random_search,4101,4,4;6;7;22;28;35;51;53;81;83;103;115;120;130;132;133;139;147;158;162;172;192;198;200;207;210;219;224;231;235;237;241,-0.5416080816941149,-0.62926051869213,0.2550894241991376,0.0378417928141582,True
electricity,confirmation,row_active,4101,0,1;3;4;6;14;22;28;51;53;55;81;83;103;115;120;130;132;133;139;147;162;172;192;198;200;207;210;219;224;231;235;237,-0.7966975058932525,-0.6671023115062882,0.0,0.0,True
electricity,confirmation,row_active,4101,1,1;3;4;6;14;22;28;51;53;55;81;83;103;115;120;130;132;133;139;147;162;172;192;198;200;207;210;219;224;230;231;237,-0.6368555485882582,-0.6205679816262709,0.1598419573049943,0.0465343298800172,True
electricity,confirmation,row_active,4101,2,1;3;4;6;14;22;28;51;53;81;83;97;103;115;120;130;132;133;139;147;162;172;192;198;200;207;210;219;224;230;231;237,-0.5951843042841354,-0.5886133695075778,0.2015132016091171,0.0784889419987103,True
electricity,confirmation,row_active,4101,3,1;3;4;6;14;22;28;51;53;83;89;97;103;115;120;130;132;133;139;147;162;172;192;198;200;207;210;219;224;230;231;237,-0.5611784134508833,-0.5784489287703549,0.2355190924423692,0.0886533827359332,True
electricity,confirmation,row_active,4101,4,1;3;4;14;22;28;51;53;83;89;97;103;115;120;130;132;133;139;147;162;172;192;198;200;207;210;219;224;230;231;237;238,-0.5578150758856748,-0.6063238607572453,0.2388824300075777,0.0607784507490428,True
electricity,confirmation,contextual_active,4101,0,1;3;4;6;14;22;28;51;53;55;81;83;103;115;120;130;132;133;139;147;162;172;192;198;200;207;210;219;224;231;235;237,-0.7966975058932525,-0.6671023115062882,0.0,0.0,True
electricity,confirmation,contextual_active,4101,1,1;3;4;6;14;22;28;33;51;53;55;81;83;103;115;120;130;132;133;139;147;162;172;192;198;200;207;210;219;224;231;237,-0.653510439256758,-0.6020951778533881,0.1431870666364945,0.0650071336529001,True
electricity,confirmation,contextual_active,4101,2,3;4;6;7;14;22;28;33;51;53;55;81;83;103;115;120;130;132;133;139;147;162;172;192;198;200;207;210;219;224;231;237,-0.5869080627352364,-0.6729855435838614,0.209789443158016,-0.0058832320775732,True
electricity,confirmation,contextual_active,4101,3,3;4;6;7;14;22;28;33;51;53;81;83;103;111;115;120;130;132;133;139;147;162;172;192;198;200;207;210;219;224;231;237,-0.5632979397630529,-0.6054126885012445,0.2333995661301996,0.0616896230050436,True
electricity,confirmation,contextual_active,4101,4,3;4;6;7;14;22;28;33;51;53;81;83;103;111;115;120;130;132;133;139;147;162;172;192;200;207;209;210;219;224;231;237,-0.5466583608868878,-0.6203939186947751,0.2500391450063647,0.046708392811513,True
electricity,confirmation,additive_static,4101,0,1;3;4;6;14;22;28;51;53;55;81;83;103;115;120;130;132;133;139;147;162;172;192;198;200;207;210;219;224;231;235;237,-0.7966975058932525,-0.6671023115062882,0.0,0.0,True
electricity,confirmation,additive_static,4101,1,1;3;4;6;22;28;51;53;55;81;83;103;113;115;120;130;132;133;139;147;162;172;192;198;200;207;210;219;224;231;235;237,-0.6777843693515191,-0.6102079108222287,0.1189131365417334,0.0568944006840594,True
electricity,confirmation,additive_static,4101,2,1;3;4;6;22;28;30;51;53;55;81;83;103;113;115;120;130;132;133;139;147;162;172;192;198;200;207;210;219;224;231;237,-0.6392535481327,-0.5854314866997361,0.1574439577605525,0.081670824806552,True
electricity,confirmation,additive_static,4101,3,1;3;4;7;22;28;30;51;53;55;81;83;103;113;115;120;130;132;133;139;147;162;172;192;198;200;207;210;219;224;231;237,-0.5825887257640945,-0.6073462525080338,0.214108780129158,0.0597560589982544,True
electricity,confirmation,additive_static,4101,4,1;3;4;7;22;28;30;51;53;55;81;83;103;113;115;120;130;132;133;139;147;162;172;192;198;200;207;210;219;224;231;237,-0.5825887257640945,-0.6073462525080338,0.214108780129158,0.0597560589982544,True
electricity,confirmation,fm_static,4101,0,1;3;4;6;14;22;28;51;53;55;81;83;103;115;120;130;132;133;139;147;162;172;192;198;200;207;210;219;224;231;235;237,-0.7966975058932525,-0.6671023115062882,0.0,0.0,True
electricity,confirmation,fm_static,4101,1,1;3;4;6;14;22;28;51;53;55;81;83;103;115;120;130;132;133;139;147;162;172;192;198;200;207;210;219;224;231;235;237,-0.7966975058932525,-0.6671023115062882,0.0,0.0,True
electricity,confirmation,fm_static,4101,2,1;3;4;6;14;22;28;51;53;55;81;83;103;115;120;130;132;133;139;147;162;172;192;198;200;207;210;219;224;231;235;237,-0.7966975058932525,-0.6671023115062882,0.0,0.0,True
electricity,confirmation,fm_static,4101,3,1;3;4;6;14;22;28;51;53;55;81;83;103;115;120;130;132;133;139;147;162;172;192;198;200;207;210;219;224;231;235;237,-0.7966975058932525,-0.6671023115062882,0.0,0.0,True
electricity,confirmation,fm_static,4101,4,1;3;4;6;14;22;28;51;53;55;81;83;103;115;120;130;132;133;139;147;162;172;192;198;200;207;210;219;224;231;235;237,-0.7966975058932525,-0.6671023115062882,0.0,0.0,True
electricity,confirmation,random_search,4102,0,1;21;27;57;59;65;66;69;81;92;94;96;99;110;130;137;139;141;158;161;173;174;178;184;192;193;203;210;228;230;244;248,-0.7434417478958922,-0.6880188715020175,0.0,0.0,True
electricity,confirmation,random_search,4102,1,1;21;27;57;59;65;66;69;81;92;94;96;110;130;137;139;141;158;161;173;174;178;184;192;193;203;210;228;230;244;248;255,-0.6665658621761337,-0.6996554869320849,0.0768758857197585,-0.0116366154300674,True
electricity,confirmation,random_search,4102,2,1;21;27;57;59;65;66;69;81;92;94;96;110;130;137;139;141;158;161;173;174;178;192;193;196;203;210;228;230;244;248;255,-0.6141465885021877,-0.6640763206181723,0.1292951593937045,0.0239425508838451,True
electricity,confirmation,random_search,4102,3,1;12;21;27;59;65;66;69;81;92;94;96;110;130;137;139;141;158;161;173;174;178;192;193;196;203;210;228;230;244;248;255,-0.5504629017951239,-0.5987180648687624,0.1929788461007683,0.089300806633255,True
electricity,confirmation,random_search,4102,4,1;12;21;27;45;59;65;66;69;81;92;94;96;110;130;137;139;141;161;173;174;178;192;193;196;203;210;228;230;244;248;255,-0.5381121912875666,-0.6086564127081837,0.2053295566083256,0.0793624587938337,True
electricity,confirmation,row_active,4102,0,1;21;27;57;59;65;66;69;81;92;94;96;99;110;130;137;139;141;158;161;173;174;178;184;192;193;203;210;228;230;244;248,-0.7434417478958922,-0.6880188715020175,0.0,0.0,True
electricity,confirmation,row_active,4102,1,1;21;27;47;57;59;65;66;69;81;92;94;96;99;110;130;137;139;141;161;173;174;178;184;192;193;203;210;228;230;244;248,-0.7031614182213657,-0.6746231642764968,0.0402803296745265,0.0133957072255206,True
electricity,confirmation,row_active,4102,2,1;21;27;32;47;57;59;65;66;69;81;92;94;96;99;110;130;137;139;141;161;173;174;178;184;192;193;210;228;230;244;248,-0.6271346873414618,-0.629742876666207,0.1163070605544304,0.0582759948358104,True
electricity,confirmation,row_active,4102,3,1;21;27;32;47;57;59;65;66;69;81;92;94;96;99;110;130;137;139;141;161;173;174;178;192;193;210;228;230;244;248;255,-0.5841500171439047,-0.6430487752047909,0.1592917307519875,0.0449700962972265,True
electricity,confirmation,row_active,4102,4,1;21;27;32;47;57;59;65;66;69;92;94;96;99;101;110;130;137;139;141;161;173;174;178;192;193;210;228;230;244;248;255,-0.5449694547777871,-0.6380361227442715,0.1984722931181051,0.049982748757746,True
electricity,confirmation,contextual_active,4102,0,1;21;27;57;59;65;66;69;81;92;94;96;99;110;130;137;139;141;158;161;173;174;178;184;192;193;203;210;228;230;244;248,-0.7434417478958922,-0.6880188715020175,0.0,0.0,True
electricity,confirmation,contextual_active,4102,1,1;21;27;57;59;65;66;81;92;94;96;99;110;130;137;139;141;143;158;161;173;174;178;184;192;193;203;210;228;230;244;248,-0.6359682285646485,-0.6147531381069006,0.1074735193312437,0.0732657333951168,True
electricity,confirmation,contextual_active,4102,2,1;21;27;57;59;65;66;92;94;96;99;110;130;137;139;141;143;158;161;173;174;178;184;192;193;197;203;210;228;230;244;248,-0.5764066692993863,-0.6693278965460738,0.1670350785965059,0.0186909749559436,True
electricity,confirmation,contextual_active,4102,3,1;21;27;57;59;65;66;92;94;96;99;110;130;137;139;141;143;161;173;174;178;184;192;193;197;203;210;228;230;244;248;255,-0.5455047874462595,-0.7031487200730332,0.1979369604496327,-0.0151298485710157,True
electricity,confirmation,contextual_active,4102,4,1;21;27;57;59;65;66;92;94;96;99;110;130;137;139;141;143;161;174;178;184;185;192;193;197;203;210;228;230;244;248;255,-0.5384860812170231,-0.683801693699673,0.2049556666788691,0.0042171778023444,True
electricity,confirmation,additive_static,4102,0,1;21;27;57;59;65;66;69;81;92;94;96;99;110;130;137;139;141;158;161;173;174;178;184;192;193;203;210;228;230;244;248,-0.7434417478958922,-0.6880188715020175,0.0,0.0,True
electricity,confirmation,additive_static,4102,1,1;21;27;57;59;65;66;69;81;92;94;96;99;110;113;130;137;139;141;158;161;173;174;178;184;192;193;210;228;230;244;248,-0.6909079795789216,-0.7028573757956265,0.0525337683169706,-0.014838504293609,True
electricity,confirmation,additive_static,4102,2,1;21;27;57;59;65;66;69;81;92;94;96;99;110;113;130;137;139;141;158;161;173;174;178;184;192;193;210;228;230;244;248,-0.6909079795789216,-0.7028573757956265,0.0525337683169706,-0.014838504293609,True
electricity,confirmation,additive_static,4102,3,1;21;27;57;59;65;66;69;81;92;94;96;99;110;113;130;137;139;141;158;161;173;174;178;184;192;193;210;228;230;244;248,-0.6909079795789216,-0.7028573757956265,0.0525337683169706,-0.014838504293609,True
electricity,confirmation,additive_static,4102,4,1;21;27;57;59;65;66;69;81;92;94;96;99;110;113;130;137;139;141;158;161;173;174;178;184;192;193;210;228;230;244;248,-0.6909079795789216,-0.7028573757956265,0.0525337683169706,-0.014838504293609,True
electricity,confirmation,fm_static,4102,0,1;21;27;57;59;65;66;69;81;92;94;96;99;110;130;137;139;141;158;161;173;174;178;184;192;193;203;210;228;230;244;248,-0.7434417478958922,-0.6880188715020175,0.0,0.0,True
electricity,confirmation,fm_static,4102,1,1;21;27;57;59;65;66;69;81;92;94;96;99;110;130;137;139;141;158;161;173;174;178;184;192;193;203;210;228;230;244;248,-0.7434417478958922,-0.6880188715020175,0.0,0.0,True
electricity,confirmation,fm_static,4102,2,1;21;27;57;59;65;66;69;81;92;94;96;99;110;130;137;139;141;158;161;173;174;178;184;192;193;203;210;228;230;244;248,-0.7434417478958922,-0.6880188715020175,0.0,0.0,True
electricity,confirmation,fm_static,4102,3,1;21;27;57;59;65;66;69;81;92;94;96;99;110;130;137;139;141;158;161;173;174;178;184;192;193;203;210;228;230;244;248,-0.7434417478958922,-0.6880188715020175,0.0,0.0,True
electricity,confirmation,fm_static,4102,4,1;21;27;57;59;65;66;69;81;92;94;96;99;110;130;137;139;141;158;161;173;174;178;184;192;193;203;210;228;230;244;248,-0.7434417478958922,-0.6880188715020175,0.0,0.0,True
electricity,confirmation,random_search,4103,0,6;8;41;42;43;53;65;67;80;90;99;106;114;118;130;143;150;166;172;174;183;185;189;193;197;198;205;215;218;240;245;254,-0.9917135972941732,-0.9206041908178378,0.0,0.0,True
electricity,confirmation,random_search,4103,1,6;8;41;42;43;53;65;67;80;90;98;99;106;114;118;130;143;150;172;174;183;185;189;193;197;198;205;215;218;240;245;254,-0.821019067392511,-0.8011003870690884,0.1706945299016622,0.1195038037487494,True
electricity,confirmation,random_search,4103,2,6;8;41;42;43;65;67;80;90;98;99;106;114;118;121;130;143;150;172;174;183;185;189;193;197;198;205;215;218;240;245;254,-0.7388915576266253,-0.709675649511785,0.2528220396675479,0.2109285413060528,True
electricity,confirmation,random_search,4103,3,6;8;41;42;43;65;67;80;90;98;99;106;114;118;121;130;143;150;172;174;185;189;193;197;198;205;215;218;224;240;245;254,-0.686992949560131,-0.635071091905267,0.3047206477340421,0.2855330989125708,True
electricity,confirmation,random_search,4103,4,6;8;26;41;42;43;65;67;80;90;98;99;106;114;118;121;130;143;150;172;174;185;189;193;197;198;205;215;218;224;240;245,-0.6606508740575917,-0.6059265059770627,0.3310627232365815,0.3146776848407752,True
electricity,confirmation,row_active,4103,0,6;8;41;42;43;53;65;67;80;90;99;106;114;118;130;143;150;166;172;174;183;185;189;193;197;198;205;215;218;240;245;254,-0.9917135972941732,-0.9206041908178378,0.0,0.0,True
electricity,confirmation,row_active,4103,1,6;8;41;42;43;53;65;67;80;90;99;106;114;118;130;150;160;166;172;174;183;185;189;193;197;198;205;215;218;240;245;254,-0.7952403711328341,-0.7033057393831992,0.1964732261613391,0.2172984514346386,True
electricity,confirmation,row_active,4103,2,6;8;41;42;43;53;56;65;67;80;90;99;106;114;118;130;150;160;166;172;174;183;189;193;197;198;205;215;218;240;245;254,-0.664226193430189,-0.7172905188523852,0.3274874038639842,0.2033136719654527,True
electricity,confirmation,row_active,4103,3,8;41;42;43;53;56;65;67;80;90;99;106;114;118;130;139;150;160;166;172;174;183;189;193;197;198;205;215;218;240;245;254,-0.6223745702276016,-0.6912200038444907,0.3693390270665716,0.2293841869733471,True
electricity,confirmation,row_active,4103,4,8;41;42;53;56;65;67;80;90;99;106;114;118;130;139;150;156;160;166;172;174;183;189;193;197;198;205;215;218;240;245;254,-0.5644631555892821,-0.6195677375810571,0.4272504417048911,0.3010364532367807,True
electricity,confirmation,contextual_active,4103,0,6;8;41;42;43;53;65;67;80;90;99;106;114;118;130;143;150;166;172;174;183;185;189;193;197;198;205;215;218;240;245;254,-0.9917135972941732,-0.9206041908178378,0.0,0.0,True
electricity,confirmation,contextual_active,4103,1,6;8;41;42;43;53;65;67;80;90;99;106;114;118;120;130;143;150;166;172;174;183;189;193;197;198;205;215;218;240;245;254,-0.7146661438067505,-0.7661074661491825,0.2770474534874226,0.1544967246686553,True
electricity,confirmation,contextual_active,4103,2,6;8;41;42;43;53;65;67;80;90;99;106;114;118;120;130;143;150;166;174;183;189;193;197;198;205;215;218;240;245;248;254,-0.6253574790069061,-0.6656010134877797,0.3663561182872671,0.2550031773300582,True
electricity,confirmation,contextual_active,4103,3,6;8;29;41;42;43;53;65;67;80;90;99;106;114;118;120;130;143;150;166;174;183;189;193;197;198;205;215;218;240;245;248,-0.5706286099362265,-0.6131888987418186,0.4210849873579466,0.3074152920760192,True
electricity,confirmation,contextual_active,4103,4,8;12;29;41;42;43;53;65;67;80;90;99;106;114;118;120;130;143;150;166;174;183;189;193;197;198;205;215;218;240;245;248,-0.5258954649902606,-0.6046246451784598,0.4658181323039125,0.315979545639378,True
electricity,confirmation,additive_static,4103,0,6;8;41;42;43;53;65;67;80;90;99;106;114;118;130;143;150;166;172;174;183;185;189;193;197;198;205;215;218;240;245;254,-0.9917135972941732,-0.9206041908178378,0.0,0.0,True
electricity,confirmation,additive_static,4103,1,6;8;41;42;43;53;65;67;80;90;99;106;113;114;118;130;143;150;166;172;174;183;189;193;197;198;205;215;218;240;245;254,-0.9821545936139476,-1.0752894771861825,0.0095590036802255,-0.1546852863683444,True
electricity,confirmation,additive_static,4103,2,8;30;41;42;43;53;65;67;80;90;99;106;113;114;118;130;143;150;166;172;174;183;189;193;197;198;205;215;218;240;245;254,-0.9782934008950198,-1.1025511414260494,0.0134201963991533,-0.1819469506082115,True
electricity,confirmation,additive_static,4103,3,8;30;41;42;43;53;65;67;80;90;99;106;113;114;118;130;143;150;166;172;174;183;189;193;197;198;205;215;218;240;245;254,-0.9782934008950198,-1.1025511414260494,0.0134201963991533,-0.1819469506082115,True
electricity,confirmation,additive_static,4103,4,8;30;41;42;43;53;65;67;80;90;99;106;113;114;118;130;143;150;166;172;174;183;189;193;197;198;205;215;218;240;245;254,-0.9782934008950198,-1.1025511414260494,0.0134201963991533,-0.1819469506082115,True
electricity,confirmation,fm_static,4103,0,6;8;41;42;43;53;65;67;80;90;99;106;114;118;130;143;150;166;172;174;183;185;189;193;197;198;205;215;218;240;245;254,-0.9917135972941732,-0.9206041908178378,0.0,0.0,True
electricity,confirmation,fm_static,4103,1,6;8;41;42;43;53;65;67;80;84;90;99;106;114;130;143;150;166;172;174;183;185;189;193;197;198;205;215;218;240;245;254,-0.9699556855638958,-0.9078995950384946,0.0217579117302774,0.0127045957793432,True
electricity,confirmation,fm_static,4103,2,6;8;41;42;43;53;65;67;80;84;90;99;106;114;130;143;150;166;172;174;183;189;193;197;198;205;215;218;240;245;247;254,-0.9039991726155284,-0.933644472560328,0.0877144246786447,-0.0130402817424901,True
electricity,confirmation,fm_static,4103,3,6;8;41;42;43;53;65;67;80;84;90;99;106;114;130;143;150;166;172;174;183;189;193;197;198;205;215;218;240;245;247;254,-0.9039991726155284,-0.933644472560328,0.0877144246786447,-0.0130402817424901,True
electricity,confirmation,fm_static,4103,4,6;8;41;42;43;53;65;67;80;84;90;99;106;114;130;143;150;166;172;174;183;189;193;197;198;205;215;218;240;245;247;254,-0.9039991726155284,-0.933644472560328,0.0877144246786447,-0.0130402817424901,True
house_16H,confirmation,random_search,4101,0,5;6;9;18;27;31;34;35;37;43;44;52;70;71;92;131;145;166;168;170;175;179;183;184;199;203;227;228;233;249;251;252,-1.1506803485873174,-1.239450149389325,0.0,0.0,True
house_16H,confirmation,random_search,4101,1,5;6;9;18;27;31;32;34;35;37;43;44;52;70;71;92;131;145;166;168;170;175;183;184;199;203;227;228;233;249;251;252,-1.1148408579775142,-1.211999060885776,0.0358394906098031,0.027451088503549,True
house_16H,confirmation,random_search,4101,2,5;6;9;18;27;31;32;34;35;37;43;44;52;70;71;92;131;142;145;166;168;170;175;183;184;199;203;227;228;233;249;252,-1.0715804771632746,-1.1040212690102256,0.0790998714240427,0.1354288803790995,True
house_16H,confirmation,random_search,4101,3,5;6;9;18;27;31;32;34;35;37;43;44;52;70;71;78;92;131;142;145;166;168;175;183;184;199;203;227;228;233;249;252,-1.0396595623329703,-1.0975390830451446,0.111020786254347,0.1419110663441805,True
house_16H,confirmation,random_search,4101,4,5;6;9;18;27;31;32;34;35;37;43;44;52;70;71;78;92;142;145;166;168;175;183;184;199;203;227;228;233;245;249;252,-0.9926569278555006,-1.0208861955226038,0.1580234207318167,0.2185639538667212,True
house_16H,confirmation,row_active,4101,0,5;6;9;18;27;31;34;35;37;43;44;52;70;71;92;131;145;166;168;170;175;179;183;184;199;203;227;228;233;249;251;252,-1.1506803485873174,-1.239450149389325,0.0,0.0,True
house_16H,confirmation,row_active,4101,1,6;9;18;27;31;34;35;37;43;44;52;70;71;92;131;145;159;166;168;170;175;179;183;184;199;203;227;228;233;249;251;252,-1.092188241123136,-1.2256745171223509,0.0584921074641813,0.0137756322669742,True
house_16H,confirmation,row_active,4101,2,6;9;18;27;31;34;35;37;43;44;52;70;71;92;145;159;166;168;170;175;179;183;184;199;203;227;228;233;245;249;251;252,-1.0084023290800113,-1.1822308495283005,0.1422780195073061,0.0572192998610245,True
house_16H,confirmation,row_active,4101,3,6;9;18;27;31;34;35;37;43;44;52;70;71;92;145;159;166;168;170;175;179;183;184;203;211;227;228;233;245;249;251;252,-0.9759828255512548,-1.157842630485736,0.1746975230360625,0.0816075189035892,True
house_16H,confirmation,row_active,4101,4,6;9;18;27;31;34;35;37;43;44;52;70;71;80;92;145;159;166;168;170;175;179;183;184;203;211;227;233;245;249;251;252,-0.95745571098409,-1.1768743279414449,0.1932246376032274,0.0625758214478802,True
house_16H,confirmation,contextual_active,4101,0,5;6;9;18;27;31;34;35;37;43;44;52;70;71;92;131;145;166;168;170;175;179;183;184;199;203;227;228;233;249;251;252,-1.1506803485873174,-1.239450149389325,0.0,0.0,True
house_16H,confirmation,contextual_active,4101,1,6;9;18;27;31;34;35;37;41;43;44;52;70;71;92;131;145;166;168;170;175;179;183;184;199;203;227;228;233;249;251;252,-1.0819766112827562,-1.1833643019886593,0.0687037373045611,0.0560858474006658,True
house_16H,confirmation,contextual_active,4101,2,6;9;14;18;27;31;34;35;37;41;43;44;52;70;71;92;131;145;166;168;170;175;183;184;199;203;227;228;233;249;251;252,-1.0456531936436533,-1.1645173419926298,0.1050271549436641,0.0749328073966952,True
house_16H,confirmation,contextual_active,4101,3,6;9;14;18;27;31;34;35;37;41;43;44;52;70;71;92;131;142;145;166;170;175;183;184;199;203;227;228;233;249;251;252,-0.9713225281051484,-1.1237035684249468,0.1793578204821689,0.1157465809643782,True
house_16H,confirmation,contextual_active,4101,4,6;9;14;18;27;31;34;35;37;41;43;44;52;56;70;92;131;142;145;166;170;175;183;184;199;203;227;228;233;249;251;252,-0.9484372376721556,-1.1308827420202316,0.2022431109151617,0.1085674073690934,True
house_16H,confirmation,additive_static,4101,0,5;6;9;18;27;31;34;35;37;43;44;52;70;71;92;131;145;166;168;170;175;179;183;184;199;203;227;228;233;249;251;252,-1.1506803485873174,-1.239450149389325,0.0,0.0,True
house_16H,confirmation,additive_static,4101,1,5;6;9;18;27;31;34;35;37;43;44;52;70;71;92;131;145;166;168;170;175;179;183;184;199;203;227;228;233;249;251;252,-1.1506803485873174,-1.239450149389325,0.0,0.0,True
house_16H,confirmation,additive_static,4101,2,5;6;9;18;27;31;34;35;37;43;44;52;70;71;92;131;145;166;168;170;175;179;183;184;199;203;227;228;233;249;251;252,-1.1506803485873174,-1.239450149389325,0.0,0.0,True
house_16H,confirmation,additive_static,4101,3,5;6;9;18;27;31;34;35;37;43;44;52;70;71;92;131;145;166;168;170;175;179;183;184;199;203;227;228;233;249;251;252,-1.1506803485873174,-1.239450149389325,0.0,0.0,True
house_16H,confirmation,additive_static,4101,4,5;6;9;18;27;31;34;35;37;43;44;52;70;71;92;131;145;166;168;170;175;179;183;184;199;203;227;228;233;249;251;252,-1.1506803485873174,-1.239450149389325,0.0,0.0,True
house_16H,confirmation,fm_static,4101,0,5;6;9;18;27;31;34;35;37;43;44;52;70;71;92;131;145;166;168;170;175;179;183;184;199;203;227;228;233;249;251;252,-1.1506803485873174,-1.239450149389325,0.0,0.0,True
house_16H,confirmation,fm_static,4101,1,5;6;9;18;27;31;34;35;37;43;44;52;70;71;92;131;145;166;168;170;175;179;183;184;199;203;227;228;233;249;251;252,-1.1506803485873174,-1.239450149389325,0.0,0.0,True
house_16H,confirmation,fm_static,4101,2,5;6;9;18;27;31;34;35;37;43;44;52;70;71;92;131;145;166;168;170;175;179;183;184;199;203;227;228;233;249;251;252,-1.1506803485873174,-1.239450149389325,0.0,0.0,True
house_16H,confirmation,fm_static,4101,3,5;6;9;18;27;31;34;35;37;43;44;52;70;71;92;131;145;166;168;170;175;179;183;184;199;203;227;228;233;249;251;252,-1.1506803485873174,-1.239450149389325,0.0,0.0,True
house_16H,confirmation,fm_static,4101,4,5;6;9;18;27;31;34;35;37;43;44;52;70;71;92;131;145;166;168;170;175;179;183;184;199;203;227;228;233;249;251;252,-1.1506803485873174,-1.239450149389325,0.0,0.0,True
house_16H,confirmation,random_search,4102,0,2;3;28;31;33;44;50;52;65;66;67;77;96;110;114;118;119;124;145;149;160;164;183;197;203;220;222;223;229;230;242;255,-1.0191306726284548,-1.131921077919343,0.0,0.0,True
house_16H,confirmation,random_search,4102,1,2;3;28;31;33;44;50;52;65;66;67;77;96;110;114;118;119;124;145;149;157;160;164;197;203;220;222;223;229;230;242;255,-0.996053513308325,-1.1213948519928378,0.0230771593201297,0.010526225926505,True
house_16H,confirmation,random_search,4102,2,2;3;28;31;33;44;50;52;65;66;67;96;103;110;114;118;119;124;145;149;157;160;164;197;203;220;222;223;229;230;242;255,-0.9759062934088356,-1.1065263545128237,0.0432243792196191,0.0253947234065192,True
house_16H,confirmation,random_search,4102,3,2;3;28;31;33;44;50;52;65;66;67;89;96;103;110;114;118;119;124;145;149;157;160;164;197;203;220;222;229;230;242;255,-0.9498086591485444,-1.110679302354188,0.0693220134799104,0.021241775565155,True
house_16H,confirmation,random_search,4102,4,2;3;28;31;33;44;50;52;65;66;67;89;96;103;110;118;119;124;128;145;149;157;160;164;197;203;220;222;229;230;242;255,-0.9391557140918216,-1.1107921496489757,0.0799749585366331,0.0211289282703672,True
house_16H,confirmation,row_active,4102,0,2;3;28;31;33;44;50;52;65;66;67;77;96;110;114;118;119;124;145;149;160;164;183;197;203;220;222;223;229;230;242;255,-1.0191306726284548,-1.131921077919343,0.0,0.0,True
house_16H,confirmation,row_active,4102,1,2;3;28;31;33;44;50;52;65;66;67;77;96;110;114;118;119;124;133;145;149;160;164;197;203;220;222;223;229;230;242;255,-0.9937669555287204,-1.085219323762038,0.0253637170997343,0.0467017541573049,True
house_16H,confirmation,row_active,4102,2,2;3;16;28;31;33;44;50;52;65;66;67;77;96;110;118;119;124;133;145;149;160;164;197;203;220;222;223;229;230;242;255,-0.9519233883072143,-1.0878301630088645,0.0672072843212404,0.0440909149104786,True
house_16H,confirmation,row_active,4102,3,2;3;16;28;31;33;44;50;52;65;66;67;77;96;110;116;118;119;124;133;145;149;160;164;197;203;222;223;229;230;242;255,-0.9344314044586548,-1.090372695570354,0.0846992681698,0.0415483823489888,True
house_16H,confirmation,row_active,4102,4,2;3;16;28;31;33;44;50;52;65;66;67;77;96;110;116;118;119;124;133;145;149;160;164;197;209;222;223;229;230;242;255,-0.9069668233125252,-1.0844154565793909,0.1121638493159296,0.047505621339952,True
house_16H,confirmation,contextual_active,4102,0,2;3;28;31;33;44;50;52;65;66;67;77;96;110;114;118;119;124;145;149;160;164;183;197;203;220;222;223;229;230;242;255,-1.0191306726284548,-1.131921077919343,0.0,0.0,True
house_16H,confirmation,contextual_active,4102,1,2;3;28;31;33;44;50;52;65;66;67;77;96;110;114;118;119;124;145;149;160;164;183;197;203;214;220;222;229;230;242;255,-0.981915975882986,-1.083547423753642,0.0372146967454688,0.0483736541657009,True
house_16H,confirmation,contextual_active,4102,2,2;3;28;31;33;44;50;52;65;66;67;70;77;96;110;114;118;119;124;145;149;160;164;197;203;214;220;222;229;230;242;255,-0.9568878979353304,-1.0734491313803076,0.0622427746931244,0.0584719465390353,True
house_16H,confirmation,contextual_active,4102,3,2;3;28;31;33;37;44;50;52;65;66;67;70;77;96;110;114;118;119;124;145;149;160;164;197;214;220;222;229;230;242;255,-0.9421170497226254,-1.0846495278728208,0.0770136229058293,0.0472715500465221,True
house_16H,confirmation,contextual_active,4102,4,2;3;28;31;33;37;44;50;52;65;66;67;70;77;96;110;114;118;119;124;145;149;160;164;166;197;214;220;222;229;230;255,-0.9403039275128846,-1.088799310390857,0.0788267451155702,0.0431217675284858,True
house_16H,confirmation,additive_static,4102,0,2;3;28;31;33;44;50;52;65;66;67;77;96;110;114;118;119;124;145;149;160;164;183;197;203;220;222;223;229;230;242;255,-1.0191306726284548,-1.131921077919343,0.0,0.0,True
house_16H,confirmation,additive_static,4102,1,2;28;31;33;44;50;52;65;66;67;77;96;110;114;118;119;124;125;145;149;160;164;183;197;203;220;222;223;229;230;242;255,-1.00020887546173,-1.1467147265799198,0.0189217971667248,-0.0147936486605768,True
house_16H,confirmation,additive_static,4102,2,2;31;33;44;50;52;65;66;67;77;96;110;114;118;119;124;125;145;149;160;164;183;197;203;220;222;223;229;230;242;245;255,-0.977784865595988,-1.0959884157995343,0.0413458070324668,0.0359326621198086,True
house_16H,confirmation,additive_static,4102,3,2;31;33;44;50;52;65;66;67;77;96;110;114;118;119;124;125;145;149;160;164;183;197;203;220;222;223;229;230;242;245;255,-0.977784865595988,-1.0959884157995343,0.0413458070324668,0.0359326621198086,True
house_16H,confirmation,additive_static,4102,4,2;31;33;44;50;52;65;66;67;77;96;110;114;118;119;124;125;145;149;160;164;183;197;203;220;222;223;229;230;242;245;255,-0.977784865595988,-1.0959884157995343,0.0413458070324668,0.0359326621198086,True
house_16H,confirmation,fm_static,4102,0,2;3;28;31;33;44;50;52;65;66;67;77;96;110;114;118;119;124;145;149;160;164;183;197;203;220;222;223;229;230;242;255,-1.0191306726284548,-1.131921077919343,0.0,0.0,True
house_16H,confirmation,fm_static,4102,1,2;3;28;31;33;44;50;52;65;66;67;77;96;110;114;118;119;124;145;149;160;164;183;197;203;220;222;223;229;230;242;255,-1.0191306726284548,-1.131921077919343,0.0,0.0,True
house_16H,confirmation,fm_static,4102,2,2;3;28;31;33;44;50;52;65;66;67;77;96;110;114;118;119;124;145;149;160;164;183;197;203;220;222;223;229;230;242;255,-1.0191306726284548,-1.131921077919343,0.0,0.0,True
house_16H,confirmation,fm_static,4102,3,2;3;28;31;33;44;50;52;65;66;67;77;96;110;114;118;119;124;145;149;160;164;183;197;203;220;222;223;229;230;242;255,-1.0191306726284548,-1.131921077919343,0.0,0.0,True
house_16H,confirmation,fm_static,4102,4,2;3;28;31;33;44;50;52;65;66;67;77;96;110;114;118;119;124;145;149;160;164;183;197;203;220;222;223;229;230;242;255,-1.0191306726284548,-1.131921077919343,0.0,0.0,True
house_16H,confirmation,random_search,4103,0,2;3;19;20;34;40;71;78;80;82;87;95;102;124;125;137;142;155;160;180;183;193;201;202;203;209;213;214;233;245;249;251,-1.174249618050656,-1.1958803757573293,0.0,0.0,True
house_16H,confirmation,random_search,4103,1,2;3;19;20;34;40;47;71;78;80;82;87;95;102;124;125;137;142;155;160;180;183;193;201;202;203;209;213;214;245;249;251,-1.1083922334991485,-1.118702267697329,0.0658573845515075,0.0771781080600002,True
house_16H,confirmation,random_search,4103,2,2;3;19;20;34;40;47;71;78;80;82;87;95;102;117;124;125;137;142;155;160;180;183;193;201;202;203;213;214;245;249;251,-1.0354100849206382,-1.08741934678432,0.1388395331300178,0.1084610289730092,True
house_16H,confirmation,random_search,4103,3,2;14;19;20;34;40;47;71;78;80;82;87;95;102;117;124;125;137;142;155;160;180;183;193;201;202;203;213;214;245;249;251,-0.971703174740792,-1.0265727375444025,0.202546443309864,0.1693076382129268,True
house_16H,confirmation,random_search,4103,4,2;14;19;20;34;40;47;71;78;80;82;87;95;102;117;124;125;137;142;146;155;160;180;193;201;202;203;213;214;245;249;251,-0.929716321937374,-0.9856235395831862,0.2445332961132821,0.2102568361741431,True
house_16H,confirmation,row_active,4103,0,2;3;19;20;34;40;71;78;80;82;87;95;102;124;125;137;142;155;160;180;183;193;201;202;203;209;213;214;233;245;249;251,-1.174249618050656,-1.1958803757573293,0.0,0.0,True
house_16H,confirmation,row_active,4103,1,2;3;18;19;20;34;40;71;78;80;82;87;95;124;125;137;142;155;160;180;183;193;201;202;203;209;213;214;233;245;249;251,-1.0613249415869728,-1.1419046120962502,0.1129246764636833,0.0539757636610791,True
house_16H,confirmation,row_active,4103,2,2;3;18;19;20;34;40;44;71;78;80;82;87;95;124;125;137;142;160;180;183;193;201;202;203;209;213;214;233;245;249;251,-0.98817222791605,-1.090643310955126,0.1860773901346061,0.1052370648022031,True
house_16H,confirmation,row_active,4103,3,3;18;19;20;24;34;40;44;71;78;80;82;87;95;124;125;137;142;160;180;183;193;201;202;203;209;213;214;233;245;249;251,-0.9440272278769688,-1.0708169574758364,0.2302223901736872,0.1250634182814929,True
house_16H,confirmation,row_active,4103,4,3;18;19;20;24;34;40;44;71;78;80;82;87;95;117;124;125;137;142;160;180;183;193;201;202;203;209;213;233;245;249;251,-0.9184509298667936,-1.0690366984128448,0.2557986881838625,0.1268436773444845,True
house_16H,confirmation,contextual_active,4103,0,2;3;19;20;34;40;71;78;80;82;87;95;102;124;125;137;142;155;160;180;183;193;201;202;203;209;213;214;233;245;249;251,-1.174249618050656,-1.1958803757573293,0.0,0.0,True
house_16H,confirmation,contextual_active,4103,1,2;3;19;20;34;40;71;78;80;82;87;95;124;125;137;142;155;160;180;183;193;201;202;203;209;213;214;229;233;245;249;251,-1.062943763322643,-1.133464884794506,0.111305854728013,0.0624154909628231,True
house_16H,confirmation,contextual_active,4103,2,2;3;19;20;34;40;73;78;80;82;87;95;124;125;137;142;155;160;180;183;193;201;202;203;209;213;214;229;233;245;249;251,-0.9959321662261824,-1.131881553244492,0.1783174518244736,0.0639988225128374,True
house_16H,confirmation,contextual_active,4103,3,2;3;19;20;34;40;78;80;82;87;95;124;125;137;142;155;160;180;183;193;200;201;202;203;209;213;214;229;233;245;249;251,-0.9310456610696762,-1.1192911263557912,0.2432039569809798,0.0765892494015381,True
house_16H,confirmation,contextual_active,4103,4,2;3;19;20;24;34;40;78;80;87;95;124;125;137;142;155;160;180;183;193;200;201;202;203;209;213;214;229;233;245;249;251,-0.9060362032741566,-1.1133046077702264,0.2682134147764995,0.0825757679871028,True
house_16H,confirmation,additive_static,4103,0,2;3;19;20;34;40;71;78;80;82;87;95;102;124;125;137;142;155;160;180;183;193;201;202;203;209;213;214;233;245;249;251,-1.174249618050656,-1.1958803757573293,0.0,0.0,True
house_16H,confirmation,additive_static,4103,1,2;3;19;20;34;40;71;78;80;82;87;95;102;124;125;137;142;155;160;165;180;183;193;201;202;203;209;213;214;233;245;249,-1.1663715726120891,-1.0853371076262486,0.0078780454385669,0.1105432681310807,True
house_16H,confirmation,additive_static,4103,2,2;3;19;20;34;40;71;78;80;82;87;95;102;124;125;137;142;155;160;165;180;183;193;201;202;203;209;213;214;233;245;249,-1.1663715726120891,-1.0853371076262486,0.0078780454385669,0.1105432681310807,True
house_16H,confirmation,additive_static,4103,3,2;3;19;20;34;40;71;78;80;82;87;95;102;124;125;137;142;155;160;165;180;183;193;201;202;203;209;213;214;233;245;249,-1.1663715726120891,-1.0853371076262486,0.0078780454385669,0.1105432681310807,True
house_16H,confirmation,additive_static,4103,4,2;3;19;20;34;40;71;78;80;82;87;95;102;124;125;137;142;155;160;165;180;183;193;201;202;203;209;213;214;233;245;249,-1.1663715726120891,-1.0853371076262486,0.0078780454385669,0.1105432681310807,True
house_16H,confirmation,fm_static,4103,0,2;3;19;20;34;40;71;78;80;82;87;95;102;124;125;137;142;155;160;180;183;193;201;202;203;209;213;214;233;245;249;251,-1.174249618050656,-1.1958803757573293,0.0,0.0,True
house_16H,confirmation,fm_static,4103,1,2;3;19;20;34;40;66;71;78;80;82;87;95;102;124;125;137;142;155;160;180;183;193;201;202;203;209;213;214;233;245;249,-1.13430026385364,-1.0783728718860608,0.0399493541970161,0.1175075038712685,True
house_16H,confirmation,fm_static,4103,2,2;3;12;20;34;40;66;71;78;80;82;87;95;102;124;125;137;142;155;160;180;183;193;201;202;203;209;213;214;233;245;249,-1.115692580177741,-1.113381562953446,0.0585570378729149,0.0824988128038832,True
house_16H,confirmation,fm_static,4103,3,2;12;20;34;40;49;66;71;78;80;82;87;95;102;124;125;137;142;155;160;180;183;193;201;202;203;209;213;214;233;245;249,-1.1136630630681783,-1.109734367869288,0.0605865549824777,0.0861460078880413,True
house_16H,confirmation,fm_static,4103,4,2;12;20;34;40;49;66;71;78;80;82;87;95;102;124;125;137;142;155;160;180;183;193;201;202;203;209;213;214;233;245;249,-1.1136630630681783,-1.109734367869288,0.0605865549824777,0.0861460078880413,True
