domain,regime,seed,interface,chart,test_mse,seen_mse,held_mse,initial_native_cka,final_native_cka,final_corrupt_cka,orbit_damage
cycle16,interpolation,7301,label,0,0.02625725375790292,0.02625725375790292,,0.41796335708402454,0.4179633565089268,0.15494990646278956,0.15327075123786926
cycle16,interpolation,7301,label,1,0.48537058893971036,0.48537058893971036,,0.2758753762546954,0.2758753747065726,0.1842796481766796,0.2612098157405853
cycle16,interpolation,7301,label,2,0.3703217340720636,0.3703217340720636,,0.15588954230123192,0.15588954413161998,0.13835220943768448,0.17907845973968506
cycle16,interpolation,7301,label,3,0.6857732082229627,0.6857732082229627,,0.10553979115902704,0.10553979293276766,0.2422109553016974,0.3540753722190857
cycle16,interpolation,7301,label,4,0.45099415179875213,0.45099415179875213,,0.2584347751895965,0.25843477408458426,0.20849758572585997,0.20329472422599792
cycle16,interpolation,7301,learned,0,0.015704048550478474,0.015704048550478474,,0.4466695449053946,0.4767688859611255,0.4946814592367909,0.0007620119140483439
cycle16,interpolation,7301,learned,1,0.015989454921473592,0.015989454921473592,,0.4832939070979166,0.5149682840379263,0.46175501718381295,0.0012592040002346039
cycle16,interpolation,7301,learned,2,0.015773929862233076,0.015773929862233076,,0.5633737768198589,0.5972128536471331,0.447890951914785,0.0011878882069140673
cycle16,interpolation,7301,learned,3,0.01589374184435813,0.01589374184435813,,0.5195646010992597,0.5651652431577002,0.4695292183493638,0.0010350015945732594
cycle16,interpolation,7301,learned,4,0.0161761497665944,0.0161761497665944,,0.4374949466882726,0.46224358934817433,0.4664145494716944,0.0012331533944234252
cycle16,interpolation,7301,random_fixed,0,0.01619595748290704,0.01619595748290704,,0.4911350458764289,0.4911350458764289,0.4910626719985733,8.766604656833613e-16
cycle16,interpolation,7301,random_fixed,1,0.01619595748290704,0.01619595748290704,,0.4911350458764289,0.4911350458764289,0.4910626719985733,8.766604656833613e-16
cycle16,interpolation,7301,random_fixed,2,0.01619595748290704,0.01619595748290704,,0.4911350458764289,0.4911350458764289,0.4910626719985733,8.766604656833613e-16
cycle16,interpolation,7301,random_fixed,3,0.01619595748290704,0.01619595748290704,,0.4911350458764289,0.4911350458764289,0.4910626719985733,8.766604656833613e-16
cycle16,interpolation,7301,random_fixed,4,0.01619595748290704,0.01619595748290704,,0.4911350458764289,0.4911350458764289,0.4910626719985733,8.766604656833613e-16
cycle16,interpolation,7301,native_fixed,0,0.014000061648657915,0.014000061648657915,,0.9999999999999993,0.9999999999999993,0.5441696002841272,7.314739363262907e-16
cycle16,interpolation,7301,native_fixed,1,0.014000061648657915,0.014000061648657915,,0.9999999999999993,0.9999999999999993,0.5441696002841272,7.314739363262907e-16
cycle16,interpolation,7301,native_fixed,2,0.014000061648657915,0.014000061648657915,,0.9999999999999993,0.9999999999999993,0.5441696002841272,7.314739363262907e-16
cycle16,interpolation,7301,native_fixed,3,0.014000061648657915,0.014000061648657915,,0.9999999999999993,0.9999999999999993,0.5441696002841272,7.314739363262907e-16
cycle16,interpolation,7301,native_fixed,4,0.014000061648657915,0.014000061648657915,,0.9999999999999993,0.9999999999999993,0.5441696002841272,7.314739363262907e-16
cycle16,interpolation,7301,native_tuned,0,0.015397588755812416,0.015397588755812416,,0.9999999999999993,0.9974776240747205,0.5272529404899217,9.74149722747595e-16
cycle16,interpolation,7301,native_tuned,1,0.015397588755812416,0.015397588755812416,,0.9999999999999993,0.9974776240747205,0.5272529404899217,9.74149722747595e-16
cycle16,interpolation,7301,native_tuned,2,0.015397588755812416,0.015397588755812416,,0.9999999999999993,0.9974776240747205,0.5272529404899217,9.74149722747595e-16
cycle16,interpolation,7301,native_tuned,3,0.015397588755812416,0.015397588755812416,,0.9999999999999993,0.9974776240747205,0.5272529404899217,9.74149722747595e-16
cycle16,interpolation,7301,native_tuned,4,0.015397588755812416,0.015397588755812416,,0.9999999999999993,0.9974776240747205,0.5272529404899217,9.74149722747595e-16
cycle16,interpolation,7301,corrupt_fixed,0,0.017712172371104177,0.017712172371104177,,0.5441696071831251,0.5441696071831251,0.9999999999999996,6.9293393722622e-16
cycle16,interpolation,7301,corrupt_fixed,1,0.017712172371104177,0.017712172371104177,,0.5441696071831251,0.5441696071831251,0.9999999999999996,6.9293393722622e-16
cycle16,interpolation,7301,corrupt_fixed,2,0.017712172371104177,0.017712172371104177,,0.5441696071831251,0.5441696071831251,0.9999999999999996,6.9293393722622e-16
cycle16,interpolation,7301,corrupt_fixed,3,0.017712172371104177,0.017712172371104177,,0.5441696071831251,0.5441696071831251,0.9999999999999996,6.9293393722622e-16
cycle16,interpolation,7301,corrupt_fixed,4,0.017712172371104177,0.017712172371104177,,0.5441696071831251,0.5441696071831251,0.9999999999999996,6.9293393722622e-16
cycle16,interpolation,7302,label,0,0.036813513083766666,0.036813513083766666,,0.4179633567926486,0.41796335716208033,0.11295333302657959,0.22092324495315552
cycle16,interpolation,7302,label,1,0.44511675351535884,0.44511675351535884,,0.1370582754818159,0.13705827626005046,0.15776282289812638,0.19897714257240295
cycle16,interpolation,7302,label,2,1.0228510922309435,1.0228510922309435,,0.14989710751749316,0.14989711194008223,0.16592546447409948,0.4737975001335144
cycle16,interpolation,7302,label,3,0.31982862247032984,0.31982862247032984,,0.353766118169278,0.3537661218038238,0.12362679509312158,0.15039455890655518
cycle16,interpolation,7302,label,4,0.7221306369655391,0.7221306369655391,,0.059874421885079666,0.05987442094674895,0.15950278856999514,0.3490528464317322
cycle16,interpolation,7302,learned,0,0.01597225567817325,0.01597225567817325,,0.44747449782492615,0.4748008371871073,0.4438142386180519,0.0010175250936299562
cycle16,interpolation,7302,learned,1,0.014886250982539474,0.014886250982539474,,0.5065213372269625,0.5506677917133184,0.43487022433493866,0.0010460233315825462
cycle16,interpolation,7302,learned,2,0.01595466253444256,0.01595466253444256,,0.45795362120574257,0.49363692176773044,0.49145988396719814,0.0009486682247370481
cycle16,interpolation,7302,learned,3,0.015038483090494534,0.015038483090494534,,0.46850948055953884,0.5054136730116872,0.4941865570063693,0.0011442811228334904
cycle16,interpolation,7302,learned,4,0.014479109917156193,0.014479109917156193,,0.45599874684240965,0.47763689918737734,0.46624375259098555,0.0008410384180024266
cycle16,interpolation,7302,random_fixed,0,0.01705950853017743,0.01705950853017743,,0.41568744289594867,0.41568744289594867,0.44287590539331373,7.02147114593505e-16
cycle16,interpolation,7302,random_fixed,1,0.01705950853017743,0.01705950853017743,,0.41568744289594867,0.41568744289594867,0.44287590539331373,7.02147114593505e-16
cycle16,interpolation,7302,random_fixed,2,0.01705950853017743,0.01705950853017743,,0.41568744289594867,0.41568744289594867,0.44287590539331373,7.02147114593505e-16
cycle16,interpolation,7302,random_fixed,3,0.01705950853017743,0.01705950853017743,,0.41568744289594867,0.41568744289594867,0.44287590539331373,7.02147114593505e-16
cycle16,interpolation,7302,random_fixed,4,0.01705950853017743,0.01705950853017743,,0.41568744289594867,0.41568744289594867,0.44287590539331373,7.02147114593505e-16
cycle16,interpolation,7302,native_fixed,0,0.014200107280004112,0.014200107280004112,,0.9999999999999993,0.9999999999999993,0.47525102114367357,7.78850394890355e-16
cycle16,interpolation,7302,native_fixed,1,0.014200107280004112,0.014200107280004112,,0.9999999999999993,0.9999999999999993,0.47525102114367357,7.78850394890355e-16
cycle16,interpolation,7302,native_fixed,2,0.014200107280004112,0.014200107280004112,,0.9999999999999993,0.9999999999999993,0.47525102114367357,7.78850394890355e-16
cycle16,interpolation,7302,native_fixed,3,0.014200107280004112,0.014200107280004112,,0.9999999999999993,0.9999999999999993,0.47525102114367357,7.78850394890355e-16
cycle16,interpolation,7302,native_fixed,4,0.014200107280004112,0.014200107280004112,,0.9999999999999993,0.9999999999999993,0.47525102114367357,7.78850394890355e-16
cycle16,interpolation,7302,native_tuned,0,0.01524847163244068,0.01524847163244068,,0.9999999999999993,0.9965429508758111,0.46407621867595056,5.575179329157277e-16
cycle16,interpolation,7302,native_tuned,1,0.01524847163244068,0.01524847163244068,,0.9999999999999993,0.9965429508758111,0.46407621867595056,5.575179329157277e-16
cycle16,interpolation,7302,native_tuned,2,0.01524847163244068,0.01524847163244068,,0.9999999999999993,0.9965429508758111,0.46407621867595056,5.575179329157277e-16
cycle16,interpolation,7302,native_tuned,3,0.01524847163244068,0.01524847163244068,,0.9999999999999993,0.9965429508758111,0.46407621867595056,5.575179329157277e-16
cycle16,interpolation,7302,native_tuned,4,0.01524847163244068,0.01524847163244068,,0.9999999999999993,0.9965429508758111,0.46407621867595056,5.575179329157277e-16
cycle16,interpolation,7302,corrupt_fixed,0,0.014655541624567548,0.014655541624567548,,0.4752510265130261,0.4752510265130261,0.9999999999999992,8.93010742664211e-16
cycle16,interpolation,7302,corrupt_fixed,1,0.014655541624567548,0.014655541624567548,,0.4752510265130261,0.4752510265130261,0.9999999999999992,8.93010742664211e-16
cycle16,interpolation,7302,corrupt_fixed,2,0.014655541624567548,0.014655541624567548,,0.4752510265130261,0.4752510265130261,0.9999999999999992,8.93010742664211e-16
cycle16,interpolation,7302,corrupt_fixed,3,0.014655541624567548,0.014655541624567548,,0.4752510265130261,0.4752510265130261,0.9999999999999992,8.93010742664211e-16
cycle16,interpolation,7302,corrupt_fixed,4,0.014655541624567548,0.014655541624567548,,0.4752510265130261,0.4752510265130261,0.9999999999999992,8.93010742664211e-16
cycle16,interpolation,7303,label,0,0.030474799507230543,0.030474799507230543,,0.4179633562379269,0.41796335804823675,0.0973038145493295,0.24491062760353088
cycle16,interpolation,7303,label,1,0.6625572334920564,0.6625572334920564,,0.24905719925999034,0.2490572014465082,0.19641180883676115,0.33745652437210083
cycle16,interpolation,7303,label,2,1.217744966677909,1.217744966677909,,0.25013805282486706,0.25013805608493783,0.10975728533313935,0.590484619140625
cycle16,interpolation,7303,label,3,0.5185960230058576,0.5185960230058576,,0.14762229705832283,0.1476222977674977,0.22947650512263448,0.24360662698745728
cycle16,interpolation,7303,label,4,0.7458288063052898,0.7458288063052898,,0.19164420921577893,0.19164420966392923,0.12923147112106392,0.3789014220237732
cycle16,interpolation,7303,learned,0,0.01407060449427734,0.01407060449427734,,0.5217347624170154,0.5582551826167993,0.549014801499547,0.0006509908707812428
cycle16,interpolation,7303,learned,1,0.014657615920571465,0.014657615920571465,,0.46102896570776847,0.5076408738329407,0.5811704625958155,0.0006471336237154901
cycle16,interpolation,7303,learned,2,0.01626657402675092,0.01626657402675092,,0.5015031796978612,0.5511109421626803,0.588881388499999,0.000723731704056263
cycle16,interpolation,7303,learned,3,0.01596144887524991,0.01596144887524991,,0.49552123611120813,0.5372231648690153,0.5799508808470607,0.0011190975783392787
cycle16,interpolation,7303,learned,4,0.01506402666232237,0.01506402666232237,,0.42737938287557115,0.46713811183763987,0.5107024561919382,0.0010620465036481619
cycle16,interpolation,7303,random_fixed,0,0.017872962972077612,0.017872962972077612,,0.4066886764037804,0.4066886764037804,0.4892949076778504,6.826001352697175e-16
cycle16,interpolation,7303,random_fixed,1,0.017872962972077612,0.017872962972077612,,0.4066886764037804,0.4066886764037804,0.4892949076778504,6.826001352697175e-16
cycle16,interpolation,7303,random_fixed,2,0.017872962972077612,0.017872962972077612,,0.4066886764037804,0.4066886764037804,0.4892949076778504,6.826001352697175e-16
cycle16,interpolation,7303,random_fixed,3,0.017872962972077612,0.017872962972077612,,0.4066886764037804,0.4066886764037804,0.4892949076778504,6.826001352697175e-16
cycle16,interpolation,7303,random_fixed,4,0.017872962972077612,0.017872962972077612,,0.4066886764037804,0.4066886764037804,0.4892949076778504,6.826001352697175e-16
cycle16,interpolation,7303,native_fixed,0,0.014570821346988349,0.014570821346988349,,0.9999999999999993,0.9999999999999993,0.4869360306909288,6.56294680059788e-16
cycle16,interpolation,7303,native_fixed,1,0.014570821346988349,0.014570821346988349,,0.9999999999999993,0.9999999999999993,0.4869360306909288,6.56294680059788e-16
cycle16,interpolation,7303,native_fixed,2,0.014570821346988349,0.014570821346988349,,0.9999999999999993,0.9999999999999993,0.4869360306909288,6.56294680059788e-16
cycle16,interpolation,7303,native_fixed,3,0.014570821346988349,0.014570821346988349,,0.9999999999999993,0.9999999999999993,0.4869360306909288,6.56294680059788e-16
cycle16,interpolation,7303,native_fixed,4,0.014570821346988349,0.014570821346988349,,0.9999999999999993,0.9999999999999993,0.4869360306909288,6.56294680059788e-16
cycle16,interpolation,7303,native_tuned,0,0.0157100149564904,0.0157100149564904,,0.9999999999999993,0.9971948080496417,0.47383727179307633,6.530725667284326e-16
cycle16,interpolation,7303,native_tuned,1,0.0157100149564904,0.0157100149564904,,0.9999999999999993,0.9971948080496417,0.47383727179307633,6.530725667284326e-16
cycle16,interpolation,7303,native_tuned,2,0.0157100149564904,0.0157100149564904,,0.9999999999999993,0.9971948080496417,0.47383727179307633,6.530725667284326e-16
cycle16,interpolation,7303,native_tuned,3,0.0157100149564904,0.0157100149564904,,0.9999999999999993,0.9971948080496417,0.47383727179307633,6.530725667284326e-16
cycle16,interpolation,7303,native_tuned,4,0.0157100149564904,0.0157100149564904,,0.9999999999999993,0.9971948080496417,0.47383727179307633,6.530725667284326e-16
cycle16,interpolation,7303,corrupt_fixed,0,0.015663833610359425,0.015663833610359425,,0.48693603205310476,0.48693603205310476,0.9999999999999993,8.571772255888547e-16
cycle16,interpolation,7303,corrupt_fixed,1,0.015663833610359425,0.015663833610359425,,0.48693603205310476,0.48693603205310476,0.9999999999999993,8.571772255888547e-16
cycle16,interpolation,7303,corrupt_fixed,2,0.015663833610359425,0.015663833610359425,,0.48693603205310476,0.48693603205310476,0.9999999999999993,8.571772255888547e-16
cycle16,interpolation,7303,corrupt_fixed,3,0.015663833610359425,0.015663833610359425,,0.48693603205310476,0.48693603205310476,0.9999999999999993,8.571772255888547e-16
cycle16,interpolation,7303,corrupt_fixed,4,0.015663833610359425,0.015663833610359425,,0.48693603205310476,0.48693603205310476,0.9999999999999993,8.571772255888547e-16
cycle16,category_holdout,7301,label,0,0.03010604831905784,0.023678055524954143,0.04939002670136891,0.41796335708402454,0.41796335813669555,0.15494990411604323,0.4452047348022461
cycle16,category_holdout,7301,label,1,0.6887025188627699,0.10345905955210412,2.4444328967947673,0.2758753762546954,0.2758753746706408,0.18427964713860856,1.1461238861083984
cycle16,category_holdout,7301,label,2,0.5786842962105969,0.31868201283236425,1.3586911463452944,0.15588954230123192,0.15588954312866996,0.13835220977908205,0.9428761005401611
cycle16,category_holdout,7301,label,3,0.4924716266737961,0.29578967179056675,1.0825174913234843,0.10553979115902704,0.10553979123775283,0.24221095167555187,0.8350435495376587
cycle16,category_holdout,7301,label,4,0.9825395089877866,0.10558158271170714,3.6134132878160257,0.2584347751895965,0.25843477290493777,0.20849758615536126,1.9074549674987793
cycle16,category_holdout,7301,learned,0,1.36535777482788,0.013256595945574648,5.421661311474796,0.4466695449053946,0.4652240476695771,0.4938508716416952,0.8694726228713989
cycle16,category_holdout,7301,learned,1,0.589495794488463,0.013309839100022994,2.318053660653783,0.4832939070979166,0.49422384223875787,0.4527276230953248,0.4653759002685547
cycle16,category_holdout,7301,learned,2,0.9343505677926323,0.012430719627880468,3.7001101122868874,0.5633737768198589,0.5823854406219121,0.4497087300937185,1.2859177589416504
cycle16,category_holdout,7301,learned,3,0.356147170403858,0.013925732371586447,1.3828114845006727,0.5195646010992597,0.5483675402957894,0.470376062632599,1.4668184518814087
cycle16,category_holdout,7301,learned,4,0.7758861063946356,0.013456676983584681,3.0631743946277883,0.4374949466882726,0.45502225465907303,0.459251244828245,1.2215056419372559
cycle16,category_holdout,7301,random_fixed,0,0.22310978511501112,0.013157118164240741,0.8529677859673224,0.4911350458764289,0.4911350458764289,0.4910626719985733,1.0566634373043726e-15
cycle16,category_holdout,7301,random_fixed,1,0.22310978511501112,0.013157118164240741,0.8529677859673224,0.4911350458764289,0.4911350458764289,0.4910626719985733,1.0566634373043726e-15
cycle16,category_holdout,7301,random_fixed,2,0.22310978511501112,0.013157118164240741,0.8529677859673224,0.4911350458764289,0.4911350458764289,0.4910626719985733,1.0566634373043726e-15
cycle16,category_holdout,7301,random_fixed,3,0.22310978511501112,0.013157118164240741,0.8529677859673224,0.4911350458764289,0.4911350458764289,0.4910626719985733,1.0566634373043726e-15
cycle16,category_holdout,7301,random_fixed,4,0.22310978511501112,0.013157118164240741,0.8529677859673224,0.4911350458764289,0.4911350458764289,0.4910626719985733,1.0566634373043726e-15
cycle16,category_holdout,7301,native_fixed,0,0.10300055902859574,0.013293854453623919,0.37212067275351124,0.9999999999999993,0.9999999999999993,0.5441696002841272,4.231641079210924e-16
cycle16,category_holdout,7301,native_fixed,1,0.10300055902859574,0.013293854453623919,0.37212067275351124,0.9999999999999993,0.9999999999999993,0.5441696002841272,4.231641079210924e-16
cycle16,category_holdout,7301,native_fixed,2,0.10300055902859574,0.013293854453623919,0.37212067275351124,0.9999999999999993,0.9999999999999993,0.5441696002841272,4.231641079210924e-16
cycle16,category_holdout,7301,native_fixed,3,0.10300055902859574,0.013293854453623919,0.37212067275351124,0.9999999999999993,0.9999999999999993,0.5441696002841272,4.231641079210924e-16
cycle16,category_holdout,7301,native_fixed,4,0.10300055902859574,0.013293854453623919,0.37212067275351124,0.9999999999999993,0.9999999999999993,0.5441696002841272,4.231641079210924e-16
cycle16,category_holdout,7301,native_tuned,0,0.054059681729650075,0.012925259308893483,0.17746294899191983,0.9999999999999993,0.9985625141385228,0.5296861253894821,8.716985466783456e-16
cycle16,category_holdout,7301,native_tuned,1,0.054059681729650075,0.012925259308893483,0.17746294899191983,0.9999999999999993,0.9985625141385228,0.5296861253894821,8.716985466783456e-16
cycle16,category_holdout,7301,native_tuned,2,0.054059681729650075,0.012925259308893483,0.17746294899191983,0.9999999999999993,0.9985625141385228,0.5296861253894821,8.716985466783456e-16
cycle16,category_holdout,7301,native_tuned,3,0.054059681729650075,0.012925259308893483,0.17746294899191983,0.9999999999999993,0.9985625141385228,0.5296861253894821,8.716985466783456e-16
cycle16,category_holdout,7301,native_tuned,4,0.054059681729650075,0.012925259308893483,0.17746294899191983,0.9999999999999993,0.9985625141385228,0.5296861253894821,8.716985466783456e-16
cycle16,category_holdout,7301,corrupt_fixed,0,0.7887525576483152,0.01280332365334437,3.116600259633228,0.5441696071831251,0.5441696071831251,0.9999999999999996,1.1726773049250579e-15
cycle16,category_holdout,7301,corrupt_fixed,1,0.7887525576483152,0.01280332365334437,3.116600259633228,0.5441696071831251,0.5441696071831251,0.9999999999999996,1.1726773049250579e-15
cycle16,category_holdout,7301,corrupt_fixed,2,0.7887525576483152,0.01280332365334437,3.116600259633228,0.5441696071831251,0.5441696071831251,0.9999999999999996,1.1726773049250579e-15
cycle16,category_holdout,7301,corrupt_fixed,3,0.7887525576483152,0.01280332365334437,3.116600259633228,0.5441696071831251,0.5441696071831251,0.9999999999999996,1.1726773049250579e-15
cycle16,category_holdout,7301,corrupt_fixed,4,0.7887525576483152,0.01280332365334437,3.116600259633228,0.5441696071831251,0.5441696071831251,0.9999999999999996,1.1726773049250579e-15
cycle16,category_holdout,7302,label,0,0.03657485881280913,0.03334806486177418,0.04625524066591395,0.4179633567926486,0.41796335713284494,0.11295333566859111,1.5480241775512695
cycle16,category_holdout,7302,label,1,0.4997121551717281,0.25760809771493703,1.2260243275421014,0.1370582754818159,0.13705827452395733,0.1577628199522299,0.41174960136413574
cycle16,category_holdout,7302,label,2,1.0097464408918397,0.9064895551102813,1.3195170982365152,0.14989710751749316,0.14989711091770136,0.16592546470928163,0.33366093039512634
cycle16,category_holdout,7302,label,3,0.3447747039605846,0.16025323482507703,0.8983391113671074,0.353766118169278,0.3537661213013443,0.12362679621891474,0.41619959473609924
cycle16,category_holdout,7302,label,4,3.44262876392434,0.13094299369868811,13.377686074601295,0.059874421885079666,0.05987441973992648,0.15950278876751073,5.836645126342773
cycle16,category_holdout,7302,learned,0,0.9018320487362298,0.013559215049585939,3.5666505497961616,0.44747449782492615,0.4617850699619172,0.4540347068447476,1.533777117729187
cycle16,category_holdout,7302,learned,1,1.0297118511826244,0.013712807930855523,4.077708980937931,0.5065213372269625,0.525266042004294,0.45012716565682576,1.3530282974243164
cycle16,category_holdout,7302,learned,2,1.006474482033866,0.01290016285384258,3.9871974395739365,0.45795362120574257,0.4829522624404887,0.49973978086441956,1.2865488529205322
cycle16,category_holdout,7302,learned,3,0.8559178040113489,0.013406957749585136,3.38345034279664,0.46850948055953884,0.4871157646811058,0.49818111577704277,1.110565185546875
cycle16,category_holdout,7302,learned,4,0.6074091489740745,0.013411454247587237,2.389402233153536,0.45599874684240965,0.47143634301536175,0.46149566646130535,1.4035673141479492
cycle16,category_holdout,7302,random_fixed,0,0.581760255592783,0.013985333431906504,2.285085022075413,0.41568744289594867,0.41568744289594867,0.44287590539331373,3.691369584134241e-16
cycle16,category_holdout,7302,random_fixed,1,0.581760255592783,0.013985333431906504,2.285085022075413,0.41568744289594867,0.41568744289594867,0.44287590539331373,3.691369584134241e-16
cycle16,category_holdout,7302,random_fixed,2,0.581760255592783,0.013985333431906504,2.285085022075413,0.41568744289594867,0.41568744289594867,0.44287590539331373,3.691369584134241e-16
cycle16,category_holdout,7302,random_fixed,3,0.581760255592783,0.013985333431906504,2.285085022075413,0.41568744289594867,0.41568744289594867,0.44287590539331373,3.691369584134241e-16
cycle16,category_holdout,7302,random_fixed,4,0.581760255592783,0.013985333431906504,2.285085022075413,0.41568744289594867,0.41568744289594867,0.44287590539331373,3.691369584134241e-16
cycle16,category_holdout,7302,native_fixed,0,0.09533077098308819,0.012987865910976525,0.3423594861994232,0.9999999999999993,0.9999999999999993,0.47525102114367357,6.357761539454998e-16
cycle16,category_holdout,7302,native_fixed,1,0.09533077098308819,0.012987865910976525,0.3423594861994232,0.9999999999999993,0.9999999999999993,0.47525102114367357,6.357761539454998e-16
cycle16,category_holdout,7302,native_fixed,2,0.09533077098308819,0.012987865910976525,0.3423594861994232,0.9999999999999993,0.9999999999999993,0.47525102114367357,6.357761539454998e-16
cycle16,category_holdout,7302,native_fixed,3,0.09533077098308819,0.012987865910976525,0.3423594861994232,0.9999999999999993,0.9999999999999993,0.47525102114367357,6.357761539454998e-16
cycle16,category_holdout,7302,native_fixed,4,0.09533077098308819,0.012987865910976525,0.3423594861994232,0.9999999999999993,0.9999999999999993,0.47525102114367357,6.357761539454998e-16
cycle16,category_holdout,7302,native_tuned,0,0.12652468707523262,0.013273901595299753,0.46627704351503124,0.9999999999999993,0.998134384314079,0.46476693486449977,4.419208055050916e-16
cycle16,category_holdout,7302,native_tuned,1,0.12652468707523262,0.013273901595299753,0.46627704351503124,0.9999999999999993,0.998134384314079,0.46476693486449977,4.419208055050916e-16
cycle16,category_holdout,7302,native_tuned,2,0.12652468707523262,0.013273901595299753,0.46627704351503124,0.9999999999999993,0.998134384314079,0.46476693486449977,4.419208055050916e-16
cycle16,category_holdout,7302,native_tuned,3,0.12652468707523262,0.013273901595299753,0.46627704351503124,0.9999999999999993,0.998134384314079,0.46476693486449977,4.419208055050916e-16
cycle16,category_holdout,7302,native_tuned,4,0.12652468707523262,0.013273901595299753,0.46627704351503124,0.9999999999999993,0.998134384314079,0.46476693486449977,4.419208055050916e-16
cycle16,category_holdout,7302,corrupt_fixed,0,1.0161177074207413,0.01304744195541075,4.025328503816732,0.4752510265130261,0.4752510265130261,0.9999999999999992,5.353858090369201e-16
cycle16,category_holdout,7302,corrupt_fixed,1,1.0161177074207413,0.01304744195541075,4.025328503816732,0.4752510265130261,0.4752510265130261,0.9999999999999992,5.353858090369201e-16
cycle16,category_holdout,7302,corrupt_fixed,2,1.0161177074207413,0.01304744195541075,4.025328503816732,0.4752510265130261,0.4752510265130261,0.9999999999999992,5.353858090369201e-16
cycle16,category_holdout,7302,corrupt_fixed,3,1.0161177074207413,0.01304744195541075,4.025328503816732,0.4752510265130261,0.4752510265130261,0.9999999999999992,5.353858090369201e-16
cycle16,category_holdout,7302,corrupt_fixed,4,1.0161177074207413,0.01304744195541075,4.025328503816732,0.4752510265130261,0.4752510265130261,0.9999999999999992,5.353858090369201e-16
cycle16,category_holdout,7303,label,0,0.0322792724281839,0.025531888804001878,0.05252142330072999,0.4179633562379269,0.4179633554551599,0.0973038165918153,0.6798393130302429
cycle16,category_holdout,7303,label,1,1.132768143913573,0.9956399216672683,1.5441528106524869,0.24905719925999034,0.24905720080588478,0.19641180978824702,0.4000599682331085
cycle16,category_holdout,7303,label,2,1.7365482823600293,1.705344089877907,1.830160859806396,0.25013805282486706,0.25013805245128784,0.1097572841556764,0.7108533978462219
cycle16,category_holdout,7303,label,3,0.6968193294118463,0.23101246764540087,2.0942399147111828,0.14762229705832283,0.14762230000240265,0.22947650758279026,0.8897805213928223
cycle16,category_holdout,7303,label,4,0.6689249832572601,0.17316794264959903,2.1561961050802436,0.19164420921577893,0.19164420857601552,0.12923147119177447,0.5541725158691406
cycle16,category_holdout,7303,learned,0,0.2653639792783557,0.013083889329634772,1.0222042491245185,0.5217347624170154,0.5487466292926665,0.5493245546207525,0.3976460099220276
cycle16,category_holdout,7303,learned,1,0.4366603100891302,0.01238843461754078,1.7094759365038983,0.46102896570776847,0.4806614071183135,0.5825452766839027,0.5302082300186157
cycle16,category_holdout,7303,learned,2,0.8529290327312364,0.012339903594916544,3.374696420140196,0.5015031796978612,0.5239366211791823,0.5954594546911336,1.7447657585144043
cycle16,category_holdout,7303,learned,3,0.6866418759559646,0.012526174748875199,2.7089889795772324,0.49552123611120813,0.52068235545888,0.5850017570799144,0.8257278800010681
cycle16,category_holdout,7303,learned,4,0.20179156860740977,0.012854580949941907,0.7686025315798133,0.42737938287557115,0.45191223786608686,0.5073316968135514,0.18979772925376892
cycle16,category_holdout,7303,random_fixed,0,0.9546987693747281,0.013541923047523061,3.778169308356343,0.4066886764037804,0.4066886764037804,0.4892949076778504,8.674159480970278e-16
cycle16,category_holdout,7303,random_fixed,1,0.9546987693747281,0.013541923047523061,3.778169308356343,0.4066886764037804,0.4066886764037804,0.4892949076778504,8.674159480970278e-16
cycle16,category_holdout,7303,random_fixed,2,0.9546987693747281,0.013541923047523061,3.778169308356343,0.4066886764037804,0.4066886764037804,0.4892949076778504,8.674159480970278e-16
cycle16,category_holdout,7303,random_fixed,3,0.9546987693747281,0.013541923047523061,3.778169308356343,0.4066886764037804,0.4066886764037804,0.4892949076778504,8.674159480970278e-16
cycle16,category_holdout,7303,random_fixed,4,0.9546987693747281,0.013541923047523061,3.778169308356343,0.4066886764037804,0.4066886764037804,0.4892949076778504,8.674159480970278e-16
cycle16,category_holdout,7303,native_fixed,0,0.1377781541177832,0.012596606053582033,0.5133227983103867,0.9999999999999993,0.9999999999999993,0.4869360306909288,8.183049778152235e-16
cycle16,category_holdout,7303,native_fixed,1,0.1377781541177832,0.012596606053582033,0.5133227983103867,0.9999999999999993,0.9999999999999993,0.4869360306909288,8.183049778152235e-16
cycle16,category_holdout,7303,native_fixed,2,0.1377781541177832,0.012596606053582033,0.5133227983103867,0.9999999999999993,0.9999999999999993,0.4869360306909288,8.183049778152235e-16
cycle16,category_holdout,7303,native_fixed,3,0.1377781541177832,0.012596606053582033,0.5133227983103867,0.9999999999999993,0.9999999999999993,0.4869360306909288,8.183049778152235e-16
cycle16,category_holdout,7303,native_fixed,4,0.1377781541177832,0.012596606053582033,0.5133227983103867,0.9999999999999993,0.9999999999999993,0.4869360306909288,8.183049778152235e-16
cycle16,category_holdout,7303,native_tuned,0,0.11504977294417386,0.012630082721222846,0.4223088436130269,0.9999999999999993,0.9985788639996944,0.48395531950507054,6.609838544557878e-16
cycle16,category_holdout,7303,native_tuned,1,0.11504977294417386,0.012630082721222846,0.4223088436130269,0.9999999999999993,0.9985788639996944,0.48395531950507054,6.609838544557878e-16
cycle16,category_holdout,7303,native_tuned,2,0.11504977294417386,0.012630082721222846,0.4223088436130269,0.9999999999999993,0.9985788639996944,0.48395531950507054,6.609838544557878e-16
cycle16,category_holdout,7303,native_tuned,3,0.11504977294417386,0.012630082721222846,0.4223088436130269,0.9999999999999993,0.9985788639996944,0.48395531950507054,6.609838544557878e-16
cycle16,category_holdout,7303,native_tuned,4,0.11504977294417386,0.012630082721222846,0.4223088436130269,0.9999999999999993,0.9985788639996944,0.48395531950507054,6.609838544557878e-16
cycle16,category_holdout,7303,corrupt_fixed,0,0.3947021972447965,0.012867277303858332,1.540206957067611,0.48693603205310476,0.48693603205310476,0.9999999999999993,5.943596309565535e-16
cycle16,category_holdout,7303,corrupt_fixed,1,0.3947021972447965,0.012867277303858332,1.540206957067611,0.48693603205310476,0.48693603205310476,0.9999999999999993,5.943596309565535e-16
cycle16,category_holdout,7303,corrupt_fixed,2,0.3947021972447965,0.012867277303858332,1.540206957067611,0.48693603205310476,0.48693603205310476,0.9999999999999993,5.943596309565535e-16
cycle16,category_holdout,7303,corrupt_fixed,3,0.3947021972447965,0.012867277303858332,1.540206957067611,0.48693603205310476,0.48693603205310476,0.9999999999999993,5.943596309565535e-16
cycle16,category_holdout,7303,corrupt_fixed,4,0.3947021972447965,0.012867277303858332,1.540206957067611,0.48693603205310476,0.48693603205310476,0.9999999999999993,5.943596309565535e-16
ordinal16,interpolation,7301,label,0,0.017639473265077133,0.017639473265077133,,0.5361760798217572,0.5361760797356527,0.15569440829882963,0.3039143681526184
ordinal16,interpolation,7301,label,1,1.249979313690516,1.249979313690516,,0.18735577487314325,0.1873557718705529,0.2512013176347229,0.4757250249385834
ordinal16,interpolation,7301,label,2,0.4620476470931381,0.4620476470931381,,0.35902367503944893,0.35902367437995747,0.1460575230032541,0.22973759472370148
ordinal16,interpolation,7301,label,3,0.7515129217386431,0.7515129217386431,,0.08331955674235939,0.08331955652167392,0.1893333934529388,0.24687927961349487
ordinal16,interpolation,7301,label,4,0.5677705786785013,0.5677705786785013,,0.15775464187594582,0.15775464163136677,0.2418260416997717,0.23214221000671387
ordinal16,interpolation,7301,learned,0,0.01678421010772077,0.01678421010772077,,0.4747356144906594,0.5194386080538796,0.4815390398390985,0.0008084880537353456
ordinal16,interpolation,7301,learned,1,0.01503837619249104,0.01503837619249104,,0.5274492467576097,0.5739754353048692,0.4684344191821843,0.000802864320576191
ordinal16,interpolation,7301,learned,2,0.015626749645595774,0.015626749645595774,,0.515943625533503,0.5585682388046488,0.4788788173584587,0.0005507339956238866
ordinal16,interpolation,7301,learned,3,0.015918154175429765,0.015918154175429765,,0.5152353849975168,0.562169243800116,0.477289462560772,0.0006600046763196588
ordinal16,interpolation,7301,learned,4,0.016426042499778797,0.016426042499778797,,0.5211810476642291,0.5510553124045817,0.48264253602221546,0.0007164629059843719
ordinal16,interpolation,7301,random_fixed,0,0.0180890629556697,0.0180890629556697,,0.5347591013897519,0.5347591013897519,0.5518279957909782,9.563137499772612e-16
ordinal16,interpolation,7301,random_fixed,1,0.0180890629556697,0.0180890629556697,,0.5347591013897519,0.5347591013897519,0.5518279957909782,9.563137499772612e-16
ordinal16,interpolation,7301,random_fixed,2,0.0180890629556697,0.0180890629556697,,0.5347591013897519,0.5347591013897519,0.5518279957909782,9.563137499772612e-16
ordinal16,interpolation,7301,random_fixed,3,0.0180890629556697,0.0180890629556697,,0.5347591013897519,0.5347591013897519,0.5518279957909782,9.563137499772612e-16
ordinal16,interpolation,7301,random_fixed,4,0.0180890629556697,0.0180890629556697,,0.5347591013897519,0.5347591013897519,0.5518279957909782,9.563137499772612e-16
ordinal16,interpolation,7301,native_fixed,0,0.0164330389944945,0.0164330389944945,,0.9999999999999997,0.9999999999999997,0.5138081875598082,7.285194854062677e-16
ordinal16,interpolation,7301,native_fixed,1,0.0164330389944945,0.0164330389944945,,0.9999999999999997,0.9999999999999997,0.5138081875598082,7.285194854062677e-16
ordinal16,interpolation,7301,native_fixed,2,0.0164330389944945,0.0164330389944945,,0.9999999999999997,0.9999999999999997,0.5138081875598082,7.285194854062677e-16
ordinal16,interpolation,7301,native_fixed,3,0.0164330389944945,0.0164330389944945,,0.9999999999999997,0.9999999999999997,0.5138081875598082,7.285194854062677e-16
ordinal16,interpolation,7301,native_fixed,4,0.0164330389944945,0.0164330389944945,,0.9999999999999997,0.9999999999999997,0.5138081875598082,7.285194854062677e-16
ordinal16,interpolation,7301,native_tuned,0,0.016064750134448427,0.016064750134448427,,0.9999999999999997,0.9968378426349016,0.49746460541037707,7.213840798585974e-16
ordinal16,interpolation,7301,native_tuned,1,0.016064750134448427,0.016064750134448427,,0.9999999999999997,0.9968378426349016,0.49746460541037707,7.213840798585974e-16
ordinal16,interpolation,7301,native_tuned,2,0.016064750134448427,0.016064750134448427,,0.9999999999999997,0.9968378426349016,0.49746460541037707,7.213840798585974e-16
ordinal16,interpolation,7301,native_tuned,3,0.016064750134448427,0.016064750134448427,,0.9999999999999997,0.9968378426349016,0.49746460541037707,7.213840798585974e-16
ordinal16,interpolation,7301,native_tuned,4,0.016064750134448427,0.016064750134448427,,0.9999999999999997,0.9968378426349016,0.49746460541037707,7.213840798585974e-16
ordinal16,interpolation,7301,corrupt_fixed,0,0.01688450067069786,0.01688450067069786,,0.5138081893945377,0.5138081893945377,0.9999999999999997,7.089801293790055e-16
ordinal16,interpolation,7301,corrupt_fixed,1,0.01688450067069786,0.01688450067069786,,0.5138081893945377,0.5138081893945377,0.9999999999999997,7.089801293790055e-16
ordinal16,interpolation,7301,corrupt_fixed,2,0.01688450067069786,0.01688450067069786,,0.5138081893945377,0.5138081893945377,0.9999999999999997,7.089801293790055e-16
ordinal16,interpolation,7301,corrupt_fixed,3,0.01688450067069786,0.01688450067069786,,0.5138081893945377,0.5138081893945377,0.9999999999999997,7.089801293790055e-16
ordinal16,interpolation,7301,corrupt_fixed,4,0.01688450067069786,0.01688450067069786,,0.5138081893945377,0.5138081893945377,0.9999999999999997,7.089801293790055e-16
ordinal16,interpolation,7302,label,0,0.018987001364029234,0.018987001364029234,,0.5361760798155139,0.5361760797760916,0.3323670992923743,0.4327682852745056
ordinal16,interpolation,7302,label,1,1.6844287953485004,1.6844287953485004,,0.12295908172374356,0.12295907935640776,0.1763001687308352,0.5851708054542542
ordinal16,interpolation,7302,label,2,0.9130554318391615,0.9130554318391615,,0.17401802577553704,0.17401802694580595,0.11761755772403232,0.3126499652862549
ordinal16,interpolation,7302,label,3,1.0702765252336657,1.0702765252336657,,0.28304690356901546,0.28304690698069057,0.13981545519654787,0.4324660301208496
ordinal16,interpolation,7302,label,4,0.6003350336254478,0.6003350336254478,,0.19257081008813184,0.19257080845965094,0.1863781466767441,0.29077017307281494
ordinal16,interpolation,7302,learned,0,0.017232142941824072,0.017232142941824072,,0.4532721510923049,0.4959067460118185,0.5956253199006382,0.0018398209940642118
ordinal16,interpolation,7302,learned,1,0.0182463881690911,0.0182463881690911,,0.5491453891862196,0.6021156651692882,0.5090452247852549,0.001811040099710226
ordinal16,interpolation,7302,learned,2,0.017514086513931902,0.017514086513931902,,0.5228597990240822,0.5650065808979029,0.5765164731649516,0.000957516604103148
ordinal16,interpolation,7302,learned,3,0.016532200144304482,0.016532200144304482,,0.47809707382284267,0.5181056882133452,0.4894690764434898,0.0012347330339252949
ordinal16,interpolation,7302,learned,4,0.017318842486539185,0.017318842486539185,,0.5142319047240295,0.5529260390048474,0.523682338816143,0.0010780529119074345
ordinal16,interpolation,7302,random_fixed,0,0.01844190927295234,0.01844190927295234,,0.4572022235513539,0.4572022235513539,0.5277232982074207,7.145038429862876e-16
ordinal16,interpolation,7302,random_fixed,1,0.01844190927295234,0.01844190927295234,,0.4572022235513539,0.4572022235513539,0.5277232982074207,7.145038429862876e-16
ordinal16,interpolation,7302,random_fixed,2,0.01844190927295234,0.01844190927295234,,0.4572022235513539,0.4572022235513539,0.5277232982074207,7.145038429862876e-16
ordinal16,interpolation,7302,random_fixed,3,0.01844190927295234,0.01844190927295234,,0.4572022235513539,0.4572022235513539,0.5277232982074207,7.145038429862876e-16
ordinal16,interpolation,7302,random_fixed,4,0.01844190927295234,0.01844190927295234,,0.4572022235513539,0.4572022235513539,0.5277232982074207,7.145038429862876e-16
ordinal16,interpolation,7302,native_fixed,0,0.016601396441967214,0.016601396441967214,,0.9999999999999997,0.9999999999999997,0.588846544678582,5.764171437931025e-16
ordinal16,interpolation,7302,native_fixed,1,0.016601396441967214,0.016601396441967214,,0.9999999999999997,0.9999999999999997,0.588846544678582,5.764171437931025e-16
ordinal16,interpolation,7302,native_fixed,2,0.016601396441967214,0.016601396441967214,,0.9999999999999997,0.9999999999999997,0.588846544678582,5.764171437931025e-16
ordinal16,interpolation,7302,native_fixed,3,0.016601396441967214,0.016601396441967214,,0.9999999999999997,0.9999999999999997,0.588846544678582,5.764171437931025e-16
ordinal16,interpolation,7302,native_fixed,4,0.016601396441967214,0.016601396441967214,,0.9999999999999997,0.9999999999999997,0.588846544678582,5.764171437931025e-16
ordinal16,interpolation,7302,native_tuned,0,0.01619603034893017,0.01619603034893017,,0.9999999999999997,0.996170935584033,0.5757208074348079,5.75623685679762e-16
ordinal16,interpolation,7302,native_tuned,1,0.01619603034893017,0.01619603034893017,,0.9999999999999997,0.996170935584033,0.5757208074348079,5.75623685679762e-16
ordinal16,interpolation,7302,native_tuned,2,0.01619603034893017,0.01619603034893017,,0.9999999999999997,0.996170935584033,0.5757208074348079,5.75623685679762e-16
ordinal16,interpolation,7302,native_tuned,3,0.01619603034893017,0.01619603034893017,,0.9999999999999997,0.996170935584033,0.5757208074348079,5.75623685679762e-16
ordinal16,interpolation,7302,native_tuned,4,0.01619603034893017,0.01619603034893017,,0.9999999999999997,0.996170935584033,0.5757208074348079,5.75623685679762e-16
ordinal16,interpolation,7302,corrupt_fixed,0,0.015722745303994468,0.015722745303994468,,0.5888465484815145,0.5888465484815145,0.9999999999999997,6.856833351977232e-16
ordinal16,interpolation,7302,corrupt_fixed,1,0.015722745303994468,0.015722745303994468,,0.5888465484815145,0.5888465484815145,0.9999999999999997,6.856833351977232e-16
ordinal16,interpolation,7302,corrupt_fixed,2,0.015722745303994468,0.015722745303994468,,0.5888465484815145,0.5888465484815145,0.9999999999999997,6.856833351977232e-16
ordinal16,interpolation,7302,corrupt_fixed,3,0.015722745303994468,0.015722745303994468,,0.5888465484815145,0.5888465484815145,0.9999999999999997,6.856833351977232e-16
ordinal16,interpolation,7302,corrupt_fixed,4,0.015722745303994468,0.015722745303994468,,0.5888465484815145,0.5888465484815145,0.9999999999999997,6.856833351977232e-16
ordinal16,interpolation,7303,label,0,0.01709789955650589,0.01709789955650589,,0.5361760797657932,0.5361760800402714,0.1553175468515969,0.40694472193717957
ordinal16,interpolation,7303,label,1,1.3122859478448439,1.3122859478448439,,0.15757552747727863,0.1575755280873249,0.17028209061544763,0.4350617527961731
ordinal16,interpolation,7303,label,2,0.8006139270761652,0.8006139270761652,,0.21143083682029482,0.21143083000879276,0.15678008087503914,0.2902069091796875
ordinal16,interpolation,7303,label,3,0.33747397636152243,0.33747397636152243,,0.13575232912258253,0.13575233094164274,0.2061712230696903,0.2869665324687958
ordinal16,interpolation,7303,label,4,1.5893026272721564,1.5893026272721564,,0.1543020148910752,0.15430201233542334,0.19387483602117903,0.6205053329467773
ordinal16,interpolation,7303,learned,0,0.015236578528450987,0.015236578528450987,,0.5495126669161022,0.5799581480200406,0.4616127058219008,0.0006453818641602993
ordinal16,interpolation,7303,learned,1,0.013992633919438936,0.013992633919438936,,0.4793476496709144,0.5142980609530884,0.5498903287024738,0.0006272120517678559
ordinal16,interpolation,7303,learned,2,0.01753573780600433,0.01753573780600433,,0.5934922653865635,0.6437880149826888,0.47273464738202814,0.0009354816284030676
ordinal16,interpolation,7303,learned,3,0.014549834265977724,0.014549834265977724,,0.5693325895574708,0.6091513731698265,0.45427009934013457,0.0006325854919850826
ordinal16,interpolation,7303,learned,4,0.016860639600484034,0.016860639600484034,,0.4924834595599313,0.5428293378790652,0.4831232517936569,0.0010104496031999588
ordinal16,interpolation,7303,random_fixed,0,0.016307566712802042,0.016307566712802042,,0.5157746169661781,0.5157746169661781,0.5705659919168311,7.331578378254322e-16
ordinal16,interpolation,7303,random_fixed,1,0.016307566712802042,0.016307566712802042,,0.5157746169661781,0.5157746169661781,0.5705659919168311,7.331578378254322e-16
ordinal16,interpolation,7303,random_fixed,2,0.016307566712802042,0.016307566712802042,,0.5157746169661781,0.5157746169661781,0.5705659919168311,7.331578378254322e-16
ordinal16,interpolation,7303,random_fixed,3,0.016307566712802042,0.016307566712802042,,0.5157746169661781,0.5157746169661781,0.5705659919168311,7.331578378254322e-16
ordinal16,interpolation,7303,random_fixed,4,0.016307566712802042,0.016307566712802042,,0.5157746169661781,0.5157746169661781,0.5705659919168311,7.331578378254322e-16
ordinal16,interpolation,7303,native_fixed,0,0.013701250079391766,0.013701250079391766,,0.9999999999999997,0.9999999999999997,0.4892364873909659,7.421668802524289e-16
ordinal16,interpolation,7303,native_fixed,1,0.013701250079391766,0.013701250079391766,,0.9999999999999997,0.9999999999999997,0.4892364873909659,7.421668802524289e-16
ordinal16,interpolation,7303,native_fixed,2,0.013701250079391766,0.013701250079391766,,0.9999999999999997,0.9999999999999997,0.4892364873909659,7.421668802524289e-16
ordinal16,interpolation,7303,native_fixed,3,0.013701250079391766,0.013701250079391766,,0.9999999999999997,0.9999999999999997,0.4892364873909659,7.421668802524289e-16
ordinal16,interpolation,7303,native_fixed,4,0.013701250079391766,0.013701250079391766,,0.9999999999999997,0.9999999999999997,0.4892364873909659,7.421668802524289e-16
ordinal16,interpolation,7303,native_tuned,0,0.01392948454086368,0.01392948454086368,,0.9999999999999997,0.996950776392455,0.48048371990880706,7.113992554763637e-16
ordinal16,interpolation,7303,native_tuned,1,0.01392948454086368,0.01392948454086368,,0.9999999999999997,0.996950776392455,0.48048371990880706,7.113992554763637e-16
ordinal16,interpolation,7303,native_tuned,2,0.01392948454086368,0.01392948454086368,,0.9999999999999997,0.996950776392455,0.48048371990880706,7.113992554763637e-16
ordinal16,interpolation,7303,native_tuned,3,0.01392948454086368,0.01392948454086368,,0.9999999999999997,0.996950776392455,0.48048371990880706,7.113992554763637e-16
ordinal16,interpolation,7303,native_tuned,4,0.01392948454086368,0.01392948454086368,,0.9999999999999997,0.996950776392455,0.48048371990880706,7.113992554763637e-16
ordinal16,interpolation,7303,corrupt_fixed,0,0.01501113313697395,0.01501113313697395,,0.4892364867207378,0.4892364867207378,0.9999999999999997,7.930566197234673e-16
ordinal16,interpolation,7303,corrupt_fixed,1,0.01501113313697395,0.01501113313697395,,0.4892364867207378,0.4892364867207378,0.9999999999999997,7.930566197234673e-16
ordinal16,interpolation,7303,corrupt_fixed,2,0.01501113313697395,0.01501113313697395,,0.4892364867207378,0.4892364867207378,0.9999999999999997,7.930566197234673e-16
ordinal16,interpolation,7303,corrupt_fixed,3,0.01501113313697395,0.01501113313697395,,0.4892364867207378,0.4892364867207378,0.9999999999999997,7.930566197234673e-16
ordinal16,interpolation,7303,corrupt_fixed,4,0.01501113313697395,0.01501113313697395,,0.4892364867207378,0.4892364867207378,0.9999999999999997,7.930566197234673e-16
ordinal16,category_holdout,7301,label,0,0.017008096676609186,0.016517269457292105,0.018480578334560432,0.5361760798217572,0.5361760795791687,0.15569441255343686,0.9794436097145081
ordinal16,category_holdout,7301,label,1,1.1665700924689144,1.1788544986725016,1.1297168738581527,0.18735577487314325,0.18735577413175664,0.2512013197904173,0.33332711458206177
ordinal16,category_holdout,7301,label,2,0.39264238697972126,0.18136082749101035,1.0264870654458542,0.35902367503944893,0.3590236730204095,0.14605752399236788,0.2984966039657593
ordinal16,category_holdout,7301,label,3,1.3418882485860903,0.6315255725566892,3.472976276674293,0.08331955674235939,0.08331955531343466,0.18933339170062,0.9435083866119385
ordinal16,category_holdout,7301,label,4,0.8921260924562109,0.2739561406843876,2.746635947771681,0.15775464187594582,0.15775463765845282,0.2418260431233284,0.8666218519210815
ordinal16,category_holdout,7301,learned,0,0.27099945149159244,0.013265739780237129,1.0442005866256583,0.4747356144906594,0.5019683728208012,0.48621445149092096,0.27911731600761414
ordinal16,category_holdout,7301,learned,1,0.36398777729015497,0.013017993278983208,1.41689712932367,0.5274492467576097,0.551519490058192,0.47133809034388446,0.46635201573371887
ordinal16,category_holdout,7301,learned,2,0.28993570673840535,0.013342795166598925,1.1197144414538247,0.515943625533503,0.544934922029354,0.4896142711402393,0.804520845413208
ordinal16,category_holdout,7301,learned,3,0.30343485053802227,0.012811196122181087,1.1753058137855459,0.5152353849975168,0.5355887118820266,0.4922709093703444,1.8536778688430786
ordinal16,category_holdout,7301,learned,4,0.8901948571200323,0.012903242286160299,3.5220697016216485,0.5211810476642291,0.5363672587755255,0.47871049662889104,1.5595555305480957
ordinal16,category_holdout,7301,random_fixed,0,0.1840031603146257,0.013346349183980732,0.6959735937065606,0.5347591013897519,0.5347591013897519,0.5518279957909782,4.1667583554512444e-16
ordinal16,category_holdout,7301,random_fixed,1,0.1840031603146257,0.013346349183980732,0.6959735937065606,0.5347591013897519,0.5347591013897519,0.5518279957909782,4.1667583554512444e-16
ordinal16,category_holdout,7301,random_fixed,2,0.1840031603146257,0.013346349183980732,0.6959735937065606,0.5347591013897519,0.5347591013897519,0.5518279957909782,4.1667583554512444e-16
ordinal16,category_holdout,7301,random_fixed,3,0.1840031603146257,0.013346349183980732,0.6959735937065606,0.5347591013897519,0.5347591013897519,0.5518279957909782,4.1667583554512444e-16
ordinal16,category_holdout,7301,random_fixed,4,0.1840031603146257,0.013346349183980732,0.6959735937065606,0.5347591013897519,0.5347591013897519,0.5518279957909782,4.1667583554512444e-16
ordinal16,category_holdout,7301,native_fixed,0,0.12686987208443443,0.01233798675106274,0.47046552808454956,0.9999999999999997,0.9999999999999997,0.5138081875598082,1.1053034572675036e-15
ordinal16,category_holdout,7301,native_fixed,1,0.12686987208443443,0.01233798675106274,0.47046552808454956,0.9999999999999997,0.9999999999999997,0.5138081875598082,1.1053034572675036e-15
ordinal16,category_holdout,7301,native_fixed,2,0.12686987208443443,0.01233798675106274,0.47046552808454956,0.9999999999999997,0.9999999999999997,0.5138081875598082,1.1053034572675036e-15
ordinal16,category_holdout,7301,native_fixed,3,0.12686987208443443,0.01233798675106274,0.47046552808454956,0.9999999999999997,0.9999999999999997,0.5138081875598082,1.1053034572675036e-15
ordinal16,category_holdout,7301,native_fixed,4,0.12686987208443443,0.01233798675106274,0.47046552808454956,0.9999999999999997,0.9999999999999997,0.5138081875598082,1.1053034572675036e-15
ordinal16,category_holdout,7301,native_tuned,0,0.13170483591921248,0.012327111258031131,0.4898380099027565,0.9999999999999997,0.9962725280110318,0.506007721680591,6.810958047553939e-16
ordinal16,category_holdout,7301,native_tuned,1,0.13170483591921248,0.012327111258031131,0.4898380099027565,0.9999999999999997,0.9962725280110318,0.506007721680591,6.810958047553939e-16
ordinal16,category_holdout,7301,native_tuned,2,0.13170483591921248,0.012327111258031131,0.4898380099027565,0.9999999999999997,0.9962725280110318,0.506007721680591,6.810958047553939e-16
ordinal16,category_holdout,7301,native_tuned,3,0.13170483591921248,0.012327111258031131,0.4898380099027565,0.9999999999999997,0.9962725280110318,0.506007721680591,6.810958047553939e-16
ordinal16,category_holdout,7301,native_tuned,4,0.13170483591921248,0.012327111258031131,0.4898380099027565,0.9999999999999997,0.9962725280110318,0.506007721680591,6.810958047553939e-16
ordinal16,category_holdout,7301,corrupt_fixed,0,0.6512614203487407,0.013258812660202257,2.565269243414356,0.5138081893945377,0.5138081893945377,0.9999999999999997,1.300175245244617e-15
ordinal16,category_holdout,7301,corrupt_fixed,1,0.6512614203487407,0.013258812660202257,2.565269243414356,0.5138081893945377,0.5138081893945377,0.9999999999999997,1.300175245244617e-15
ordinal16,category_holdout,7301,corrupt_fixed,2,0.6512614203487407,0.013258812660202257,2.565269243414356,0.5138081893945377,0.5138081893945377,0.9999999999999997,1.300175245244617e-15
ordinal16,category_holdout,7301,corrupt_fixed,3,0.6512614203487407,0.013258812660202257,2.565269243414356,0.5138081893945377,0.5138081893945377,0.9999999999999997,1.300175245244617e-15
ordinal16,category_holdout,7301,corrupt_fixed,4,0.6512614203487407,0.013258812660202257,2.565269243414356,0.5138081893945377,0.5138081893945377,0.9999999999999997,1.300175245244617e-15
ordinal16,category_holdout,7302,label,0,0.02219962517208256,0.022466497705805954,0.021399007570912388,0.5361760798155139,0.5361760797806533,0.33236710249033374,0.5611796379089355
ordinal16,category_holdout,7302,label,1,1.4983624942928944,1.125896406476875,2.615760757740952,0.12295908172374356,0.12295908043528808,0.1763001708069485,1.5395863056182861
ordinal16,category_holdout,7302,label,2,0.8858878416068081,0.6498780707331467,1.5939171542277926,0.17401802577553704,0.17401802532098892,0.11761755638209752,0.641586184501648
ordinal16,category_holdout,7302,label,3,1.602495014612371,0.8111181956980523,3.9766254713553275,0.28304690356901546,0.2830469054790266,0.13981545533120812,3.145059108734131
ordinal16,category_holdout,7302,label,4,0.5937680796613196,0.3471491673214313,1.3336248166809845,0.19257081008813184,0.19257080689143827,0.18637814688924953,0.7775485515594482
ordinal16,category_holdout,7302,learned,0,0.4485791302178572,0.01487571740033824,1.749689368670414,0.4532721510923049,0.4808198076642415,0.5935348997110753,2.0437426567077637
ordinal16,category_holdout,7302,learned,1,0.9435881368342192,0.017560398496542316,3.7216713518472493,0.5491453891862196,0.5695781765402615,0.4988676474267271,1.5858882665634155
ordinal16,category_holdout,7302,learned,2,0.25972476017220536,0.01430551205047021,0.9959825045374107,0.5228597990240822,0.5424709720789699,0.5655116861616121,0.8130031824111938
ordinal16,category_holdout,7302,learned,3,0.5270698398008,0.01464221876611986,2.0643527029048405,0.47809707382284267,0.4903002411760757,0.4887312548983444,0.5186899900436401
ordinal16,category_holdout,7302,learned,4,0.7781712980978135,0.015524387915069826,3.066112028646045,0.5142319047240295,0.5290169780070311,0.5147758783837559,1.5318187475204468
ordinal16,category_holdout,7302,random_fixed,0,0.7698163030531422,0.01468852912315228,3.035199624843112,0.4572022235513539,0.4572022235513539,0.5277232982074207,7.288549104533804e-16
ordinal16,category_holdout,7302,random_fixed,1,0.7698163030531422,0.01468852912315228,3.035199624843112,0.4572022235513539,0.4572022235513539,0.5277232982074207,7.288549104533804e-16
ordinal16,category_holdout,7302,random_fixed,2,0.7698163030531422,0.01468852912315228,3.035199624843112,0.4572022235513539,0.4572022235513539,0.5277232982074207,7.288549104533804e-16
ordinal16,category_holdout,7302,random_fixed,3,0.7698163030531422,0.01468852912315228,3.035199624843112,0.4572022235513539,0.4572022235513539,0.5277232982074207,7.288549104533804e-16
ordinal16,category_holdout,7302,random_fixed,4,0.7698163030531422,0.01468852912315228,3.035199624843112,0.4572022235513539,0.4572022235513539,0.5277232982074207,7.288549104533804e-16
ordinal16,category_holdout,7302,native_fixed,0,0.0901405171708998,0.01459712621309561,0.3167706900443123,0.9999999999999997,0.9999999999999997,0.588846544678582,3.509223619156676e-16
ordinal16,category_holdout,7302,native_fixed,1,0.0901405171708998,0.01459712621309561,0.3167706900443123,0.9999999999999997,0.9999999999999997,0.588846544678582,3.509223619156676e-16
ordinal16,category_holdout,7302,native_fixed,2,0.0901405171708998,0.01459712621309561,0.3167706900443123,0.9999999999999997,0.9999999999999997,0.588846544678582,3.509223619156676e-16
ordinal16,category_holdout,7302,native_fixed,3,0.0901405171708998,0.01459712621309561,0.3167706900443123,0.9999999999999997,0.9999999999999997,0.588846544678582,3.509223619156676e-16
ordinal16,category_holdout,7302,native_fixed,4,0.0901405171708998,0.01459712621309561,0.3167706900443123,0.9999999999999997,0.9999999999999997,0.588846544678582,3.509223619156676e-16
ordinal16,category_holdout,7302,native_tuned,0,0.10526001541748793,0.013966695085613033,0.37913997641311264,0.9999999999999997,0.9979562320517082,0.5798895921414712,3.9746851643318593e-16
ordinal16,category_holdout,7302,native_tuned,1,0.10526001541748793,0.013966695085613033,0.37913997641311264,0.9999999999999997,0.9979562320517082,0.5798895921414712,3.9746851643318593e-16
ordinal16,category_holdout,7302,native_tuned,2,0.10526001541748793,0.013966695085613033,0.37913997641311264,0.9999999999999997,0.9979562320517082,0.5798895921414712,3.9746851643318593e-16
ordinal16,category_holdout,7302,native_tuned,3,0.10526001541748793,0.013966695085613033,0.37913997641311264,0.9999999999999997,0.9979562320517082,0.5798895921414712,3.9746851643318593e-16
ordinal16,category_holdout,7302,native_tuned,4,0.10526001541748793,0.013966695085613033,0.37913997641311264,0.9999999999999997,0.9979562320517082,0.5798895921414712,3.9746851643318593e-16
ordinal16,category_holdout,7302,corrupt_fixed,0,0.3142433946081888,0.01444400702356876,1.2136415573620487,0.5888465484815145,0.5888465484815145,0.9999999999999997,2.0518526114288171e-16
ordinal16,category_holdout,7302,corrupt_fixed,1,0.3142433946081888,0.01444400702356876,1.2136415573620487,0.5888465484815145,0.5888465484815145,0.9999999999999997,2.0518526114288171e-16
ordinal16,category_holdout,7302,corrupt_fixed,2,0.3142433946081888,0.01444400702356876,1.2136415573620487,0.5888465484815145,0.5888465484815145,0.9999999999999997,2.0518526114288171e-16
ordinal16,category_holdout,7302,corrupt_fixed,3,0.3142433946081888,0.01444400702356876,1.2136415573620487,0.5888465484815145,0.5888465484815145,0.9999999999999997,2.0518526114288171e-16
ordinal16,category_holdout,7302,corrupt_fixed,4,0.3142433946081888,0.01444400702356876,1.2136415573620487,0.5888465484815145,0.5888465484815145,0.9999999999999997,2.0518526114288171e-16
ordinal16,category_holdout,7303,label,0,0.01865222879888208,0.019096814530850836,0.01731847160297579,0.5361760797657932,0.5361760797010168,0.15531754513045803,1.5930094718933105
ordinal16,category_holdout,7303,label,1,1.1090255476778428,0.263796833675578,3.6447116896846374,0.15757552747727863,0.15757552677677544,0.17028209099645208,0.9126943945884705
ordinal16,category_holdout,7303,label,2,0.8037290310537941,0.28182599775885236,2.3694381309386197,0.21143083682029482,0.21143083413579764,0.15678007792606452,0.6206814646720886
ordinal16,category_holdout,7303,label,3,1.7049877615945983,0.27434008338804244,5.996930796214265,0.13575232912258253,0.13575232891890177,0.2061712201514319,4.563039302825928
ordinal16,category_holdout,7303,label,4,1.61141378461696,0.3099746429122104,5.515731209731208,0.1543020148910752,0.15430201269028504,0.1938748391884857,1.8034981489181519
ordinal16,category_holdout,7303,learned,0,0.5693032156063865,0.012872896837736812,2.238594171912336,0.5495126669161022,0.567812438463686,0.4556653290805284,0.2702238857746124
ordinal16,category_holdout,7303,learned,1,1.1519565204253208,0.013156204671348143,4.568357467687239,0.4793476496709144,0.49512876042709925,0.5469094669724609,1.395531415939331
ordinal16,category_holdout,7303,learned,2,0.32467880425098505,0.012951934589648958,1.2598594132349934,0.5934922653865635,0.6197473122377294,0.4796699681880519,0.6494385004043579
ordinal16,category_holdout,7303,learned,3,0.31434770533732775,0.012972998312505537,1.2184718264117944,0.5693325895574708,0.5860034684425616,0.4586954579064618,1.0372300148010254
ordinal16,category_holdout,7303,learned,4,0.8324545886906809,0.013731531730395824,3.2886237595715357,0.4924834595599313,0.5285013263503473,0.47656094712280794,1.7962315082550049
ordinal16,category_holdout,7303,random_fixed,0,1.6165898829522602,0.012775230793432462,6.4280338394287435,0.5157746169661781,0.5157746169661781,0.5705659919168311,3.344546861683284e-15
ordinal16,category_holdout,7303,random_fixed,1,1.6165898829522602,0.012775230793432462,6.4280338394287435,0.5157746169661781,0.5157746169661781,0.5705659919168311,3.344546861683284e-15
ordinal16,category_holdout,7303,random_fixed,2,1.6165898829522602,0.012775230793432462,6.4280338394287435,0.5157746169661781,0.5157746169661781,0.5705659919168311,3.344546861683284e-15
ordinal16,category_holdout,7303,random_fixed,3,1.6165898829522602,0.012775230793432462,6.4280338394287435,0.5157746169661781,0.5157746169661781,0.5705659919168311,3.344546861683284e-15
ordinal16,category_holdout,7303,random_fixed,4,1.6165898829522602,0.012775230793432462,6.4280338394287435,0.5157746169661781,0.5157746169661781,0.5705659919168311,3.344546861683284e-15
ordinal16,category_holdout,7303,native_fixed,0,0.08752877103559183,0.01287703644631869,0.3114839748034113,0.9999999999999997,0.9999999999999997,0.4892364873909659,1.2450029071922608e-15
ordinal16,category_holdout,7303,native_fixed,1,0.08752877103559183,0.01287703644631869,0.3114839748034113,0.9999999999999997,0.9999999999999997,0.4892364873909659,1.2450029071922608e-15
ordinal16,category_holdout,7303,native_fixed,2,0.08752877103559183,0.01287703644631869,0.3114839748034113,0.9999999999999997,0.9999999999999997,0.4892364873909659,1.2450029071922608e-15
ordinal16,category_holdout,7303,native_fixed,3,0.08752877103559183,0.01287703644631869,0.3114839748034113,0.9999999999999997,0.9999999999999997,0.4892364873909659,1.2450029071922608e-15
ordinal16,category_holdout,7303,native_fixed,4,0.08752877103559183,0.01287703644631869,0.3114839748034113,0.9999999999999997,0.9999999999999997,0.4892364873909659,1.2450029071922608e-15
ordinal16,category_holdout,7303,native_tuned,0,0.05964710899028454,0.012908162339380816,0.19986394894299572,0.9999999999999997,0.9980548658907932,0.4891891314166008,7.596064416034477e-16
ordinal16,category_holdout,7303,native_tuned,1,0.05964710899028454,0.012908162339380816,0.19986394894299572,0.9999999999999997,0.9980548658907932,0.4891891314166008,7.596064416034477e-16
ordinal16,category_holdout,7303,native_tuned,2,0.05964710899028454,0.012908162339380816,0.19986394894299572,0.9999999999999997,0.9980548658907932,0.4891891314166008,7.596064416034477e-16
ordinal16,category_holdout,7303,native_tuned,3,0.05964710899028454,0.012908162339380816,0.19986394894299572,0.9999999999999997,0.9980548658907932,0.4891891314166008,7.596064416034477e-16
ordinal16,category_holdout,7303,native_tuned,4,0.05964710899028454,0.012908162339380816,0.19986394894299572,0.9999999999999997,0.9980548658907932,0.4891891314166008,7.596064416034477e-16
ordinal16,category_holdout,7303,corrupt_fixed,0,0.6170623426593935,0.01309866362406651,2.4289533797653746,0.4892364867207378,0.4892364867207378,0.9999999999999997,7.084176995020286e-16
ordinal16,category_holdout,7303,corrupt_fixed,1,0.6170623426593935,0.01309866362406651,2.4289533797653746,0.4892364867207378,0.4892364867207378,0.9999999999999997,7.084176995020286e-16
ordinal16,category_holdout,7303,corrupt_fixed,2,0.6170623426593935,0.01309866362406651,2.4289533797653746,0.4892364867207378,0.4892364867207378,0.9999999999999997,7.084176995020286e-16
ordinal16,category_holdout,7303,corrupt_fixed,3,0.6170623426593935,0.01309866362406651,2.4289533797653746,0.4892364867207378,0.4892364867207378,0.9999999999999997,7.084176995020286e-16
ordinal16,category_holdout,7303,corrupt_fixed,4,0.6170623426593935,0.01309866362406651,2.4289533797653746,0.4892364867207378,0.4892364867207378,0.9999999999999997,7.084176995020286e-16
tree16,interpolation,7301,label,0,0.10235099569869936,0.10235099569869936,,0.49037022263997293,0.4903702205483541,0.1935586982374795,0.28146791458129883
tree16,interpolation,7301,label,1,0.9109667842786702,0.9109667842786702,,0.262438361448165,0.26243836529836084,0.22467368342218783,0.429774671792984
tree16,interpolation,7301,label,2,0.26429363380080634,0.26429363380080634,,0.3884179496840495,0.3884179481795504,0.168659036022694,0.25828927755355835
tree16,interpolation,7301,label,3,0.8462174383086334,0.8462174383086334,,0.24631787823031018,0.24631787564942448,0.20534475724853957,0.4142392575740814
tree16,interpolation,7301,label,4,1.4105855385869224,1.4105855385869224,,0.174618336484166,0.17461833644787125,0.17262767002690207,0.6502932906150818
tree16,interpolation,7301,learned,0,0.015510667273858655,0.015510667273858655,,0.5907824421715923,0.6228580938670614,0.6458886674601924,0.0009942523902282119
tree16,interpolation,7301,learned,1,0.015475078693675079,0.015475078693675079,,0.5987875002666405,0.6190971602473982,0.525900485655337,0.0008298058528453112
tree16,interpolation,7301,learned,2,0.016079984303278155,0.016079984303278155,,0.5633450910158363,0.5971292488382819,0.5633084022251228,0.0014594283420592546
tree16,interpolation,7301,learned,3,0.016203320912514058,0.016203320912514058,,0.607998986397797,0.6519201450980414,0.5515118583089765,0.0007798270089551806
tree16,interpolation,7301,learned,4,0.013711151710405295,0.013711151710405295,,0.6156341584705517,0.6416357766403096,0.5864910371751556,0.0012000356800854206
tree16,interpolation,7301,random_fixed,0,0.017262175125014937,0.017262175125014937,,0.6375818860444006,0.6375818860444006,0.6077483601776033,7.228106951000105e-16
tree16,interpolation,7301,random_fixed,1,0.017262175125014937,0.017262175125014937,,0.6375818860444006,0.6375818860444006,0.6077483601776033,7.228106951000105e-16
tree16,interpolation,7301,random_fixed,2,0.017262175125014937,0.017262175125014937,,0.6375818860444006,0.6375818860444006,0.6077483601776033,7.228106951000105e-16
tree16,interpolation,7301,random_fixed,3,0.017262175125014937,0.017262175125014937,,0.6375818860444006,0.6375818860444006,0.6077483601776033,7.228106951000105e-16
tree16,interpolation,7301,random_fixed,4,0.017262175125014937,0.017262175125014937,,0.6375818860444006,0.6375818860444006,0.6077483601776033,7.228106951000105e-16
tree16,interpolation,7301,native_fixed,0,0.015203239091674758,0.015203239091674758,,0.9999999999999994,0.9999999999999994,0.7314744731621503,1.0776766306598573e-15
tree16,interpolation,7301,native_fixed,1,0.015203239091674758,0.015203239091674758,,0.9999999999999994,0.9999999999999994,0.7314744731621503,1.0776766306598573e-15
tree16,interpolation,7301,native_fixed,2,0.015203239091674758,0.015203239091674758,,0.9999999999999994,0.9999999999999994,0.7314744731621503,1.0776766306598573e-15
tree16,interpolation,7301,native_fixed,3,0.015203239091674758,0.015203239091674758,,0.9999999999999994,0.9999999999999994,0.7314744731621503,1.0776766306598573e-15
tree16,interpolation,7301,native_fixed,4,0.015203239091674758,0.015203239091674758,,0.9999999999999994,0.9999999999999994,0.7314744731621503,1.0776766306598573e-15
tree16,interpolation,7301,native_tuned,0,0.015065085406021306,0.015065085406021306,,0.9999999999999994,0.9947825478273523,0.7137841113650397,9.281992441502332e-16
tree16,interpolation,7301,native_tuned,1,0.015065085406021306,0.015065085406021306,,0.9999999999999994,0.9947825478273523,0.7137841113650397,9.281992441502332e-16
tree16,interpolation,7301,native_tuned,2,0.015065085406021306,0.015065085406021306,,0.9999999999999994,0.9947825478273523,0.7137841113650397,9.281992441502332e-16
tree16,interpolation,7301,native_tuned,3,0.015065085406021306,0.015065085406021306,,0.9999999999999994,0.9947825478273523,0.7137841113650397,9.281992441502332e-16
tree16,interpolation,7301,native_tuned,4,0.015065085406021306,0.015065085406021306,,0.9999999999999994,0.9947825478273523,0.7137841113650397,9.281992441502332e-16
tree16,interpolation,7301,corrupt_fixed,0,0.014025541243826291,0.014025541243826291,,0.7314744722520672,0.7314744722520672,0.9999999999999992,8.609683333025281e-16
tree16,interpolation,7301,corrupt_fixed,1,0.014025541243826291,0.014025541243826291,,0.7314744722520672,0.7314744722520672,0.9999999999999992,8.609683333025281e-16
tree16,interpolation,7301,corrupt_fixed,2,0.014025541243826291,0.014025541243826291,,0.7314744722520672,0.7314744722520672,0.9999999999999992,8.609683333025281e-16
tree16,interpolation,7301,corrupt_fixed,3,0.014025541243826291,0.014025541243826291,,0.7314744722520672,0.7314744722520672,0.9999999999999992,8.609683333025281e-16
tree16,interpolation,7301,corrupt_fixed,4,0.014025541243826291,0.014025541243826291,,0.7314744722520672,0.7314744722520672,0.9999999999999992,8.609683333025281e-16
tree16,interpolation,7302,label,0,0.2227101569924148,0.2227101569924148,,0.4903702220894694,0.4903702184457285,0.2733542275490906,0.2665975093841553
tree16,interpolation,7302,label,1,0.773076964421846,0.773076964421846,,0.43990740990696947,0.4399074076625342,0.33294928182293576,0.4389330744743347
tree16,interpolation,7302,label,2,0.8457208608049819,0.8457208608049819,,0.17762986785974866,0.17762986647219395,0.2854408943192634,0.3814607262611389
tree16,interpolation,7302,label,3,0.8963839613447826,0.8963839613447826,,0.22388699080851274,0.22388699211430507,0.1700723017505951,0.3418758511543274
tree16,interpolation,7302,label,4,1.1072461944849303,1.1072461944849303,,0.26151914751059996,0.2615191474103865,0.21941583510025234,0.40997588634490967
tree16,interpolation,7302,learned,0,0.019347225297857203,0.019347225297857203,,0.5736059737610445,0.6122163815841384,0.6229464702507996,0.0010509140556678176
tree16,interpolation,7302,learned,1,0.017504684230602578,0.017504684230602578,,0.6158829319210811,0.6438672406691084,0.6173793807121786,0.0014089279575273395
tree16,interpolation,7302,learned,2,0.017187018110068182,0.017187018110068182,,0.5593805618521104,0.5907346284527759,0.6148747413925038,0.0008354225428774953
tree16,interpolation,7302,learned,3,0.01773731175108949,0.01773731175108949,,0.5811582033406145,0.6102051359018136,0.578362533935046,0.0011965190060436726
tree16,interpolation,7302,learned,4,0.016855040813302396,0.016855040813302396,,0.6234045537435988,0.6541959597013133,0.6148540474506466,0.0009572127019055188
tree16,interpolation,7302,random_fixed,0,0.016738605747965506,0.016738605747965506,,0.6510202594395786,0.6510202594395786,0.5946086508751737,7.838951113659648e-16
tree16,interpolation,7302,random_fixed,1,0.016738605747965506,0.016738605747965506,,0.6510202594395786,0.6510202594395786,0.5946086508751737,7.838951113659648e-16
tree16,interpolation,7302,random_fixed,2,0.016738605747965506,0.016738605747965506,,0.6510202594395786,0.6510202594395786,0.5946086508751737,7.838951113659648e-16
tree16,interpolation,7302,random_fixed,3,0.016738605747965506,0.016738605747965506,,0.6510202594395786,0.6510202594395786,0.5946086508751737,7.838951113659648e-16
tree16,interpolation,7302,random_fixed,4,0.016738605747965506,0.016738605747965506,,0.6510202594395786,0.6510202594395786,0.5946086508751737,7.838951113659648e-16
tree16,interpolation,7302,native_fixed,0,0.015988096270923374,0.015988096270923374,,0.9999999999999994,0.9999999999999994,0.8035501168122601,8.4868974369912975e-16
tree16,interpolation,7302,native_fixed,1,0.015988096270923374,0.015988096270923374,,0.9999999999999994,0.9999999999999994,0.8035501168122601,8.4868974369912975e-16
tree16,interpolation,7302,native_fixed,2,0.015988096270923374,0.015988096270923374,,0.9999999999999994,0.9999999999999994,0.8035501168122601,8.4868974369912975e-16
tree16,interpolation,7302,native_fixed,3,0.015988096270923374,0.015988096270923374,,0.9999999999999994,0.9999999999999994,0.8035501168122601,8.4868974369912975e-16
tree16,interpolation,7302,native_fixed,4,0.015988096270923374,0.015988096270923374,,0.9999999999999994,0.9999999999999994,0.8035501168122601,8.4868974369912975e-16
tree16,interpolation,7302,native_tuned,0,0.015861269865469915,0.015861269865469915,,0.9999999999999994,0.9958543870232623,0.7859422122896115,7.008994350621994e-16
tree16,interpolation,7302,native_tuned,1,0.015861269865469915,0.015861269865469915,,0.9999999999999994,0.9958543870232623,0.7859422122896115,7.008994350621994e-16
tree16,interpolation,7302,native_tuned,2,0.015861269865469915,0.015861269865469915,,0.9999999999999994,0.9958543870232623,0.7859422122896115,7.008994350621994e-16
tree16,interpolation,7302,native_tuned,3,0.015861269865469915,0.015861269865469915,,0.9999999999999994,0.9958543870232623,0.7859422122896115,7.008994350621994e-16
tree16,interpolation,7302,native_tuned,4,0.015861269865469915,0.015861269865469915,,0.9999999999999994,0.9958543870232623,0.7859422122896115,7.008994350621994e-16
tree16,interpolation,7302,corrupt_fixed,0,0.0150954661756853,0.0150954661756853,,0.8035501205244222,0.8035501205244222,0.9999999999999992,7.591312561200381e-16
tree16,interpolation,7302,corrupt_fixed,1,0.0150954661756853,0.0150954661756853,,0.8035501205244222,0.8035501205244222,0.9999999999999992,7.591312561200381e-16
tree16,interpolation,7302,corrupt_fixed,2,0.0150954661756853,0.0150954661756853,,0.8035501205244222,0.8035501205244222,0.9999999999999992,7.591312561200381e-16
tree16,interpolation,7302,corrupt_fixed,3,0.0150954661756853,0.0150954661756853,,0.8035501205244222,0.8035501205244222,0.9999999999999992,7.591312561200381e-16
tree16,interpolation,7302,corrupt_fixed,4,0.0150954661756853,0.0150954661756853,,0.8035501205244222,0.8035501205244222,0.9999999999999992,7.591312561200381e-16
tree16,interpolation,7303,label,0,0.22775655240437243,0.22775655240437243,,0.4903702201410523,0.4903702211819833,0.18443657737216934,0.24709489941596985
tree16,interpolation,7303,label,1,1.1888082562608224,1.1888082562608224,,0.23151021550119305,0.23151021314170392,0.18515234733323557,0.552504301071167
tree16,interpolation,7303,label,2,0.3998907803511952,0.3998907803511952,,0.13963150369626348,0.1396315043267855,0.1637664093189473,0.25881826877593994
tree16,interpolation,7303,label,3,0.7050465105763731,0.7050465105763731,,0.20582522726956987,0.20582522501670758,0.2836363308699875,0.2761102020740509
tree16,interpolation,7303,label,4,0.6374037908763354,0.6374037908763354,,0.22696135231874615,0.2269613551976338,0.2243813811997589,0.3787957727909088
tree16,interpolation,7303,learned,0,0.01316890837341421,0.01316890837341421,,0.676871718005362,0.7048829488406937,0.6438715304462481,0.0008149941568262875
tree16,interpolation,7303,learned,1,0.01468226413318443,0.01468226413318443,,0.6487319847410983,0.6719236402845652,0.6405523727014544,0.0014519633259624243
tree16,interpolation,7303,learned,2,0.013618497356192605,0.013618497356192605,,0.5998803106512479,0.6243250898088516,0.5966362085451641,0.0006038974388502538
tree16,interpolation,7303,learned,3,0.014340332205877281,0.014340332205877281,,0.6667866977779627,0.6976449705415582,0.6601504013319566,0.0010830152314156294
tree16,interpolation,7303,learned,4,0.013590285810562278,0.013590285810562278,,0.6598329308315386,0.6841911434436015,0.5876698440266236,0.0008865199633873999
tree16,interpolation,7303,random_fixed,0,0.015206339723554275,0.015206339723554275,,0.641573431411159,0.641573431411159,0.564239811654491,7.362850834666951e-16
tree16,interpolation,7303,random_fixed,1,0.015206339723554275,0.015206339723554275,,0.641573431411159,0.641573431411159,0.564239811654491,7.362850834666951e-16
tree16,interpolation,7303,random_fixed,2,0.015206339723554275,0.015206339723554275,,0.641573431411159,0.641573431411159,0.564239811654491,7.362850834666951e-16
tree16,interpolation,7303,random_fixed,3,0.015206339723554275,0.015206339723554275,,0.641573431411159,0.641573431411159,0.564239811654491,7.362850834666951e-16
tree16,interpolation,7303,random_fixed,4,0.015206339723554275,0.015206339723554275,,0.641573431411159,0.641573431411159,0.564239811654491,7.362850834666951e-16
tree16,interpolation,7303,native_fixed,0,0.013810118430759293,0.013810118430759293,,0.9999999999999994,0.9999999999999994,0.7537551263476205,8.283338479107144e-16
tree16,interpolation,7303,native_fixed,1,0.013810118430759293,0.013810118430759293,,0.9999999999999994,0.9999999999999994,0.7537551263476205,8.283338479107144e-16
tree16,interpolation,7303,native_fixed,2,0.013810118430759293,0.013810118430759293,,0.9999999999999994,0.9999999999999994,0.7537551263476205,8.283338479107144e-16
tree16,interpolation,7303,native_fixed,3,0.013810118430759293,0.013810118430759293,,0.9999999999999994,0.9999999999999994,0.7537551263476205,8.283338479107144e-16
tree16,interpolation,7303,native_fixed,4,0.013810118430759293,0.013810118430759293,,0.9999999999999994,0.9999999999999994,0.7537551263476205,8.283338479107144e-16
tree16,interpolation,7303,native_tuned,0,0.013503916202942355,0.013503916202942355,,0.9999999999999994,0.9953178680405034,0.7330205687985599,8.413781552984306e-16
tree16,interpolation,7303,native_tuned,1,0.013503916202942355,0.013503916202942355,,0.9999999999999994,0.9953178680405034,0.7330205687985599,8.413781552984306e-16
tree16,interpolation,7303,native_tuned,2,0.013503916202942355,0.013503916202942355,,0.9999999999999994,0.9953178680405034,0.7330205687985599,8.413781552984306e-16
tree16,interpolation,7303,native_tuned,3,0.013503916202942355,0.013503916202942355,,0.9999999999999994,0.9953178680405034,0.7330205687985599,8.413781552984306e-16
tree16,interpolation,7303,native_tuned,4,0.013503916202942355,0.013503916202942355,,0.9999999999999994,0.9953178680405034,0.7330205687985599,8.413781552984306e-16
tree16,interpolation,7303,corrupt_fixed,0,0.013768981493734898,0.013768981493734898,,0.7537551265426886,0.7537551265426886,0.9999999999999994,6.105210195901656e-16
tree16,interpolation,7303,corrupt_fixed,1,0.013768981493734898,0.013768981493734898,,0.7537551265426886,0.7537551265426886,0.9999999999999994,6.105210195901656e-16
tree16,interpolation,7303,corrupt_fixed,2,0.013768981493734898,0.013768981493734898,,0.7537551265426886,0.7537551265426886,0.9999999999999994,6.105210195901656e-16
tree16,interpolation,7303,corrupt_fixed,3,0.013768981493734898,0.013768981493734898,,0.7537551265426886,0.7537551265426886,0.9999999999999994,6.105210195901656e-16
tree16,interpolation,7303,corrupt_fixed,4,0.013768981493734898,0.013768981493734898,,0.7537551265426886,0.7537551265426886,0.9999999999999994,6.105210195901656e-16
tree16,category_holdout,7301,label,0,0.18653364480576176,0.22636231975524215,0.06704761995732061,0.49037022263997293,0.49037022230960714,0.19355869731627437,0.8413953185081482
tree16,category_holdout,7301,label,1,0.9371289664180251,0.39929909571522826,2.5506185785264153,0.262438361448165,0.26243836364761725,0.2246736842278678,2.0319271087646484
tree16,category_holdout,7301,label,2,0.541465467005605,0.280536342986975,1.3242528390614954,0.3884179496840495,0.38841795010503033,0.16865903702301296,2.1104648113250732
tree16,category_holdout,7301,label,3,2.036582993062189,0.5991374968261186,6.348919481770401,0.24631787823031018,0.24631787573316732,0.2053447583029432,3.1638898849487305
tree16,category_holdout,7301,label,4,1.1538966275843165,0.2962142239252834,3.7269438385614158,0.174618336484166,0.1746183379421845,0.17262766998769893,1.3886035680770874
tree16,category_holdout,7301,learned,0,0.7009896560951425,0.015365546591391341,2.7578619846063965,0.5907824421715923,0.6160218753004296,0.6470089100468926,0.746349036693573
tree16,category_holdout,7301,learned,1,1.004540164858721,0.015957277233408333,3.9702888277346595,0.5987875002666405,0.6152288318656183,0.5301773656502141,1.755967140197754
tree16,category_holdout,7301,learned,2,0.2613976162905488,0.016575955007690504,0.9958626001391238,0.5633450910158363,0.5848915409509367,0.5643519531385499,0.8728519678115845
tree16,category_holdout,7301,learned,3,0.5144511990003686,0.016653145793320973,2.0078453586215113,0.607998986397797,0.6319212773239998,0.5497037371022581,1.3339579105377197
tree16,category_holdout,7301,learned,4,0.8145436096488401,0.015344268911879807,3.212141631859721,0.6156341584705517,0.6302374466313713,0.5877527482583704,1.4827696084976196
tree16,category_holdout,7301,random_fixed,0,1.1825498562048795,0.017129247267958895,4.678811683015642,0.6375818860444006,0.6375818860444006,0.6077483601776033,2.374077497091509e-15
tree16,category_holdout,7301,random_fixed,1,1.1825498562048795,0.017129247267958895,4.678811683015642,0.6375818860444006,0.6375818860444006,0.6077483601776033,2.374077497091509e-15
tree16,category_holdout,7301,random_fixed,2,1.1825498562048795,0.017129247267958895,4.678811683015642,0.6375818860444006,0.6375818860444006,0.6077483601776033,2.374077497091509e-15
tree16,category_holdout,7301,random_fixed,3,1.1825498562048795,0.017129247267958895,4.678811683015642,0.6375818860444006,0.6375818860444006,0.6077483601776033,2.374077497091509e-15
tree16,category_holdout,7301,random_fixed,4,1.1825498562048795,0.017129247267958895,4.678811683015642,0.6375818860444006,0.6375818860444006,0.6077483601776033,2.374077497091509e-15
tree16,category_holdout,7301,native_fixed,0,0.17277273426362805,0.014746832025406567,0.6468504409782925,0.9999999999999994,0.9999999999999994,0.7314744731621503,7.686993402922226e-16
tree16,category_holdout,7301,native_fixed,1,0.17277273426362805,0.014746832025406567,0.6468504409782925,0.9999999999999994,0.9999999999999994,0.7314744731621503,7.686993402922226e-16
tree16,category_holdout,7301,native_fixed,2,0.17277273426362805,0.014746832025406567,0.6468504409782925,0.9999999999999994,0.9999999999999994,0.7314744731621503,7.686993402922226e-16
tree16,category_holdout,7301,native_fixed,3,0.17277273426362805,0.014746832025406567,0.6468504409782925,0.9999999999999994,0.9999999999999994,0.7314744731621503,7.686993402922226e-16
tree16,category_holdout,7301,native_fixed,4,0.17277273426362805,0.014746832025406567,0.6468504409782925,0.9999999999999994,0.9999999999999994,0.7314744731621503,7.686993402922226e-16
tree16,category_holdout,7301,native_tuned,0,0.10762641280136291,0.01544924665811235,0.38415791123111453,0.9999999999999994,0.9973763455636678,0.723677033775286,8.138563607762439e-16
tree16,category_holdout,7301,native_tuned,1,0.10762641280136291,0.01544924665811235,0.38415791123111453,0.9999999999999994,0.9973763455636678,0.723677033775286,8.138563607762439e-16
tree16,category_holdout,7301,native_tuned,2,0.10762641280136291,0.01544924665811235,0.38415791123111453,0.9999999999999994,0.9973763455636678,0.723677033775286,8.138563607762439e-16
tree16,category_holdout,7301,native_tuned,3,0.10762641280136291,0.01544924665811235,0.38415791123111453,0.9999999999999994,0.9973763455636678,0.723677033775286,8.138563607762439e-16
tree16,category_holdout,7301,native_tuned,4,0.10762641280136291,0.01544924665811235,0.38415791123111453,0.9999999999999994,0.9973763455636678,0.723677033775286,8.138563607762439e-16
tree16,category_holdout,7301,corrupt_fixed,0,0.39664342238603045,0.015129248641228818,1.5411859436204354,0.7314744722520672,0.7314744722520672,0.9999999999999992,1.4495783046131194e-16
tree16,category_holdout,7301,corrupt_fixed,1,0.39664342238603045,0.015129248641228818,1.5411859436204354,0.7314744722520672,0.7314744722520672,0.9999999999999992,1.4495783046131194e-16
tree16,category_holdout,7301,corrupt_fixed,2,0.39664342238603045,0.015129248641228818,1.5411859436204354,0.7314744722520672,0.7314744722520672,0.9999999999999992,1.4495783046131194e-16
tree16,category_holdout,7301,corrupt_fixed,3,0.39664342238603045,0.015129248641228818,1.5411859436204354,0.7314744722520672,0.7314744722520672,0.9999999999999992,1.4495783046131194e-16
tree16,category_holdout,7301,corrupt_fixed,4,0.39664342238603045,0.015129248641228818,1.5411859436204354,0.7314744722520672,0.7314744722520672,0.9999999999999992,1.4495783046131194e-16
tree16,category_holdout,7302,label,0,0.2595764768341837,0.30084906563886216,0.1357587104201486,0.4903702220894694,0.49037021992913626,0.27335422849354185,0.7511184215545654
tree16,category_holdout,7302,label,1,0.9750583080701787,0.5784832592540279,2.1647834545186306,0.43990740990696947,0.439907406021696,0.33294928729251594,0.6532792448997498
tree16,category_holdout,7302,label,2,1.53088897460677,0.6813481510344667,4.07951144532368,0.17762986785974866,0.1776298660233585,0.2854408935790633,2.2659521102905273
tree16,category_holdout,7302,label,3,1.3694084748001227,1.4048542886158166,1.2630710333530406,0.22388699080851274,0.22388699000248186,0.17007229916066569,1.1279380321502686
tree16,category_holdout,7302,label,4,1.8089773596359207,1.7324342258238328,2.0386067610721854,0.26151914751059996,0.2615191462818792,0.2194158361401104,0.8066469430923462
tree16,category_holdout,7302,learned,0,1.359903412794655,0.015545005778444676,5.392978633843286,0.5736059737610445,0.5928876002523403,0.6200175970474077,6.747289657592773
tree16,category_holdout,7302,learned,1,1.1739382390628008,0.015187225445800355,4.650191279913802,0.6158829319210811,0.6390388007737994,0.6197502010119875,3.614488363265991
tree16,category_holdout,7302,learned,2,2.123700084784513,0.013957606489548918,8.452927519669403,0.5593805618521104,0.5777716351149481,0.6117568198217429,4.5105462074279785
tree16,category_holdout,7302,learned,3,0.506551618434406,0.014203277413696628,1.983596641496534,0.5811582033406145,0.5978566044801554,0.577015115397733,0.8267053365707397
tree16,category_holdout,7302,learned,4,0.4208028665674961,0.014958662547026566,1.6383354786289046,0.6234045537435988,0.6432643706928795,0.6161889720942518,1.9244970083236694
tree16,category_holdout,7302,random_fixed,0,0.1437477598814651,0.013405968196326806,0.53477313493688,0.6510202594395786,0.6510202594395786,0.5946086508751737,8.696529621107264e-16
tree16,category_holdout,7302,random_fixed,1,0.1437477598814651,0.013405968196326806,0.53477313493688,0.6510202594395786,0.6510202594395786,0.5946086508751737,8.696529621107264e-16
tree16,category_holdout,7302,random_fixed,2,0.1437477598814651,0.013405968196326806,0.53477313493688,0.6510202594395786,0.6510202594395786,0.5946086508751737,8.696529621107264e-16
tree16,category_holdout,7302,random_fixed,3,0.1437477598814651,0.013405968196326806,0.53477313493688,0.6510202594395786,0.6510202594395786,0.5946086508751737,8.696529621107264e-16
tree16,category_holdout,7302,random_fixed,4,0.1437477598814651,0.013405968196326806,0.53477313493688,0.6510202594395786,0.6510202594395786,0.5946086508751737,8.696529621107264e-16
tree16,category_holdout,7302,native_fixed,0,0.08318832387729397,0.01415969587650544,0.29027420787965963,0.9999999999999994,0.9999999999999994,0.8035501168122601,7.112366251504909e-16
tree16,category_holdout,7302,native_fixed,1,0.08318832387729397,0.01415969587650544,0.29027420787965963,0.9999999999999994,0.9999999999999994,0.8035501168122601,7.112366251504909e-16
tree16,category_holdout,7302,native_fixed,2,0.08318832387729397,0.01415969587650544,0.29027420787965963,0.9999999999999994,0.9999999999999994,0.8035501168122601,7.112366251504909e-16
tree16,category_holdout,7302,native_fixed,3,0.08318832387729397,0.01415969587650544,0.29027420787965963,0.9999999999999994,0.9999999999999994,0.8035501168122601,7.112366251504909e-16
tree16,category_holdout,7302,native_fixed,4,0.08318832387729397,0.01415969587650544,0.29027420787965963,0.9999999999999994,0.9999999999999994,0.8035501168122601,7.112366251504909e-16
tree16,category_holdout,7302,native_tuned,0,0.11844509686050693,0.014011249617559384,0.4317466385893496,0.9999999999999994,0.9977620649267692,0.7936161343797787,5.285214540323713e-16
tree16,category_holdout,7302,native_tuned,1,0.11844509686050693,0.014011249617559384,0.4317466385893496,0.9999999999999994,0.9977620649267692,0.7936161343797787,5.285214540323713e-16
tree16,category_holdout,7302,native_tuned,2,0.11844509686050693,0.014011249617559384,0.4317466385893496,0.9999999999999994,0.9977620649267692,0.7936161343797787,5.285214540323713e-16
tree16,category_holdout,7302,native_tuned,3,0.11844509686050693,0.014011249617559384,0.4317466385893496,0.9999999999999994,0.9977620649267692,0.7936161343797787,5.285214540323713e-16
tree16,category_holdout,7302,native_tuned,4,0.11844509686050693,0.014011249617559384,0.4317466385893496,0.9999999999999994,0.9977620649267692,0.7936161343797787,5.285214540323713e-16
tree16,category_holdout,7302,corrupt_fixed,0,0.353033865204425,0.013874241498692158,1.3705127363216234,0.8035501205244222,0.8035501205244222,0.9999999999999992,7.487635728456454e-16
tree16,category_holdout,7302,corrupt_fixed,1,0.353033865204425,0.013874241498692158,1.3705127363216234,0.8035501205244222,0.8035501205244222,0.9999999999999992,7.487635728456454e-16
tree16,category_holdout,7302,corrupt_fixed,2,0.353033865204425,0.013874241498692158,1.3705127363216234,0.8035501205244222,0.8035501205244222,0.9999999999999992,7.487635728456454e-16
tree16,category_holdout,7302,corrupt_fixed,3,0.353033865204425,0.013874241498692158,1.3705127363216234,0.8035501205244222,0.8035501205244222,0.9999999999999992,7.487635728456454e-16
tree16,category_holdout,7302,corrupt_fixed,4,0.353033865204425,0.013874241498692158,1.3705127363216234,0.8035501205244222,0.8035501205244222,0.9999999999999992,7.487635728456454e-16
tree16,category_holdout,7303,label,0,0.19039744413979184,0.2232336445379406,0.09188884294534569,0.4903702201410523,0.4903702223347069,0.18443657822168125,0.5047079920768738
tree16,category_holdout,7303,label,1,1.2121521121112537,0.5864852528546128,3.0891526898811765,0.23151021550119305,0.23151021514790732,0.1851523465563343,1.2467844486236572
tree16,category_holdout,7303,label,2,0.7867122510124185,0.656862681916969,1.176260958298767,0.13963150369626348,0.13963150460970808,0.16376640825088298,0.8410818576812744
tree16,category_holdout,7303,label,3,0.8736473640684151,0.6766211722834113,1.4647259394234267,0.20582522726956987,0.2058252267395424,0.2836363302885576,0.46134787797927856
tree16,category_holdout,7303,label,4,0.7767906194507328,0.8609568960711913,0.5242917895893577,0.22696135231874615,0.22696135524918337,0.2243813805265226,0.5175004005432129
tree16,category_holdout,7303,learned,0,0.2851194366906674,0.014677866667995934,1.0964441467586818,0.676871718005362,0.6926060036598859,0.647795462475676,0.5859997868537903
tree16,category_holdout,7303,learned,1,0.7897590084603436,0.01609963354315339,3.1107371332119143,0.6487319847410983,0.6619916653932804,0.6506172677158177,0.99270099401474
tree16,category_holdout,7303,learned,2,0.3324080783220953,0.015014318086335918,1.2845893590293733,0.5998803106512479,0.6185301755487533,0.5969671310904057,0.1513102650642395
tree16,category_holdout,7303,learned,3,0.3953508547056997,0.015924730385131137,1.5336292276674053,0.6667866977779627,0.6881941280166771,0.6680726213077652,0.921123743057251
tree16,category_holdout,7303,learned,4,0.5899666254116134,0.014609129663565291,2.3160391126557576,0.6598329308315386,0.6780861051068989,0.5901291646232514,1.4766024351119995
tree16,category_holdout,7303,random_fixed,0,0.692967225246516,0.01678919997177038,2.7215013010707527,0.641573431411159,0.641573431411159,0.564239811654491,7.22092199402502e-16
tree16,category_holdout,7303,random_fixed,1,0.692967225246516,0.01678919997177038,2.7215013010707527,0.641573431411159,0.641573431411159,0.564239811654491,7.22092199402502e-16
tree16,category_holdout,7303,random_fixed,2,0.692967225246516,0.01678919997177038,2.7215013010707527,0.641573431411159,0.641573431411159,0.564239811654491,7.22092199402502e-16
tree16,category_holdout,7303,random_fixed,3,0.692967225246516,0.01678919997177038,2.7215013010707527,0.641573431411159,0.641573431411159,0.564239811654491,7.22092199402502e-16
tree16,category_holdout,7303,random_fixed,4,0.692967225246516,0.01678919997177038,2.7215013010707527,0.641573431411159,0.641573431411159,0.564239811654491,7.22092199402502e-16
tree16,category_holdout,7303,native_fixed,0,0.13800530548641565,0.015283206351722303,0.5061716028904957,0.9999999999999994,0.9999999999999994,0.7537551263476205,6.922088770233703e-16
tree16,category_holdout,7303,native_fixed,1,0.13800530548641565,0.015283206351722303,0.5061716028904957,0.9999999999999994,0.9999999999999994,0.7537551263476205,6.922088770233703e-16
tree16,category_holdout,7303,native_fixed,2,0.13800530548641565,0.015283206351722303,0.5061716028904957,0.9999999999999994,0.9999999999999994,0.7537551263476205,6.922088770233703e-16
tree16,category_holdout,7303,native_fixed,3,0.13800530548641565,0.015283206351722303,0.5061716028904957,0.9999999999999994,0.9999999999999994,0.7537551263476205,6.922088770233703e-16
tree16,category_holdout,7303,native_fixed,4,0.13800530548641565,0.015283206351722303,0.5061716028904957,0.9999999999999994,0.9999999999999994,0.7537551263476205,6.922088770233703e-16
tree16,category_holdout,7303,native_tuned,0,0.12682228134267953,0.015142354963739895,0.4618620604794985,0.9999999999999994,0.9975173143645402,0.7435126133438494,1.1645017429181594e-15
tree16,category_holdout,7303,native_tuned,1,0.12682228134267953,0.015142354963739895,0.4618620604794985,0.9999999999999994,0.9975173143645402,0.7435126133438494,1.1645017429181594e-15
tree16,category_holdout,7303,native_tuned,2,0.12682228134267953,0.015142354963739895,0.4618620604794985,0.9999999999999994,0.9975173143645402,0.7435126133438494,1.1645017429181594e-15
tree16,category_holdout,7303,native_tuned,3,0.12682228134267953,0.015142354963739895,0.4618620604794985,0.9999999999999994,0.9975173143645402,0.7435126133438494,1.1645017429181594e-15
tree16,category_holdout,7303,native_tuned,4,0.12682228134267953,0.015142354963739895,0.4618620604794985,0.9999999999999994,0.9975173143645402,0.7435126133438494,1.1645017429181594e-15
tree16,category_holdout,7303,corrupt_fixed,0,0.6843313177613843,0.014748346870618665,2.693080230433681,0.7537551265426886,0.7537551265426886,0.9999999999999994,4.87890977618477e-16
tree16,category_holdout,7303,corrupt_fixed,1,0.6843313177613843,0.014748346870618665,2.693080230433681,0.7537551265426886,0.7537551265426886,0.9999999999999994,4.87890977618477e-16
tree16,category_holdout,7303,corrupt_fixed,2,0.6843313177613843,0.014748346870618665,2.693080230433681,0.7537551265426886,0.7537551265426886,0.9999999999999994,4.87890977618477e-16
tree16,category_holdout,7303,corrupt_fixed,3,0.6843313177613843,0.014748346870618665,2.693080230433681,0.7537551265426886,0.7537551265426886,0.9999999999999994,4.87890977618477e-16
tree16,category_holdout,7303,corrupt_fixed,4,0.6843313177613843,0.014748346870618665,2.693080230433681,0.7537551265426886,0.7537551265426886,0.9999999999999994,4.87890977618477e-16
nominal16,interpolation,7301,label,0,1.0550114012305376,1.0550114012305376,,0.25819888974716254,0.2581988897471623,0.2581988897471622,0.3269107937812805
nominal16,interpolation,7301,label,1,1.1008723325873535,1.1008723325873535,,0.2581988897471628,0.2581988897471626,0.2581988897471622,0.35640472173690796
nominal16,interpolation,7301,label,2,1.341498761606417,1.341498761606417,,0.2581988897471625,0.2581988897471617,0.2581988897471617,0.4390008747577667
nominal16,interpolation,7301,label,3,0.7792288202353992,0.7792288202353992,,0.25819888974716265,0.2581988897471623,0.2581988897471623,0.46577268838882446
nominal16,interpolation,7301,label,4,1.4541375747334442,1.4541375747334442,,0.2581988897471625,0.25819888974716193,0.25819888974716193,0.6053594350814819
nominal16,interpolation,7301,learned,0,0.020747371751920814,0.020747371751920814,,0.6751736094805962,0.6807139032165119,0.6807139032165117,0.0018707059789448977
nominal16,interpolation,7301,learned,1,0.01872229147794568,0.01872229147794568,,0.6751736094805961,0.6794264942146386,0.6794264942146387,0.0017296787118539214
nominal16,interpolation,7301,learned,2,0.017768775016295105,0.017768775016295105,,0.6751736094805961,0.6782921041640245,0.6782921041640245,0.0010798965813592076
nominal16,interpolation,7301,learned,3,0.01964659388185629,0.01964659388185629,,0.6751736094805961,0.6810407631840646,0.6810407631840648,0.0018271708395332098
nominal16,interpolation,7301,learned,4,0.01909970727805528,0.01909970727805528,,0.6751736094805961,0.6886048031564121,0.6886048031564124,0.001300348900258541
nominal16,interpolation,7301,random_fixed,0,0.020523797385308476,0.020523797385308476,,0.6612235001727218,0.6612235001727218,0.6612235001727219,6.393031991378667e-16
nominal16,interpolation,7301,random_fixed,1,0.020523797385308476,0.020523797385308476,,0.6612235001727218,0.6612235001727218,0.6612235001727219,6.393031991378667e-16
nominal16,interpolation,7301,random_fixed,2,0.020523797385308476,0.020523797385308476,,0.6612235001727218,0.6612235001727218,0.6612235001727219,6.393031991378667e-16
nominal16,interpolation,7301,random_fixed,3,0.020523797385308476,0.020523797385308476,,0.6612235001727218,0.6612235001727218,0.6612235001727219,6.393031991378667e-16
nominal16,interpolation,7301,random_fixed,4,0.020523797385308476,0.020523797385308476,,0.6612235001727218,0.6612235001727218,0.6612235001727219,6.393031991378667e-16
nominal16,interpolation,7301,native_fixed,0,0.017171539737570525,0.017171539737570525,,0.9999999999999992,0.9999999999999992,0.9999999999999992,7.028408345773063e-16
nominal16,interpolation,7301,native_fixed,1,0.017171539737570525,0.017171539737570525,,0.9999999999999992,0.9999999999999992,0.9999999999999992,7.028408345773063e-16
nominal16,interpolation,7301,native_fixed,2,0.017171539737570525,0.017171539737570525,,0.9999999999999992,0.9999999999999992,0.9999999999999992,7.028408345773063e-16
nominal16,interpolation,7301,native_fixed,3,0.017171539737570525,0.017171539737570525,,0.9999999999999992,0.9999999999999992,0.9999999999999992,7.028408345773063e-16
nominal16,interpolation,7301,native_fixed,4,0.017171539737570525,0.017171539737570525,,0.9999999999999992,0.9999999999999992,0.9999999999999992,7.028408345773063e-16
nominal16,interpolation,7301,native_tuned,0,0.017673915664060777,0.017673915664060777,,0.9999999999999992,0.9929963688695537,0.9929963688695537,5.140066974482216e-16
nominal16,interpolation,7301,native_tuned,1,0.017673915664060777,0.017673915664060777,,0.9999999999999992,0.9929963688695537,0.9929963688695537,5.140066974482216e-16
nominal16,interpolation,7301,native_tuned,2,0.017673915664060777,0.017673915664060777,,0.9999999999999992,0.9929963688695537,0.9929963688695537,5.140066974482216e-16
nominal16,interpolation,7301,native_tuned,3,0.017673915664060777,0.017673915664060777,,0.9999999999999992,0.9929963688695537,0.9929963688695537,5.140066974482216e-16
nominal16,interpolation,7301,native_tuned,4,0.017673915664060777,0.017673915664060777,,0.9999999999999992,0.9929963688695537,0.9929963688695537,5.140066974482216e-16
nominal16,interpolation,7301,corrupt_fixed,0,0.017221451935443437,0.017221451935443437,,0.9999999999999992,0.9999999999999992,0.999999999999999,6.410514751409996e-16
nominal16,interpolation,7301,corrupt_fixed,1,0.017221451935443437,0.017221451935443437,,0.9999999999999992,0.9999999999999992,0.999999999999999,6.410514751409996e-16
nominal16,interpolation,7301,corrupt_fixed,2,0.017221451935443437,0.017221451935443437,,0.9999999999999992,0.9999999999999992,0.999999999999999,6.410514751409996e-16
nominal16,interpolation,7301,corrupt_fixed,3,0.017221451935443437,0.017221451935443437,,0.9999999999999992,0.9999999999999992,0.999999999999999,6.410514751409996e-16
nominal16,interpolation,7301,corrupt_fixed,4,0.017221451935443437,0.017221451935443437,,0.9999999999999992,0.9999999999999992,0.999999999999999,6.410514751409996e-16
nominal16,interpolation,7302,label,0,1.260970980944394,1.260970980944394,,0.2581988897471643,0.25819888974716254,0.2581988897471626,0.4246530532836914
nominal16,interpolation,7302,label,1,0.7878484971602913,0.7878484971602913,,0.2581988897471643,0.25819888974716254,0.25819888974716243,0.3700154423713684
nominal16,interpolation,7302,label,2,0.5210639332654381,0.5210639332654381,,0.25819888974716426,0.2581988897471636,0.2581988897471634,0.30878663063049316
nominal16,interpolation,7302,label,3,0.3897693216448386,0.3897693216448386,,0.2581988897471644,0.2581988897471631,0.2581988897471631,0.2937999963760376
nominal16,interpolation,7302,label,4,1.2707200155267513,1.2707200155267513,,0.25819888974716426,0.2581988897471627,0.2581988897471626,0.39862582087516785
nominal16,interpolation,7302,learned,0,0.014811574095038638,0.014811574095038638,,0.6724267258351275,0.6772678190967457,0.6772678190967456,0.000593440723605454
nominal16,interpolation,7302,learned,1,0.013868417973871823,0.013868417973871823,,0.6724267258351274,0.6756009721958179,0.6756009721958178,0.0008625179762020707
nominal16,interpolation,7302,learned,2,0.015074042950754516,0.015074042950754516,,0.6724267258351276,0.6791024916926867,0.6791024916926867,0.0008503004792146385
nominal16,interpolation,7302,learned,3,0.01706220891720349,0.01706220891720349,,0.6724267258351277,0.6740181755182041,0.6740181755182039,0.000981298042461276
nominal16,interpolation,7302,learned,4,0.015683354055091137,0.015683354055091137,,0.6724267258351276,0.6786208246443305,0.6786208246443303,0.0006223313976079226
nominal16,interpolation,7302,random_fixed,0,0.014707204957150583,0.014707204957150583,,0.6909803937596399,0.6909803937596399,0.6909803937596398,7.619095241870322e-16
nominal16,interpolation,7302,random_fixed,1,0.014707204957150583,0.014707204957150583,,0.6909803937596399,0.6909803937596399,0.6909803937596398,7.619095241870322e-16
nominal16,interpolation,7302,random_fixed,2,0.014707204957150583,0.014707204957150583,,0.6909803937596399,0.6909803937596399,0.6909803937596398,7.619095241870322e-16
nominal16,interpolation,7302,random_fixed,3,0.014707204957150583,0.014707204957150583,,0.6909803937596399,0.6909803937596399,0.6909803937596398,7.619095241870322e-16
nominal16,interpolation,7302,random_fixed,4,0.014707204957150583,0.014707204957150583,,0.6909803937596399,0.6909803937596399,0.6909803937596398,7.619095241870322e-16
nominal16,interpolation,7302,native_fixed,0,0.01469133707827284,0.01469133707827284,,0.9999999999999992,0.9999999999999992,0.9999999999999992,7.060061967011956e-16
nominal16,interpolation,7302,native_fixed,1,0.01469133707827284,0.01469133707827284,,0.9999999999999992,0.9999999999999992,0.9999999999999992,7.060061967011956e-16
nominal16,interpolation,7302,native_fixed,2,0.01469133707827284,0.01469133707827284,,0.9999999999999992,0.9999999999999992,0.9999999999999992,7.060061967011956e-16
nominal16,interpolation,7302,native_fixed,3,0.01469133707827284,0.01469133707827284,,0.9999999999999992,0.9999999999999992,0.9999999999999992,7.060061967011956e-16
nominal16,interpolation,7302,native_fixed,4,0.01469133707827284,0.01469133707827284,,0.9999999999999992,0.9999999999999992,0.9999999999999992,7.060061967011956e-16
nominal16,interpolation,7302,native_tuned,0,0.014522042573993862,0.014522042573993862,,0.9999999999999992,0.9965126421094544,0.9965126421094546,7.31105476994235e-16
nominal16,interpolation,7302,native_tuned,1,0.014522042573993862,0.014522042573993862,,0.9999999999999992,0.9965126421094544,0.9965126421094546,7.31105476994235e-16
nominal16,interpolation,7302,native_tuned,2,0.014522042573993862,0.014522042573993862,,0.9999999999999992,0.9965126421094544,0.9965126421094546,7.31105476994235e-16
nominal16,interpolation,7302,native_tuned,3,0.014522042573993862,0.014522042573993862,,0.9999999999999992,0.9965126421094544,0.9965126421094546,7.31105476994235e-16
nominal16,interpolation,7302,native_tuned,4,0.014522042573993862,0.014522042573993862,,0.9999999999999992,0.9965126421094544,0.9965126421094546,7.31105476994235e-16
nominal16,interpolation,7302,corrupt_fixed,0,0.014348449443597406,0.014348449443597406,,0.999999999999999,0.999999999999999,0.999999999999999,7.566545317822665e-16
nominal16,interpolation,7302,corrupt_fixed,1,0.014348449443597406,0.014348449443597406,,0.999999999999999,0.999999999999999,0.999999999999999,7.566545317822665e-16
nominal16,interpolation,7302,corrupt_fixed,2,0.014348449443597406,0.014348449443597406,,0.999999999999999,0.999999999999999,0.999999999999999,7.566545317822665e-16
nominal16,interpolation,7302,corrupt_fixed,3,0.014348449443597406,0.014348449443597406,,0.999999999999999,0.999999999999999,0.999999999999999,7.566545317822665e-16
nominal16,interpolation,7302,corrupt_fixed,4,0.014348449443597406,0.014348449443597406,,0.999999999999999,0.999999999999999,0.999999999999999,7.566545317822665e-16
nominal16,interpolation,7303,label,0,0.4580084528017569,0.4580084528017569,,0.2581988897471625,0.2581988897471619,0.25819888974716193,0.3237095773220062
nominal16,interpolation,7303,label,1,1.2477251999530377,1.2477251999530377,,0.25819888974716254,0.25819888974716176,0.2581988897471619,0.518179178237915
nominal16,interpolation,7303,label,2,1.3605086809389437,1.3605086809389437,,0.25819888974716243,0.2581988897471618,0.25819888974716204,0.6410874128341675
nominal16,interpolation,7303,label,3,0.5425906446254839,0.5425906446254839,,0.2581988897471627,0.2581988897471622,0.258198889747162,0.3523496389389038
nominal16,interpolation,7303,label,4,1.3272471499426892,1.3272471499426892,,0.25819888974716265,0.2581988897471624,0.2581988897471625,0.5477942228317261
nominal16,interpolation,7303,learned,0,0.021052357317315466,0.021052357317315466,,0.7016920082220901,0.6985675827841975,0.6985675827841973,0.0011838213540613651
nominal16,interpolation,7303,learned,1,0.017836831499391075,0.017836831499391075,,0.70169200822209,0.7081596470552987,0.7081596470552987,0.0016141997184604406
nominal16,interpolation,7303,learned,2,0.023061315605380182,0.023061315605380182,,0.7016920082220901,0.7086610925246326,0.7086610925246326,0.0016578977229073644
nominal16,interpolation,7303,learned,3,0.017054829687727584,0.017054829687727584,,0.7016920082220901,0.6996310705286813,0.6996310705286813,0.0011784982634708285
nominal16,interpolation,7303,learned,4,0.02245975708015395,0.02245975708015395,,0.70169200822209,0.6999185938750381,0.699918593875038,0.0011643203906714916
nominal16,interpolation,7303,random_fixed,0,0.02699801976299558,0.02699801976299558,,0.688074467283722,0.688074467283722,0.6880744672837219,8.042687948462725e-16
nominal16,interpolation,7303,random_fixed,1,0.02699801976299558,0.02699801976299558,,0.688074467283722,0.688074467283722,0.6880744672837219,8.042687948462725e-16
nominal16,interpolation,7303,random_fixed,2,0.02699801976299558,0.02699801976299558,,0.688074467283722,0.688074467283722,0.6880744672837219,8.042687948462725e-16
nominal16,interpolation,7303,random_fixed,3,0.02699801976299558,0.02699801976299558,,0.688074467283722,0.688074467283722,0.6880744672837219,8.042687948462725e-16
nominal16,interpolation,7303,random_fixed,4,0.02699801976299558,0.02699801976299558,,0.688074467283722,0.688074467283722,0.6880744672837219,8.042687948462725e-16
nominal16,interpolation,7303,native_fixed,0,0.019568247234213243,0.019568247234213243,,0.9999999999999992,0.9999999999999992,0.9999999999999992,7.825949157919294e-16
nominal16,interpolation,7303,native_fixed,1,0.019568247234213243,0.019568247234213243,,0.9999999999999992,0.9999999999999992,0.9999999999999992,7.825949157919294e-16
nominal16,interpolation,7303,native_fixed,2,0.019568247234213243,0.019568247234213243,,0.9999999999999992,0.9999999999999992,0.9999999999999992,7.825949157919294e-16
nominal16,interpolation,7303,native_fixed,3,0.019568247234213243,0.019568247234213243,,0.9999999999999992,0.9999999999999992,0.9999999999999992,7.825949157919294e-16
nominal16,interpolation,7303,native_fixed,4,0.019568247234213243,0.019568247234213243,,0.9999999999999992,0.9999999999999992,0.9999999999999992,7.825949157919294e-16
nominal16,interpolation,7303,native_tuned,0,0.02237877133059678,0.02237877133059678,,0.9999999999999992,0.9895954983408142,0.9895954983408143,7.613606468372114e-16
nominal16,interpolation,7303,native_tuned,1,0.02237877133059678,0.02237877133059678,,0.9999999999999992,0.9895954983408142,0.9895954983408143,7.613606468372114e-16
nominal16,interpolation,7303,native_tuned,2,0.02237877133059678,0.02237877133059678,,0.9999999999999992,0.9895954983408142,0.9895954983408143,7.613606468372114e-16
nominal16,interpolation,7303,native_tuned,3,0.02237877133059678,0.02237877133059678,,0.9999999999999992,0.9895954983408142,0.9895954983408143,7.613606468372114e-16
nominal16,interpolation,7303,native_tuned,4,0.02237877133059678,0.02237877133059678,,0.9999999999999992,0.9895954983408142,0.9895954983408143,7.613606468372114e-16
nominal16,interpolation,7303,corrupt_fixed,0,0.02145054221172846,0.02145054221172846,,0.9999999999999992,0.9999999999999992,0.9999999999999993,9.724090700409874e-16
nominal16,interpolation,7303,corrupt_fixed,1,0.02145054221172846,0.02145054221172846,,0.9999999999999992,0.9999999999999992,0.9999999999999993,9.724090700409874e-16
nominal16,interpolation,7303,corrupt_fixed,2,0.02145054221172846,0.02145054221172846,,0.9999999999999992,0.9999999999999992,0.9999999999999993,9.724090700409874e-16
nominal16,interpolation,7303,corrupt_fixed,3,0.02145054221172846,0.02145054221172846,,0.9999999999999992,0.9999999999999992,0.9999999999999993,9.724090700409874e-16
nominal16,interpolation,7303,corrupt_fixed,4,0.02145054221172846,0.02145054221172846,,0.9999999999999992,0.9999999999999992,0.9999999999999993,9.724090700409874e-16
nominal16,category_holdout,7301,label,0,1.3606294192012123,0.968722799576002,2.536349278076843,0.25819888974716254,0.2581988897471624,0.2581988897471622,2.6519408226013184
nominal16,category_holdout,7301,label,1,1.7693049838337642,0.45457873565766577,5.713483728362059,0.2581988897471628,0.2581988897471625,0.2581988897471622,0.37647363543510437
nominal16,category_holdout,7301,label,2,1.3633882735671419,0.149302007186524,5.005647072708994,0.2581988897471625,0.2581988897471619,0.258198889747162,0.8063138723373413
nominal16,category_holdout,7301,label,3,0.7344418832781139,0.3753682140813613,1.8116628908683716,0.25819888974716265,0.25819888974716215,0.25819888974716215,3.45641827583313
nominal16,category_holdout,7301,label,4,7.1106557311773635,0.2002289739634604,27.84193600281907,0.2581988897471625,0.25819888974716193,0.25819888974716193,10.719202041625977
nominal16,category_holdout,7301,learned,0,0.664378393244593,0.013428463730690024,2.617228181786302,0.6751736094805962,0.6785582022787089,0.6785582022787087,1.182349443435669
nominal16,category_holdout,7301,learned,1,0.17000866450342422,0.013187552436378919,0.6404720007045601,0.6751736094805961,0.6782721370385448,0.6782721370385447,0.5022546052932739
nominal16,category_holdout,7301,learned,2,0.9652421701098977,0.013137099938748094,3.8215573806233465,0.6751736094805961,0.6813833767477903,0.6813833767477903,1.823427677154541
nominal16,category_holdout,7301,learned,3,0.40382312607038295,0.013458697489116225,1.5749164118141832,0.6751736094805961,0.6829836138563051,0.6829836138563055,1.191171646118164
nominal16,category_holdout,7301,learned,4,0.5682632778947432,0.013179132214091886,2.233515714936697,0.6751736094805961,0.6786539412704728,0.678653941270473,0.7175747156143188
nominal16,category_holdout,7301,random_fixed,0,1.2835364992409657,0.013373835591131061,5.0940244901904705,0.6612235001727218,0.6612235001727218,0.6612235001727219,1.0627891795789157e-15
nominal16,category_holdout,7301,random_fixed,1,1.2835364992409657,0.013373835591131061,5.0940244901904705,0.6612235001727218,0.6612235001727218,0.6612235001727219,1.0627891795789157e-15
nominal16,category_holdout,7301,random_fixed,2,1.2835364992409657,0.013373835591131061,5.0940244901904705,0.6612235001727218,0.6612235001727218,0.6612235001727219,1.0627891795789157e-15
nominal16,category_holdout,7301,random_fixed,3,1.2835364992409657,0.013373835591131061,5.0940244901904705,0.6612235001727218,0.6612235001727218,0.6612235001727219,1.0627891795789157e-15
nominal16,category_holdout,7301,random_fixed,4,1.2835364992409657,0.013373835591131061,5.0940244901904705,0.6612235001727218,0.6612235001727218,0.6612235001727219,1.0627891795789157e-15
nominal16,category_holdout,7301,native_fixed,0,0.4134767843985375,0.012514858211563165,1.6163625629594607,0.9999999999999992,0.9999999999999992,0.9999999999999992,7.403474534817267e-16
nominal16,category_holdout,7301,native_fixed,1,0.4134767843985375,0.012514858211563165,1.6163625629594607,0.9999999999999992,0.9999999999999992,0.9999999999999992,7.403474534817267e-16
nominal16,category_holdout,7301,native_fixed,2,0.4134767843985375,0.012514858211563165,1.6163625629594607,0.9999999999999992,0.9999999999999992,0.9999999999999992,7.403474534817267e-16
nominal16,category_holdout,7301,native_fixed,3,0.4134767843985375,0.012514858211563165,1.6163625629594607,0.9999999999999992,0.9999999999999992,0.9999999999999992,7.403474534817267e-16
nominal16,category_holdout,7301,native_fixed,4,0.4134767843985375,0.012514858211563165,1.6163625629594607,0.9999999999999992,0.9999999999999992,0.9999999999999992,7.403474534817267e-16
nominal16,category_holdout,7301,native_tuned,0,0.7337053446232791,0.01270870989437723,2.8966952488099853,0.9999999999999992,0.9947643208412744,0.9947643208412743,9.448821933211171e-16
nominal16,category_holdout,7301,native_tuned,1,0.7337053446232791,0.01270870989437723,2.8966952488099853,0.9999999999999992,0.9947643208412744,0.9947643208412743,9.448821933211171e-16
nominal16,category_holdout,7301,native_tuned,2,0.7337053446232791,0.01270870989437723,2.8966952488099853,0.9999999999999992,0.9947643208412744,0.9947643208412743,9.448821933211171e-16
nominal16,category_holdout,7301,native_tuned,3,0.7337053446232791,0.01270870989437723,2.8966952488099853,0.9999999999999992,0.9947643208412744,0.9947643208412743,9.448821933211171e-16
nominal16,category_holdout,7301,native_tuned,4,0.7337053446232791,0.01270870989437723,2.8966952488099853,0.9999999999999992,0.9947643208412744,0.9947643208412743,9.448821933211171e-16
nominal16,category_holdout,7301,corrupt_fixed,0,0.32585436269796636,0.012353771913057992,1.2663561350526913,0.9999999999999992,0.9999999999999992,0.999999999999999,2.6282415913764234e-16
nominal16,category_holdout,7301,corrupt_fixed,1,0.32585436269796636,0.012353771913057992,1.2663561350526913,0.9999999999999992,0.9999999999999992,0.999999999999999,2.6282415913764234e-16
nominal16,category_holdout,7301,corrupt_fixed,2,0.32585436269796636,0.012353771913057992,1.2663561350526913,0.9999999999999992,0.9999999999999992,0.999999999999999,2.6282415913764234e-16
nominal16,category_holdout,7301,corrupt_fixed,3,0.32585436269796636,0.012353771913057992,1.2663561350526913,0.9999999999999992,0.9999999999999992,0.999999999999999,2.6282415913764234e-16
nominal16,category_holdout,7301,corrupt_fixed,4,0.32585436269796636,0.012353771913057992,1.2663561350526913,0.9999999999999992,0.9999999999999992,0.999999999999999,2.6282415913764234e-16
nominal16,category_holdout,7302,label,0,4.128005706784596,0.999923003576761,13.512253816408101,0.2581988897471643,0.25819888974716293,0.25819888974716304,8.432844161987305
nominal16,category_holdout,7302,label,1,0.9679792690966731,0.6866387489718765,1.812000829471063,0.2581988897471643,0.25819888974716254,0.2581988897471624,1.5114320516586304
nominal16,category_holdout,7302,label,2,0.6128786386029789,0.639110457036178,0.5341831833033817,0.25819888974716426,0.2581988897471636,0.2581988897471634,0.8834535479545593
nominal16,category_holdout,7302,label,3,0.31596638099061103,0.1337456583926678,0.8626285487844407,0.2581988897471644,0.25819888974716326,0.25819888974716326,1.0252267122268677
nominal16,category_holdout,7302,label,4,1.29912818881212,1.391383103011784,1.022363446213128,0.25819888974716426,0.2581988897471628,0.25819888974716276,0.7556421160697937
nominal16,category_holdout,7302,learned,0,0.2760358871760125,0.01182346122182288,1.0686731650385815,0.6724267258351275,0.6762584154938156,0.6762584154938155,0.5519415140151978
nominal16,category_holdout,7302,learned,1,1.4028145717919245,0.011352250899138994,5.57720153447028,0.6724267258351274,0.6763160727099354,0.6763160727099353,2.002689838409424
nominal16,category_holdout,7302,learned,2,0.43998415593972845,0.011316335250992834,1.7259876180059353,0.6724267258351276,0.6744260546437136,0.6744260546437136,0.6454080939292908
nominal16,category_holdout,7302,learned,3,0.2986004222566243,0.012308076439070337,1.1574774597092863,0.6724267258351277,0.6695306594051982,0.669530659405198,2.2755541801452637
nominal16,category_holdout,7302,learned,4,1.1194047022644904,0.011317636613425122,4.443665899217686,0.6724267258351276,0.6801727573068634,0.6801727573068633,2.445206642150879
nominal16,category_holdout,7302,random_fixed,0,0.5742040204695076,0.012054665044889118,2.260652086743363,0.6909803937596399,0.6909803937596399,0.6909803937596398,8.114711159967758e-16
nominal16,category_holdout,7302,random_fixed,1,0.5742040204695076,0.012054665044889118,2.260652086743363,0.6909803937596399,0.6909803937596399,0.6909803937596398,8.114711159967758e-16
nominal16,category_holdout,7302,random_fixed,2,0.5742040204695076,0.012054665044889118,2.260652086743363,0.6909803937596399,0.6909803937596399,0.6909803937596398,8.114711159967758e-16
nominal16,category_holdout,7302,random_fixed,3,0.5742040204695076,0.012054665044889118,2.260652086743363,0.6909803937596399,0.6909803937596399,0.6909803937596398,8.114711159967758e-16
nominal16,category_holdout,7302,random_fixed,4,0.5742040204695076,0.012054665044889118,2.260652086743363,0.6909803937596399,0.6909803937596399,0.6909803937596398,8.114711159967758e-16
nominal16,category_holdout,7302,native_fixed,0,0.32990688033238785,0.011355776199837608,1.2855601927300384,0.9999999999999992,0.9999999999999992,0.9999999999999992,2.281703471995744e-16
nominal16,category_holdout,7302,native_fixed,1,0.32990688033238785,0.011355776199837608,1.2855601927300384,0.9999999999999992,0.9999999999999992,0.9999999999999992,2.281703471995744e-16
nominal16,category_holdout,7302,native_fixed,2,0.32990688033238785,0.011355776199837608,1.2855601927300384,0.9999999999999992,0.9999999999999992,0.9999999999999992,2.281703471995744e-16
nominal16,category_holdout,7302,native_fixed,3,0.32990688033238785,0.011355776199837608,1.2855601927300384,0.9999999999999992,0.9999999999999992,0.9999999999999992,2.281703471995744e-16
nominal16,category_holdout,7302,native_fixed,4,0.32990688033238785,0.011355776199837608,1.2855601927300384,0.9999999999999992,0.9999999999999992,0.9999999999999992,2.281703471995744e-16
nominal16,category_holdout,7302,native_tuned,0,0.545437505558987,0.011521643859726446,2.1471850906567687,0.9999999999999992,0.9975296255856818,0.9975296255856818,4.720616259001886e-16
nominal16,category_holdout,7302,native_tuned,1,0.545437505558987,0.011521643859726446,2.1471850906567687,0.9999999999999992,0.9975296255856818,0.9975296255856818,4.720616259001886e-16
nominal16,category_holdout,7302,native_tuned,2,0.545437505558987,0.011521643859726446,2.1471850906567687,0.9999999999999992,0.9975296255856818,0.9975296255856818,4.720616259001886e-16
nominal16,category_holdout,7302,native_tuned,3,0.545437505558987,0.011521643859726446,2.1471850906567687,0.9999999999999992,0.9975296255856818,0.9975296255856818,4.720616259001886e-16
nominal16,category_holdout,7302,native_tuned,4,0.545437505558987,0.011521643859726446,2.1471850906567687,0.9999999999999992,0.9975296255856818,0.9975296255856818,4.720616259001886e-16
nominal16,category_holdout,7302,corrupt_fixed,0,0.5638795854274936,0.011772214397721114,2.220201698516811,0.999999999999999,0.999999999999999,0.999999999999999,8.953341540385296e-16
nominal16,category_holdout,7302,corrupt_fixed,1,0.5638795854274936,0.011772214397721114,2.220201698516811,0.999999999999999,0.999999999999999,0.999999999999999,8.953341540385296e-16
nominal16,category_holdout,7302,corrupt_fixed,2,0.5638795854274936,0.011772214397721114,2.220201698516811,0.999999999999999,0.999999999999999,0.999999999999999,8.953341540385296e-16
nominal16,category_holdout,7302,corrupt_fixed,3,0.5638795854274936,0.011772214397721114,2.220201698516811,0.999999999999999,0.999999999999999,0.999999999999999,8.953341540385296e-16
nominal16,category_holdout,7302,corrupt_fixed,4,0.5638795854274936,0.011772214397721114,2.220201698516811,0.999999999999999,0.999999999999999,0.999999999999999,8.953341540385296e-16
nominal16,category_holdout,7303,label,0,1.4821520165051822,1.600780063591931,1.1262678752449369,0.2581988897471625,0.25819888974716265,0.25819888974716276,0.6347838640213013
nominal16,category_holdout,7303,label,1,1.4965098637799659,0.38479133380657915,4.831665453700126,0.25819888974716254,0.25819888974716204,0.25819888974716215,1.6231470108032227
nominal16,category_holdout,7303,label,2,1.750668202301242,0.47521562967662884,5.577025920175081,0.25819888974716243,0.2581988897471617,0.258198889747162,1.1544618606567383
nominal16,category_holdout,7303,label,3,0.5096843479660649,0.4690834148520229,0.6314871473081909,0.2581988897471627,0.2581988897471626,0.2581988897471623,1.0945336818695068
nominal16,category_holdout,7303,label,4,1.4138483254496956,1.0365123185918297,2.5458563460232932,0.25819888974716265,0.25819888974716226,0.2581988897471623,0.614608645439148
nominal16,category_holdout,7303,learned,0,0.2116714129110145,0.01658773510672921,0.7969224463238704,0.7016920082220901,0.7042533787275095,0.7042533787275094,0.363547682762146
nominal16,category_holdout,7303,learned,1,0.38596120399302336,0.018659092906297386,1.4878675372532015,0.70169200822209,0.7070174050578136,0.7070174050578137,1.0489799976348877
nominal16,category_holdout,7303,learned,2,0.43519960579179684,0.016995201884356558,1.6898128175141172,0.7016920082220901,0.7084476048652137,0.7084476048652137,0.923770010471344
nominal16,category_holdout,7303,learned,3,0.37187319862054613,0.016645915887465734,1.4375550468197873,0.7016920082220901,0.7018553489923218,0.7018553489923216,0.34443432092666626
nominal16,category_holdout,7303,learned,4,0.18917319558587722,0.017907090614020776,0.7029715105014466,0.70169200822209,0.7058479664444951,0.7058479664444952,0.6348833441734314
nominal16,category_holdout,7303,random_fixed,0,1.4181328058729634,0.016668597520416578,5.6225254309306045,0.688074467283722,0.688074467283722,0.6880744672837219,2.538767807092057e-15
nominal16,category_holdout,7303,random_fixed,1,1.4181328058729634,0.016668597520416578,5.6225254309306045,0.688074467283722,0.688074467283722,0.6880744672837219,2.538767807092057e-15
nominal16,category_holdout,7303,random_fixed,2,1.4181328058729634,0.016668597520416578,5.6225254309306045,0.688074467283722,0.688074467283722,0.6880744672837219,2.538767807092057e-15
nominal16,category_holdout,7303,random_fixed,3,1.4181328058729634,0.016668597520416578,5.6225254309306045,0.688074467283722,0.688074467283722,0.6880744672837219,2.538767807092057e-15
nominal16,category_holdout,7303,random_fixed,4,1.4181328058729634,0.016668597520416578,5.6225254309306045,0.688074467283722,0.688074467283722,0.6880744672837219,2.538767807092057e-15
nominal16,category_holdout,7303,native_fixed,0,0.2575211256830602,0.016805505322142974,0.9796679867658118,0.9999999999999992,0.9999999999999992,0.9999999999999992,2.697088429329253e-16
nominal16,category_holdout,7303,native_fixed,1,0.2575211256830602,0.016805505322142974,0.9796679867658118,0.9999999999999992,0.9999999999999992,0.9999999999999992,2.697088429329253e-16
nominal16,category_holdout,7303,native_fixed,2,0.2575211256830602,0.016805505322142974,0.9796679867658118,0.9999999999999992,0.9999999999999992,0.9999999999999992,2.697088429329253e-16
nominal16,category_holdout,7303,native_fixed,3,0.2575211256830602,0.016805505322142974,0.9796679867658118,0.9999999999999992,0.9999999999999992,0.9999999999999992,2.697088429329253e-16
nominal16,category_holdout,7303,native_fixed,4,0.2575211256830602,0.016805505322142974,0.9796679867658118,0.9999999999999992,0.9999999999999992,0.9999999999999992,2.697088429329253e-16
nominal16,category_holdout,7303,native_tuned,0,0.308500108240612,0.01649203261149282,1.18452433512797,0.9999999999999992,0.9959664168491843,0.9959664168491844,1.5558301175166989e-16
nominal16,category_holdout,7303,native_tuned,1,0.308500108240612,0.01649203261149282,1.18452433512797,0.9999999999999992,0.9959664168491843,0.9959664168491844,1.5558301175166989e-16
nominal16,category_holdout,7303,native_tuned,2,0.308500108240612,0.01649203261149282,1.18452433512797,0.9999999999999992,0.9959664168491843,0.9959664168491844,1.5558301175166989e-16
nominal16,category_holdout,7303,native_tuned,3,0.308500108240612,0.01649203261149282,1.18452433512797,0.9999999999999992,0.9959664168491843,0.9959664168491844,1.5558301175166989e-16
nominal16,category_holdout,7303,native_tuned,4,0.308500108240612,0.01649203261149282,1.18452433512797,0.9999999999999992,0.9959664168491843,0.9959664168491844,1.5558301175166989e-16
nominal16,category_holdout,7303,corrupt_fixed,0,0.5478535454379859,0.016900478470973954,2.1407127463390214,0.9999999999999992,0.9999999999999992,0.9999999999999993,2.076247160309741e-16
nominal16,category_holdout,7303,corrupt_fixed,1,0.5478535454379859,0.016900478470973954,2.1407127463390214,0.9999999999999992,0.9999999999999992,0.9999999999999993,2.076247160309741e-16
nominal16,category_holdout,7303,corrupt_fixed,2,0.5478535454379859,0.016900478470973954,2.1407127463390214,0.9999999999999992,0.9999999999999992,0.9999999999999993,2.076247160309741e-16
nominal16,category_holdout,7303,corrupt_fixed,3,0.5478535454379859,0.016900478470973954,2.1407127463390214,0.9999999999999992,0.9999999999999992,0.9999999999999993,2.076247160309741e-16
nominal16,category_holdout,7303,corrupt_fixed,4,0.5478535454379859,0.016900478470973954,2.1407127463390214,0.9999999999999992,0.9999999999999992,0.9999999999999993,2.076247160309741e-16
