dataset,column,nodes,strength,energy_zero,semantic_retention,node_control_retention_mean,node_control_retention_sd,isospectral_retention_mean,isospectral_retention_sd,semantic_minus_node,semantic_minus_isospectral
california,0,33,0.01,0.00017115704864620158,0.940599298965141,0.9743311546373847,0.012259007614920445,0.9508868822646818,0.023602974067576863,-0.03373185567224366,-0.010287583299540708
california,0,33,0.03,0.00017115704864620158,0.864073496254111,0.9334148606317826,0.026775983977734976,0.8862390940903434,0.04383605209300699,-0.0693413643776716,-0.022165597836232436
california,0,33,0.1,0.00017115704864620158,0.7271273096816554,0.8390928421163993,0.047518439256500275,0.7674589332005305,0.05712569201121909,-0.11196553243474403,-0.04033162351887509
california,0,33,0.3,0.00017115704864620158,0.5718948831255629,0.7025166186412999,0.06254588910699342,0.6266169209549668,0.0545535399464588,-0.130621735515737,-0.05472203782940393
california,0,33,1.0,0.00017115704864620158,0.4139371940643758,0.5248655416211837,0.06567323512436397,0.46212491911419973,0.04811919508481501,-0.11092834755680797,-0.04818772504982395
california,0,33,3.0,0.00017115704864620158,0.3058106269111638,0.36715335177444747,0.0613022104159549,0.32233033257732324,0.04374689502662041,-0.061342724863283675,-0.016519705666159453
california,0,33,10.0,0.00017115704864620158,0.2231567127682009,0.21801328031223927,0.05166902117651298,0.19654243608598523,0.037678085710904294,0.0051434324559616555,0.026614276682215682
california,0,33,30.0,0.00017115704864620158,0.1678594085591468,0.11709272751257166,0.0355522391373409,0.11174407238743969,0.029748358811469183,0.050766681046575154,0.05611533617170712
california,0,33,100.0,0.00017115704864620158,0.11390680052040787,0.050679771925970896,0.01802719855639754,0.052138587911502284,0.018099274958511734,0.06322702859443698,0.06176821260890559
california,1,28,0.01,0.0003522597883844692,0.9564992093439554,0.900335296094271,0.02572794150132537,0.9867281924905017,0.0028114222374257865,0.056163913249684345,-0.03022898314654633
california,1,28,0.03,0.0003522597883844692,0.8831416843575315,0.7675553627047826,0.04424201408740108,0.962080709657673,0.007932192128866455,0.11558632165274889,-0.07893902530014149
california,1,28,0.1,0.0003522597883844692,0.7123062871551696,0.5525170169543615,0.042825041628693404,0.8906009482282436,0.022102881868680868,0.1597892702008082,-0.17829466107307398
california,1,28,0.3,0.0003522597883844692,0.49280387632364486,0.366166580207185,0.02366332916481529,0.7558533252252022,0.04608062467712201,0.12663729611645985,-0.2630494489015573
california,1,28,1.0,0.0003522597883844692,0.274701834137252,0.21713570812299066,0.011788879272639037,0.545282112683279,0.07591562229942649,0.05756612601426138,-0.2705802785460269
california,1,28,3.0,0.0003522597883844692,0.1421228648434967,0.1265905366696027,0.011885481131913903,0.3601195910227614,0.09288517072614695,0.015532328173893974,-0.21799672617926474
california,1,28,10.0,0.0003522597883844692,0.06393087750405901,0.06667942222394647,0.014417658503934875,0.21061887423456785,0.09171610534440236,-0.002748544719887454,-0.14668799673050884
california,1,28,30.0,0.0003522597883844692,0.030242708683306738,0.03663080056957119,0.013261628973125848,0.11905648320588227,0.07176725225981892,-0.0063880918862644475,-0.08881377452257554
california,1,28,100.0,0.0003522597883844692,0.012904602103797081,0.018280771806083406,0.00922098777126235,0.0557675817673592,0.04228364679669364,-0.005376169702286323,-0.04286297966356212
california,2,33,0.01,9.684389687148586e-05,0.9656229237202184,0.9715756420386507,0.010371943986035376,0.9645763795924688,0.016415463616636046,-0.005952718318432257,0.0010465441277496175
california,2,33,0.03,9.684389687148586e-05,0.9141631317459685,0.9336883549045003,0.018509008886069968,0.9140414366340204,0.0371624113433025,-0.01952522315853181,0.00012169511194815798
california,2,33,0.1,9.684389687148586e-05,0.8063822469698432,0.8518052359880877,0.02998814202154863,0.8155608872521599,0.06737600535221691,-0.045422989018244514,-0.009178640282316736
california,2,33,0.3,9.684389687148586e-05,0.6623286277585336,0.7260632607390577,0.036658966118735564,0.6906205433704761,0.08929847240986633,-0.06373463298052406,-0.028291915611942418
california,2,33,1.0,9.684389687148586e-05,0.4920754387328847,0.5435970064247236,0.037700655943884595,0.5290461530664281,0.1038643465425447,-0.05152156769183901,-0.03697071433354342
california,2,33,3.0,9.684389687148586e-05,0.3651819558631081,0.37783417559605414,0.039751159663475186,0.3791435777666401,0.10223129806646925,-0.012652219732946056,-0.013961621903531982
california,2,33,10.0,9.684389687148586e-05,0.2601243434573896,0.22963109713584867,0.03828992917346948,0.23839357449274337,0.08149422234581817,0.030493246321540938,0.02173076896464623
california,2,33,30.0,9.684389687148586e-05,0.18170767015223777,0.13182192796554051,0.03246712091608354,0.14415888178008773,0.06299024705033654,0.04988574218669724,0.03754878837215003
california,2,33,100.0,9.684389687148586e-05,0.10636031579700196,0.06431053884062693,0.022766619766241496,0.07571410103085176,0.046505481449873196,0.04204977695637504,0.030646214766150207
california,3,32,0.01,0.0003434946838849827,0.9369073854460915,0.9299900051264788,0.04288066993092478,0.9636906438520164,0.012887440221043404,0.006917380319612736,-0.026783258405924798
california,3,32,0.03,0.0003434946838849827,0.8535232087834722,0.8789019149612698,0.05769463266017539,0.9182525931136412,0.024906073210926756,-0.025378706177797573,-0.06472938433016898
california,3,32,0.1,0.0003434946838849827,0.6963595944397329,0.7767533217310638,0.06598471736926424,0.8290961517143862,0.0417194952115995,-0.08039372729133087,-0.13273655727465333
california,3,32,0.3,0.0003434946838849827,0.5169108219762647,0.6241583730793129,0.0673730779744133,0.7043209972022488,0.06203890907037708,-0.10724755110304818,-0.1874101752259842
california,3,32,1.0,0.0003434946838849827,0.3413888954417481,0.42224426360407624,0.06497149756016143,0.53654020868187,0.08766304384594825,-0.08085536816232812,-0.19515131324012197
california,3,32,3.0,0.0003434946838849827,0.22195966868220215,0.26636924788826577,0.05658014788976776,0.38589807395308345,0.10033540511217325,-0.04440957920606362,-0.1639384052708813
california,3,32,10.0,0.0003434946838849827,0.13559779531213936,0.15522617551311466,0.04633436834698061,0.24621875402531251,0.09328392445255562,-0.0196283802009753,-0.11062095871317314
california,3,32,30.0,0.0003434946838849827,0.08787653055538504,0.09536733575290668,0.040424911635331746,0.14867691180859902,0.07067204079107439,-0.007490805197521632,-0.06080038125321398
california,3,32,100.0,0.0003434946838849827,0.05081139107156844,0.05619494480344072,0.036521089693216026,0.07486302418490126,0.03869836644423346,-0.005383553731872277,-0.024051633113332825
california,4,33,0.01,0.0002803821233354214,0.8532126202469307,0.9163421506167466,0.018972824478868902,0.9001479652440503,0.05348632537801677,-0.06312953036981594,-0.04693534499711957
california,4,33,0.03,0.0002803821233354214,0.739275455824835,0.8289911394061041,0.031107706305448103,0.8239522613771741,0.08059008471524971,-0.08971568358126916,-0.0846768055523391
california,4,33,0.1,0.0002803821233354214,0.5854697284876366,0.6887495270953321,0.04836944737652419,0.722766844837842,0.09783985963735564,-0.10327979860769555,-0.1372971163502055
california,4,33,0.3,0.0002803821233354214,0.4369912315846508,0.535574195878767,0.06238556077815322,0.6198155887410579,0.09770402013132998,-0.09858296429411623,-0.18282435715640707
california,4,33,1.0,0.0002803821233354214,0.2935886250807913,0.3624780700232628,0.06054369292980391,0.4891113562072908,0.08568923480779386,-0.06888944494247148,-0.19552273112649948
california,4,33,3.0,0.0002803821233354214,0.19210092679852983,0.2269156990933695,0.04415587474627129,0.35427413447042366,0.06757211306994623,-0.03481477229483967,-0.1621732076718938
california,4,33,10.0,0.0002803821233354214,0.1119275261960273,0.12133279567228424,0.025556603515355495,0.21457612451857327,0.047124204261494655,-0.009405269476256934,-0.10264859832254597
california,4,33,30.0,0.0002803821233354214,0.06383527708465987,0.061850649063734726,0.016232608403066177,0.1187046417487484,0.03461642169951197,0.001984628020925147,-0.05486936466408852
california,4,33,100.0,0.0002803821233354214,0.032350261513442675,0.026575327887981646,0.009385797050894422,0.0556671526460993,0.023798461406876994,0.005774933625461033,-0.023316891132656618
california,5,32,0.01,0.00017389200720067114,0.9755217784291196,0.9799640026946264,0.0038283836227943693,0.9799073478750915,0.0021712503926920356,-0.004442224265506745,-0.004385569445971855
california,5,32,0.03,0.00017389200720067114,0.9352804177186744,0.9500630898136794,0.009477155813654492,0.9453222511318241,0.004648964943863504,-0.014782672095004914,-0.010041833413149659
california,5,32,0.1,0.00017389200720067114,0.8397940215358113,0.8811358272113895,0.02304015978205053,0.8573684974534597,0.0066183209669908125,-0.04134180567557822,-0.017574475917648397
california,5,32,0.3,0.00017389200720067114,0.6945095817556978,0.770506902786741,0.045148188487491185,0.7162610477488762,0.010260405953814415,-0.0759973210310433,-0.021751465993178464
california,5,32,1.0,0.00017389200720067114,0.4947979782314641,0.6003159772059032,0.06965625052460406,0.519006588346762,0.02485728272315012,-0.1055179989744391,-0.024208610115298016
california,5,32,3.0,0.00017389200720067114,0.3262637434335418,0.4335408216962793,0.07885740686227134,0.34848347884391817,0.04073958652618322,-0.1072770782627375,-0.02221973541037635
california,5,32,10.0,0.00017389200720067114,0.19055271783051989,0.28422431406309256,0.08267109582211624,0.2079231125868689,0.05206162339721562,-0.0936715962325727,-0.01737039475634902
california,5,32,30.0,0.00017389200720067114,0.10976963932324833,0.1943095137657171,0.08364687308856743,0.12309235606048212,0.04837607410731817,-0.08453987444246876,-0.013322716737233797
california,5,32,100.0,0.00017389200720067114,0.052323147405040495,0.13569746397277158,0.07671285692166441,0.06366473917633274,0.0333446314781071,-0.08337431656773109,-0.011341591771292245
california,6,32,0.01,0.00046885976893646525,0.973685790357042,0.9708510812130529,0.008555492332048734,0.9708684792134341,0.010132180334187313,0.002834709143989027,0.002817311143607799
california,6,32,0.03,0.00046885976893646525,0.9337756929749276,0.926803213380024,0.018148783548699005,0.9263100398161223,0.022770320386710195,0.0069724795949036005,0.007465653158805328
california,6,32,0.1,0.00046885976893646525,0.8501056145224916,0.8326674097164858,0.03471265318067681,0.8308755182638137,0.039935936496917984,0.017438204806005705,0.019230096258677783
california,6,32,0.3,0.00046885976893646525,0.7388913624052005,0.7065092885073289,0.05874919885590167,0.6971707104500992,0.052012598708353903,0.032382073897871524,0.04172065195510123
california,6,32,1.0,0.00046885976893646525,0.5962937177870501,0.5486596243455196,0.08826897586441626,0.515477038339875,0.06587873870010427,0.04763409344153051,0.08081667944717504
california,6,32,3.0,0.00046885976893646525,0.463914094033487,0.4080043470115281,0.10013634301771204,0.35471848034903103,0.07661100235510121,0.055909747021958854,0.10919561368445592
california,6,32,10.0,0.00046885976893646525,0.32130909500527927,0.2716502789916455,0.08629231521923311,0.21363950814991414,0.07011481479948713,0.04965881601363373,0.1076695868553651
california,6,32,30.0,0.00046885976893646525,0.20400509509458592,0.16834249482312091,0.05675545646580487,0.11970114728634212,0.04646789234850335,0.035662600271464985,0.0843039478082438
california,6,32,100.0,0.00046885976893646525,0.11181989910137297,0.0866372792845422,0.030898948980018073,0.05435437529678245,0.019694817787244277,0.02518261981683076,0.05746552380459052
california,7,33,0.01,0.0005979560234435435,0.9706590567956987,0.9657069005889459,0.00931576693262299,0.9637030561819533,0.01686002154275177,0.004952156206752749,0.006956000613745465
california,7,33,0.03,0.0005979560234435435,0.929493020952319,0.9142412055360601,0.020154277604129488,0.9140675783878184,0.03890147289207081,0.01525181541625891,0.015425442564500685
california,7,33,0.1,0.0005979560234435435,0.8466675936901971,0.8012877692283283,0.03780861144788819,0.8178023141119667,0.07399105881561133,0.045379824461868654,0.02886527957823031
california,7,33,0.3,0.0005979560234435435,0.7347418660076369,0.6490261938153417,0.05145390424296361,0.69458653334917,0.09942111760031472,0.08571567219229533,0.040155332658467
california,7,33,1.0,0.0005979560234435435,0.5844396276364715,0.4675063078760203,0.053464646041372334,0.5374491001045698,0.10105291318880259,0.11693331976045117,0.04699052753190164
california,7,33,3.0,0.0005979560234435435,0.43813040711587425,0.31762998829545463,0.047003952603349074,0.3927979821323754,0.08172557478615473,0.12050041882041965,0.04533242498349892
california,7,33,10.0,0.0005979560234435435,0.2911928064694404,0.18825942978025623,0.044509755187678184,0.25222798663969936,0.061084508564382675,0.10293337668918418,0.038964819829741044
california,7,33,30.0,0.0005979560234435435,0.18113860523694028,0.10829716064083986,0.04036890971761155,0.15410517161222112,0.054624982070619055,0.07284144459610041,0.02703343362471915
california,7,33,100.0,0.0005979560234435435,0.08912843310695845,0.05529547427855009,0.030473408986080794,0.08274776091662206,0.04911716809834518,0.033832958828408366,0.006380672190336387
tabred-weather,0,33,0.01,0.0015907520187389975,0.9823298354849014,0.936184834014145,0.05917600659795448,0.972302990381145,0.0108375770171997,0.04614500147075639,0.010026845103756355
tabred-weather,0,33,0.03,0.0015907520187389975,0.9511158421840276,0.8703460602645139,0.10003456301002392,0.9274505904084779,0.027158375163809978,0.08076978191951374,0.023665251775549755
tabred-weather,0,33,0.1,0.0015907520187389975,0.8679678930028558,0.7644099469433571,0.12755489996452996,0.8264104150854041,0.058041970070422194,0.10355794605949874,0.04155747791745169
tabred-weather,0,33,0.3,0.0015907520187389975,0.7246722726545278,0.6341713040048754,0.12825679679444218,0.6879729125451839,0.086232847078901,0.09050096864965237,0.036699360109343916
tabred-weather,0,33,1.0,0.0015907520187389975,0.509768098360645,0.4653631169887049,0.10410563697567954,0.5116112240924651,0.09920648553756999,0.044404981371940044,-0.0018431257318200715
tabred-weather,0,33,3.0,0.0015907520187389975,0.32051825352173763,0.31386612427960303,0.0734491967322807,0.35521217748340667,0.0923030608957283,0.006652129242134613,-0.03469392396166904
tabred-weather,0,33,10.0,0.0015907520187389975,0.17432819768726365,0.182714467955387,0.04984182154267763,0.21582962251754476,0.07223920394192862,-0.008386270268123344,-0.0415014248302811
tabred-weather,0,33,30.0,0.0015907520187389975,0.09816336897120881,0.10376194809858123,0.03553288678254974,0.12898071218606547,0.05319550704662661,-0.005598579127372429,-0.030817343214856675
tabred-weather,0,33,100.0,0.0015907520187389975,0.051675040008264395,0.05130713823133331,0.022876196301141953,0.07075448109858525,0.036605252528857504,0.00036790177693108524,-0.019079441090320854
tabred-weather,1,33,0.01,0.0013199688438894138,0.9830010269968955,0.9703771040303381,0.008007096972258187,0.9781758843963895,0.005976364584731312,0.01262392296655745,0.004825142600506038
tabred-weather,1,33,0.03,0.0013199688438894138,0.9528179276907687,0.9281328291075183,0.01760241220130493,0.9398160586459531,0.016218942136307236,0.024685098583250374,0.013001869044815609
tabred-weather,1,33,0.1,0.0013199688438894138,0.8729484536766483,0.8399892935482299,0.03879245527822118,0.8412586309525936,0.04079556820320497,0.03295916012841828,0.03168982272405465
tabred-weather,1,33,0.3,0.0013199688438894138,0.740637850358012,0.7134508047406878,0.07061301877946159,0.6880843355075631,0.07217645709638434,0.027187045617324206,0.0525535148504489
tabred-weather,1,33,1.0,0.0013199688438894138,0.5557234568053357,0.5387870869296735,0.10051994477073321,0.4877055425051444,0.09387053569615722,0.01693636987566228,0.06801791430019136
tabred-weather,1,33,3.0,0.0013199688438894138,0.4047301276960809,0.3812138567748342,0.10476550737868369,0.3222411956921534,0.09054714005202626,0.02351627092124669,0.08248893200392744
tabred-weather,1,33,10.0,0.0013199688438894138,0.287174578284161,0.2398734114476354,0.08583196796771814,0.1861427593589403,0.07340982283790702,0.04730116683652558,0.10103181892522067
tabred-weather,1,33,30.0,0.0013199688438894138,0.20939756267453338,0.14323086142274602,0.05925118255281897,0.10308019189384889,0.0513655952540539,0.06616670125178736,0.10631737078068448
tabred-weather,1,33,100.0,0.0013199688438894138,0.13545918719252015,0.06891947892664604,0.030942217284676412,0.04770396198876013,0.026199007849555776,0.0665397082658741,0.08775522520376002
tabred-weather,2,33,0.01,0.0014575095504554265,0.9371664839968317,0.9679651988295614,0.007382573658550911,0.9721625745056786,0.012202978075787537,-0.03079871483272985,-0.03499609050884687
tabred-weather,2,33,0.03,0.0014575095504554265,0.8472592746569322,0.9185888706727465,0.016692475896443546,0.9316901810086766,0.024711216918042407,-0.0713295960158143,-0.0844309063517444
tabred-weather,2,33,0.1,0.0014575095504554265,0.6789683130223733,0.8092352760415961,0.02980818454961996,0.8437319210403048,0.04199808314600401,-0.13026696301922283,-0.16476360801793152
tabred-weather,2,33,0.3,0.0014575095504554265,0.49746217796027004,0.654548468966335,0.0369193275146864,0.7149316487923761,0.058738145892029275,-0.15708629100606503,-0.21746947083210608
tabred-weather,2,33,1.0,0.0014575095504554265,0.3267665396714163,0.4575304295437666,0.035164715813735016,0.541036113569944,0.06535096901076247,-0.13076388987235033,-0.21426957389852766
tabred-weather,2,33,3.0,0.0014575095504554265,0.21261983017878222,0.29451370351540396,0.026127736116890152,0.3853182674706198,0.05993821954502992,-0.08189387333662174,-0.1726984372918376
tabred-weather,2,33,10.0,0.0014575095504554265,0.12526842110044983,0.1620209385773794,0.020206924808323642,0.24307003527723378,0.04770061163538884,-0.036752517476929564,-0.11780161417678393
tabred-weather,2,33,30.0,0.0014575095504554265,0.07036952207759033,0.08609715882807792,0.015203569641708332,0.1441261635868501,0.03181973824832478,-0.015727636750487585,-0.07375664150925976
tabred-weather,2,33,100.0,0.0014575095504554265,0.031854037150038615,0.03848759813751671,0.00889146995022237,0.06979736837735699,0.015246409960631232,-0.006633560987478095,-0.037943331227318376
tabred-weather,3,33,0.01,0.0011165098031856373,0.9761709633014213,0.9711013456437831,0.00697996939308285,0.9708478833146776,0.011572264274764167,0.005069617657638094,0.005323079986743597
tabred-weather,3,33,0.03,0.0011165098031856373,0.9400513156172842,0.9296412182942002,0.015964305937429785,0.9271488603600849,0.023828717866071127,0.01041009732308391,0.012902455257199226
tabred-weather,3,33,0.1,0.0011165098031856373,0.8608406463939999,0.8419641229547309,0.032261832479150244,0.8328700146603069,0.03655844127840047,0.01887652343926901,0.027970631733693095
tabred-weather,3,33,0.3,0.0011165098031856373,0.7424383158541128,0.7156153623010364,0.04666243862549741,0.6985500950279662,0.04325580939548519,0.026822953553076425,0.04388822082614656
tabred-weather,3,33,1.0,0.0011165098031856373,0.5702971845693428,0.5445435058550329,0.048611675972274546,0.5179635663990511,0.05860691120056601,0.02575367871430993,0.05233361817029176
tabred-weather,3,33,3.0,0.0011165098031856373,0.41037076662960326,0.39072703633797123,0.050072605069540574,0.35859201423541653,0.0726441842311081,0.019643730291631988,0.05177875239418673
tabred-weather,3,33,10.0,0.0011165098031856373,0.27294636326696664,0.24936388356206082,0.06449205944676212,0.21831897886323998,0.06622428394960747,0.023582479704905818,0.05462738440372667
tabred-weather,3,33,30.0,0.0011165098031856373,0.18590499720749898,0.1535283532291174,0.0701913363051258,0.1266707821587297,0.04711043447197697,0.03237664397838157,0.05923421504876925
tabred-weather,3,33,100.0,0.0011165098031856373,0.11461002290543906,0.07989633375215084,0.05550560510055011,0.06282792953693472,0.03166877033850078,0.03471368915328823,0.051782093368504346
tabred-weather,4,33,0.01,0.0009395243770239949,0.976538151311725,0.9810085547575409,0.004115855250702008,0.9750240958755141,0.007975530663601307,-0.004470403445815928,0.001514055436210903
tabred-weather,4,33,0.03,0.0009395243770239949,0.9366248769428468,0.948544287960815,0.01006307020137579,0.9331874264290593,0.01962768991515329,-0.01191941101796825,0.003437450513787504
tabred-weather,4,33,0.1,0.0009395243770239949,0.8390500994277765,0.8652250905466063,0.02119655629671558,0.8338095719910308,0.039848292266714984,-0.026174991118829826,0.005240527436745779
tabred-weather,4,33,0.3,0.0009395243770239949,0.6955784034447441,0.7303022054140359,0.031966649980296226,0.6918758109316908,0.05415402450770866,-0.03472380196929183,0.0037025925130532733
tabred-weather,4,33,1.0,0.0009395243770239949,0.5199391042112642,0.5422828973026956,0.042212288316445266,0.5139269018360927,0.053163377899201496,-0.02234379309143144,0.006012202375171523
tabred-weather,4,33,3.0,0.0009395243770239949,0.38013840176703095,0.3818609844108881,0.046874636908100134,0.36364070190843895,0.047793758228478186,-0.0017225826438571664,0.016497699858592032
tabred-weather,4,33,10.0,0.0009395243770239949,0.24922623576657824,0.24879017322689362,0.04474965873727273,0.23296977650833517,0.049680493092144416,0.00043606253968462904,0.01625645925824307
tabred-weather,4,33,30.0,0.0009395243770239949,0.14537686749203368,0.16117466088933693,0.03511852363542209,0.14867606839196917,0.05091366559269806,-0.015797793397303247,-0.003299200899935463
tabred-weather,4,33,100.0,0.0009395243770239949,0.06486354192764342,0.09154818488464245,0.024428340688354602,0.09017433044465764,0.047655015090953226,-0.026684642956999037,-0.025310788517014224
tabred-weather,5,33,0.01,0.0008804049048981019,0.9690377046786417,0.9326922792962886,0.012285786825227338,0.9776114143653101,0.008841010978572046,0.03634542538235309,-0.008573709686668353
tabred-weather,5,33,0.03,0.0008804049048981019,0.9285197569669726,0.8490830940016,0.02194762840286037,0.9424685625216723,0.017400021617040073,0.07943666296537265,-0.013948805554699741
tabred-weather,5,33,0.1,0.0008804049048981019,0.8536165395375449,0.7132164605486103,0.03311454029372969,0.8583558244773692,0.028154828652529166,0.14040007898893464,-0.004739284939824267
tabred-weather,5,33,0.3,0.0008804049048981019,0.7517891416941954,0.5683068021289579,0.04485454991829494,0.7235455891585946,0.04395948398771017,0.18348233956523757,0.028243552535600902
tabred-weather,5,33,1.0,0.0008804049048981019,0.5962635307002163,0.4033548725506472,0.046613392206782935,0.5294806936894995,0.05805455512408621,0.19290865814956915,0.06678283701071694
tabred-weather,5,33,3.0,0.0008804049048981019,0.4299636189855592,0.2691979248093456,0.037843008689005246,0.35335953075857757,0.05468308764574839,0.16076569417621359,0.07660408822698161
tabred-weather,5,33,10.0,0.0008804049048981019,0.26549974232668655,0.15811994109910218,0.025460791507477296,0.2008997183797515,0.046205818605639354,0.10737980122758435,0.06460002394693502
tabred-weather,5,33,30.0,0.0008804049048981019,0.15969990106979845,0.08913497274866891,0.014474031297657517,0.10976901050578879,0.039725014238817476,0.07056492832112952,0.04993089056400965
tabred-weather,5,33,100.0,0.0008804049048981019,0.0858707933472099,0.04162885196532376,0.00584660927171017,0.05192799574254812,0.028310065314379098,0.04424194138188614,0.03394279760466179
tabred-weather,6,33,0.01,0.0011414874364965928,0.9627124379168648,0.9756091280138928,0.006291530158687233,0.9623357486867599,0.02403326154867517,-0.01289669009702803,0.00037668923010491894
tabred-weather,6,33,0.03,0.0011414874364965928,0.9114151176939789,0.9373215919806154,0.014682415376139095,0.9153016209647031,0.047487067581822584,-0.02590647428663651,-0.003886503270724259
tabred-weather,6,33,0.1,0.0011414874364965928,0.8106142413914456,0.8485636722527296,0.027480130068203636,0.8311057433488399,0.07039158008892006,-0.03794943086128394,-0.020491501957394322
tabred-weather,6,33,0.3,0.0011414874364965928,0.6719840068950631,0.7124952292885546,0.03882176104569184,0.718693319575452,0.08085192202475334,-0.040511222393491475,-0.04670931268038898
tabred-weather,6,33,1.0,0.0011414874364965928,0.48108485946424373,0.5269234726650046,0.05928693734291728,0.5580825070443799,0.08793611556005589,-0.04583861320076082,-0.07699764758013614
tabred-weather,6,33,3.0,0.0011414874364965928,0.31827313198149315,0.373524782217263,0.08034959126799669,0.40072510500447195,0.08797789192886578,-0.05525165023576984,-0.08245197302297877
tabred-weather,6,33,10.0,0.0011414874364965928,0.19562098920494228,0.2486081929710665,0.09173431233203776,0.25002590308963396,0.07690675008007739,-0.052987203766124244,-0.0544049138846917
tabred-weather,6,33,30.0,0.0011414874364965928,0.1280281587804441,0.16480996693236735,0.08673504269071453,0.1463386971195127,0.05759447960737647,-0.03678180815192325,-0.018310538339068573
tabred-weather,6,33,100.0,0.0011414874364965928,0.07795753272550304,0.09239310382759298,0.06312800639380753,0.07014712023380174,0.03329984144246346,-0.014435571102089935,0.007810412491701305
tabred-weather,7,33,0.01,0.0013628909839910166,0.9729281445874949,0.9674126777370294,0.002673513485805986,0.9630303938549569,0.003923965110362794,0.005515466850465452,0.009897750732537933
tabred-weather,7,33,0.03,0.0013628909839910166,0.9297203664665192,0.9241743648563331,0.004828180953776902,0.9114701270508502,0.008807699217793905,0.005546001610186164,0.01825023941566899
tabred-weather,7,33,0.1,0.0013628909839910166,0.8288621039633918,0.8347382855145978,0.008284202541578188,0.8059137243099459,0.024811779423203208,-0.005876181551206067,0.02294837965344578
tabred-weather,7,33,0.3,0.0013628909839910166,0.6819801757777578,0.6997467799905785,0.022004473729403222,0.6586590330326553,0.051634052837959875,-0.017766604212820735,0.023321142745102642
tabred-weather,7,33,1.0,0.0013628909839910166,0.49662776913819767,0.5087734413171099,0.04408417275355805,0.46806244450485807,0.07786168038005743,-0.012145672178912166,0.028565324633339613
tabred-weather,7,33,3.0,0.0013628909839910166,0.33981775865802477,0.3449510977175022,0.05610585726097911,0.31210215324597046,0.08225321144388553,-0.005133339059477443,0.02771560541205427
tabred-weather,7,33,10.0,0.0013628909839910166,0.19744385020001318,0.2073703428268834,0.04915989334340324,0.18905030768884265,0.06918041120114252,-0.009926492626870224,0.008393542511170521
tabred-weather,7,33,30.0,0.0013628909839910166,0.1064014466108005,0.11802737424367779,0.03333730671076322,0.11625057274321154,0.05589343169428898,-0.011625927632877288,-0.009849126132411035
tabred-weather,7,33,100.0,0.0013628909839910166,0.05012782433900796,0.0554700443019765,0.020502333142884126,0.06365057019542258,0.04019005781246012,-0.005342219962968543,-0.013522745856414628
tabred-weather,8,33,0.01,0.0011732103583144504,0.97982451382683,0.921989030579605,0.02858843780992834,0.9705726400148472,0.013860012167030438,0.05783548324722492,0.00925187381198272
tabred-weather,8,33,0.03,0.0011732103583144504,0.9463009679277031,0.8508040313820772,0.04905123937325908,0.9268125293614199,0.030918690048410264,0.09549693654562602,0.01948843856628326
tabred-weather,8,33,0.1,0.0011732103583144504,0.8633108756344543,0.7499327350629138,0.06598192966361115,0.8300650439064106,0.057528407773538875,0.11337814057154057,0.03324583172804375
tabred-weather,8,33,0.3,0.0011732103583144504,0.7283021235782643,0.6314028499322204,0.06786505630515792,0.6873233238833181,0.07826942032694742,0.09689927364604385,0.0409787996949462
tabred-weather,8,33,1.0,0.0011732103583144504,0.5221817712157449,0.4759578580408943,0.06128530792918013,0.4971393825687791,0.08196927543951243,0.04622391317485059,0.025042388646965792
tabred-weather,8,33,3.0,0.0011732103583144504,0.3185068593745499,0.3410896268368175,0.051188369619878174,0.3346131038285697,0.07032153340649255,-0.022582767462267606,-0.01610624445401976
tabred-weather,8,33,10.0,0.0011732103583144504,0.14632698800468893,0.2220542075038623,0.04056578484839266,0.1995390024764128,0.055644429363263866,-0.07572721949917337,-0.05321201447172386
tabred-weather,8,33,30.0,0.0011732103583144504,0.06105770998288713,0.1389113054816463,0.036677913157018925,0.11972856458947312,0.044995093399667084,-0.07785359549875916,-0.058670854606586
tabred-weather,8,33,100.0,0.0011732103583144504,0.021075006918250077,0.07268080363932973,0.030952234056712095,0.0645294679285226,0.0319666550694003,-0.05160579672107966,-0.043454461010272526
tabred-weather,9,33,0.01,0.0012310280121382907,0.9433660321719599,0.9632687247481866,0.013484781528619972,0.9684710808644968,0.009149383098617738,-0.0199026925762267,-0.025105048692536994
tabred-weather,9,33,0.03,0.0012310280121382907,0.8736625147670443,0.91304034029187,0.02645199445325302,0.9252335918783741,0.01783832972013614,-0.03937782552482566,-0.051571077111329744
tabred-weather,9,33,0.1,0.0012310280121382907,0.7570992303970318,0.808189867676144,0.0383918483624631,0.8353731259834194,0.03364834451309132,-0.05109063727911225,-0.07827389558638766
tabred-weather,9,33,0.3,0.0012310280121382907,0.6220153715757417,0.6553220893880163,0.03831306800793476,0.7045353427134228,0.056465215612887705,-0.033306717812274594,-0.08251997113768107
tabred-weather,9,33,1.0,0.0012310280121382907,0.45064813461332803,0.45415810829671854,0.02967719665974113,0.5236963587601087,0.07490018866259791,-0.003509973683390508,-0.0730482241467806
tabred-weather,9,33,3.0,0.0012310280121382907,0.2975411227397367,0.29326759882253434,0.029196172813604773,0.3609978446395789,0.07214116804254335,0.004273523917202359,-0.06345672189984218
tabred-weather,9,33,10.0,0.0012310280121382907,0.1714169114749511,0.17154346246409635,0.032414767453962885,0.21464681663090993,0.047686801416894686,-0.00012655098914523012,-0.04322990515595882
tabred-weather,9,33,30.0,0.0012310280121382907,0.10303204749609807,0.10078859430899588,0.02969632351827226,0.11864555957589086,0.02146092216824707,0.002243453187102192,-0.015613512079792792
tabred-weather,9,33,100.0,0.0012310280121382907,0.05837634771853034,0.04960290059617467,0.019945645473928953,0.05347654365128134,0.0071011645577313326,0.008773447122355674,0.004899804067249001
tabred-weather,10,33,0.01,0.0007707053152301852,0.9648758397223717,0.9654850557866416,0.010165274547006187,0.967261862797662,0.014410490434802668,-0.0006092160642699015,-0.002386023075290383
tabred-weather,10,33,0.03,0.0007707053152301852,0.9098892912025547,0.9149230874562965,0.021511918264059127,0.9230738288839868,0.029843871578331883,-0.005033796253741762,-0.013184537681432152
tabred-weather,10,33,0.1,0.0007707053152301852,0.7848882405893708,0.8051352300260969,0.034702809750148673,0.8337511737073656,0.052178016142410556,-0.020246989436726027,-0.048862933117994806
tabred-weather,10,33,0.3,0.0007707053152301852,0.6107051063580621,0.6477471982512127,0.03638984449716092,0.7058969580787352,0.07422687731662943,-0.03704209189315064,-0.0951918517206731
tabred-weather,10,33,1.0,0.0007707053152301852,0.4117003056504464,0.44675761317837837,0.03978295921521665,0.5268619294680137,0.09158319321339047,-0.035057307527931965,-0.11516162381756734
tabred-weather,10,33,3.0,0.0007707053152301852,0.2694521746183701,0.2896238969786082,0.05470346593821798,0.3624877349727081,0.08942142159280311,-0.020171722360238075,-0.09303556035433792
tabred-weather,10,33,10.0,0.0007707053152301852,0.16044414271571958,0.17021444018566476,0.058103394549341075,0.21751969164099838,0.06938209914935552,-0.009770297469945174,-0.05707554892527882
tabred-weather,10,33,30.0,0.0007707053152301852,0.09308210116674809,0.09954898239828415,0.04601722342186126,0.12605007848562644,0.04797722194595962,-0.006466881231536059,-0.03296797731887834
tabred-weather,10,33,100.0,0.0007707053152301852,0.04560911262321233,0.04953559361049856,0.027336005575331595,0.06214676799659902,0.02854701994687329,-0.00392648098728623,-0.01653765537338669
tabred-weather,11,33,0.01,0.0009239152127467793,0.9692152343984877,0.9681244431431205,0.007831771992834169,0.9784086548854679,0.004812713095175523,0.0010907912553671862,-0.009193420486980162
tabred-weather,11,33,0.03,0.0009239152127467793,0.9168065119320732,0.923891094252375,0.016071337616231862,0.9445723754352705,0.009441637523381648,-0.007084582320301831,-0.027765863503197312
tabred-weather,11,33,0.1,0.0009239152127467793,0.7887660997597769,0.8319732185918237,0.02983597392073557,0.8658922966406952,0.014069059374437119,-0.04320711883204692,-0.07712619688091844
tabred-weather,11,33,0.3,0.0009239152127467793,0.6055320983765108,0.7003638000520204,0.04392238952233525,0.741288255469974,0.023717983553315426,-0.09483170167550962,-0.13575615709346323
tabred-weather,11,33,1.0,0.0009239152127467793,0.397557866770383,0.5213492223548297,0.05654978303578467,0.556535922766085,0.03816658059242586,-0.12379135558444668,-0.15897805599570192
tabred-weather,11,33,3.0,0.0009239152127467793,0.24629312957119268,0.36303263733908914,0.06429900079107428,0.38568647523909133,0.044183871745846245,-0.11673950776789645,-0.13939334566789865
tabred-weather,11,33,10.0,0.0009239152127467793,0.12725281771956015,0.22285528160716972,0.06342323073365914,0.23616743566072446,0.04930514458068975,-0.09560246388760955,-0.1089146179411643
tabred-weather,11,33,30.0,0.0009239152127467793,0.060454972726161904,0.13048737150238915,0.05241181766470946,0.1420667973524787,0.05073519471330941,-0.07003239877622724,-0.0816118246263168
tabred-weather,11,33,100.0,0.0009239152127467793,0.02314851757655659,0.06589672107945749,0.03506547355478284,0.07461006589139552,0.0415542320046428,-0.0427482035029009,-0.05146154831483892
tabred-weather,12,31,0.01,0.0011695636512169443,0.9819900916515225,0.9827152076422531,0.0042959555077699664,0.9841367491058695,0.006213305806487809,-0.0007251159907305426,-0.0021466574543469296
tabred-weather,12,31,0.03,0.0011695636512169443,0.9491474407388539,0.9526374816959666,0.01173039351337555,0.9559534198885277,0.016827465612551062,-0.00349004095711274,-0.006805979149673749
tabred-weather,12,31,0.1,0.0011695636512169443,0.8583415222384857,0.8760024680512454,0.030435957413939556,0.8818552363851616,0.0422532260682852,-0.017660945812759732,-0.02351371414667597
tabred-weather,12,31,0.3,0.0011695636512169443,0.7032526283460441,0.755078519439531,0.05693219032380102,0.7621930586794394,0.07565079066146538,-0.051825891093486974,-0.05894043033339536
tabred-weather,12,31,1.0,0.0011695636512169443,0.4923286386700598,0.5846532642957623,0.08218871120485356,0.5966575526810944,0.10295444788092312,-0.09232462562570247,-0.10432891401103465
tabred-weather,12,31,3.0,0.0011695636512169443,0.32849525276559516,0.42271386260619587,0.09091843660261151,0.4456443742906403,0.1033221143758468,-0.09421860984060072,-0.11714912152504514
tabred-weather,12,31,10.0,0.0011695636512169443,0.20534289698614136,0.2651732693667204,0.08079826319557004,0.29406311629958065,0.08002234527609191,-0.05983037238057904,-0.08872021931343926
tabred-weather,12,31,30.0,0.0011695636512169443,0.1286876417458883,0.15378552904438195,0.05645494932332976,0.1732831330370218,0.04979009055447091,-0.025097887298493656,-0.04459549129113353
tabred-weather,12,31,100.0,0.0011695636512169443,0.06734241266363801,0.0724382864204167,0.027618584337577655,0.07863441047075972,0.02370082106002195,-0.005095873756778699,-0.011291997807121711
tabred-weather,13,28,0.01,0.0009008613275721236,0.9818931289190761,0.9818446292368952,0.003374541013046633,0.979222363625246,0.008866084129577952,4.849968218082458e-05,0.0026707652938301194
tabred-weather,13,28,0.03,0.0009008613275721236,0.9496614153238745,0.9495147154053964,0.00932233492703588,0.9432246939371703,0.023085084209472275,0.00014669991847805931,0.006436721386704175
tabred-weather,13,28,0.1,0.0009008613275721236,0.8646432522665372,0.8633309544109813,0.024336231798011154,0.8524296121708074,0.05285235514022775,0.0013122978555558888,0.012213640095729807
tabred-weather,13,28,0.3,0.0009008613275721236,0.7283715495521476,0.7193032001513834,0.04594106054252912,0.7128345489108616,0.0832828903192224,0.009068349400764193,0.015537000641285962
tabred-weather,13,28,1.0,0.0009008613275721236,0.5470408631787912,0.5147320093435822,0.06756332622416888,0.5290058688232723,0.10148753916565535,0.03230885383520898,0.018034994355518932
tabred-weather,13,28,3.0,0.0009008613275721236,0.3944640776424623,0.3379046372978259,0.07316384332924486,0.37233364455709655,0.10529956552412068,0.056559440344636405,0.022130433085365754
tabred-weather,13,28,10.0,0.0009008613275721236,0.2668351855829787,0.19378116969027828,0.06098882808668254,0.23466522613813634,0.10203499488269355,0.07305401589270043,0.03216995944484238
tabred-weather,13,28,30.0,0.0009008613275721236,0.18682739184478706,0.11076080621147533,0.04444991377217304,0.14247813776113144,0.08718235242156262,0.07606658563331173,0.04434925408365562
tabred-weather,13,28,100.0,0.0009008613275721236,0.11985159517735662,0.057018367227952615,0.028633659208638425,0.07436787947531727,0.05965749897157986,0.062833227949404,0.04548371570203935
tabred-weather,14,31,0.01,0.0015856608876973323,0.9522619509062461,0.9028429288326548,0.06690347512462676,0.9652016860030981,0.008277145673747542,0.04941902207359129,-0.012939735096851989
tabred-weather,14,31,0.03,0.0015856608876973323,0.894585468519658,0.8592574398413264,0.07032099062630992,0.9262465632025335,0.009687187246805359,0.0353280286783317,-0.03166109468287549
tabred-weather,14,31,0.1,0.0015856608876973323,0.789985636569653,0.770710107111616,0.07419751844036075,0.8374326671012168,0.013594981655936143,0.01927552945803699,-0.04744703053156371
tabred-weather,14,31,0.3,0.0015856608876973323,0.6613745393737414,0.6409398963074877,0.08148917740667508,0.7035802486689272,0.022488724031891217,0.02043464306625373,-0.04220570929518579
tabred-weather,14,31,1.0,0.0015856608876973323,0.4941623720267007,0.4603069933505187,0.08695750126721194,0.5216605817056873,0.02670054550637002,0.033855378676181956,-0.027498209678986578
tabred-weather,14,31,3.0,0.0015856608876973323,0.3493120376597085,0.3012149989083738,0.0777750730758551,0.3605526252852704,0.023996205992475657,0.04809703875133469,-0.011240587625561915
tabred-weather,14,31,10.0,0.0015856608876973323,0.23652167614130987,0.16885799897752807,0.05320999645688211,0.2189143417580755,0.02888004118651164,0.06766367716378179,0.01760733438323435
tabred-weather,14,31,30.0,0.0015856608876973323,0.16681801316887318,0.09133376561389779,0.030980642206585543,0.12977783572316726,0.031108928570624958,0.07548424755497539,0.037040177445705924
tabred-weather,14,31,100.0,0.0015856608876973323,0.10031618172110891,0.04249393143420957,0.015208669319644763,0.06930555398992526,0.025027299516163885,0.057822250286899336,0.03101062773118365
tabred-weather,15,32,0.01,0.0018526643215068936,0.9741979763479823,0.9842198654355423,0.009493203983280489,0.9773325917193149,0.006021087078308619,-0.010021889087559964,-0.0031346153713325427
tabred-weather,15,32,0.03,0.0018526643215068936,0.9322090106434168,0.9568773586253796,0.024150877294258292,0.9398364565998051,0.014675366475443243,-0.0246683479819629,-0.00762744595638834
tabred-weather,15,32,0.1,0.0018526643215068936,0.8364327162720281,0.8872523995169863,0.051277932362770874,0.851059573800649,0.030732935438482153,-0.050819683244958225,-0.014626857528621
tabred-weather,15,32,0.3,0.0018526643215068936,0.7023278556549674,0.7737185660869823,0.06943568405784716,0.7195207617539932,0.04963836886667079,-0.07139071043201493,-0.01719290609902584
tabred-weather,15,32,1.0,0.0018526643215068936,0.5320419038005683,0.59966766417011,0.06480048487482575,0.5438084019814504,0.0698708430842441,-0.06762576036954174,-0.011766498180882103
tabred-weather,15,32,3.0,0.0018526643215068936,0.3901849076933189,0.4249109881880759,0.052789169704287826,0.38757913571904906,0.07595536839641162,-0.03472608049475697,0.0026057719742698547
tabred-weather,15,32,10.0,0.0018526643215068936,0.2675077980105674,0.261026582713114,0.04834073925334855,0.24479435626499646,0.06798120559821155,0.0064812152974533495,0.02271344174557091
tabred-weather,15,32,30.0,0.0018526643215068936,0.18206535772669147,0.15451394621457867,0.043762881902424305,0.1495251560811266,0.055185718147320505,0.0275514115121128,0.03254020164556488
tabred-weather,15,32,100.0,0.0018526643215068936,0.10651437057756533,0.08041730836522862,0.03307399518886769,0.0790624027098221,0.03824181983035665,0.0260970622123367,0.02745196786774322
tabred-weather,16,31,0.01,0.001038165591770876,0.9844076984114365,0.9847583334104727,0.0017027878000838732,0.9849159924244927,0.0031458861694233045,-0.00035063499903618874,-0.0005082940130561865
tabred-weather,16,31,0.03,0.001038165591770876,0.9556049496315716,0.957091973430469,0.004572442196757959,0.9572399855442221,0.008556736564240334,-0.0014870237988975142,-0.0016350359126505107
tabred-weather,16,31,0.1,0.001038165591770876,0.8737280881835505,0.8806953804417449,0.011948153750103847,0.8794430759247158,0.021454585409305522,-0.006967292258194406,-0.0057149877411653525
tabred-weather,16,31,0.3,0.001038165591770876,0.727657125159151,0.7470226249961608,0.02789009001240245,0.7410508365000709,0.03723449515823494,-0.019365499837009643,-0.013393711340919715
tabred-weather,16,31,1.0,0.001038165591770876,0.5168389532704185,0.5531505097387506,0.06099431957099925,0.5365234243914955,0.0468183853737151,-0.03631155646833208,-0.01968447112107693
tabred-weather,16,31,3.0,0.001038165591770876,0.33623418399139277,0.39265252389877053,0.08884401887108663,0.36028450921040556,0.045131711168843125,-0.05641833990737777,-0.024050325219012757
tabred-weather,16,31,10.0,0.001038165591770876,0.19302315460765315,0.2652360672199658,0.09866891920667707,0.2234258874112712,0.04331521727794431,-0.07221291261231264,-0.030402732803618063
tabred-weather,16,31,30.0,0.001038165591770876,0.11535924209717549,0.17857102111252088,0.08745891930075585,0.14590573311659227,0.03960642104570743,-0.06321177901534539,-0.030546491019416793
tabred-weather,16,31,100.0,0.001038165591770876,0.06493611046030362,0.10068154331530947,0.05642179769601129,0.08897901016404261,0.02993567969470052,-0.035745432855005844,-0.024042899703738983
tabred-weather,17,31,0.01,0.0012402305412528077,0.9855111795370519,0.9813550271428609,0.004873575167033527,0.982025985982803,0.0034948248041080775,0.0041561523941910285,0.0034851935542489472
tabred-weather,17,31,0.03,0.0012402305412528077,0.9588083876893302,0.9479970284411988,0.01307658153757715,0.9500067955744886,0.009569685679973884,0.010811359248131465,0.008801592114841583
tabred-weather,17,31,0.1,0.0012402305412528077,0.8831148524296385,0.859044442899687,0.03208925881530885,0.8658610826233049,0.02467713008528366,0.024070409529951514,0.01725376980633364
tabred-weather,17,31,0.3,0.0012402305412528077,0.7477856672753498,0.7137051147734661,0.05549064632198705,0.7324742534480642,0.046086028392663875,0.03408055250188362,0.015311413827285528
tabred-weather,17,31,1.0,0.0012402305412528077,0.5519158798167134,0.5191432024130708,0.07216036246076075,0.555401842452625,0.0673698590790754,0.0327726774036427,-0.0034859626359115877
tabred-weather,17,31,3.0,0.0012402305412528077,0.38673841950100235,0.3595463668156211,0.06977185096720227,0.3998262074415275,0.07369840510857653,0.02719205268538126,-0.013087787940525175
tabred-weather,17,31,10.0,0.0012402305412528077,0.24346932215365624,0.22440573448578632,0.05288299954617916,0.25892104391787096,0.06761107417229806,0.019063587667869895,-0.01545172176421476
tabred-weather,17,31,30.0,0.0012402305412528077,0.145357406101438,0.13466815227758422,0.035132410501795136,0.16559251077678788,0.05444303184597345,0.010689253823853771,-0.02023510467534988
tabred-weather,17,31,100.0,0.0012402305412528077,0.0770370558773284,0.06851150789838552,0.02270453455671969,0.09382224849622686,0.03624290657670933,0.008525547978942874,-0.016785192618898475
tabred-weather,18,32,0.01,0.0014559775075630296,0.9725722302121915,0.964564708406163,0.009376573738772643,0.9681738607484918,0.008430880122413218,0.008007521806028504,0.004398369463699762
tabred-weather,18,32,0.03,0.0014559775075630296,0.9276781815047852,0.9217907792997165,0.012175036243005788,0.916765252431373,0.019973650352231413,0.005887402205068713,0.01091292907341226
tabred-weather,18,32,0.1,0.0014559775075630296,0.8238120252095612,0.8300145254054686,0.010942739728184128,0.8020335882266019,0.037795807898313535,-0.006202500195907391,0.021778436982959375
tabred-weather,18,32,0.3,0.0014559775075630296,0.67096498263781,0.6912070360887946,0.029214046457691527,0.6488206089331935,0.05000537142642089,-0.020242053450984614,0.02214437370461651
tabred-weather,18,32,1.0,0.0014559775075630296,0.4582678957445844,0.4971087446451895,0.06239514575923052,0.4627006295927644,0.056995354013593125,-0.038840848900605164,-0.004432733848180089
tabred-weather,18,32,3.0,0.0014559775075630296,0.27626438500357364,0.32694525622689263,0.07339665478143352,0.30852466214629004,0.05858208981553776,-0.05068087122331902,-0.03226027714271641
tabred-weather,18,32,10.0,0.0014559775075630296,0.13836557899845714,0.18756812068645815,0.053761893101372756,0.18074202241554407,0.052891112189425465,-0.04920254168800103,-0.042376443417086955
tabred-weather,18,32,30.0,0.0014559775075630296,0.06753242746201416,0.10440246947549844,0.025968987336924102,0.10123919630927973,0.03954799947464004,-0.036870042013484296,-0.033706768847265575
tabred-weather,18,32,100.0,0.0014559775075630296,0.028556104048150104,0.04889045195021994,0.007807508406641757,0.0466328027498793,0.022727351545894007,-0.020334347902069835,-0.018076698701729194
tabred-weather,19,1,0.01,0.0,0.0,0.0,0.0,0.0,0.0,0.0,0.0
tabred-weather,19,1,0.03,0.0,0.0,0.0,0.0,0.0,0.0,0.0,0.0
tabred-weather,19,1,0.1,0.0,0.0,0.0,0.0,0.0,0.0,0.0,0.0
tabred-weather,19,1,0.3,0.0,0.0,0.0,0.0,0.0,0.0,0.0,0.0
tabred-weather,19,1,1.0,0.0,0.0,0.0,0.0,0.0,0.0,0.0,0.0
tabred-weather,19,1,3.0,0.0,0.0,0.0,0.0,0.0,0.0,0.0,0.0
tabred-weather,19,1,10.0,0.0,0.0,0.0,0.0,0.0,0.0,0.0,0.0
tabred-weather,19,1,30.0,0.0,0.0,0.0,0.0,0.0,0.0,0.0,0.0
tabred-weather,19,1,100.0,0.0,0.0,0.0,0.0,0.0,0.0,0.0,0.0
tabred-weather,20,28,0.01,0.0008666023826922374,0.6912733636109034,0.6926175997159202,0.1392873900301957,0.6576890541200454,0.12448284805503027,-0.0013442361050167626,0.033584309490858055
tabred-weather,20,28,0.03,0.0008666023826922374,0.6833314141234217,0.6568095873345097,0.1340125260859232,0.6368445697848383,0.12723109345336941,0.026521826788912087,0.04648684433858339
tabred-weather,20,28,0.1,0.0008666023826922374,0.673829980848379,0.5975006134942417,0.12764284792893812,0.6090968301806792,0.13391860359236887,0.07632936735413737,0.06473315066769976
tabred-weather,20,28,0.3,0.0008666023826922374,0.6579461545642019,0.5331416389597049,0.12764511254684358,0.580596989884501,0.1395491575886033,0.12480451560449699,0.0773491646797009
tabred-weather,20,28,1.0,0.0008666023826922374,0.6201260961921533,0.4644863469798565,0.1306283812878164,0.5404389246827432,0.14281567193129696,0.15563974921229679,0.07968717150941006
tabred-weather,20,28,3.0,0.0008666023826922374,0.5527708459343261,0.40424189887558853,0.13143850718574382,0.4878920467452282,0.14267469599847285,0.1485289470587376,0.06487879918909795
tabred-weather,20,28,10.0,0.0008666023826922374,0.4374761144884089,0.33325930837467715,0.1255476319544805,0.40742218883691594,0.1408029636413348,0.10421680611373174,0.03005392565149293
tabred-weather,20,28,30.0,0.0008666023826922374,0.3209042239268157,0.2627682205911883,0.1116129541422286,0.31681997718758576,0.1439043453570432,0.058136003335627406,0.004084246739230006
tabred-weather,20,28,100.0,0.0008666023826922374,0.20837286723743983,0.18779539306984463,0.0873450628903504,0.21507205710584912,0.1501638669456928,0.020577474167595183,-0.006699189868409286
tabred-weather,21,1,0.01,0.0,0.0,0.0,0.0,0.0,0.0,0.0,0.0
tabred-weather,21,1,0.03,0.0,0.0,0.0,0.0,0.0,0.0,0.0,0.0
tabred-weather,21,1,0.1,0.0,0.0,0.0,0.0,0.0,0.0,0.0,0.0
tabred-weather,21,1,0.3,0.0,0.0,0.0,0.0,0.0,0.0,0.0,0.0
tabred-weather,21,1,1.0,0.0,0.0,0.0,0.0,0.0,0.0,0.0,0.0
tabred-weather,21,1,3.0,0.0,0.0,0.0,0.0,0.0,0.0,0.0,0.0
tabred-weather,21,1,10.0,0.0,0.0,0.0,0.0,0.0,0.0,0.0,0.0
tabred-weather,21,1,30.0,0.0,0.0,0.0,0.0,0.0,0.0,0.0,0.0
tabred-weather,21,1,100.0,0.0,0.0,0.0,0.0,0.0,0.0,0.0,0.0
tabred-weather,22,1,0.01,0.0,0.0,0.0,0.0,0.0,0.0,0.0,0.0
tabred-weather,22,1,0.03,0.0,0.0,0.0,0.0,0.0,0.0,0.0,0.0
tabred-weather,22,1,0.1,0.0,0.0,0.0,0.0,0.0,0.0,0.0,0.0
tabred-weather,22,1,0.3,0.0,0.0,0.0,0.0,0.0,0.0,0.0,0.0
tabred-weather,22,1,1.0,0.0,0.0,0.0,0.0,0.0,0.0,0.0,0.0
tabred-weather,22,1,3.0,0.0,0.0,0.0,0.0,0.0,0.0,0.0,0.0
tabred-weather,22,1,10.0,0.0,0.0,0.0,0.0,0.0,0.0,0.0,0.0
tabred-weather,22,1,30.0,0.0,0.0,0.0,0.0,0.0,0.0,0.0,0.0
tabred-weather,22,1,100.0,0.0,0.0,0.0,0.0,0.0,0.0,0.0,0.0
tabred-weather,23,1,0.01,0.0,0.0,0.0,0.0,0.0,0.0,0.0,0.0
tabred-weather,23,1,0.03,0.0,0.0,0.0,0.0,0.0,0.0,0.0,0.0
tabred-weather,23,1,0.1,0.0,0.0,0.0,0.0,0.0,0.0,0.0,0.0
tabred-weather,23,1,0.3,0.0,0.0,0.0,0.0,0.0,0.0,0.0,0.0
tabred-weather,23,1,1.0,0.0,0.0,0.0,0.0,0.0,0.0,0.0,0.0
tabred-weather,23,1,3.0,0.0,0.0,0.0,0.0,0.0,0.0,0.0,0.0
tabred-weather,23,1,10.0,0.0,0.0,0.0,0.0,0.0,0.0,0.0,0.0
tabred-weather,23,1,30.0,0.0,0.0,0.0,0.0,0.0,0.0,0.0,0.0
tabred-weather,23,1,100.0,0.0,0.0,0.0,0.0,0.0,0.0,0.0,0.0
tabred-weather,24,15,0.01,0.000629115167940987,0.9835932555674564,0.9788887746437528,0.004111034144258913,0.9794169494939754,0.005770815623446124,0.004704480923703527,0.004176306073480953
tabred-weather,24,15,0.03,0.000629115167940987,0.9544643623626693,0.9423487423991346,0.010822422185609132,0.9422088320098364,0.015900218909223943,0.012115619963534751,0.012255530352832979
tabred-weather,24,15,0.1,0.000629115167940987,0.8782066574737976,0.8508562790254625,0.025715686108851877,0.8417154480396725,0.041045322139201805,0.027350378448335114,0.03649120943412507
tabred-weather,24,15,0.3,0.000629115167940987,0.7569901439660741,0.7130508791029162,0.04619344652991546,0.6792267367240414,0.07318124159045658,0.04393926486315796,0.07776340724203275
tabred-weather,24,15,1.0,0.000629115167940987,0.5947342104212076,0.539955347720777,0.07263782926110061,0.4779280720336134,0.09191139272088251,0.05477886270043053,0.11680613838759414
tabred-weather,24,15,3.0,0.000629115167940987,0.45333513602475756,0.4067889671080119,0.09050756260575302,0.33342338908611124,0.08244129731661305,0.04654616891674568,0.11991174693864633
tabred-weather,24,15,10.0,0.000629115167940987,0.3164950387182107,0.3006599739178579,0.09764246771980882,0.2255683524959074,0.06527887992789778,0.015835064800352808,0.09092668622230332
tabred-weather,24,15,30.0,0.000629115167940987,0.20750436687919094,0.22521423505348054,0.09594800660726724,0.15573060491165241,0.059664374764942296,-0.017709868174289604,0.05177376196753851
tabred-weather,24,15,100.0,0.000629115167940987,0.11419298704008912,0.15609804049892875,0.09283342863821353,0.09386138734003059,0.05186196951836306,-0.04190505345883962,0.020331599700058534
tabred-weather,25,33,0.01,0.0011636454166614719,0.9733750995853496,0.9666022001742157,0.011917393945498097,0.9750253812804354,0.014432271957551304,0.0067728994111339565,-0.001650281695085703
tabred-weather,25,33,0.03,0.0011636454166614719,0.9261992864925888,0.9215656666097903,0.025532238002514508,0.9372272319451568,0.03175284973238469,0.004633619882798327,-0.011027945452568067
tabred-weather,25,33,0.1,0.0011636454166614719,0.8015481970114615,0.8278245035351114,0.04375387812309033,0.851639478762621,0.05593452678780899,-0.026276306523649873,-0.05009128175115943
tabred-weather,25,33,0.3,0.0011636454166614719,0.6021400185539847,0.6868034548244805,0.05889095509715073,0.7216835251223989,0.06889895495912603,-0.08466343627049577,-0.11954350656841413
tabred-weather,25,33,1.0,0.0011636454166614719,0.3581653522791736,0.4899126655580758,0.07119438226735765,0.5415943204157946,0.06364699996102445,-0.13174731327890218,-0.183428968136621
tabred-weather,25,33,3.0,0.0011636454166614719,0.19857703521296802,0.3247208421003085,0.07672380451155858,0.3824553448588671,0.05795551807922312,-0.12614380688734048,-0.1838783096458991
tabred-weather,25,33,10.0,0.0011636454166614719,0.10409763406394759,0.19217299849683156,0.07144784661372147,0.24473991511996587,0.06113303263852976,-0.08807536443288398,-0.14064228105601828
tabred-weather,25,33,30.0,0.0011636454166614719,0.05861997527942167,0.1088905465138025,0.05385436054658981,0.15466257840479533,0.05552216447590921,-0.05027057123438083,-0.09604260312537366
tabred-weather,25,33,100.0,0.0011636454166614719,0.029558749037231075,0.05018295775312626,0.030113624819543078,0.08392247787119585,0.036475509464815585,-0.02062420871589519,-0.05436372883396477
tabred-weather,26,33,0.01,0.0011418020540643532,0.975639982260128,0.9677070696482258,0.012257167367334449,0.9555928799132464,0.026077767708765763,0.007932912611902215,0.020047102346881708
tabred-weather,26,33,0.03,0.0011418020540643532,0.9322635990419701,0.9264982903268609,0.02709544170932433,0.8974142652954312,0.05210201383189277,0.005765308715109211,0.03484933374653889
tabred-weather,26,33,0.1,0.0011418020540643532,0.8174142200356609,0.8414078150478665,0.04717777528461799,0.7894444594569079,0.07862446785622253,-0.023993595012205656,0.027969760578753004
tabred-weather,26,33,0.3,0.0011418020540643532,0.6343859443172152,0.7101992960929925,0.05980978799981526,0.6517547571476114,0.08806661508855233,-0.07581335177577735,-0.017368812830396298
tabred-weather,26,33,1.0,0.0011418020540643532,0.40232946191156493,0.5209941227414536,0.0633160790250633,0.4802570151683299,0.082004004284674,-0.11866466082988866,-0.07792755325676502
tabred-weather,26,33,3.0,0.0011418020540643532,0.2292244033140547,0.3585057998218868,0.06258367912345891,0.33636013866686754,0.06567007946499322,-0.1292813965078321,-0.10713573535281287
tabred-weather,26,33,10.0,0.0011418020540643532,0.11146048103034123,0.22875799990756215,0.06321373683879417,0.21449416029656548,0.04767899318820132,-0.11729751887722092,-0.10303367926622425
tabred-weather,26,33,30.0,0.0011418020540643532,0.05489508224273166,0.1489386331055177,0.06021598238173057,0.13455154323853663,0.03934863262944939,-0.09404355086278603,-0.07965646099580496
tabred-weather,26,33,100.0,0.0011418020540643532,0.023858152523411343,0.08393668553690103,0.044422539056825916,0.07088366066366827,0.02795146729953838,-0.06007853301348969,-0.04702550814025694
tabred-weather,27,33,0.01,0.001538291663948003,0.9713127110949699,0.9783758352774751,0.004131171056296904,0.9703393730456721,0.009284212469210582,-0.007063124182505168,0.0009733380492977386
tabred-weather,27,33,0.03,0.001538291663948003,0.9281662059710621,0.9426150384717542,0.00950888161604015,0.9260562199528404,0.02077488630909689,-0.014448832500692014,0.00210998601822175
tabred-weather,27,33,0.1,0.001538291663948003,0.8288818417612598,0.8499302648258419,0.021915578056927006,0.8308566831279384,0.03665813225389908,-0.02104842306458201,-0.001974841366678522
tabred-weather,27,33,0.3,0.001538291663948003,0.6695339718081519,0.6948930623490354,0.039662095408949445,0.695096121791055,0.04573460203351458,-0.025359090540883457,-0.025562149982903085
tabred-weather,27,33,1.0,0.001538291663948003,0.4418788381372483,0.4804281647435946,0.051065456695238876,0.5138061095277295,0.04489817302042491,-0.0385493266063463,-0.0719272713904812
tabred-weather,27,33,3.0,0.001538291663948003,0.25483257492121525,0.3099612725070233,0.047245868486728064,0.35293336508710943,0.03269645316302253,-0.055128697585808066,-0.09810079016589417
tabred-weather,27,33,10.0,0.001538291663948003,0.12279658491921441,0.1822970138210924,0.037213510846094824,0.20798685944153714,0.016347101565088423,-0.05950042890187799,-0.08519027452232271
tabred-weather,27,33,30.0,0.001538291663948003,0.06010668812953591,0.10793364405467328,0.025809699202251454,0.11423543248022139,0.010183660720505264,-0.04782695592513736,-0.05412874435068547
tabred-weather,27,33,100.0,0.001538291663948003,0.026276587984330885,0.055023339436641804,0.01389539870024039,0.05209527298630024,0.006051764785462431,-0.02874675145231092,-0.02581868500196936
tabred-weather,28,33,0.01,0.002048988954226173,0.9788503036510044,0.9852928841425892,0.0038951645637508303,0.974262938359205,0.007938652005778613,-0.006442580491584812,0.004587365291799418
tabred-weather,28,33,0.03,0.002048988954226173,0.9412390888553338,0.9608823739440935,0.010685216589946355,0.9319883285412984,0.020020704133699763,-0.019643285088759635,0.009250760314035381
tabred-weather,28,33,0.1,0.002048988954226173,0.8385431377206912,0.8960158942611968,0.02497625516949158,0.8295931669494743,0.04574018330739691,-0.05747275654050564,0.008949970771216923
tabred-weather,28,33,0.3,0.002048988954226173,0.6625414213571414,0.7803824998760625,0.04090420463097666,0.6746526807110521,0.07672192956342283,-0.11784107851892103,-0.012111259353910641
tabred-weather,28,33,1.0,0.002048988954226173,0.42884119347634186,0.5948461324320697,0.05314361869737297,0.4776390052684284,0.10053418850851588,-0.16600493895572793,-0.04879781179208654
tabred-weather,28,33,3.0,0.002048988954226173,0.2574686878762481,0.4098363392726658,0.0608519112350238,0.32222254367532827,0.10556748842627184,-0.1523676513964177,-0.06475385579908016
tabred-weather,28,33,10.0,0.002048988954226173,0.13253989295200033,0.23783039321316396,0.06229968823201453,0.20043024623063652,0.10143143675769424,-0.10529050026116361,-0.06789035327863618
tabred-weather,28,33,30.0,0.002048988954226173,0.06453787976668245,0.12871778401744155,0.04991760117034024,0.12619966120724121,0.0902059735009224,-0.0641799042507591,-0.06166178144055876
tabred-weather,28,33,100.0,0.002048988954226173,0.026828173699046335,0.056998811097762475,0.028482475281285273,0.07008254335000011,0.0675412254605736,-0.03017063739871614,-0.04325436965095378
tabred-weather,29,33,0.01,0.0011902493588997493,0.9845637406267785,0.9744091151710591,0.01449301164978308,0.9726084977422997,0.009831456301307676,0.010154625455719463,0.011955242884478785
tabred-weather,29,33,0.03,0.0011902493588997493,0.9571443487309254,0.9366842145359786,0.028171138051735472,0.9307362685801639,0.023998924108516402,0.020460134194946737,0.026408080150761473
tabred-weather,29,33,0.1,0.0011902493588997493,0.8816553381371182,0.8510416013443622,0.038285742781385586,0.8363941075415332,0.05071083365578058,0.030613736792755905,0.045261230595584886
tabred-weather,29,33,0.3,0.0011902493588997493,0.7446872862263951,0.7159236565845443,0.03926398127061033,0.6932960443556241,0.07760011203142964,0.028763629641850863,0.051391241870771105
tabred-weather,29,33,1.0,0.0011902493588997493,0.532845617885525,0.5229309225863397,0.04397595211663933,0.49384884195777606,0.09281312925030452,0.009914695299185242,0.03899677592774888
tabred-weather,29,33,3.0,0.0011902493588997493,0.34032263764156784,0.35710954863483935,0.04762694163729621,0.3230134526647948,0.08816587257162624,-0.016786910993271474,0.017309184976773057
tabred-weather,29,33,10.0,0.0011902493588997493,0.17827930669692216,0.22238986533058946,0.04700363158219726,0.18862070950032708,0.07107766235987238,-0.04411055863366731,-0.010341402803404943
tabred-weather,29,33,30.0,0.0011902493588997493,0.08728681344619042,0.1391744220591931,0.04269553761149013,0.111817433033374,0.05380071323130137,-0.05188760861300267,-0.02453061958718358
tabred-weather,29,33,100.0,0.0011902493588997493,0.037380971454690874,0.0760811886239127,0.031087170100499387,0.058877765709519414,0.036617580459912466,-0.03870021716922182,-0.02149679425482854
tabred-weather,30,33,0.01,0.0012811218633172702,0.9801859525384793,0.9499394892960834,0.033585425503620404,0.9738141294122269,0.019553390698223972,0.030246463242395914,0.006371823126252384
tabred-weather,30,33,0.03,0.0012811218633172702,0.9443971103481202,0.8930755729812183,0.07640822443223445,0.9353942431748525,0.04066028370475381,0.05132153736690192,0.009002867173267705
tabred-weather,30,33,0.1,0.0012811218633172702,0.8461021854019183,0.7864079479474656,0.13345971114014277,0.8506180410311824,0.06601054131897419,0.059694237454452695,-0.004515855629264211
tabred-weather,30,33,0.3,0.0012811218633172702,0.6770390804100608,0.6446614089556447,0.15740039867167172,0.7205718211998603,0.07930472144099933,0.03237767145441605,-0.043532740789799455
tabred-weather,30,33,1.0,0.0012811218633172702,0.4410834143088696,0.4546893716084989,0.14127553490340727,0.5331714893347369,0.06986778769065052,-0.013605957299629347,-0.09208807502586737
tabred-weather,30,33,3.0,0.0012811218633172702,0.254382663053805,0.2931824246342709,0.11396233293907032,0.3608052020146778,0.04418842870495752,-0.038799761580465886,-0.1064225389608728
tabred-weather,30,33,10.0,0.0012811218633172702,0.1224809677920959,0.168233897394759,0.08989098628877738,0.209652049394792,0.027082828851420642,-0.0457529296026631,-0.08717108160269611
tabred-weather,30,33,30.0,0.0012811218633172702,0.05686419498726392,0.09757572869709935,0.06810070017052332,0.11707079415051663,0.02688505619237899,-0.040711533709835435,-0.06020659916325271
tabred-weather,30,33,100.0,0.0012811218633172702,0.021435228635634226,0.049022744841816394,0.04112949159587072,0.05670783896187398,0.023966134394651287,-0.027587516206182168,-0.03527261032623975
tabred-weather,31,33,0.01,0.001960025041139925,0.9601545177356392,0.9263442177267635,0.026244346994417734,0.9768030400474332,0.0046615669160903015,0.03381030000887565,-0.016648522311794107
tabred-weather,31,33,0.03,0.001960025041139925,0.9077460812295159,0.8780481836758298,0.025807719531778565,0.9402164258377356,0.011771072016768695,0.02969789755368613,-0.03247034460821967
tabred-weather,31,33,0.1,0.001960025041139925,0.8075735326418113,0.7928111894355666,0.03514771860654232,0.8536224911695159,0.027287800937425673,0.014762343206244713,-0.04604895852770465
tabred-weather,31,33,0.3,0.001960025041139925,0.6732888509544926,0.6675797849308915,0.05347547304983424,0.718575354439482,0.04561293417964906,0.005709066023601158,-0.04528650348498928
tabred-weather,31,33,1.0,0.001960025041139925,0.497409622928652,0.4933168518293423,0.06964220908893325,0.5299550791655384,0.05820830136637409,0.004092771099309639,-0.03254545623688642
tabred-weather,31,33,3.0,0.001960025041139925,0.3439101953942733,0.34658387809652735,0.06905608217280082,0.36477508242135376,0.05711161893842207,-0.002673682702254077,-0.02086488702708049
tabred-weather,31,33,10.0,0.001960025041139925,0.20888086778087628,0.2266538828792099,0.05910646187907514,0.22644741388988368,0.047702633832544326,-0.017773015098333622,-0.017566546109007406
tabred-weather,31,33,30.0,0.001960025041139925,0.11640055873902544,0.14738166216116036,0.04641323177218148,0.1391361466314572,0.03795604355443264,-0.03098110342213492,-0.02273558789243177
tabred-weather,31,33,100.0,0.001960025041139925,0.05057993635604395,0.08052126837049099,0.02952956383271407,0.07281196159692177,0.02434950820632932,-0.029941332014447035,-0.022232025240877827
tabred-weather,32,33,0.01,0.0015682766801686301,0.981601531239736,0.8700348165276197,0.0732952475799698,0.9727010312448365,0.012614698752606499,0.11156671471211624,0.008900499994899471
tabred-weather,32,33,0.03,0.0015682766801686301,0.9500693709179696,0.8102847748503739,0.07970007438354944,0.9299908897238138,0.027391606596938147,0.13978459606759575,0.020078481194155753
tabred-weather,32,33,0.1,0.0015682766801686301,0.8695824462148365,0.7187035303287006,0.08109641497462589,0.8307523290063284,0.04949829391709127,0.1508789158861358,0.03883011720850798
tabred-weather,32,33,0.3,0.0015682766801686301,0.7405574009485172,0.5989688098355369,0.0737888971803217,0.680606217939583,0.07061746548174747,0.14158859111298028,0.05995118300893418
tabred-weather,32,33,1.0,0.0015682766801686301,0.5581108571553902,0.4420908763286861,0.06392065772699744,0.48098980655843665,0.08735083562421996,0.11601998082670413,0.07712105059695357
tabred-weather,32,33,3.0,0.0015682766801686301,0.38898709424930505,0.3107514241193474,0.05357285510633172,0.3184181956842691,0.09115240719179021,0.07823567012995765,0.07056889856503595
tabred-weather,32,33,10.0,0.0015682766801686301,0.23127187191525228,0.20233779363836846,0.043261267219860296,0.19571014387305163,0.08607096187040841,0.02893407827688381,0.03556172804220064
tabred-weather,32,33,30.0,0.0015682766801686301,0.12285311280920326,0.13173867925578558,0.039282485322144144,0.12732062193867547,0.07585531924253641,-0.008885566446582316,-0.004467509129472214
tabred-weather,32,33,100.0,0.0015682766801686301,0.04984511266594127,0.07368676745231198,0.031080771230145552,0.07572336711873597,0.05660142347366238,-0.023841654786370705,-0.025878254452794694
tabred-weather,33,33,0.01,0.0013836632283907044,0.9745168992354531,0.9618453190617495,0.019505844188715597,0.9728982524831825,0.017154175410380387,0.012671580173703597,0.00161864675227069
tabred-weather,33,33,0.03,0.0013836632283907044,0.9362235814603556,0.9134262109832403,0.04074991781983775,0.9307006098114059,0.03764337576704262,0.022797370477115286,0.005522971648949641
tabred-weather,33,33,0.1,0.0013836632283907044,0.8461385623016782,0.8179914278087045,0.06752857391201553,0.8343382831095076,0.061882816738553045,0.02814713449297371,0.011800279192170587
tabred-weather,33,33,0.3,0.0013836632283907044,0.6981448084302598,0.6829706182480744,0.08415321684865265,0.6883785096288628,0.06713306880885177,0.015174190182185417,0.009766298801396957
tabred-weather,33,33,1.0,0.0013836632283907044,0.48531332938686716,0.5000971548922235,0.08505285737223917,0.4862385582247007,0.05351396697096493,-0.014783825505356358,-0.0009252288378335549
tabred-weather,33,33,3.0,0.0013836632283907044,0.31054087368442534,0.3439169283564274,0.07420289881956563,0.3113566844023076,0.03444519183961815,-0.03337605467200208,-0.000815810717882289
tabred-weather,33,33,10.0,0.0013836632283907044,0.18081458867184133,0.21619834456987613,0.06100035773991688,0.17034837397425584,0.014331467114044209,-0.035383755898034795,0.010466214697585473
tabred-weather,33,33,30.0,0.0013836632283907044,0.1072444571728775,0.13725594249568135,0.051964076915106905,0.09027689359464479,0.008650898027026588,-0.030011485322803844,0.016967563578232713
tabred-weather,33,33,100.0,0.0013836632283907044,0.05309138020856071,0.07555548602794541,0.03928676741837288,0.041069054331817734,0.00885636943898036,-0.022464105819384694,0.01202232587674298
tabred-weather,34,33,0.01,0.0016069161012684386,0.9765927286027436,0.9640088634197117,0.015121641036061164,0.9781316003402769,0.011854804837872965,0.01258386518303199,-0.0015388717375332277
tabred-weather,34,33,0.03,0.0016069161012684386,0.935271273112986,0.9247894115251153,0.02506055521898764,0.9468343879791273,0.024562879515532817,0.01048186158787069,-0.01156311486614132
tabred-weather,34,33,0.1,0.0016069161012684386,0.8274954521957435,0.840016194800323,0.040033200853646825,0.8776277215124924,0.04271968506837657,-0.012520742604579516,-0.05013226931674888
tabred-weather,34,33,0.3,0.0016069161012684386,0.6589546395957657,0.7056437428342001,0.05162119004544343,0.7685466591983346,0.0615429302768733,-0.046689103238434324,-0.10959201960256891
tabred-weather,34,33,1.0,0.0016069161012684386,0.44590909588825683,0.5087495183267771,0.058696378490514414,0.6076713894738847,0.07723350057818686,-0.0628404224385203,-0.16176229358562788
tabred-weather,34,33,3.0,0.0016069161012684386,0.2792820726957197,0.33542404714840424,0.05067965432158607,0.4573614444858079,0.08095905680139312,-0.056141974452684554,-0.17807937179008818
tabred-weather,34,33,10.0,0.0016069161012684386,0.1510698944368903,0.19591253402831782,0.036437899635838815,0.3146182301655011,0.07495702124448289,-0.0448426395914275,-0.16354833572861083
tabred-weather,34,33,30.0,0.0016069161012684386,0.07875302805276344,0.11488751810233815,0.027090696886035225,0.20586830695150043,0.05966191202315659,-0.036134490049574704,-0.127115278898737
tabred-weather,34,33,100.0,0.0016069161012684386,0.035447377632407684,0.05803723972401956,0.015616927698084634,0.11206359722842268,0.039686647319248654,-0.02258986209161187,-0.076616219596015
tabred-weather,35,33,0.01,0.0008414422131331565,0.9700701700458713,0.9530113759732218,0.009304407525041358,0.9738871668745709,0.011882616612647914,0.017058794072649458,-0.003816996828699591
tabred-weather,35,33,0.03,0.0008414422131331565,0.9279039059339886,0.9059834433549321,0.004429446138752975,0.9369690176707578,0.025343338434816936,0.021920462579056624,-0.009065111736769133
tabred-weather,35,33,0.1,0.0008414422131331565,0.8383263210982169,0.811289681654023,0.009012663337872156,0.8610779894659724,0.04346272091781405,0.027036639444193832,-0.02275166836775552
tabred-weather,35,33,0.3,0.0008414422131331565,0.7027047469730929,0.669049654869644,0.02052193192083781,0.7515170622724262,0.056317233225739546,0.033655092103448914,-0.04881231529933327
tabred-weather,35,33,1.0,0.0008414422131331565,0.5118870792096102,0.47346247952189807,0.03193397544172026,0.5895657214059945,0.05691236662168768,0.038424599687712106,-0.07767864219638432
tabred-weather,35,33,3.0,0.0008414422131331565,0.3437008704630737,0.3128663164373226,0.03591036202033455,0.4231164049627164,0.043941095149327467,0.0308345540257511,-0.0794155344996427
tabred-weather,35,33,10.0,0.0008414422131331565,0.19376588938077727,0.18913648181158885,0.03342080162488585,0.25598067615918135,0.03036063438423236,0.0046294075691884215,-0.06221478677840407
tabred-weather,35,33,30.0,0.0008414422131331565,0.09714367394946105,0.11496468443320082,0.026072705124830276,0.1399639284877147,0.02206068663578661,-0.017821010483739776,-0.04282025453825365
tabred-weather,35,33,100.0,0.0008414422131331565,0.038371253547515596,0.05875448767227645,0.014975970908354437,0.060214011683421324,0.011958061870023092,-0.020383234124760854,-0.021842758135905728
tabred-weather,36,33,0.01,0.001524063340508532,0.9805585967542966,0.9406922856263293,0.026401207100209264,0.9616223002731855,0.016531742033936866,0.03986631112796719,0.01893629648111105
tabred-weather,36,33,0.03,0.001524063340508532,0.9483987106334365,0.8869448610078222,0.02620071806263883,0.9118129191352988,0.032090959370452435,0.06145384962561434,0.03658579149813769
tabred-weather,36,33,0.1,0.001524063340508532,0.8651839172886693,0.7933302743829794,0.024100274188363895,0.816623342044296,0.044956877202638364,0.07185364290568985,0.0485605752443733
tabred-weather,36,33,0.3,0.001524063340508532,0.7204930803954261,0.6707275974081536,0.0269856120898736,0.6831930367091599,0.04541510805075014,0.049765482987272534,0.037300043686266236
tabred-weather,36,33,1.0,0.001524063340508532,0.49867184212181354,0.509696315678468,0.03855574259844963,0.4950903643386749,0.04014417997664977,-0.011024473556654374,0.003581477783138598
tabred-weather,36,33,3.0,0.001524063340508532,0.30150125957971996,0.3707126006905359,0.04860565546230458,0.32368505957871146,0.03817769459608371,-0.06921134111081598,-0.02218379999899152
tabred-weather,36,33,10.0,0.001524063340508532,0.15515150644446538,0.2477017574235784,0.05235490338179022,0.17593296289713975,0.033366936317743894,-0.09255025097911301,-0.020781456452674364
tabred-weather,36,33,30.0,0.001524063340508532,0.08403754839619314,0.16103725167734567,0.04545012347038056,0.08825026160905777,0.024052738676355837,-0.07699970328115252,-0.004212713212864635
tabred-weather,36,33,100.0,0.001524063340508532,0.04189359487093745,0.08777649511673678,0.029635904313042194,0.036467017031695886,0.013618211563859348,-0.04588290024579932,0.005426577839241569
tabred-weather,37,33,0.01,0.0010771148584188266,0.9864278527836323,0.9667186661783801,0.012614220093964982,0.9668023049856714,0.012252026606660171,0.019709186605252227,0.019625547797960892
tabred-weather,37,33,0.03,0.0010771148584188266,0.9640562749029647,0.9209421902852851,0.025343134973596273,0.9200644543885556,0.020448896020939997,0.04311408461767959,0.043991820514409134
tabred-weather,37,33,0.1,0.0010771148584188266,0.9080639590346418,0.8286629762682144,0.04188337167888706,0.8235111692319174,0.019319505253711924,0.0794009827664274,0.0845527898027245
tabred-weather,37,33,0.3,0.0010771148584188266,0.8121760499334111,0.7017867488009863,0.05494506130797666,0.690010998108239,0.015474921780479843,0.11038930113242476,0.12216505182517214
tabred-weather,37,33,1.0,0.0010771148584188266,0.6537556527084781,0.5304359052437749,0.05977765252774834,0.5165294706693904,0.04390886902674079,0.12331974746470326,0.13722618203908774
tabred-weather,37,33,3.0,0.0010771148584188266,0.4815978711416416,0.3723034928251792,0.057337869906382226,0.3700731355395228,0.06591184807262611,0.10929437831646238,0.11152473560211877
tabred-weather,37,33,10.0,0.0010771148584188266,0.2959942670134273,0.22469633267866476,0.05332970556376255,0.2451983898352927,0.07283908424461576,0.07129793433476254,0.050795877178134594
tabred-weather,37,33,30.0,0.0010771148584188266,0.15957139722462457,0.12682405534337932,0.0431593930559435,0.16237059874299636,0.06752225550125794,0.03274734188124527,-0.0027992015183717803
tabred-weather,37,33,100.0,0.0010771148584188266,0.06755037352449202,0.06059965066893522,0.027024813672346746,0.09676727977212485,0.05605263465622366,0.006950722855556804,-0.029216906247632828
tabred-weather,38,33,0.01,0.0014918584627031098,0.9708692718067006,0.9699000659689337,0.009307503502837317,0.9696097889435912,0.00874305711113233,0.0009692058377667982,0.00125948286310939
tabred-weather,38,33,0.03,0.0014918584627031098,0.927314252759143,0.9251071859569088,0.01949114127992414,0.9256565563937167,0.017078840198749813,0.0022070668022342306,0.0016576963654263822
tabred-weather,38,33,0.1,0.0014918584627031098,0.829468528795668,0.828273166040892,0.033338644054853254,0.8321655018672081,0.02612426934723478,0.0011953627547760647,-0.0026969730715400574
tabred-weather,38,33,0.3,0.0014918584627031098,0.6820679390103944,0.6934916616171136,0.0452174829849624,0.6993926366897152,0.03929408510694919,-0.011423722606719158,-0.01732469767932071
tabred-weather,38,33,1.0,0.0014918584627031098,0.4880972652969134,0.5199327073706822,0.05424714845705209,0.5232058210508689,0.0638980756506242,-0.031835442073768844,-0.03510855575395545
tabred-weather,38,33,3.0,0.0014918584627031098,0.33315446483783784,0.36636124861132463,0.05311833620025138,0.37072995997597474,0.08078162600800926,-0.033206783773486785,-0.037575495138136905
tabred-weather,38,33,10.0,0.0014918584627031098,0.20453722142173203,0.22303701616216492,0.036265727448760256,0.23735565024659094,0.07598088530979767,-0.018499794740432885,-0.032818428824858914
tabred-weather,38,33,30.0,0.0014918584627031098,0.11839995833340825,0.12708827301944475,0.01852778579232026,0.14625273890489351,0.05537132119537284,-0.008688314686036496,-0.027852780571485262
tabred-weather,38,33,100.0,0.0014918584627031098,0.0559221604110473,0.06169698035927387,0.013746667329917845,0.07645820852564349,0.035375356923618366,-0.005774819948226571,-0.02053604811459618
tabred-weather,39,33,0.01,0.0010593867866117497,0.9879743875282304,0.9093833537818292,0.02468988949343462,0.9802921457130453,0.002896700456729446,0.07859103374640113,0.007682241815185077
tabred-weather,39,33,0.03,0.0010593867866117497,0.9663839103090144,0.8562008938811908,0.019432098742014698,0.9479987347689296,0.006432808708682051,0.11018301642782358,0.01838517554008482
tabred-weather,39,33,0.1,0.0010593867866117497,0.9055769996777067,0.7701662911967485,0.023725925708957783,0.8668435373654187,0.01311888067159525,0.13541070848095815,0.03873346231228784
tabred-weather,39,33,0.3,0.0010593867866117497,0.7888265770169337,0.6497538521189605,0.036801751218234334,0.7305419075058109,0.02272580063162869,0.13907272489797318,0.05828466951112279
tabred-weather,39,33,1.0,0.0010593867866117497,0.5862949964185449,0.47693639372792523,0.042616355693131394,0.5313414769705943,0.043571321997459306,0.10935860269061959,0.054953519447950495
tabred-weather,39,33,3.0,0.0010593867866117497,0.3808049241991431,0.3221250135315458,0.031010769437963177,0.359897605566424,0.06609421922241333,0.05867991066759721,0.020907318632719087
tabred-weather,39,33,10.0,0.0010593867866117497,0.19799611289882937,0.19195750043743456,0.009384734905497303,0.22000762185863237,0.07482992946611172,0.006038612461394789,-0.02201150895980302
tabred-weather,39,33,30.0,0.0010593867866117497,0.09481208735467249,0.11201243827660505,0.006508112177626082,0.1314116681864851,0.06565224360375307,-0.017200350921932558,-0.03659958083181259
tabred-weather,39,33,100.0,0.0010593867866117497,0.03789091301226654,0.0558799639502762,0.007531294425336506,0.06736089648379687,0.04581019293181646,-0.01798905093800966,-0.02946998347153033
tabred-weather,40,33,0.01,0.0012083461120973116,0.9859024937715393,0.9405912448446518,0.02491698825818844,0.9806076946542276,0.003094860393799313,0.04531124892688736,0.005294799117311615
tabred-weather,40,33,0.03,0.0012083461120973116,0.960946399634625,0.8984362017242382,0.024287498566207107,0.9481784561323237,0.008510176917866439,0.0625101979103868,0.01276794350230136
tabred-weather,40,33,0.1,0.0012083461120973116,0.8918113781123398,0.8190743711051138,0.030587063288977534,0.865647167150807,0.024249982261399145,0.07273700700722603,0.02616421096153284
tabred-weather,40,33,0.3,0.0012083461120973116,0.761274906659652,0.7001754583814265,0.04162706856735119,0.7296420076607214,0.04949119894439218,0.061099448278225534,0.031632898998930625
tabred-weather,40,33,1.0,0.0012083461120973116,0.5423564377456247,0.5219879390168018,0.05104845759897592,0.5356768110281317,0.0750380085769548,0.02036849872882283,0.006679626717493081
tabred-weather,40,33,3.0,0.0012083461120973116,0.3314036499523167,0.3541246406128077,0.051898634112210636,0.3621458049889008,0.08058505441189605,-0.022720990660490985,-0.03074215503658413
tabred-weather,40,33,10.0,0.0012083461120973116,0.16061371935684413,0.20620906957814614,0.04853218640746931,0.20839275571911733,0.06372151057757469,-0.045595350221302025,-0.04777903636227322
tabred-weather,40,33,30.0,0.0012083461120973116,0.0741132068858447,0.11483214912378709,0.04199026609833805,0.11068938168609323,0.03921947282874041,-0.04071894223794238,-0.03657617480024852
tabred-weather,40,33,100.0,0.0012083461120973116,0.02923208852384877,0.05483743688774969,0.028780258492593202,0.04754993772931587,0.01794544074618185,-0.025605348363900916,-0.018317849205467102
tabred-weather,41,33,0.01,0.0018320888822719534,0.9777965258127334,0.9337339447350194,0.029923800395812047,0.9798733988637993,0.004581973979709203,0.04406258107771395,-0.002076873051065996
tabred-weather,41,33,0.03,0.0018320888822719534,0.9459583324889446,0.8804284956002991,0.02949405612286806,0.9465036482232119,0.011388874008577422,0.0655298368886454,-0.0005453157342673944
tabred-weather,41,33,0.1,0.0018320888822719534,0.8749898924698349,0.7825923139760792,0.0396599613406268,0.8634749671540951,0.02864197869399518,0.09239757849375578,0.011514925315739844
tabred-weather,41,33,0.3,0.0018320888822719534,0.75514327704426,0.6466251098163248,0.06063854330161159,0.7294006916624802,0.05518423815622715,0.10851816722793518,0.025742585381779787
tabred-weather,41,33,1.0,0.0018320888822719534,0.5528420987398011,0.4592897121353933,0.07477994305553565,0.5394937540051365,0.07825825574969694,0.09355238660440773,0.01334834473466445
tabred-weather,41,33,3.0,0.0018320888822719534,0.3516625496545093,0.29692930638904286,0.06831233751383832,0.3676733110625654,0.0791250201643778,0.05473324326546646,-0.016010761408056108
tabred-weather,41,33,10.0,0.0018320888822719534,0.19340752637471142,0.16864330595876134,0.05134791492003142,0.2129758727409321,0.06073857120013905,0.024764220415950087,-0.019568346366220672
tabred-weather,41,33,30.0,0.0018320888822719534,0.1154838686496207,0.09601399186072254,0.037172506680382585,0.1155807535678804,0.03646949353811804,0.019469876788898152,-9.688491825970484e-05
tabred-weather,41,33,100.0,0.0018320888822719534,0.06750963439462158,0.0474606460163055,0.02376461827738504,0.05295031394068003,0.015290025544677408,0.020048988378316084,0.014559320453941552
tabred-weather,42,33,0.01,0.0019409954021110468,0.9760147783951559,0.9591968128120347,0.020917401702443942,0.9727954838302721,0.008986293482439484,0.01681796558312122,0.0032192945648837484
tabred-weather,42,33,0.03,0.0019409954021110468,0.9330904774015583,0.9145090125594475,0.022034871954546825,0.9312091650945162,0.019409329837561357,0.018581464842110738,0.0018813123070420457
tabred-weather,42,33,0.1,0.0019409954021110468,0.81928636695832,0.8239931771552199,0.026641589126889235,0.8376459820455766,0.03681673432184597,-0.004706810196899864,-0.018359615087256552
tabred-weather,42,33,0.3,0.0019409954021110468,0.6396193985926539,0.6928752666409099,0.04349417053754129,0.698711164098552,0.059611665649901814,-0.053255868048255973,-0.0590917655058981
tabred-weather,42,33,1.0,0.0019409954021110468,0.418839730876129,0.5111963170400212,0.06713205022894213,0.50977085285319,0.07797925071079674,-0.09235658616389217,-0.09093112197706096
tabred-weather,42,33,3.0,0.0019409954021110468,0.2562867967783697,0.35199630305163093,0.07114928008702476,0.3423188112697359,0.07506793232526113,-0.09570950627326126,-0.08603201449136624
tabred-weather,42,33,10.0,0.0019409954021110468,0.1352033193824217,0.21525355140656677,0.05646079310684747,0.19805306947719878,0.05786791211813187,-0.08005023202414507,-0.06284975009477707
tabred-weather,42,33,30.0,0.0019409954021110468,0.07161491831844563,0.12816264830807084,0.04367600702012862,0.11074187580418061,0.039639222949308286,-0.056547729989625206,-0.039126957485734984
tabred-weather,42,33,100.0,0.0019409954021110468,0.03551951123902223,0.06549233717418808,0.03197593097487515,0.05333298023304675,0.022249400146841177,-0.029972825935165842,-0.01781346899402452
tabred-weather,43,33,0.01,0.001067437768862083,0.9588862362402185,0.9083737814770293,0.04601726887363145,0.9720793420043615,0.008052889073163177,0.05051245476318923,-0.013193105764143028
tabred-weather,43,33,0.03,0.001067437768862083,0.9049156498641858,0.8561934560666492,0.046421514321061445,0.9311261520632224,0.01579933621466857,0.0487221937975367,-0.026210502199036437
tabred-weather,43,33,0.1,0.001067437768862083,0.8025161353831572,0.760313832997263,0.04771593574336023,0.8413092007854948,0.02551398812717473,0.04220230238589431,-0.038793065402337526
tabred-weather,43,33,0.3,0.001067437768862083,0.6603549968831259,0.6304736020202342,0.04816311083142776,0.7079030339255371,0.036342732446892255,0.02988139486289183,-0.04754803704241112
tabred-weather,43,33,1.0,0.001067437768862083,0.4604062283264587,0.462707464366815,0.04502055982381617,0.5237122919168162,0.04848594928894037,-0.0023012360403562985,-0.06330606359035747
tabred-weather,43,33,3.0,0.001067437768862083,0.2845031281550271,0.3154021694137877,0.03641287885405435,0.35764230395459623,0.05395083867038554,-0.030899041258760588,-0.07313917579956919
tabred-weather,43,33,10.0,0.001067437768862083,0.1459174952394762,0.18372829253822437,0.02403408544928788,0.21179614148232154,0.04664172643334827,-0.037810797298748186,-0.06587864624284535
tabred-weather,43,33,30.0,0.001067437768862083,0.07274855647875535,0.1016595943271336,0.015379473242608462,0.12162727370674055,0.03400275444263831,-0.028911037848378254,-0.0488787172279852
tabred-weather,43,33,100.0,0.001067437768862083,0.03177779437931644,0.048336777055142076,0.009634755359942713,0.06152873913589605,0.02242292981608702,-0.016558982675825642,-0.029750944756579613
tabred-weather,44,33,0.01,0.001102735401575311,0.9727500981743135,0.9523797171018884,0.022103236785007196,0.9721004609784649,0.02120072813335026,0.020370381072425087,0.0006496371958485858
tabred-weather,44,33,0.03,0.001102735401575311,0.9272220821233949,0.9155786374869261,0.028447072362548217,0.9317293074599913,0.04613585393803356,0.01164344463646867,-0.004507225336596498
tabred-weather,44,33,0.1,0.001102735401575311,0.8155938130187916,0.8412971393653095,0.04107820185851478,0.8452839762090988,0.08411723163081604,-0.025703326346517785,-0.02969016319030707
tabred-weather,44,33,0.3,0.001102735401575311,0.64585919106147,0.7263276066989589,0.06065519576032799,0.718060836841383,0.11820761482579009,-0.08046841563748883,-0.07220164577991292
tabred-weather,44,33,1.0,0.001102735401575311,0.4330170726055789,0.5583088853016837,0.08447428603560897,0.5383496278523704,0.13237152649257225,-0.1252918126961047,-0.10533255524679143
tabred-weather,44,33,3.0,0.001102735401575311,0.2694432872470834,0.4024259616177283,0.096483700502666,0.3719263353660579,0.11759685272488042,-0.13298267437064493,-0.1024830481189745
tabred-weather,44,33,10.0,0.001102735401575311,0.14090797235615443,0.26337154428206966,0.08995291497638068,0.22504348988800862,0.08631847145727202,-0.12246357192591523,-0.08413551753185418
tabred-weather,44,33,30.0,0.001102735401575311,0.06759971751701896,0.17154135979174426,0.0719152017519862,0.13125688878200914,0.05564265429192028,-0.10394164227472528,-0.06365717126499017
tabred-weather,44,33,100.0,0.001102735401575311,0.026311120421100925,0.09639673683177304,0.04757904676452382,0.06403568092018196,0.02765207425330978,-0.07008561641067211,-0.03772456049908103
tabred-weather,45,17,0.01,0.00044294809251672575,0.9932078136601645,0.9880675337561597,0.00397045225987567,0.991499602056744,0.0024961320249382393,0.005140279904004724,0.001708211603420459
tabred-weather,45,17,0.03,0.00044294809251672575,0.980464476873305,0.9667531077406821,0.010110281352686145,0.9753684360421134,0.007061268058340652,0.013711369132622822,0.005096040831191425
tabred-weather,45,17,0.1,0.00044294809251672575,0.9428458799383084,0.9081901328944159,0.02337419983468676,0.9263004595917902,0.01974372944098703,0.03465574704389252,0.016545420346518125
tabred-weather,45,17,0.3,0.00044294809251672575,0.8701628945068873,0.8004287786075381,0.04348847502201922,0.8252645786527493,0.04167919244151794,0.06973411589934916,0.04489831585413802
tabred-weather,45,17,1.0,0.00044294809251672575,0.7466886339586248,0.6223573484224784,0.06751683032878453,0.6418285319020403,0.07422041336133242,0.12433128553614646,0.10486010205658454
tabred-weather,45,17,3.0,0.00044294809251672575,0.603117647064855,0.44301412629348913,0.07600573152208326,0.4467567043929881,0.10614325753610773,0.1601035207713659,0.15636094267186693
tabred-weather,45,17,10.0,0.00044294809251672575,0.418397172824339,0.27353940595474296,0.08238687424838548,0.26631128999360054,0.1232609795403247,0.14485776686959606,0.15208588283073848
tabred-weather,45,17,30.0,0.00044294809251672575,0.24487043142187473,0.1608479851548759,0.08342215926468298,0.15261285724860874,0.10479479779212239,0.08402244626699884,0.09225757417326601
tabred-weather,45,17,100.0,0.00044294809251672575,0.10348717210801854,0.07865780007051155,0.06242488464366226,0.07405408643458782,0.06360069364507336,0.024829372037506972,0.029433085673430722
tabred-weather,46,24,0.01,0.0009146132514229137,0.9843672953771707,0.9807747154524483,0.00438445150231071,0.9900418560427385,0.0008897054400206941,0.003592579924722474,-0.005674560665567806
tabred-weather,46,24,0.03,0.0009146132514229137,0.9547878210111536,0.9521450195193649,0.009012751430276958,0.9710338641871226,0.002608530327346455,0.0026428014917886005,-0.016246043175969043
tabred-weather,46,24,0.1,0.0009146132514229137,0.8659753845590871,0.8808509847448558,0.01946796346328752,0.9125526551459756,0.008084421947131172,-0.014875600185768736,-0.046577270586888576
tabred-weather,46,24,0.3,0.0009146132514229137,0.6928903147364962,0.749550218050268,0.038497051600838154,0.7912412335884903,0.020376565318843767,-0.05665990331377178,-0.09835091885199405
tabred-weather,46,24,1.0,0.0009146132514229137,0.4307253750873523,0.5320441202192543,0.061737212807838,0.5796415595470403,0.04344162219704145,-0.10131874513190199,-0.148916184459688
tabred-weather,46,24,3.0,0.0009146132514229137,0.23256994239317758,0.3320775571034672,0.06416865241437467,0.3776412462633524,0.06142031935916417,-0.09950761471028963,-0.14507130387017478
tabred-weather,46,24,10.0,0.0009146132514229137,0.10924779054589343,0.1722565700728114,0.043718705593528945,0.2122181252213827,0.062107058545349,-0.06300877952691797,-0.10297033467548926
tabred-weather,46,24,30.0,0.0009146132514229137,0.05398592049686723,0.08433776437186008,0.02281086663083885,0.11798632568735622,0.050302689368949514,-0.030351843874992856,-0.064000405190489
tabred-weather,46,24,100.0,0.0009146132514229137,0.02363825396515146,0.034042692064051146,0.009189717378630526,0.05667395969110026,0.03215963775930909,-0.010404438098899687,-0.0330357057259488
tabred-weather,47,21,0.01,0.0008229868628056281,0.7693930981056886,0.7828261083413515,0.08915955112896427,0.6843329002860891,0.1044957161987457,-0.013433010235662932,0.08506019781959956
tabred-weather,47,21,0.03,0.0008229868628056281,0.7226346716027552,0.7388370538768193,0.07641681630842803,0.6512712420946013,0.10183990926584953,-0.016202382274064064,0.07136342950815394
tabred-weather,47,21,0.1,0.0008229868628056281,0.6581421614243039,0.6812439497590845,0.0665102792095874,0.6019781357188272,0.09314176498441173,-0.02310178833478066,0.05616402570547673
tabred-weather,47,21,0.3,0.0008229868628056281,0.5919894801978504,0.6198182239173722,0.06438804079011451,0.5410596916913737,0.0822682171012203,-0.02782874371952184,0.050929788506476656
tabred-weather,47,21,1.0,0.0008229868628056281,0.5258519318127663,0.54709859406135,0.06707543977282318,0.46845337667012515,0.06729613411965907,-0.021246662248583716,0.05739855514264117
tabred-weather,47,21,3.0,0.0008229868628056281,0.48554330033289345,0.4848493689198953,0.07815611470127891,0.41595069154233044,0.05827750612579763,0.0006939314129981826,0.06959260879056302
tabred-weather,47,21,10.0,0.0008229868628056281,0.46356919080799247,0.4295679758657122,0.09123734836615342,0.37841646585475175,0.053063009382353116,0.034001214942280214,0.08515272495324071
tabred-weather,47,21,30.0,0.0008229868628056281,0.45359647351037324,0.3858127690593166,0.09542024464231147,0.35422119499083393,0.050643811879937634,0.06778370445105665,0.09937527851953928
tabred-weather,47,21,100.0,0.0008229868628056281,0.4440042791021751,0.32975233811691135,0.0914943871436733,0.3310372875949143,0.05232853176525892,0.11425194098526373,0.1129669915072608
tabred-weather,48,12,0.01,0.00048139194532612707,0.9622402671425258,0.9476016575384351,0.008178584669048167,0.9826925224000707,0.004239895781896357,0.01463860960409067,-0.020452255257544877
tabred-weather,48,12,0.03,0.00048139194532612707,0.9021195542949194,0.8640913564711499,0.01943185479210665,0.9540198740407756,0.011074559591350248,0.03802819782376945,-0.051900319745856204
tabred-weather,48,12,0.1,0.00048139194532612707,0.7726504565194426,0.6842616357499091,0.035795650931363304,0.8856586038518025,0.027246566646814494,0.08838882076953355,-0.11300814733235985
tabred-weather,48,12,0.3,0.00048139194532612707,0.6138188565506502,0.46491653865729327,0.04013725690263247,0.7810853523047776,0.049899591168232726,0.14890231789335684,-0.1672664957541275
tabred-weather,48,12,1.0,0.00048139194532612707,0.4452406058146954,0.25096292510154994,0.028214900142402827,0.6278634295295565,0.0655366747207847,0.19427768071314544,-0.18262282371486116
tabred-weather,48,12,3.0,0.00048139194532612707,0.31225177726425446,0.12919084190678,0.01746458474140651,0.4761406091486866,0.05569916707809919,0.18306093535747447,-0.1638888318844321
tabred-weather,48,12,10.0,0.00048139194532612707,0.19045284021677217,0.06314803243709123,0.013553015593701234,0.3301112696018104,0.04075345899398593,0.12730480777968095,-0.13965842938503825
tabred-weather,48,12,30.0,0.00048139194532612707,0.10784362376656918,0.0345856111762826,0.01078885146453573,0.22289654365426864,0.04254609118854632,0.07325801259028658,-0.11505291988769947
tabred-weather,48,12,100.0,0.00048139194532612707,0.05044499402996022,0.018306398830458124,0.00671906923272293,0.12811502111229067,0.04447471181943079,0.0321385951995021,-0.07767002708233046
tabred-weather,49,32,0.01,0.0014471041209587919,0.8936393982368682,0.9158568106637508,0.055926303362021784,0.9149062966266016,0.0349420404393639,-0.022217412426882566,-0.021266898389733342
tabred-weather,49,32,0.03,0.0014471041209587919,0.8324995723972559,0.8618972327197391,0.06779338896565833,0.8620637418259752,0.03994238864543713,-0.02939766032248311,-0.029564169428719336
tabred-weather,49,32,0.1,0.0014471041209587919,0.7331414356225902,0.7687181215324344,0.10216431197009462,0.7777849384760507,0.05309528219875318,-0.035576685909844155,-0.04464350285346046
tabred-weather,49,32,0.3,0.0014471041209587919,0.6171115429030972,0.6531039414993791,0.14022948290722226,0.670854936883435,0.06584243614085185,-0.03599239859628181,-0.05374339398033774
tabred-weather,49,32,1.0,0.0014471041209587919,0.4708837104865588,0.5059380212572052,0.15949071750241336,0.525727955306286,0.06951423848874708,-0.03505431077064639,-0.05484424481972716
tabred-weather,49,32,3.0,0.0014471041209587919,0.3314623590523496,0.37029352281461025,0.14624251430703755,0.3889336085358374,0.06822406336070792,-0.03883116376226062,-0.05747124948348779
tabred-weather,49,32,10.0,0.0014471041209587919,0.20120242821164744,0.2350361952777185,0.10300905514745279,0.2562859380396705,0.0662672335524309,-0.03383376706607106,-0.055083509828023035
tabred-weather,49,32,30.0,0.0014471041209587919,0.12230042899727762,0.13628872637576467,0.057931996218302396,0.1605507333443632,0.06161073433594303,-0.013988297378487028,-0.038250304347085574
tabred-weather,49,32,100.0,0.0014471041209587919,0.07221244070542604,0.06581780768591841,0.02822639982833477,0.08707608426903124,0.0463280441700779,0.006394633019507633,-0.014863643563605193
tabred-weather,50,33,0.01,0.0018185081313633125,0.9759246972908001,0.9812750991503395,0.005709040696890847,0.9773512596790436,0.006623210961087843,-0.0053504018595393315,-0.0014265623882434143
tabred-weather,50,33,0.03,0.0018185081313633125,0.9377836426697619,0.9486573047611351,0.014876830211258803,0.9390308905744219,0.01679022534964406,-0.010873662091373264,-0.0012472479046601087
tabred-weather,50,33,0.1,0.0018185081313633125,0.8522801101719688,0.8643210231246152,0.03508779949827519,0.8458317330937097,0.036818977799952204,-0.012040912952646378,0.006448377078259049
tabred-weather,50,33,0.3,0.0018185081313633125,0.7309191170218086,0.7279048736617348,0.05951343495086469,0.7076693795033047,0.05787552123708737,0.0030142433600737466,0.023249737518503927
tabred-weather,50,33,1.0,0.0018185081313633125,0.565991989836178,0.5421933167782439,0.07318123761396696,0.5273545996082495,0.07807498489658553,0.023798673057934133,0.03863739022792855
tabred-weather,50,33,3.0,0.0018185081313633125,0.4059865061178113,0.3867486659069111,0.05806741314530685,0.3694063346265299,0.08605926352569432,0.01923784021090019,0.03658017149128142
tabred-weather,50,33,10.0,0.0018185081313633125,0.2494526389260835,0.25569043161099375,0.03208347375005829,0.22487048230714848,0.06953472659397647,-0.00623779268491025,0.024582156618935022
tabred-weather,50,33,30.0,0.0018185081313633125,0.13892660063582843,0.16836629159417987,0.026798667453111377,0.12636219866322482,0.04087968449517342,-0.029439690958351455,0.012564401972603613
tabred-weather,50,33,100.0,0.0018185081313633125,0.05944544602324565,0.09483471469298503,0.02371922822045217,0.05778589079709299,0.018082095927994993,-0.035389268669739384,0.0016595552261526555
tabred-weather,51,32,0.01,0.0012060095872352978,0.701933732606928,0.8442976286818896,0.04994021537787449,0.7450487878988882,0.07372871526660926,-0.14236389607496155,-0.04311505529196006
tabred-weather,51,32,0.03,0.0012060095872352978,0.5956734246783943,0.7580572636493152,0.05192847669328875,0.6734067844152108,0.06253244004422163,-0.16238383897092085,-0.0777333597368165
tabred-weather,51,32,0.1,0.0012060095872352978,0.48056716783898124,0.6353085724261774,0.04193009141677736,0.5883858528038233,0.04538179112634328,-0.15474140458719615,-0.10781868496484198
tabred-weather,51,32,0.3,0.0012060095872352978,0.3805791546051034,0.5038874335278936,0.03417799199540137,0.5035659774060182,0.03527055308235269,-0.12330827892279016,-0.12298682280091477
tabred-weather,51,32,1.0,0.0012060095872352978,0.28014290530308367,0.3595573282073868,0.032361799831621255,0.3916827278218997,0.03336390749918963,-0.07941442290430309,-0.11153982251881606
tabred-weather,51,32,3.0,0.0012060095872352978,0.1941720449893105,0.24105630535408262,0.0364399881825463,0.27759092372715477,0.03719399734597382,-0.046884260364772105,-0.08341887873784429
tabred-weather,51,32,10.0,0.0012060095872352978,0.1185022606300185,0.13969881972958825,0.0337473947754379,0.17031707125718537,0.03855760735815624,-0.02119655909956975,-0.05181481062716687
tabred-weather,51,32,30.0,0.0012060095872352978,0.07198088649505366,0.07692028053401624,0.024702447328591164,0.10415841496175068,0.03809616491463343,-0.0049393940389625855,-0.03217752846669703
tabred-weather,51,32,100.0,0.0012060095872352978,0.04040617915437455,0.03565686104471629,0.01375464258519566,0.06000144463683275,0.034251117881199555,0.0047493181096582545,-0.0195952654824582
tabred-weather,52,2,0.01,8.148594197341616e-08,0.99009900990099,0.99009900990099,0.0,0.99009900990099,0.0,0.0,0.0
tabred-weather,52,2,0.03,8.148594197341616e-08,0.9708737864077669,0.9708737864077669,0.0,0.9708737864077669,0.0,0.0,0.0
tabred-weather,52,2,0.1,8.148594197341616e-08,0.909090909090909,0.909090909090909,0.0,0.909090909090909,0.0,0.0,0.0
tabred-weather,52,2,0.3,8.148594197341616e-08,0.7692307692307693,0.7692307692307693,0.0,0.7692307692307693,0.0,0.0,0.0
tabred-weather,52,2,1.0,8.148594197341616e-08,0.5,0.5,0.0,0.5000000000000001,0.0,0.0,-8.120965089393071e-17
tabred-weather,52,2,3.0,8.148594197341616e-08,0.25000000000000006,0.25000000000000006,0.0,0.25000000000000006,0.0,0.0,0.0
tabred-weather,52,2,10.0,8.148594197341616e-08,0.09090909090909093,0.09090909090909091,1.1349393739240977e-17,0.09090909090909091,1.1349393739240977e-17,1.0151206361741339e-17,1.0151206361741339e-17
tabred-weather,52,2,30.0,8.148594197341616e-08,0.03225806451612904,0.03225806451612904,0.0,0.03225806451612904,0.0,0.0,0.0
tabred-weather,52,2,100.0,8.148594197341616e-08,0.009900990099009903,0.009900990099009901,1.4186742174051222e-18,0.009900990099009903,0.0,1.2689007952176674e-18,-1.2689007952176674e-18
tabred-weather,53,29,0.01,0.001130441556377041,0.9671401390931316,0.9582927599823543,0.0026069991404755,0.9285025801541061,0.04111322609675127,0.008847379110777287,0.03863755893902543
tabred-weather,53,29,0.03,0.001130441556377041,0.9445617260716751,0.9367477560885129,0.0030507233846999563,0.8971368512558592,0.04607013008937796,0.007813969983162144,0.04742487481581593
tabred-weather,53,29,0.1,0.001130441556377041,0.8877734257025527,0.8841052096673231,0.011383968745750326,0.8272286197001643,0.053404769818507745,0.0036682160352296414,0.0605448060023884
tabred-weather,53,29,0.3,0.001130441556377041,0.7714822993135315,0.779056210959634,0.031436890933693874,0.6967715332344967,0.06747958418902647,-0.007573911646102383,0.07471076607903487
tabred-weather,53,29,1.0,0.001130441556377041,0.552752415123793,0.5869968623143864,0.06546062665285961,0.4802078492151873,0.08137768069574412,-0.034244447190593365,0.07254456590860574
tabred-weather,53,29,3.0,0.001130441556377041,0.3253322701777813,0.3919713450106935,0.08616454704128929,0.28708343476156695,0.07473237130912856,-0.06663907483291215,0.038248835416214357
tabred-weather,53,29,10.0,0.001130441556377041,0.14340405691302827,0.22518398098830142,0.07917844370739187,0.14419698919386859,0.04587115309461877,-0.08177992407527317,-0.0007929322808403292
tabred-weather,53,29,30.0,0.001130441556377041,0.05839312005414966,0.12825555248641238,0.059319310462551775,0.07042537275000751,0.02099185711510983,-0.06986243243226271,-0.012032252695857852
tabred-weather,53,29,100.0,0.001130441556377041,0.01975897653044863,0.06476330084913769,0.037171338451730665,0.028812421208620143,0.007409320472865288,-0.04500432431868905,-0.009053444678171513
tabred-weather,54,32,0.01,0.0009986758679423433,0.9867914218685044,0.9710230372240256,0.0088691228508149,0.9739369166831509,0.006364836613193733,0.0157683846444788,0.012854505185353606
tabred-weather,54,32,0.03,0.0009986758679423433,0.9644007152861241,0.9238212016161538,0.021806179640416035,0.9319285296572217,0.014918102451131966,0.04057951366997046,0.03247218562890244
tabred-weather,54,32,0.1,0.0009986758679423433,0.9077991099735561,0.8161599131658521,0.044195055766566065,0.8363291777401872,0.027599303855652173,0.09163919680770391,0.07146993223336884
tabred-weather,54,32,0.3,0.0009986758679423433,0.8130277725277815,0.6676216919662423,0.0608237591078931,0.7020461806793231,0.03206701990920819,0.1454060805615391,0.11098159184845836
tabred-weather,54,32,1.0,0.0009986758679423433,0.6629698795586247,0.4814765146073525,0.06390635137821499,0.5325212163273151,0.02362440976517214,0.18149336495127225,0.13044866323130966
tabred-weather,54,32,3.0,0.0009986758679423433,0.503031747269985,0.32220194771305455,0.05331477768112079,0.3865956899158428,0.033821794726714954,0.18082979955693051,0.11643605735414223
tabred-weather,54,32,10.0,0.0009986758679423433,0.338530772858828,0.18712664981642935,0.040625488155654726,0.25103278167948884,0.04915667884297066,0.15140412304239864,0.08749799117933915
tabred-weather,54,32,30.0,0.0009986758679423433,0.22912841007218784,0.10611816057738933,0.03625737046221799,0.15407684851797368,0.04714049182577252,0.12301024949479851,0.07505156155421414
tabred-weather,54,32,100.0,0.0009986758679423433,0.14671000539363363,0.05247733475411967,0.028472746541636784,0.07829280455736104,0.03194028912630896,0.09423267063951396,0.0684172008362726
tabred-weather,55,33,0.01,0.0014005249052268288,0.9805402309334446,0.9695505228101875,0.010345804518728918,0.9805240783965453,0.00583880745531611,0.01098970812325702,1.615253689926924e-05
tabred-weather,55,33,0.03,0.0014005249052268288,0.9458501381256175,0.9345351165937128,0.017453511692337085,0.9461241679568637,0.015359323614804188,0.011315021531904666,-0.00027402983124623256
tabred-weather,55,33,0.1,0.0014005249052268288,0.8534719320159116,0.8592836590179191,0.025840471315072742,0.8563227400236834,0.03704386866518453,-0.00581172700200741,-0.0028508080077716295
tabred-weather,55,33,0.3,0.0014005249052268288,0.7006371017018527,0.7304707489352879,0.038132134323868305,0.712699414611706,0.0663254343680793,-0.0298336472334352,-0.012062312909853408
tabred-weather,55,33,1.0,0.0014005249052268288,0.48973818776069006,0.5287059755864215,0.052897875173548554,0.5218620353253725,0.09367118165569922,-0.0389677878257315,-0.0321238475646824
tabred-weather,55,33,3.0,0.0014005249052268288,0.31667196775173817,0.34661460801902494,0.05605877229558111,0.36416387475870055,0.09829589309770244,-0.029942640267286737,-0.04749190700696234
tabred-weather,55,33,10.0,0.0014005249052268288,0.18637752377033345,0.1980942457660393,0.04608765103464299,0.2300092696643203,0.08100754162007327,-0.011716721995705847,-0.04363174589398688
tabred-weather,55,33,30.0,0.0014005249052268288,0.11730187552333964,0.11046335222813358,0.03622851491521659,0.13954751098668275,0.05586380527896843,0.006838523295206052,-0.022245635463343103
tabred-weather,55,33,100.0,0.0014005249052268288,0.07062951658838675,0.05274308578804047,0.025731185843944918,0.07219414205559983,0.03198369336174841,0.017886430800346274,-0.0015646254672130949
tabred-weather,56,18,0.01,0.0009968188680753531,0.9785744320913689,0.9826383685560499,0.005950757708090639,0.8995063659895689,0.07169978659863677,-0.004063936464681077,0.07906806610179998
tabred-weather,56,18,0.03,0.0009968188680753531,0.9456828086758667,0.9577740101640174,0.016369311497683364,0.8699186428221097,0.06743870113262848,-0.012091201488150688,0.07576416585375699
tabred-weather,56,18,0.1,0.0009968188680753531,0.8584940620335226,0.8923573708716424,0.03969491903233544,0.8030633989292408,0.06282207438803067,-0.03386330883811973,0.05543066310428175
tabred-weather,56,18,0.3,0.0009968188680753531,0.7157113470186403,0.7860429624497143,0.06611003529346247,0.6994360304320087,0.08676397121416358,-0.07033161543107402,0.016275316586631595
tabred-weather,56,18,1.0,0.0009968188680753531,0.5215541097131052,0.6358429143946952,0.08904161885459592,0.5590905239027378,0.125938191252421,-0.11428880468158996,-0.037536414189632536
tabred-weather,56,18,3.0,0.0009968188680753531,0.36546910176514075,0.4946669368840968,0.10870894106414264,0.4329621119291964,0.14225421911222644,-0.12919783511895605,-0.0674930101640557
tabred-weather,56,18,10.0,0.0009968188680753531,0.24983730329128412,0.36183978987396026,0.13153384698730988,0.3079370233276,0.13006092770105418,-0.11200248658267616,-0.05809972003631583
tabred-weather,56,18,30.0,0.0009968188680753531,0.18318177912081396,0.27525474333938926,0.14449336622402734,0.20510388206369726,0.1021521132634464,-0.09207296421857529,-0.02192210294288331
tabred-weather,56,18,100.0,0.0009968188680753531,0.12247517361774712,0.21244724875022553,0.1393212125090246,0.11295998713177885,0.06902022346160355,-0.08997207513247839,0.009515186485968278
tabred-weather,57,33,0.01,0.0008910885257658404,0.984244258254725,0.9540596762723571,0.013058831417213817,0.9691143716963165,0.0050118372388684995,0.030184581982367797,0.015129886558408367
tabred-weather,57,33,0.03,0.0008910885257658404,0.9574473714313538,0.8911756061787427,0.022409189809627805,0.9209207826505249,0.010935138935038334,0.0662717652526111,0.03652658878082889
tabred-weather,57,33,0.1,0.0008910885257658404,0.8917887968586179,0.7755020552852577,0.025953512077373266,0.8165742101616282,0.01926737346112138,0.11628674157336011,0.07521458669698958
tabred-weather,57,33,0.3,0.0008910885257658404,0.7919260239364717,0.641742989254671,0.039753504033103695,0.6764324569319122,0.030585218468287188,0.15018303468180072,0.11549356700455943
tabred-weather,57,33,1.0,0.0008910885257658404,0.6512596470719348,0.48841820826818844,0.07367509344627801,0.5006332835229218,0.04737205905904793,0.16284143880374635,0.15062636354901304
tabred-weather,57,33,3.0,0.0008910885257658404,0.507509989534033,0.3570542801490115,0.09249471970748326,0.3510014558647064,0.04912745013672598,0.15045570938502154,0.15650853366932668
tabred-weather,57,33,10.0,0.0008910885257658404,0.3391329024550509,0.22718285133105748,0.08485809334028147,0.21975443407847717,0.03213661704668146,0.11195005112399342,0.11937846837657373
tabred-weather,57,33,30.0,0.0008910885257658404,0.2020106866577915,0.1305610535687368,0.06030128657965349,0.13239798150014975,0.020370131772241683,0.0714496330890547,0.06961270515764176
tabred-weather,57,33,100.0,0.0008910885257658404,0.10370817593679148,0.06126044080083814,0.032943803767058785,0.06805424356968112,0.016065860357400354,0.04244773513595334,0.035653932367110355
tabred-weather,58,33,0.01,0.0017559704588425758,0.9587079587012652,0.9434549632614835,0.007575368603699994,0.9708053194190535,0.0051962143661862074,0.01525299543978168,-0.012097360717788231
tabred-weather,58,33,0.03,0.0017559704588425758,0.8999903952863886,0.8863662645720378,0.013001879259110888,0.9271858751769719,0.011081421261763274,0.013624130714350759,-0.02719547989058337
tabred-weather,58,33,0.1,0.0017559704588425758,0.7823379750466687,0.7845371444893963,0.01885828905528452,0.8320794128615194,0.02162328751653551,-0.002199169442727581,-0.04974143781485078
tabred-weather,58,33,0.3,0.0017559704588425758,0.6341776667969784,0.6495445344795344,0.017134207372442978,0.6974943715153752,0.03495120586483671,-0.015366867682556037,-0.06331670471839684
tabred-weather,58,33,1.0,0.0017559704588425758,0.46307118995718505,0.4742029212289472,0.02356713954343399,0.5201197916926613,0.04455259791161486,-0.011131731271762127,-0.05704860173547631
tabred-weather,58,33,3.0,0.0017559704588425758,0.32603357510762304,0.3240859801636748,0.03340522391094952,0.36074992246592646,0.04363101247087542,0.0019475949439482566,-0.034716347358303416
tabred-weather,58,33,10.0,0.0017559704588425758,0.20914956067604745,0.19650616496654488,0.034201107629812065,0.21455829151336797,0.034626773665614764,0.012643395709502568,-0.005408730837320504
tabred-weather,58,33,30.0,0.0017559704588425758,0.13258968470479537,0.11601078014246301,0.026885679585919853,0.11977909838196865,0.024124985182203153,0.01657890456233236,0.012810586322826714
tabred-weather,58,33,100.0,0.0017559704588425758,0.07110147948786351,0.05907807325103229,0.016573808773421576,0.05601806362664612,0.015319596042398458,0.012023406236831216,0.015083415861217392
tabred-weather,59,27,0.01,0.0007519887631848377,0.9441818792961021,0.9524494281891972,0.017081360149475696,0.923693712439818,0.060351273878758126,-0.00826754889309513,0.020488166856284126
tabred-weather,59,27,0.03,0.0007519887631848377,0.8820483302713896,0.8904001697444442,0.03115634373707317,0.8541386450805183,0.09038465829836628,-0.008351839473054581,0.027909685190871437
tabred-weather,59,27,0.1,0.0007519887631848377,0.7633319309906513,0.7680960730544327,0.05848258105774475,0.7453104547845832,0.09503820050813498,-0.004764142063781433,0.018021476206068112
tabred-weather,59,27,0.3,0.0007519887631848377,0.6059941491268654,0.6238452850643039,0.08847900741161945,0.6170898301680192,0.07893481284863861,-0.01785113593743849,-0.011095681041153714
tabred-weather,59,27,1.0,0.0007519887631848377,0.42778548333664634,0.4773449679761361,0.10245599754207423,0.4638464371017275,0.0722382438791301,-0.0495594846394898,-0.03606095376508122
tabred-weather,59,27,3.0,0.0007519887631848377,0.3046280149364273,0.36317510018879484,0.09409441426225751,0.3324473294644715,0.07750886463608918,-0.05854708525236752,-0.027819314528044144
tabred-weather,59,27,10.0,0.0007519887631848377,0.21458487319410605,0.24863992207793412,0.07532372249110013,0.2165288422420196,0.07527799607640766,-0.03405504888382808,-0.0019439690479135408
tabred-weather,59,27,30.0,0.0007519887631848377,0.15417566466171104,0.15805616479104945,0.055329073724707196,0.13945945145647054,0.0610513563997064,-0.0038805001293384152,0.014716213205240495
tabred-weather,59,27,100.0,0.0007519887631848377,0.09683750468309865,0.09032477265551891,0.03454824724766714,0.07872434181152733,0.0364225069351056,0.006512732027579735,0.018113162871571324
tabred-weather,60,33,0.01,0.0010663926445729412,0.9861508703179401,0.9846995536150187,0.001464511025679704,0.9797543609938887,0.0066633849336165145,0.001451316702921386,0.006396509324051423
tabred-weather,60,33,0.03,0.0010663926445729412,0.9607860639268823,0.956967667352143,0.003981171045837996,0.9444679577373278,0.018019425361340564,0.0038183965747392913,0.016318106189554444
tabred-weather,60,33,0.1,0.0010663926445729412,0.8897291338499556,0.8800268038203313,0.011032057258005625,0.8543293025662644,0.04474703624195353,0.009702330029624296,0.03539983128369124
tabred-weather,60,33,0.3,0.0010663926445729412,0.7642666331762884,0.7437758812328354,0.02662658691843302,0.7141560870234632,0.07638235879725037,0.020490751943452862,0.05011054615282512
tabred-weather,60,33,1.0,0.0010663926445729412,0.5804447970457797,0.5403968350391465,0.05643376948036692,0.5301710061376862,0.09422727977286725,0.040047962006633256,0.05027379090809349
tabred-weather,60,33,3.0,0.0010663926445729412,0.4135651379920314,0.3592242311946599,0.07748008374612667,0.37203990994557307,0.08885267648887261,0.05434090679737146,0.04152522804645833
tabred-weather,60,33,10.0,0.0010663926445729412,0.2579793709751267,0.20870984823258862,0.0729190256044695,0.22987193769926542,0.07245246456499763,0.04926952274253807,0.028107433275861245
tabred-weather,60,33,30.0,0.0010663926445729412,0.14970556076078892,0.11856939507906572,0.052644249452010995,0.13485193436615275,0.05597203610369786,0.031136165681723213,0.014853626394636173
tabred-weather,60,33,100.0,0.0010663926445729412,0.07086506258335254,0.057221635909789154,0.02946126245713972,0.0670509753772384,0.03801717878478836,0.01364342667356338,0.0038140872061141265
tabred-weather,61,33,0.01,0.0008310225579893877,0.9821415054176209,0.9732579988057526,0.005197614323110119,0.9812439081603356,0.00870480092449248,0.008883506611868333,0.0008975972572853284
tabred-weather,61,33,0.03,0.0008310225579893877,0.9507074560045532,0.9370311177087267,0.006042088798297156,0.9492240209657952,0.021282240445027995,0.013676338295826467,0.001483435038758015
tabred-weather,61,33,0.1,0.0008310225579893877,0.8681664817664968,0.853811928085768,0.015414909606037223,0.8688302923949928,0.04291802899284195,0.014354553680728847,-0.0006638106284959588
tabred-weather,61,33,0.3,0.0008310225579893877,0.731038010316851,0.7203304569838953,0.03313973287480696,0.739979827207715,0.06092503918366057,0.010707553332955732,-0.00894181689086397
tabred-weather,61,33,1.0,0.0008310225579893877,0.5326390879541386,0.5290311193996183,0.05602165790073818,0.5531693291157294,0.0799298745919653,0.0036079685545202887,-0.020530241161590756
tabred-weather,61,33,3.0,0.0008310225579893877,0.3550955702143938,0.36632189115701,0.07310086170781313,0.3800974068478951,0.09851138162363277,-0.011226320942616252,-0.02500183663350135
tabred-weather,61,33,10.0,0.0008310225579893877,0.20291041621524783,0.2381368713523189,0.0768365822946274,0.22961486953170318,0.09996098463382752,-0.03522645513707109,-0.02670445331645535
tabred-weather,61,33,30.0,0.0008310225579893877,0.11082317756096086,0.15699728414885175,0.06468449571767118,0.1360158369644493,0.08031286404264831,-0.0461741065878909,-0.02519265940348843
tabred-weather,61,33,100.0,0.0008310225579893877,0.05160289569611508,0.08823723395405589,0.042881054765823066,0.06965051455732878,0.05034200926911965,-0.0366343382579408,-0.018047618861213695
tabred-weather,62,33,0.01,0.001494105699433516,0.9795019295389721,0.9723791978701635,0.00870600584656129,0.9806563404289164,0.005353787837496911,0.007122731668808527,-0.0011544108899442945
tabred-weather,62,33,0.03,0.001494105699433516,0.9437263907099119,0.9362592710618064,0.017513187537001967,0.9470956798886259,0.013751752350944781,0.007467119648105492,-0.003369289178713956
tabred-weather,62,33,0.1,0.001494105699433516,0.8518843874047546,0.8538330019380084,0.03796690148223775,0.8621814109269317,0.030832786818351728,-0.0019486145332537094,-0.010297023522177054
tabred-weather,62,33,0.3,0.001494105699433516,0.7045847609648584,0.7233694360714039,0.07045384891839229,0.729598885645709,0.04919003910837891,-0.018784675106545468,-0.02501412468085047
tabred-weather,62,33,1.0,0.001494105699433516,0.49946752525240773,0.5417858491569388,0.10836972277061571,0.5441996340574359,0.0665433109604433,-0.04231832390453113,-0.04473210880502814
tabred-weather,62,33,3.0,0.001494105699433516,0.32579905913399926,0.38218689129713496,0.1235469007443886,0.3702651268990256,0.07529194547074267,-0.056387832163135684,-0.04446606776502631
tabred-weather,62,33,10.0,0.001494105699433516,0.1879223806051545,0.2379691823771918,0.10172975203289174,0.21254334761649796,0.06944837641360614,-0.0500468017720373,-0.024620967011343465
tabred-weather,62,33,30.0,0.001494105699433516,0.10849711136607042,0.13806862824329835,0.061484727550015376,0.11586877500783621,0.052731400351641894,-0.02957151687722793,-0.007371663641765795
tabred-weather,62,33,100.0,0.001494105699433516,0.053640190525770785,0.0651269295323632,0.027161635423168313,0.05316191083228822,0.030138371886523855,-0.011486739006592406,0.00047827969348256935
tabred-weather,63,33,0.01,0.0014578735390761498,0.9808358964757806,0.9639842882753321,0.012774924188515887,0.9745161426580475,0.006284249771597191,0.016851608200448506,0.006319753817733085
tabred-weather,63,33,0.03,0.0014578735390761498,0.9464453654982656,0.9247890698596516,0.02001413907978156,0.9314353825228028,0.015158574420980947,0.021656295638613973,0.01500998297546283
tabred-weather,63,33,0.1,0.0014578735390761498,0.8534630985286744,0.8432235506473227,0.028718329188862867,0.8263423386424559,0.029909856474983933,0.010239547881351814,0.027120759886218548
tabred-weather,63,33,0.3,0.0014578735390761498,0.695108442059587,0.7141611955832619,0.03982434718420883,0.6699701741645944,0.041788007023934544,-0.019052753523674793,0.02513826789499264
tabred-weather,63,33,1.0,0.0014578735390761498,0.4727994093742054,0.5272350462615442,0.05446410660161722,0.47097432407273576,0.052265172845589236,-0.054435636887338774,0.0018250853014696495
tabred-weather,63,33,3.0,0.0014578735390761498,0.29711857824343335,0.3598348125093252,0.06699497554532069,0.30876804773186833,0.05723448759804028,-0.06271623426589185,-0.011649469488434963
tabred-weather,63,33,10.0,0.0014578735390761498,0.16934921016621046,0.2173211400423514,0.07403288507424129,0.1774624186836176,0.05143081735553922,-0.04797192987614093,-0.008113208517407126
tabred-weather,63,33,30.0,0.0014578735390761498,0.09772109595236647,0.12811304247788022,0.06488592302154789,0.10077953430767106,0.0393852381216861,-0.03039194652551374,-0.003058438355304586
tabred-weather,63,33,100.0,0.0014578735390761498,0.04694586346635983,0.06329758279124939,0.04005110538316429,0.051080841543376665,0.02648437469532826,-0.01635171932488956,-0.004134978077016839
tabred-weather,64,33,0.01,0.0015869861539629497,0.9803602939513653,0.9572161427006181,0.008658877367458384,0.9811001180010972,0.0059236208713846885,0.023144151250747206,-0.0007398240497319125
tabred-weather,64,33,0.03,0.0015869861539629497,0.9451938030731294,0.9141903154277122,0.010668920610567642,0.9477294281266431,0.015345946895832862,0.03100348764541716,-0.002535625053513677
tabred-weather,64,33,0.1,0.0015869861539629497,0.8514494975771443,0.8325360695495188,0.014264780047701837,0.8603370635232713,0.03471084084722652,0.01891342802762548,-0.008887565946127052
tabred-weather,64,33,0.3,0.0015869861539629497,0.6980307814434465,0.7100592596777658,0.026661006069654623,0.7187952272315502,0.05306077509191694,-0.012028478234319222,-0.020764445788103613
tabred-weather,64,33,1.0,0.0015869861539629497,0.48434170302935775,0.5329906945424316,0.04403851703656167,0.5255699951310601,0.0602220147530039,-0.04864899151307386,-0.04122829210170229
tabred-weather,64,33,3.0,0.0015869861539629497,0.2955142708514128,0.3703131325983501,0.053349722616707444,0.3623422393285489,0.0589193116628651,-0.0747988617469373,-0.06682796847713614
tabred-weather,64,33,10.0,0.0015869861539629497,0.14439349535201074,0.22540422420604156,0.04667188517199696,0.22647740133562522,0.05456617878190285,-0.08101072885403084,-0.0820839059836145
tabred-weather,64,33,30.0,0.0015869861539629497,0.06664199006618272,0.1302681050578235,0.030634933279444564,0.1386644487481892,0.04402727488659567,-0.06362611499164078,-0.07202245868200649
tabred-weather,64,33,100.0,0.0015869861539629497,0.02530657742356752,0.061769882538643524,0.014457648413692882,0.06998194538834604,0.025276647878287928,-0.036463305115076006,-0.044675367964778515
tabred-weather,65,33,0.01,0.0011331029092776703,0.9886570275527172,0.9402717315117137,0.01788364837716843,0.9841116088322874,0.004909695636712919,0.048385296041003494,0.0045454187204298025
tabred-weather,65,33,0.03,0.0011331029092776703,0.968168130579915,0.8838360822290112,0.02380110607290913,0.956212315278014,0.01287872039516169,0.08433204835090374,0.011955815301901018
tabred-weather,65,33,0.1,0.0011331029092776703,0.9108473594393054,0.7924024854044026,0.03008456588825684,0.8832800805217927,0.02999620596714836,0.11844487403490284,0.02756727891751268
tabred-weather,65,33,0.3,0.0011331029092776703,0.8023019036214295,0.6715687892879588,0.04438581063933342,0.7630331014964373,0.04726518250152087,0.13073311433347062,0.03926880212499208
tabred-weather,65,33,1.0,0.0011331029092776703,0.6096437838911208,0.5059542163245659,0.06346610785774155,0.5889845222518886,0.052573304467782724,0.10368956756655485,0.020659261639232287
tabred-weather,65,33,3.0,0.0011331029092776703,0.4024163561586493,0.35829431061110445,0.0714839369703858,0.4253910414608108,0.048957657881614776,0.04412204554754481,-0.022974685302161523
tabred-weather,65,33,10.0,0.0011331029092776703,0.2188513929394413,0.22894698383488213,0.06726969051644749,0.26798101540282515,0.04923526541267696,-0.010095590895440794,-0.0491296224633838
tabred-weather,65,33,30.0,0.0011331029092776703,0.11595429463217567,0.1417909106048093,0.053946025365108556,0.1565206644574096,0.04512826149693414,-0.02583661597263363,-0.0405663698252339
tabred-weather,65,33,100.0,0.0011331029092776703,0.052297514443497554,0.07307677730647219,0.032492377074131676,0.07601207613243012,0.03477796663441021,-0.02077926286297463,-0.02371456168893257
tabred-weather,66,33,0.01,0.0012472175043620984,0.9815157267690283,0.9711871504740096,0.0024370692891955235,0.9750317966647278,0.006956913472807782,0.010328576295018774,0.006483930104300475
tabred-weather,66,33,0.03,0.0012472175043620984,0.9491411114901143,0.9333459031577324,0.0056966099579958225,0.9343334479812709,0.017369122080634507,0.015795208332381877,0.014807663508843254
tabred-weather,66,33,0.1,0.0012472175043620984,0.8644086679731732,0.8481745910542594,0.014773301281166811,0.8406175316963519,0.037772754055936275,0.016234076918913688,0.023791136276821195
tabred-weather,66,33,0.3,0.0012472175043620984,0.7222810241560264,0.713670363392716,0.025121348860254897,0.7074599775026735,0.05944037646325125,0.008610660763310438,0.014821046653352767
tabred-weather,66,33,1.0,0.0012472175043620984,0.5134901869418236,0.5221057124127769,0.03142454010182947,0.5338755922524612,0.07525715905812685,-0.008615525470953426,-0.02038540531063766
tabred-weather,66,33,3.0,0.0012472175043620984,0.3318104674650999,0.3497518759755561,0.027586282723802317,0.3788445907942684,0.07543599487840122,-0.017941408510456194,-0.047034123329168474
tabred-weather,66,33,10.0,0.0012472175043620984,0.18794036437776976,0.2006481315356543,0.02055397738428721,0.23531193868175074,0.06395549435083857,-0.012707767157884556,-0.04737157430398099
tabred-weather,66,33,30.0,0.0012472175043620984,0.10409117633597122,0.11113866161642329,0.02139334158380288,0.13812644147491465,0.048766474511278975,-0.007047485280452063,-0.034035265138943435
tabred-weather,66,33,100.0,0.0012472175043620984,0.04796904486708683,0.054103940003882495,0.021290306822294533,0.06854029455405511,0.029267771921837864,-0.006134895136795667,-0.020571249686968274
tabred-weather,67,33,0.01,0.0015964295593990537,0.983827242624461,0.9775629176085394,0.005097761578714079,0.971260056340371,0.008589796437279853,0.006264325015921481,0.012567186284089937
tabred-weather,67,33,0.03,0.0015964295593990537,0.9549239391245602,0.9448666900575391,0.009672399440651583,0.9252361126317422,0.01939995222159953,0.010057249067021051,0.02968782649281792
tabred-weather,67,33,0.1,0.0015964295593990537,0.8761789856496773,0.8650981690393947,0.016895196882837176,0.821321117778225,0.03368094988271428,0.011080816610282524,0.054857867871452325
tabred-weather,67,33,0.3,0.0015964295593990537,0.7368442693402762,0.7307387111126298,0.028481328696285342,0.6757665065123873,0.04586446999317029,0.006105558227646461,0.06107776282788886
tabred-weather,67,33,1.0,0.0015964295593990537,0.524484174193047,0.5346405772644053,0.04811008332773065,0.49195285461574173,0.06868365897460336,-0.010156403071358216,0.03253131957730535
tabred-weather,67,33,3.0,0.0015964295593990537,0.33381840285606507,0.3629755558792796,0.06588534066407012,0.33821469990776176,0.0858383524692416,-0.02915715302321449,-0.004396297051696668
tabred-weather,67,33,10.0,0.0015964295593990537,0.17261866694102984,0.22025605334468196,0.07061739056112122,0.20685645684033438,0.08692008948651202,-0.047637386403652116,-0.03423778989930455
tabred-weather,67,33,30.0,0.0015964295593990537,0.0799414401119256,0.1306779663817536,0.05772555394303787,0.12206310783219067,0.07085676491393149,-0.050736526269828,-0.04212166772026507
tabred-weather,67,33,100.0,0.0015964295593990537,0.030343039593074855,0.06488764815803635,0.034419731155689096,0.060669401947701665,0.04341923342822079,-0.0345446085649615,-0.03032636235462681
tabred-weather,68,33,0.01,0.0012712648413324289,0.9822173666237488,0.9880195369269027,0.0026814316686011534,0.9791490623687646,0.007474130072743691,-0.005802170303153925,0.0030683042549841224
tabred-weather,68,33,0.03,0.0012712648413324289,0.9505495363440218,0.966618361073574,0.00688742611744717,0.9433601879256304,0.019165176367627407,-0.01606882472955217,0.007189348418391516
tabred-weather,68,33,0.1,0.0012712648413324289,0.8659359794546589,0.9073752373221536,0.017819374865803102,0.8539849143724033,0.04296510931309962,-0.04143925786749467,0.011951065082255642
tabred-weather,68,33,0.3,0.0012712648413324289,0.725081631010686,0.8007984257257679,0.03758983091442463,0.7165708551774378,0.06706409832053539,-0.07571679471508186,0.008510775833248272
tabred-weather,68,33,1.0,0.0012712648413324289,0.5301082054368432,0.6352336167424188,0.06368312669977552,0.5328530273825113,0.07903007583438557,-0.10512541130557562,-0.0027448219456681264
tabred-weather,68,33,3.0,0.0012712648413324289,0.3598876071308085,0.47618437918013246,0.07154638269153948,0.37305774018132276,0.07098199952892648,-0.11629677204932398,-0.0131701330505143
tabred-weather,68,33,10.0,0.0012712648413324289,0.20244450779194237,0.32212655124804196,0.05733115408453147,0.2297572424406507,0.04752303787413593,-0.11968204345609959,-0.027312734648708325
tabred-weather,68,33,30.0,0.0012712648413324289,0.10036690192797747,0.2065715657613043,0.03906782454134521,0.1337553844440407,0.034813988788822255,-0.10620466383332684,-0.033388482516063245
tabred-weather,68,33,100.0,0.0012712648413324289,0.03923081603777042,0.1095781972306192,0.024213762323707668,0.06663154340802555,0.03219169645694468,-0.07034738119284879,-0.027400727370255118
tabred-weather,69,33,0.01,0.0013888494120818003,0.9711443656127695,0.9698465580106028,0.007644013902783085,0.9756774117125827,0.00467866158908765,0.0012978076021666353,-0.004533046099813219
tabred-weather,69,33,0.03,0.0013888494120818003,0.9252295538092389,0.929608795848073,0.016284975962784526,0.9343658562115144,0.012092943421708904,-0.004379242038834167,-0.009136302402275547
tabred-weather,69,33,0.1,0.0013888494120818003,0.8195713218849504,0.8371673199813193,0.035036222247643654,0.8329838211132481,0.027763392484184468,-0.017595998096368883,-0.013412499228297604
tabred-weather,69,33,0.3,0.0013888494120818003,0.6591135789940051,0.6883272092647266,0.06104741975888318,0.6825159050804207,0.04103820364917781,-0.029213630270721463,-0.023402326086415577
tabred-weather,69,33,1.0,0.0013888494120818003,0.43683861090431986,0.47919142395770276,0.08030504701455052,0.4924652025003963,0.03381526405909709,-0.042352813053382884,-0.055626591596076455
tabred-weather,69,33,3.0,0.0013888494120818003,0.25757393145783536,0.3075910921236424,0.07784067803087356,0.3366945467762936,0.022397052427366334,-0.050017160665807005,-0.07912061531845824
tabred-weather,69,33,10.0,0.0013888494120818003,0.1312449176428365,0.17805612231113704,0.06474782493425768,0.21077243495408474,0.036188583661794914,-0.04681120466830054,-0.07952751731124826
tabred-weather,69,33,30.0,0.0013888494120818003,0.06590283617937236,0.10412979376658131,0.049325853861879265,0.1341371188255837,0.038814626484391906,-0.03822695758720896,-0.06823428264621136
tabred-weather,69,33,100.0,0.0013888494120818003,0.028153842251854272,0.05265022468925958,0.03116420925422047,0.07550436257449923,0.029463265295931053,-0.024496382437405314,-0.04735052032264497
tabred-weather,70,33,0.01,0.0010504940550375929,0.958603095599975,0.956998283291274,0.0066240159120567145,0.9809435897161295,0.002590012763876373,0.00160481230870104,-0.0223404941161544
tabred-weather,70,33,0.03,0.0010504940550375929,0.898573585578417,0.9117399095830435,0.008929534703866598,0.9480707855799562,0.00653396953276056,-0.013166324004626478,-0.04949720000153916
tabred-weather,70,33,0.1,0.0010504940550375929,0.7846717835916599,0.8279969011141266,0.009287814224843781,0.8645012858865144,0.016267620814168885,-0.04332511752246666,-0.07982950229485444
tabred-weather,70,33,0.3,0.0010504940550375929,0.6503974933073985,0.7083783242792403,0.014888480284534395,0.7319610065307189,0.03246793330099537,-0.05798083097184178,-0.0815635132233204
tabred-weather,70,33,1.0,0.0010504940550375929,0.4774605108575855,0.5355239499261306,0.03801982771737698,0.5481468188112343,0.05055293534030635,-0.058063439068545136,-0.0706863079536488
tabred-weather,70,33,3.0,0.0010504940550375929,0.3081910071606927,0.3708059468365849,0.05435120558468773,0.3802714961591308,0.054113576163856945,-0.0626149396758922,-0.07208048899843811
tabred-weather,70,33,10.0,0.0010504940550375929,0.16320946896593683,0.22060363545584158,0.05993324436652533,0.22428413232406982,0.037511750778576165,-0.05739416648990475,-0.061074663358133
tabred-weather,70,33,30.0,0.0010504940550375929,0.08788628343529148,0.1261297654752206,0.053335835316919045,0.12206601067377908,0.018578297814031735,-0.03824348203992911,-0.0341797272384876
tabred-weather,70,33,100.0,0.0010504940550375929,0.04495940662312393,0.06234261235157326,0.037119133934923984,0.05536214011975631,0.009447809004648455,-0.017383205728449338,-0.010402733496632384
tabred-weather,71,33,0.01,0.0022832889149610315,0.9746077242251455,0.9454354813646795,0.014541624266985225,0.9820793541794717,0.00802467796513084,0.029172242860466064,-0.007471629954326177
tabred-weather,71,33,0.03,0.0022832889149610315,0.9299771806304065,0.8968004658626284,0.019351996452244828,0.9516006808009513,0.019856336547543974,0.03317671476777803,-0.021623500170544797
tabred-weather,71,33,0.1,0.0022832889149610315,0.8150511543827069,0.8101155996493844,0.028964477740034335,0.8758295568509943,0.04095860147511927,0.004935554733322515,-0.060778402468287356
tabred-weather,71,33,0.3,0.0022832889149610315,0.6374136825811105,0.686819651618824,0.04092145004451947,0.756729163233413,0.05720331232271201,-0.049405969037713465,-0.11931548065230246
tabred-weather,71,33,1.0,0.0022832889149610315,0.4139116728046022,0.5179626532672916,0.04894150095288996,0.5831165077387138,0.06423474591784946,-0.1040509804626894,-0.16920483493411165
tabred-weather,71,33,3.0,0.0022832889149610315,0.24204742903962845,0.3672452480941644,0.046126248815635894,0.4116095180043101,0.07327196327710346,-0.12519781905453597,-0.1695620889646817
tabred-weather,71,33,10.0,0.0022832889149610315,0.11739744315380013,0.23059350685757596,0.038540794472728616,0.2502888320925864,0.0839974883130695,-0.11319606370377581,-0.13289138893878627
tabred-weather,71,33,30.0,0.0022832889149610315,0.056845249772585524,0.1389368406560755,0.029798607557456776,0.14536782007590612,0.07611671932304419,-0.08209159088349,-0.0885225703033206
tabred-weather,71,33,100.0,0.0022832889149610315,0.025448362369133806,0.07060311458654293,0.018301590842480363,0.06988276557256055,0.04846582502566001,-0.04515475221740914,-0.04443440320342675
tabred-weather,72,33,0.01,0.0013443577136202465,0.9774821250257224,0.9528104165824728,0.00464693066558395,0.9781855117679119,0.004703092011978642,0.024671708443249653,-0.0007033867421894872
tabred-weather,72,33,0.03,0.0013443577136202465,0.9386324777383233,0.9103598643917147,0.00938763605926657,0.9409542292509039,0.011805495842991641,0.02827261334660861,-0.002321751512580572
tabred-weather,72,33,0.1,0.0013443577136202465,0.8406434947950551,0.8228086870515752,0.031762243621194966,0.8487523762196464,0.025485943620582093,0.017834807743479904,-0.008108881424591275
tabred-weather,72,33,0.3,0.0013443577136202465,0.6883549056565795,0.684497268922226,0.05988585222275068,0.7091676106675943,0.03740205604246176,0.0038576367343535795,-0.02081270501101478
tabred-weather,72,33,1.0,0.0013443577136202465,0.47775049148385224,0.49091701643055974,0.07675280343001191,0.5257964396595903,0.04245913469442352,-0.013166524946707506,-0.04804594817573808
tabred-weather,72,33,3.0,0.0013443577136202465,0.28950923084774693,0.327085093022526,0.07027245199615326,0.3663598950348721,0.04566377101956061,-0.03757586217477901,-0.07685066418712512
tabred-weather,72,33,10.0,0.0013443577136202465,0.1447509819487245,0.19388874977330234,0.05169320876567889,0.22561726940763446,0.04912345300173019,-0.04913776782457783,-0.08086628745890996
tabred-weather,72,33,30.0,0.0013443577136202465,0.0753768081577069,0.11378123955683216,0.036710466499037996,0.13361514798488622,0.041511340216544866,-0.03840443139912524,-0.058238339827179325
tabred-weather,72,33,100.0,0.0013443577136202465,0.03769732670069794,0.05790394985387495,0.024087940231105626,0.06660382708201426,0.023033104276131724,-0.020206623153177013,-0.028906500381316324
tabred-weather,73,33,0.01,0.001638232218583267,0.9854120135108702,0.9856468841634936,0.00352444969246342,0.9805077576491564,0.004524658316446424,-0.00023487065262346228,0.004904255861713738
tabred-weather,73,33,0.03,0.001638232218583267,0.9589453500303575,0.9597066189526848,0.009726069685498336,0.9458982864504194,0.012192618653127159,-0.0007612689223272602,0.013047063579938121
tabred-weather,73,33,0.1,0.001638232218583267,0.886054637951517,0.88621323101932,0.02521278906963033,0.8544991409309622,0.030235398741068547,-0.00015859306780309168,0.0315554970205548
tabred-weather,73,33,0.3,0.001638232218583267,0.7595950739140008,0.7497526979072145,0.04510879608984719,0.7054206409834637,0.05191503779494986,0.009842376006786252,0.05417443293053716
tabred-weather,73,33,1.0,0.001638232218583267,0.572446768685652,0.5392458703479609,0.05797363868763356,0.5025355114521759,0.0641138622370633,0.03320089833769121,0.0699112572334762
tabred-weather,73,33,3.0,0.001638232218583267,0.39695353988283055,0.3533334364072246,0.054555747685847075,0.3350407474087339,0.057033619148510434,0.043620103475605985,0.06191279247409667
tabred-weather,73,33,10.0,0.001638232218583267,0.23359582323355194,0.19979192758386022,0.039191113308370135,0.19998522929420323,0.038966748103574096,0.033803895649691725,0.033610593939348704
tabred-weather,73,33,30.0,0.001638232218583267,0.1257930233790252,0.10977902934479283,0.030585364358878722,0.1174544337950978,0.027346746815426627,0.016013994034232364,0.008338589583927393
tabred-weather,73,33,100.0,0.001638232218583267,0.05465002612418028,0.053103893310554554,0.023601170096457964,0.06043602564012858,0.01992682342551383,0.00154613281362573,-0.0057859995159483014
tabred-weather,74,33,0.01,0.0011398408605893372,0.978911180587265,0.9672405906277289,0.0051450469595089015,0.9783209698445845,0.003505533199475547,0.01167058995953602,0.0005902107426804511
tabred-weather,74,33,0.03,0.0011398408605893372,0.942794041166134,0.9245125159047229,0.007973376557177034,0.9405521765676131,0.009068388338633696,0.018281525261411007,0.002241864598520859
tabred-weather,74,33,0.1,0.0011398408605893372,0.850085831012422,0.8274413581943463,0.017489424893404937,0.8443627174745776,0.01962915731992951,0.02264447281807574,0.0057231135378444445
tabred-weather,74,33,0.3,0.0011398408605893372,0.693536000161962,0.6791975485894813,0.034023418391506556,0.6947982907465277,0.02431486462155853,0.014338451572480652,-0.0012622905845656436
tabred-weather,74,33,1.0,0.0011398408605893372,0.4578392208974792,0.48432955718527687,0.055177700378525166,0.49544294131984085,0.01907401963998587,-0.02649033628779771,-0.03760372042236165
tabred-weather,74,33,3.0,0.0011398408605893372,0.2565682068917626,0.32562076683233343,0.06499631075004854,0.32785360563832955,0.03606371782148506,-0.06905255994057086,-0.07128539874656697
tabred-weather,74,33,10.0,0.0011398408605893372,0.11760209270112787,0.19513592542314032,0.05393171965765125,0.19400480955538496,0.04822920453648846,-0.07753383272201246,-0.0764027168542571
tabred-weather,74,33,30.0,0.0011398408605893372,0.05405856245082366,0.11220704191763983,0.03583827729419651,0.11694022190058512,0.04571551076527803,-0.05814847946681618,-0.06288165944976146
tabred-weather,74,33,100.0,0.0011398408605893372,0.02132184829109496,0.053586446254717174,0.019897419797015592,0.06379364294408459,0.033639617773979155,-0.03226459796362221,-0.04247179465298962
tabred-weather,75,33,0.01,0.0014820610154208744,0.9524448536273812,0.9671056671278762,0.008352139141203984,0.9794831150387084,0.002843538676609443,-0.014660813500494982,-0.027038261411327327
tabred-weather,75,33,0.03,0.0014820610154208744,0.8807145158955709,0.9221114756592045,0.015524307024273128,0.9440166928645869,0.006982674458864425,-0.04139695976363358,-0.063302176969016
tabred-weather,75,33,0.1,0.0014820610154208744,0.7353171717318238,0.8210921045949758,0.03168281451615372,0.853811049073121,0.01596946630045477,-0.08577493286315205,-0.11849387734129722
tabred-weather,75,33,0.3,0.0014820610154208744,0.5590802645121069,0.6684865842466456,0.05451670496107149,0.7109783177001443,0.032448294665762496,-0.10940631973453868,-0.1518980531880373
tabred-weather,75,33,1.0,0.0014820610154208744,0.35953052712083367,0.4691953055880692,0.07017575175231403,0.5156722525276257,0.061208864405848884,-0.10966477846723555,-0.15614172540679203
tabred-weather,75,33,3.0,0.0014820610154208744,0.20344639821353985,0.3069224625200334,0.06770725946746438,0.348561036776779,0.08132105164252938,-0.10347606430649356,-0.14511463856323917
tabred-weather,75,33,10.0,0.0014820610154208744,0.09063141260105048,0.1771572310747982,0.05803092998066102,0.2090910378634113,0.08374751499938357,-0.0865258184737477,-0.11845962526236081
tabred-weather,75,33,30.0,0.0014820610154208744,0.039069649923109254,0.10197698861724759,0.04794529692659681,0.12322275163658634,0.07393268629098097,-0.06290733869413834,-0.08415310171347709
tabred-weather,75,33,100.0,0.0014820610154208744,0.014597832095502677,0.051443139176635316,0.03303318975778956,0.06385330327551803,0.055169213133539806,-0.036845307081132636,-0.04925547118001535
tabred-weather,76,33,0.01,0.0015996900950319911,0.9738701504294995,0.9727831200485673,0.00704606903378163,0.9726566907230263,0.00459764220639187,0.001087030380932219,0.001213459706473241
tabred-weather,76,33,0.03,0.0015996900950319911,0.9288202107477376,0.930791361538415,0.01460252644270766,0.9269563109770412,0.010489041186391643,-0.001971150790677451,0.0018638997706963193
tabred-weather,76,33,0.1,0.0015996900950319911,0.81633019361363,0.8302390480191295,0.03283918293035355,0.8178355986459176,0.018618768689717426,-0.013908854405499478,-0.0015054050322875123
tabred-weather,76,33,0.3,0.0015996900950319911,0.6482742298200542,0.6777565560496006,0.06034239959714441,0.6614275051826253,0.025505898338824044,-0.029482326229546316,-0.013153275362570977
tabred-weather,76,33,1.0,0.0015996900950319911,0.4403254664241329,0.47975533442068413,0.0831625516173773,0.4694407034859198,0.0417315169927615,-0.039429867996551224,-0.029115237061786925
tabred-weather,76,33,3.0,0.0015996900950319911,0.2769068064390696,0.31774395861999,0.087637826773802,0.31302211128418866,0.05143567272449509,-0.04083715218092037,-0.03611530484511903
tabred-weather,76,33,10.0,0.0015996900950319911,0.14805323415328359,0.18723963055994686,0.07991736029053113,0.18251997161663555,0.04407603256293556,-0.03918639640666325,-0.03446673746335196
tabred-weather,76,33,30.0,0.0015996900950319911,0.07559083602270603,0.10893643758199144,0.06062936414900588,0.10377385241899315,0.028496026461279245,-0.03334560155928542,-0.028183016396287123
tabred-weather,76,33,100.0,0.0015996900950319911,0.033305960542142306,0.053406370558227265,0.034459926182977045,0.05101782555583675,0.012475950018973557,-0.02010041001608496,-0.017711865013694438
tabred-weather,77,33,0.01,0.0012670745879906668,0.9791921223395081,0.9754572174525303,0.005229418530860071,0.9774532008592675,0.009169970261432741,0.0037349048869778465,0.001738921480240744
tabred-weather,77,33,0.03,0.0012670745879906668,0.9442509496422155,0.9375995538730889,0.010627949282096184,0.9407542822852593,0.022432559370358405,0.006651395769126487,0.0034966673569561675
tabred-weather,77,33,0.1,0.0012670745879906668,0.8613000849139293,0.8481770268294561,0.02129029784399576,0.8551471386338444,0.04685576812380434,0.01312305808447326,0.0061529462800848965
tabred-weather,77,33,0.3,0.0012670745879906668,0.7423851631216414,0.7078713650954046,0.03993171573076093,0.7292165839893652,0.07085736286639789,0.034513798026236726,0.01316857913227621
tabred-weather,77,33,1.0,0.0012670745879906668,0.5848039389239773,0.5143213836794509,0.061810522363870364,0.5568050629308119,0.08694659496152059,0.0704825552445264,0.02799887599316542
tabred-weather,77,33,3.0,0.0012670745879906668,0.4358389112563243,0.3484209266465506,0.06898815654953695,0.3933167202657719,0.08627021021775493,0.08741798460977371,0.042522190990552385
tabred-weather,77,33,10.0,0.0012670745879906668,0.2879710720046224,0.2074268876576029,0.06163964485471574,0.23486011892822628,0.0721636941009386,0.08054418434701954,0.05311095307639614
tabred-weather,77,33,30.0,0.0012670745879906668,0.1784113382814983,0.11722524225453505,0.0439607844528849,0.1281072404602793,0.0527205418900102,0.06118609602696325,0.050304097821219
tabred-weather,77,33,100.0,0.0012670745879906668,0.09251419618937021,0.05416714842366624,0.022092376396342237,0.0568617437983783,0.030712936708235442,0.03834704776570396,0.0356524523909919
tabred-weather,78,33,0.01,0.0013962570800574497,0.9853862120613098,0.9765678064929888,0.002673882405027338,0.9724581510031848,0.0053318922416452355,0.00881840556832101,0.012928061058125002
tabred-weather,78,33,0.03,0.0013962570800574497,0.9592018789374842,0.9370187033870734,0.007013396554123206,0.9272100265528649,0.01314771245711357,0.022183175550410834,0.03199185238461938
tabred-weather,78,33,0.1,0.0013962570800574497,0.8874537493563319,0.8392015755856758,0.01812781957324217,0.8206874960503006,0.03678684853196518,0.04825217377065617,0.06676625330603131
tabred-weather,78,33,0.3,0.0013962570800574497,0.7579792581001821,0.6880514469018284,0.0358281904073896,0.668478733794227,0.07990980248572083,0.06992781119835373,0.08950052430595516
tabred-weather,78,33,1.0,0.0013962570800574497,0.5526333899588445,0.4881239748030119,0.0533555604444563,0.4852434539813977,0.12220924042717012,0.0645094151558326,0.06738993597744682
tabred-weather,78,33,3.0,0.0013962570800574497,0.3654836090256121,0.32517537696103815,0.05685881105265233,0.34087606930058495,0.128805674579412,0.04030823206457393,0.024607539725027116
tabred-weather,78,33,10.0,0.0013962570800574497,0.21994441823227057,0.1963542804670754,0.05052430179057104,0.21583817306382205,0.10055039728317848,0.023590137765195165,0.004106245168448513
tabred-weather,78,33,30.0,0.0013962570800574497,0.1380628739765518,0.11872083124041406,0.03918732554155625,0.12884787379924764,0.05965280544555179,0.019342042736137724,0.00921500017730414
tabred-weather,78,33,100.0,0.0013962570800574497,0.0773220448450909,0.060714294889133984,0.023528616020948172,0.06225801761352398,0.023785847001156914,0.016607749955956923,0.015064027231566924
tabred-weather,79,33,0.01,0.0015675810470790036,0.9832274039290501,0.9728208754754031,0.009771637334698179,0.9758788153449786,0.00869648634408555,0.010406528453646938,0.0073485885840714775
tabred-weather,79,33,0.03,0.0015675810470790036,0.9537963039104481,0.9312230826267105,0.021047888049486714,0.9351027336378042,0.02260607419470626,0.0225732212837376,0.018693570272643907
tabred-weather,79,33,0.1,0.0015675810470790036,0.8767402262558815,0.8342464501747139,0.03905354298732563,0.8350111499315555,0.05244536558244863,0.04249377608116772,0.041729076324326125
tabred-weather,79,33,0.3,0.0015675810470790036,0.7471046421007235,0.6845226622044057,0.0588787639270666,0.6842032330119634,0.08535555627025189,0.06258197989631775,0.06290140908876003
tabred-weather,79,33,1.0,0.0015675810470790036,0.5463196139102797,0.48417394977655753,0.07534273026602434,0.4890868337010508,0.10587355345585564,0.06214566413372218,0.05723278020922889
tabred-weather,79,33,3.0,0.0015675810470790036,0.35201321433717375,0.3218769715511954,0.07566907726663435,0.3278995739921775,0.1020234483030938,0.03013624278597837,0.024113640344996246
tabred-weather,79,33,10.0,0.0015675810470790036,0.19403340783225967,0.19307614159739916,0.06196123014001148,0.19497391870983857,0.07876172487628334,0.0009572662348605106,-0.000940510877578891
tabred-weather,79,33,30.0,0.0015675810470790036,0.11231013819508749,0.11364048111580777,0.043792754862967735,0.1118250845808876,0.04962761737684908,-0.0013303429207202672,0.00048505361419990826
tabred-weather,79,33,100.0,0.0015675810470790036,0.06111611973208861,0.05548221583480605,0.023947035599492326,0.0529992403059494,0.022461530150656096,0.005633903897282557,0.008116879426139206
tabred-weather,80,33,0.01,0.0009313234148203308,0.9889763754785992,0.92937354196352,0.03644161251890233,0.9803752503005391,0.005455081629352817,0.05960283351507922,0.008601125178060113
tabred-weather,80,33,0.03,0.0009313234148203308,0.969006044224378,0.8580953927037831,0.056481321818095974,0.9473050636253649,0.013933818099746571,0.11091065152059491,0.021700980599013008
tabred-weather,80,33,0.1,0.0009313234148203308,0.9131349103388304,0.7484380275132586,0.0703410455511878,0.8655641759044098,0.0337586267710218,0.16469688282557182,0.04757073443442068
tabred-weather,80,33,0.3,0.0009313234148203308,0.8084420460615567,0.625868064700961,0.0792522850117843,0.7372820652299408,0.06227610872910173,0.18257398136059566,0.0711599808316159
tabred-weather,80,33,1.0,0.0009313234148203308,0.6261123841426551,0.47859076471074036,0.0868432359637223,0.5526043987273539,0.08447465161148854,0.14752161943191472,0.0735079854153012
tabred-weather,80,33,3.0,0.0009313234148203308,0.4304477216774964,0.34810393633496844,0.08677865690271688,0.37393624036134565,0.07631334873197301,0.08234378534252794,0.05651148131615071
tabred-weather,80,33,10.0,0.0009313234148203308,0.2506223282812227,0.22340045091992472,0.07351562327654292,0.21092588314994473,0.05064839687522964,0.027221877361298,0.03969644513127801
tabred-weather,80,33,30.0,0.0009313234148203308,0.14321993737525035,0.13151521908733035,0.0510317469387981,0.11327462543837434,0.03507383606543885,0.011704718287919977,0.029945311936875996
tabred-weather,80,33,100.0,0.0009313234148203308,0.07315489293493671,0.061176806858634976,0.026610711795983493,0.053190441016162694,0.026600502404079296,0.011978086076301743,0.019964451918774027
tabred-weather,81,33,0.01,0.0015312090255077333,0.9818030817735015,0.916795335928379,0.0338735712437568,0.980469167017877,0.008450074459219145,0.06500774584512246,0.0013339147556245944
tabred-weather,81,33,0.03,0.0015312090255077333,0.9501597412933968,0.8348137125612891,0.05118226050508164,0.9482735258273979,0.01942077299399286,0.11534602873210759,0.0018862154659988718
tabred-weather,81,33,0.1,0.0015312090255077333,0.8681447790600518,0.7136060029389306,0.05799978495680694,0.870472576308441,0.03513592062293832,0.1545387761211212,-0.002327797248389099
tabred-weather,81,33,0.3,0.0015312090255077333,0.7325987329373433,0.579466050987562,0.05996553089792534,0.7482425721649982,0.043411882391678515,0.15313268194978136,-0.015643839227654943
tabred-weather,81,33,1.0,0.0015312090255077333,0.5313690403972162,0.4243641955863281,0.06418885738272048,0.5670734290790455,0.0499554752669358,0.10700484481088814,-0.0357043886818292
tabred-weather,81,33,3.0,0.0015312090255077333,0.34093729606003137,0.29896593498503,0.06689819317217614,0.3890102640726549,0.06283813653085223,0.04197136107500136,-0.048072968012623535
tabred-weather,81,33,10.0,0.0015312090255077333,0.1783432917645642,0.18885238584538305,0.06398820293805202,0.2268794456434219,0.06217974684417194,-0.010509094080818862,-0.04853615387885771
tabred-weather,81,33,30.0,0.0015312090255077333,0.08778520919811365,0.11141783308600783,0.050658247370810545,0.12667376365015667,0.0467272471415632,-0.02363262388789419,-0.03888855445204301
tabred-weather,81,33,100.0,0.0015312090255077333,0.03672542599281458,0.052207294714267626,0.02932606418800451,0.059498359591592304,0.026332944288766987,-0.015481868721453044,-0.022772933598777724
tabred-weather,82,33,0.01,0.0007834632786419426,0.8939603976992057,0.9006538646268031,0.007057196622518549,0.8941848452097341,0.03904906493508315,-0.006693466927597449,-0.0002244475105284167
tabred-weather,82,33,0.03,0.0007834632786419426,0.8284212450301557,0.8192821740187568,0.016502262867489532,0.8210411845983024,0.0645129126792869,0.009139071011398868,0.007380060431853158
tabred-weather,82,33,0.1,0.0007834632786419426,0.7172428176339112,0.6942130894979145,0.026366783744047485,0.7004168713522998,0.10029586847350816,0.023029728135996685,0.016825946281611465
tabred-weather,82,33,0.3,0.0007834632786419426,0.593613388966205,0.5538641415918997,0.029424256381376315,0.568366493875875,0.1200855009391004,0.0397492473743053,0.02524689509032996
tabred-weather,82,33,1.0,0.0007834632786419426,0.46213241279357975,0.39572006403661203,0.03279366738295437,0.42666313241193277,0.1147071680715787,0.06641234875696776,0.035469280381647
tabred-weather,82,33,3.0,0.0007834632786419426,0.34507078607335906,0.2710055454808748,0.03179306159166002,0.3121197652812731,0.09382092731592864,0.07406524059248425,0.03295102079208594
tabred-weather,82,33,10.0,0.0007834632786419426,0.21782715430288188,0.16779329929040449,0.02936833966956592,0.20972043783464697,0.06543322065724017,0.050033855012477396,0.008106716468234909
tabred-weather,82,33,30.0,0.0007834632786419426,0.12427511530436759,0.09988847311893752,0.02494978919767205,0.13598954995252882,0.04264143054433413,0.024386642185430078,-0.011714434648161236
tabred-weather,82,33,100.0,0.0007834632786419426,0.05873749669825191,0.048451926746772046,0.015696640848599737,0.07425920316600701,0.028961450260245436,0.010285569951479868,-0.015521706467755105
tabred-weather,83,33,0.01,0.0011317442088745262,0.9800219813267917,0.9515868361606507,0.0314988484230881,0.9742390305393258,0.009640384097030733,0.028435145166141033,0.005782950787465873
tabred-weather,83,33,0.03,0.0011317442088745262,0.9457086406668465,0.8955262490740614,0.05444460233667648,0.9351937584685518,0.01801677142099035,0.05018239159278496,0.010514882198294684
tabred-weather,83,33,0.1,0.0011317442088745262,0.859758081535239,0.7892949821411608,0.08557331136900954,0.8471076040992901,0.025815500241249546,0.07046309939407824,0.012650477435948897
tabred-weather,83,33,0.3,0.0011317442088745262,0.7256658259960064,0.6512577932635526,0.11318265297452977,0.7180991990339137,0.03191198838597749,0.07440803273245378,0.007566626962092721
tabred-weather,83,33,1.0,0.0011317442088745262,0.535936175985099,0.48084339044999713,0.12574930111589894,0.5458849022248332,0.04585573497010533,0.05509278553510186,-0.00994872623973416
tabred-weather,83,33,3.0,0.0011317442088745262,0.36183410837653224,0.3406944276210869,0.11900069070240558,0.39626002258000526,0.06196924804053319,0.02113968075544527,-0.034425914203473046
tabred-weather,83,33,10.0,0.0011317442088745262,0.22165186771335763,0.22635787262889365,0.1062879961761565,0.26958978857647786,0.07102577559853816,-0.00470600491553603,-0.04793792086312025
tabred-weather,83,33,30.0,0.0011317442088745262,0.14661881654838055,0.15445189812943055,0.09210237865615545,0.18997743743401482,0.06992046669590406,-0.007833081581050014,-0.04335862088563427
tabred-weather,83,33,100.0,0.0011317442088745262,0.09127800758307127,0.10021168366891686,0.0729202991896894,0.126535485682905,0.06045244925961217,-0.008933676085845594,-0.03525747809983373
tabred-weather,84,33,0.01,0.001040963947564437,0.9821285502257826,0.9500163531420374,0.00835203031067472,0.9794293293541126,0.008664326681341317,0.03211219708374527,0.0026992208716699454
tabred-weather,84,33,0.03,0.001040963947564437,0.9506967838969181,0.889661730344109,0.012665388440901267,0.9444787732739616,0.022299756424544574,0.061035053552809186,0.006218010622956602
tabred-weather,84,33,0.1,0.001040963947564437,0.8693942914185067,0.7836233142534507,0.01669269649266723,0.8584403080239016,0.0509971641556178,0.08577097716505602,0.010953983394605031
tabred-weather,84,33,0.3,0.001040963947564437,0.7415424543321053,0.6462184869499463,0.019728570391541123,0.7274648187240603,0.08214903413697841,0.095323967382159,0.014077635608045052
tabred-weather,84,33,1.0,0.001040963947564437,0.5672265247010814,0.4627937762641978,0.02674266038842908,0.5484387657865076,0.09552840728543209,0.10443274843688358,0.018787758914573727
tabred-weather,84,33,3.0,0.001040963947564437,0.40276000695944486,0.303893605375741,0.032262409568200194,0.38196230480419924,0.07804997386130115,0.09886640158370383,0.020797702155245592
tabred-weather,84,33,10.0,0.001040963947564437,0.24398351586383876,0.17356313406767818,0.029639241713773738,0.2276195531282274,0.04859769004696407,0.0704203817961606,0.016363962735611373
tabred-weather,84,33,30.0,0.001040963947564437,0.1355956909263088,0.09668147810494683,0.02190090299765657,0.1272234058138105,0.030552108442796787,0.038914212821361975,0.008372285112498297
tabred-weather,84,33,100.0,0.001040963947564437,0.05961279702160543,0.04528826468114322,0.012199489921708693,0.05857984983108715,0.019220836454477273,0.014324532340462203,0.0010329471905182802
tabred-weather,85,32,0.01,0.0015819955070243397,0.9538536311267687,0.9514417780162703,0.016095220820568468,0.9498217691929384,0.01803483719379067,0.0024118531104984882,0.004031861933830356
tabred-weather,85,32,0.03,0.0015819955070243397,0.890638959145788,0.8883417783349822,0.02821441595028234,0.889690623117847,0.03368911517542894,0.002297180810805831,0.0009483360279410105
tabred-weather,85,32,0.1,0.0015819955070243397,0.7676234129349557,0.7725645953126017,0.03845716425734919,0.781342652312411,0.05565694841314654,-0.004941182377645963,-0.013719239377455178
tabred-weather,85,32,0.3,0.0015819955070243397,0.6218557485239292,0.6334081513946296,0.04956761201436626,0.6498165672940447,0.07090887243809833,-0.011552402870700296,-0.027960818770115494
tabred-weather,85,32,1.0,0.0015819955070243397,0.450674650262052,0.46760592164368914,0.05648653419807508,0.4865917671485801,0.07416386056557724,-0.016931271381637105,-0.035917116886528065
tabred-weather,85,32,3.0,0.0015819955070243397,0.29892299075606754,0.32708347593169607,0.04640930095406566,0.3395279566292495,0.06472420166670916,-0.028160485175628518,-0.04060496587318195
tabred-weather,85,32,10.0,0.0015819955070243397,0.17302521456267167,0.20119615946705824,0.031000655297342593,0.20240132472492395,0.04478121105604647,-0.02817094490438656,-0.029376110162252268
tabred-weather,85,32,30.0,0.0015819955070243397,0.10328019189732002,0.11492223651339832,0.021369698017116807,0.11275940914627801,0.028804363995107995,-0.011642044616078309,-0.009479217248957995
tabred-weather,85,32,100.0,0.0015819955070243397,0.05781028436752034,0.05279397284772831,0.013659499214224331,0.05378945641337924,0.017519010068036384,0.005016311519792024,0.0040208279541410945
tabred-weather,86,5,0.01,3.464572752481837e-05,0.8811193371846001,0.8967441150354967,0.03797564571386704,0.971819281496419,0.02170448118318538,-0.015624777850896634,-0.09069994431181898
tabred-weather,86,5,0.03,3.464572752481837e-05,0.7186613778370994,0.7591106298812957,0.06543679512194404,0.9295040898463254,0.05026812384720559,-0.040449252044196304,-0.21084271200922597
tabred-weather,86,5,0.1,3.464572752481837e-05,0.4599904129877491,0.532908648702935,0.06606873905557498,0.8418056451457983,0.09150317322857801,-0.07291823571518587,-0.3818152321580491
tabred-weather,86,5,0.3,3.464572752481837e-05,0.26458288092542936,0.3321695435025734,0.03968899955584365,0.7174006008273267,0.11980877582384422,-0.06758666257714405,-0.45281771990189734
tabred-weather,86,5,1.0,3.464572752481837e-05,0.1497408171474431,0.17703968252652139,0.02366695506293695,0.5287790367821784,0.14450383384488627,-0.027298865379078295,-0.37903821963473533
tabred-weather,86,5,3.0,3.464572752481837e-05,0.09671709660061469,0.09383465448538066,0.018503879598476925,0.34081003926410697,0.1413249344879233,0.0028824421152340318,-0.2440929426634923
tabred-weather,86,5,10.0,3.464572752481837e-05,0.05555859956765197,0.04384912441873542,0.014599051499558839,0.17213981173409082,0.09961167322869162,0.011709475148916546,-0.11658121216643887
tabred-weather,86,5,30.0,3.464572752481837e-05,0.02685966165396383,0.01960437790264165,0.009216690858054629,0.07598830250609026,0.052166730526263555,0.0072552837513221785,-0.04912864085212643
tabred-weather,86,5,100.0,3.464572752481837e-05,0.009678326507207208,0.006966942620178819,0.0038836136304952877,0.026191463603162417,0.019432270278624056,0.002711383887028388,-0.01651313709595521
tabred-weather,87,27,0.01,0.0009084809213338811,0.9164439293762067,0.9343937136591846,0.022787733214594683,0.9176067133319983,0.027498117723620062,-0.017949784282977846,-0.0011627839557916133
tabred-weather,87,27,0.03,0.0009084809213338811,0.8194368559012889,0.854569241194298,0.04813450059200365,0.8310661645259864,0.04958977128012585,-0.035132385293009064,-0.011629308624697412
tabred-weather,87,27,0.1,0.0009084809213338811,0.6643325184016121,0.7218664380232412,0.08400394288215146,0.6957397926085763,0.0695353848214413,-0.057533919621629105,-0.03140727420696425
tabred-weather,87,27,0.3,0.0009084809213338811,0.5037278646317264,0.5774272383749418,0.10958361146241449,0.555524914996086,0.0783190684279429,-0.07369937374321545,-0.05179705036435974
tabred-weather,87,27,1.0,0.0009084809213338811,0.33997663281462626,0.4107317284257968,0.11233737185902878,0.40736817687981863,0.08042076103445306,-0.07075509561117053,-0.0673915440651924
tabred-weather,87,27,3.0,0.0009084809213338811,0.21554302893928293,0.2705173181236577,0.08810107463264406,0.2839634994126656,0.0759079823939792,-0.05497428918437478,-0.06842047047338265
tabred-weather,87,27,10.0,0.0009084809213338811,0.11530256490014584,0.15512616802960977,0.05153607359365936,0.17119826532344776,0.06482946591660466,-0.03982360312946394,-0.055895700423301914
tabred-weather,87,27,30.0,0.0009084809213338811,0.059879123992808876,0.08955445854983372,0.027192651678205067,0.09815768506380354,0.047887485051069635,-0.02967533455702485,-0.038278561070994664
tabred-weather,87,27,100.0,0.0009084809213338811,0.029253268780526878,0.04847277344553875,0.015602460866611066,0.048238477576216264,0.027185954774996336,-0.01921950466501187,-0.018985208795689386
tabred-weather,88,23,0.01,0.0006215124681817877,0.9435102394609032,0.9677049771714058,0.010629515389676172,0.9600907857665344,0.022544194032726075,-0.024194737710502668,-0.01658054630563128
tabred-weather,88,23,0.03,0.0006215124681817877,0.8616998696166479,0.9183954470955309,0.02406256460509183,0.9109204978852091,0.04366514585014887,-0.056695577478882916,-0.049220628268561224
tabred-weather,88,23,0.1,0.0006215124681817877,0.7083560087141112,0.8115493977020288,0.040093798419013275,0.8196824975436308,0.0660038931082693,-0.10319338898791769,-0.11132648882951961
tabred-weather,88,23,0.3,0.0006215124681817877,0.5386896911441844,0.6631982380552296,0.044238020804443896,0.7049951845321456,0.07397614818994974,-0.12450854691104517,-0.1663054933879612
tabred-weather,88,23,1.0,0.0006215124681817877,0.3501805363493954,0.4709683693573777,0.04853613665821916,0.5613637402770338,0.07462728796010262,-0.12078783300798235,-0.2111832039276385
tabred-weather,88,23,3.0,0.0006215124681817877,0.20208064952171217,0.3089794276516906,0.05351231804978065,0.4291893796827881,0.0832613181406489,-0.10689877812997843,-0.2271087301610759
tabred-weather,88,23,10.0,0.0006215124681817877,0.09807565445863207,0.17593537392001118,0.04913339744220799,0.29942444054594214,0.0867455293953591,-0.07785971946137912,-0.20134878608731005
tabred-weather,88,23,30.0,0.0006215124681817877,0.050850338886052414,0.09861136932301964,0.03789426519480243,0.20219647574587704,0.07254887180817378,-0.04776103043696722,-0.1513461368598246
tabred-weather,88,23,100.0,0.0006215124681817877,0.026542785206979516,0.049044985827398586,0.023639577096393197,0.11916946706210178,0.049118988290154514,-0.02250220062041907,-0.09262668185512227
tabred-weather,89,24,0.01,0.0010413416105176287,0.9606352360633112,0.9675438327545329,0.009827216883345827,0.9629679017630342,0.008413683343368544,-0.00690859669122174,-0.002332665699722996
tabred-weather,89,24,0.03,0.0010413416105176287,0.9000105465537896,0.9183097546538863,0.021389133572169053,0.907517270535649,0.020736467755232513,-0.018299208100096685,-0.007506723981859392
tabred-weather,89,24,0.1,0.0010413416105176287,0.7757810411424555,0.8139165519418028,0.03626702709010359,0.7939909194051631,0.046431770957491195,-0.03813551079934739,-0.018209878262707643
tabred-weather,89,24,0.3,0.0010413416105176287,0.633671426972603,0.6772947136462857,0.04233128770212625,0.6555715461195474,0.07632223036639488,-0.043623286673682704,-0.02190011914694437
tabred-weather,89,24,1.0,0.0010413416105176287,0.4926566422514429,0.5167471372250972,0.044846851007843636,0.5030266797987973,0.10560441912987839,-0.024090494973654362,-0.010370037547354424
tabred-weather,89,24,3.0,0.0010413416105176287,0.3895814881859008,0.3876375681649928,0.05025920877243807,0.3857578633011796,0.11797008336371377,0.0019439200209080574,0.003823624884721192
tabred-weather,89,24,10.0,0.0010413416105176287,0.2899172748570042,0.2655770182008389,0.04425966364918249,0.2796278528235725,0.10548083400323285,0.0243402566561653,0.010289422033431693
tabred-weather,89,24,30.0,0.0010413416105176287,0.1990135175707284,0.17162196804278096,0.029390850326912205,0.19370344136236078,0.0776258087868421,0.027391549527947465,0.005310076208367631
tabred-weather,89,24,100.0,0.0010413416105176287,0.1142039232842064,0.09903524493196582,0.021012146171971828,0.11626390803717372,0.045275495288691146,0.01516867835224057,-0.0020599847529673256
tabred-weather,90,33,0.01,0.0007896596275181483,0.9772840389874085,0.9625659594350577,0.008096547632115838,0.9772584691811186,0.003354535249751166,0.014718079552350693,2.556980628989772e-05
tabred-weather,90,33,0.03,0.0007896596275181483,0.9373320842248066,0.9234771534016268,0.015717718227568796,0.9375944563024596,0.008921820424674907,0.013854930823179772,-0.00026237207765298693
tabred-weather,90,33,0.1,0.0007896596275181483,0.8343470555366642,0.8384620385096553,0.0333945645674951,0.8362065146182333,0.020925632674221244,-0.004114982972991057,-0.0018594590815690449
tabred-weather,90,33,0.3,0.0007896596275181483,0.6735979573306444,0.7000622607768185,0.055671941299246,0.6779573176604226,0.032354199099625516,-0.02646430344617414,-0.004359360329778095
tabred-weather,90,33,1.0,0.0007896596275181483,0.46395409360623996,0.5026375867338924,0.0705096035031105,0.47056131703248355,0.03556565670798788,-0.038683493127652346,-0.006607223426243558
tabred-weather,90,33,3.0,0.0007896596275181483,0.29422238641784904,0.33208591216510436,0.0663872488244255,0.30182453656514757,0.0308768969765098,-0.03786352574725532,-0.007602150147298567
tabred-weather,90,33,10.0,0.0007896596275181483,0.16026676831898687,0.1905610276272493,0.05619464812812039,0.16653161617650405,0.025713348001926577,-0.030294259308262437,-0.006264847857517204
tabred-weather,90,33,30.0,0.0007896596275181483,0.08226767216278091,0.10549492333324549,0.04672805749461151,0.08810595125599466,0.022789583666056535,-0.02322725117046457,-0.005838279093213738
tabred-weather,90,33,100.0,0.0007896596275181483,0.033994896362524826,0.04846769972367473,0.02815062339411197,0.03940813933172873,0.0159244849000221,-0.0144728033611499,-0.005413242969203903
tabred-weather,91,33,0.01,0.00182176333226486,0.9779631665917599,0.9230354035630999,0.011250079686268143,0.9840606981404744,0.0061671898192335725,0.05492776302865995,-0.006097531548714513
tabred-weather,91,33,0.03,0.00182176333226486,0.9405367292127914,0.8617292777047186,0.013479938688166689,0.9557795272286224,0.016149408845789477,0.07880745150807277,-0.015242798015830948
tabred-weather,91,33,0.1,0.00182176333226486,0.8481680966700614,0.7662512289408757,0.024989291523965753,0.8806918491923379,0.037145417147899235,0.08191686772918562,-0.032523752522276496
tabred-weather,91,33,0.3,0.00182176333226486,0.7044598345715597,0.6421087347358292,0.047663339456677487,0.7541327453240386,0.05873044327319392,0.06235109983573047,-0.049672910752479
tabred-weather,91,33,1.0,0.00182176333226486,0.501218042494696,0.47467586344630663,0.0804568765659114,0.5649431767318006,0.07469606592546298,0.026542179048389437,-0.0637251342371045
tabred-weather,91,33,3.0,0.00182176333226486,0.32009432957613726,0.3265079980045642,0.10110816376041544,0.3872045848605026,0.0824387905928804,-0.006413668428426961,-0.0671102552843653
tabred-weather,91,33,10.0,0.00182176333226486,0.17316040434093824,0.20034716849538395,0.09807524751590738,0.23144256050418058,0.0792607038223406,-0.0271867641544457,-0.05828215616324233
tabred-weather,91,33,30.0,0.00182176333226486,0.08961421581546845,0.12252868126418966,0.07904016878698952,0.13482421539371545,0.06615466126737272,-0.0329144654487212,-0.045209999578247
tabred-weather,91,33,100.0,0.00182176333226486,0.03799803667415878,0.06591793391051125,0.05307914184660256,0.06795354161847411,0.045781121714958205,-0.02791989723635246,-0.02995550494431532
tabred-weather,92,33,0.01,0.0018585044670948083,0.982880155040657,0.929136747179869,0.01341298302957881,0.9769041998902016,0.007658039873217847,0.05374340786078793,0.005975955150455422
tabred-weather,92,33,0.03,0.0018585044670948083,0.9526905627429674,0.8889998588712983,0.016309384225334376,0.9368400560071899,0.01984838193093192,0.06369070387166915,0.015850506735777543
tabred-weather,92,33,0.1,0.0018585044670948083,0.8734271563271673,0.8163493563469114,0.026321443222875576,0.8355423049929236,0.04504428304913913,0.05707779998025586,0.037884851334243685
tabred-weather,92,33,0.3,0.0018585044670948083,0.7405496017074894,0.6994302926838033,0.03828817043839528,0.6783270362276944,0.07029875673995656,0.041119309023686074,0.06222256547979496
tabred-weather,92,33,1.0,0.0018585044670948083,0.5358611398133546,0.5236679738761426,0.03788546439262149,0.46831483239981087,0.07898368480024193,0.012193165937211956,0.06754630741354373
tabred-weather,92,33,3.0,0.0018585044670948083,0.3357972251643732,0.36261788104788456,0.03280891285115304,0.2936666191981833,0.0643105537636205,-0.026820655883511336,0.042130605966189894
tabred-weather,92,33,10.0,0.0018585044670948083,0.16963632912128487,0.22395087510002995,0.04619707362068057,0.15669935802390825,0.042918324715023715,-0.05431454597874508,0.012936971097376635
tabred-weather,92,33,30.0,0.0018585044670948083,0.08085100172818044,0.1366130523171946,0.05189840738742526,0.08134972045498311,0.027797660159462254,-0.05576205058901416,-0.0004987187268026723
tabred-weather,92,33,100.0,0.0018585044670948083,0.0314677331038122,0.07235867138737165,0.03940223903114168,0.03687162134752191,0.016177688839518405,-0.04089093828355945,-0.005403888243709705
tabred-weather,93,33,0.01,0.001110468687377041,0.9913791657895555,0.9896163871034636,0.002813799287627184,0.9871393280708683,0.0018720445342167659,0.001762778686091977,0.004239837718687199
tabred-weather,93,33,0.03,0.001110468687377041,0.9751911048830798,0.9701477522544251,0.007903283950448,0.9631039947453937,0.005274476608465896,0.005043352628654687,0.012087110137686114
tabred-weather,93,33,0.1,0.001110468687377041,0.927211530082505,0.9123232558416946,0.02182321048520665,0.8927482206500209,0.014489348717816073,0.014888274240810368,0.034463309432484115
tabred-weather,93,33,0.3,0.001110468687377041,0.8334305238671158,0.7972937608643973,0.04528522292519036,0.7591830951555361,0.028828934935325016,0.0361367630027186,0.07424742871157984
tabred-weather,93,33,1.0,0.001110468687377041,0.6757165406418141,0.5981277477570719,0.07419991411612839,0.5477525077927181,0.04412565833008148,0.07758879288474219,0.12796403284909594
tabred-weather,93,33,3.0,0.001110468687377041,0.5200280680264487,0.40054367744759367,0.0881445935027827,0.3551784721399669,0.053504151700446784,0.119484390578855,0.16484959588648182
tabred-weather,93,33,10.0,0.001110468687377041,0.38618363511533044,0.23273708875487842,0.08614248436149737,0.19903202673115203,0.05432954615793858,0.153446546360452,0.18715160838417838
tabred-weather,93,33,30.0,0.001110468687377041,0.30378567813846974,0.13622653788807154,0.07232565761120216,0.11182283198180946,0.04388660554777275,0.1675591402503982,0.1919628461566603
tabred-weather,93,33,100.0,0.001110468687377041,0.22674572735540507,0.07225777592575396,0.04947839179639595,0.057318317705299625,0.03066353366016543,0.1544879514296511,0.16942740965010544
tabred-weather,94,30,0.01,0.003954344905244042,0.972076037111494,0.9658422629157613,0.01185755826227276,0.9521919022062529,0.011681995016345089,0.006233774195732834,0.01988413490524108
tabred-weather,94,30,0.03,0.003954344905244042,0.92532510012007,0.9143459279861758,0.028498087216573376,0.9040855300926616,0.024264910887231834,0.01097917213389429,0.021239570027408408
tabred-weather,94,30,0.1,0.003954344905244042,0.8054699683318214,0.8080091126176685,0.05609629093165222,0.8070309601351062,0.04680364255115403,-0.0025391442858470714,-0.001560991803284855
tabred-weather,94,30,0.3,0.003954344905244042,0.624703832319753,0.6764516639819648,0.07709390644837165,0.6819259172751103,0.06740426597913034,-0.05174783166221175,-0.05722208495535735
tabred-weather,94,30,1.0,0.003954344905244042,0.4165272246783405,0.5282486485607092,0.08384149476047897,0.536384170992382,0.07304000383368003,-0.1117214238823687,-0.11985694631404148
tabred-weather,94,30,3.0,0.003954344905244042,0.27525481351411124,0.4094411934284955,0.07655519895884828,0.41546343563987576,0.05943071569860513,-0.13418637991438426,-0.14020862212576454
tabred-weather,94,30,10.0,0.003954344905244042,0.17754228847696016,0.2995877586775809,0.06058569309538527,0.29899569255085756,0.03437023305148682,-0.12204547020062073,-0.12145340407389739
tabred-weather,94,30,30.0,0.003954344905244042,0.12368859819736654,0.21470694032221263,0.046122411763337146,0.20528010514955017,0.019196420780911702,-0.09101834212484611,-0.08159150695218363
tabred-weather,94,30,100.0,0.003954344905244042,0.08721273480095235,0.13655531963858833,0.04090023910630046,0.12212043878134086,0.024942957019485856,-0.04934258483763597,-0.03490770398038852
tabred-weather,95,7,0.01,0.00014970363094018088,0.9914928907470074,0.9894673109977659,0.002333182035555313,0.9905698707812716,0.004227490104690949,0.002025579749241632,0.0009230199657359107
tabred-weather,95,7,0.03,0.00014970363094018088,0.9751353798436132,0.9692714326144447,0.0066898780285267025,0.9724281715501376,0.012277516753495253,0.005863947229168422,0.0027072082934755854
tabred-weather,95,7,0.1,0.00014970363094018088,0.9238065450250291,0.9064571501697746,0.019237643164108205,0.9155070795552481,0.0367843562008733,0.017349394855254562,0.00829946546978095
tabred-weather,95,7,0.3,0.00014970363094018088,0.8120988591374958,0.7736171331874513,0.040591824016068125,0.7927728492480554,0.08515900584104909,0.03848172595004455,0.01932600988944053
tabred-weather,95,7,1.0,0.00014970363094018088,0.5958790403958113,0.5377336342338875,0.060770448479226795,0.5678531898309735,0.1522787427958293,0.0581454061619237,0.02802585056483775
tabred-weather,95,7,3.0,0.00014970363094018088,0.3578706450684637,0.31441687618676206,0.06000699103449763,0.3468089033683615,0.17427666923719018,0.04345376888170164,0.011061741700102197
tabred-weather,95,7,10.0,0.00014970363094018088,0.15501216606660695,0.14252229768490693,0.04216895966625702,0.16649061122520112,0.13018731499979697,0.012489868381699997,-0.01147844515859419
tabred-weather,95,7,30.0,0.00014970363094018088,0.060018104740201236,0.05888912919365098,0.021897939658628067,0.07153680361982888,0.06841455802559947,0.0011289755465502573,-0.011518698879627635
tabred-weather,95,7,100.0,0.00014970363094018088,0.019167686428016372,0.019622474145301844,0.008096796843560178,0.024333183768988152,0.025385057498204425,-0.00045478771728547137,-0.005165497340971779
tabred-weather,96,31,0.01,0.0017914992499036277,0.9880463250658239,0.9900827996200094,0.002563042642612888,0.9901323317432466,0.0014671936462726132,-0.0020364745541856005,-0.002086006677422655
tabred-weather,96,31,0.03,0.0017914992499036277,0.9652537347371922,0.9710928416448384,0.007444287539137308,0.9712237643403413,0.0042934848068039684,-0.005839106907646215,-0.0059700296031491035
tabred-weather,96,31,0.1,0.0017914992499036277,0.8954379300476473,0.9122483046491934,0.02233354435590379,0.9125221495189376,0.013176846753712073,-0.016810374601546066,-0.017084219471290383
tabred-weather,96,31,0.3,0.0017914992499036277,0.7531670679303466,0.7889612152312843,0.05214465793886213,0.7890038606888721,0.03216584704035175,-0.03579414730093768,-0.03583679275852549
tabred-weather,96,31,1.0,0.0017914992499036277,0.5188124614629809,0.5746034772771407,0.09698353005193368,0.5721941182888409,0.0635997347764217,-0.05579101581415984,-0.053381656825860095
tabred-weather,96,31,3.0,0.0017914992499036277,0.31834722962660805,0.3769068920207285,0.12194605780684026,0.368782841007292,0.08106132077597897,-0.05855966239412046,-0.05043561138068392
tabred-weather,96,31,10.0,0.0017914992499036277,0.17397179761134263,0.22082331229030902,0.11404385511487426,0.20616111027717343,0.06952863707464231,-0.04685151467896639,-0.03218931266583079
tabred-weather,96,31,30.0,0.0017914992499036277,0.0988191527549709,0.12999211926492574,0.08645167985380697,0.11441825959082187,0.044156476404548735,-0.03117296650995485,-0.015599106835850972
tabred-weather,96,31,100.0,0.0017914992499036277,0.05160419527716938,0.06684615807174667,0.05270025416919864,0.05597741146476848,0.02179036824669362,-0.015241962794577284,-0.004373216187599091
tabred-weather,97,22,0.01,0.0023061683468450418,0.9293682043624808,0.9666057802360324,0.012663696883323377,0.9783115008854665,0.011351620576365804,-0.03723757587355161,-0.048943296522985756
tabred-weather,97,22,0.03,0.0023061683468450418,0.846766487311073,0.9198020522693122,0.02300745813472404,0.9463006150602492,0.022406217889293978,-0.07303556495823922,-0.0995341277491762
tabred-weather,97,22,0.1,0.0023061683468450418,0.7197205505184838,0.8241093507155203,0.04067104781719837,0.8707679065915722,0.0346666520847756,-0.10438880019703647,-0.1510473560730884
tabred-weather,97,22,0.3,0.0023061683468450418,0.5827384352214225,0.6918136338039688,0.07005934046607348,0.7386613095051664,0.04298396473895799,-0.10907519858254623,-0.15592287428374393
tabred-weather,97,22,1.0,0.0023061683468450418,0.41241801700793684,0.5121415243479733,0.09904608785422683,0.5276281532470383,0.053149424115244856,-0.09972350734003649,-0.11521013623910145
tabred-weather,97,22,3.0,0.0023061683468450418,0.2678051527943475,0.3475944754997451,0.1038118956638395,0.3383184105467995,0.06322169416169593,-0.07978932270539758,-0.07051325775245199
tabred-weather,97,22,10.0,0.0023061683468450418,0.1447389604437391,0.20151683573819296,0.08533290026987123,0.18698141658343412,0.059491834177645524,-0.056777875294453856,-0.042242456139694996
tabred-weather,97,22,30.0,0.0023061683468450418,0.06933289963017131,0.10934129218384059,0.05705869913816574,0.09918828871651067,0.043949725571390055,-0.04000839255366928,-0.029855389086339366
tabred-weather,97,22,100.0,0.0023061683468450418,0.025905540106424728,0.048386267762945925,0.028994014289127255,0.04484363457405956,0.02620691323426177,-0.022480727656521197,-0.01893809446763483
tabred-weather,98,24,0.01,0.0017726923041664526,0.9882881017599157,0.9896958417422991,0.0030029431698576415,0.9883610759793581,0.0015545201248783045,-0.001407739982383374,-7.297421944232176e-05
tabred-weather,98,24,0.03,0.0017726923041664526,0.9658885678736727,0.9701479142253427,0.008656269497252516,0.9663564837533151,0.004435806149452103,-0.0042593463516700375,-0.0004679158796423819
tabred-weather,98,24,0.1,0.0017726923041664526,0.8966811543193697,0.9109555131224186,0.02540825725775032,0.9003642379073838,0.01262051360639485,-0.014274358803048982,-0.003683083588014196
tabred-weather,98,24,0.3,0.0017726923041664526,0.7526162273898851,0.792321215444895,0.05702467199936272,0.7712276050044927,0.026542543415534466,-0.03970498805500989,-0.01861137761460761
tabred-weather,98,24,1.0,0.0017726923041664526,0.5073312866210301,0.596549499909111,0.10044923472429529,0.5670685991993688,0.04092422992135616,-0.08921821328808081,-0.05973731257833862
tabred-weather,98,24,3.0,0.0017726923041664526,0.29552261933643154,0.41813795319421615,0.1223465381052529,0.38758470367708897,0.03903819200906398,-0.12261533385778461,-0.09206208434065742
tabred-weather,98,24,10.0,0.0017726923041664526,0.14619855771959162,0.26522017276524584,0.11479678617334854,0.23814493224821615,0.03053645310642441,-0.11902161504565421,-0.09194637452862454
tabred-weather,98,24,30.0,0.0017726923041664526,0.06997961333601173,0.159872610650097,0.08543810957004637,0.14540102016725967,0.038982048863577604,-0.08989299731408526,-0.07542140683124794
tabred-weather,98,24,100.0,0.0017726923041664526,0.02698404776762652,0.0773210308543273,0.046354687338699914,0.07764013715504504,0.0353617778825846,-0.05033698308670078,-0.05065608938741853
tabred-weather,99,11,0.01,0.0009012342994276617,0.9868178154877477,0.9898077348169692,0.0021196475083242123,0.9888915477960207,0.004479166140915173,-0.0029899193292214333,-0.00207373230827302
tabred-weather,99,11,0.03,0.0009012342994276617,0.9618604109824416,0.9702684952448734,0.006022453988177338,0.9677846216559727,0.012860009922297251,-0.008408084262431786,-0.005924210673531008
tabred-weather,99,11,0.1,0.0009012342994276617,0.8867174912933904,0.9094856914401687,0.01682532792611964,0.9037072974783961,0.037234691709866125,-0.02276820014677824,-0.016989806185005618
tabred-weather,99,11,0.3,0.0009012342994276617,0.7381223917182245,0.7804201330350502,0.033300574650615596,0.7754736212607639,0.08086090393630897,-0.04229774131682575,-0.037351229542539416
tabred-weather,99,11,1.0,0.0009012342994276617,0.49760430281379503,0.5469491620650268,0.04380611252441102,0.5681555227263517,0.13405195413717616,-0.04934485925123172,-0.0705512199125567
tabred-weather,99,11,3.0,0.0009012342994276617,0.2849562073409374,0.31884258811237587,0.03597409321869014,0.38510219842639304,0.1555667027847099,-0.033886380771438455,-0.10014599108545562
tabred-weather,99,11,10.0,0.0009012342994276617,0.12812822422007525,0.1415086462170829,0.018919413795772475,0.23058080133825656,0.13903925674548068,-0.013380421997007626,-0.1024525771181813
tabred-weather,99,11,30.0,0.0009012342994276617,0.054349887468478644,0.05809017647065801,0.007818471615609463,0.1262257895193831,0.09402035696743215,-0.0037402890021793677,-0.07187590205090444
tabred-weather,99,11,100.0,0.0009012342994276617,0.018957089939244838,0.01963803325844333,0.0026147051910483136,0.052113483880184344,0.04300575956406714,-0.0006809433191984906,-0.033156393940939506
