scope,dataset,model,method,seed,problem_type,n_test,raw_loss_recomputed,raw_loss_stored,method_loss_recomputed,method_loss_stored,absolute_loss_mismatch,raw_loss_mismatch,method_loss_mismatch,loss_matches_tolerance
general,mfeat-fourier,controlled_mlp,Raw,0,classification,400,0.588789536684125,0.588789536684125,0.588789536684125,0.588789536684125,0.0,0.0,0.0,True
general,mfeat-fourier,controlled_mlp,Raw+Gram@0.5,0,classification,400,0.588789536684125,0.588789536684125,0.5848318727966317,0.5848318727966317,0.0,0.0,0.0,True
general,mfeat-fourier,controlled_mlp,Raw+Gram@0.75,0,classification,400,0.588789536684125,0.588789536684125,0.6168454260697952,0.6168454260697952,0.0,0.0,0.0,True
general,mfeat-fourier,controlled_mlp,PureGram,0,classification,400,0.588789536684125,0.588789536684125,0.6931816067213841,0.6931816067213841,0.0,0.0,0.0,True
general,mfeat-fourier,controlled_mlp,GuardedGram-G2-g0p0-t01,0,classification,400,0.588789536684125,0.588789536684125,0.6168454260697952,0.6168454260697952,0.0,0.0,0.0,True
general,mfeat-fourier,controlled_mlp,SafeGram-t01,0,classification,400,0.588789536684125,0.588789536684125,0.5848318727966317,0.5848318727966317,0.0,0.0,0.0,True
general,mfeat-fourier,controlled_mlp,SafeRankGram-t01,0,classification,400,0.588789536684125,0.588789536684125,0.5868084113298996,0.5868084113298996,0.0,0.0,0.0,True
general,mfeat-fourier,controlled_mlp,BlockGuard-Greedy-t01,0,classification,400,0.588789536684125,0.588789536684125,0.625781185678483,0.625781185678483,0.0,0.0,0.0,True
general,mfeat-fourier,controlled_mlp,Raw,1,classification,400,0.6478278904374973,0.6478278904374973,0.6478278904374973,0.6478278904374973,0.0,0.0,0.0,True
general,mfeat-fourier,controlled_mlp,Raw+Gram@0.5,1,classification,400,0.6478278904374973,0.6478278904374973,0.5858385974828222,0.5858385974828222,0.0,0.0,0.0,True
general,mfeat-fourier,controlled_mlp,Raw+Gram@0.75,1,classification,400,0.6478278904374973,0.6478278904374973,0.5943099589144679,0.5943099589144679,0.0,0.0,0.0,True
general,mfeat-fourier,controlled_mlp,PureGram,1,classification,400,0.6478278904374973,0.6478278904374973,0.669489963894979,0.669489963894979,0.0,0.0,0.0,True
general,mfeat-fourier,controlled_mlp,GuardedGram-G2-g0p0-t01,1,classification,400,0.6478278904374973,0.6478278904374973,0.5943099589144679,0.5943099589144679,0.0,0.0,0.0,True
general,mfeat-fourier,controlled_mlp,SafeGram-t01,1,classification,400,0.6478278904374973,0.6478278904374973,0.5968250164235926,0.5968250164235926,0.0,0.0,0.0,True
general,mfeat-fourier,controlled_mlp,SafeRankGram-t01,1,classification,400,0.6478278904374973,0.6478278904374973,0.5759185682312988,0.5759185682312988,0.0,0.0,0.0,True
general,mfeat-fourier,controlled_mlp,BlockGuard-Greedy-t01,1,classification,400,0.6478278904374973,0.6478278904374973,0.6375822488340023,0.6375822488340023,0.0,0.0,0.0,True
general,mfeat-fourier,controlled_mlp,Raw,2,classification,400,0.624761809712978,0.624761809712978,0.624761809712978,0.624761809712978,0.0,0.0,0.0,True
general,mfeat-fourier,controlled_mlp,Raw+Gram@0.5,2,classification,400,0.624761809712978,0.624761809712978,0.60067449991111,0.60067449991111,0.0,0.0,0.0,True
general,mfeat-fourier,controlled_mlp,Raw+Gram@0.75,2,classification,400,0.624761809712978,0.624761809712978,0.6274469604110556,0.6274469604110556,0.0,0.0,0.0,True
general,mfeat-fourier,controlled_mlp,PureGram,2,classification,400,0.624761809712978,0.624761809712978,0.7362267983764316,0.7362267983764316,0.0,0.0,0.0,True
general,mfeat-fourier,controlled_mlp,GuardedGram-G2-g0p0-t01,2,classification,400,0.624761809712978,0.624761809712978,0.6274469604110556,0.6274469604110556,0.0,0.0,0.0,True
general,mfeat-fourier,controlled_mlp,SafeGram-t01,2,classification,400,0.624761809712978,0.624761809712978,0.60067449991111,0.60067449991111,0.0,0.0,0.0,True
general,mfeat-fourier,controlled_mlp,SafeRankGram-t01,2,classification,400,0.624761809712978,0.624761809712978,0.6085736420997754,0.6085736420997754,0.0,0.0,0.0,True
general,mfeat-fourier,controlled_mlp,BlockGuard-Greedy-t01,2,classification,400,0.624761809712978,0.624761809712978,0.5545218376207037,0.5545218376207037,0.0,0.0,0.0,True
general,mfeat-fourier,tabm_d,Raw,0,classification,400,0.5036816895751923,0.5036816895751923,0.5036816895751923,0.5036816895751923,0.0,0.0,0.0,True
general,mfeat-fourier,tabm_d,Raw+Gram@0.5,0,classification,400,0.5036816895751923,0.5036816895751923,0.49476557443985697,0.49476557443985697,0.0,0.0,0.0,True
general,mfeat-fourier,tabm_d,Raw+Gram@0.75,0,classification,400,0.5036816895751923,0.5036816895751923,0.4991309990578657,0.4991309990578657,0.0,0.0,0.0,True
general,mfeat-fourier,tabm_d,PureGram,0,classification,400,0.5036816895751923,0.5036816895751923,0.5163105863911902,0.5163105863911902,0.0,0.0,0.0,True
general,mfeat-fourier,tabm_d,GuardedGram-G2-g0p0-t01,0,classification,400,0.5036816895751923,0.5036816895751923,0.49476557443985697,0.49476557443985697,0.0,0.0,0.0,True
general,mfeat-fourier,tabm_d,SafeGram-t01,0,classification,400,0.5036816895751923,0.5036816895751923,0.49591599815136006,0.49591599815136006,0.0,0.0,0.0,True
general,mfeat-fourier,tabm_d,SafeRankGram-t01,0,classification,400,0.5036816895751923,0.5036816895751923,0.48533937256512744,0.48533937256512744,0.0,0.0,0.0,True
general,mfeat-fourier,tabm_d,BlockGuard-Greedy-t01,0,classification,400,0.5036816895751923,0.5036816895751923,0.48887952769096976,0.48887952769096976,0.0,0.0,0.0,True
general,mfeat-fourier,tabm_d,Raw,1,classification,400,0.48629760978893044,0.48629760978893044,0.48629760978893044,0.48629760978893044,0.0,0.0,0.0,True
general,mfeat-fourier,tabm_d,Raw+Gram@0.5,1,classification,400,0.48629760978893044,0.48629760978893044,0.47657509957997257,0.47657509957997257,0.0,0.0,0.0,True
general,mfeat-fourier,tabm_d,Raw+Gram@0.75,1,classification,400,0.48629760978893044,0.48629760978893044,0.4815665943346704,0.4815665943346704,0.0,0.0,0.0,True
general,mfeat-fourier,tabm_d,PureGram,1,classification,400,0.48629760978893044,0.48629760978893044,0.502507442200218,0.502507442200218,0.0,0.0,0.0,True
general,mfeat-fourier,tabm_d,GuardedGram-G2-g0p0-t01,1,classification,400,0.48629760978893044,0.48629760978893044,0.4815665943346704,0.4815665943346704,0.0,0.0,0.0,True
general,mfeat-fourier,tabm_d,SafeGram-t01,1,classification,400,0.48629760978893044,0.48629760978893044,0.4776857773207941,0.4776857773207941,0.0,0.0,0.0,True
general,mfeat-fourier,tabm_d,SafeRankGram-t01,1,classification,400,0.48629760978893044,0.48629760978893044,0.46742648591855185,0.46742648591855185,0.0,0.0,0.0,True
general,mfeat-fourier,tabm_d,BlockGuard-Greedy-t01,1,classification,400,0.48629760978893044,0.48629760978893044,0.5530002578090623,0.5530002578090623,0.0,0.0,0.0,True
general,mfeat-fourier,tabm_d,Raw,2,classification,400,0.50367737287535,0.50367737287535,0.50367737287535,0.50367737287535,0.0,0.0,0.0,True
general,mfeat-fourier,tabm_d,Raw+Gram@0.5,2,classification,400,0.50367737287535,0.50367737287535,0.48659481895631385,0.48659481895631385,0.0,0.0,0.0,True
general,mfeat-fourier,tabm_d,Raw+Gram@0.75,2,classification,400,0.50367737287535,0.50367737287535,0.4875846740934989,0.4875846740934989,0.0,0.0,0.0,True
general,mfeat-fourier,tabm_d,PureGram,2,classification,400,0.50367737287535,0.50367737287535,0.49795495141667667,0.49795495141667667,0.0,0.0,0.0,True
general,mfeat-fourier,tabm_d,GuardedGram-G2-g0p0-t01,2,classification,400,0.50367737287535,0.50367737287535,0.48659481895631385,0.48659481895631385,0.0,0.0,0.0,True
general,mfeat-fourier,tabm_d,SafeGram-t01,2,classification,400,0.50367737287535,0.50367737287535,0.4910344826443901,0.4910344826443901,0.0,0.0,0.0,True
general,mfeat-fourier,tabm_d,SafeRankGram-t01,2,classification,400,0.50367737287535,0.50367737287535,0.4966043594685414,0.4966043594685414,0.0,0.0,0.0,True
general,mfeat-fourier,tabm_d,BlockGuard-Greedy-t01,2,classification,400,0.50367737287535,0.50367737287535,0.483818210917293,0.483818210917293,0.0,0.0,0.0,True
general,mfeat-fourier,catboost,Raw,0,classification,400,0.5731691130129043,0.5731691130129043,0.5731691130129043,0.5731691130129043,0.0,0.0,0.0,True
general,mfeat-fourier,catboost,Raw+Gram@0.5,0,classification,400,0.5731691130129043,0.5731691130129043,0.5772895459167487,0.5772895459167487,0.0,0.0,0.0,True
general,mfeat-fourier,catboost,Raw+Gram@0.75,0,classification,400,0.5731691130129043,0.5731691130129043,0.5814360255549564,0.5814360255549564,0.0,0.0,0.0,True
general,mfeat-fourier,catboost,PureGram,0,classification,400,0.5731691130129043,0.5731691130129043,0.5871655282516531,0.5871655282516531,0.0,0.0,0.0,True
general,mfeat-fourier,catboost,GuardedGram-G2-g0p0-t01,0,classification,400,0.5731691130129043,0.5731691130129043,0.5814360255549564,0.5814360255549564,0.0,0.0,0.0,True
general,mfeat-fourier,catboost,SafeGram-t01,0,classification,400,0.5731691130129043,0.5731691130129043,0.5871655282516531,0.5871655282516531,0.0,0.0,0.0,True
general,mfeat-fourier,catboost,SafeRankGram-t01,0,classification,400,0.5731691130129043,0.5731691130129043,0.584527931521621,0.584527931521621,0.0,0.0,0.0,True
general,mfeat-fourier,catboost,BlockGuard-Greedy-t01,0,classification,400,0.5731691130129043,0.5731691130129043,0.5871655282516531,0.5871655282516531,0.0,0.0,0.0,True
general,mfeat-fourier,catboost,Raw,1,classification,400,0.5763371966996348,0.5763371966996348,0.5763371966996348,0.5763371966996348,0.0,0.0,0.0,True
general,mfeat-fourier,catboost,Raw+Gram@0.5,1,classification,400,0.5763371966996348,0.5763371966996348,0.5781316808918413,0.5781316808918413,0.0,0.0,0.0,True
general,mfeat-fourier,catboost,Raw+Gram@0.75,1,classification,400,0.5763371966996348,0.5763371966996348,0.5808358112356408,0.5808358112356408,0.0,0.0,0.0,True
general,mfeat-fourier,catboost,PureGram,1,classification,400,0.5763371966996348,0.5763371966996348,0.5848575832422377,0.5848575832422377,0.0,0.0,0.0,True
general,mfeat-fourier,catboost,GuardedGram-G2-g0p0-t01,1,classification,400,0.5763371966996348,0.5763371966996348,0.5808358112356408,0.5808358112356408,0.0,0.0,0.0,True
general,mfeat-fourier,catboost,SafeGram-t01,1,classification,400,0.5763371966996348,0.5763371966996348,0.5808358112356408,0.5808358112356408,0.0,0.0,0.0,True
general,mfeat-fourier,catboost,SafeRankGram-t01,1,classification,400,0.5763371966996348,0.5763371966996348,0.5755327013906848,0.5755327013906848,0.0,0.0,0.0,True
general,mfeat-fourier,catboost,BlockGuard-Greedy-t01,1,classification,400,0.5763371966996348,0.5763371966996348,0.5848575832422377,0.5848575832422377,0.0,0.0,0.0,True
general,mfeat-fourier,catboost,Raw,2,classification,400,0.5791666876926069,0.5791666876926069,0.5791666876926069,0.5791666876926069,0.0,0.0,0.0,True
general,mfeat-fourier,catboost,Raw+Gram@0.5,2,classification,400,0.5791666876926069,0.5791666876926069,0.5764723599739203,0.5764723599739203,0.0,0.0,0.0,True
general,mfeat-fourier,catboost,Raw+Gram@0.75,2,classification,400,0.5791666876926069,0.5791666876926069,0.5772212765347327,0.5772212765347327,0.0,0.0,0.0,True
general,mfeat-fourier,catboost,PureGram,2,classification,400,0.5791666876926069,0.5791666876926069,0.5794732772838814,0.5794732772838814,0.0,0.0,0.0,True
general,mfeat-fourier,catboost,GuardedGram-G2-g0p0-t01,2,classification,400,0.5791666876926069,0.5791666876926069,0.5772212765347327,0.5772212765347327,0.0,0.0,0.0,True
general,mfeat-fourier,catboost,SafeGram-t01,2,classification,400,0.5791666876926069,0.5791666876926069,0.5794732772838814,0.5794732772838814,0.0,0.0,0.0,True
general,mfeat-fourier,catboost,SafeRankGram-t01,2,classification,400,0.5791666876926069,0.5791666876926069,0.5740428421100452,0.5740428421100452,0.0,0.0,0.0,True
general,mfeat-fourier,catboost,BlockGuard-Greedy-t01,2,classification,400,0.5791666876926069,0.5791666876926069,0.5794732772838814,0.5794732772838814,0.0,0.0,0.0,True
general,mfeat-fourier,tabicl_v2,Raw,0,classification,400,0.3329462013969758,0.3329462013969758,0.3329462013969758,0.3329462013969758,0.0,0.0,0.0,True
general,mfeat-fourier,tabicl_v2,Raw+Gram@0.5,0,classification,400,0.3329462013969758,0.3329462013969758,0.31997319442309063,0.31997319442309063,0.0,0.0,0.0,True
general,mfeat-fourier,tabicl_v2,Raw+Gram@0.75,0,classification,400,0.3329462013969758,0.3329462013969758,0.3208094338302269,0.3208094338302269,0.0,0.0,0.0,True
general,mfeat-fourier,tabicl_v2,PureGram,0,classification,400,0.3329462013969758,0.3329462013969758,0.3273920833527552,0.3273920833527552,0.0,0.0,0.0,True
general,mfeat-fourier,tabicl_v2,GuardedGram-G2-g0p0-t01,0,classification,400,0.3329462013969758,0.3329462013969758,0.3208094338302269,0.3208094338302269,0.0,0.0,0.0,True
general,mfeat-fourier,tabicl_v2,SafeGram-t01,0,classification,400,0.3329462013969758,0.3329462013969758,0.3273920833527552,0.3273920833527552,0.0,0.0,0.0,True
general,mfeat-fourier,tabicl_v2,SafeRankGram-t01,0,classification,400,0.3329462013969758,0.3329462013969758,0.33216591738482876,0.33216591738482876,0.0,0.0,0.0,True
general,mfeat-fourier,tabicl_v2,BlockGuard-Greedy-t01,0,classification,400,0.3329462013969758,0.3329462013969758,0.3273920833527552,0.3273920833527552,0.0,0.0,0.0,True
general,mfeat-fourier,tabicl_v2,Raw,1,classification,400,0.3329462013969758,0.3329462013969758,0.3329462013969758,0.3329462013969758,0.0,0.0,0.0,True
general,mfeat-fourier,tabicl_v2,Raw+Gram@0.5,1,classification,400,0.3329462013969758,0.3329462013969758,0.31997319442309063,0.31997319442309063,0.0,0.0,0.0,True
general,mfeat-fourier,tabicl_v2,Raw+Gram@0.75,1,classification,400,0.3329462013969758,0.3329462013969758,0.3208094338302269,0.3208094338302269,0.0,0.0,0.0,True
general,mfeat-fourier,tabicl_v2,PureGram,1,classification,400,0.3329462013969758,0.3329462013969758,0.3273920833527552,0.3273920833527552,0.0,0.0,0.0,True
general,mfeat-fourier,tabicl_v2,GuardedGram-G2-g0p0-t01,1,classification,400,0.3329462013969758,0.3329462013969758,0.3208094338302269,0.3208094338302269,0.0,0.0,0.0,True
general,mfeat-fourier,tabicl_v2,SafeGram-t01,1,classification,400,0.3329462013969758,0.3329462013969758,0.3273920833527552,0.3273920833527552,0.0,0.0,0.0,True
general,mfeat-fourier,tabicl_v2,SafeRankGram-t01,1,classification,400,0.3329462013969758,0.3329462013969758,0.33216591738482876,0.33216591738482876,0.0,0.0,0.0,True
general,mfeat-fourier,tabicl_v2,BlockGuard-Greedy-t01,1,classification,400,0.3329462013969758,0.3329462013969758,0.3273920833527552,0.3273920833527552,0.0,0.0,0.0,True
general,mfeat-fourier,tabicl_v2,Raw,2,classification,400,0.3329462013969758,0.3329462013969758,0.3329462013969758,0.3329462013969758,0.0,0.0,0.0,True
general,mfeat-fourier,tabicl_v2,Raw+Gram@0.5,2,classification,400,0.3329462013969758,0.3329462013969758,0.31997319442309063,0.31997319442309063,0.0,0.0,0.0,True
general,mfeat-fourier,tabicl_v2,Raw+Gram@0.75,2,classification,400,0.3329462013969758,0.3329462013969758,0.3208094338302269,0.3208094338302269,0.0,0.0,0.0,True
general,mfeat-fourier,tabicl_v2,PureGram,2,classification,400,0.3329462013969758,0.3329462013969758,0.3273920833527552,0.3273920833527552,0.0,0.0,0.0,True
general,mfeat-fourier,tabicl_v2,GuardedGram-G2-g0p0-t01,2,classification,400,0.3329462013969758,0.3329462013969758,0.3208094338302269,0.3208094338302269,0.0,0.0,0.0,True
general,mfeat-fourier,tabicl_v2,SafeGram-t01,2,classification,400,0.3329462013969758,0.3329462013969758,0.3273920833527552,0.3273920833527552,0.0,0.0,0.0,True
general,mfeat-fourier,tabicl_v2,SafeRankGram-t01,2,classification,400,0.3329462013969758,0.3329462013969758,0.33216591738482876,0.33216591738482876,0.0,0.0,0.0,True
general,mfeat-fourier,tabicl_v2,BlockGuard-Greedy-t01,2,classification,400,0.3329462013969758,0.3329462013969758,0.3273920833527552,0.3273920833527552,0.0,0.0,0.0,True
general,mfeat-fourier,tabpfn_2_6,Raw,0,classification,400,0.36169976468078757,0.36169976468078757,0.36169976468078757,0.36169976468078757,0.0,0.0,0.0,True
general,mfeat-fourier,tabpfn_2_6,Raw+Gram@0.5,0,classification,400,0.36169976468078757,0.36169976468078757,0.35315935433075746,0.35315935433075746,0.0,0.0,0.0,True
general,mfeat-fourier,tabpfn_2_6,Raw+Gram@0.75,0,classification,400,0.36169976468078757,0.36169976468078757,0.35460785705709874,0.35460785705709874,0.0,0.0,0.0,True
general,mfeat-fourier,tabpfn_2_6,PureGram,0,classification,400,0.36169976468078757,0.36169976468078757,0.3607738265255655,0.3607738265255655,0.0,0.0,0.0,True
general,mfeat-fourier,tabpfn_2_6,GuardedGram-G2-g0p0-t01,0,classification,400,0.36169976468078757,0.36169976468078757,0.35460785705709874,0.35460785705709874,0.0,0.0,0.0,True
general,mfeat-fourier,tabpfn_2_6,SafeGram-t01,0,classification,400,0.36169976468078757,0.36169976468078757,0.35460785705709874,0.35460785705709874,0.0,0.0,0.0,True
general,mfeat-fourier,tabpfn_2_6,SafeRankGram-t01,0,classification,400,0.36169976468078757,0.36169976468078757,0.3588780322709817,0.3588780322709817,0.0,0.0,0.0,True
general,mfeat-fourier,tabpfn_2_6,BlockGuard-Greedy-t01,0,classification,400,0.36169976468078757,0.36169976468078757,0.3550405835315765,0.3550405835315765,0.0,0.0,0.0,True
general,mfeat-fourier,tabpfn_2_6,Raw,1,classification,400,0.36370751590667694,0.36370751590667694,0.36370751590667694,0.36370751590667694,0.0,0.0,0.0,True
general,mfeat-fourier,tabpfn_2_6,Raw+Gram@0.5,1,classification,400,0.36370751590667694,0.36370751590667694,0.3503790513010225,0.3503790513010225,0.0,0.0,0.0,True
general,mfeat-fourier,tabpfn_2_6,Raw+Gram@0.75,1,classification,400,0.36370751590667694,0.36370751590667694,0.35001203409342874,0.35001203409342874,0.0,0.0,0.0,True
general,mfeat-fourier,tabpfn_2_6,PureGram,1,classification,400,0.36370751590667694,0.36370751590667694,0.3529843655028948,0.3529843655028948,0.0,0.0,0.0,True
general,mfeat-fourier,tabpfn_2_6,GuardedGram-G2-g0p0-t01,1,classification,400,0.36370751590667694,0.36370751590667694,0.35001203409342874,0.35001203409342874,0.0,0.0,0.0,True
general,mfeat-fourier,tabpfn_2_6,SafeGram-t01,1,classification,400,0.36370751590667694,0.36370751590667694,0.3529843655028948,0.3529843655028948,0.0,0.0,0.0,True
general,mfeat-fourier,tabpfn_2_6,SafeRankGram-t01,1,classification,400,0.36370751590667694,0.36370751590667694,0.37727014035690454,0.37727014035690454,0.0,0.0,0.0,True
general,mfeat-fourier,tabpfn_2_6,BlockGuard-Greedy-t01,1,classification,400,0.36370751590667694,0.36370751590667694,0.3529843655028948,0.3529843655028948,0.0,0.0,0.0,True
general,mfeat-fourier,tabpfn_2_6,Raw,2,classification,400,0.3338027255187944,0.3338027255187944,0.3338027255187944,0.3338027255187944,0.0,0.0,0.0,True
general,mfeat-fourier,tabpfn_2_6,Raw+Gram@0.5,2,classification,400,0.3338027255187944,0.3338027255187944,0.3227489316907514,0.3227489316907514,0.0,0.0,0.0,True
general,mfeat-fourier,tabpfn_2_6,Raw+Gram@0.75,2,classification,400,0.3338027255187944,0.3338027255187944,0.3238035457323912,0.3238035457323912,0.0,0.0,0.0,True
general,mfeat-fourier,tabpfn_2_6,PureGram,2,classification,400,0.3338027255187944,0.3338027255187944,0.33017490180487874,0.33017490180487874,0.0,0.0,0.0,True
general,mfeat-fourier,tabpfn_2_6,GuardedGram-G2-g0p0-t01,2,classification,400,0.3338027255187944,0.3338027255187944,0.3238035457323912,0.3238035457323912,0.0,0.0,0.0,True
general,mfeat-fourier,tabpfn_2_6,SafeGram-t01,2,classification,400,0.3338027255187944,0.3338027255187944,0.33017490180487874,0.33017490180487874,0.0,0.0,0.0,True
general,mfeat-fourier,tabpfn_2_6,SafeRankGram-t01,2,classification,400,0.3338027255187944,0.3338027255187944,0.3259609446629497,0.3259609446629497,0.0,0.0,0.0,True
general,mfeat-fourier,tabpfn_2_6,BlockGuard-Greedy-t01,2,classification,400,0.3338027255187944,0.3338027255187944,0.33017490180487874,0.33017490180487874,0.0,0.0,0.0,True
general,waveform-5000,controlled_mlp,Raw,0,classification,512,0.38773141539094025,0.38773141539094025,0.38773141539094025,0.38773141539094025,0.0,0.0,0.0,True
general,waveform-5000,controlled_mlp,Raw+Gram@0.5,0,classification,512,0.38773141539094025,0.38773141539094025,0.38129164176563285,0.38129164176563285,0.0,0.0,0.0,True
general,waveform-5000,controlled_mlp,Raw+Gram@0.75,0,classification,512,0.38773141539094025,0.38773141539094025,0.3923679961914823,0.3923679961914823,0.0,0.0,0.0,True
general,waveform-5000,controlled_mlp,PureGram,0,classification,512,0.38773141539094025,0.38773141539094025,0.43406703357413495,0.43406703357413495,0.0,0.0,0.0,True
general,waveform-5000,controlled_mlp,GuardedGram-G2-g0p0-t01,0,classification,512,0.38773141539094025,0.38773141539094025,0.3923679961914823,0.3923679961914823,0.0,0.0,0.0,True
general,waveform-5000,controlled_mlp,SafeGram-t01,0,classification,512,0.38773141539094025,0.38773141539094025,0.3804940415932905,0.3804940415932905,0.0,0.0,0.0,True
general,waveform-5000,controlled_mlp,SafeRankGram-t01,0,classification,512,0.38773141539094025,0.38773141539094025,0.3798449750637771,0.3798449750637771,0.0,0.0,0.0,True
general,waveform-5000,controlled_mlp,BlockGuard-Greedy-t01,0,classification,512,0.38773141539094025,0.38773141539094025,0.38773141539094025,0.38773141539094025,0.0,0.0,0.0,True
general,waveform-5000,controlled_mlp,Raw,1,classification,512,0.44351250410608345,0.44351250410608345,0.44351250410608345,0.44351250410608345,0.0,0.0,0.0,True
general,waveform-5000,controlled_mlp,Raw+Gram@0.5,1,classification,512,0.44351250410608345,0.44351250410608345,0.4029241185943975,0.4029241185943975,0.0,0.0,0.0,True
general,waveform-5000,controlled_mlp,Raw+Gram@0.75,1,classification,512,0.44351250410608345,0.44351250410608345,0.40494722878381223,0.40494722878381223,0.0,0.0,0.0,True
general,waveform-5000,controlled_mlp,PureGram,1,classification,512,0.44351250410608345,0.44351250410608345,0.43092686134520175,0.43092686134520175,0.0,0.0,0.0,True
general,waveform-5000,controlled_mlp,GuardedGram-G2-g0p0-t01,1,classification,512,0.44351250410608345,0.44351250410608345,0.40494722878381223,0.40494722878381223,0.0,0.0,0.0,True
general,waveform-5000,controlled_mlp,SafeGram-t01,1,classification,512,0.44351250410608345,0.44351250410608345,0.4029241185943975,0.4029241185943975,0.0,0.0,0.0,True
general,waveform-5000,controlled_mlp,SafeRankGram-t01,1,classification,512,0.44351250410608345,0.44351250410608345,0.3992488799801522,0.3992488799801522,0.0,0.0,0.0,True
general,waveform-5000,controlled_mlp,BlockGuard-Greedy-t01,1,classification,512,0.44351250410608345,0.44351250410608345,0.44351250410608345,0.44351250410608345,0.0,0.0,0.0,True
general,waveform-5000,controlled_mlp,Raw,2,classification,512,0.41378524684018825,0.41378524684018825,0.41378524684018825,0.41378524684018825,0.0,0.0,0.0,True
general,waveform-5000,controlled_mlp,Raw+Gram@0.5,2,classification,512,0.41378524684018825,0.41378524684018825,0.3835488935873687,0.3835488935873687,0.0,0.0,0.0,True
general,waveform-5000,controlled_mlp,Raw+Gram@0.75,2,classification,512,0.41378524684018825,0.41378524684018825,0.3834886814359047,0.3834886814359047,0.0,0.0,0.0,True
general,waveform-5000,controlled_mlp,PureGram,2,classification,512,0.41378524684018825,0.41378524684018825,0.4028212117054438,0.4028212117054438,0.0,0.0,0.0,True
general,waveform-5000,controlled_mlp,GuardedGram-G2-g0p0-t01,2,classification,512,0.41378524684018825,0.41378524684018825,0.3834886814359047,0.3834886814359047,0.0,0.0,0.0,True
general,waveform-5000,controlled_mlp,SafeGram-t01,2,classification,512,0.41378524684018825,0.41378524684018825,0.3835488935873687,0.3835488935873687,0.0,0.0,0.0,True
general,waveform-5000,controlled_mlp,SafeRankGram-t01,2,classification,512,0.41378524684018825,0.41378524684018825,0.37854720360999766,0.37854720360999766,0.0,0.0,0.0,True
general,waveform-5000,controlled_mlp,BlockGuard-Greedy-t01,2,classification,512,0.41378524684018825,0.41378524684018825,0.3796216734472371,0.3796216734472371,0.0,0.0,0.0,True
general,waveform-5000,tabm_d,Raw,0,classification,512,0.32493248899563354,0.32493248899563354,0.32493248899563354,0.32493248899563354,0.0,0.0,0.0,True
general,waveform-5000,tabm_d,Raw+Gram@0.5,0,classification,512,0.32493248899563354,0.32493248899563354,0.3193134773015639,0.3193134773015639,0.0,0.0,0.0,True
general,waveform-5000,tabm_d,Raw+Gram@0.75,0,classification,512,0.32493248899563354,0.32493248899563354,0.31922443243654025,0.31922443243654025,0.0,0.0,0.0,True
general,waveform-5000,tabm_d,PureGram,0,classification,512,0.32493248899563354,0.32493248899563354,0.3213896975593355,0.3213896975593355,0.0,0.0,0.0,True
general,waveform-5000,tabm_d,GuardedGram-G2-g0p0-t01,0,classification,512,0.32493248899563354,0.32493248899563354,0.31922443243654025,0.31922443243654025,0.0,0.0,0.0,True
general,waveform-5000,tabm_d,SafeGram-t01,0,classification,512,0.32493248899563354,0.32493248899563354,0.31922443243654025,0.31922443243654025,0.0,0.0,0.0,True
general,waveform-5000,tabm_d,SafeRankGram-t01,0,classification,512,0.32493248899563354,0.32493248899563354,0.32450453253542555,0.32450453253542555,0.0,0.0,0.0,True
general,waveform-5000,tabm_d,BlockGuard-Greedy-t01,0,classification,512,0.32493248899563354,0.32493248899563354,0.32493248899563354,0.32493248899563354,0.0,0.0,0.0,True
general,waveform-5000,tabm_d,Raw,1,classification,512,0.3350053047248538,0.3350053047248538,0.3350053047248538,0.3350053047248538,0.0,0.0,0.0,True
general,waveform-5000,tabm_d,Raw+Gram@0.5,1,classification,512,0.3350053047248538,0.3350053047248538,0.3355295457113278,0.3355295457113278,0.0,0.0,0.0,True
general,waveform-5000,tabm_d,Raw+Gram@0.75,1,classification,512,0.3350053047248538,0.3350053047248538,0.33745160017367676,0.33745160017367676,0.0,0.0,0.0,True
general,waveform-5000,tabm_d,PureGram,1,classification,512,0.3350053047248538,0.3350053047248538,0.3404874229305995,0.3404874229305995,0.0,0.0,0.0,True
general,waveform-5000,tabm_d,GuardedGram-G2-g0p0-t01,1,classification,512,0.3350053047248538,0.3350053047248538,0.33745160017367676,0.33745160017367676,0.0,0.0,0.0,True
general,waveform-5000,tabm_d,SafeGram-t01,1,classification,512,0.3350053047248538,0.3350053047248538,0.3404874229305995,0.3404874229305995,0.0,0.0,0.0,True
general,waveform-5000,tabm_d,SafeRankGram-t01,1,classification,512,0.3350053047248538,0.3350053047248538,0.33901316130967835,0.33901316130967835,0.0,0.0,0.0,True
general,waveform-5000,tabm_d,BlockGuard-Greedy-t01,1,classification,512,0.3350053047248538,0.3350053047248538,0.3350053047248538,0.3350053047248538,0.0,0.0,0.0,True
general,waveform-5000,tabm_d,Raw,2,classification,512,0.3292352896832944,0.3292352896832944,0.3292352896832944,0.3292352896832944,0.0,0.0,0.0,True
general,waveform-5000,tabm_d,Raw+Gram@0.5,2,classification,512,0.3292352896832944,0.3292352896832944,0.32906938149647985,0.32906938149647985,0.0,0.0,0.0,True
general,waveform-5000,tabm_d,Raw+Gram@0.75,2,classification,512,0.3292352896832944,0.3292352896832944,0.3349133221686833,0.3349133221686833,0.0,0.0,0.0,True
general,waveform-5000,tabm_d,PureGram,2,classification,512,0.3292352896832944,0.3292352896832944,0.34350977957193013,0.34350977957193013,0.0,0.0,0.0,True
general,waveform-5000,tabm_d,GuardedGram-G2-g0p0-t01,2,classification,512,0.3292352896832944,0.3292352896832944,0.32906938149647985,0.32906938149647985,0.0,0.0,0.0,True
general,waveform-5000,tabm_d,SafeGram-t01,2,classification,512,0.3292352896832944,0.3292352896832944,0.3292352896832944,0.3292352896832944,0.0,0.0,0.0,True
general,waveform-5000,tabm_d,SafeRankGram-t01,2,classification,512,0.3292352896832944,0.3292352896832944,0.3213487079675391,0.3213487079675391,0.0,0.0,0.0,True
general,waveform-5000,tabm_d,BlockGuard-Greedy-t01,2,classification,512,0.3292352896832944,0.3292352896832944,0.3292352896832944,0.3292352896832944,0.0,0.0,0.0,True
general,waveform-5000,catboost,Raw,0,classification,512,0.3671343571692135,0.3671343571692135,0.3671343571692135,0.3671343571692135,0.0,0.0,0.0,True
general,waveform-5000,catboost,Raw+Gram@0.5,0,classification,512,0.3671343571692135,0.3671343571692135,0.36456684883244556,0.36456684883244556,0.0,0.0,0.0,True
general,waveform-5000,catboost,Raw+Gram@0.75,0,classification,512,0.3671343571692135,0.3671343571692135,0.36446608420420573,0.36446608420420573,0.0,0.0,0.0,True
general,waveform-5000,catboost,PureGram,0,classification,512,0.3671343571692135,0.3671343571692135,0.365152025540364,0.365152025540364,0.0,0.0,0.0,True
general,waveform-5000,catboost,GuardedGram-G2-g0p0-t01,0,classification,512,0.3671343571692135,0.3671343571692135,0.36446608420420573,0.36446608420420573,0.0,0.0,0.0,True
general,waveform-5000,catboost,SafeGram-t01,0,classification,512,0.3671343571692135,0.3671343571692135,0.36544669170168576,0.36544669170168576,0.0,0.0,0.0,True
general,waveform-5000,catboost,SafeRankGram-t01,0,classification,512,0.3671343571692135,0.3671343571692135,0.36328424178341706,0.36328424178341706,0.0,0.0,0.0,True
general,waveform-5000,catboost,BlockGuard-Greedy-t01,0,classification,512,0.3671343571692135,0.3671343571692135,0.36129886491380003,0.36129886491380003,0.0,0.0,0.0,True
general,waveform-5000,catboost,Raw,1,classification,512,0.36206840182244765,0.36206840182244765,0.36206840182244765,0.36206840182244765,0.0,0.0,0.0,True
general,waveform-5000,catboost,Raw+Gram@0.5,1,classification,512,0.36206840182244765,0.36206840182244765,0.3600761343057535,0.3600761343057535,0.0,0.0,0.0,True
general,waveform-5000,catboost,Raw+Gram@0.75,1,classification,512,0.36206840182244765,0.36206840182244765,0.359962194177993,0.359962194177993,0.0,0.0,0.0,True
general,waveform-5000,catboost,PureGram,1,classification,512,0.36206840182244765,0.36206840182244765,0.3604652551850044,0.3604652551850044,0.0,0.0,0.0,True
general,waveform-5000,catboost,GuardedGram-G2-g0p0-t01,1,classification,512,0.36206840182244765,0.36206840182244765,0.359962194177993,0.359962194177993,0.0,0.0,0.0,True
general,waveform-5000,catboost,SafeGram-t01,1,classification,512,0.36206840182244765,0.36206840182244765,0.3607800998248016,0.3607800998248016,0.0,0.0,0.0,True
general,waveform-5000,catboost,SafeRankGram-t01,1,classification,512,0.36206840182244765,0.36206840182244765,0.3653420342557214,0.3653420342557214,0.0,0.0,0.0,True
general,waveform-5000,catboost,BlockGuard-Greedy-t01,1,classification,512,0.36206840182244765,0.36206840182244765,0.36206840182244765,0.36206840182244765,0.0,0.0,0.0,True
general,waveform-5000,catboost,Raw,2,classification,512,0.36415761840002936,0.36415761840002936,0.36415761840002936,0.36415761840002936,0.0,0.0,0.0,True
general,waveform-5000,catboost,Raw+Gram@0.5,2,classification,512,0.36415761840002936,0.36415761840002936,0.36601471388217893,0.36601471388217893,0.0,0.0,0.0,True
general,waveform-5000,catboost,Raw+Gram@0.75,2,classification,512,0.36415761840002936,0.36415761840002936,0.3681932196115272,0.3681932196115272,0.0,0.0,0.0,True
general,waveform-5000,catboost,PureGram,2,classification,512,0.36415761840002936,0.36415761840002936,0.37124431666799673,0.37124431666799673,0.0,0.0,0.0,True
general,waveform-5000,catboost,GuardedGram-G2-g0p0-t01,2,classification,512,0.36415761840002936,0.36415761840002936,0.36601471388217893,0.36601471388217893,0.0,0.0,0.0,True
general,waveform-5000,catboost,SafeGram-t01,2,classification,512,0.36415761840002936,0.36415761840002936,0.3646676317158723,0.3646676317158723,0.0,0.0,0.0,True
general,waveform-5000,catboost,SafeRankGram-t01,2,classification,512,0.36415761840002936,0.36415761840002936,0.3625522808465219,0.3625522808465219,0.0,0.0,0.0,True
general,waveform-5000,catboost,BlockGuard-Greedy-t01,2,classification,512,0.36415761840002936,0.36415761840002936,0.3635993225913434,0.3635993225913434,0.0,0.0,0.0,True
general,waveform-5000,tabicl_v2,Raw,0,classification,512,0.28203166835984417,0.28203166835984417,0.28203166835984417,0.28203166835984417,0.0,0.0,0.0,True
general,waveform-5000,tabicl_v2,Raw+Gram@0.5,0,classification,512,0.28203166835984417,0.28203166835984417,0.2857116834518631,0.2857116834518631,0.0,0.0,0.0,True
general,waveform-5000,tabicl_v2,Raw+Gram@0.75,0,classification,512,0.28203166835984417,0.28203166835984417,0.2905749122844784,0.2905749122844784,0.0,0.0,0.0,True
general,waveform-5000,tabicl_v2,PureGram,0,classification,512,0.28203166835984417,0.28203166835984417,0.29884928066755717,0.29884928066755717,0.0,0.0,0.0,True
general,waveform-5000,tabicl_v2,GuardedGram-G2-g0p0-t01,0,classification,512,0.28203166835984417,0.28203166835984417,0.2905749122844784,0.2905749122844784,0.0,0.0,0.0,True
general,waveform-5000,tabicl_v2,SafeGram-t01,0,classification,512,0.28203166835984417,0.28203166835984417,0.2905749122844784,0.2905749122844784,0.0,0.0,0.0,True
general,waveform-5000,tabicl_v2,SafeRankGram-t01,0,classification,512,0.28203166835984417,0.28203166835984417,0.28344125568554357,0.28344125568554357,0.0,0.0,0.0,True
general,waveform-5000,tabicl_v2,BlockGuard-Greedy-t01,0,classification,512,0.28203166835984417,0.28203166835984417,0.29884928066755717,0.29884928066755717,0.0,0.0,0.0,True
general,waveform-5000,tabicl_v2,Raw,1,classification,512,0.28203166835984417,0.28203166835984417,0.28203166835984417,0.28203166835984417,0.0,0.0,0.0,True
general,waveform-5000,tabicl_v2,Raw+Gram@0.5,1,classification,512,0.28203166835984417,0.28203166835984417,0.2857116834518631,0.2857116834518631,0.0,0.0,0.0,True
general,waveform-5000,tabicl_v2,Raw+Gram@0.75,1,classification,512,0.28203166835984417,0.28203166835984417,0.2905749122844784,0.2905749122844784,0.0,0.0,0.0,True
general,waveform-5000,tabicl_v2,PureGram,1,classification,512,0.28203166835984417,0.28203166835984417,0.29884928066755717,0.29884928066755717,0.0,0.0,0.0,True
general,waveform-5000,tabicl_v2,GuardedGram-G2-g0p0-t01,1,classification,512,0.28203166835984417,0.28203166835984417,0.2905749122844784,0.2905749122844784,0.0,0.0,0.0,True
general,waveform-5000,tabicl_v2,SafeGram-t01,1,classification,512,0.28203166835984417,0.28203166835984417,0.2905749122844784,0.2905749122844784,0.0,0.0,0.0,True
general,waveform-5000,tabicl_v2,SafeRankGram-t01,1,classification,512,0.28203166835984417,0.28203166835984417,0.28344125568554357,0.28344125568554357,0.0,0.0,0.0,True
general,waveform-5000,tabicl_v2,BlockGuard-Greedy-t01,1,classification,512,0.28203166835984417,0.28203166835984417,0.29884928066755717,0.29884928066755717,0.0,0.0,0.0,True
general,waveform-5000,tabicl_v2,Raw,2,classification,512,0.28203166835984417,0.28203166835984417,0.28203166835984417,0.28203166835984417,0.0,0.0,0.0,True
general,waveform-5000,tabicl_v2,Raw+Gram@0.5,2,classification,512,0.28203166835984417,0.28203166835984417,0.2857116834518631,0.2857116834518631,0.0,0.0,0.0,True
general,waveform-5000,tabicl_v2,Raw+Gram@0.75,2,classification,512,0.28203166835984417,0.28203166835984417,0.2905749122844784,0.2905749122844784,0.0,0.0,0.0,True
general,waveform-5000,tabicl_v2,PureGram,2,classification,512,0.28203166835984417,0.28203166835984417,0.29884928066755717,0.29884928066755717,0.0,0.0,0.0,True
general,waveform-5000,tabicl_v2,GuardedGram-G2-g0p0-t01,2,classification,512,0.28203166835984417,0.28203166835984417,0.2905749122844784,0.2905749122844784,0.0,0.0,0.0,True
general,waveform-5000,tabicl_v2,SafeGram-t01,2,classification,512,0.28203166835984417,0.28203166835984417,0.2905749122844784,0.2905749122844784,0.0,0.0,0.0,True
general,waveform-5000,tabicl_v2,SafeRankGram-t01,2,classification,512,0.28203166835984417,0.28203166835984417,0.28344125568554357,0.28344125568554357,0.0,0.0,0.0,True
general,waveform-5000,tabicl_v2,BlockGuard-Greedy-t01,2,classification,512,0.28203166835984417,0.28203166835984417,0.29884928066755717,0.29884928066755717,0.0,0.0,0.0,True
general,waveform-5000,tabpfn_2_6,Raw,0,classification,512,0.30503522791299725,0.30503522791299725,0.30503522791299725,0.30503522791299725,0.0,0.0,0.0,True
general,waveform-5000,tabpfn_2_6,Raw+Gram@0.5,0,classification,512,0.30503522791299725,0.30503522791299725,0.3014210625015425,0.3014210625015425,0.0,0.0,0.0,True
general,waveform-5000,tabpfn_2_6,Raw+Gram@0.75,0,classification,512,0.30503522791299725,0.30503522791299725,0.3009950969219292,0.3009950969219292,0.0,0.0,0.0,True
general,waveform-5000,tabpfn_2_6,PureGram,0,classification,512,0.30503522791299725,0.30503522791299725,0.3014117077945514,0.3014117077945514,0.0,0.0,0.0,True
general,waveform-5000,tabpfn_2_6,GuardedGram-G2-g0p0-t01,0,classification,512,0.30503522791299725,0.30503522791299725,0.3009950969219292,0.3009950969219292,0.0,0.0,0.0,True
general,waveform-5000,tabpfn_2_6,SafeGram-t01,0,classification,512,0.30503522791299725,0.30503522791299725,0.3014210625015425,0.3014210625015425,0.0,0.0,0.0,True
general,waveform-5000,tabpfn_2_6,SafeRankGram-t01,0,classification,512,0.30503522791299725,0.30503522791299725,0.30246459187879404,0.30246459187879404,0.0,0.0,0.0,True
general,waveform-5000,tabpfn_2_6,BlockGuard-Greedy-t01,0,classification,512,0.30503522791299725,0.30503522791299725,0.3014117077945514,0.3014117077945514,0.0,0.0,0.0,True
general,waveform-5000,tabpfn_2_6,Raw,1,classification,512,0.30740778674473856,0.30740778674473856,0.30740778674473856,0.30740778674473856,0.0,0.0,0.0,True
general,waveform-5000,tabpfn_2_6,Raw+Gram@0.5,1,classification,512,0.30740778674473856,0.30740778674473856,0.30503924334512594,0.30503924334512594,0.0,0.0,0.0,True
general,waveform-5000,tabpfn_2_6,Raw+Gram@0.75,1,classification,512,0.30740778674473856,0.30740778674473856,0.305290355429021,0.305290355429021,0.0,0.0,0.0,True
general,waveform-5000,tabpfn_2_6,PureGram,1,classification,512,0.30740778674473856,0.30740778674473856,0.30640667368164604,0.30640667368164604,0.0,0.0,0.0,True
general,waveform-5000,tabpfn_2_6,GuardedGram-G2-g0p0-t01,1,classification,512,0.30740778674473856,0.30740778674473856,0.305290355429021,0.305290355429021,0.0,0.0,0.0,True
general,waveform-5000,tabpfn_2_6,SafeGram-t01,1,classification,512,0.30740778674473856,0.30740778674473856,0.30640667368164604,0.30640667368164604,0.0,0.0,0.0,True
general,waveform-5000,tabpfn_2_6,SafeRankGram-t01,1,classification,512,0.30740778674473856,0.30740778674473856,0.30943524733222993,0.30943524733222993,0.0,0.0,0.0,True
general,waveform-5000,tabpfn_2_6,BlockGuard-Greedy-t01,1,classification,512,0.30740778674473856,0.30740778674473856,0.30640667368164604,0.30640667368164604,0.0,0.0,0.0,True
general,waveform-5000,tabpfn_2_6,Raw,2,classification,512,0.30725959307369843,0.30725959307369843,0.30725959307369843,0.30725959307369843,0.0,0.0,0.0,True
general,waveform-5000,tabpfn_2_6,Raw+Gram@0.5,2,classification,512,0.30725959307369843,0.30725959307369843,0.30774060687359217,0.30774060687359217,0.0,0.0,0.0,True
general,waveform-5000,tabpfn_2_6,Raw+Gram@0.75,2,classification,512,0.30725959307369843,0.30725959307369843,0.30924581374006865,0.30924581374006865,0.0,0.0,0.0,True
general,waveform-5000,tabpfn_2_6,PureGram,2,classification,512,0.30725959307369843,0.30725959307369843,0.3116692602193831,0.3116692602193831,0.0,0.0,0.0,True
general,waveform-5000,tabpfn_2_6,GuardedGram-G2-g0p0-t01,2,classification,512,0.30725959307369843,0.30725959307369843,0.30924581374006865,0.30924581374006865,0.0,0.0,0.0,True
general,waveform-5000,tabpfn_2_6,SafeGram-t01,2,classification,512,0.30725959307369843,0.30725959307369843,0.30774060687359217,0.30774060687359217,0.0,0.0,0.0,True
general,waveform-5000,tabpfn_2_6,SafeRankGram-t01,2,classification,512,0.30725959307369843,0.30725959307369843,0.301727734036278,0.301727734036278,0.0,0.0,0.0,True
general,waveform-5000,tabpfn_2_6,BlockGuard-Greedy-t01,2,classification,512,0.30725959307369843,0.30725959307369843,0.3116692602193831,0.3116692602193831,0.0,0.0,0.0,True
general,JapaneseVowels,controlled_mlp,Raw,0,classification,512,0.3847952030028535,0.3847952030028535,0.3847952030028535,0.3847952030028535,0.0,0.0,0.0,True
general,JapaneseVowels,controlled_mlp,Raw+Gram@0.5,0,classification,512,0.3847952030028535,0.3847952030028535,0.3182762303456085,0.3182762303456085,0.0,0.0,0.0,True
general,JapaneseVowels,controlled_mlp,Raw+Gram@0.75,0,classification,512,0.3847952030028535,0.3847952030028535,0.31094604414101745,0.31094604414101745,0.0,0.0,0.0,True
general,JapaneseVowels,controlled_mlp,PureGram,0,classification,512,0.3847952030028535,0.3847952030028535,0.34661669870152967,0.34661669870152967,0.0,0.0,0.0,True
general,JapaneseVowels,controlled_mlp,GuardedGram-G2-g0p0-t01,0,classification,512,0.3847952030028535,0.3847952030028535,0.31094604414101745,0.31094604414101745,0.0,0.0,0.0,True
general,JapaneseVowels,controlled_mlp,SafeGram-t01,0,classification,512,0.3847952030028535,0.3847952030028535,0.31094604414101745,0.31094604414101745,0.0,0.0,0.0,True
general,JapaneseVowels,controlled_mlp,SafeRankGram-t01,0,classification,512,0.3847952030028535,0.3847952030028535,0.29249666584725414,0.29249666584725414,0.0,0.0,0.0,True
general,JapaneseVowels,controlled_mlp,BlockGuard-Greedy-t01,0,classification,512,0.3847952030028535,0.3847952030028535,0.37490525549196585,0.37490525549196585,0.0,0.0,0.0,True
general,JapaneseVowels,controlled_mlp,Raw,1,classification,512,0.39810545844013373,0.39810545844013373,0.39810545844013373,0.39810545844013373,0.0,0.0,0.0,True
general,JapaneseVowels,controlled_mlp,Raw+Gram@0.5,1,classification,512,0.39810545844013373,0.39810545844013373,0.3291524831321818,0.3291524831321818,0.0,0.0,0.0,True
general,JapaneseVowels,controlled_mlp,Raw+Gram@0.75,1,classification,512,0.39810545844013373,0.39810545844013373,0.3239762020752664,0.3239762020752664,0.0,0.0,0.0,True
general,JapaneseVowels,controlled_mlp,PureGram,1,classification,512,0.39810545844013373,0.39810545844013373,0.34723889844798994,0.34723889844798994,0.0,0.0,0.0,True
general,JapaneseVowels,controlled_mlp,GuardedGram-G2-g0p0-t01,1,classification,512,0.39810545844013373,0.39810545844013373,0.3239762020752664,0.3239762020752664,0.0,0.0,0.0,True
general,JapaneseVowels,controlled_mlp,SafeGram-t01,1,classification,512,0.39810545844013373,0.39810545844013373,0.34723889844798994,0.34723889844798994,0.0,0.0,0.0,True
general,JapaneseVowels,controlled_mlp,SafeRankGram-t01,1,classification,512,0.39810545844013373,0.39810545844013373,0.29902532671348847,0.29902532671348847,0.0,0.0,0.0,True
general,JapaneseVowels,controlled_mlp,BlockGuard-Greedy-t01,1,classification,512,0.39810545844013373,0.39810545844013373,0.36333190995329534,0.36333190995329534,0.0,0.0,0.0,True
general,JapaneseVowels,controlled_mlp,Raw,2,classification,512,0.3822244298954598,0.3822244298954598,0.3822244298954598,0.3822244298954598,0.0,0.0,0.0,True
general,JapaneseVowels,controlled_mlp,Raw+Gram@0.5,2,classification,512,0.3822244298954598,0.3822244298954598,0.30748741650216327,0.30748741650216327,0.0,0.0,0.0,True
general,JapaneseVowels,controlled_mlp,Raw+Gram@0.75,2,classification,512,0.3822244298954598,0.3822244298954598,0.3072740981771762,0.3072740981771762,0.0,0.0,0.0,True
general,JapaneseVowels,controlled_mlp,PureGram,2,classification,512,0.3822244298954598,0.3822244298954598,0.3440386689409573,0.3440386689409573,0.0,0.0,0.0,True
general,JapaneseVowels,controlled_mlp,GuardedGram-G2-g0p0-t01,2,classification,512,0.3822244298954598,0.3822244298954598,0.3072740981771762,0.3072740981771762,0.0,0.0,0.0,True
general,JapaneseVowels,controlled_mlp,SafeGram-t01,2,classification,512,0.3822244298954598,0.3822244298954598,0.3440386689409573,0.3440386689409573,0.0,0.0,0.0,True
general,JapaneseVowels,controlled_mlp,SafeRankGram-t01,2,classification,512,0.3822244298954598,0.3822244298954598,0.2714566963042583,0.2714566963042583,0.0,0.0,0.0,True
general,JapaneseVowels,controlled_mlp,BlockGuard-Greedy-t01,2,classification,512,0.3822244298954598,0.3822244298954598,0.39802416579509076,0.39802416579509076,0.0,0.0,0.0,True
general,JapaneseVowels,tabm_d,Raw,0,classification,512,0.17023462139645162,0.17023462139645162,0.17023462139645162,0.17023462139645162,0.0,0.0,0.0,True
general,JapaneseVowels,tabm_d,Raw+Gram@0.5,0,classification,512,0.17023462139645162,0.17023462139645162,0.1607095525841976,0.1607095525841976,0.0,0.0,0.0,True
general,JapaneseVowels,tabm_d,Raw+Gram@0.75,0,classification,512,0.17023462139645162,0.17023462139645162,0.16014788699093427,0.16014788699093427,0.0,0.0,0.0,True
general,JapaneseVowels,tabm_d,PureGram,0,classification,512,0.17023462139645162,0.17023462139645162,0.16409263253685324,0.16409263253685324,0.0,0.0,0.0,True
general,JapaneseVowels,tabm_d,GuardedGram-G2-g0p0-t01,0,classification,512,0.17023462139645162,0.17023462139645162,0.16014788699093427,0.16014788699093427,0.0,0.0,0.0,True
general,JapaneseVowels,tabm_d,SafeGram-t01,0,classification,512,0.17023462139645162,0.17023462139645162,0.16409263253685324,0.16409263253685324,0.0,0.0,0.0,True
general,JapaneseVowels,tabm_d,SafeRankGram-t01,0,classification,512,0.17023462139645162,0.17023462139645162,0.15862821880352715,0.15862821880352715,0.0,0.0,0.0,True
general,JapaneseVowels,tabm_d,BlockGuard-Greedy-t01,0,classification,512,0.17023462139645162,0.17023462139645162,0.17336613612764135,0.17336613612764135,0.0,0.0,0.0,True
general,JapaneseVowels,tabm_d,Raw,1,classification,512,0.17521591745263876,0.17521591745263876,0.17521591745263876,0.17521591745263876,0.0,0.0,0.0,True
general,JapaneseVowels,tabm_d,Raw+Gram@0.5,1,classification,512,0.17521591745263876,0.17521591745263876,0.1907308538492969,0.1907308538492969,0.0,0.0,0.0,True
general,JapaneseVowels,tabm_d,Raw+Gram@0.75,1,classification,512,0.17521591745263876,0.17521591745263876,0.20322596901586815,0.20322596901586815,0.0,0.0,0.0,True
general,JapaneseVowels,tabm_d,PureGram,1,classification,512,0.17521591745263876,0.17521591745263876,0.2223996383156407,0.2223996383156407,0.0,0.0,0.0,True
general,JapaneseVowels,tabm_d,GuardedGram-G2-g0p0-t01,1,classification,512,0.17521591745263876,0.17521591745263876,0.20322596901586815,0.20322596901586815,0.0,0.0,0.0,True
general,JapaneseVowels,tabm_d,SafeGram-t01,1,classification,512,0.17521591745263876,0.17521591745263876,0.1907308538492969,0.1907308538492969,0.0,0.0,0.0,True
general,JapaneseVowels,tabm_d,SafeRankGram-t01,1,classification,512,0.17521591745263876,0.17521591745263876,0.15089790895910282,0.15089790895910282,0.0,0.0,0.0,True
general,JapaneseVowels,tabm_d,BlockGuard-Greedy-t01,1,classification,512,0.17521591745263876,0.17521591745263876,0.2005691211610459,0.2005691211610459,0.0,0.0,0.0,True
general,JapaneseVowels,tabm_d,Raw,2,classification,512,0.2868966677517675,0.2868966677517675,0.2868966677517675,0.2868966677517675,0.0,0.0,0.0,True
general,JapaneseVowels,tabm_d,Raw+Gram@0.5,2,classification,512,0.2868966677517675,0.2868966677517675,0.24594198540929654,0.24594198540929654,0.0,0.0,0.0,True
general,JapaneseVowels,tabm_d,Raw+Gram@0.75,2,classification,512,0.2868966677517675,0.2868966677517675,0.2310705940385401,0.2310705940385401,0.0,0.0,0.0,True
general,JapaneseVowels,tabm_d,PureGram,2,classification,512,0.2868966677517675,0.2868966677517675,0.21895456808754124,0.21895456808754124,0.0,0.0,0.0,True
general,JapaneseVowels,tabm_d,GuardedGram-G2-g0p0-t01,2,classification,512,0.2868966677517675,0.2868966677517675,0.2310705940385401,0.2310705940385401,0.0,0.0,0.0,True
general,JapaneseVowels,tabm_d,SafeGram-t01,2,classification,512,0.2868966677517675,0.2868966677517675,0.21895456808754124,0.21895456808754124,0.0,0.0,0.0,True
general,JapaneseVowels,tabm_d,SafeRankGram-t01,2,classification,512,0.2868966677517675,0.2868966677517675,0.2034486363962054,0.2034486363962054,0.0,0.0,0.0,True
general,JapaneseVowels,tabm_d,BlockGuard-Greedy-t01,2,classification,512,0.2868966677517675,0.2868966677517675,0.21895456808754124,0.21895456808754124,0.0,0.0,0.0,True
general,JapaneseVowels,catboost,Raw,0,classification,512,0.39376163248045826,0.39376163248045826,0.39376163248045826,0.39376163248045826,0.0,0.0,0.0,True
general,JapaneseVowels,catboost,Raw+Gram@0.5,0,classification,512,0.39376163248045826,0.39376163248045826,0.4001761410650651,0.4001761410650651,0.0,0.0,0.0,True
general,JapaneseVowels,catboost,Raw+Gram@0.75,0,classification,512,0.39376163248045826,0.39376163248045826,0.4048531483595075,0.4048531483595075,0.0,0.0,0.0,True
general,JapaneseVowels,catboost,PureGram,0,classification,512,0.39376163248045826,0.39376163248045826,0.41059393036834824,0.41059393036834824,0.0,0.0,0.0,True
general,JapaneseVowels,catboost,GuardedGram-G2-g0p0-t01,0,classification,512,0.39376163248045826,0.39376163248045826,0.4048531483595075,0.4048531483595075,0.0,0.0,0.0,True
general,JapaneseVowels,catboost,SafeGram-t01,0,classification,512,0.39376163248045826,0.39376163248045826,0.41059393036834824,0.41059393036834824,0.0,0.0,0.0,True
general,JapaneseVowels,catboost,SafeRankGram-t01,0,classification,512,0.39376163248045826,0.39376163248045826,0.39614009284886764,0.39614009284886764,0.0,0.0,0.0,True
general,JapaneseVowels,catboost,BlockGuard-Greedy-t01,0,classification,512,0.39376163248045826,0.39376163248045826,0.4030930398974099,0.4030930398974099,0.0,0.0,0.0,True
general,JapaneseVowels,catboost,Raw,1,classification,512,0.3939095085739662,0.3939095085739662,0.3939095085739662,0.3939095085739662,0.0,0.0,0.0,True
general,JapaneseVowels,catboost,Raw+Gram@0.5,1,classification,512,0.3939095085739662,0.3939095085739662,0.40126566221568316,0.40126566221568316,0.0,0.0,0.0,True
general,JapaneseVowels,catboost,Raw+Gram@0.75,1,classification,512,0.3939095085739662,0.3939095085739662,0.4062088369005763,0.4062088369005763,0.0,0.0,0.0,True
general,JapaneseVowels,catboost,PureGram,1,classification,512,0.3939095085739662,0.3939095085739662,0.4120869659956204,0.4120869659956204,0.0,0.0,0.0,True
general,JapaneseVowels,catboost,GuardedGram-G2-g0p0-t01,1,classification,512,0.3939095085739662,0.3939095085739662,0.4062088369005763,0.4062088369005763,0.0,0.0,0.0,True
general,JapaneseVowels,catboost,SafeGram-t01,1,classification,512,0.3939095085739662,0.3939095085739662,0.40126566221568316,0.40126566221568316,0.0,0.0,0.0,True
general,JapaneseVowels,catboost,SafeRankGram-t01,1,classification,512,0.3939095085739662,0.3939095085739662,0.39329126185327845,0.39329126185327845,0.0,0.0,0.0,True
general,JapaneseVowels,catboost,BlockGuard-Greedy-t01,1,classification,512,0.3939095085739662,0.3939095085739662,0.4147579839951426,0.4147579839951426,0.0,0.0,0.0,True
general,JapaneseVowels,catboost,Raw,2,classification,512,0.3934591966804011,0.3934591966804011,0.3934591966804011,0.3934591966804011,0.0,0.0,0.0,True
general,JapaneseVowels,catboost,Raw+Gram@0.5,2,classification,512,0.3934591966804011,0.3934591966804011,0.4013409974370446,0.4013409974370446,0.0,0.0,0.0,True
general,JapaneseVowels,catboost,Raw+Gram@0.75,2,classification,512,0.3934591966804011,0.3934591966804011,0.40638964097475166,0.40638964097475166,0.0,0.0,0.0,True
general,JapaneseVowels,catboost,PureGram,2,classification,512,0.3934591966804011,0.3934591966804011,0.4122499447089702,0.4122499447089702,0.0,0.0,0.0,True
general,JapaneseVowels,catboost,GuardedGram-G2-g0p0-t01,2,classification,512,0.3934591966804011,0.3934591966804011,0.40638964097475166,0.40638964097475166,0.0,0.0,0.0,True
general,JapaneseVowels,catboost,SafeGram-t01,2,classification,512,0.3934591966804011,0.3934591966804011,0.4122499447089702,0.4122499447089702,0.0,0.0,0.0,True
general,JapaneseVowels,catboost,SafeRankGram-t01,2,classification,512,0.3934591966804011,0.3934591966804011,0.3946183794671031,0.3946183794671031,0.0,0.0,0.0,True
general,JapaneseVowels,catboost,BlockGuard-Greedy-t01,2,classification,512,0.3934591966804011,0.3934591966804011,0.4122499447089702,0.4122499447089702,0.0,0.0,0.0,True
general,JapaneseVowels,tabicl_v2,Raw,0,classification,512,0.12598476490481525,0.12598476490481525,0.12598476490481525,0.12598476490481525,0.0,0.0,0.0,True
general,JapaneseVowels,tabicl_v2,Raw+Gram@0.5,0,classification,512,0.12598476490481525,0.12598476490481525,0.1151928583067122,0.1151928583067122,0.0,0.0,0.0,True
general,JapaneseVowels,tabicl_v2,Raw+Gram@0.75,0,classification,512,0.12598476490481525,0.12598476490481525,0.11611376395317488,0.11611376395317488,0.0,0.0,0.0,True
general,JapaneseVowels,tabicl_v2,PureGram,0,classification,512,0.12598476490481525,0.12598476490481525,0.11979097083683221,0.11979097083683221,0.0,0.0,0.0,True
general,JapaneseVowels,tabicl_v2,GuardedGram-G2-g0p0-t01,0,classification,512,0.12598476490481525,0.12598476490481525,0.11611376395317488,0.11611376395317488,0.0,0.0,0.0,True
general,JapaneseVowels,tabicl_v2,SafeGram-t01,0,classification,512,0.12598476490481525,0.12598476490481525,0.11979097083683221,0.11979097083683221,0.0,0.0,0.0,True
general,JapaneseVowels,tabicl_v2,SafeRankGram-t01,0,classification,512,0.12598476490481525,0.12598476490481525,0.09879220576568111,0.09879220576568111,0.0,0.0,0.0,True
general,JapaneseVowels,tabicl_v2,BlockGuard-Greedy-t01,0,classification,512,0.12598476490481525,0.12598476490481525,0.11979097083683221,0.11979097083683221,0.0,0.0,0.0,True
general,JapaneseVowels,tabicl_v2,Raw,1,classification,512,0.12598476490481525,0.12598476490481525,0.12598476490481525,0.12598476490481525,0.0,0.0,0.0,True
general,JapaneseVowels,tabicl_v2,Raw+Gram@0.5,1,classification,512,0.12598476490481525,0.12598476490481525,0.1151928583067122,0.1151928583067122,0.0,0.0,0.0,True
general,JapaneseVowels,tabicl_v2,Raw+Gram@0.75,1,classification,512,0.12598476490481525,0.12598476490481525,0.11611376395317488,0.11611376395317488,0.0,0.0,0.0,True
general,JapaneseVowels,tabicl_v2,PureGram,1,classification,512,0.12598476490481525,0.12598476490481525,0.11979097083683221,0.11979097083683221,0.0,0.0,0.0,True
general,JapaneseVowels,tabicl_v2,GuardedGram-G2-g0p0-t01,1,classification,512,0.12598476490481525,0.12598476490481525,0.11611376395317488,0.11611376395317488,0.0,0.0,0.0,True
general,JapaneseVowels,tabicl_v2,SafeGram-t01,1,classification,512,0.12598476490481525,0.12598476490481525,0.11979097083683221,0.11979097083683221,0.0,0.0,0.0,True
general,JapaneseVowels,tabicl_v2,SafeRankGram-t01,1,classification,512,0.12598476490481525,0.12598476490481525,0.09879220576568111,0.09879220576568111,0.0,0.0,0.0,True
general,JapaneseVowels,tabicl_v2,BlockGuard-Greedy-t01,1,classification,512,0.12598476490481525,0.12598476490481525,0.11979097083683221,0.11979097083683221,0.0,0.0,0.0,True
general,JapaneseVowels,tabicl_v2,Raw,2,classification,512,0.12598476490481525,0.12598476490481525,0.12598476490481525,0.12598476490481525,0.0,0.0,0.0,True
general,JapaneseVowels,tabicl_v2,Raw+Gram@0.5,2,classification,512,0.12598476490481525,0.12598476490481525,0.1151928583067122,0.1151928583067122,0.0,0.0,0.0,True
general,JapaneseVowels,tabicl_v2,Raw+Gram@0.75,2,classification,512,0.12598476490481525,0.12598476490481525,0.11611376395317488,0.11611376395317488,0.0,0.0,0.0,True
general,JapaneseVowels,tabicl_v2,PureGram,2,classification,512,0.12598476490481525,0.12598476490481525,0.11979097083683221,0.11979097083683221,0.0,0.0,0.0,True
general,JapaneseVowels,tabicl_v2,GuardedGram-G2-g0p0-t01,2,classification,512,0.12598476490481525,0.12598476490481525,0.11611376395317488,0.11611376395317488,0.0,0.0,0.0,True
general,JapaneseVowels,tabicl_v2,SafeGram-t01,2,classification,512,0.12598476490481525,0.12598476490481525,0.11979097083683221,0.11979097083683221,0.0,0.0,0.0,True
general,JapaneseVowels,tabicl_v2,SafeRankGram-t01,2,classification,512,0.12598476490481525,0.12598476490481525,0.09879220576568111,0.09879220576568111,0.0,0.0,0.0,True
general,JapaneseVowels,tabicl_v2,BlockGuard-Greedy-t01,2,classification,512,0.12598476490481525,0.12598476490481525,0.11979097083683221,0.11979097083683221,0.0,0.0,0.0,True
general,JapaneseVowels,tabpfn_2_6,Raw,0,classification,512,0.10756654635200061,0.10756654635200061,0.10756654635200061,0.10756654635200061,0.0,0.0,0.0,True
general,JapaneseVowels,tabpfn_2_6,Raw+Gram@0.5,0,classification,512,0.10756654635200061,0.10756654635200061,0.09866947142928861,0.09866947142928861,0.0,0.0,0.0,True
general,JapaneseVowels,tabpfn_2_6,Raw+Gram@0.75,0,classification,512,0.10756654635200061,0.10756654635200061,0.09842938138048671,0.09842938138048671,0.0,0.0,0.0,True
general,JapaneseVowels,tabpfn_2_6,PureGram,0,classification,512,0.10756654635200061,0.10756654635200061,0.10172002078230472,0.10172002078230472,0.0,0.0,0.0,True
general,JapaneseVowels,tabpfn_2_6,GuardedGram-G2-g0p0-t01,0,classification,512,0.10756654635200061,0.10756654635200061,0.09842938138048671,0.09842938138048671,0.0,0.0,0.0,True
general,JapaneseVowels,tabpfn_2_6,SafeGram-t01,0,classification,512,0.10756654635200061,0.10756654635200061,0.10172002078230472,0.10172002078230472,0.0,0.0,0.0,True
general,JapaneseVowels,tabpfn_2_6,SafeRankGram-t01,0,classification,512,0.10756654635200061,0.10756654635200061,0.10254402560408721,0.10254402560408721,0.0,0.0,0.0,True
general,JapaneseVowels,tabpfn_2_6,BlockGuard-Greedy-t01,0,classification,512,0.10756654635200061,0.10756654635200061,0.10172002078230472,0.10172002078230472,0.0,0.0,0.0,True
general,JapaneseVowels,tabpfn_2_6,Raw,1,classification,512,0.12222371646741248,0.12222371646741248,0.12222371646741248,0.12222371646741248,0.0,0.0,0.0,True
general,JapaneseVowels,tabpfn_2_6,Raw+Gram@0.5,1,classification,512,0.12222371646741248,0.12222371646741248,0.11119234474066918,0.11119234474066918,0.0,0.0,0.0,True
general,JapaneseVowels,tabpfn_2_6,Raw+Gram@0.75,1,classification,512,0.12222371646741248,0.12222371646741248,0.11327712304133129,0.11327712304133129,0.0,0.0,0.0,True
general,JapaneseVowels,tabpfn_2_6,PureGram,1,classification,512,0.12222371646741248,0.12222371646741248,0.11992281376032618,0.11992281376032618,0.0,0.0,0.0,True
general,JapaneseVowels,tabpfn_2_6,GuardedGram-G2-g0p0-t01,1,classification,512,0.12222371646741248,0.12222371646741248,0.11327712304133129,0.11327712304133129,0.0,0.0,0.0,True
general,JapaneseVowels,tabpfn_2_6,SafeGram-t01,1,classification,512,0.12222371646741248,0.12222371646741248,0.11992281376032618,0.11992281376032618,0.0,0.0,0.0,True
general,JapaneseVowels,tabpfn_2_6,SafeRankGram-t01,1,classification,512,0.12222371646741248,0.12222371646741248,0.10477328967411301,0.10477328967411301,0.0,0.0,0.0,True
general,JapaneseVowels,tabpfn_2_6,BlockGuard-Greedy-t01,1,classification,512,0.12222371646741248,0.12222371646741248,0.11992281376032618,0.11992281376032618,0.0,0.0,0.0,True
general,JapaneseVowels,tabpfn_2_6,Raw,2,classification,512,0.10969185778182322,0.10969185778182322,0.10969185778182322,0.10969185778182322,0.0,0.0,0.0,True
general,JapaneseVowels,tabpfn_2_6,Raw+Gram@0.5,2,classification,512,0.10969185778182322,0.10969185778182322,0.11236707297263074,0.11236707297263074,0.0,0.0,0.0,True
general,JapaneseVowels,tabpfn_2_6,Raw+Gram@0.75,2,classification,512,0.10969185778182322,0.10969185778182322,0.11860538420241981,0.11860538420241981,0.0,0.0,0.0,True
general,JapaneseVowels,tabpfn_2_6,PureGram,2,classification,512,0.10969185778182322,0.10969185778182322,0.13219360436454283,0.13219360436454283,0.0,0.0,0.0,True
general,JapaneseVowels,tabpfn_2_6,GuardedGram-G2-g0p0-t01,2,classification,512,0.10969185778182322,0.10969185778182322,0.11860538420241981,0.11860538420241981,0.0,0.0,0.0,True
general,JapaneseVowels,tabpfn_2_6,SafeGram-t01,2,classification,512,0.10969185778182322,0.10969185778182322,0.11236707297263074,0.11236707297263074,0.0,0.0,0.0,True
general,JapaneseVowels,tabpfn_2_6,SafeRankGram-t01,2,classification,512,0.10969185778182322,0.10969185778182322,0.11277961270383885,0.11277961270383885,0.0,0.0,0.0,True
general,JapaneseVowels,tabpfn_2_6,BlockGuard-Greedy-t01,2,classification,512,0.10969185778182322,0.10969185778182322,0.12235178077049358,0.12235178077049358,0.0,0.0,0.0,True
general,ada_prior,controlled_mlp,Raw,0,classification,512,0.368187986382829,0.368187986382829,0.368187986382829,0.368187986382829,0.0,0.0,0.0,True
general,ada_prior,controlled_mlp,Raw+Gram@0.5,0,classification,512,0.368187986382829,0.368187986382829,0.3722968308375125,0.3722968308375125,0.0,0.0,0.0,True
general,ada_prior,controlled_mlp,Raw+Gram@0.75,0,classification,512,0.368187986382829,0.368187986382829,0.3794300227122644,0.3794300227122644,0.0,0.0,0.0,True
general,ada_prior,controlled_mlp,PureGram,0,classification,512,0.368187986382829,0.368187986382829,0.39161650887320953,0.39161650887320953,0.0,0.0,0.0,True
general,ada_prior,controlled_mlp,GuardedGram-G2-g0p0-t01,0,classification,512,0.368187986382829,0.368187986382829,0.3722968308375125,0.3722968308375125,0.0,0.0,0.0,True
general,ada_prior,controlled_mlp,SafeGram-t01,0,classification,512,0.368187986382829,0.368187986382829,0.368187986382829,0.368187986382829,0.0,0.0,0.0,True
general,ada_prior,controlled_mlp,SafeRankGram-t01,0,classification,512,0.368187986382829,0.368187986382829,0.368187986382829,0.368187986382829,0.0,0.0,0.0,True
general,ada_prior,controlled_mlp,BlockGuard-Greedy-t01,0,classification,512,0.368187986382829,0.368187986382829,0.40950293842762553,0.40950293842762553,0.0,0.0,0.0,True
general,ada_prior,controlled_mlp,Raw,1,classification,512,0.37288171852281404,0.37288171852281404,0.37288171852281404,0.37288171852281404,0.0,0.0,0.0,True
general,ada_prior,controlled_mlp,Raw+Gram@0.5,1,classification,512,0.37288171852281404,0.37288171852281404,0.3691232283440917,0.3691232283440917,0.0,0.0,0.0,True
general,ada_prior,controlled_mlp,Raw+Gram@0.75,1,classification,512,0.37288171852281404,0.37288171852281404,0.3757038529877333,0.3757038529877333,0.0,0.0,0.0,True
general,ada_prior,controlled_mlp,PureGram,1,classification,512,0.37288171852281404,0.37288171852281404,0.3904658234121525,0.3904658234121525,0.0,0.0,0.0,True
general,ada_prior,controlled_mlp,GuardedGram-G2-g0p0-t01,1,classification,512,0.37288171852281404,0.37288171852281404,0.3691232283440917,0.3691232283440917,0.0,0.0,0.0,True
general,ada_prior,controlled_mlp,SafeGram-t01,1,classification,512,0.37288171852281404,0.37288171852281404,0.37288171852281404,0.37288171852281404,0.0,0.0,0.0,True
general,ada_prior,controlled_mlp,SafeRankGram-t01,1,classification,512,0.37288171852281404,0.37288171852281404,0.36606094930081423,0.36606094930081423,0.0,0.0,0.0,True
general,ada_prior,controlled_mlp,BlockGuard-Greedy-t01,1,classification,512,0.37288171852281404,0.37288171852281404,0.3983754401945266,0.3983754401945266,0.0,0.0,0.0,True
general,ada_prior,controlled_mlp,Raw,2,classification,512,0.36578622056864724,0.36578622056864724,0.36578622056864724,0.36578622056864724,0.0,0.0,0.0,True
general,ada_prior,controlled_mlp,Raw+Gram@0.5,2,classification,512,0.36578622056864724,0.36578622056864724,0.36943933069634016,0.36943933069634016,0.0,0.0,0.0,True
general,ada_prior,controlled_mlp,Raw+Gram@0.75,2,classification,512,0.36578622056864724,0.36578622056864724,0.3767201781927949,0.3767201781927949,0.0,0.0,0.0,True
general,ada_prior,controlled_mlp,PureGram,2,classification,512,0.36578622056864724,0.36578622056864724,0.391876930199637,0.391876930199637,0.0,0.0,0.0,True
general,ada_prior,controlled_mlp,GuardedGram-G2-g0p0-t01,2,classification,512,0.36578622056864724,0.36578622056864724,0.36943933069634016,0.36943933069634016,0.0,0.0,0.0,True
general,ada_prior,controlled_mlp,SafeGram-t01,2,classification,512,0.36578622056864724,0.36578622056864724,0.36578622056864724,0.36578622056864724,0.0,0.0,0.0,True
general,ada_prior,controlled_mlp,SafeRankGram-t01,2,classification,512,0.36578622056864724,0.36578622056864724,0.3598908209852877,0.3598908209852877,0.0,0.0,0.0,True
general,ada_prior,controlled_mlp,BlockGuard-Greedy-t01,2,classification,512,0.36578622056864724,0.36578622056864724,0.40854300532127336,0.40854300532127336,0.0,0.0,0.0,True
general,ada_prior,tabm_d,Raw,0,classification,512,0.36488446198363894,0.36488446198363894,0.36488446198363894,0.36488446198363894,0.0,0.0,0.0,True
general,ada_prior,tabm_d,Raw+Gram@0.5,0,classification,512,0.36488446198363894,0.36488446198363894,0.3689172313828032,0.3689172313828032,0.0,0.0,0.0,True
general,ada_prior,tabm_d,Raw+Gram@0.75,0,classification,512,0.36488446198363894,0.36488446198363894,0.375497224057041,0.375497224057041,0.0,0.0,0.0,True
general,ada_prior,tabm_d,PureGram,0,classification,512,0.36488446198363894,0.36488446198363894,0.38810564123642666,0.38810564123642666,0.0,0.0,0.0,True
general,ada_prior,tabm_d,GuardedGram-G2-g0p0-t01,0,classification,512,0.36488446198363894,0.36488446198363894,0.3689172313828032,0.3689172313828032,0.0,0.0,0.0,True
general,ada_prior,tabm_d,SafeGram-t01,0,classification,512,0.36488446198363894,0.36488446198363894,0.36488446198363894,0.36488446198363894,0.0,0.0,0.0,True
general,ada_prior,tabm_d,SafeRankGram-t01,0,classification,512,0.36488446198363894,0.36488446198363894,0.36488446198363894,0.36488446198363894,0.0,0.0,0.0,True
general,ada_prior,tabm_d,BlockGuard-Greedy-t01,0,classification,512,0.36488446198363894,0.36488446198363894,0.36130525881095854,0.36130525881095854,0.0,0.0,0.0,True
general,ada_prior,tabm_d,Raw,1,classification,512,0.3563470563779714,0.3563470563779714,0.3563470563779714,0.3563470563779714,0.0,0.0,0.0,True
general,ada_prior,tabm_d,Raw+Gram@0.5,1,classification,512,0.3563470563779714,0.3563470563779714,0.36554668526399864,0.36554668526399864,0.0,0.0,0.0,True
general,ada_prior,tabm_d,Raw+Gram@0.75,1,classification,512,0.3563470563779714,0.3563470563779714,0.37224662137489073,0.37224662137489073,0.0,0.0,0.0,True
general,ada_prior,tabm_d,PureGram,1,classification,512,0.3563470563779714,0.3563470563779714,0.38139628864641834,0.38139628864641834,0.0,0.0,0.0,True
general,ada_prior,tabm_d,GuardedGram-G2-g0p0-t01,1,classification,512,0.3563470563779714,0.3563470563779714,0.3563470563779714,0.3563470563779714,0.0,0.0,0.0,True
general,ada_prior,tabm_d,SafeGram-t01,1,classification,512,0.3563470563779714,0.3563470563779714,0.3563470563779714,0.3563470563779714,0.0,0.0,0.0,True
general,ada_prior,tabm_d,SafeRankGram-t01,1,classification,512,0.3563470563779714,0.3563470563779714,0.3563470563779714,0.3563470563779714,0.0,0.0,0.0,True
general,ada_prior,tabm_d,BlockGuard-Greedy-t01,1,classification,512,0.3563470563779714,0.3563470563779714,0.3675008550015094,0.3675008550015094,0.0,0.0,0.0,True
general,ada_prior,tabm_d,Raw,2,classification,512,0.36739543868060703,0.36739543868060703,0.36739543868060703,0.36739543868060703,0.0,0.0,0.0,True
general,ada_prior,tabm_d,Raw+Gram@0.5,2,classification,512,0.36739543868060703,0.36739543868060703,0.3664876045980968,0.3664876045980968,0.0,0.0,0.0,True
general,ada_prior,tabm_d,Raw+Gram@0.75,2,classification,512,0.36739543868060703,0.36739543868060703,0.37557727937929375,0.37557727937929375,0.0,0.0,0.0,True
general,ada_prior,tabm_d,PureGram,2,classification,512,0.36739543868060703,0.36739543868060703,0.3880999026473603,0.3880999026473603,0.0,0.0,0.0,True
general,ada_prior,tabm_d,GuardedGram-G2-g0p0-t01,2,classification,512,0.36739543868060703,0.36739543868060703,0.36739543868060703,0.36739543868060703,0.0,0.0,0.0,True
general,ada_prior,tabm_d,SafeGram-t01,2,classification,512,0.36739543868060703,0.36739543868060703,0.36739543868060703,0.36739543868060703,0.0,0.0,0.0,True
general,ada_prior,tabm_d,SafeRankGram-t01,2,classification,512,0.36739543868060703,0.36739543868060703,0.36739543868060703,0.36739543868060703,0.0,0.0,0.0,True
general,ada_prior,tabm_d,BlockGuard-Greedy-t01,2,classification,512,0.36739543868060703,0.36739543868060703,0.3614500973830729,0.3614500973830729,0.0,0.0,0.0,True
general,ada_prior,catboost,Raw,0,classification,512,0.38560338632199515,0.38560338632199515,0.38560338632199515,0.38560338632199515,0.0,0.0,0.0,True
general,ada_prior,catboost,Raw+Gram@0.5,0,classification,512,0.38560338632199515,0.38560338632199515,0.3821329882446397,0.3821329882446397,0.0,0.0,0.0,True
general,ada_prior,catboost,Raw+Gram@0.75,0,classification,512,0.38560338632199515,0.38560338632199515,0.3818867251643093,0.3818867251643093,0.0,0.0,0.0,True
general,ada_prior,catboost,PureGram,0,classification,512,0.38560338632199515,0.38560338632199515,0.38257053065890745,0.38257053065890745,0.0,0.0,0.0,True
general,ada_prior,catboost,GuardedGram-G2-g0p0-t01,0,classification,512,0.38560338632199515,0.38560338632199515,0.38333110718382585,0.38333110718382585,0.0,0.0,0.0,True
general,ada_prior,catboost,SafeGram-t01,0,classification,512,0.38560338632199515,0.38560338632199515,0.38560338632199515,0.38560338632199515,0.0,0.0,0.0,True
general,ada_prior,catboost,SafeRankGram-t01,0,classification,512,0.38560338632199515,0.38560338632199515,0.38560338632199515,0.38560338632199515,0.0,0.0,0.0,True
general,ada_prior,catboost,BlockGuard-Greedy-t01,0,classification,512,0.38560338632199515,0.38560338632199515,0.3832731083090478,0.3832731083090478,0.0,0.0,0.0,True
general,ada_prior,catboost,Raw,1,classification,512,0.37837531265449087,0.37837531265449087,0.37837531265449087,0.37837531265449087,0.0,0.0,0.0,True
general,ada_prior,catboost,Raw+Gram@0.5,1,classification,512,0.37837531265449087,0.37837531265449087,0.37908686093251154,0.37908686093251154,0.0,0.0,0.0,True
general,ada_prior,catboost,Raw+Gram@0.75,1,classification,512,0.37837531265449087,0.37837531265449087,0.3812740401035301,0.3812740401035301,0.0,0.0,0.0,True
general,ada_prior,catboost,PureGram,1,classification,512,0.37837531265449087,0.37837531265449087,0.38492378518986914,0.38492378518986914,0.0,0.0,0.0,True
general,ada_prior,catboost,GuardedGram-G2-g0p0-t01,1,classification,512,0.37837531265449087,0.37837531265449087,0.37908686093251154,0.37908686093251154,0.0,0.0,0.0,True
general,ada_prior,catboost,SafeGram-t01,1,classification,512,0.37837531265449087,0.37837531265449087,0.37837531265449087,0.37837531265449087,0.0,0.0,0.0,True
general,ada_prior,catboost,SafeRankGram-t01,1,classification,512,0.37837531265449087,0.37837531265449087,0.37837531265449087,0.37837531265449087,0.0,0.0,0.0,True
general,ada_prior,catboost,BlockGuard-Greedy-t01,1,classification,512,0.37837531265449087,0.37837531265449087,0.3789773605015756,0.3789773605015756,0.0,0.0,0.0,True
general,ada_prior,catboost,Raw,2,classification,512,0.3746308704449244,0.3746308704449244,0.3746308704449244,0.3746308704449244,0.0,0.0,0.0,True
general,ada_prior,catboost,Raw+Gram@0.5,2,classification,512,0.3746308704449244,0.3746308704449244,0.37279161370515085,0.37279161370515085,0.0,0.0,0.0,True
general,ada_prior,catboost,Raw+Gram@0.75,2,classification,512,0.3746308704449244,0.3746308704449244,0.37331073745086374,0.37331073745086374,0.0,0.0,0.0,True
general,ada_prior,catboost,PureGram,2,classification,512,0.3746308704449244,0.3746308704449244,0.3748400853992897,0.3748400853992897,0.0,0.0,0.0,True
general,ada_prior,catboost,GuardedGram-G2-g0p0-t01,2,classification,512,0.3746308704449244,0.3746308704449244,0.37331073745086374,0.37331073745086374,0.0,0.0,0.0,True
general,ada_prior,catboost,SafeGram-t01,2,classification,512,0.3746308704449244,0.3746308704449244,0.37322474770272557,0.37322474770272557,0.0,0.0,0.0,True
general,ada_prior,catboost,SafeRankGram-t01,2,classification,512,0.3746308704449244,0.3746308704449244,0.3746308704449244,0.3746308704449244,0.0,0.0,0.0,True
general,ada_prior,catboost,BlockGuard-Greedy-t01,2,classification,512,0.3746308704449244,0.3746308704449244,0.38316689731122733,0.38316689731122733,0.0,0.0,0.0,True
general,ada_prior,tabicl_v2,Raw,0,classification,512,0.3601205540958673,0.3601205540958673,0.3601205540958673,0.3601205540958673,0.0,0.0,0.0,True
general,ada_prior,tabicl_v2,Raw+Gram@0.5,0,classification,512,0.3601205540958673,0.3601205540958673,0.36170566172778484,0.36170566172778484,0.0,0.0,0.0,True
general,ada_prior,tabicl_v2,Raw+Gram@0.75,0,classification,512,0.3601205540958673,0.3601205540958673,0.3636083581029149,0.3636083581029149,0.0,0.0,0.0,True
general,ada_prior,tabicl_v2,PureGram,0,classification,512,0.3601205540958673,0.3601205540958673,0.3663038610857165,0.3663038610857165,0.0,0.0,0.0,True
general,ada_prior,tabicl_v2,GuardedGram-G2-g0p0-t01,0,classification,512,0.3601205540958673,0.3601205540958673,0.3636083581029149,0.3636083581029149,0.0,0.0,0.0,True
general,ada_prior,tabicl_v2,SafeGram-t01,0,classification,512,0.3601205540958673,0.3601205540958673,0.36054781143967274,0.36054781143967274,0.0,0.0,0.0,True
general,ada_prior,tabicl_v2,SafeRankGram-t01,0,classification,512,0.3601205540958673,0.3601205540958673,0.3717787390547951,0.3717787390547951,0.0,0.0,0.0,True
general,ada_prior,tabicl_v2,BlockGuard-Greedy-t01,0,classification,512,0.3601205540958673,0.3601205540958673,0.3663038610857165,0.3663038610857165,0.0,0.0,0.0,True
general,ada_prior,tabicl_v2,Raw,1,classification,512,0.3601205540958673,0.3601205540958673,0.3601205540958673,0.3601205540958673,0.0,0.0,0.0,True
general,ada_prior,tabicl_v2,Raw+Gram@0.5,1,classification,512,0.3601205540958673,0.3601205540958673,0.36170566172778484,0.36170566172778484,0.0,0.0,0.0,True
general,ada_prior,tabicl_v2,Raw+Gram@0.75,1,classification,512,0.3601205540958673,0.3601205540958673,0.3636083581029149,0.3636083581029149,0.0,0.0,0.0,True
general,ada_prior,tabicl_v2,PureGram,1,classification,512,0.3601205540958673,0.3601205540958673,0.3663038610857165,0.3663038610857165,0.0,0.0,0.0,True
general,ada_prior,tabicl_v2,GuardedGram-G2-g0p0-t01,1,classification,512,0.3601205540958673,0.3601205540958673,0.3636083581029149,0.3636083581029149,0.0,0.0,0.0,True
general,ada_prior,tabicl_v2,SafeGram-t01,1,classification,512,0.3601205540958673,0.3601205540958673,0.36054781143967274,0.36054781143967274,0.0,0.0,0.0,True
general,ada_prior,tabicl_v2,SafeRankGram-t01,1,classification,512,0.3601205540958673,0.3601205540958673,0.3717787390547951,0.3717787390547951,0.0,0.0,0.0,True
general,ada_prior,tabicl_v2,BlockGuard-Greedy-t01,1,classification,512,0.3601205540958673,0.3601205540958673,0.3663038610857165,0.3663038610857165,0.0,0.0,0.0,True
general,ada_prior,tabicl_v2,Raw,2,classification,512,0.3601205540958673,0.3601205540958673,0.3601205540958673,0.3601205540958673,0.0,0.0,0.0,True
general,ada_prior,tabicl_v2,Raw+Gram@0.5,2,classification,512,0.3601205540958673,0.3601205540958673,0.36170566172778484,0.36170566172778484,0.0,0.0,0.0,True
general,ada_prior,tabicl_v2,Raw+Gram@0.75,2,classification,512,0.3601205540958673,0.3601205540958673,0.3636083581029149,0.3636083581029149,0.0,0.0,0.0,True
general,ada_prior,tabicl_v2,PureGram,2,classification,512,0.3601205540958673,0.3601205540958673,0.3663038610857165,0.3663038610857165,0.0,0.0,0.0,True
general,ada_prior,tabicl_v2,GuardedGram-G2-g0p0-t01,2,classification,512,0.3601205540958673,0.3601205540958673,0.3636083581029149,0.3636083581029149,0.0,0.0,0.0,True
general,ada_prior,tabicl_v2,SafeGram-t01,2,classification,512,0.3601205540958673,0.3601205540958673,0.36054781143967274,0.36054781143967274,0.0,0.0,0.0,True
general,ada_prior,tabicl_v2,SafeRankGram-t01,2,classification,512,0.3601205540958673,0.3601205540958673,0.3717787390547951,0.3717787390547951,0.0,0.0,0.0,True
general,ada_prior,tabicl_v2,BlockGuard-Greedy-t01,2,classification,512,0.3601205540958673,0.3601205540958673,0.3663038610857165,0.3663038610857165,0.0,0.0,0.0,True
general,ada_prior,tabpfn_2_6,Raw,0,classification,512,0.3695273528775932,0.3695273528775932,0.3695273528775932,0.3695273528775932,0.0,0.0,0.0,True
general,ada_prior,tabpfn_2_6,Raw+Gram@0.5,0,classification,512,0.3695273528775932,0.3695273528775932,0.3688206669908426,0.3688206669908426,0.0,0.0,0.0,True
general,ada_prior,tabpfn_2_6,Raw+Gram@0.75,0,classification,512,0.3695273528775932,0.3695273528775932,0.3699793959411499,0.3699793959411499,0.0,0.0,0.0,True
general,ada_prior,tabpfn_2_6,PureGram,0,classification,512,0.3695273528775932,0.3695273528775932,0.37210684944735484,0.37210684944735484,0.0,0.0,0.0,True
general,ada_prior,tabpfn_2_6,GuardedGram-G2-g0p0-t01,0,classification,512,0.3695273528775932,0.3695273528775932,0.3686240408694355,0.3686240408694355,0.0,0.0,0.0,True
general,ada_prior,tabpfn_2_6,SafeGram-t01,0,classification,512,0.3695273528775932,0.3695273528775932,0.3695273528775932,0.3695273528775932,0.0,0.0,0.0,True
general,ada_prior,tabpfn_2_6,SafeRankGram-t01,0,classification,512,0.3695273528775932,0.3695273528775932,0.3695273528775932,0.3695273528775932,0.0,0.0,0.0,True
general,ada_prior,tabpfn_2_6,BlockGuard-Greedy-t01,0,classification,512,0.3695273528775932,0.3695273528775932,0.36447505050003376,0.36447505050003376,0.0,0.0,0.0,True
general,ada_prior,tabpfn_2_6,Raw,1,classification,512,0.36818946348682297,0.36818946348682297,0.36818946348682297,0.36818946348682297,0.0,0.0,0.0,True
general,ada_prior,tabpfn_2_6,Raw+Gram@0.5,1,classification,512,0.36818946348682297,0.36818946348682297,0.3665463563047984,0.3665463563047984,0.0,0.0,0.0,True
general,ada_prior,tabpfn_2_6,Raw+Gram@0.75,1,classification,512,0.36818946348682297,0.36818946348682297,0.368414292404972,0.368414292404972,0.0,0.0,0.0,True
general,ada_prior,tabpfn_2_6,PureGram,1,classification,512,0.36818946348682297,0.36818946348682297,0.37214155591250175,0.37214155591250175,0.0,0.0,0.0,True
general,ada_prior,tabpfn_2_6,GuardedGram-G2-g0p0-t01,1,classification,512,0.36818946348682297,0.36818946348682297,0.3664075284629601,0.3664075284629601,0.0,0.0,0.0,True
general,ada_prior,tabpfn_2_6,SafeGram-t01,1,classification,512,0.36818946348682297,0.36818946348682297,0.36818946348682297,0.36818946348682297,0.0,0.0,0.0,True
general,ada_prior,tabpfn_2_6,SafeRankGram-t01,1,classification,512,0.36818946348682297,0.36818946348682297,0.36818946348682297,0.36818946348682297,0.0,0.0,0.0,True
general,ada_prior,tabpfn_2_6,BlockGuard-Greedy-t01,1,classification,512,0.36818946348682297,0.36818946348682297,0.36789327566393015,0.36789327566393015,0.0,0.0,0.0,True
general,ada_prior,tabpfn_2_6,Raw,2,classification,512,0.3633987453781951,0.3633987453781951,0.3633987453781951,0.3633987453781951,0.0,0.0,0.0,True
general,ada_prior,tabpfn_2_6,Raw+Gram@0.5,2,classification,512,0.3633987453781951,0.3633987453781951,0.3646955487119935,0.3646955487119935,0.0,0.0,0.0,True
general,ada_prior,tabpfn_2_6,Raw+Gram@0.75,2,classification,512,0.3633987453781951,0.3633987453781951,0.3667674146285763,0.3667674146285763,0.0,0.0,0.0,True
general,ada_prior,tabpfn_2_6,PureGram,2,classification,512,0.3633987453781951,0.3633987453781951,0.3698331497480578,0.3698331497480578,0.0,0.0,0.0,True
general,ada_prior,tabpfn_2_6,GuardedGram-G2-g0p0-t01,2,classification,512,0.3633987453781951,0.3633987453781951,0.3646955487119935,0.3646955487119935,0.0,0.0,0.0,True
general,ada_prior,tabpfn_2_6,SafeGram-t01,2,classification,512,0.3633987453781951,0.3633987453781951,0.3633987453781951,0.3633987453781951,0.0,0.0,0.0,True
general,ada_prior,tabpfn_2_6,SafeRankGram-t01,2,classification,512,0.3633987453781951,0.3633987453781951,0.3633987453781951,0.3633987453781951,0.0,0.0,0.0,True
general,ada_prior,tabpfn_2_6,BlockGuard-Greedy-t01,2,classification,512,0.3633987453781951,0.3633987453781951,0.36461223263241604,0.36461223263241604,0.0,0.0,0.0,True
general,eye_movements,controlled_mlp,Raw,0,classification,512,0.9996245764417239,0.9996245764417239,0.9996245764417239,0.9996245764417239,0.0,0.0,0.0,True
general,eye_movements,controlled_mlp,Raw+Gram@0.5,0,classification,512,0.9996245764417239,0.9996245764417239,0.9553160943341954,0.9553160943341954,0.0,0.0,0.0,True
general,eye_movements,controlled_mlp,Raw+Gram@0.75,0,classification,512,0.9996245764417239,0.9996245764417239,0.9643697603255033,0.9643697603255033,0.0,0.0,0.0,True
general,eye_movements,controlled_mlp,PureGram,0,classification,512,0.9996245764417239,0.9996245764417239,0.9933818207355565,0.9933818207355565,0.0,0.0,0.0,True
general,eye_movements,controlled_mlp,GuardedGram-G2-g0p0-t01,0,classification,512,0.9996245764417239,0.9996245764417239,0.9553160943341954,0.9553160943341954,0.0,0.0,0.0,True
general,eye_movements,controlled_mlp,SafeGram-t01,0,classification,512,0.9996245764417239,0.9996245764417239,0.9996245764417239,0.9996245764417239,0.0,0.0,0.0,True
general,eye_movements,controlled_mlp,SafeRankGram-t01,0,classification,512,0.9996245764417239,0.9996245764417239,0.9996245764417239,0.9996245764417239,0.0,0.0,0.0,True
general,eye_movements,controlled_mlp,BlockGuard-Greedy-t01,0,classification,512,0.9996245764417239,0.9996245764417239,0.9574266121780161,0.9574266121780161,0.0,0.0,0.0,True
general,eye_movements,controlled_mlp,Raw,1,classification,512,1.0040288059755356,1.0040288059755356,1.0040288059755356,1.0040288059755356,0.0,0.0,0.0,True
general,eye_movements,controlled_mlp,Raw+Gram@0.5,1,classification,512,1.0040288059755356,1.0040288059755356,0.9745222398505361,0.9745222398505361,0.0,0.0,0.0,True
general,eye_movements,controlled_mlp,Raw+Gram@0.75,1,classification,512,1.0040288059755356,1.0040288059755356,0.9877135031666102,0.9877135031666102,0.0,0.0,0.0,True
general,eye_movements,controlled_mlp,PureGram,1,classification,512,1.0040288059755356,1.0040288059755356,1.0175687537896212,1.0175687537896212,0.0,0.0,0.0,True
general,eye_movements,controlled_mlp,GuardedGram-G2-g0p0-t01,1,classification,512,1.0040288059755356,1.0040288059755356,0.9772419499663567,0.9772419499663567,0.0,0.0,0.0,True
general,eye_movements,controlled_mlp,SafeGram-t01,1,classification,512,1.0040288059755356,1.0040288059755356,1.0040288059755356,1.0040288059755356,0.0,0.0,0.0,True
general,eye_movements,controlled_mlp,SafeRankGram-t01,1,classification,512,1.0040288059755356,1.0040288059755356,0.9827139321352062,0.9827139321352062,0.0,0.0,0.0,True
general,eye_movements,controlled_mlp,BlockGuard-Greedy-t01,1,classification,512,1.0040288059755356,1.0040288059755356,1.0040288059755356,1.0040288059755356,0.0,0.0,0.0,True
general,eye_movements,controlled_mlp,Raw,2,classification,512,0.9901530536105716,0.9901530536105716,0.9901530536105716,0.9901530536105716,0.0,0.0,0.0,True
general,eye_movements,controlled_mlp,Raw+Gram@0.5,2,classification,512,0.9901530536105716,0.9901530536105716,0.9583084267237634,0.9583084267237634,0.0,0.0,0.0,True
general,eye_movements,controlled_mlp,Raw+Gram@0.75,2,classification,512,0.9901530536105716,0.9901530536105716,0.9721072876334527,0.9721072876334527,0.0,0.0,0.0,True
general,eye_movements,controlled_mlp,PureGram,2,classification,512,0.9901530536105716,0.9901530536105716,1.0072199623836404,1.0072199623836404,0.0,0.0,0.0,True
general,eye_movements,controlled_mlp,GuardedGram-G2-g0p0-t01,2,classification,512,0.9901530536105716,0.9901530536105716,0.9583084267237634,0.9583084267237634,0.0,0.0,0.0,True
general,eye_movements,controlled_mlp,SafeGram-t01,2,classification,512,0.9901530536105716,0.9901530536105716,0.9901530536105716,0.9901530536105716,0.0,0.0,0.0,True
general,eye_movements,controlled_mlp,SafeRankGram-t01,2,classification,512,0.9901530536105716,0.9901530536105716,0.9901530536105716,0.9901530536105716,0.0,0.0,0.0,True
general,eye_movements,controlled_mlp,BlockGuard-Greedy-t01,2,classification,512,0.9901530536105716,0.9901530536105716,0.9901530536105716,0.9901530536105716,0.0,0.0,0.0,True
general,eye_movements,tabm_d,Raw,0,classification,512,0.9433113797921784,0.9433113797921784,0.9433113797921784,0.9433113797921784,0.0,0.0,0.0,True
general,eye_movements,tabm_d,Raw+Gram@0.5,0,classification,512,0.9433113797921784,0.9433113797921784,0.9545502254302405,0.9545502254302405,0.0,0.0,0.0,True
general,eye_movements,tabm_d,Raw+Gram@0.75,0,classification,512,0.9433113797921784,0.9433113797921784,0.9772016506202086,0.9772016506202086,0.0,0.0,0.0,True
general,eye_movements,tabm_d,PureGram,0,classification,512,0.9433113797921784,0.9433113797921784,1.0111301385307514,1.0111301385307514,0.0,0.0,0.0,True
general,eye_movements,tabm_d,GuardedGram-G2-g0p0-t01,0,classification,512,0.9433113797921784,0.9433113797921784,0.9433113797921784,0.9433113797921784,0.0,0.0,0.0,True
general,eye_movements,tabm_d,SafeGram-t01,0,classification,512,0.9433113797921784,0.9433113797921784,0.9433113797921784,0.9433113797921784,0.0,0.0,0.0,True
general,eye_movements,tabm_d,SafeRankGram-t01,0,classification,512,0.9433113797921784,0.9433113797921784,0.9433113797921784,0.9433113797921784,0.0,0.0,0.0,True
general,eye_movements,tabm_d,BlockGuard-Greedy-t01,0,classification,512,0.9433113797921784,0.9433113797921784,0.9394120314327531,0.9394120314327531,0.0,0.0,0.0,True
general,eye_movements,tabm_d,Raw,1,classification,512,1.0313747246357061,1.0313747246357061,1.0313747246357061,1.0313747246357061,0.0,0.0,0.0,True
general,eye_movements,tabm_d,Raw+Gram@0.5,1,classification,512,1.0313747246357061,1.0313747246357061,1.0099439807666288,1.0099439807666288,0.0,0.0,0.0,True
general,eye_movements,tabm_d,Raw+Gram@0.75,1,classification,512,1.0313747246357061,1.0313747246357061,1.0085457693898285,1.0085457693898285,0.0,0.0,0.0,True
general,eye_movements,tabm_d,PureGram,1,classification,512,1.0313747246357061,1.0313747246357061,1.012618785608284,1.012618785608284,0.0,0.0,0.0,True
general,eye_movements,tabm_d,GuardedGram-G2-g0p0-t01,1,classification,512,1.0313747246357061,1.0313747246357061,1.0099439807666288,1.0099439807666288,0.0,0.0,0.0,True
general,eye_movements,tabm_d,SafeGram-t01,1,classification,512,1.0313747246357061,1.0313747246357061,1.0313747246357061,1.0313747246357061,0.0,0.0,0.0,True
general,eye_movements,tabm_d,SafeRankGram-t01,1,classification,512,1.0313747246357061,1.0313747246357061,0.9791096675871999,0.9791096675871999,0.0,0.0,0.0,True
general,eye_movements,tabm_d,BlockGuard-Greedy-t01,1,classification,512,1.0313747246357061,1.0313747246357061,0.9462594144544364,0.9462594144544364,0.0,0.0,0.0,True
general,eye_movements,tabm_d,Raw,2,classification,512,0.9461642308677303,0.9461642308677303,0.9461642308677303,0.9461642308677303,0.0,0.0,0.0,True
general,eye_movements,tabm_d,Raw+Gram@0.5,2,classification,512,0.9461642308677303,0.9461642308677303,0.9336216154172626,0.9336216154172626,0.0,0.0,0.0,True
general,eye_movements,tabm_d,Raw+Gram@0.75,2,classification,512,0.9461642308677303,0.9461642308677303,0.9444541773348147,0.9444541773348147,0.0,0.0,0.0,True
general,eye_movements,tabm_d,PureGram,2,classification,512,0.9461642308677303,0.9461642308677303,0.9663913752299804,0.9663913752299804,0.0,0.0,0.0,True
general,eye_movements,tabm_d,GuardedGram-G2-g0p0-t01,2,classification,512,0.9461642308677303,0.9461642308677303,0.9461642308677303,0.9461642308677303,0.0,0.0,0.0,True
general,eye_movements,tabm_d,SafeGram-t01,2,classification,512,0.9461642308677303,0.9461642308677303,0.9461642308677303,0.9461642308677303,0.0,0.0,0.0,True
general,eye_movements,tabm_d,SafeRankGram-t01,2,classification,512,0.9461642308677303,0.9461642308677303,0.9461642308677303,0.9461642308677303,0.0,0.0,0.0,True
general,eye_movements,tabm_d,BlockGuard-Greedy-t01,2,classification,512,0.9461642308677303,0.9461642308677303,0.9461642308677303,0.9461642308677303,0.0,0.0,0.0,True
general,eye_movements,catboost,Raw,0,classification,512,0.9430502254290862,0.9430502254290862,0.9430502254290862,0.9430502254290862,0.0,0.0,0.0,True
general,eye_movements,catboost,Raw+Gram@0.5,0,classification,512,0.9430502254290862,0.9430502254290862,0.9471871128181341,0.9471871128181341,0.0,0.0,0.0,True
general,eye_movements,catboost,Raw+Gram@0.75,0,classification,512,0.9430502254290862,0.9430502254290862,0.951395567665118,0.951395567665118,0.0,0.0,0.0,True
general,eye_movements,catboost,PureGram,0,classification,512,0.9430502254290862,0.9430502254290862,0.9570421887103056,0.9570421887103056,0.0,0.0,0.0,True
general,eye_movements,catboost,GuardedGram-G2-g0p0-t01,0,classification,512,0.9430502254290862,0.9430502254290862,0.951395567665118,0.951395567665118,0.0,0.0,0.0,True
general,eye_movements,catboost,SafeGram-t01,0,classification,512,0.9430502254290862,0.9430502254290862,0.9430502254290862,0.9430502254290862,0.0,0.0,0.0,True
general,eye_movements,catboost,SafeRankGram-t01,0,classification,512,0.9430502254290862,0.9430502254290862,0.9430502254290862,0.9430502254290862,0.0,0.0,0.0,True
general,eye_movements,catboost,BlockGuard-Greedy-t01,0,classification,512,0.9430502254290862,0.9430502254290862,0.950740182208551,0.950740182208551,0.0,0.0,0.0,True
general,eye_movements,catboost,Raw,1,classification,512,0.9492155587146328,0.9492155587146328,0.9492155587146328,0.9492155587146328,0.0,0.0,0.0,True
general,eye_movements,catboost,Raw+Gram@0.5,1,classification,512,0.9492155587146328,0.9492155587146328,0.9478138641555212,0.9478138641555212,0.0,0.0,0.0,True
general,eye_movements,catboost,Raw+Gram@0.75,1,classification,512,0.9492155587146328,0.9492155587146328,0.9497039797405347,0.9497039797405347,0.0,0.0,0.0,True
general,eye_movements,catboost,PureGram,1,classification,512,0.9492155587146328,0.9492155587146328,0.9533434913980595,0.9533434913980595,0.0,0.0,0.0,True
general,eye_movements,catboost,GuardedGram-G2-g0p0-t01,1,classification,512,0.9492155587146328,0.9492155587146328,0.9492155587146328,0.9492155587146328,0.0,0.0,0.0,True
general,eye_movements,catboost,SafeGram-t01,1,classification,512,0.9492155587146328,0.9492155587146328,0.9492155587146328,0.9492155587146328,0.0,0.0,0.0,True
general,eye_movements,catboost,SafeRankGram-t01,1,classification,512,0.9492155587146328,0.9492155587146328,0.9492155587146328,0.9492155587146328,0.0,0.0,0.0,True
general,eye_movements,catboost,BlockGuard-Greedy-t01,1,classification,512,0.9492155587146328,0.9492155587146328,0.9492155587146328,0.9492155587146328,0.0,0.0,0.0,True
general,eye_movements,catboost,Raw,2,classification,512,0.9504406081594893,0.9504406081594893,0.9504406081594893,0.9504406081594893,0.0,0.0,0.0,True
general,eye_movements,catboost,Raw+Gram@0.5,2,classification,512,0.9504406081594893,0.9504406081594893,0.9499499205263646,0.9499499205263646,0.0,0.0,0.0,True
general,eye_movements,catboost,Raw+Gram@0.75,2,classification,512,0.9504406081594893,0.9504406081594893,0.9521296422247268,0.9521296422247268,0.0,0.0,0.0,True
general,eye_movements,catboost,PureGram,2,classification,512,0.9504406081594893,0.9504406081594893,0.955934540409045,0.955934540409045,0.0,0.0,0.0,True
general,eye_movements,catboost,GuardedGram-G2-g0p0-t01,2,classification,512,0.9504406081594893,0.9504406081594893,0.9521296422247268,0.9521296422247268,0.0,0.0,0.0,True
general,eye_movements,catboost,SafeGram-t01,2,classification,512,0.9504406081594893,0.9504406081594893,0.9504406081594893,0.9504406081594893,0.0,0.0,0.0,True
general,eye_movements,catboost,SafeRankGram-t01,2,classification,512,0.9504406081594893,0.9504406081594893,0.9506664845599142,0.9506664845599142,0.0,0.0,0.0,True
general,eye_movements,catboost,BlockGuard-Greedy-t01,2,classification,512,0.9504406081594893,0.9504406081594893,0.9549302117801779,0.9549302117801779,0.0,0.0,0.0,True
general,eye_movements,tabicl_v2,Raw,0,classification,512,0.9543711679007606,0.9543711679007606,0.9543711679007606,0.9543711679007606,0.0,0.0,0.0,True
general,eye_movements,tabicl_v2,Raw+Gram@0.5,0,classification,512,0.9543711679007606,0.9543711679007606,0.937588583229803,0.937588583229803,0.0,0.0,0.0,True
general,eye_movements,tabicl_v2,Raw+Gram@0.75,0,classification,512,0.9543711679007606,0.9543711679007606,0.9405941128951458,0.9405941128951458,0.0,0.0,0.0,True
general,eye_movements,tabicl_v2,PureGram,0,classification,512,0.9543711679007606,0.9543711679007606,0.9510481885944774,0.9510481885944774,0.0,0.0,0.0,True
general,eye_movements,tabicl_v2,GuardedGram-G2-g0p0-t01,0,classification,512,0.9543711679007606,0.9543711679007606,0.9405941128951458,0.9405941128951458,0.0,0.0,0.0,True
general,eye_movements,tabicl_v2,SafeGram-t01,0,classification,512,0.9543711679007606,0.9543711679007606,0.9510481885944774,0.9510481885944774,0.0,0.0,0.0,True
general,eye_movements,tabicl_v2,SafeRankGram-t01,0,classification,512,0.9543711679007606,0.9543711679007606,0.9490956660158523,0.9490956660158523,0.0,0.0,0.0,True
general,eye_movements,tabicl_v2,BlockGuard-Greedy-t01,0,classification,512,0.9543711679007606,0.9543711679007606,0.9543711679007606,0.9543711679007606,0.0,0.0,0.0,True
general,eye_movements,tabicl_v2,Raw,1,classification,512,0.9543711679007606,0.9543711679007606,0.9543711679007606,0.9543711679007606,0.0,0.0,0.0,True
general,eye_movements,tabicl_v2,Raw+Gram@0.5,1,classification,512,0.9543711679007606,0.9543711679007606,0.937588583229803,0.937588583229803,0.0,0.0,0.0,True
general,eye_movements,tabicl_v2,Raw+Gram@0.75,1,classification,512,0.9543711679007606,0.9543711679007606,0.9405941128951458,0.9405941128951458,0.0,0.0,0.0,True
general,eye_movements,tabicl_v2,PureGram,1,classification,512,0.9543711679007606,0.9543711679007606,0.9510481885944774,0.9510481885944774,0.0,0.0,0.0,True
general,eye_movements,tabicl_v2,GuardedGram-G2-g0p0-t01,1,classification,512,0.9543711679007606,0.9543711679007606,0.9405941128951458,0.9405941128951458,0.0,0.0,0.0,True
general,eye_movements,tabicl_v2,SafeGram-t01,1,classification,512,0.9543711679007606,0.9543711679007606,0.9405941128951458,0.9405941128951458,0.0,0.0,0.0,True
general,eye_movements,tabicl_v2,SafeRankGram-t01,1,classification,512,0.9543711679007606,0.9543711679007606,0.9543711679007606,0.9543711679007606,0.0,0.0,0.0,True
general,eye_movements,tabicl_v2,BlockGuard-Greedy-t01,1,classification,512,0.9543711679007606,0.9543711679007606,0.9543711679007606,0.9543711679007606,0.0,0.0,0.0,True
general,eye_movements,tabicl_v2,Raw,2,classification,512,0.9543711679007606,0.9543711679007606,0.9543711679007606,0.9543711679007606,0.0,0.0,0.0,True
general,eye_movements,tabicl_v2,Raw+Gram@0.5,2,classification,512,0.9543711679007606,0.9543711679007606,0.937588583229803,0.937588583229803,0.0,0.0,0.0,True
general,eye_movements,tabicl_v2,Raw+Gram@0.75,2,classification,512,0.9543711679007606,0.9543711679007606,0.9405941128951458,0.9405941128951458,0.0,0.0,0.0,True
general,eye_movements,tabicl_v2,PureGram,2,classification,512,0.9543711679007606,0.9543711679007606,0.9510481885944774,0.9510481885944774,0.0,0.0,0.0,True
general,eye_movements,tabicl_v2,GuardedGram-G2-g0p0-t01,2,classification,512,0.9543711679007606,0.9543711679007606,0.9405941128951458,0.9405941128951458,0.0,0.0,0.0,True
general,eye_movements,tabicl_v2,SafeGram-t01,2,classification,512,0.9543711679007606,0.9543711679007606,0.9405941128951458,0.9405941128951458,0.0,0.0,0.0,True
general,eye_movements,tabicl_v2,SafeRankGram-t01,2,classification,512,0.9543711679007606,0.9543711679007606,0.9490956660158523,0.9490956660158523,0.0,0.0,0.0,True
general,eye_movements,tabicl_v2,BlockGuard-Greedy-t01,2,classification,512,0.9543711679007606,0.9543711679007606,0.9543711679007606,0.9543711679007606,0.0,0.0,0.0,True
general,eye_movements,tabpfn_2_6,Raw,0,classification,512,0.8732683862815864,0.8732683862815864,0.8732683862815864,0.8732683862815864,0.0,0.0,0.0,True
general,eye_movements,tabpfn_2_6,Raw+Gram@0.5,0,classification,512,0.8732683862815864,0.8732683862815864,0.876635029899478,0.876635029899478,0.0,0.0,0.0,True
general,eye_movements,tabpfn_2_6,Raw+Gram@0.75,0,classification,512,0.8732683862815864,0.8732683862815864,0.8832021040283726,0.8832021040283726,0.0,0.0,0.0,True
general,eye_movements,tabpfn_2_6,PureGram,0,classification,512,0.8732683862815864,0.8732683862815864,0.8932237541672527,0.8932237541672527,0.0,0.0,0.0,True
general,eye_movements,tabpfn_2_6,GuardedGram-G2-g0p0-t01,0,classification,512,0.8732683862815864,0.8732683862815864,0.8732683862815864,0.8732683862815864,0.0,0.0,0.0,True
general,eye_movements,tabpfn_2_6,SafeGram-t01,0,classification,512,0.8732683862815864,0.8732683862815864,0.8732683862815864,0.8732683862815864,0.0,0.0,0.0,True
general,eye_movements,tabpfn_2_6,SafeRankGram-t01,0,classification,512,0.8732683862815864,0.8732683862815864,0.8732683862815864,0.8732683862815864,0.0,0.0,0.0,True
general,eye_movements,tabpfn_2_6,BlockGuard-Greedy-t01,0,classification,512,0.8732683862815864,0.8732683862815864,0.868665995349369,0.868665995349369,0.0,0.0,0.0,True
general,eye_movements,tabpfn_2_6,Raw,1,classification,512,0.8947599745191387,0.8947599745191387,0.8947599745191387,0.8947599745191387,0.0,0.0,0.0,True
general,eye_movements,tabpfn_2_6,Raw+Gram@0.5,1,classification,512,0.8947599745191387,0.8947599745191387,0.8893439368398179,0.8893439368398179,0.0,0.0,0.0,True
general,eye_movements,tabpfn_2_6,Raw+Gram@0.75,1,classification,512,0.8947599745191387,0.8947599745191387,0.8911735094251978,0.8911735094251978,0.0,0.0,0.0,True
general,eye_movements,tabpfn_2_6,PureGram,1,classification,512,0.8947599745191387,0.8947599745191387,0.8960634495086024,0.8960634495086024,0.0,0.0,0.0,True
general,eye_movements,tabpfn_2_6,GuardedGram-G2-g0p0-t01,1,classification,512,0.8947599745191387,0.8947599745191387,0.8893439368398179,0.8893439368398179,0.0,0.0,0.0,True
general,eye_movements,tabpfn_2_6,SafeGram-t01,1,classification,512,0.8947599745191387,0.8947599745191387,0.8947599745191387,0.8947599745191387,0.0,0.0,0.0,True
general,eye_movements,tabpfn_2_6,SafeRankGram-t01,1,classification,512,0.8947599745191387,0.8947599745191387,0.8947599745191387,0.8947599745191387,0.0,0.0,0.0,True
general,eye_movements,tabpfn_2_6,BlockGuard-Greedy-t01,1,classification,512,0.8947599745191387,0.8947599745191387,0.8947599745191387,0.8947599745191387,0.0,0.0,0.0,True
general,eye_movements,tabpfn_2_6,Raw,2,classification,512,0.9065302859025887,0.9065302859025887,0.9065302859025887,0.9065302859025887,0.0,0.0,0.0,True
general,eye_movements,tabpfn_2_6,Raw+Gram@0.5,2,classification,512,0.9065302859025887,0.9065302859025887,0.8917472396211652,0.8917472396211652,0.0,0.0,0.0,True
general,eye_movements,tabpfn_2_6,Raw+Gram@0.75,2,classification,512,0.9065302859025887,0.9065302859025887,0.8899336502987006,0.8899336502987006,0.0,0.0,0.0,True
general,eye_movements,tabpfn_2_6,PureGram,2,classification,512,0.9065302859025887,0.9065302859025887,0.8910630455318034,0.8910630455318034,0.0,0.0,0.0,True
general,eye_movements,tabpfn_2_6,GuardedGram-G2-g0p0-t01,2,classification,512,0.9065302859025887,0.9065302859025887,0.8899336502987006,0.8899336502987006,0.0,0.0,0.0,True
general,eye_movements,tabpfn_2_6,SafeGram-t01,2,classification,512,0.9065302859025887,0.9065302859025887,0.8968312445897942,0.8968312445897942,0.0,0.0,0.0,True
general,eye_movements,tabpfn_2_6,SafeRankGram-t01,2,classification,512,0.9065302859025887,0.9065302859025887,0.9065302859025887,0.9065302859025887,0.0,0.0,0.0,True
general,eye_movements,tabpfn_2_6,BlockGuard-Greedy-t01,2,classification,512,0.9065302859025887,0.9065302859025887,0.88681775778171,0.88681775778171,0.0,0.0,0.0,True
general,mozilla4,controlled_mlp,Raw,0,classification,512,0.30067118883780086,0.30067118883780086,0.30067118883780086,0.30067118883780086,0.0,0.0,0.0,True
general,mozilla4,controlled_mlp,Raw+Gram@0.5,0,classification,512,0.30067118883780086,0.30067118883780086,0.2969117672194118,0.2969117672194118,0.0,0.0,0.0,True
general,mozilla4,controlled_mlp,Raw+Gram@0.75,0,classification,512,0.30067118883780086,0.30067118883780086,0.3010639506627237,0.3010639506627237,0.0,0.0,0.0,True
general,mozilla4,controlled_mlp,PureGram,0,classification,512,0.30067118883780086,0.30067118883780086,0.31365039949463824,0.31365039949463824,0.0,0.0,0.0,True
general,mozilla4,controlled_mlp,GuardedGram-G2-g0p0-t01,0,classification,512,0.30067118883780086,0.30067118883780086,0.3010639506627237,0.3010639506627237,0.0,0.0,0.0,True
general,mozilla4,controlled_mlp,SafeGram-t01,0,classification,512,0.30067118883780086,0.30067118883780086,0.2965666300506682,0.2965666300506682,0.0,0.0,0.0,True
general,mozilla4,controlled_mlp,SafeRankGram-t01,0,classification,512,0.30067118883780086,0.30067118883780086,0.30067118883780086,0.30067118883780086,0.0,0.0,0.0,True
general,mozilla4,controlled_mlp,BlockGuard-Greedy-t01,0,classification,512,0.30067118883780086,0.30067118883780086,0.3138738876256224,0.3138738876256224,0.0,0.0,0.0,True
general,mozilla4,controlled_mlp,Raw,1,classification,512,0.3009351697588734,0.3009351697588734,0.3009351697588734,0.3009351697588734,0.0,0.0,0.0,True
general,mozilla4,controlled_mlp,Raw+Gram@0.5,1,classification,512,0.3009351697588734,0.3009351697588734,0.30124869807913296,0.30124869807913296,0.0,0.0,0.0,True
general,mozilla4,controlled_mlp,Raw+Gram@0.75,1,classification,512,0.3009351697588734,0.3009351697588734,0.3071727342135596,0.3071727342135596,0.0,0.0,0.0,True
general,mozilla4,controlled_mlp,PureGram,1,classification,512,0.3009351697588734,0.3009351697588734,0.3225782267314,0.3225782267314,0.0,0.0,0.0,True
general,mozilla4,controlled_mlp,GuardedGram-G2-g0p0-t01,1,classification,512,0.3009351697588734,0.3009351697588734,0.3071727342135596,0.3071727342135596,0.0,0.0,0.0,True
general,mozilla4,controlled_mlp,SafeGram-t01,1,classification,512,0.3009351697588734,0.3009351697588734,0.3009351697588734,0.3009351697588734,0.0,0.0,0.0,True
general,mozilla4,controlled_mlp,SafeRankGram-t01,1,classification,512,0.3009351697588734,0.3009351697588734,0.3009351697588734,0.3009351697588734,0.0,0.0,0.0,True
general,mozilla4,controlled_mlp,BlockGuard-Greedy-t01,1,classification,512,0.3009351697588734,0.3009351697588734,0.3132374765471087,0.3132374765471087,0.0,0.0,0.0,True
general,mozilla4,controlled_mlp,Raw,2,classification,512,0.29837069292678325,0.29837069292678325,0.29837069292678325,0.29837069292678325,0.0,0.0,0.0,True
general,mozilla4,controlled_mlp,Raw+Gram@0.5,2,classification,512,0.29837069292678325,0.29837069292678325,0.2955066405522462,0.2955066405522462,0.0,0.0,0.0,True
general,mozilla4,controlled_mlp,Raw+Gram@0.75,2,classification,512,0.29837069292678325,0.29837069292678325,0.2969011618923143,0.2969011618923143,0.0,0.0,0.0,True
general,mozilla4,controlled_mlp,PureGram,2,classification,512,0.29837069292678325,0.29837069292678325,0.30090499722489317,0.30090499722489317,0.0,0.0,0.0,True
general,mozilla4,controlled_mlp,GuardedGram-G2-g0p0-t01,2,classification,512,0.29837069292678325,0.29837069292678325,0.2969011618923143,0.2969011618923143,0.0,0.0,0.0,True
general,mozilla4,controlled_mlp,SafeGram-t01,2,classification,512,0.29837069292678325,0.29837069292678325,0.2955066405522462,0.2955066405522462,0.0,0.0,0.0,True
general,mozilla4,controlled_mlp,SafeRankGram-t01,2,classification,512,0.29837069292678325,0.29837069292678325,0.29837069292678325,0.29837069292678325,0.0,0.0,0.0,True
general,mozilla4,controlled_mlp,BlockGuard-Greedy-t01,2,classification,512,0.29837069292678325,0.29837069292678325,0.30090499722489317,0.30090499722489317,0.0,0.0,0.0,True
general,mozilla4,tabm_d,Raw,0,classification,512,0.2781001506913043,0.2781001506913043,0.2781001506913043,0.2781001506913043,0.0,0.0,0.0,True
general,mozilla4,tabm_d,Raw+Gram@0.5,0,classification,512,0.2781001506913043,0.2781001506913043,0.2535106639213698,0.2535106639213698,0.0,0.0,0.0,True
general,mozilla4,tabm_d,Raw+Gram@0.75,0,classification,512,0.2781001506913043,0.2781001506913043,0.2465812904737733,0.2465812904737733,0.0,0.0,0.0,True
general,mozilla4,tabm_d,PureGram,0,classification,512,0.2781001506913043,0.2781001506913043,0.24422279729244892,0.24422279729244892,0.0,0.0,0.0,True
general,mozilla4,tabm_d,GuardedGram-G2-g0p0-t01,0,classification,512,0.2781001506913043,0.2781001506913043,0.2465812904737733,0.2465812904737733,0.0,0.0,0.0,True
general,mozilla4,tabm_d,SafeGram-t01,0,classification,512,0.2781001506913043,0.2781001506913043,0.2535106639213698,0.2535106639213698,0.0,0.0,0.0,True
general,mozilla4,tabm_d,SafeRankGram-t01,0,classification,512,0.2781001506913043,0.2781001506913043,0.2334683821444899,0.2334683821444899,0.0,0.0,0.0,True
general,mozilla4,tabm_d,BlockGuard-Greedy-t01,0,classification,512,0.2781001506913043,0.2781001506913043,0.24422279729244892,0.24422279729244892,0.0,0.0,0.0,True
general,mozilla4,tabm_d,Raw,1,classification,512,0.260374503558712,0.260374503558712,0.260374503558712,0.260374503558712,0.0,0.0,0.0,True
general,mozilla4,tabm_d,Raw+Gram@0.5,1,classification,512,0.260374503558712,0.260374503558712,0.2504956516824304,0.2504956516824304,0.0,0.0,0.0,True
general,mozilla4,tabm_d,Raw+Gram@0.75,1,classification,512,0.260374503558712,0.260374503558712,0.24886960562135668,0.24886960562135668,0.0,0.0,0.0,True
general,mozilla4,tabm_d,PureGram,1,classification,512,0.260374503558712,0.260374503558712,0.2503246073498543,0.2503246073498543,0.0,0.0,0.0,True
general,mozilla4,tabm_d,GuardedGram-G2-g0p0-t01,1,classification,512,0.260374503558712,0.260374503558712,0.24886960562135668,0.24886960562135668,0.0,0.0,0.0,True
general,mozilla4,tabm_d,SafeGram-t01,1,classification,512,0.260374503558712,0.260374503558712,0.25433213949408195,0.25433213949408195,0.0,0.0,0.0,True
general,mozilla4,tabm_d,SafeRankGram-t01,1,classification,512,0.260374503558712,0.260374503558712,0.2435328510818124,0.2435328510818124,0.0,0.0,0.0,True
general,mozilla4,tabm_d,BlockGuard-Greedy-t01,1,classification,512,0.260374503558712,0.260374503558712,0.2503246073498543,0.2503246073498543,0.0,0.0,0.0,True
general,mozilla4,tabm_d,Raw,2,classification,512,0.26385633472189696,0.26385633472189696,0.26385633472189696,0.26385633472189696,0.0,0.0,0.0,True
general,mozilla4,tabm_d,Raw+Gram@0.5,2,classification,512,0.26385633472189696,0.26385633472189696,0.2516380826944774,0.2516380826944774,0.0,0.0,0.0,True
general,mozilla4,tabm_d,Raw+Gram@0.75,2,classification,512,0.26385633472189696,0.26385633472189696,0.24914928073575454,0.24914928073575454,0.0,0.0,0.0,True
general,mozilla4,tabm_d,PureGram,2,classification,512,0.26385633472189696,0.26385633472189696,0.25055866929524195,0.25055866929524195,0.0,0.0,0.0,True
general,mozilla4,tabm_d,GuardedGram-G2-g0p0-t01,2,classification,512,0.26385633472189696,0.26385633472189696,0.24914928073575454,0.24914928073575454,0.0,0.0,0.0,True
general,mozilla4,tabm_d,SafeGram-t01,2,classification,512,0.26385633472189696,0.26385633472189696,0.2565929256675505,0.2565929256675505,0.0,0.0,0.0,True
general,mozilla4,tabm_d,SafeRankGram-t01,2,classification,512,0.26385633472189696,0.26385633472189696,0.2572459754808553,0.2572459754808553,0.0,0.0,0.0,True
general,mozilla4,tabm_d,BlockGuard-Greedy-t01,2,classification,512,0.26385633472189696,0.26385633472189696,0.25888438253578394,0.25888438253578394,0.0,0.0,0.0,True
general,mozilla4,catboost,Raw,0,classification,512,0.189461758060953,0.189461758060953,0.189461758060953,0.189461758060953,0.0,0.0,0.0,True
general,mozilla4,catboost,Raw+Gram@0.5,0,classification,512,0.189461758060953,0.189461758060953,0.18851564192603582,0.18851564192603582,0.0,0.0,0.0,True
general,mozilla4,catboost,Raw+Gram@0.75,0,classification,512,0.189461758060953,0.189461758060953,0.18925513922384185,0.18925513922384185,0.0,0.0,0.0,True
general,mozilla4,catboost,PureGram,0,classification,512,0.189461758060953,0.189461758060953,0.19052645545434738,0.19052645545434738,0.0,0.0,0.0,True
general,mozilla4,catboost,GuardedGram-G2-g0p0-t01,0,classification,512,0.189461758060953,0.189461758060953,0.18925513922384185,0.18925513922384185,0.0,0.0,0.0,True
general,mozilla4,catboost,SafeGram-t01,0,classification,512,0.189461758060953,0.189461758060953,0.18851564192603582,0.18851564192603582,0.0,0.0,0.0,True
general,mozilla4,catboost,SafeRankGram-t01,0,classification,512,0.189461758060953,0.189461758060953,0.1888754153048357,0.1888754153048357,0.0,0.0,0.0,True
general,mozilla4,catboost,BlockGuard-Greedy-t01,0,classification,512,0.189461758060953,0.189461758060953,0.19247762834691567,0.19247762834691567,0.0,0.0,0.0,True
general,mozilla4,catboost,Raw,1,classification,512,0.1899099729888729,0.1899099729888729,0.1899099729888729,0.1899099729888729,0.0,0.0,0.0,True
general,mozilla4,catboost,Raw+Gram@0.5,1,classification,512,0.1899099729888729,0.1899099729888729,0.19029259157300188,0.19029259157300188,0.0,0.0,0.0,True
general,mozilla4,catboost,Raw+Gram@0.75,1,classification,512,0.1899099729888729,0.1899099729888729,0.1917970124934691,0.1917970124934691,0.0,0.0,0.0,True
general,mozilla4,catboost,PureGram,1,classification,512,0.1899099729888729,0.1899099729888729,0.19395618950816113,0.19395618950816113,0.0,0.0,0.0,True
general,mozilla4,catboost,GuardedGram-G2-g0p0-t01,1,classification,512,0.1899099729888729,0.1899099729888729,0.1917970124934691,0.1917970124934691,0.0,0.0,0.0,True
general,mozilla4,catboost,SafeGram-t01,1,classification,512,0.1899099729888729,0.1899099729888729,0.18954701140663055,0.18954701140663055,0.0,0.0,0.0,True
general,mozilla4,catboost,SafeRankGram-t01,1,classification,512,0.1899099729888729,0.1899099729888729,0.18941144893173012,0.18941144893173012,0.0,0.0,0.0,True
general,mozilla4,catboost,BlockGuard-Greedy-t01,1,classification,512,0.1899099729888729,0.1899099729888729,0.19395618950816113,0.19395618950816113,0.0,0.0,0.0,True
general,mozilla4,catboost,Raw,2,classification,512,0.1894308107387403,0.1894308107387403,0.1894308107387403,0.1894308107387403,0.0,0.0,0.0,True
general,mozilla4,catboost,Raw+Gram@0.5,2,classification,512,0.1894308107387403,0.1894308107387403,0.18997883031587498,0.18997883031587498,0.0,0.0,0.0,True
general,mozilla4,catboost,Raw+Gram@0.75,2,classification,512,0.1894308107387403,0.1894308107387403,0.1912415714115426,0.1912415714115426,0.0,0.0,0.0,True
general,mozilla4,catboost,PureGram,2,classification,512,0.1894308107387403,0.1894308107387403,0.19312376855633206,0.19312376855633206,0.0,0.0,0.0,True
general,mozilla4,catboost,GuardedGram-G2-g0p0-t01,2,classification,512,0.1894308107387403,0.1894308107387403,0.1912415714115426,0.1912415714115426,0.0,0.0,0.0,True
general,mozilla4,catboost,SafeGram-t01,2,classification,512,0.1894308107387403,0.1894308107387403,0.18934586604695652,0.18934586604695652,0.0,0.0,0.0,True
general,mozilla4,catboost,SafeRankGram-t01,2,classification,512,0.1894308107387403,0.1894308107387403,0.1906188721101388,0.1906188721101388,0.0,0.0,0.0,True
general,mozilla4,catboost,BlockGuard-Greedy-t01,2,classification,512,0.1894308107387403,0.1894308107387403,0.19312376855633206,0.19312376855633206,0.0,0.0,0.0,True
general,mozilla4,tabicl_v2,Raw,0,classification,512,0.2036058693151436,0.2036058693151436,0.2036058693151436,0.2036058693151436,0.0,0.0,0.0,True
general,mozilla4,tabicl_v2,Raw+Gram@0.5,0,classification,512,0.2036058693151436,0.2036058693151436,0.20354263139193862,0.20354263139193862,0.0,0.0,0.0,True
general,mozilla4,tabicl_v2,Raw+Gram@0.75,0,classification,512,0.2036058693151436,0.2036058693151436,0.20529026865728608,0.20529026865728608,0.0,0.0,0.0,True
general,mozilla4,tabicl_v2,PureGram,0,classification,512,0.2036058693151436,0.2036058693151436,0.20959762756244418,0.20959762756244418,0.0,0.0,0.0,True
general,mozilla4,tabicl_v2,GuardedGram-G2-g0p0-t01,0,classification,512,0.2036058693151436,0.2036058693151436,0.20529026865728608,0.20529026865728608,0.0,0.0,0.0,True
general,mozilla4,tabicl_v2,SafeGram-t01,0,classification,512,0.2036058693151436,0.2036058693151436,0.20354263139193862,0.20354263139193862,0.0,0.0,0.0,True
general,mozilla4,tabicl_v2,SafeRankGram-t01,0,classification,512,0.2036058693151436,0.2036058693151436,0.20701285542154813,0.20701285542154813,0.0,0.0,0.0,True
general,mozilla4,tabicl_v2,BlockGuard-Greedy-t01,0,classification,512,0.2036058693151436,0.2036058693151436,0.20959762756244418,0.20959762756244418,0.0,0.0,0.0,True
general,mozilla4,tabicl_v2,Raw,1,classification,512,0.2036058693151436,0.2036058693151436,0.2036058693151436,0.2036058693151436,0.0,0.0,0.0,True
general,mozilla4,tabicl_v2,Raw+Gram@0.5,1,classification,512,0.2036058693151436,0.2036058693151436,0.20354263139193862,0.20354263139193862,0.0,0.0,0.0,True
general,mozilla4,tabicl_v2,Raw+Gram@0.75,1,classification,512,0.2036058693151436,0.2036058693151436,0.20529026865728608,0.20529026865728608,0.0,0.0,0.0,True
general,mozilla4,tabicl_v2,PureGram,1,classification,512,0.2036058693151436,0.2036058693151436,0.20959762756244418,0.20959762756244418,0.0,0.0,0.0,True
general,mozilla4,tabicl_v2,GuardedGram-G2-g0p0-t01,1,classification,512,0.2036058693151436,0.2036058693151436,0.20529026865728608,0.20529026865728608,0.0,0.0,0.0,True
general,mozilla4,tabicl_v2,SafeGram-t01,1,classification,512,0.2036058693151436,0.2036058693151436,0.20354263139193862,0.20354263139193862,0.0,0.0,0.0,True
general,mozilla4,tabicl_v2,SafeRankGram-t01,1,classification,512,0.2036058693151436,0.2036058693151436,0.20701285542154813,0.20701285542154813,0.0,0.0,0.0,True
general,mozilla4,tabicl_v2,BlockGuard-Greedy-t01,1,classification,512,0.2036058693151436,0.2036058693151436,0.20959762756244418,0.20959762756244418,0.0,0.0,0.0,True
general,mozilla4,tabicl_v2,Raw,2,classification,512,0.2036058693151436,0.2036058693151436,0.2036058693151436,0.2036058693151436,0.0,0.0,0.0,True
general,mozilla4,tabicl_v2,Raw+Gram@0.5,2,classification,512,0.2036058693151436,0.2036058693151436,0.20354263139193862,0.20354263139193862,0.0,0.0,0.0,True
general,mozilla4,tabicl_v2,Raw+Gram@0.75,2,classification,512,0.2036058693151436,0.2036058693151436,0.20529026865728608,0.20529026865728608,0.0,0.0,0.0,True
general,mozilla4,tabicl_v2,PureGram,2,classification,512,0.2036058693151436,0.2036058693151436,0.20959762756244418,0.20959762756244418,0.0,0.0,0.0,True
general,mozilla4,tabicl_v2,GuardedGram-G2-g0p0-t01,2,classification,512,0.2036058693151436,0.2036058693151436,0.20529026865728608,0.20529026865728608,0.0,0.0,0.0,True
general,mozilla4,tabicl_v2,SafeGram-t01,2,classification,512,0.2036058693151436,0.2036058693151436,0.20529026865728608,0.20529026865728608,0.0,0.0,0.0,True
general,mozilla4,tabicl_v2,SafeRankGram-t01,2,classification,512,0.2036058693151436,0.2036058693151436,0.20701285542154813,0.20701285542154813,0.0,0.0,0.0,True
general,mozilla4,tabicl_v2,BlockGuard-Greedy-t01,2,classification,512,0.2036058693151436,0.2036058693151436,0.20959762756244418,0.20959762756244418,0.0,0.0,0.0,True
general,mozilla4,tabpfn_2_6,Raw,0,classification,512,0.17878007600866486,0.17878007600866486,0.17878007600866486,0.17878007600866486,0.0,0.0,0.0,True
general,mozilla4,tabpfn_2_6,Raw+Gram@0.5,0,classification,512,0.17878007600866486,0.17878007600866486,0.18112395152431035,0.18112395152431035,0.0,0.0,0.0,True
general,mozilla4,tabpfn_2_6,Raw+Gram@0.75,0,classification,512,0.17878007600866486,0.17878007600866486,0.1837085712124289,0.1837085712124289,0.0,0.0,0.0,True
general,mozilla4,tabpfn_2_6,PureGram,0,classification,512,0.17878007600866486,0.17878007600866486,0.18701264513044014,0.18701264513044014,0.0,0.0,0.0,True
general,mozilla4,tabpfn_2_6,GuardedGram-G2-g0p0-t01,0,classification,512,0.17878007600866486,0.17878007600866486,0.1837085712124289,0.1837085712124289,0.0,0.0,0.0,True
general,mozilla4,tabpfn_2_6,SafeGram-t01,0,classification,512,0.17878007600866486,0.17878007600866486,0.18701264513044014,0.18701264513044014,0.0,0.0,0.0,True
general,mozilla4,tabpfn_2_6,SafeRankGram-t01,0,classification,512,0.17878007600866486,0.17878007600866486,0.17334254735025834,0.17334254735025834,0.0,0.0,0.0,True
general,mozilla4,tabpfn_2_6,BlockGuard-Greedy-t01,0,classification,512,0.17878007600866486,0.17878007600866486,0.18701264513044014,0.18701264513044014,0.0,0.0,0.0,True
general,mozilla4,tabpfn_2_6,Raw,1,classification,512,0.19392990258329423,0.19392990258329423,0.19392990258329423,0.19392990258329423,0.0,0.0,0.0,True
general,mozilla4,tabpfn_2_6,Raw+Gram@0.5,1,classification,512,0.19392990258329423,0.19392990258329423,0.17943610882375427,0.17943610882375427,0.0,0.0,0.0,True
general,mozilla4,tabpfn_2_6,Raw+Gram@0.75,1,classification,512,0.19392990258329423,0.19392990258329423,0.1770338868569746,0.1770338868569746,0.0,0.0,0.0,True
general,mozilla4,tabpfn_2_6,PureGram,1,classification,512,0.19392990258329423,0.19392990258329423,0.17556519127846815,0.17556519127846815,0.0,0.0,0.0,True
general,mozilla4,tabpfn_2_6,GuardedGram-G2-g0p0-t01,1,classification,512,0.19392990258329423,0.19392990258329423,0.1770338868569746,0.1770338868569746,0.0,0.0,0.0,True
general,mozilla4,tabpfn_2_6,SafeGram-t01,1,classification,512,0.19392990258329423,0.19392990258329423,0.17556519127846815,0.17556519127846815,0.0,0.0,0.0,True
general,mozilla4,tabpfn_2_6,SafeRankGram-t01,1,classification,512,0.19392990258329423,0.19392990258329423,0.18184019226606407,0.18184019226606407,0.0,0.0,0.0,True
general,mozilla4,tabpfn_2_6,BlockGuard-Greedy-t01,1,classification,512,0.19392990258329423,0.19392990258329423,0.17556519127846815,0.17556519127846815,0.0,0.0,0.0,True
general,mozilla4,tabpfn_2_6,Raw,2,classification,512,0.1797911116664681,0.1797911116664681,0.1797911116664681,0.1797911116664681,0.0,0.0,0.0,True
general,mozilla4,tabpfn_2_6,Raw+Gram@0.5,2,classification,512,0.1797911116664681,0.1797911116664681,0.17983115646936987,0.17983115646936987,0.0,0.0,0.0,True
general,mozilla4,tabpfn_2_6,Raw+Gram@0.75,2,classification,512,0.1797911116664681,0.1797911116664681,0.18112759019562386,0.18112759019562386,0.0,0.0,0.0,True
general,mozilla4,tabpfn_2_6,PureGram,2,classification,512,0.1797911116664681,0.1797911116664681,0.18324254115632554,0.18324254115632554,0.0,0.0,0.0,True
general,mozilla4,tabpfn_2_6,GuardedGram-G2-g0p0-t01,2,classification,512,0.1797911116664681,0.1797911116664681,0.18112759019562386,0.18112759019562386,0.0,0.0,0.0,True
general,mozilla4,tabpfn_2_6,SafeGram-t01,2,classification,512,0.1797911116664681,0.1797911116664681,0.18324254115632554,0.18324254115632554,0.0,0.0,0.0,True
general,mozilla4,tabpfn_2_6,SafeRankGram-t01,2,classification,512,0.1797911116664681,0.1797911116664681,0.18509297966625626,0.18509297966625626,0.0,0.0,0.0,True
general,mozilla4,tabpfn_2_6,BlockGuard-Greedy-t01,2,classification,512,0.1797911116664681,0.1797911116664681,0.18324254115632554,0.18324254115632554,0.0,0.0,0.0,True
general,2dplanes,controlled_mlp,Raw,0,regression,512,0.97579766632197,0.97579766632197,0.97579766632197,0.97579766632197,0.0,0.0,0.0,True
general,2dplanes,controlled_mlp,Raw+Gram@0.5,0,regression,512,0.97579766632197,0.97579766632197,0.9910588695772293,0.9910588695772293,0.0,0.0,0.0,True
general,2dplanes,controlled_mlp,Raw+Gram@0.75,0,regression,512,0.97579766632197,0.97579766632197,1.0118121648686933,1.0118121648686933,0.0,0.0,0.0,True
general,2dplanes,controlled_mlp,PureGram,0,regression,512,0.97579766632197,0.97579766632197,1.0406898102706368,1.0406898102706368,0.0,0.0,0.0,True
general,2dplanes,controlled_mlp,GuardedGram-G2-g0p0-t01,0,regression,512,0.97579766632197,0.97579766632197,1.0118121648686933,1.0118121648686933,0.0,0.0,0.0,True
general,2dplanes,controlled_mlp,SafeGram-t01,0,regression,512,0.97579766632197,0.97579766632197,0.9910588695772293,0.9910588695772293,0.0,0.0,0.0,True
general,2dplanes,controlled_mlp,SafeRankGram-t01,0,regression,512,0.97579766632197,0.97579766632197,0.9925667768332815,0.9925667768332815,0.0,0.0,0.0,True
general,2dplanes,controlled_mlp,BlockGuard-Greedy-t01,0,regression,512,0.97579766632197,0.97579766632197,1.0041510424264766,1.0041510424264766,0.0,0.0,0.0,True
general,2dplanes,controlled_mlp,Raw,1,regression,512,0.9889547905700358,0.9889547905700358,0.9889547905700358,0.9889547905700358,0.0,0.0,0.0,True
general,2dplanes,controlled_mlp,Raw+Gram@0.5,1,regression,512,0.9889547905700358,0.9889547905700358,0.9936910815837231,0.9936910815837231,0.0,0.0,0.0,True
general,2dplanes,controlled_mlp,Raw+Gram@0.75,1,regression,512,0.9889547905700358,0.9889547905700358,1.0099098516791212,1.0099098516791212,0.0,0.0,0.0,True
general,2dplanes,controlled_mlp,PureGram,1,regression,512,0.9889547905700358,0.9889547905700358,1.0348660222826918,1.0348660222826918,0.0,0.0,0.0,True
general,2dplanes,controlled_mlp,GuardedGram-G2-g0p0-t01,1,regression,512,0.9889547905700358,0.9889547905700358,1.0099098516791212,1.0099098516791212,0.0,0.0,0.0,True
general,2dplanes,controlled_mlp,SafeGram-t01,1,regression,512,0.9889547905700358,0.9889547905700358,0.9936910815837231,0.9936910815837231,0.0,0.0,0.0,True
general,2dplanes,controlled_mlp,SafeRankGram-t01,1,regression,512,0.9889547905700358,0.9889547905700358,0.9930336750457482,0.9930336750457482,0.0,0.0,0.0,True
general,2dplanes,controlled_mlp,BlockGuard-Greedy-t01,1,regression,512,0.9889547905700358,0.9889547905700358,1.018300367515764,1.018300367515764,0.0,0.0,0.0,True
general,2dplanes,controlled_mlp,Raw,2,regression,512,0.9825998145996574,0.9825998145996574,0.9825998145996574,0.9825998145996574,0.0,0.0,0.0,True
general,2dplanes,controlled_mlp,Raw+Gram@0.5,2,regression,512,0.9825998145996574,0.9825998145996574,0.9914713691149051,0.9914713691149051,0.0,0.0,0.0,True
general,2dplanes,controlled_mlp,Raw+Gram@0.75,2,regression,512,0.9825998145996574,0.9825998145996574,1.0151127781231446,1.0151127781231446,0.0,0.0,0.0,True
general,2dplanes,controlled_mlp,PureGram,2,regression,512,0.9825998145996574,0.9825998145996574,1.0505619384365819,1.0505619384365819,0.0,0.0,0.0,True
general,2dplanes,controlled_mlp,GuardedGram-G2-g0p0-t01,2,regression,512,0.9825998145996574,0.9825998145996574,1.0151127781231446,1.0151127781231446,0.0,0.0,0.0,True
general,2dplanes,controlled_mlp,SafeGram-t01,2,regression,512,0.9825998145996574,0.9825998145996574,0.9914713691149051,0.9914713691149051,0.0,0.0,0.0,True
general,2dplanes,controlled_mlp,SafeRankGram-t01,2,regression,512,0.9825998145996574,0.9825998145996574,0.9786840998490858,0.9786840998490858,0.0,0.0,0.0,True
general,2dplanes,controlled_mlp,BlockGuard-Greedy-t01,2,regression,512,0.9825998145996574,0.9825998145996574,0.9881418152334535,0.9881418152334535,0.0,0.0,0.0,True
general,2dplanes,tabm_d,Raw,0,regression,512,1.0058379838297793,1.0058379838297793,1.0058379838297793,1.0058379838297793,0.0,0.0,0.0,True
general,2dplanes,tabm_d,Raw+Gram@0.5,0,regression,512,1.0058379838297793,1.0058379838297793,1.0040447156977375,1.0040447156977375,0.0,0.0,0.0,True
general,2dplanes,tabm_d,Raw+Gram@0.75,0,regression,512,1.0058379838297793,1.0058379838297793,1.0046158393738491,1.0046158393738491,0.0,0.0,0.0,True
general,2dplanes,tabm_d,PureGram,0,regression,512,1.0058379838297793,1.0058379838297793,1.0061641981237526,1.0061641981237526,0.0,0.0,0.0,True
general,2dplanes,tabm_d,GuardedGram-G2-g0p0-t01,0,regression,512,1.0058379838297793,1.0058379838297793,1.0046158393738491,1.0046158393738491,0.0,0.0,0.0,True
general,2dplanes,tabm_d,SafeGram-t01,0,regression,512,1.0058379838297793,1.0058379838297793,1.0061641981237526,1.0061641981237526,0.0,0.0,0.0,True
general,2dplanes,tabm_d,SafeRankGram-t01,0,regression,512,1.0058379838297793,1.0058379838297793,0.9842922813660713,0.9842922813660713,0.0,0.0,0.0,True
general,2dplanes,tabm_d,BlockGuard-Greedy-t01,0,regression,512,1.0058379838297793,1.0058379838297793,1.0061641981237526,1.0061641981237526,0.0,0.0,0.0,True
general,2dplanes,tabm_d,Raw,1,regression,512,1.041559189598063,1.041559189598063,1.041559189598063,1.041559189598063,0.0,0.0,0.0,True
general,2dplanes,tabm_d,Raw+Gram@0.5,1,regression,512,1.041559189598063,1.041559189598063,1.0237216402188993,1.0237216402188993,0.0,0.0,0.0,True
general,2dplanes,tabm_d,Raw+Gram@0.75,1,regression,512,1.041559189598063,1.041559189598063,1.0194308714514286,1.0194308714514286,0.0,0.0,0.0,True
general,2dplanes,tabm_d,PureGram,1,regression,512,1.041559189598063,1.041559189598063,1.018286793077321,1.018286793077321,0.0,0.0,0.0,True
general,2dplanes,tabm_d,GuardedGram-G2-g0p0-t01,1,regression,512,1.041559189598063,1.041559189598063,1.0194308714514286,1.0194308714514286,0.0,0.0,0.0,True
general,2dplanes,tabm_d,SafeGram-t01,1,regression,512,1.041559189598063,1.041559189598063,1.0194308714514286,1.0194308714514286,0.0,0.0,0.0,True
general,2dplanes,tabm_d,SafeRankGram-t01,1,regression,512,1.041559189598063,1.041559189598063,0.9831436375107878,0.9831436375107878,0.0,0.0,0.0,True
general,2dplanes,tabm_d,BlockGuard-Greedy-t01,1,regression,512,1.041559189598063,1.041559189598063,1.018286793077321,1.018286793077321,0.0,0.0,0.0,True
general,2dplanes,tabm_d,Raw,2,regression,512,1.0377689646176242,1.0377689646176242,1.0377689646176242,1.0377689646176242,0.0,0.0,0.0,True
general,2dplanes,tabm_d,Raw+Gram@0.5,2,regression,512,1.0377689646176242,1.0377689646176242,1.0287507488975685,1.0287507488975685,0.0,0.0,0.0,True
general,2dplanes,tabm_d,Raw+Gram@0.75,2,regression,512,1.0377689646176242,1.0377689646176242,1.028259687647211,1.028259687647211,0.0,0.0,0.0,True
general,2dplanes,tabm_d,PureGram,2,regression,512,1.0377689646176242,1.0377689646176242,1.0304593936205357,1.0304593936205357,0.0,0.0,0.0,True
general,2dplanes,tabm_d,GuardedGram-G2-g0p0-t01,2,regression,512,1.0377689646176242,1.0377689646176242,1.028259687647211,1.028259687647211,0.0,0.0,0.0,True
general,2dplanes,tabm_d,SafeGram-t01,2,regression,512,1.0377689646176242,1.0377689646176242,1.028259687647211,1.028259687647211,0.0,0.0,0.0,True
general,2dplanes,tabm_d,SafeRankGram-t01,2,regression,512,1.0377689646176242,1.0377689646176242,0.9911153818831272,0.9911153818831272,0.0,0.0,0.0,True
general,2dplanes,tabm_d,BlockGuard-Greedy-t01,2,regression,512,1.0377689646176242,1.0377689646176242,1.0304593936205357,1.0304593936205357,0.0,0.0,0.0,True
general,2dplanes,catboost,Raw,0,regression,512,1.0554507565728168,1.0554507565728168,1.0554507565728168,1.0554507565728168,0.0,0.0,0.0,True
general,2dplanes,catboost,Raw+Gram@0.5,0,regression,512,1.0554507565728168,1.0554507565728168,1.040531186027066,1.040531186027066,0.0,0.0,0.0,True
general,2dplanes,catboost,Raw+Gram@0.75,0,regression,512,1.0554507565728168,1.0554507565728168,1.035405970253488,1.035405970253488,0.0,0.0,0.0,True
general,2dplanes,catboost,PureGram,0,regression,512,1.0554507565728168,1.0554507565728168,1.0318704038255497,1.0318704038255497,0.0,0.0,0.0,True
general,2dplanes,catboost,GuardedGram-G2-g0p0-t01,0,regression,512,1.0554507565728168,1.0554507565728168,1.035405970253488,1.035405970253488,0.0,0.0,0.0,True
general,2dplanes,catboost,SafeGram-t01,0,regression,512,1.0554507565728168,1.0554507565728168,1.0318704038255497,1.0318704038255497,0.0,0.0,0.0,True
general,2dplanes,catboost,SafeRankGram-t01,0,regression,512,1.0554507565728168,1.0554507565728168,1.0443776039743624,1.0443776039743624,0.0,0.0,0.0,True
general,2dplanes,catboost,BlockGuard-Greedy-t01,0,regression,512,1.0554507565728168,1.0554507565728168,1.0318704038255497,1.0318704038255497,0.0,0.0,0.0,True
general,2dplanes,catboost,Raw,1,regression,512,1.0512728540518608,1.0512728540518608,1.0512728540518608,1.0512728540518608,0.0,0.0,0.0,True
general,2dplanes,catboost,Raw+Gram@0.5,1,regression,512,1.0512728540518608,1.0512728540518608,1.0465052144994502,1.0465052144994502,0.0,0.0,0.0,True
general,2dplanes,catboost,Raw+Gram@0.75,1,regression,512,1.0512728540518608,1.0512728540518608,1.0459487249575465,1.0459487249575465,0.0,0.0,0.0,True
general,2dplanes,catboost,PureGram,1,regression,512,1.0512728540518608,1.0512728540518608,1.0466144644744855,1.0466144644744855,0.0,0.0,0.0,True
general,2dplanes,catboost,GuardedGram-G2-g0p0-t01,1,regression,512,1.0512728540518608,1.0512728540518608,1.0459487249575465,1.0459487249575465,0.0,0.0,0.0,True
general,2dplanes,catboost,SafeGram-t01,1,regression,512,1.0512728540518608,1.0512728540518608,1.0466144644744855,1.0466144644744855,0.0,0.0,0.0,True
general,2dplanes,catboost,SafeRankGram-t01,1,regression,512,1.0512728540518608,1.0512728540518608,1.0386304342464274,1.0386304342464274,0.0,0.0,0.0,True
general,2dplanes,catboost,BlockGuard-Greedy-t01,1,regression,512,1.0512728540518608,1.0512728540518608,1.0466144644744855,1.0466144644744855,0.0,0.0,0.0,True
general,2dplanes,catboost,Raw,2,regression,512,1.052750588487655,1.052750588487655,1.052750588487655,1.052750588487655,0.0,0.0,0.0,True
general,2dplanes,catboost,Raw+Gram@0.5,2,regression,512,1.052750588487655,1.052750588487655,1.0458112051766713,1.0458112051766713,0.0,0.0,0.0,True
general,2dplanes,catboost,Raw+Gram@0.75,2,regression,512,1.052750588487655,1.052750588487655,1.044570060626992,1.044570060626992,0.0,0.0,0.0,True
general,2dplanes,catboost,PureGram,2,regression,512,1.052750588487655,1.052750588487655,1.0448237862256704,1.0448237862256704,0.0,0.0,0.0,True
general,2dplanes,catboost,GuardedGram-G2-g0p0-t01,2,regression,512,1.052750588487655,1.052750588487655,1.044570060626992,1.044570060626992,0.0,0.0,0.0,True
general,2dplanes,catboost,SafeGram-t01,2,regression,512,1.052750588487655,1.052750588487655,1.0448237862256704,1.0448237862256704,0.0,0.0,0.0,True
general,2dplanes,catboost,SafeRankGram-t01,2,regression,512,1.052750588487655,1.052750588487655,1.0364626589089074,1.0364626589089074,0.0,0.0,0.0,True
general,2dplanes,catboost,BlockGuard-Greedy-t01,2,regression,512,1.052750588487655,1.052750588487655,1.0448237862256704,1.0448237862256704,0.0,0.0,0.0,True
general,2dplanes,tabicl_v2,Raw,0,regression,512,0.9847244247204872,0.9847244247204872,0.9847244247204872,0.9847244247204872,0.0,0.0,0.0,True
general,2dplanes,tabicl_v2,Raw+Gram@0.5,0,regression,512,0.9847244247204872,0.9847244247204872,0.9850295158805532,0.9850295158805532,0.0,0.0,0.0,True
general,2dplanes,tabicl_v2,Raw+Gram@0.75,0,regression,512,0.9847244247204872,0.9847244247204872,0.9867689653270515,0.9867689653270515,0.0,0.0,0.0,True
general,2dplanes,tabicl_v2,PureGram,0,regression,512,0.9847244247204872,0.9847244247204872,0.9895600431785818,0.9895600431785818,0.0,0.0,0.0,True
general,2dplanes,tabicl_v2,GuardedGram-G2-g0p0-t01,0,regression,512,0.9847244247204872,0.9847244247204872,0.9867689653270515,0.9867689653270515,0.0,0.0,0.0,True
general,2dplanes,tabicl_v2,SafeGram-t01,0,regression,512,0.9847244247204872,0.9847244247204872,0.9895600431785818,0.9895600431785818,0.0,0.0,0.0,True
general,2dplanes,tabicl_v2,SafeRankGram-t01,0,regression,512,0.9847244247204872,0.9847244247204872,0.9794072660469343,0.9794072660469343,0.0,0.0,0.0,True
general,2dplanes,tabicl_v2,BlockGuard-Greedy-t01,0,regression,512,0.9847244247204872,0.9847244247204872,0.9895600431785818,0.9895600431785818,0.0,0.0,0.0,True
general,2dplanes,tabicl_v2,Raw,1,regression,512,0.9847244247204872,0.9847244247204872,0.9847244247204872,0.9847244247204872,0.0,0.0,0.0,True
general,2dplanes,tabicl_v2,Raw+Gram@0.5,1,regression,512,0.9847244247204872,0.9847244247204872,0.9850295158805532,0.9850295158805532,0.0,0.0,0.0,True
general,2dplanes,tabicl_v2,Raw+Gram@0.75,1,regression,512,0.9847244247204872,0.9847244247204872,0.9867689653270515,0.9867689653270515,0.0,0.0,0.0,True
general,2dplanes,tabicl_v2,PureGram,1,regression,512,0.9847244247204872,0.9847244247204872,0.9895600431785818,0.9895600431785818,0.0,0.0,0.0,True
general,2dplanes,tabicl_v2,GuardedGram-G2-g0p0-t01,1,regression,512,0.9847244247204872,0.9847244247204872,0.9867689653270515,0.9867689653270515,0.0,0.0,0.0,True
general,2dplanes,tabicl_v2,SafeGram-t01,1,regression,512,0.9847244247204872,0.9847244247204872,0.9895600431785818,0.9895600431785818,0.0,0.0,0.0,True
general,2dplanes,tabicl_v2,SafeRankGram-t01,1,regression,512,0.9847244247204872,0.9847244247204872,0.9794072660469343,0.9794072660469343,0.0,0.0,0.0,True
general,2dplanes,tabicl_v2,BlockGuard-Greedy-t01,1,regression,512,0.9847244247204872,0.9847244247204872,0.9895600431785818,0.9895600431785818,0.0,0.0,0.0,True
general,2dplanes,tabicl_v2,Raw,2,regression,512,0.9847244247204872,0.9847244247204872,0.9847244247204872,0.9847244247204872,0.0,0.0,0.0,True
general,2dplanes,tabicl_v2,Raw+Gram@0.5,2,regression,512,0.9847244247204872,0.9847244247204872,0.9850295158805532,0.9850295158805532,0.0,0.0,0.0,True
general,2dplanes,tabicl_v2,Raw+Gram@0.75,2,regression,512,0.9847244247204872,0.9847244247204872,0.9867689653270515,0.9867689653270515,0.0,0.0,0.0,True
general,2dplanes,tabicl_v2,PureGram,2,regression,512,0.9847244247204872,0.9847244247204872,0.9895600431785818,0.9895600431785818,0.0,0.0,0.0,True
general,2dplanes,tabicl_v2,GuardedGram-G2-g0p0-t01,2,regression,512,0.9847244247204872,0.9847244247204872,0.9867689653270515,0.9867689653270515,0.0,0.0,0.0,True
general,2dplanes,tabicl_v2,SafeGram-t01,2,regression,512,0.9847244247204872,0.9847244247204872,0.9895600431785818,0.9895600431785818,0.0,0.0,0.0,True
general,2dplanes,tabicl_v2,SafeRankGram-t01,2,regression,512,0.9847244247204872,0.9847244247204872,0.9794072660469343,0.9794072660469343,0.0,0.0,0.0,True
general,2dplanes,tabicl_v2,BlockGuard-Greedy-t01,2,regression,512,0.9847244247204872,0.9847244247204872,0.9895600431785818,0.9895600431785818,0.0,0.0,0.0,True
general,2dplanes,tabpfn_2_6,Raw,0,regression,512,0.9689723064116189,0.9689723064116189,0.9689723064116189,0.9689723064116189,0.0,0.0,0.0,True
general,2dplanes,tabpfn_2_6,Raw+Gram@0.5,0,regression,512,0.9689723064116189,0.9689723064116189,0.9656770377145171,0.9656770377145171,0.0,0.0,0.0,True
general,2dplanes,tabpfn_2_6,Raw+Gram@0.75,0,regression,512,0.9689723064116189,0.9689723064116189,0.96606881887757,0.96606881887757,0.0,0.0,0.0,True
general,2dplanes,tabpfn_2_6,PureGram,0,regression,512,0.9689723064116189,0.9689723064116189,0.967819918862004,0.967819918862004,0.0,0.0,0.0,True
general,2dplanes,tabpfn_2_6,GuardedGram-G2-g0p0-t01,0,regression,512,0.9689723064116189,0.9689723064116189,0.96606881887757,0.96606881887757,0.0,0.0,0.0,True
general,2dplanes,tabpfn_2_6,SafeGram-t01,0,regression,512,0.9689723064116189,0.9689723064116189,0.967819918862004,0.967819918862004,0.0,0.0,0.0,True
general,2dplanes,tabpfn_2_6,SafeRankGram-t01,0,regression,512,0.9689723064116189,0.9689723064116189,0.971537799019287,0.971537799019287,0.0,0.0,0.0,True
general,2dplanes,tabpfn_2_6,BlockGuard-Greedy-t01,0,regression,512,0.9689723064116189,0.9689723064116189,0.967819918862004,0.967819918862004,0.0,0.0,0.0,True
general,2dplanes,tabpfn_2_6,Raw,1,regression,512,0.9616412994857364,0.9616412994857364,0.9616412994857364,0.9616412994857364,0.0,0.0,0.0,True
general,2dplanes,tabpfn_2_6,Raw+Gram@0.5,1,regression,512,0.9616412994857364,0.9616412994857364,0.9654275483216906,0.9654275483216906,0.0,0.0,0.0,True
general,2dplanes,tabpfn_2_6,Raw+Gram@0.75,1,regression,512,0.9616412994857364,0.9616412994857364,0.9701024330579666,0.9701024330579666,0.0,0.0,0.0,True
general,2dplanes,tabpfn_2_6,PureGram,1,regression,512,0.9616412994857364,0.9616412994857364,0.9765998374506532,0.9765998374506532,0.0,0.0,0.0,True
general,2dplanes,tabpfn_2_6,GuardedGram-G2-g0p0-t01,1,regression,512,0.9616412994857364,0.9616412994857364,0.9701024330579666,0.9701024330579666,0.0,0.0,0.0,True
general,2dplanes,tabpfn_2_6,SafeGram-t01,1,regression,512,0.9616412994857364,0.9616412994857364,0.9701024330579666,0.9701024330579666,0.0,0.0,0.0,True
general,2dplanes,tabpfn_2_6,SafeRankGram-t01,1,regression,512,0.9616412994857364,0.9616412994857364,0.9690464347831701,0.9690464347831701,0.0,0.0,0.0,True
general,2dplanes,tabpfn_2_6,BlockGuard-Greedy-t01,1,regression,512,0.9616412994857364,0.9616412994857364,0.9765998374506532,0.9765998374506532,0.0,0.0,0.0,True
general,2dplanes,tabpfn_2_6,Raw,2,regression,512,0.9646361826974531,0.9646361826974531,0.9646361826974531,0.9646361826974531,0.0,0.0,0.0,True
general,2dplanes,tabpfn_2_6,Raw+Gram@0.5,2,regression,512,0.9646361826974531,0.9646361826974531,0.9647271840165618,0.9647271840165618,0.0,0.0,0.0,True
general,2dplanes,tabpfn_2_6,Raw+Gram@0.75,2,regression,512,0.9646361826974531,0.9646361826974531,0.9678475159982263,0.9678475159982263,0.0,0.0,0.0,True
general,2dplanes,tabpfn_2_6,PureGram,2,regression,512,0.9646361826974531,0.9646361826974531,0.9729957590310897,0.9729957590310897,0.0,0.0,0.0,True
general,2dplanes,tabpfn_2_6,GuardedGram-G2-g0p0-t01,2,regression,512,0.9646361826974531,0.9646361826974531,0.9678475159982263,0.9678475159982263,0.0,0.0,0.0,True
general,2dplanes,tabpfn_2_6,SafeGram-t01,2,regression,512,0.9646361826974531,0.9646361826974531,0.9729957590310897,0.9729957590310897,0.0,0.0,0.0,True
general,2dplanes,tabpfn_2_6,SafeRankGram-t01,2,regression,512,0.9646361826974531,0.9646361826974531,0.9746640279931382,0.9746640279931382,0.0,0.0,0.0,True
general,2dplanes,tabpfn_2_6,BlockGuard-Greedy-t01,2,regression,512,0.9646361826974531,0.9646361826974531,0.9729957590310897,0.9729957590310897,0.0,0.0,0.0,True
general,puma8NH,controlled_mlp,Raw,0,regression,512,3.22762759575608,3.22762759575608,3.22762759575608,3.22762759575608,0.0,0.0,0.0,True
general,puma8NH,controlled_mlp,Raw+Gram@0.5,0,regression,512,3.22762759575608,3.22762759575608,3.2475719816572988,3.2475719816572988,0.0,0.0,0.0,True
general,puma8NH,controlled_mlp,Raw+Gram@0.75,0,regression,512,3.22762759575608,3.22762759575608,3.2929947259920507,3.2929947259920507,0.0,0.0,0.0,True
general,puma8NH,controlled_mlp,PureGram,0,regression,512,3.22762759575608,3.22762759575608,3.360939916348043,3.360939916348043,0.0,0.0,0.0,True
general,puma8NH,controlled_mlp,GuardedGram-G2-g0p0-t01,0,regression,512,3.22762759575608,3.22762759575608,3.2475719816572988,3.2475719816572988,0.0,0.0,0.0,True
general,puma8NH,controlled_mlp,SafeGram-t01,0,regression,512,3.22762759575608,3.22762759575608,3.225623296853455,3.225623296853455,0.0,0.0,0.0,True
general,puma8NH,controlled_mlp,SafeRankGram-t01,0,regression,512,3.22762759575608,3.22762759575608,3.2253294367009033,3.2253294367009033,0.0,0.0,0.0,True
general,puma8NH,controlled_mlp,BlockGuard-Greedy-t01,0,regression,512,3.22762759575608,3.22762759575608,3.2364722371888925,3.2364722371888925,0.0,0.0,0.0,True
general,puma8NH,controlled_mlp,Raw,1,regression,512,3.2110082711161025,3.2110082711161025,3.2110082711161025,3.2110082711161025,0.0,0.0,0.0,True
general,puma8NH,controlled_mlp,Raw+Gram@0.5,1,regression,512,3.2110082711161025,3.2110082711161025,3.2674384435980497,3.2674384435980497,0.0,0.0,0.0,True
general,puma8NH,controlled_mlp,Raw+Gram@0.75,1,regression,512,3.2110082711161025,3.2110082711161025,3.336083907438808,3.336083907438808,0.0,0.0,0.0,True
general,puma8NH,controlled_mlp,PureGram,1,regression,512,3.2110082711161025,3.2110082711161025,3.4297374496569866,3.4297374496569866,0.0,0.0,0.0,True
general,puma8NH,controlled_mlp,GuardedGram-G2-g0p0-t01,1,regression,512,3.2110082711161025,3.2110082711161025,3.2674384435980497,3.2674384435980497,0.0,0.0,0.0,True
general,puma8NH,controlled_mlp,SafeGram-t01,1,regression,512,3.2110082711161025,3.2110082711161025,3.2110082711161025,3.2110082711161025,0.0,0.0,0.0,True
general,puma8NH,controlled_mlp,SafeRankGram-t01,1,regression,512,3.2110082711161025,3.2110082711161025,3.2043362442793244,3.2043362442793244,0.0,0.0,0.0,True
general,puma8NH,controlled_mlp,BlockGuard-Greedy-t01,1,regression,512,3.2110082711161025,3.2110082711161025,3.139946799803402,3.139946799803402,0.0,0.0,0.0,True
general,puma8NH,controlled_mlp,Raw,2,regression,512,3.2612795869035294,3.2612795869035294,3.2612795869035294,3.2612795869035294,0.0,0.0,0.0,True
general,puma8NH,controlled_mlp,Raw+Gram@0.5,2,regression,512,3.2612795869035294,3.2612795869035294,3.2541165206295575,3.2541165206295575,0.0,0.0,0.0,True
general,puma8NH,controlled_mlp,Raw+Gram@0.75,2,regression,512,3.2612795869035294,3.2612795869035294,3.2835286044396583,3.2835286044396583,0.0,0.0,0.0,True
general,puma8NH,controlled_mlp,PureGram,2,regression,512,3.2612795869035294,3.2612795869035294,3.334305491619704,3.334305491619704,0.0,0.0,0.0,True
general,puma8NH,controlled_mlp,GuardedGram-G2-g0p0-t01,2,regression,512,3.2612795869035294,3.2612795869035294,3.2466499368468447,3.2466499368468447,0.0,0.0,0.0,True
general,puma8NH,controlled_mlp,SafeGram-t01,2,regression,512,3.2612795869035294,3.2612795869035294,3.2612795869035294,3.2612795869035294,0.0,0.0,0.0,True
general,puma8NH,controlled_mlp,SafeRankGram-t01,2,regression,512,3.2612795869035294,3.2612795869035294,3.242470082330274,3.242470082330274,0.0,0.0,0.0,True
general,puma8NH,controlled_mlp,BlockGuard-Greedy-t01,2,regression,512,3.2612795869035294,3.2612795869035294,3.240408182700345,3.240408182700345,0.0,0.0,0.0,True
general,puma8NH,tabm_d,Raw,0,regression,512,3.049971158872346,3.049971158872346,3.049971158872346,3.049971158872346,0.0,0.0,0.0,True
general,puma8NH,tabm_d,Raw+Gram@0.5,0,regression,512,3.049971158872346,3.049971158872346,3.0398597855486584,3.0398597855486584,0.0,0.0,0.0,True
general,puma8NH,tabm_d,Raw+Gram@0.75,0,regression,512,3.049971158872346,3.049971158872346,3.0468171478810957,3.0468171478810957,0.0,0.0,0.0,True
general,puma8NH,tabm_d,PureGram,0,regression,512,3.049971158872346,3.049971158872346,3.0617313640137165,3.0617313640137165,0.0,0.0,0.0,True
general,puma8NH,tabm_d,GuardedGram-G2-g0p0-t01,0,regression,512,3.049971158872346,3.049971158872346,3.0398597855486584,3.0398597855486584,0.0,0.0,0.0,True
general,puma8NH,tabm_d,SafeGram-t01,0,regression,512,3.049971158872346,3.049971158872346,3.0409138913994602,3.0409138913994602,0.0,0.0,0.0,True
general,puma8NH,tabm_d,SafeRankGram-t01,0,regression,512,3.049971158872346,3.049971158872346,3.0417491105451604,3.0417491105451604,0.0,0.0,0.0,True
general,puma8NH,tabm_d,BlockGuard-Greedy-t01,0,regression,512,3.049971158872346,3.049971158872346,3.033608322829772,3.033608322829772,0.0,0.0,0.0,True
general,puma8NH,tabm_d,Raw,1,regression,512,3.0456807850459318,3.0456807850459318,3.0456807850459318,3.0456807850459318,0.0,0.0,0.0,True
general,puma8NH,tabm_d,Raw+Gram@0.5,1,regression,512,3.0456807850459318,3.0456807850459318,3.0450538112981707,3.0450538112981707,0.0,0.0,0.0,True
general,puma8NH,tabm_d,Raw+Gram@0.75,1,regression,512,3.0456807850459318,3.0456807850459318,3.055159764014454,3.055159764014454,0.0,0.0,0.0,True
general,puma8NH,tabm_d,PureGram,1,regression,512,3.0456807850459318,3.0456807850459318,3.0721363159540815,3.0721363159540815,0.0,0.0,0.0,True
general,puma8NH,tabm_d,GuardedGram-G2-g0p0-t01,1,regression,512,3.0456807850459318,3.0456807850459318,3.0450538112981707,3.0450538112981707,0.0,0.0,0.0,True
general,puma8NH,tabm_d,SafeGram-t01,1,regression,512,3.0456807850459318,3.0456807850459318,3.0418869364179035,3.0418869364179035,0.0,0.0,0.0,True
general,puma8NH,tabm_d,SafeRankGram-t01,1,regression,512,3.0456807850459318,3.0456807850459318,3.03396751278606,3.03396751278606,0.0,0.0,0.0,True
general,puma8NH,tabm_d,BlockGuard-Greedy-t01,1,regression,512,3.0456807850459318,3.0456807850459318,3.0490334452453705,3.0490334452453705,0.0,0.0,0.0,True
general,puma8NH,tabm_d,Raw,2,regression,512,3.0416591934840724,3.0416591934840724,3.0416591934840724,3.0416591934840724,0.0,0.0,0.0,True
general,puma8NH,tabm_d,Raw+Gram@0.5,2,regression,512,3.0416591934840724,3.0416591934840724,3.040868370656525,3.040868370656525,0.0,0.0,0.0,True
general,puma8NH,tabm_d,Raw+Gram@0.75,2,regression,512,3.0416591934840724,3.0416591934840724,3.0500579855957737,3.0500579855957737,0.0,0.0,0.0,True
general,puma8NH,tabm_d,PureGram,2,regression,512,3.0416591934840724,3.0416591934840724,3.0655743174443377,3.0655743174443377,0.0,0.0,0.0,True
general,puma8NH,tabm_d,GuardedGram-G2-g0p0-t01,2,regression,512,3.0416591934840724,3.0416591934840724,3.040868370656525,3.040868370656525,0.0,0.0,0.0,True
general,puma8NH,tabm_d,SafeGram-t01,2,regression,512,3.0416591934840724,3.0416591934840724,3.038062884843314,3.038062884843314,0.0,0.0,0.0,True
general,puma8NH,tabm_d,SafeRankGram-t01,2,regression,512,3.0416591934840724,3.0416591934840724,3.0309305396346145,3.0309305396346145,0.0,0.0,0.0,True
general,puma8NH,tabm_d,BlockGuard-Greedy-t01,2,regression,512,3.0416591934840724,3.0416591934840724,3.0578902605503595,3.0578902605503595,0.0,0.0,0.0,True
general,puma8NH,catboost,Raw,0,regression,512,3.109447903444226,3.109447903444226,3.109447903444226,3.109447903444226,0.0,0.0,0.0,True
general,puma8NH,catboost,Raw+Gram@0.5,0,regression,512,3.109447903444226,3.109447903444226,3.0984301979698503,3.0984301979698503,0.0,0.0,0.0,True
general,puma8NH,catboost,Raw+Gram@0.75,0,regression,512,3.109447903444226,3.109447903444226,3.102543063479853,3.102543063479853,0.0,0.0,0.0,True
general,puma8NH,catboost,PureGram,0,regression,512,3.109447903444226,3.109447903444226,3.1130497265575654,3.1130497265575654,0.0,0.0,0.0,True
general,puma8NH,catboost,GuardedGram-G2-g0p0-t01,0,regression,512,3.109447903444226,3.109447903444226,3.102543063479853,3.102543063479853,0.0,0.0,0.0,True
general,puma8NH,catboost,SafeGram-t01,0,regression,512,3.109447903444226,3.109447903444226,3.1130497265575654,3.1130497265575654,0.0,0.0,0.0,True
general,puma8NH,catboost,SafeRankGram-t01,0,regression,512,3.109447903444226,3.109447903444226,3.1087723256464264,3.1087723256464264,0.0,0.0,0.0,True
general,puma8NH,catboost,BlockGuard-Greedy-t01,0,regression,512,3.109447903444226,3.109447903444226,3.1130497265575654,3.1130497265575654,0.0,0.0,0.0,True
general,puma8NH,catboost,Raw,1,regression,512,3.1168693019940323,3.1168693019940323,3.1168693019940323,3.1168693019940323,0.0,0.0,0.0,True
general,puma8NH,catboost,Raw+Gram@0.5,1,regression,512,3.1168693019940323,3.1168693019940323,3.1047719570261405,3.1047719570261405,0.0,0.0,0.0,True
general,puma8NH,catboost,Raw+Gram@0.75,1,regression,512,3.1168693019940323,3.1168693019940323,3.1082601729791444,3.1082601729791444,0.0,0.0,0.0,True
general,puma8NH,catboost,PureGram,1,regression,512,3.1168693019940323,3.1168693019940323,3.118090828179102,3.118090828179102,0.0,0.0,0.0,True
general,puma8NH,catboost,GuardedGram-G2-g0p0-t01,1,regression,512,3.1168693019940323,3.1168693019940323,3.1082601729791444,3.1082601729791444,0.0,0.0,0.0,True
general,puma8NH,catboost,SafeGram-t01,1,regression,512,3.1168693019940323,3.1168693019940323,3.1047719570261405,3.1047719570261405,0.0,0.0,0.0,True
general,puma8NH,catboost,SafeRankGram-t01,1,regression,512,3.1168693019940323,3.1168693019940323,3.081552198099795,3.081552198099795,0.0,0.0,0.0,True
general,puma8NH,catboost,BlockGuard-Greedy-t01,1,regression,512,3.1168693019940323,3.1168693019940323,3.118090828179102,3.118090828179102,0.0,0.0,0.0,True
general,puma8NH,catboost,Raw,2,regression,512,3.1337796933600504,3.1337796933600504,3.1337796933600504,3.1337796933600504,0.0,0.0,0.0,True
general,puma8NH,catboost,Raw+Gram@0.5,2,regression,512,3.1337796933600504,3.1337796933600504,3.1035319804218444,3.1035319804218444,0.0,0.0,0.0,True
general,puma8NH,catboost,Raw+Gram@0.75,2,regression,512,3.1337796933600504,3.1337796933600504,3.097028441566831,3.097028441566831,0.0,0.0,0.0,True
general,puma8NH,catboost,PureGram,2,regression,512,3.1337796933600504,3.1337796933600504,3.096330731069707,3.096330731069707,0.0,0.0,0.0,True
general,puma8NH,catboost,GuardedGram-G2-g0p0-t01,2,regression,512,3.1337796933600504,3.1337796933600504,3.097028441566831,3.097028441566831,0.0,0.0,0.0,True
general,puma8NH,catboost,SafeGram-t01,2,regression,512,3.1337796933600504,3.1337796933600504,3.096330731069707,3.096330731069707,0.0,0.0,0.0,True
general,puma8NH,catboost,SafeRankGram-t01,2,regression,512,3.1337796933600504,3.1337796933600504,3.104129639321758,3.104129639321758,0.0,0.0,0.0,True
general,puma8NH,catboost,BlockGuard-Greedy-t01,2,regression,512,3.1337796933600504,3.1337796933600504,3.096330731069707,3.096330731069707,0.0,0.0,0.0,True
general,puma8NH,tabicl_v2,Raw,0,regression,512,2.9751541987847716,2.9751541987847716,2.9751541987847716,2.9751541987847716,0.0,0.0,0.0,True
general,puma8NH,tabicl_v2,Raw+Gram@0.5,0,regression,512,2.9751541987847716,2.9751541987847716,2.9696903369566714,2.9696903369566714,0.0,0.0,0.0,True
general,puma8NH,tabicl_v2,Raw+Gram@0.75,0,regression,512,2.9751541987847716,2.9751541987847716,2.969182707891094,2.969182707891094,0.0,0.0,0.0,True
general,puma8NH,tabicl_v2,PureGram,0,regression,512,2.9751541987847716,2.9751541987847716,2.9701597008005933,2.9701597008005933,0.0,0.0,0.0,True
general,puma8NH,tabicl_v2,GuardedGram-G2-g0p0-t01,0,regression,512,2.9751541987847716,2.9751541987847716,2.969182707891094,2.969182707891094,0.0,0.0,0.0,True
general,puma8NH,tabicl_v2,SafeGram-t01,0,regression,512,2.9751541987847716,2.9751541987847716,2.9716818271784895,2.9716818271784895,0.0,0.0,0.0,True
general,puma8NH,tabicl_v2,SafeRankGram-t01,0,regression,512,2.9751541987847716,2.9751541987847716,2.969296754761672,2.969296754761672,0.0,0.0,0.0,True
general,puma8NH,tabicl_v2,BlockGuard-Greedy-t01,0,regression,512,2.9751541987847716,2.9751541987847716,2.9754767011871786,2.9754767011871786,0.0,0.0,0.0,True
general,puma8NH,tabicl_v2,Raw,1,regression,512,2.9751541987847716,2.9751541987847716,2.9751541987847716,2.9751541987847716,0.0,0.0,0.0,True
general,puma8NH,tabicl_v2,Raw+Gram@0.5,1,regression,512,2.9751541987847716,2.9751541987847716,2.9696903369566714,2.9696903369566714,0.0,0.0,0.0,True
general,puma8NH,tabicl_v2,Raw+Gram@0.75,1,regression,512,2.9751541987847716,2.9751541987847716,2.969182707891094,2.969182707891094,0.0,0.0,0.0,True
general,puma8NH,tabicl_v2,PureGram,1,regression,512,2.9751541987847716,2.9751541987847716,2.9701597008005933,2.9701597008005933,0.0,0.0,0.0,True
general,puma8NH,tabicl_v2,GuardedGram-G2-g0p0-t01,1,regression,512,2.9751541987847716,2.9751541987847716,2.969182707891094,2.969182707891094,0.0,0.0,0.0,True
general,puma8NH,tabicl_v2,SafeGram-t01,1,regression,512,2.9751541987847716,2.9751541987847716,2.9716818271784895,2.9716818271784895,0.0,0.0,0.0,True
general,puma8NH,tabicl_v2,SafeRankGram-t01,1,regression,512,2.9751541987847716,2.9751541987847716,2.969296754761672,2.969296754761672,0.0,0.0,0.0,True
general,puma8NH,tabicl_v2,BlockGuard-Greedy-t01,1,regression,512,2.9751541987847716,2.9751541987847716,2.9754767011871786,2.9754767011871786,0.0,0.0,0.0,True
general,puma8NH,tabicl_v2,Raw,2,regression,512,2.9751541987847716,2.9751541987847716,2.9751541987847716,2.9751541987847716,0.0,0.0,0.0,True
general,puma8NH,tabicl_v2,Raw+Gram@0.5,2,regression,512,2.9751541987847716,2.9751541987847716,2.9696903369566714,2.9696903369566714,0.0,0.0,0.0,True
general,puma8NH,tabicl_v2,Raw+Gram@0.75,2,regression,512,2.9751541987847716,2.9751541987847716,2.969182707891094,2.969182707891094,0.0,0.0,0.0,True
general,puma8NH,tabicl_v2,PureGram,2,regression,512,2.9751541987847716,2.9751541987847716,2.9701597008005933,2.9701597008005933,0.0,0.0,0.0,True
general,puma8NH,tabicl_v2,GuardedGram-G2-g0p0-t01,2,regression,512,2.9751541987847716,2.9751541987847716,2.969182707891094,2.969182707891094,0.0,0.0,0.0,True
general,puma8NH,tabicl_v2,SafeGram-t01,2,regression,512,2.9751541987847716,2.9751541987847716,2.9716818271784895,2.9716818271784895,0.0,0.0,0.0,True
general,puma8NH,tabicl_v2,SafeRankGram-t01,2,regression,512,2.9751541987847716,2.9751541987847716,2.969296754761672,2.969296754761672,0.0,0.0,0.0,True
general,puma8NH,tabicl_v2,BlockGuard-Greedy-t01,2,regression,512,2.9751541987847716,2.9751541987847716,2.9754767011871786,2.9754767011871786,0.0,0.0,0.0,True
general,puma8NH,tabpfn_2_6,Raw,0,regression,512,2.9676412721520227,2.9676412721520227,2.9676412721520227,2.9676412721520227,0.0,0.0,0.0,True
general,puma8NH,tabpfn_2_6,Raw+Gram@0.5,0,regression,512,2.9676412721520227,2.9676412721520227,2.980063669741334,2.980063669741334,0.0,0.0,0.0,True
general,puma8NH,tabpfn_2_6,Raw+Gram@0.75,0,regression,512,2.9676412721520227,2.9676412721520227,2.9893117618076275,2.9893117618076275,0.0,0.0,0.0,True
general,puma8NH,tabpfn_2_6,PureGram,0,regression,512,2.9676412721520227,2.9676412721520227,3.0005608553601175,3.0005608553601175,0.0,0.0,0.0,True
general,puma8NH,tabpfn_2_6,GuardedGram-G2-g0p0-t01,0,regression,512,2.9676412721520227,2.9676412721520227,2.9893117618076275,2.9893117618076275,0.0,0.0,0.0,True
general,puma8NH,tabpfn_2_6,SafeGram-t01,0,regression,512,2.9676412721520227,2.9676412721520227,2.980063669741334,2.980063669741334,0.0,0.0,0.0,True
general,puma8NH,tabpfn_2_6,SafeRankGram-t01,0,regression,512,2.9676412721520227,2.9676412721520227,2.967377867251186,2.967377867251186,0.0,0.0,0.0,True
general,puma8NH,tabpfn_2_6,BlockGuard-Greedy-t01,0,regression,512,2.9676412721520227,2.9676412721520227,3.0005608553601175,3.0005608553601175,0.0,0.0,0.0,True
general,puma8NH,tabpfn_2_6,Raw,1,regression,512,2.9643294615485285,2.9643294615485285,2.9643294615485285,2.9643294615485285,0.0,0.0,0.0,True
general,puma8NH,tabpfn_2_6,Raw+Gram@0.5,1,regression,512,2.9643294615485285,2.9643294615485285,2.9604297736295693,2.9604297736295693,0.0,0.0,0.0,True
general,puma8NH,tabpfn_2_6,Raw+Gram@0.75,1,regression,512,2.9643294615485285,2.9643294615485285,2.95964769972035,2.95964769972035,0.0,0.0,0.0,True
general,puma8NH,tabpfn_2_6,PureGram,1,regression,512,2.9643294615485285,2.9643294615485285,2.9596451668361494,2.9596451668361494,0.0,0.0,0.0,True
general,puma8NH,tabpfn_2_6,GuardedGram-G2-g0p0-t01,1,regression,512,2.9643294615485285,2.9643294615485285,2.95964769972035,2.95964769972035,0.0,0.0,0.0,True
general,puma8NH,tabpfn_2_6,SafeGram-t01,1,regression,512,2.9643294615485285,2.9643294615485285,2.9604297736295693,2.9604297736295693,0.0,0.0,0.0,True
general,puma8NH,tabpfn_2_6,SafeRankGram-t01,1,regression,512,2.9643294615485285,2.9643294615485285,2.9706658501648717,2.9706658501648717,0.0,0.0,0.0,True
general,puma8NH,tabpfn_2_6,BlockGuard-Greedy-t01,1,regression,512,2.9643294615485285,2.9643294615485285,2.9596451668361494,2.9596451668361494,0.0,0.0,0.0,True
general,puma8NH,tabpfn_2_6,Raw,2,regression,512,2.9421956933706173,2.9421956933706173,2.9421956933706173,2.9421956933706173,0.0,0.0,0.0,True
general,puma8NH,tabpfn_2_6,Raw+Gram@0.5,2,regression,512,2.9421956933706173,2.9421956933706173,2.951547376497404,2.951547376497404,0.0,0.0,0.0,True
general,puma8NH,tabpfn_2_6,Raw+Gram@0.75,2,regression,512,2.9421956933706173,2.9421956933706173,2.9582786549374944,2.9582786549374944,0.0,0.0,0.0,True
general,puma8NH,tabpfn_2_6,PureGram,2,regression,512,2.9421956933706173,2.9421956933706173,2.966368419796991,2.966368419796991,0.0,0.0,0.0,True
general,puma8NH,tabpfn_2_6,GuardedGram-G2-g0p0-t01,2,regression,512,2.9421956933706173,2.9421956933706173,2.9582786549374944,2.9582786549374944,0.0,0.0,0.0,True
general,puma8NH,tabpfn_2_6,SafeGram-t01,2,regression,512,2.9421956933706173,2.9421956933706173,2.951547376497404,2.951547376497404,0.0,0.0,0.0,True
general,puma8NH,tabpfn_2_6,SafeRankGram-t01,2,regression,512,2.9421956933706173,2.9421956933706173,2.9776833177842366,2.9776833177842366,0.0,0.0,0.0,True
general,puma8NH,tabpfn_2_6,BlockGuard-Greedy-t01,2,regression,512,2.9421956933706173,2.9421956933706173,2.966368419796991,2.966368419796991,0.0,0.0,0.0,True
general,bank32nh,controlled_mlp,Raw,0,regression,512,0.09324984849553618,0.09324984849553618,0.09324984849553618,0.09324984849553618,0.0,0.0,0.0,True
general,bank32nh,controlled_mlp,Raw+Gram@0.5,0,regression,512,0.09324984849553618,0.09324984849553618,0.09139989900276221,0.09139989900276221,0.0,0.0,0.0,True
general,bank32nh,controlled_mlp,Raw+Gram@0.75,0,regression,512,0.09324984849553618,0.09324984849553618,0.09278580529370373,0.09278580529370373,0.0,0.0,0.0,True
general,bank32nh,controlled_mlp,PureGram,0,regression,512,0.09324984849553618,0.09324984849553618,0.09564784425198937,0.09564784425198937,0.0,0.0,0.0,True
general,bank32nh,controlled_mlp,GuardedGram-G2-g0p0-t01,0,regression,512,0.09324984849553618,0.09324984849553618,0.09139989900276221,0.09139989900276221,0.0,0.0,0.0,True
general,bank32nh,controlled_mlp,SafeGram-t01,0,regression,512,0.09324984849553618,0.09324984849553618,0.09155718284872529,0.09155718284872529,0.0,0.0,0.0,True
general,bank32nh,controlled_mlp,SafeRankGram-t01,0,regression,512,0.09324984849553618,0.09324984849553618,0.09324984849553618,0.09324984849553618,0.0,0.0,0.0,True
general,bank32nh,controlled_mlp,BlockGuard-Greedy-t01,0,regression,512,0.09324984849553618,0.09324984849553618,0.10238634301487508,0.10238634301487508,0.0,0.0,0.0,True
general,bank32nh,controlled_mlp,Raw,1,regression,512,0.09300208373563969,0.09300208373563969,0.09300208373563969,0.09300208373563969,0.0,0.0,0.0,True
general,bank32nh,controlled_mlp,Raw+Gram@0.5,1,regression,512,0.09300208373563969,0.09300208373563969,0.09081660998913824,0.09081660998913824,0.0,0.0,0.0,True
general,bank32nh,controlled_mlp,Raw+Gram@0.75,1,regression,512,0.09300208373563969,0.09300208373563969,0.09163670804171062,0.09163670804171062,0.0,0.0,0.0,True
general,bank32nh,controlled_mlp,PureGram,1,regression,512,0.09300208373563969,0.09300208373563969,0.09370474510473341,0.09370474510473341,0.0,0.0,0.0,True
general,bank32nh,controlled_mlp,GuardedGram-G2-g0p0-t01,1,regression,512,0.09300208373563969,0.09300208373563969,0.09081660998913824,0.09081660998913824,0.0,0.0,0.0,True
general,bank32nh,controlled_mlp,SafeGram-t01,1,regression,512,0.09300208373563969,0.09300208373563969,0.09300208373563969,0.09300208373563969,0.0,0.0,0.0,True
general,bank32nh,controlled_mlp,SafeRankGram-t01,1,regression,512,0.09300208373563969,0.09300208373563969,0.09146454245416061,0.09146454245416061,0.0,0.0,0.0,True
general,bank32nh,controlled_mlp,BlockGuard-Greedy-t01,1,regression,512,0.09300208373563969,0.09300208373563969,0.09300208373563969,0.09300208373563969,0.0,0.0,0.0,True
general,bank32nh,controlled_mlp,Raw,2,regression,512,0.09508942484795262,0.09508942484795262,0.09508942484795262,0.09508942484795262,0.0,0.0,0.0,True
general,bank32nh,controlled_mlp,Raw+Gram@0.5,2,regression,512,0.09508942484795262,0.09508942484795262,0.09340280315637081,0.09340280315637081,0.0,0.0,0.0,True
general,bank32nh,controlled_mlp,Raw+Gram@0.75,2,regression,512,0.09508942484795262,0.09508942484795262,0.09448875343134061,0.09448875343134061,0.0,0.0,0.0,True
general,bank32nh,controlled_mlp,PureGram,2,regression,512,0.09508942484795262,0.09508942484795262,0.09682026835530076,0.09682026835530076,0.0,0.0,0.0,True
general,bank32nh,controlled_mlp,GuardedGram-G2-g0p0-t01,2,regression,512,0.09508942484795262,0.09508942484795262,0.09448875343134061,0.09448875343134061,0.0,0.0,0.0,True
general,bank32nh,controlled_mlp,SafeGram-t01,2,regression,512,0.09508942484795262,0.09508942484795262,0.09360577814307015,0.09360577814307015,0.0,0.0,0.0,True
general,bank32nh,controlled_mlp,SafeRankGram-t01,2,regression,512,0.09508942484795262,0.09508942484795262,0.09304822970208498,0.09304822970208498,0.0,0.0,0.0,True
general,bank32nh,controlled_mlp,BlockGuard-Greedy-t01,2,regression,512,0.09508942484795262,0.09508942484795262,0.09956246014006045,0.09956246014006045,0.0,0.0,0.0,True
general,bank32nh,tabm_d,Raw,0,regression,512,0.08920089132286257,0.08920089132286257,0.08920089132286257,0.08920089132286257,0.0,0.0,0.0,True
general,bank32nh,tabm_d,Raw+Gram@0.5,0,regression,512,0.08920089132286257,0.08920089132286257,0.08948037144023342,0.08948037144023342,0.0,0.0,0.0,True
general,bank32nh,tabm_d,Raw+Gram@0.75,0,regression,512,0.08920089132286257,0.08920089132286257,0.09006220999820219,0.09006220999820219,0.0,0.0,0.0,True
general,bank32nh,tabm_d,PureGram,0,regression,512,0.08920089132286257,0.08920089132286257,0.09093219292854512,0.09093219292854512,0.0,0.0,0.0,True
general,bank32nh,tabm_d,GuardedGram-G2-g0p0-t01,0,regression,512,0.08920089132286257,0.08920089132286257,0.08948037144023342,0.08948037144023342,0.0,0.0,0.0,True
general,bank32nh,tabm_d,SafeGram-t01,0,regression,512,0.08920089132286257,0.08920089132286257,0.08920089132286257,0.08920089132286257,0.0,0.0,0.0,True
general,bank32nh,tabm_d,SafeRankGram-t01,0,regression,512,0.08920089132286257,0.08920089132286257,0.08875021162751809,0.08875021162751809,0.0,0.0,0.0,True
general,bank32nh,tabm_d,BlockGuard-Greedy-t01,0,regression,512,0.08920089132286257,0.08920089132286257,0.092054857969377,0.092054857969377,0.0,0.0,0.0,True
general,bank32nh,tabm_d,Raw,1,regression,512,0.08905161140802499,0.08905161140802499,0.08905161140802499,0.08905161140802499,0.0,0.0,0.0,True
general,bank32nh,tabm_d,Raw+Gram@0.5,1,regression,512,0.08905161140802499,0.08905161140802499,0.08916466268797718,0.08916466268797718,0.0,0.0,0.0,True
general,bank32nh,tabm_d,Raw+Gram@0.75,1,regression,512,0.08905161140802499,0.08905161140802499,0.0897371044777794,0.0897371044777794,0.0,0.0,0.0,True
general,bank32nh,tabm_d,PureGram,1,regression,512,0.08905161140802499,0.08905161140802499,0.0906461075120319,0.0906461075120319,0.0,0.0,0.0,True
general,bank32nh,tabm_d,GuardedGram-G2-g0p0-t01,1,regression,512,0.08905161140802499,0.08905161140802499,0.08916466268797718,0.08916466268797718,0.0,0.0,0.0,True
general,bank32nh,tabm_d,SafeGram-t01,1,regression,512,0.08905161140802499,0.08905161140802499,0.08905161140802499,0.08905161140802499,0.0,0.0,0.0,True
general,bank32nh,tabm_d,SafeRankGram-t01,1,regression,512,0.08905161140802499,0.08905161140802499,0.08905161140802499,0.08905161140802499,0.0,0.0,0.0,True
general,bank32nh,tabm_d,BlockGuard-Greedy-t01,1,regression,512,0.08905161140802499,0.08905161140802499,0.09015591917481974,0.09015591917481974,0.0,0.0,0.0,True
general,bank32nh,tabm_d,Raw,2,regression,512,0.08847351722211033,0.08847351722211033,0.08847351722211033,0.08847351722211033,0.0,0.0,0.0,True
general,bank32nh,tabm_d,Raw+Gram@0.5,2,regression,512,0.08847351722211033,0.08847351722211033,0.08853147552260922,0.08853147552260922,0.0,0.0,0.0,True
general,bank32nh,tabm_d,Raw+Gram@0.75,2,regression,512,0.08847351722211033,0.08847351722211033,0.08923119719669183,0.08923119719669183,0.0,0.0,0.0,True
general,bank32nh,tabm_d,PureGram,2,regression,512,0.08847351722211033,0.08847351722211033,0.09036644422503327,0.09036644422503327,0.0,0.0,0.0,True
general,bank32nh,tabm_d,GuardedGram-G2-g0p0-t01,2,regression,512,0.08847351722211033,0.08847351722211033,0.08853147552260922,0.08853147552260922,0.0,0.0,0.0,True
general,bank32nh,tabm_d,SafeGram-t01,2,regression,512,0.08847351722211033,0.08847351722211033,0.08847351722211033,0.08847351722211033,0.0,0.0,0.0,True
general,bank32nh,tabm_d,SafeRankGram-t01,2,regression,512,0.08847351722211033,0.08847351722211033,0.08847351722211033,0.08847351722211033,0.0,0.0,0.0,True
general,bank32nh,tabm_d,BlockGuard-Greedy-t01,2,regression,512,0.08847351722211033,0.08847351722211033,0.0897757427129162,0.0897757427129162,0.0,0.0,0.0,True
general,bank32nh,catboost,Raw,0,regression,512,0.08575676191945138,0.08575676191945138,0.08575676191945138,0.08575676191945138,0.0,0.0,0.0,True
general,bank32nh,catboost,Raw+Gram@0.5,0,regression,512,0.08575676191945138,0.08575676191945138,0.08603870105404159,0.08603870105404159,0.0,0.0,0.0,True
general,bank32nh,catboost,Raw+Gram@0.75,0,regression,512,0.08575676191945138,0.08575676191945138,0.08644916624207355,0.08644916624207355,0.0,0.0,0.0,True
general,bank32nh,catboost,PureGram,0,regression,512,0.08575676191945138,0.08575676191945138,0.08703627690433914,0.08703627690433914,0.0,0.0,0.0,True
general,bank32nh,catboost,GuardedGram-G2-g0p0-t01,0,regression,512,0.08575676191945138,0.08575676191945138,0.08644916624207355,0.08644916624207355,0.0,0.0,0.0,True
general,bank32nh,catboost,SafeGram-t01,0,regression,512,0.08575676191945138,0.08575676191945138,0.08580741636199055,0.08580741636199055,0.0,0.0,0.0,True
general,bank32nh,catboost,SafeRankGram-t01,0,regression,512,0.08575676191945138,0.08575676191945138,0.08575676191945138,0.08575676191945138,0.0,0.0,0.0,True
general,bank32nh,catboost,BlockGuard-Greedy-t01,0,regression,512,0.08575676191945138,0.08575676191945138,0.08575676191945138,0.08575676191945138,0.0,0.0,0.0,True
general,bank32nh,catboost,Raw,1,regression,512,0.08620900608671403,0.08620900608671403,0.08620900608671403,0.08620900608671403,0.0,0.0,0.0,True
general,bank32nh,catboost,Raw+Gram@0.5,1,regression,512,0.08620900608671403,0.08620900608671403,0.08674446588899315,0.08674446588899315,0.0,0.0,0.0,True
general,bank32nh,catboost,Raw+Gram@0.75,1,regression,512,0.08620900608671403,0.08620900608671403,0.08729899899868536,0.08729899899868536,0.0,0.0,0.0,True
general,bank32nh,catboost,PureGram,1,regression,512,0.08620900608671403,0.08620900608671403,0.08804033235897937,0.08804033235897937,0.0,0.0,0.0,True
general,bank32nh,catboost,GuardedGram-G2-g0p0-t01,1,regression,512,0.08620900608671403,0.08620900608671403,0.08729899899868536,0.08729899899868536,0.0,0.0,0.0,True
general,bank32nh,catboost,SafeGram-t01,1,regression,512,0.08620900608671403,0.08620900608671403,0.08674446588899315,0.08674446588899315,0.0,0.0,0.0,True
general,bank32nh,catboost,SafeRankGram-t01,1,regression,512,0.08620900608671403,0.08620900608671403,0.0861850125124324,0.0861850125124324,0.0,0.0,0.0,True
general,bank32nh,catboost,BlockGuard-Greedy-t01,1,regression,512,0.08620900608671403,0.08620900608671403,0.08620900608671403,0.08620900608671403,0.0,0.0,0.0,True
general,bank32nh,catboost,Raw,2,regression,512,0.08646662421305393,0.08646662421305393,0.08646662421305393,0.08646662421305393,0.0,0.0,0.0,True
general,bank32nh,catboost,Raw+Gram@0.5,2,regression,512,0.08646662421305393,0.08646662421305393,0.08658507540629692,0.08658507540629692,0.0,0.0,0.0,True
general,bank32nh,catboost,Raw+Gram@0.75,2,regression,512,0.08646662421305393,0.08646662421305393,0.08697987157652069,0.08697987157652069,0.0,0.0,0.0,True
general,bank32nh,catboost,PureGram,2,regression,512,0.08646662421305393,0.08646662421305393,0.08759491971543591,0.08759491971543591,0.0,0.0,0.0,True
general,bank32nh,catboost,GuardedGram-G2-g0p0-t01,2,regression,512,0.08646662421305393,0.08646662421305393,0.08697987157652069,0.08697987157652069,0.0,0.0,0.0,True
general,bank32nh,catboost,SafeGram-t01,2,regression,512,0.08646662421305393,0.08646662421305393,0.08641355004217764,0.08641355004217764,0.0,0.0,0.0,True
general,bank32nh,catboost,SafeRankGram-t01,2,regression,512,0.08646662421305393,0.08646662421305393,0.08646662421305393,0.08646662421305393,0.0,0.0,0.0,True
general,bank32nh,catboost,BlockGuard-Greedy-t01,2,regression,512,0.08646662421305393,0.08646662421305393,0.08646662421305393,0.08646662421305393,0.0,0.0,0.0,True
general,bank32nh,tabicl_v2,Raw,0,regression,512,0.08440214470960954,0.08440214470960954,0.08440214470960954,0.08440214470960954,0.0,0.0,0.0,True
general,bank32nh,tabicl_v2,Raw+Gram@0.5,0,regression,512,0.08440214470960954,0.08440214470960954,0.08445559881662947,0.08445559881662947,0.0,0.0,0.0,True
general,bank32nh,tabicl_v2,Raw+Gram@0.75,0,regression,512,0.08440214470960954,0.08440214470960954,0.08492202018568804,0.08492202018568804,0.0,0.0,0.0,True
general,bank32nh,tabicl_v2,PureGram,0,regression,512,0.08440214470960954,0.08440214470960954,0.08567619097912857,0.08567619097912857,0.0,0.0,0.0,True
general,bank32nh,tabicl_v2,GuardedGram-G2-g0p0-t01,0,regression,512,0.08440214470960954,0.08440214470960954,0.08492202018568804,0.08492202018568804,0.0,0.0,0.0,True
general,bank32nh,tabicl_v2,SafeGram-t01,0,regression,512,0.08440214470960954,0.08440214470960954,0.08567619097912857,0.08567619097912857,0.0,0.0,0.0,True
general,bank32nh,tabicl_v2,SafeRankGram-t01,0,regression,512,0.08440214470960954,0.08440214470960954,0.08459021170326635,0.08459021170326635,0.0,0.0,0.0,True
general,bank32nh,tabicl_v2,BlockGuard-Greedy-t01,0,regression,512,0.08440214470960954,0.08440214470960954,0.08567619097912857,0.08567619097912857,0.0,0.0,0.0,True
general,bank32nh,tabicl_v2,Raw,1,regression,512,0.08440214470960954,0.08440214470960954,0.08440214470960954,0.08440214470960954,0.0,0.0,0.0,True
general,bank32nh,tabicl_v2,Raw+Gram@0.5,1,regression,512,0.08440214470960954,0.08440214470960954,0.08445559881662947,0.08445559881662947,0.0,0.0,0.0,True
general,bank32nh,tabicl_v2,Raw+Gram@0.75,1,regression,512,0.08440214470960954,0.08440214470960954,0.08492202018568804,0.08492202018568804,0.0,0.0,0.0,True
general,bank32nh,tabicl_v2,PureGram,1,regression,512,0.08440214470960954,0.08440214470960954,0.08567619097912857,0.08567619097912857,0.0,0.0,0.0,True
general,bank32nh,tabicl_v2,GuardedGram-G2-g0p0-t01,1,regression,512,0.08440214470960954,0.08440214470960954,0.08492202018568804,0.08492202018568804,0.0,0.0,0.0,True
general,bank32nh,tabicl_v2,SafeGram-t01,1,regression,512,0.08440214470960954,0.08440214470960954,0.08567619097912857,0.08567619097912857,0.0,0.0,0.0,True
general,bank32nh,tabicl_v2,SafeRankGram-t01,1,regression,512,0.08440214470960954,0.08440214470960954,0.0849736018459546,0.0849736018459546,0.0,0.0,0.0,True
general,bank32nh,tabicl_v2,BlockGuard-Greedy-t01,1,regression,512,0.08440214470960954,0.08440214470960954,0.08567619097912857,0.08567619097912857,0.0,0.0,0.0,True
general,bank32nh,tabicl_v2,Raw,2,regression,512,0.08440214470960954,0.08440214470960954,0.08440214470960954,0.08440214470960954,0.0,0.0,0.0,True
general,bank32nh,tabicl_v2,Raw+Gram@0.5,2,regression,512,0.08440214470960954,0.08440214470960954,0.08445559881662947,0.08445559881662947,0.0,0.0,0.0,True
general,bank32nh,tabicl_v2,Raw+Gram@0.75,2,regression,512,0.08440214470960954,0.08440214470960954,0.08492202018568804,0.08492202018568804,0.0,0.0,0.0,True
general,bank32nh,tabicl_v2,PureGram,2,regression,512,0.08440214470960954,0.08440214470960954,0.08567619097912857,0.08567619097912857,0.0,0.0,0.0,True
general,bank32nh,tabicl_v2,GuardedGram-G2-g0p0-t01,2,regression,512,0.08440214470960954,0.08440214470960954,0.08492202018568804,0.08492202018568804,0.0,0.0,0.0,True
general,bank32nh,tabicl_v2,SafeGram-t01,2,regression,512,0.08440214470960954,0.08440214470960954,0.08567619097912857,0.08567619097912857,0.0,0.0,0.0,True
general,bank32nh,tabicl_v2,SafeRankGram-t01,2,regression,512,0.08440214470960954,0.08440214470960954,0.0849736018459546,0.0849736018459546,0.0,0.0,0.0,True
general,bank32nh,tabicl_v2,BlockGuard-Greedy-t01,2,regression,512,0.08440214470960954,0.08440214470960954,0.08567619097912857,0.08567619097912857,0.0,0.0,0.0,True
general,bank32nh,tabpfn_2_6,Raw,0,regression,512,0.08087430366632119,0.08087430366632119,0.08087430366632119,0.08087430366632119,0.0,0.0,0.0,True
general,bank32nh,tabpfn_2_6,Raw+Gram@0.5,0,regression,512,0.08087430366632119,0.08087430366632119,0.0799497722658637,0.0799497722658637,0.0,0.0,0.0,True
general,bank32nh,tabpfn_2_6,Raw+Gram@0.75,0,regression,512,0.08087430366632119,0.08087430366632119,0.07982159060066883,0.07982159060066883,0.0,0.0,0.0,True
general,bank32nh,tabpfn_2_6,PureGram,0,regression,512,0.08087430366632119,0.08087430366632119,0.07991818126371035,0.07991818126371035,0.0,0.0,0.0,True
general,bank32nh,tabpfn_2_6,GuardedGram-G2-g0p0-t01,0,regression,512,0.08087430366632119,0.08087430366632119,0.07982159060066883,0.07982159060066883,0.0,0.0,0.0,True
general,bank32nh,tabpfn_2_6,SafeGram-t01,0,regression,512,0.08087430366632119,0.08087430366632119,0.07991818126371035,0.07991818126371035,0.0,0.0,0.0,True
general,bank32nh,tabpfn_2_6,SafeRankGram-t01,0,regression,512,0.08087430366632119,0.08087430366632119,0.08058344393994889,0.08058344393994889,0.0,0.0,0.0,True
general,bank32nh,tabpfn_2_6,BlockGuard-Greedy-t01,0,regression,512,0.08087430366632119,0.08087430366632119,0.07991818126371035,0.07991818126371035,0.0,0.0,0.0,True
general,bank32nh,tabpfn_2_6,Raw,1,regression,512,0.08067516811630222,0.08067516811630222,0.08067516811630222,0.08067516811630222,0.0,0.0,0.0,True
general,bank32nh,tabpfn_2_6,Raw+Gram@0.5,1,regression,512,0.08067516811630222,0.08067516811630222,0.08053859538024814,0.08053859538024814,0.0,0.0,0.0,True
general,bank32nh,tabpfn_2_6,Raw+Gram@0.75,1,regression,512,0.08067516811630222,0.08067516811630222,0.08082031065968828,0.08082031065968828,0.0,0.0,0.0,True
general,bank32nh,tabpfn_2_6,PureGram,1,regression,512,0.08067516811630222,0.08067516811630222,0.08133279698596754,0.08133279698596754,0.0,0.0,0.0,True
general,bank32nh,tabpfn_2_6,GuardedGram-G2-g0p0-t01,1,regression,512,0.08067516811630222,0.08067516811630222,0.08082031065968828,0.08082031065968828,0.0,0.0,0.0,True
general,bank32nh,tabpfn_2_6,SafeGram-t01,1,regression,512,0.08067516811630222,0.08067516811630222,0.08049007428028022,0.08049007428028022,0.0,0.0,0.0,True
general,bank32nh,tabpfn_2_6,SafeRankGram-t01,1,regression,512,0.08067516811630222,0.08067516811630222,0.08067516811630222,0.08067516811630222,0.0,0.0,0.0,True
general,bank32nh,tabpfn_2_6,BlockGuard-Greedy-t01,1,regression,512,0.08067516811630222,0.08067516811630222,0.08133279698596754,0.08133279698596754,0.0,0.0,0.0,True
general,bank32nh,tabpfn_2_6,Raw,2,regression,512,0.08164164444264439,0.08164164444264439,0.08164164444264439,0.08164164444264439,0.0,0.0,0.0,True
general,bank32nh,tabpfn_2_6,Raw+Gram@0.5,2,regression,512,0.08164164444264439,0.08164164444264439,0.08029588475130515,0.08029588475130515,0.0,0.0,0.0,True
general,bank32nh,tabpfn_2_6,Raw+Gram@0.75,2,regression,512,0.08164164444264439,0.08164164444264439,0.07998793280210179,0.07998793280210179,0.0,0.0,0.0,True
general,bank32nh,tabpfn_2_6,PureGram,2,regression,512,0.08164164444264439,0.08164164444264439,0.07992775615299587,0.07992775615299587,0.0,0.0,0.0,True
general,bank32nh,tabpfn_2_6,GuardedGram-G2-g0p0-t01,2,regression,512,0.08164164444264439,0.08164164444264439,0.07998793280210179,0.07998793280210179,0.0,0.0,0.0,True
general,bank32nh,tabpfn_2_6,SafeGram-t01,2,regression,512,0.08164164444264439,0.08164164444264439,0.07992775615299587,0.07992775615299587,0.0,0.0,0.0,True
general,bank32nh,tabpfn_2_6,SafeRankGram-t01,2,regression,512,0.08164164444264439,0.08164164444264439,0.07995223800552499,0.07995223800552499,0.0,0.0,0.0,True
general,bank32nh,tabpfn_2_6,BlockGuard-Greedy-t01,2,regression,512,0.08164164444264439,0.08164164444264439,0.07992775615299587,0.07992775615299587,0.0,0.0,0.0,True
general,OnlineNewsPopularity,controlled_mlp,Raw,0,regression,512,5151.758159917111,5151.758159917111,5151.758159917111,5151.758159917111,0.0,0.0,0.0,True
general,OnlineNewsPopularity,controlled_mlp,Raw+Gram@0.5,0,regression,512,5151.758159917111,5151.758159917111,5205.256735494668,5205.256735494668,0.0,0.0,0.0,True
general,OnlineNewsPopularity,controlled_mlp,Raw+Gram@0.75,0,regression,512,5151.758159917111,5151.758159917111,5247.49388755485,5247.49388755485,0.0,0.0,0.0,True
general,OnlineNewsPopularity,controlled_mlp,PureGram,0,regression,512,5151.758159917111,5151.758159917111,5299.747253193653,5299.747253193653,0.0,0.0,0.0,True
general,OnlineNewsPopularity,controlled_mlp,GuardedGram-G2-g0p0-t01,0,regression,512,5151.758159917111,5151.758159917111,5151.758159917111,5151.758159917111,0.0,0.0,0.0,True
general,OnlineNewsPopularity,controlled_mlp,SafeGram-t01,0,regression,512,5151.758159917111,5151.758159917111,5151.758159917111,5151.758159917111,0.0,0.0,0.0,True
general,OnlineNewsPopularity,controlled_mlp,SafeRankGram-t01,0,regression,512,5151.758159917111,5151.758159917111,5151.758159917111,5151.758159917111,0.0,0.0,0.0,True
general,OnlineNewsPopularity,controlled_mlp,BlockGuard-Greedy-t01,0,regression,512,5151.758159917111,5151.758159917111,5396.224620335829,5396.224620335829,0.0,0.0,0.0,True
general,OnlineNewsPopularity,controlled_mlp,Raw,1,regression,512,5161.020707519959,5161.020707519959,5161.020707519959,5161.020707519959,0.0,0.0,0.0,True
general,OnlineNewsPopularity,controlled_mlp,Raw+Gram@0.5,1,regression,512,5161.020707519959,5161.020707519959,5243.9217911771,5243.9217911771,0.0,0.0,0.0,True
general,OnlineNewsPopularity,controlled_mlp,Raw+Gram@0.75,1,regression,512,5161.020707519959,5161.020707519959,5323.133145672038,5323.133145672038,0.0,0.0,0.0,True
general,OnlineNewsPopularity,controlled_mlp,PureGram,1,regression,512,5161.020707519959,5161.020707519959,5426.16537786971,5426.16537786971,0.0,0.0,0.0,True
general,OnlineNewsPopularity,controlled_mlp,GuardedGram-G2-g0p0-t01,1,regression,512,5161.020707519959,5161.020707519959,5189.622192826875,5189.622192826875,0.0,0.0,0.0,True
general,OnlineNewsPopularity,controlled_mlp,SafeGram-t01,1,regression,512,5161.020707519959,5161.020707519959,5161.020707519959,5161.020707519959,0.0,0.0,0.0,True
general,OnlineNewsPopularity,controlled_mlp,SafeRankGram-t01,1,regression,512,5161.020707519959,5161.020707519959,5161.020707519959,5161.020707519959,0.0,0.0,0.0,True
general,OnlineNewsPopularity,controlled_mlp,BlockGuard-Greedy-t01,1,regression,512,5161.020707519959,5161.020707519959,5420.184243158586,5420.184243158586,0.0,0.0,0.0,True
general,OnlineNewsPopularity,controlled_mlp,Raw,2,regression,512,5199.40844623241,5199.40844623241,5199.40844623241,5199.40844623241,0.0,0.0,0.0,True
general,OnlineNewsPopularity,controlled_mlp,Raw+Gram@0.5,2,regression,512,5199.40844623241,5199.40844623241,5177.10244286607,5177.10244286607,0.0,0.0,0.0,True
general,OnlineNewsPopularity,controlled_mlp,Raw+Gram@0.75,2,regression,512,5199.40844623241,5199.40844623241,5230.361693072538,5230.361693072538,0.0,0.0,0.0,True
general,OnlineNewsPopularity,controlled_mlp,PureGram,2,regression,512,5199.40844623241,5199.40844623241,5325.190997828433,5325.190997828433,0.0,0.0,0.0,True
general,OnlineNewsPopularity,controlled_mlp,GuardedGram-G2-g0p0-t01,2,regression,512,5199.40844623241,5199.40844623241,5177.10244286607,5177.10244286607,0.0,0.0,0.0,True
general,OnlineNewsPopularity,controlled_mlp,SafeGram-t01,2,regression,512,5199.40844623241,5199.40844623241,5199.40844623241,5199.40844623241,0.0,0.0,0.0,True
general,OnlineNewsPopularity,controlled_mlp,SafeRankGram-t01,2,regression,512,5199.40844623241,5199.40844623241,5199.40844623241,5199.40844623241,0.0,0.0,0.0,True
general,OnlineNewsPopularity,controlled_mlp,BlockGuard-Greedy-t01,2,regression,512,5199.40844623241,5199.40844623241,5189.85864905803,5189.85864905803,0.0,0.0,0.0,True
general,OnlineNewsPopularity,tabm_d,Raw,0,regression,512,5184.110186614425,5184.110186614425,5184.110186614425,5184.110186614425,0.0,0.0,0.0,True
general,OnlineNewsPopularity,tabm_d,Raw+Gram@0.5,0,regression,512,5184.110186614425,5184.110186614425,5171.766607844079,5171.766607844079,0.0,0.0,0.0,True
general,OnlineNewsPopularity,tabm_d,Raw+Gram@0.75,0,regression,512,5184.110186614425,5184.110186614425,5168.392166996062,5168.392166996062,0.0,0.0,0.0,True
general,OnlineNewsPopularity,tabm_d,PureGram,0,regression,512,5184.110186614425,5184.110186614425,5166.888170063393,5166.888170063393,0.0,0.0,0.0,True
general,OnlineNewsPopularity,tabm_d,GuardedGram-G2-g0p0-t01,0,regression,512,5184.110186614425,5184.110186614425,5168.392166996062,5168.392166996062,0.0,0.0,0.0,True
general,OnlineNewsPopularity,tabm_d,SafeGram-t01,0,regression,512,5184.110186614425,5184.110186614425,5184.110186614425,5184.110186614425,0.0,0.0,0.0,True
general,OnlineNewsPopularity,tabm_d,SafeRankGram-t01,0,regression,512,5184.110186614425,5184.110186614425,5184.110186614425,5184.110186614425,0.0,0.0,0.0,True
general,OnlineNewsPopularity,tabm_d,BlockGuard-Greedy-t01,0,regression,512,5184.110186614425,5184.110186614425,5166.888170063393,5166.888170063393,0.0,0.0,0.0,True
general,OnlineNewsPopularity,tabm_d,Raw,1,regression,512,5185.750639694575,5185.750639694575,5185.750639694575,5185.750639694575,0.0,0.0,0.0,True
general,OnlineNewsPopularity,tabm_d,Raw+Gram@0.5,1,regression,512,5185.750639694575,5185.750639694575,5171.079323355288,5171.079323355288,0.0,0.0,0.0,True
general,OnlineNewsPopularity,tabm_d,Raw+Gram@0.75,1,regression,512,5185.750639694575,5185.750639694575,5167.210771903969,5167.210771903969,0.0,0.0,0.0,True
general,OnlineNewsPopularity,tabm_d,PureGram,1,regression,512,5185.750639694575,5185.750639694575,5165.661583209531,5165.661583209531,0.0,0.0,0.0,True
general,OnlineNewsPopularity,tabm_d,GuardedGram-G2-g0p0-t01,1,regression,512,5185.750639694575,5185.750639694575,5167.210771903969,5167.210771903969,0.0,0.0,0.0,True
general,OnlineNewsPopularity,tabm_d,SafeGram-t01,1,regression,512,5185.750639694575,5185.750639694575,5185.750639694575,5185.750639694575,0.0,0.0,0.0,True
general,OnlineNewsPopularity,tabm_d,SafeRankGram-t01,1,regression,512,5185.750639694575,5185.750639694575,5185.750639694575,5185.750639694575,0.0,0.0,0.0,True
general,OnlineNewsPopularity,tabm_d,BlockGuard-Greedy-t01,1,regression,512,5185.750639694575,5185.750639694575,5165.661583209531,5165.661583209531,0.0,0.0,0.0,True
general,OnlineNewsPopularity,tabm_d,Raw,2,regression,512,5176.01989089174,5176.01989089174,5176.01989089174,5176.01989089174,0.0,0.0,0.0,True
general,OnlineNewsPopularity,tabm_d,Raw+Gram@0.5,2,regression,512,5176.01989089174,5176.01989089174,5159.403313920754,5159.403313920754,0.0,0.0,0.0,True
general,OnlineNewsPopularity,tabm_d,Raw+Gram@0.75,2,regression,512,5176.01989089174,5176.01989089174,5156.925900147857,5156.925900147857,0.0,0.0,0.0,True
general,OnlineNewsPopularity,tabm_d,PureGram,2,regression,512,5176.01989089174,5176.01989089174,5158.346133327829,5158.346133327829,0.0,0.0,0.0,True
general,OnlineNewsPopularity,tabm_d,GuardedGram-G2-g0p0-t01,2,regression,512,5176.01989089174,5176.01989089174,5156.925900147857,5156.925900147857,0.0,0.0,0.0,True
general,OnlineNewsPopularity,tabm_d,SafeGram-t01,2,regression,512,5176.01989089174,5176.01989089174,5176.01989089174,5176.01989089174,0.0,0.0,0.0,True
general,OnlineNewsPopularity,tabm_d,SafeRankGram-t01,2,regression,512,5176.01989089174,5176.01989089174,5176.01989089174,5176.01989089174,0.0,0.0,0.0,True
general,OnlineNewsPopularity,tabm_d,BlockGuard-Greedy-t01,2,regression,512,5176.01989089174,5176.01989089174,5158.346133327829,5158.346133327829,0.0,0.0,0.0,True
general,OnlineNewsPopularity,catboost,Raw,0,regression,512,5254.3235099848525,5254.3235099848525,5254.3235099848525,5254.3235099848525,0.0,0.0,0.0,True
general,OnlineNewsPopularity,catboost,Raw+Gram@0.5,0,regression,512,5254.3235099848525,5254.3235099848525,5255.396545961805,5255.396545961805,0.0,0.0,0.0,True
general,OnlineNewsPopularity,catboost,Raw+Gram@0.75,0,regression,512,5254.3235099848525,5254.3235099848525,5256.898697750366,5256.898697750366,0.0,0.0,0.0,True
general,OnlineNewsPopularity,catboost,PureGram,0,regression,512,5254.3235099848525,5254.3235099848525,5259.043948698025,5259.043948698025,0.0,0.0,0.0,True
general,OnlineNewsPopularity,catboost,GuardedGram-G2-g0p0-t01,0,regression,512,5254.3235099848525,5254.3235099848525,5256.898697750366,5256.898697750366,0.0,0.0,0.0,True
general,OnlineNewsPopularity,catboost,SafeGram-t01,0,regression,512,5254.3235099848525,5254.3235099848525,5254.3235099848525,5254.3235099848525,0.0,0.0,0.0,True
general,OnlineNewsPopularity,catboost,SafeRankGram-t01,0,regression,512,5254.3235099848525,5254.3235099848525,5254.3235099848525,5254.3235099848525,0.0,0.0,0.0,True
general,OnlineNewsPopularity,catboost,BlockGuard-Greedy-t01,0,regression,512,5254.3235099848525,5254.3235099848525,5254.3235099848525,5254.3235099848525,0.0,0.0,0.0,True
general,OnlineNewsPopularity,catboost,Raw,1,regression,512,5244.701418429609,5244.701418429609,5244.701418429609,5244.701418429609,0.0,0.0,0.0,True
general,OnlineNewsPopularity,catboost,Raw+Gram@0.5,1,regression,512,5244.701418429609,5244.701418429609,5247.989531564997,5247.989531564997,0.0,0.0,0.0,True
general,OnlineNewsPopularity,catboost,Raw+Gram@0.75,1,regression,512,5244.701418429609,5244.701418429609,5250.599878357612,5250.599878357612,0.0,0.0,0.0,True
general,OnlineNewsPopularity,catboost,PureGram,1,regression,512,5244.701418429609,5244.701418429609,5253.853217365155,5253.853217365155,0.0,0.0,0.0,True
general,OnlineNewsPopularity,catboost,GuardedGram-G2-g0p0-t01,1,regression,512,5244.701418429609,5244.701418429609,5250.599878357612,5250.599878357612,0.0,0.0,0.0,True
general,OnlineNewsPopularity,catboost,SafeGram-t01,1,regression,512,5244.701418429609,5244.701418429609,5244.701418429609,5244.701418429609,0.0,0.0,0.0,True
general,OnlineNewsPopularity,catboost,SafeRankGram-t01,1,regression,512,5244.701418429609,5244.701418429609,5244.701418429609,5244.701418429609,0.0,0.0,0.0,True
general,OnlineNewsPopularity,catboost,BlockGuard-Greedy-t01,1,regression,512,5244.701418429609,5244.701418429609,5254.073517473051,5254.073517473051,0.0,0.0,0.0,True
general,OnlineNewsPopularity,catboost,Raw,2,regression,512,5258.751483259394,5258.751483259394,5258.751483259394,5258.751483259394,0.0,0.0,0.0,True
general,OnlineNewsPopularity,catboost,Raw+Gram@0.5,2,regression,512,5258.751483259394,5258.751483259394,5250.8499943000015,5250.8499943000015,0.0,0.0,0.0,True
general,OnlineNewsPopularity,catboost,Raw+Gram@0.75,2,regression,512,5258.751483259394,5258.751483259394,5248.375740545727,5248.375740545727,0.0,0.0,0.0,True
general,OnlineNewsPopularity,catboost,PureGram,2,regression,512,5258.751483259394,5258.751483259394,5246.887855304712,5246.887855304712,0.0,0.0,0.0,True
general,OnlineNewsPopularity,catboost,GuardedGram-G2-g0p0-t01,2,regression,512,5258.751483259394,5258.751483259394,5248.375740545727,5248.375740545727,0.0,0.0,0.0,True
general,OnlineNewsPopularity,catboost,SafeGram-t01,2,regression,512,5258.751483259394,5258.751483259394,5250.8499943000015,5250.8499943000015,0.0,0.0,0.0,True
general,OnlineNewsPopularity,catboost,SafeRankGram-t01,2,regression,512,5258.751483259394,5258.751483259394,5258.751483259394,5258.751483259394,0.0,0.0,0.0,True
general,OnlineNewsPopularity,catboost,BlockGuard-Greedy-t01,2,regression,512,5258.751483259394,5258.751483259394,5182.087209007452,5182.087209007452,0.0,0.0,0.0,True
general,OnlineNewsPopularity,tabicl_v2,Raw,0,regression,512,5203.2604179528935,5203.2604179528935,5203.2604179528935,5203.2604179528935,0.0,0.0,0.0,True
general,OnlineNewsPopularity,tabicl_v2,Raw+Gram@0.5,0,regression,512,5203.2604179528935,5203.2604179528935,5265.216198041203,5265.216198041203,0.0,0.0,0.0,True
general,OnlineNewsPopularity,tabicl_v2,Raw+Gram@0.75,0,regression,512,5203.2604179528935,5203.2604179528935,5354.421979026617,5354.421979026617,0.0,0.0,0.0,True
general,OnlineNewsPopularity,tabicl_v2,PureGram,0,regression,512,5203.2604179528935,5203.2604179528935,5480.1942526461935,5480.1942526461935,0.0,0.0,0.0,True
general,OnlineNewsPopularity,tabicl_v2,GuardedGram-G2-g0p0-t01,0,regression,512,5203.2604179528935,5203.2604179528935,5203.2604179528935,5203.2604179528935,0.0,0.0,0.0,True
general,OnlineNewsPopularity,tabicl_v2,SafeGram-t01,0,regression,512,5203.2604179528935,5203.2604179528935,5203.2604179528935,5203.2604179528935,0.0,0.0,0.0,True
general,OnlineNewsPopularity,tabicl_v2,SafeRankGram-t01,0,regression,512,5203.2604179528935,5203.2604179528935,5203.2604179528935,5203.2604179528935,0.0,0.0,0.0,True
general,OnlineNewsPopularity,tabicl_v2,BlockGuard-Greedy-t01,0,regression,512,5203.2604179528935,5203.2604179528935,5194.308090018732,5194.308090018732,0.0,0.0,0.0,True
general,OnlineNewsPopularity,tabicl_v2,Raw,1,regression,512,5203.2604179528935,5203.2604179528935,5203.2604179528935,5203.2604179528935,0.0,0.0,0.0,True
general,OnlineNewsPopularity,tabicl_v2,Raw+Gram@0.5,1,regression,512,5203.2604179528935,5203.2604179528935,5265.216198041203,5265.216198041203,0.0,0.0,0.0,True
general,OnlineNewsPopularity,tabicl_v2,Raw+Gram@0.75,1,regression,512,5203.2604179528935,5203.2604179528935,5354.421979026617,5354.421979026617,0.0,0.0,0.0,True
general,OnlineNewsPopularity,tabicl_v2,PureGram,1,regression,512,5203.2604179528935,5203.2604179528935,5480.1942526461935,5480.1942526461935,0.0,0.0,0.0,True
general,OnlineNewsPopularity,tabicl_v2,GuardedGram-G2-g0p0-t01,1,regression,512,5203.2604179528935,5203.2604179528935,5203.2604179528935,5203.2604179528935,0.0,0.0,0.0,True
general,OnlineNewsPopularity,tabicl_v2,SafeGram-t01,1,regression,512,5203.2604179528935,5203.2604179528935,5203.2604179528935,5203.2604179528935,0.0,0.0,0.0,True
general,OnlineNewsPopularity,tabicl_v2,SafeRankGram-t01,1,regression,512,5203.2604179528935,5203.2604179528935,5203.2604179528935,5203.2604179528935,0.0,0.0,0.0,True
general,OnlineNewsPopularity,tabicl_v2,BlockGuard-Greedy-t01,1,regression,512,5203.2604179528935,5203.2604179528935,5194.308090018732,5194.308090018732,0.0,0.0,0.0,True
general,OnlineNewsPopularity,tabicl_v2,Raw,2,regression,512,5203.2604179528935,5203.2604179528935,5203.2604179528935,5203.2604179528935,0.0,0.0,0.0,True
general,OnlineNewsPopularity,tabicl_v2,Raw+Gram@0.5,2,regression,512,5203.2604179528935,5203.2604179528935,5265.216198041203,5265.216198041203,0.0,0.0,0.0,True
general,OnlineNewsPopularity,tabicl_v2,Raw+Gram@0.75,2,regression,512,5203.2604179528935,5203.2604179528935,5354.421979026617,5354.421979026617,0.0,0.0,0.0,True
general,OnlineNewsPopularity,tabicl_v2,PureGram,2,regression,512,5203.2604179528935,5203.2604179528935,5480.1942526461935,5480.1942526461935,0.0,0.0,0.0,True
general,OnlineNewsPopularity,tabicl_v2,GuardedGram-G2-g0p0-t01,2,regression,512,5203.2604179528935,5203.2604179528935,5203.2604179528935,5203.2604179528935,0.0,0.0,0.0,True
general,OnlineNewsPopularity,tabicl_v2,SafeGram-t01,2,regression,512,5203.2604179528935,5203.2604179528935,5203.2604179528935,5203.2604179528935,0.0,0.0,0.0,True
general,OnlineNewsPopularity,tabicl_v2,SafeRankGram-t01,2,regression,512,5203.2604179528935,5203.2604179528935,5203.2604179528935,5203.2604179528935,0.0,0.0,0.0,True
general,OnlineNewsPopularity,tabicl_v2,BlockGuard-Greedy-t01,2,regression,512,5203.2604179528935,5203.2604179528935,5194.308090018732,5194.308090018732,0.0,0.0,0.0,True
general,OnlineNewsPopularity,tabpfn_2_6,Raw,0,regression,512,5169.119777477366,5169.119777477366,5169.119777477366,5169.119777477366,0.0,0.0,0.0,True
general,OnlineNewsPopularity,tabpfn_2_6,Raw+Gram@0.5,0,regression,512,5169.119777477366,5169.119777477366,5141.1549083767795,5141.1549083767795,0.0,0.0,0.0,True
general,OnlineNewsPopularity,tabpfn_2_6,Raw+Gram@0.75,0,regression,512,5169.119777477366,5169.119777477366,5131.765746461739,5131.765746461739,0.0,0.0,0.0,True
general,OnlineNewsPopularity,tabpfn_2_6,PureGram,0,regression,512,5169.119777477366,5169.119777477366,5125.46303387352,5125.46303387352,0.0,0.0,0.0,True
general,OnlineNewsPopularity,tabpfn_2_6,GuardedGram-G2-g0p0-t01,0,regression,512,5169.119777477366,5169.119777477366,5131.765746461739,5131.765746461739,0.0,0.0,0.0,True
general,OnlineNewsPopularity,tabpfn_2_6,SafeGram-t01,0,regression,512,5169.119777477366,5169.119777477366,5153.613650411706,5153.613650411706,0.0,0.0,0.0,True
general,OnlineNewsPopularity,tabpfn_2_6,SafeRankGram-t01,0,regression,512,5169.119777477366,5169.119777477366,5169.119777477366,5169.119777477366,0.0,0.0,0.0,True
general,OnlineNewsPopularity,tabpfn_2_6,BlockGuard-Greedy-t01,0,regression,512,5169.119777477366,5169.119777477366,5149.754010125754,5149.754010125754,0.0,0.0,0.0,True
general,OnlineNewsPopularity,tabpfn_2_6,Raw,1,regression,512,5125.657511264862,5125.657511264862,5125.657511264862,5125.657511264862,0.0,0.0,0.0,True
general,OnlineNewsPopularity,tabpfn_2_6,Raw+Gram@0.5,1,regression,512,5125.657511264862,5125.657511264862,5138.936541571751,5138.936541571751,0.0,0.0,0.0,True
general,OnlineNewsPopularity,tabpfn_2_6,Raw+Gram@0.75,1,regression,512,5125.657511264862,5125.657511264862,5151.268370740405,5151.268370740405,0.0,0.0,0.0,True
general,OnlineNewsPopularity,tabpfn_2_6,PureGram,1,regression,512,5125.657511264862,5125.657511264862,5167.361637305873,5167.361637305873,0.0,0.0,0.0,True
general,OnlineNewsPopularity,tabpfn_2_6,GuardedGram-G2-g0p0-t01,1,regression,512,5125.657511264862,5125.657511264862,5125.657511264862,5125.657511264862,0.0,0.0,0.0,True
general,OnlineNewsPopularity,tabpfn_2_6,SafeGram-t01,1,regression,512,5125.657511264862,5125.657511264862,5125.657511264862,5125.657511264862,0.0,0.0,0.0,True
general,OnlineNewsPopularity,tabpfn_2_6,SafeRankGram-t01,1,regression,512,5125.657511264862,5125.657511264862,5125.657511264862,5125.657511264862,0.0,0.0,0.0,True
general,OnlineNewsPopularity,tabpfn_2_6,BlockGuard-Greedy-t01,1,regression,512,5125.657511264862,5125.657511264862,5195.039336210739,5195.039336210739,0.0,0.0,0.0,True
general,OnlineNewsPopularity,tabpfn_2_6,Raw,2,regression,512,5141.93625595835,5141.93625595835,5141.93625595835,5141.93625595835,0.0,0.0,0.0,True
general,OnlineNewsPopularity,tabpfn_2_6,Raw+Gram@0.5,2,regression,512,5141.93625595835,5141.93625595835,5131.090303066293,5131.090303066293,0.0,0.0,0.0,True
general,OnlineNewsPopularity,tabpfn_2_6,Raw+Gram@0.75,2,regression,512,5141.93625595835,5141.93625595835,5127.746430951989,5127.746430951989,0.0,0.0,0.0,True
general,OnlineNewsPopularity,tabpfn_2_6,PureGram,2,regression,512,5141.93625595835,5141.93625595835,5125.792620078065,5125.792620078065,0.0,0.0,0.0,True
general,OnlineNewsPopularity,tabpfn_2_6,GuardedGram-G2-g0p0-t01,2,regression,512,5141.93625595835,5141.93625595835,5127.746430951989,5127.746430951989,0.0,0.0,0.0,True
general,OnlineNewsPopularity,tabpfn_2_6,SafeGram-t01,2,regression,512,5141.93625595835,5141.93625595835,5135.821521264828,5135.821521264828,0.0,0.0,0.0,True
general,OnlineNewsPopularity,tabpfn_2_6,SafeRankGram-t01,2,regression,512,5141.93625595835,5141.93625595835,5141.93625595835,5141.93625595835,0.0,0.0,0.0,True
general,OnlineNewsPopularity,tabpfn_2_6,BlockGuard-Greedy-t01,2,regression,512,5141.93625595835,5141.93625595835,5141.93625595835,5141.93625595835,0.0,0.0,0.0,True
general,SoilKsatDB,controlled_mlp,Raw,0,regression,512,988.8968224430688,988.8968224430688,988.8968224430688,988.8968224430688,0.0,0.0,0.0,True
general,SoilKsatDB,controlled_mlp,Raw+Gram@0.5,0,regression,512,988.8968224430688,988.8968224430688,969.8447904521875,969.8447904521875,0.0,0.0,0.0,True
general,SoilKsatDB,controlled_mlp,Raw+Gram@0.75,0,regression,512,988.8968224430688,988.8968224430688,969.2389339466874,969.2389339466874,0.0,0.0,0.0,True
general,SoilKsatDB,controlled_mlp,PureGram,0,regression,512,988.8968224430688,988.8968224430688,974.6309230779627,974.6309230779627,0.0,0.0,0.0,True
general,SoilKsatDB,controlled_mlp,GuardedGram-G2-g0p0-t01,0,regression,512,988.8968224430688,988.8968224430688,969.2389339466874,969.2389339466874,0.0,0.0,0.0,True
general,SoilKsatDB,controlled_mlp,SafeGram-t01,0,regression,512,988.8968224430688,988.8968224430688,969.8447904521875,969.8447904521875,0.0,0.0,0.0,True
general,SoilKsatDB,controlled_mlp,SafeRankGram-t01,0,regression,512,988.8968224430688,988.8968224430688,988.8968224430688,988.8968224430688,0.0,0.0,0.0,True
general,SoilKsatDB,controlled_mlp,BlockGuard-Greedy-t01,0,regression,512,988.8968224430688,988.8968224430688,974.6309230779627,974.6309230779627,0.0,0.0,0.0,True
general,SoilKsatDB,controlled_mlp,Raw,1,regression,512,993.8988251790408,993.8988251790408,993.8988251790408,993.8988251790408,0.0,0.0,0.0,True
general,SoilKsatDB,controlled_mlp,Raw+Gram@0.5,1,regression,512,993.8988251790408,993.8988251790408,964.5707547540655,964.5707547540655,0.0,0.0,0.0,True
general,SoilKsatDB,controlled_mlp,Raw+Gram@0.75,1,regression,512,993.8988251790408,993.8988251790408,959.1964200090047,959.1964200090047,0.0,0.0,0.0,True
general,SoilKsatDB,controlled_mlp,PureGram,1,regression,512,993.8988251790408,993.8988251790408,960.1938357081932,960.1938357081932,0.0,0.0,0.0,True
general,SoilKsatDB,controlled_mlp,GuardedGram-G2-g0p0-t01,1,regression,512,993.8988251790408,993.8988251790408,959.1964200090047,959.1964200090047,0.0,0.0,0.0,True
general,SoilKsatDB,controlled_mlp,SafeGram-t01,1,regression,512,993.8988251790408,993.8988251790408,976.2116104811615,976.2116104811615,0.0,0.0,0.0,True
general,SoilKsatDB,controlled_mlp,SafeRankGram-t01,1,regression,512,993.8988251790408,993.8988251790408,993.8988251790408,993.8988251790408,0.0,0.0,0.0,True
general,SoilKsatDB,controlled_mlp,BlockGuard-Greedy-t01,1,regression,512,993.8988251790408,993.8988251790408,960.1938357081932,960.1938357081932,0.0,0.0,0.0,True
general,SoilKsatDB,controlled_mlp,Raw,2,regression,512,992.1004824370059,992.1004824370059,992.1004824370059,992.1004824370059,0.0,0.0,0.0,True
general,SoilKsatDB,controlled_mlp,Raw+Gram@0.5,2,regression,512,992.1004824370059,992.1004824370059,966.634236567879,966.634236567879,0.0,0.0,0.0,True
general,SoilKsatDB,controlled_mlp,Raw+Gram@0.75,2,regression,512,992.1004824370059,992.1004824370059,961.5469893679546,961.5469893679546,0.0,0.0,0.0,True
general,SoilKsatDB,controlled_mlp,PureGram,2,regression,512,992.1004824370059,992.1004824370059,961.6918746877571,961.6918746877571,0.0,0.0,0.0,True
general,SoilKsatDB,controlled_mlp,GuardedGram-G2-g0p0-t01,2,regression,512,992.1004824370059,992.1004824370059,961.5469893679546,961.5469893679546,0.0,0.0,0.0,True
general,SoilKsatDB,controlled_mlp,SafeGram-t01,2,regression,512,992.1004824370059,992.1004824370059,961.5469893679546,961.5469893679546,0.0,0.0,0.0,True
general,SoilKsatDB,controlled_mlp,SafeRankGram-t01,2,regression,512,992.1004824370059,992.1004824370059,992.1004824370059,992.1004824370059,0.0,0.0,0.0,True
general,SoilKsatDB,controlled_mlp,BlockGuard-Greedy-t01,2,regression,512,992.1004824370059,992.1004824370059,961.6918746877571,961.6918746877571,0.0,0.0,0.0,True
general,SoilKsatDB,tabm_d,Raw,0,regression,512,932.0640981421395,932.0640981421395,932.0640981421395,932.0640981421395,0.0,0.0,0.0,True
general,SoilKsatDB,tabm_d,Raw+Gram@0.5,0,regression,512,932.0640981421395,932.0640981421395,929.3270526803739,929.3270526803739,0.0,0.0,0.0,True
general,SoilKsatDB,tabm_d,Raw+Gram@0.75,0,regression,512,932.0640981421395,932.0640981421395,934.382218939411,934.382218939411,0.0,0.0,0.0,True
general,SoilKsatDB,tabm_d,PureGram,0,regression,512,932.0640981421395,932.0640981421395,943.6475165627393,943.6475165627393,0.0,0.0,0.0,True
general,SoilKsatDB,tabm_d,GuardedGram-G2-g0p0-t01,0,regression,512,932.0640981421395,932.0640981421395,929.3270526803739,929.3270526803739,0.0,0.0,0.0,True
general,SoilKsatDB,tabm_d,SafeGram-t01,0,regression,512,932.0640981421395,932.0640981421395,932.0640981421395,932.0640981421395,0.0,0.0,0.0,True
general,SoilKsatDB,tabm_d,SafeRankGram-t01,0,regression,512,932.0640981421395,932.0640981421395,932.0640981421395,932.0640981421395,0.0,0.0,0.0,True
general,SoilKsatDB,tabm_d,BlockGuard-Greedy-t01,0,regression,512,932.0640981421395,932.0640981421395,932.0640981421395,932.0640981421395,0.0,0.0,0.0,True
general,SoilKsatDB,tabm_d,Raw,1,regression,512,935.8067343602561,935.8067343602561,935.8067343602561,935.8067343602561,0.0,0.0,0.0,True
general,SoilKsatDB,tabm_d,Raw+Gram@0.5,1,regression,512,935.8067343602561,935.8067343602561,926.4229825963912,926.4229825963912,0.0,0.0,0.0,True
general,SoilKsatDB,tabm_d,Raw+Gram@0.75,1,regression,512,935.8067343602561,935.8067343602561,927.8409069185253,927.8409069185253,0.0,0.0,0.0,True
general,SoilKsatDB,tabm_d,PureGram,1,regression,512,935.8067343602561,935.8067343602561,933.3250552707383,933.3250552707383,0.0,0.0,0.0,True
general,SoilKsatDB,tabm_d,GuardedGram-G2-g0p0-t01,1,regression,512,935.8067343602561,935.8067343602561,927.8409069185253,927.8409069185253,0.0,0.0,0.0,True
general,SoilKsatDB,tabm_d,SafeGram-t01,1,regression,512,935.8067343602561,935.8067343602561,935.8067343602561,935.8067343602561,0.0,0.0,0.0,True
general,SoilKsatDB,tabm_d,SafeRankGram-t01,1,regression,512,935.8067343602561,935.8067343602561,935.8067343602561,935.8067343602561,0.0,0.0,0.0,True
general,SoilKsatDB,tabm_d,BlockGuard-Greedy-t01,1,regression,512,935.8067343602561,935.8067343602561,935.8067343602561,935.8067343602561,0.0,0.0,0.0,True
general,SoilKsatDB,tabm_d,Raw,2,regression,512,936.8215546490388,936.8215546490388,936.8215546490388,936.8215546490388,0.0,0.0,0.0,True
general,SoilKsatDB,tabm_d,Raw+Gram@0.5,2,regression,512,936.8215546490388,936.8215546490388,933.5103059602253,933.5103059602253,0.0,0.0,0.0,True
general,SoilKsatDB,tabm_d,Raw+Gram@0.75,2,regression,512,936.8215546490388,936.8215546490388,938.6252269099097,938.6252269099097,0.0,0.0,0.0,True
general,SoilKsatDB,tabm_d,PureGram,2,regression,512,936.8215546490388,936.8215546490388,948.1779386424529,948.1779386424529,0.0,0.0,0.0,True
general,SoilKsatDB,tabm_d,GuardedGram-G2-g0p0-t01,2,regression,512,936.8215546490388,936.8215546490388,932.9061729643955,932.9061729643955,0.0,0.0,0.0,True
general,SoilKsatDB,tabm_d,SafeGram-t01,2,regression,512,936.8215546490388,936.8215546490388,936.8215546490388,936.8215546490388,0.0,0.0,0.0,True
general,SoilKsatDB,tabm_d,SafeRankGram-t01,2,regression,512,936.8215546490388,936.8215546490388,936.8215546490388,936.8215546490388,0.0,0.0,0.0,True
general,SoilKsatDB,tabm_d,BlockGuard-Greedy-t01,2,regression,512,936.8215546490388,936.8215546490388,936.8215546490388,936.8215546490388,0.0,0.0,0.0,True
general,SoilKsatDB,catboost,Raw,0,regression,512,969.3849848550296,969.3849848550296,969.3849848550296,969.3849848550296,0.0,0.0,0.0,True
general,SoilKsatDB,catboost,Raw+Gram@0.5,0,regression,512,969.3849848550296,969.3849848550296,965.9381023686057,965.9381023686057,0.0,0.0,0.0,True
general,SoilKsatDB,catboost,Raw+Gram@0.75,0,regression,512,969.3849848550296,969.3849848550296,966.240761937906,966.240761937906,0.0,0.0,0.0,True
general,SoilKsatDB,catboost,PureGram,0,regression,512,969.3849848550296,969.3849848550296,967.8943508910413,967.8943508910413,0.0,0.0,0.0,True
general,SoilKsatDB,catboost,GuardedGram-G2-g0p0-t01,0,regression,512,969.3849848550296,969.3849848550296,966.240761937906,966.240761937906,0.0,0.0,0.0,True
general,SoilKsatDB,catboost,SafeGram-t01,0,regression,512,969.3849848550296,969.3849848550296,967.8943508910413,967.8943508910413,0.0,0.0,0.0,True
general,SoilKsatDB,catboost,SafeRankGram-t01,0,regression,512,969.3849848550296,969.3849848550296,969.3849848550296,969.3849848550296,0.0,0.0,0.0,True
general,SoilKsatDB,catboost,BlockGuard-Greedy-t01,0,regression,512,969.3849848550296,969.3849848550296,969.3849848550296,969.3849848550296,0.0,0.0,0.0,True
general,SoilKsatDB,catboost,Raw,1,regression,512,980.5221508789386,980.5221508789386,980.5221508789386,980.5221508789386,0.0,0.0,0.0,True
general,SoilKsatDB,catboost,Raw+Gram@0.5,1,regression,512,980.5221508789386,980.5221508789386,967.7381034906105,967.7381034906105,0.0,0.0,0.0,True
general,SoilKsatDB,catboost,Raw+Gram@0.75,1,regression,512,980.5221508789386,980.5221508789386,963.1897885559545,963.1897885559545,0.0,0.0,0.0,True
general,SoilKsatDB,catboost,PureGram,1,regression,512,980.5221508789386,980.5221508789386,959.8954833567998,959.8954833567998,0.0,0.0,0.0,True
general,SoilKsatDB,catboost,GuardedGram-G2-g0p0-t01,1,regression,512,980.5221508789386,980.5221508789386,963.1897885559545,963.1897885559545,0.0,0.0,0.0,True
general,SoilKsatDB,catboost,SafeGram-t01,1,regression,512,980.5221508789386,980.5221508789386,959.8954833567998,959.8954833567998,0.0,0.0,0.0,True
general,SoilKsatDB,catboost,SafeRankGram-t01,1,regression,512,980.5221508789386,980.5221508789386,980.5221508789386,980.5221508789386,0.0,0.0,0.0,True
general,SoilKsatDB,catboost,BlockGuard-Greedy-t01,1,regression,512,980.5221508789386,980.5221508789386,980.5221508789386,980.5221508789386,0.0,0.0,0.0,True
general,SoilKsatDB,catboost,Raw,2,regression,512,971.4364931778739,971.4364931778739,971.4364931778739,971.4364931778739,0.0,0.0,0.0,True
general,SoilKsatDB,catboost,Raw+Gram@0.5,2,regression,512,971.4364931778739,971.4364931778739,965.3779707322061,965.3779707322061,0.0,0.0,0.0,True
general,SoilKsatDB,catboost,Raw+Gram@0.75,2,regression,512,971.4364931778739,971.4364931778739,963.9668386722641,963.9668386722641,0.0,0.0,0.0,True
general,SoilKsatDB,catboost,PureGram,2,regression,512,971.4364931778739,971.4364931778739,963.6419858201011,963.6419858201011,0.0,0.0,0.0,True
general,SoilKsatDB,catboost,GuardedGram-G2-g0p0-t01,2,regression,512,971.4364931778739,971.4364931778739,963.9668386722641,963.9668386722641,0.0,0.0,0.0,True
general,SoilKsatDB,catboost,SafeGram-t01,2,regression,512,971.4364931778739,971.4364931778739,963.6419858201011,963.6419858201011,0.0,0.0,0.0,True
general,SoilKsatDB,catboost,SafeRankGram-t01,2,regression,512,971.4364931778739,971.4364931778739,971.4364931778739,971.4364931778739,0.0,0.0,0.0,True
general,SoilKsatDB,catboost,BlockGuard-Greedy-t01,2,regression,512,971.4364931778739,971.4364931778739,971.4364931778739,971.4364931778739,0.0,0.0,0.0,True
general,SoilKsatDB,tabicl_v2,Raw,0,regression,512,1029.1520642300172,1029.1520642300172,1029.1520642300172,1029.1520642300172,0.0,0.0,0.0,True
general,SoilKsatDB,tabicl_v2,Raw+Gram@0.5,0,regression,512,1029.1520642300172,1029.1520642300172,983.5739483131812,983.5739483131812,0.0,0.0,0.0,True
general,SoilKsatDB,tabicl_v2,Raw+Gram@0.75,0,regression,512,1029.1520642300172,1029.1520642300172,967.346788163073,967.346788163073,0.0,0.0,0.0,True
general,SoilKsatDB,tabicl_v2,PureGram,0,regression,512,1029.1520642300172,1029.1520642300172,955.8113776720332,955.8113776720332,0.0,0.0,0.0,True
general,SoilKsatDB,tabicl_v2,GuardedGram-G2-g0p0-t01,0,regression,512,1029.1520642300172,1029.1520642300172,967.346788163073,967.346788163073,0.0,0.0,0.0,True
general,SoilKsatDB,tabicl_v2,SafeGram-t01,0,regression,512,1029.1520642300172,1029.1520642300172,955.8113776720332,955.8113776720332,0.0,0.0,0.0,True
general,SoilKsatDB,tabicl_v2,SafeRankGram-t01,0,regression,512,1029.1520642300172,1029.1520642300172,1018.6368604723863,1018.6368604723863,0.0,0.0,0.0,True
general,SoilKsatDB,tabicl_v2,BlockGuard-Greedy-t01,0,regression,512,1029.1520642300172,1029.1520642300172,955.8113776720332,955.8113776720332,0.0,0.0,0.0,True
general,SoilKsatDB,tabicl_v2,Raw,1,regression,512,1029.1520642300172,1029.1520642300172,1029.1520642300172,1029.1520642300172,0.0,0.0,0.0,True
general,SoilKsatDB,tabicl_v2,Raw+Gram@0.5,1,regression,512,1029.1520642300172,1029.1520642300172,983.5739483131812,983.5739483131812,0.0,0.0,0.0,True
general,SoilKsatDB,tabicl_v2,Raw+Gram@0.75,1,regression,512,1029.1520642300172,1029.1520642300172,967.346788163073,967.346788163073,0.0,0.0,0.0,True
general,SoilKsatDB,tabicl_v2,PureGram,1,regression,512,1029.1520642300172,1029.1520642300172,955.8113776720332,955.8113776720332,0.0,0.0,0.0,True
general,SoilKsatDB,tabicl_v2,GuardedGram-G2-g0p0-t01,1,regression,512,1029.1520642300172,1029.1520642300172,967.346788163073,967.346788163073,0.0,0.0,0.0,True
general,SoilKsatDB,tabicl_v2,SafeGram-t01,1,regression,512,1029.1520642300172,1029.1520642300172,955.8113776720332,955.8113776720332,0.0,0.0,0.0,True
general,SoilKsatDB,tabicl_v2,SafeRankGram-t01,1,regression,512,1029.1520642300172,1029.1520642300172,1018.6368604723863,1018.6368604723863,0.0,0.0,0.0,True
general,SoilKsatDB,tabicl_v2,BlockGuard-Greedy-t01,1,regression,512,1029.1520642300172,1029.1520642300172,955.8113776720332,955.8113776720332,0.0,0.0,0.0,True
general,SoilKsatDB,tabicl_v2,Raw,2,regression,512,1029.1520642300172,1029.1520642300172,1029.1520642300172,1029.1520642300172,0.0,0.0,0.0,True
general,SoilKsatDB,tabicl_v2,Raw+Gram@0.5,2,regression,512,1029.1520642300172,1029.1520642300172,983.5739483131812,983.5739483131812,0.0,0.0,0.0,True
general,SoilKsatDB,tabicl_v2,Raw+Gram@0.75,2,regression,512,1029.1520642300172,1029.1520642300172,967.346788163073,967.346788163073,0.0,0.0,0.0,True
general,SoilKsatDB,tabicl_v2,PureGram,2,regression,512,1029.1520642300172,1029.1520642300172,955.8113776720332,955.8113776720332,0.0,0.0,0.0,True
general,SoilKsatDB,tabicl_v2,GuardedGram-G2-g0p0-t01,2,regression,512,1029.1520642300172,1029.1520642300172,967.346788163073,967.346788163073,0.0,0.0,0.0,True
general,SoilKsatDB,tabicl_v2,SafeGram-t01,2,regression,512,1029.1520642300172,1029.1520642300172,955.8113776720332,955.8113776720332,0.0,0.0,0.0,True
general,SoilKsatDB,tabicl_v2,SafeRankGram-t01,2,regression,512,1029.1520642300172,1029.1520642300172,1018.6368604723863,1018.6368604723863,0.0,0.0,0.0,True
general,SoilKsatDB,tabicl_v2,BlockGuard-Greedy-t01,2,regression,512,1029.1520642300172,1029.1520642300172,955.8113776720332,955.8113776720332,0.0,0.0,0.0,True
general,SoilKsatDB,tabpfn_2_6,Raw,0,regression,512,992.364132509308,992.364132509308,992.364132509308,992.364132509308,0.0,0.0,0.0,True
general,SoilKsatDB,tabpfn_2_6,Raw+Gram@0.5,0,regression,512,992.364132509308,992.364132509308,950.6862333110757,950.6862333110757,0.0,0.0,0.0,True
general,SoilKsatDB,tabpfn_2_6,Raw+Gram@0.75,0,regression,512,992.364132509308,992.364132509308,943.0486695556199,943.0486695556199,0.0,0.0,0.0,True
general,SoilKsatDB,tabpfn_2_6,PureGram,0,regression,512,992.364132509308,992.364132509308,944.5787476352873,944.5787476352873,0.0,0.0,0.0,True
general,SoilKsatDB,tabpfn_2_6,GuardedGram-G2-g0p0-t01,0,regression,512,992.364132509308,992.364132509308,943.0486695556199,943.0486695556199,0.0,0.0,0.0,True
general,SoilKsatDB,tabpfn_2_6,SafeGram-t01,0,regression,512,992.364132509308,992.364132509308,944.5787476352873,944.5787476352873,0.0,0.0,0.0,True
general,SoilKsatDB,tabpfn_2_6,SafeRankGram-t01,0,regression,512,992.364132509308,992.364132509308,975.5612477798891,975.5612477798891,0.0,0.0,0.0,True
general,SoilKsatDB,tabpfn_2_6,BlockGuard-Greedy-t01,0,regression,512,992.364132509308,992.364132509308,944.5787476352873,944.5787476352873,0.0,0.0,0.0,True
general,SoilKsatDB,tabpfn_2_6,Raw,1,regression,512,1003.4860382050855,1003.4860382050855,1003.4860382050855,1003.4860382050855,0.0,0.0,0.0,True
general,SoilKsatDB,tabpfn_2_6,Raw+Gram@0.5,1,regression,512,1003.4860382050855,1003.4860382050855,971.5838698094728,971.5838698094728,0.0,0.0,0.0,True
general,SoilKsatDB,tabpfn_2_6,Raw+Gram@0.75,1,regression,512,1003.4860382050855,1003.4860382050855,957.9567598772032,957.9567598772032,0.0,0.0,0.0,True
general,SoilKsatDB,tabpfn_2_6,PureGram,1,regression,512,1003.4860382050855,1003.4860382050855,945.9707822803465,945.9707822803465,0.0,0.0,0.0,True
general,SoilKsatDB,tabpfn_2_6,GuardedGram-G2-g0p0-t01,1,regression,512,1003.4860382050855,1003.4860382050855,957.9567598772032,957.9567598772032,0.0,0.0,0.0,True
general,SoilKsatDB,tabpfn_2_6,SafeGram-t01,1,regression,512,1003.4860382050855,1003.4860382050855,986.7841241967027,986.7841241967027,0.0,0.0,0.0,True
general,SoilKsatDB,tabpfn_2_6,SafeRankGram-t01,1,regression,512,1003.4860382050855,1003.4860382050855,1003.4860382050855,1003.4860382050855,0.0,0.0,0.0,True
general,SoilKsatDB,tabpfn_2_6,BlockGuard-Greedy-t01,1,regression,512,1003.4860382050855,1003.4860382050855,985.7914569277696,985.7914569277696,0.0,0.0,0.0,True
general,SoilKsatDB,tabpfn_2_6,Raw,2,regression,512,936.4059177251125,936.4059177251125,936.4059177251125,936.4059177251125,0.0,0.0,0.0,True
general,SoilKsatDB,tabpfn_2_6,Raw+Gram@0.5,2,regression,512,936.4059177251125,936.4059177251125,946.6295866234794,946.6295866234794,0.0,0.0,0.0,True
general,SoilKsatDB,tabpfn_2_6,Raw+Gram@0.75,2,regression,512,936.4059177251125,936.4059177251125,954.9396502817751,954.9396502817751,0.0,0.0,0.0,True
general,SoilKsatDB,tabpfn_2_6,PureGram,2,regression,512,936.4059177251125,936.4059177251125,965.3131586117887,965.3131586117887,0.0,0.0,0.0,True
general,SoilKsatDB,tabpfn_2_6,GuardedGram-G2-g0p0-t01,2,regression,512,936.4059177251125,936.4059177251125,954.9396502817751,954.9396502817751,0.0,0.0,0.0,True
general,SoilKsatDB,tabpfn_2_6,SafeGram-t01,2,regression,512,936.4059177251125,936.4059177251125,965.3131586117887,965.3131586117887,0.0,0.0,0.0,True
general,SoilKsatDB,tabpfn_2_6,SafeRankGram-t01,2,regression,512,936.4059177251125,936.4059177251125,948.8229395487828,948.8229395487828,0.0,0.0,0.0,True
general,SoilKsatDB,tabpfn_2_6,BlockGuard-Greedy-t01,2,regression,512,936.4059177251125,936.4059177251125,936.4059177251125,936.4059177251125,0.0,0.0,0.0,True
general,Brazilian_houses,controlled_mlp,Raw,0,regression,512,1262.6676695590268,1262.6676695590268,1262.6676695590268,1262.6676695590268,0.0,0.0,0.0,True
general,Brazilian_houses,controlled_mlp,Raw+Gram@0.5,0,regression,512,1262.6676695590268,1262.6676695590268,1117.8091904705893,1117.8091904705893,0.0,0.0,0.0,True
general,Brazilian_houses,controlled_mlp,Raw+Gram@0.75,0,regression,512,1262.6676695590268,1262.6676695590268,1105.4981697221697,1105.4981697221697,0.0,0.0,0.0,True
general,Brazilian_houses,controlled_mlp,PureGram,0,regression,512,1262.6676695590268,1262.6676695590268,1136.4205430530656,1136.4205430530656,0.0,0.0,0.0,True
general,Brazilian_houses,controlled_mlp,GuardedGram-G2-g0p0-t01,0,regression,512,1262.6676695590268,1262.6676695590268,1105.4981697221697,1105.4981697221697,0.0,0.0,0.0,True
general,Brazilian_houses,controlled_mlp,SafeGram-t01,0,regression,512,1262.6676695590268,1262.6676695590268,1105.4981697221697,1105.4981697221697,0.0,0.0,0.0,True
general,Brazilian_houses,controlled_mlp,SafeRankGram-t01,0,regression,512,1262.6676695590268,1262.6676695590268,1200.403514229724,1200.403514229724,0.0,0.0,0.0,True
general,Brazilian_houses,controlled_mlp,BlockGuard-Greedy-t01,0,regression,512,1262.6676695590268,1262.6676695590268,1136.4205430530656,1136.4205430530656,0.0,0.0,0.0,True
general,Brazilian_houses,controlled_mlp,Raw,1,regression,512,2954.690271671243,2954.690271671243,2954.690271671243,2954.690271671243,0.0,0.0,0.0,True
general,Brazilian_houses,controlled_mlp,Raw+Gram@0.5,1,regression,512,2954.690271671243,2954.690271671243,1750.4576948586007,1750.4576948586007,0.0,0.0,0.0,True
general,Brazilian_houses,controlled_mlp,Raw+Gram@0.75,1,regression,512,2954.690271671243,2954.690271671243,1331.6745066312094,1331.6745066312094,0.0,0.0,0.0,True
general,Brazilian_houses,controlled_mlp,PureGram,1,regression,512,2954.690271671243,2954.690271671243,1229.1511549930665,1229.1511549930665,0.0,0.0,0.0,True
general,Brazilian_houses,controlled_mlp,GuardedGram-G2-g0p0-t01,1,regression,512,2954.690271671243,2954.690271671243,1331.6745066312094,1331.6745066312094,0.0,0.0,0.0,True
general,Brazilian_houses,controlled_mlp,SafeGram-t01,1,regression,512,2954.690271671243,2954.690271671243,1229.1511549930665,1229.1511549930665,0.0,0.0,0.0,True
general,Brazilian_houses,controlled_mlp,SafeRankGram-t01,1,regression,512,2954.690271671243,2954.690271671243,1229.2214176814932,1229.2214176814932,0.0,0.0,0.0,True
general,Brazilian_houses,controlled_mlp,BlockGuard-Greedy-t01,1,regression,512,2954.690271671243,2954.690271671243,1229.1511549930665,1229.1511549930665,0.0,0.0,0.0,True
general,Brazilian_houses,controlled_mlp,Raw,2,regression,512,2956.850683182502,2956.850683182502,2956.850683182502,2956.850683182502,0.0,0.0,0.0,True
general,Brazilian_houses,controlled_mlp,Raw+Gram@0.5,2,regression,512,2956.850683182502,2956.850683182502,1743.5807992514913,1743.5807992514913,0.0,0.0,0.0,True
general,Brazilian_houses,controlled_mlp,Raw+Gram@0.75,2,regression,512,2956.850683182502,2956.850683182502,1294.119219078137,1294.119219078137,0.0,0.0,0.0,True
general,Brazilian_houses,controlled_mlp,PureGram,2,regression,512,2956.850683182502,2956.850683182502,1140.245348894303,1140.245348894303,0.0,0.0,0.0,True
general,Brazilian_houses,controlled_mlp,GuardedGram-G2-g0p0-t01,2,regression,512,2956.850683182502,2956.850683182502,1294.119219078137,1294.119219078137,0.0,0.0,0.0,True
general,Brazilian_houses,controlled_mlp,SafeGram-t01,2,regression,512,2956.850683182502,2956.850683182502,1140.245348894303,1140.245348894303,0.0,0.0,0.0,True
general,Brazilian_houses,controlled_mlp,SafeRankGram-t01,2,regression,512,2956.850683182502,2956.850683182502,1275.0745986284642,1275.0745986284642,0.0,0.0,0.0,True
general,Brazilian_houses,controlled_mlp,BlockGuard-Greedy-t01,2,regression,512,2956.850683182502,2956.850683182502,1140.245348894303,1140.245348894303,0.0,0.0,0.0,True
general,Brazilian_houses,tabm_d,Raw,0,regression,512,2475.5015976503278,2475.5015976503278,2475.5015976503278,2475.5015976503278,0.0,0.0,0.0,True
general,Brazilian_houses,tabm_d,Raw+Gram@0.5,0,regression,512,2475.5015976503278,2475.5015976503278,2340.6927206119594,2340.6927206119594,0.0,0.0,0.0,True
general,Brazilian_houses,tabm_d,Raw+Gram@0.75,0,regression,512,2475.5015976503278,2475.5015976503278,2317.0589131195866,2317.0589131195866,0.0,0.0,0.0,True
general,Brazilian_houses,tabm_d,PureGram,0,regression,512,2475.5015976503278,2475.5015976503278,2324.1593276530334,2324.1593276530334,0.0,0.0,0.0,True
general,Brazilian_houses,tabm_d,GuardedGram-G2-g0p0-t01,0,regression,512,2475.5015976503278,2475.5015976503278,2317.0589131195866,2317.0589131195866,0.0,0.0,0.0,True
general,Brazilian_houses,tabm_d,SafeGram-t01,0,regression,512,2475.5015976503278,2475.5015976503278,2317.0589131195866,2317.0589131195866,0.0,0.0,0.0,True
general,Brazilian_houses,tabm_d,SafeRankGram-t01,0,regression,512,2475.5015976503278,2475.5015976503278,2028.4285282479918,2028.4285282479918,0.0,0.0,0.0,True
general,Brazilian_houses,tabm_d,BlockGuard-Greedy-t01,0,regression,512,2475.5015976503278,2475.5015976503278,2324.1593276530334,2324.1593276530334,0.0,0.0,0.0,True
general,Brazilian_houses,tabm_d,Raw,1,regression,512,2320.516449826237,2320.516449826237,2320.516449826237,2320.516449826237,0.0,0.0,0.0,True
general,Brazilian_houses,tabm_d,Raw+Gram@0.5,1,regression,512,2320.516449826237,2320.516449826237,2171.022036081617,2171.022036081617,0.0,0.0,0.0,True
general,Brazilian_houses,tabm_d,Raw+Gram@0.75,1,regression,512,2320.516449826237,2320.516449826237,2190.6883024404015,2190.6883024404015,0.0,0.0,0.0,True
general,Brazilian_houses,tabm_d,PureGram,1,regression,512,2320.516449826237,2320.516449826237,2272.861516135993,2272.861516135993,0.0,0.0,0.0,True
general,Brazilian_houses,tabm_d,GuardedGram-G2-g0p0-t01,1,regression,512,2320.516449826237,2320.516449826237,2190.6883024404015,2190.6883024404015,0.0,0.0,0.0,True
general,Brazilian_houses,tabm_d,SafeGram-t01,1,regression,512,2320.516449826237,2320.516449826237,2190.6883024404015,2190.6883024404015,0.0,0.0,0.0,True
general,Brazilian_houses,tabm_d,SafeRankGram-t01,1,regression,512,2320.516449826237,2320.516449826237,2190.5382704758053,2190.5382704758053,0.0,0.0,0.0,True
general,Brazilian_houses,tabm_d,BlockGuard-Greedy-t01,1,regression,512,2320.516449826237,2320.516449826237,2294.3194502751508,2294.3194502751508,0.0,0.0,0.0,True
general,Brazilian_houses,tabm_d,Raw,2,regression,512,2258.178948355299,2258.178948355299,2258.178948355299,2258.178948355299,0.0,0.0,0.0,True
general,Brazilian_houses,tabm_d,Raw+Gram@0.5,2,regression,512,2258.178948355299,2258.178948355299,2215.7335151528505,2215.7335151528505,0.0,0.0,0.0,True
general,Brazilian_houses,tabm_d,Raw+Gram@0.75,2,regression,512,2258.178948355299,2258.178948355299,2226.989072250113,2226.989072250113,0.0,0.0,0.0,True
general,Brazilian_houses,tabm_d,PureGram,2,regression,512,2258.178948355299,2258.178948355299,2259.6728911604846,2259.6728911604846,0.0,0.0,0.0,True
general,Brazilian_houses,tabm_d,GuardedGram-G2-g0p0-t01,2,regression,512,2258.178948355299,2258.178948355299,2226.989072250113,2226.989072250113,0.0,0.0,0.0,True
general,Brazilian_houses,tabm_d,SafeGram-t01,2,regression,512,2258.178948355299,2258.178948355299,2226.989072250113,2226.989072250113,0.0,0.0,0.0,True
general,Brazilian_houses,tabm_d,SafeRankGram-t01,2,regression,512,2258.178948355299,2258.178948355299,2052.9182772980216,2052.9182772980216,0.0,0.0,0.0,True
general,Brazilian_houses,tabm_d,BlockGuard-Greedy-t01,2,regression,512,2258.178948355299,2258.178948355299,2259.6728911604846,2259.6728911604846,0.0,0.0,0.0,True
general,Brazilian_houses,catboost,Raw,0,regression,512,922.5436997096795,922.5436997096795,922.5436997096795,922.5436997096795,0.0,0.0,0.0,True
general,Brazilian_houses,catboost,Raw+Gram@0.5,0,regression,512,922.5436997096795,922.5436997096795,1109.9072840209883,1109.9072840209883,0.0,0.0,0.0,True
general,Brazilian_houses,catboost,Raw+Gram@0.75,0,regression,512,922.5436997096795,922.5436997096795,1260.8063303383994,1260.8063303383994,0.0,0.0,0.0,True
general,Brazilian_houses,catboost,PureGram,0,regression,512,922.5436997096795,922.5436997096795,1434.8963521346518,1434.8963521346518,0.0,0.0,0.0,True
general,Brazilian_houses,catboost,GuardedGram-G2-g0p0-t01,0,regression,512,922.5436997096795,922.5436997096795,922.5436997096795,922.5436997096795,0.0,0.0,0.0,True
general,Brazilian_houses,catboost,SafeGram-t01,0,regression,512,922.5436997096795,922.5436997096795,922.5436997096795,922.5436997096795,0.0,0.0,0.0,True
general,Brazilian_houses,catboost,SafeRankGram-t01,0,regression,512,922.5436997096795,922.5436997096795,922.5436997096795,922.5436997096795,0.0,0.0,0.0,True
general,Brazilian_houses,catboost,BlockGuard-Greedy-t01,0,regression,512,922.5436997096795,922.5436997096795,922.5436997096795,922.5436997096795,0.0,0.0,0.0,True
general,Brazilian_houses,catboost,Raw,1,regression,512,959.1540277399796,959.1540277399796,959.1540277399796,959.1540277399796,0.0,0.0,0.0,True
general,Brazilian_houses,catboost,Raw+Gram@0.5,1,regression,512,959.1540277399796,959.1540277399796,1102.8382614056015,1102.8382614056015,0.0,0.0,0.0,True
general,Brazilian_houses,catboost,Raw+Gram@0.75,1,regression,512,959.1540277399796,959.1540277399796,1256.3259705370326,1256.3259705370326,0.0,0.0,0.0,True
general,Brazilian_houses,catboost,PureGram,1,regression,512,959.1540277399796,959.1540277399796,1443.2951439877172,1443.2951439877172,0.0,0.0,0.0,True
general,Brazilian_houses,catboost,GuardedGram-G2-g0p0-t01,1,regression,512,959.1540277399796,959.1540277399796,959.1540277399796,959.1540277399796,0.0,0.0,0.0,True
general,Brazilian_houses,catboost,SafeGram-t01,1,regression,512,959.1540277399796,959.1540277399796,959.1540277399796,959.1540277399796,0.0,0.0,0.0,True
general,Brazilian_houses,catboost,SafeRankGram-t01,1,regression,512,959.1540277399796,959.1540277399796,959.1540277399796,959.1540277399796,0.0,0.0,0.0,True
general,Brazilian_houses,catboost,BlockGuard-Greedy-t01,1,regression,512,959.1540277399796,959.1540277399796,1045.924430850446,1045.924430850446,0.0,0.0,0.0,True
general,Brazilian_houses,catboost,Raw,2,regression,512,1076.4139476942353,1076.4139476942353,1076.4139476942353,1076.4139476942353,0.0,0.0,0.0,True
general,Brazilian_houses,catboost,Raw+Gram@0.5,2,regression,512,1076.4139476942353,1076.4139476942353,1106.8398423279673,1106.8398423279673,0.0,0.0,0.0,True
general,Brazilian_houses,catboost,Raw+Gram@0.75,2,regression,512,1076.4139476942353,1076.4139476942353,1176.7972863674165,1176.7972863674165,0.0,0.0,0.0,True
general,Brazilian_houses,catboost,PureGram,2,regression,512,1076.4139476942353,1076.4139476942353,1276.311768732705,1276.311768732705,0.0,0.0,0.0,True
general,Brazilian_houses,catboost,GuardedGram-G2-g0p0-t01,2,regression,512,1076.4139476942353,1076.4139476942353,1072.2404026589636,1072.2404026589636,0.0,0.0,0.0,True
general,Brazilian_houses,catboost,SafeGram-t01,2,regression,512,1076.4139476942353,1076.4139476942353,1076.4139476942353,1076.4139476942353,0.0,0.0,0.0,True
general,Brazilian_houses,catboost,SafeRankGram-t01,2,regression,512,1076.4139476942353,1076.4139476942353,1076.4139476942353,1076.4139476942353,0.0,0.0,0.0,True
general,Brazilian_houses,catboost,BlockGuard-Greedy-t01,2,regression,512,1076.4139476942353,1076.4139476942353,1094.1762370903289,1094.1762370903289,0.0,0.0,0.0,True
general,Brazilian_houses,tabicl_v2,Raw,0,regression,512,967.399294306095,967.399294306095,967.399294306095,967.399294306095,0.0,0.0,0.0,True
general,Brazilian_houses,tabicl_v2,Raw+Gram@0.5,0,regression,512,967.399294306095,967.399294306095,956.9594044579433,956.9594044579433,0.0,0.0,0.0,True
general,Brazilian_houses,tabicl_v2,Raw+Gram@0.75,0,regression,512,967.399294306095,967.399294306095,956.9510129580271,956.9510129580271,0.0,0.0,0.0,True
general,Brazilian_houses,tabicl_v2,PureGram,0,regression,512,967.399294306095,967.399294306095,960.4296804993199,960.4296804993199,0.0,0.0,0.0,True
general,Brazilian_houses,tabicl_v2,GuardedGram-G2-g0p0-t01,0,regression,512,967.399294306095,967.399294306095,956.9510129580271,956.9510129580271,0.0,0.0,0.0,True
general,Brazilian_houses,tabicl_v2,SafeGram-t01,0,regression,512,967.399294306095,967.399294306095,960.4547635996953,960.4547635996953,0.0,0.0,0.0,True
general,Brazilian_houses,tabicl_v2,SafeRankGram-t01,0,regression,512,967.399294306095,967.399294306095,949.4981963032191,949.4981963032191,0.0,0.0,0.0,True
general,Brazilian_houses,tabicl_v2,BlockGuard-Greedy-t01,0,regression,512,967.399294306095,967.399294306095,960.4296804993199,960.4296804993199,0.0,0.0,0.0,True
general,Brazilian_houses,tabicl_v2,Raw,1,regression,512,967.399294306095,967.399294306095,967.399294306095,967.399294306095,0.0,0.0,0.0,True
general,Brazilian_houses,tabicl_v2,Raw+Gram@0.5,1,regression,512,967.399294306095,967.399294306095,956.9594044579433,956.9594044579433,0.0,0.0,0.0,True
general,Brazilian_houses,tabicl_v2,Raw+Gram@0.75,1,regression,512,967.399294306095,967.399294306095,956.9510129580271,956.9510129580271,0.0,0.0,0.0,True
general,Brazilian_houses,tabicl_v2,PureGram,1,regression,512,967.399294306095,967.399294306095,960.4296804993199,960.4296804993199,0.0,0.0,0.0,True
general,Brazilian_houses,tabicl_v2,GuardedGram-G2-g0p0-t01,1,regression,512,967.399294306095,967.399294306095,956.9510129580271,956.9510129580271,0.0,0.0,0.0,True
general,Brazilian_houses,tabicl_v2,SafeGram-t01,1,regression,512,967.399294306095,967.399294306095,960.4547635996953,960.4547635996953,0.0,0.0,0.0,True
general,Brazilian_houses,tabicl_v2,SafeRankGram-t01,1,regression,512,967.399294306095,967.399294306095,949.4981963032191,949.4981963032191,0.0,0.0,0.0,True
general,Brazilian_houses,tabicl_v2,BlockGuard-Greedy-t01,1,regression,512,967.399294306095,967.399294306095,960.4296804993199,960.4296804993199,0.0,0.0,0.0,True
general,Brazilian_houses,tabicl_v2,Raw,2,regression,512,967.399294306095,967.399294306095,967.399294306095,967.399294306095,0.0,0.0,0.0,True
general,Brazilian_houses,tabicl_v2,Raw+Gram@0.5,2,regression,512,967.399294306095,967.399294306095,956.9594044579433,956.9594044579433,0.0,0.0,0.0,True
general,Brazilian_houses,tabicl_v2,Raw+Gram@0.75,2,regression,512,967.399294306095,967.399294306095,956.9510129580271,956.9510129580271,0.0,0.0,0.0,True
general,Brazilian_houses,tabicl_v2,PureGram,2,regression,512,967.399294306095,967.399294306095,960.4296804993199,960.4296804993199,0.0,0.0,0.0,True
general,Brazilian_houses,tabicl_v2,GuardedGram-G2-g0p0-t01,2,regression,512,967.399294306095,967.399294306095,956.9510129580271,956.9510129580271,0.0,0.0,0.0,True
general,Brazilian_houses,tabicl_v2,SafeGram-t01,2,regression,512,967.399294306095,967.399294306095,960.4547635996953,960.4547635996953,0.0,0.0,0.0,True
general,Brazilian_houses,tabicl_v2,SafeRankGram-t01,2,regression,512,967.399294306095,967.399294306095,949.4981963032191,949.4981963032191,0.0,0.0,0.0,True
general,Brazilian_houses,tabicl_v2,BlockGuard-Greedy-t01,2,regression,512,967.399294306095,967.399294306095,960.4296804993199,960.4296804993199,0.0,0.0,0.0,True
general,Brazilian_houses,tabpfn_2_6,Raw,0,regression,512,689.7950120352451,689.7950120352451,689.7950120352451,689.7950120352451,0.0,0.0,0.0,True
general,Brazilian_houses,tabpfn_2_6,Raw+Gram@0.5,0,regression,512,689.7950120352451,689.7950120352451,716.8775221062135,716.8775221062135,0.0,0.0,0.0,True
general,Brazilian_houses,tabpfn_2_6,Raw+Gram@0.75,0,regression,512,689.7950120352451,689.7950120352451,735.5436161809636,735.5436161809636,0.0,0.0,0.0,True
general,Brazilian_houses,tabpfn_2_6,PureGram,0,regression,512,689.7950120352451,689.7950120352451,757.3049053184997,757.3049053184997,0.0,0.0,0.0,True
general,Brazilian_houses,tabpfn_2_6,GuardedGram-G2-g0p0-t01,0,regression,512,689.7950120352451,689.7950120352451,701.5537262456737,701.5537262456737,0.0,0.0,0.0,True
general,Brazilian_houses,tabpfn_2_6,SafeGram-t01,0,regression,512,689.7950120352451,689.7950120352451,701.5537262456737,701.5537262456737,0.0,0.0,0.0,True
general,Brazilian_houses,tabpfn_2_6,SafeRankGram-t01,0,regression,512,689.7950120352451,689.7950120352451,695.7183869990724,695.7183869990724,0.0,0.0,0.0,True
general,Brazilian_houses,tabpfn_2_6,BlockGuard-Greedy-t01,0,regression,512,689.7950120352451,689.7950120352451,668.3497167957383,668.3497167957383,0.0,0.0,0.0,True
general,Brazilian_houses,tabpfn_2_6,Raw,1,regression,512,746.8160385624719,746.8160385624719,746.8160385624719,746.8160385624719,0.0,0.0,0.0,True
general,Brazilian_houses,tabpfn_2_6,Raw+Gram@0.5,1,regression,512,746.8160385624719,746.8160385624719,791.6560451593016,791.6560451593016,0.0,0.0,0.0,True
general,Brazilian_houses,tabpfn_2_6,Raw+Gram@0.75,1,regression,512,746.8160385624719,746.8160385624719,820.8713802197284,820.8713802197284,0.0,0.0,0.0,True
general,Brazilian_houses,tabpfn_2_6,PureGram,1,regression,512,746.8160385624719,746.8160385624719,854.0212751724011,854.0212751724011,0.0,0.0,0.0,True
general,Brazilian_houses,tabpfn_2_6,GuardedGram-G2-g0p0-t01,1,regression,512,746.8160385624719,746.8160385624719,820.8713802197284,820.8713802197284,0.0,0.0,0.0,True
general,Brazilian_houses,tabpfn_2_6,SafeGram-t01,1,regression,512,746.8160385624719,746.8160385624719,791.6560451593016,791.6560451593016,0.0,0.0,0.0,True
general,Brazilian_houses,tabpfn_2_6,SafeRankGram-t01,1,regression,512,746.8160385624719,746.8160385624719,681.7607704130011,681.7607704130011,0.0,0.0,0.0,True
general,Brazilian_houses,tabpfn_2_6,BlockGuard-Greedy-t01,1,regression,512,746.8160385624719,746.8160385624719,854.0212751724011,854.0212751724011,0.0,0.0,0.0,True
general,Brazilian_houses,tabpfn_2_6,Raw,2,regression,512,812.4923192421743,812.4923192421743,812.4923192421743,812.4923192421743,0.0,0.0,0.0,True
general,Brazilian_houses,tabpfn_2_6,Raw+Gram@0.5,2,regression,512,812.4923192421743,812.4923192421743,771.8688304765346,771.8688304765346,0.0,0.0,0.0,True
general,Brazilian_houses,tabpfn_2_6,Raw+Gram@0.75,2,regression,512,812.4923192421743,812.4923192421743,756.1258699252595,756.1258699252595,0.0,0.0,0.0,True
general,Brazilian_houses,tabpfn_2_6,PureGram,2,regression,512,812.4923192421743,812.4923192421743,743.6991930931237,743.6991930931237,0.0,0.0,0.0,True
general,Brazilian_houses,tabpfn_2_6,GuardedGram-G2-g0p0-t01,2,regression,512,812.4923192421743,812.4923192421743,756.1258699252595,756.1258699252595,0.0,0.0,0.0,True
general,Brazilian_houses,tabpfn_2_6,SafeGram-t01,2,regression,512,812.4923192421743,812.4923192421743,743.6991930931237,743.6991930931237,0.0,0.0,0.0,True
general,Brazilian_houses,tabpfn_2_6,SafeRankGram-t01,2,regression,512,812.4923192421743,812.4923192421743,737.3284968980423,737.3284968980423,0.0,0.0,0.0,True
general,Brazilian_houses,tabpfn_2_6,BlockGuard-Greedy-t01,2,regression,512,812.4923192421743,812.4923192421743,743.6991930931237,743.6991930931237,0.0,0.0,0.0,True
embedding,mfeat-fourier,controlled_mlp,Raw RBF-k16 embedding,0,classification,400,0.7840133501114812,0.7840133501114812,0.7840133501114812,0.7840133501114812,0.0,0.0,0.0,True
embedding,mfeat-fourier,controlled_mlp,Raw+Gram@0.75 RBF-k16 embedding,0,classification,400,0.7840133501114812,0.7840133501114812,0.7358194391967967,0.7358194391967967,0.0,0.0,0.0,True
embedding,mfeat-fourier,controlled_mlp,Gram-after-RBF-k16 embedding,0,classification,400,0.7840133501114812,0.7840133501114812,0.8066092604751642,0.8066092604751642,0.0,0.0,0.0,True
embedding,mfeat-fourier,controlled_mlp,GuardedGram-G2-after-RBF-k16,0,classification,400,0.7840133501114812,0.7840133501114812,0.7358194391967967,0.7358194391967967,0.0,0.0,0.0,True
embedding,mfeat-fourier,controlled_mlp,Raw RBF-k16 embedding,1,classification,400,0.7951023707212969,0.7951023707212969,0.7951023707212969,0.7951023707212969,0.0,0.0,0.0,True
embedding,mfeat-fourier,controlled_mlp,Raw+Gram@0.75 RBF-k16 embedding,1,classification,400,0.7951023707212969,0.7951023707212969,0.71435435835146,0.71435435835146,0.0,0.0,0.0,True
embedding,mfeat-fourier,controlled_mlp,Gram-after-RBF-k16 embedding,1,classification,400,0.7951023707212969,0.7951023707212969,0.789904248190362,0.789904248190362,0.0,0.0,0.0,True
embedding,mfeat-fourier,controlled_mlp,GuardedGram-G2-after-RBF-k16,1,classification,400,0.7951023707212969,0.7951023707212969,0.71435435835146,0.71435435835146,0.0,0.0,0.0,True
embedding,mfeat-fourier,controlled_mlp,Raw RBF-k16 embedding,2,classification,400,0.7496855506756606,0.7496855506756606,0.7496855506756606,0.7496855506756606,0.0,0.0,0.0,True
embedding,mfeat-fourier,controlled_mlp,Raw+Gram@0.75 RBF-k16 embedding,2,classification,400,0.7496855506756606,0.7496855506756606,0.7126824123200319,0.7126824123200319,0.0,0.0,0.0,True
embedding,mfeat-fourier,controlled_mlp,Gram-after-RBF-k16 embedding,2,classification,400,0.7496855506756606,0.7496855506756606,0.7756188489087273,0.7756188489087273,0.0,0.0,0.0,True
embedding,mfeat-fourier,controlled_mlp,GuardedGram-G2-after-RBF-k16,2,classification,400,0.7496855506756606,0.7496855506756606,0.7126824123200319,0.7126824123200319,0.0,0.0,0.0,True
embedding,mfeat-fourier,tabm_d,Raw RBF-k16 embedding,0,classification,400,0.5830706585631039,0.5830706585631039,0.5830706585631039,0.5830706585631039,0.0,0.0,0.0,True
embedding,mfeat-fourier,tabm_d,Raw+Gram@0.75 RBF-k16 embedding,0,classification,400,0.5830706585631039,0.5830706585631039,0.5937016312629619,0.5937016312629619,0.0,0.0,0.0,True
embedding,mfeat-fourier,tabm_d,Gram-after-RBF-k16 embedding,0,classification,400,0.5830706585631039,0.5830706585631039,0.6484673468520935,0.6484673468520935,0.0,0.0,0.0,True
embedding,mfeat-fourier,tabm_d,GuardedGram-G2-after-RBF-k16,0,classification,400,0.5830706585631039,0.5830706585631039,0.5937016312629619,0.5937016312629619,0.0,0.0,0.0,True
embedding,mfeat-fourier,tabm_d,Raw RBF-k16 embedding,1,classification,400,0.5835188158337392,0.5835188158337392,0.5835188158337392,0.5835188158337392,0.0,0.0,0.0,True
embedding,mfeat-fourier,tabm_d,Raw+Gram@0.75 RBF-k16 embedding,1,classification,400,0.5835188158337392,0.5835188158337392,0.5441046956806752,0.5441046956806752,0.0,0.0,0.0,True
embedding,mfeat-fourier,tabm_d,Gram-after-RBF-k16 embedding,1,classification,400,0.5835188158337392,0.5835188158337392,0.5457374930014945,0.5457374930014945,0.0,0.0,0.0,True
embedding,mfeat-fourier,tabm_d,GuardedGram-G2-after-RBF-k16,1,classification,400,0.5835188158337392,0.5835188158337392,0.5441046956806752,0.5441046956806752,0.0,0.0,0.0,True
embedding,mfeat-fourier,tabm_d,Raw RBF-k16 embedding,2,classification,400,0.5976120343270854,0.5976120343270854,0.5976120343270854,0.5976120343270854,0.0,0.0,0.0,True
embedding,mfeat-fourier,tabm_d,Raw+Gram@0.75 RBF-k16 embedding,2,classification,400,0.5976120343270854,0.5976120343270854,0.5315564976960289,0.5315564976960289,0.0,0.0,0.0,True
embedding,mfeat-fourier,tabm_d,Gram-after-RBF-k16 embedding,2,classification,400,0.5976120343270854,0.5976120343270854,0.5347720040283744,0.5347720040283744,0.0,0.0,0.0,True
embedding,mfeat-fourier,tabm_d,GuardedGram-G2-after-RBF-k16,2,classification,400,0.5976120343270854,0.5976120343270854,0.5315564976960289,0.5315564976960289,0.0,0.0,0.0,True
embedding,mfeat-fourier,resnet_tabular,Raw RBF-k16 embedding,0,classification,400,0.7512947505739461,0.7512947505739461,0.7512947505739461,0.7512947505739461,0.0,0.0,0.0,True
embedding,mfeat-fourier,resnet_tabular,Raw+Gram@0.75 RBF-k16 embedding,0,classification,400,0.7512947505739461,0.7512947505739461,0.6474031776369563,0.6474031776369563,0.0,0.0,0.0,True
embedding,mfeat-fourier,resnet_tabular,Gram-after-RBF-k16 embedding,0,classification,400,0.7512947505739461,0.7512947505739461,0.6539032464210828,0.6539032464210828,0.0,0.0,0.0,True
embedding,mfeat-fourier,resnet_tabular,GuardedGram-G2-after-RBF-k16,0,classification,400,0.7512947505739461,0.7512947505739461,0.6474031776369563,0.6474031776369563,0.0,0.0,0.0,True
embedding,mfeat-fourier,resnet_tabular,Raw RBF-k16 embedding,1,classification,400,0.7418387641516663,0.7418387641516663,0.7418387641516663,0.7418387641516663,0.0,0.0,0.0,True
embedding,mfeat-fourier,resnet_tabular,Raw+Gram@0.75 RBF-k16 embedding,1,classification,400,0.7418387641516663,0.7418387641516663,0.6492611009081531,0.6492611009081531,0.0,0.0,0.0,True
embedding,mfeat-fourier,resnet_tabular,Gram-after-RBF-k16 embedding,1,classification,400,0.7418387641516663,0.7418387641516663,0.6692144405778933,0.6692144405778933,0.0,0.0,0.0,True
embedding,mfeat-fourier,resnet_tabular,GuardedGram-G2-after-RBF-k16,1,classification,400,0.7418387641516663,0.7418387641516663,0.6492611009081531,0.6492611009081531,0.0,0.0,0.0,True
embedding,mfeat-fourier,resnet_tabular,Raw RBF-k16 embedding,2,classification,400,0.7277312719859375,0.7277312719859375,0.7277312719859375,0.7277312719859375,0.0,0.0,0.0,True
embedding,mfeat-fourier,resnet_tabular,Raw+Gram@0.75 RBF-k16 embedding,2,classification,400,0.7277312719859375,0.7277312719859375,0.6320082977628738,0.6320082977628738,0.0,0.0,0.0,True
embedding,mfeat-fourier,resnet_tabular,Gram-after-RBF-k16 embedding,2,classification,400,0.7277312719859375,0.7277312719859375,0.6361965857207018,0.6361965857207018,0.0,0.0,0.0,True
embedding,mfeat-fourier,resnet_tabular,GuardedGram-G2-after-RBF-k16,2,classification,400,0.7277312719859375,0.7277312719859375,0.6320082977628738,0.6320082977628738,0.0,0.0,0.0,True
embedding,waveform-5000,controlled_mlp,Raw RBF-k16 embedding,0,classification,512,0.4630002129517958,0.4630002129517958,0.4630002129517958,0.4630002129517958,0.0,0.0,0.0,True
embedding,waveform-5000,controlled_mlp,Raw+Gram@0.75 RBF-k16 embedding,0,classification,512,0.4630002129517958,0.4630002129517958,0.4907985422942285,0.4907985422942285,0.0,0.0,0.0,True
embedding,waveform-5000,controlled_mlp,Gram-after-RBF-k16 embedding,0,classification,512,0.4630002129517958,0.4630002129517958,0.5444539455472236,0.5444539455472236,0.0,0.0,0.0,True
embedding,waveform-5000,controlled_mlp,GuardedGram-G2-after-RBF-k16,0,classification,512,0.4630002129517958,0.4630002129517958,0.4907985422942285,0.4907985422942285,0.0,0.0,0.0,True
embedding,waveform-5000,controlled_mlp,Raw RBF-k16 embedding,1,classification,512,0.49095998954879133,0.49095998954879133,0.49095998954879133,0.49095998954879133,0.0,0.0,0.0,True
embedding,waveform-5000,controlled_mlp,Raw+Gram@0.75 RBF-k16 embedding,1,classification,512,0.49095998954879133,0.49095998954879133,0.4529100366034488,0.4529100366034488,0.0,0.0,0.0,True
embedding,waveform-5000,controlled_mlp,Gram-after-RBF-k16 embedding,1,classification,512,0.49095998954879133,0.49095998954879133,0.46475386773247185,0.46475386773247185,0.0,0.0,0.0,True
embedding,waveform-5000,controlled_mlp,GuardedGram-G2-after-RBF-k16,1,classification,512,0.49095998954879133,0.49095998954879133,0.4529100366034488,0.4529100366034488,0.0,0.0,0.0,True
embedding,waveform-5000,controlled_mlp,Raw RBF-k16 embedding,2,classification,512,0.49045578183077954,0.49045578183077954,0.49045578183077954,0.49045578183077954,0.0,0.0,0.0,True
embedding,waveform-5000,controlled_mlp,Raw+Gram@0.75 RBF-k16 embedding,2,classification,512,0.49045578183077954,0.49045578183077954,0.4943702879848089,0.4943702879848089,0.0,0.0,0.0,True
embedding,waveform-5000,controlled_mlp,Gram-after-RBF-k16 embedding,2,classification,512,0.49045578183077954,0.49045578183077954,0.540051053558668,0.540051053558668,0.0,0.0,0.0,True
embedding,waveform-5000,controlled_mlp,GuardedGram-G2-after-RBF-k16,2,classification,512,0.49045578183077954,0.49045578183077954,0.4943702879848089,0.4943702879848089,0.0,0.0,0.0,True
embedding,waveform-5000,tabm_d,Raw RBF-k16 embedding,0,classification,512,0.3703115827664806,0.3703115827664806,0.3703115827664806,0.3703115827664806,0.0,0.0,0.0,True
embedding,waveform-5000,tabm_d,Raw+Gram@0.75 RBF-k16 embedding,0,classification,512,0.3703115827664806,0.3703115827664806,0.37040489974216495,0.37040489974216495,0.0,0.0,0.0,True
embedding,waveform-5000,tabm_d,Gram-after-RBF-k16 embedding,0,classification,512,0.3703115827664806,0.3703115827664806,0.37662580178686533,0.37662580178686533,0.0,0.0,0.0,True
embedding,waveform-5000,tabm_d,GuardedGram-G2-after-RBF-k16,0,classification,512,0.3703115827664806,0.3703115827664806,0.3663716308791703,0.3663716308791703,0.0,0.0,0.0,True
embedding,waveform-5000,tabm_d,Raw RBF-k16 embedding,1,classification,512,0.38056487619358886,0.38056487619358886,0.38056487619358886,0.38056487619358886,0.0,0.0,0.0,True
embedding,waveform-5000,tabm_d,Raw+Gram@0.75 RBF-k16 embedding,1,classification,512,0.38056487619358886,0.38056487619358886,0.3551888682163744,0.3551888682163744,0.0,0.0,0.0,True
embedding,waveform-5000,tabm_d,Gram-after-RBF-k16 embedding,1,classification,512,0.38056487619358886,0.38056487619358886,0.3493196359322047,0.3493196359322047,0.0,0.0,0.0,True
embedding,waveform-5000,tabm_d,GuardedGram-G2-after-RBF-k16,1,classification,512,0.38056487619358886,0.38056487619358886,0.3551888682163744,0.3551888682163744,0.0,0.0,0.0,True
embedding,waveform-5000,tabm_d,Raw RBF-k16 embedding,2,classification,512,0.37471142478393016,0.37471142478393016,0.37471142478393016,0.37471142478393016,0.0,0.0,0.0,True
embedding,waveform-5000,tabm_d,Raw+Gram@0.75 RBF-k16 embedding,2,classification,512,0.37471142478393016,0.37471142478393016,0.3547106721771185,0.3547106721771185,0.0,0.0,0.0,True
embedding,waveform-5000,tabm_d,Gram-after-RBF-k16 embedding,2,classification,512,0.37471142478393016,0.37471142478393016,0.35455760557008165,0.35455760557008165,0.0,0.0,0.0,True
embedding,waveform-5000,tabm_d,GuardedGram-G2-after-RBF-k16,2,classification,512,0.37471142478393016,0.37471142478393016,0.3547106721771185,0.3547106721771185,0.0,0.0,0.0,True
embedding,waveform-5000,resnet_tabular,Raw RBF-k16 embedding,0,classification,512,0.4626290120744978,0.4626290120744978,0.4626290120744978,0.4626290120744978,0.0,0.0,0.0,True
embedding,waveform-5000,resnet_tabular,Raw+Gram@0.75 RBF-k16 embedding,0,classification,512,0.4626290120744978,0.4626290120744978,0.45098163526259305,0.45098163526259305,0.0,0.0,0.0,True
embedding,waveform-5000,resnet_tabular,Gram-after-RBF-k16 embedding,0,classification,512,0.4626290120744978,0.4626290120744978,0.48222268030698323,0.48222268030698323,0.0,0.0,0.0,True
embedding,waveform-5000,resnet_tabular,GuardedGram-G2-after-RBF-k16,0,classification,512,0.4626290120744978,0.4626290120744978,0.45098163526259305,0.45098163526259305,0.0,0.0,0.0,True
embedding,waveform-5000,resnet_tabular,Raw RBF-k16 embedding,1,classification,512,0.4992881666032989,0.4992881666032989,0.4992881666032989,0.4992881666032989,0.0,0.0,0.0,True
embedding,waveform-5000,resnet_tabular,Raw+Gram@0.75 RBF-k16 embedding,1,classification,512,0.4992881666032989,0.4992881666032989,0.4882635047218828,0.4882635047218828,0.0,0.0,0.0,True
embedding,waveform-5000,resnet_tabular,Gram-after-RBF-k16 embedding,1,classification,512,0.4992881666032989,0.4992881666032989,0.5200317687614847,0.5200317687614847,0.0,0.0,0.0,True
embedding,waveform-5000,resnet_tabular,GuardedGram-G2-after-RBF-k16,1,classification,512,0.4992881666032989,0.4992881666032989,0.4882635047218828,0.4882635047218828,0.0,0.0,0.0,True
embedding,waveform-5000,resnet_tabular,Raw RBF-k16 embedding,2,classification,512,0.48926628015118095,0.48926628015118095,0.48926628015118095,0.48926628015118095,0.0,0.0,0.0,True
embedding,waveform-5000,resnet_tabular,Raw+Gram@0.75 RBF-k16 embedding,2,classification,512,0.48926628015118095,0.48926628015118095,0.42365850906744873,0.42365850906744873,0.0,0.0,0.0,True
embedding,waveform-5000,resnet_tabular,Gram-after-RBF-k16 embedding,2,classification,512,0.48926628015118095,0.48926628015118095,0.42790344374990563,0.42790344374990563,0.0,0.0,0.0,True
embedding,waveform-5000,resnet_tabular,GuardedGram-G2-after-RBF-k16,2,classification,512,0.48926628015118095,0.48926628015118095,0.42365850906744873,0.42365850906744873,0.0,0.0,0.0,True
embedding,JapaneseVowels,controlled_mlp,Raw RBF-k16 embedding,0,classification,512,0.5606845193425756,0.5606845193425756,0.5606845193425756,0.5606845193425756,0.0,0.0,0.0,True
embedding,JapaneseVowels,controlled_mlp,Raw+Gram@0.75 RBF-k16 embedding,0,classification,512,0.5606845193425756,0.5606845193425756,0.4029800924972067,0.4029800924972067,0.0,0.0,0.0,True
embedding,JapaneseVowels,controlled_mlp,Gram-after-RBF-k16 embedding,0,classification,512,0.5606845193425756,0.5606845193425756,0.43329133922654556,0.43329133922654556,0.0,0.0,0.0,True
embedding,JapaneseVowels,controlled_mlp,GuardedGram-G2-after-RBF-k16,0,classification,512,0.5606845193425756,0.5606845193425756,0.4029800924972067,0.4029800924972067,0.0,0.0,0.0,True
embedding,JapaneseVowels,controlled_mlp,Raw RBF-k16 embedding,1,classification,512,0.5256756855485114,0.5256756855485114,0.5256756855485114,0.5256756855485114,0.0,0.0,0.0,True
embedding,JapaneseVowels,controlled_mlp,Raw+Gram@0.75 RBF-k16 embedding,1,classification,512,0.5256756855485114,0.5256756855485114,0.4177915438329459,0.4177915438329459,0.0,0.0,0.0,True
embedding,JapaneseVowels,controlled_mlp,Gram-after-RBF-k16 embedding,1,classification,512,0.5256756855485114,0.5256756855485114,0.4633917725001975,0.4633917725001975,0.0,0.0,0.0,True
embedding,JapaneseVowels,controlled_mlp,GuardedGram-G2-after-RBF-k16,1,classification,512,0.5256756855485114,0.5256756855485114,0.4177915438329459,0.4177915438329459,0.0,0.0,0.0,True
embedding,JapaneseVowels,controlled_mlp,Raw RBF-k16 embedding,2,classification,512,0.547846063482692,0.547846063482692,0.547846063482692,0.547846063482692,0.0,0.0,0.0,True
embedding,JapaneseVowels,controlled_mlp,Raw+Gram@0.75 RBF-k16 embedding,2,classification,512,0.547846063482692,0.547846063482692,0.44169928588476537,0.44169928588476537,0.0,0.0,0.0,True
embedding,JapaneseVowels,controlled_mlp,Gram-after-RBF-k16 embedding,2,classification,512,0.547846063482692,0.547846063482692,0.4785519519936248,0.4785519519936248,0.0,0.0,0.0,True
embedding,JapaneseVowels,controlled_mlp,GuardedGram-G2-after-RBF-k16,2,classification,512,0.547846063482692,0.547846063482692,0.44169928588476537,0.44169928588476537,0.0,0.0,0.0,True
embedding,JapaneseVowels,tabm_d,Raw RBF-k16 embedding,0,classification,512,0.3729461509244461,0.3729461509244461,0.3729461509244461,0.3729461509244461,0.0,0.0,0.0,True
embedding,JapaneseVowels,tabm_d,Raw+Gram@0.75 RBF-k16 embedding,0,classification,512,0.3729461509244461,0.3729461509244461,0.22822854792594685,0.22822854792594685,0.0,0.0,0.0,True
embedding,JapaneseVowels,tabm_d,Gram-after-RBF-k16 embedding,0,classification,512,0.3729461509244461,0.3729461509244461,0.19579966540135013,0.19579966540135013,0.0,0.0,0.0,True
embedding,JapaneseVowels,tabm_d,GuardedGram-G2-after-RBF-k16,0,classification,512,0.3729461509244461,0.3729461509244461,0.22822854792594685,0.22822854792594685,0.0,0.0,0.0,True
embedding,JapaneseVowels,tabm_d,Raw RBF-k16 embedding,1,classification,512,0.2620027930886515,0.2620027930886515,0.2620027930886515,0.2620027930886515,0.0,0.0,0.0,True
embedding,JapaneseVowels,tabm_d,Raw+Gram@0.75 RBF-k16 embedding,1,classification,512,0.2620027930886515,0.2620027930886515,0.20556897482716419,0.20556897482716419,0.0,0.0,0.0,True
embedding,JapaneseVowels,tabm_d,Gram-after-RBF-k16 embedding,1,classification,512,0.2620027930886515,0.2620027930886515,0.19296378338178719,0.19296378338178719,0.0,0.0,0.0,True
embedding,JapaneseVowels,tabm_d,GuardedGram-G2-after-RBF-k16,1,classification,512,0.2620027930886515,0.2620027930886515,0.20556897482716419,0.20556897482716419,0.0,0.0,0.0,True
embedding,JapaneseVowels,tabm_d,Raw RBF-k16 embedding,2,classification,512,0.24821205545156533,0.24821205545156533,0.24821205545156533,0.24821205545156533,0.0,0.0,0.0,True
embedding,JapaneseVowels,tabm_d,Raw+Gram@0.75 RBF-k16 embedding,2,classification,512,0.24821205545156533,0.24821205545156533,0.19437422306506635,0.19437422306506635,0.0,0.0,0.0,True
embedding,JapaneseVowels,tabm_d,Gram-after-RBF-k16 embedding,2,classification,512,0.24821205545156533,0.24821205545156533,0.1852926226277231,0.1852926226277231,0.0,0.0,0.0,True
embedding,JapaneseVowels,tabm_d,GuardedGram-G2-after-RBF-k16,2,classification,512,0.24821205545156533,0.24821205545156533,0.19437422306506635,0.19437422306506635,0.0,0.0,0.0,True
embedding,JapaneseVowels,resnet_tabular,Raw RBF-k16 embedding,0,classification,512,0.48879058247833906,0.48879058247833906,0.48879058247833906,0.48879058247833906,0.0,0.0,0.0,True
embedding,JapaneseVowels,resnet_tabular,Raw+Gram@0.75 RBF-k16 embedding,0,classification,512,0.48879058247833906,0.48879058247833906,0.34994634883164755,0.34994634883164755,0.0,0.0,0.0,True
embedding,JapaneseVowels,resnet_tabular,Gram-after-RBF-k16 embedding,0,classification,512,0.48879058247833906,0.48879058247833906,0.39029509124894624,0.39029509124894624,0.0,0.0,0.0,True
embedding,JapaneseVowels,resnet_tabular,GuardedGram-G2-after-RBF-k16,0,classification,512,0.48879058247833906,0.48879058247833906,0.34994634883164755,0.34994634883164755,0.0,0.0,0.0,True
embedding,JapaneseVowels,resnet_tabular,Raw RBF-k16 embedding,1,classification,512,0.5007518170618964,0.5007518170618964,0.5007518170618964,0.5007518170618964,0.0,0.0,0.0,True
embedding,JapaneseVowels,resnet_tabular,Raw+Gram@0.75 RBF-k16 embedding,1,classification,512,0.5007518170618964,0.5007518170618964,0.34350502765026647,0.34350502765026647,0.0,0.0,0.0,True
embedding,JapaneseVowels,resnet_tabular,Gram-after-RBF-k16 embedding,1,classification,512,0.5007518170618964,0.5007518170618964,0.36725780024785637,0.36725780024785637,0.0,0.0,0.0,True
embedding,JapaneseVowels,resnet_tabular,GuardedGram-G2-after-RBF-k16,1,classification,512,0.5007518170618964,0.5007518170618964,0.34350502765026647,0.34350502765026647,0.0,0.0,0.0,True
embedding,JapaneseVowels,resnet_tabular,Raw RBF-k16 embedding,2,classification,512,0.49178353257135915,0.49178353257135915,0.49178353257135915,0.49178353257135915,0.0,0.0,0.0,True
embedding,JapaneseVowels,resnet_tabular,Raw+Gram@0.75 RBF-k16 embedding,2,classification,512,0.49178353257135915,0.49178353257135915,0.39772837368893177,0.39772837368893177,0.0,0.0,0.0,True
embedding,JapaneseVowels,resnet_tabular,Gram-after-RBF-k16 embedding,2,classification,512,0.49178353257135915,0.49178353257135915,0.43763016433731544,0.43763016433731544,0.0,0.0,0.0,True
embedding,JapaneseVowels,resnet_tabular,GuardedGram-G2-after-RBF-k16,2,classification,512,0.49178353257135915,0.49178353257135915,0.39772837368893177,0.39772837368893177,0.0,0.0,0.0,True
embedding,ada_prior,controlled_mlp,Raw RBF-k16 embedding,0,classification,512,0.38168639460932585,0.38168639460932585,0.38168639460932585,0.38168639460932585,0.0,0.0,0.0,True
embedding,ada_prior,controlled_mlp,Raw+Gram@0.75 RBF-k16 embedding,0,classification,512,0.38168639460932585,0.38168639460932585,0.3847741456071748,0.3847741456071748,0.0,0.0,0.0,True
embedding,ada_prior,controlled_mlp,Gram-after-RBF-k16 embedding,0,classification,512,0.38168639460932585,0.38168639460932585,0.3975293188887506,0.3975293188887506,0.0,0.0,0.0,True
embedding,ada_prior,controlled_mlp,GuardedGram-G2-after-RBF-k16,0,classification,512,0.38168639460932585,0.38168639460932585,0.3847741456071748,0.3847741456071748,0.0,0.0,0.0,True
embedding,ada_prior,controlled_mlp,Raw RBF-k16 embedding,1,classification,512,0.37858743242487025,0.37858743242487025,0.37858743242487025,0.37858743242487025,0.0,0.0,0.0,True
embedding,ada_prior,controlled_mlp,Raw+Gram@0.75 RBF-k16 embedding,1,classification,512,0.37858743242487025,0.37858743242487025,0.3827973197362019,0.3827973197362019,0.0,0.0,0.0,True
embedding,ada_prior,controlled_mlp,Gram-after-RBF-k16 embedding,1,classification,512,0.37858743242487025,0.37858743242487025,0.3944605338689764,0.3944605338689764,0.0,0.0,0.0,True
embedding,ada_prior,controlled_mlp,GuardedGram-G2-after-RBF-k16,1,classification,512,0.37858743242487025,0.37858743242487025,0.3775140386529793,0.3775140386529793,0.0,0.0,0.0,True
embedding,ada_prior,controlled_mlp,Raw RBF-k16 embedding,2,classification,512,0.3763973120279436,0.3763973120279436,0.3763973120279436,0.3763973120279436,0.0,0.0,0.0,True
embedding,ada_prior,controlled_mlp,Raw+Gram@0.75 RBF-k16 embedding,2,classification,512,0.3763973120279436,0.3763973120279436,0.3747680714093773,0.3747680714093773,0.0,0.0,0.0,True
embedding,ada_prior,controlled_mlp,Gram-after-RBF-k16 embedding,2,classification,512,0.3763973120279436,0.3763973120279436,0.38553054376108076,0.38553054376108076,0.0,0.0,0.0,True
embedding,ada_prior,controlled_mlp,GuardedGram-G2-after-RBF-k16,2,classification,512,0.3763973120279436,0.3763973120279436,0.3710864591002375,0.3710864591002375,0.0,0.0,0.0,True
embedding,ada_prior,tabm_d,Raw RBF-k16 embedding,0,classification,512,0.36383627652669237,0.36383627652669237,0.36383627652669237,0.36383627652669237,0.0,0.0,0.0,True
embedding,ada_prior,tabm_d,Raw+Gram@0.75 RBF-k16 embedding,0,classification,512,0.36383627652669237,0.36383627652669237,0.3724461933436999,0.3724461933436999,0.0,0.0,0.0,True
embedding,ada_prior,tabm_d,Gram-after-RBF-k16 embedding,0,classification,512,0.36383627652669237,0.36383627652669237,0.3794888269245045,0.3794888269245045,0.0,0.0,0.0,True
embedding,ada_prior,tabm_d,GuardedGram-G2-after-RBF-k16,0,classification,512,0.36383627652669237,0.36383627652669237,0.36383627652669237,0.36383627652669237,0.0,0.0,0.0,True
embedding,ada_prior,tabm_d,Raw RBF-k16 embedding,1,classification,512,0.3634308018879405,0.3634308018879405,0.3634308018879405,0.3634308018879405,0.0,0.0,0.0,True
embedding,ada_prior,tabm_d,Raw+Gram@0.75 RBF-k16 embedding,1,classification,512,0.3634308018879405,0.3634308018879405,0.3704544801478279,0.3704544801478279,0.0,0.0,0.0,True
embedding,ada_prior,tabm_d,Gram-after-RBF-k16 embedding,1,classification,512,0.3634308018879405,0.3634308018879405,0.3761458530661299,0.3761458530661299,0.0,0.0,0.0,True
embedding,ada_prior,tabm_d,GuardedGram-G2-after-RBF-k16,1,classification,512,0.3634308018879405,0.3634308018879405,0.3634308018879405,0.3634308018879405,0.0,0.0,0.0,True
embedding,ada_prior,tabm_d,Raw RBF-k16 embedding,2,classification,512,0.36726031657154773,0.36726031657154773,0.36726031657154773,0.36726031657154773,0.0,0.0,0.0,True
embedding,ada_prior,tabm_d,Raw+Gram@0.75 RBF-k16 embedding,2,classification,512,0.36726031657154773,0.36726031657154773,0.3681310414343275,0.3681310414343275,0.0,0.0,0.0,True
embedding,ada_prior,tabm_d,Gram-after-RBF-k16 embedding,2,classification,512,0.36726031657154773,0.36726031657154773,0.3819899505358485,0.3819899505358485,0.0,0.0,0.0,True
embedding,ada_prior,tabm_d,GuardedGram-G2-after-RBF-k16,2,classification,512,0.36726031657154773,0.36726031657154773,0.36726031657154773,0.36726031657154773,0.0,0.0,0.0,True
embedding,ada_prior,resnet_tabular,Raw RBF-k16 embedding,0,classification,512,0.3701554322333329,0.3701554322333329,0.3701554322333329,0.3701554322333329,0.0,0.0,0.0,True
embedding,ada_prior,resnet_tabular,Raw+Gram@0.75 RBF-k16 embedding,0,classification,512,0.3701554322333329,0.3701554322333329,0.37330769102205785,0.37330769102205785,0.0,0.0,0.0,True
embedding,ada_prior,resnet_tabular,Gram-after-RBF-k16 embedding,0,classification,512,0.3701554322333329,0.3701554322333329,0.38254311632276483,0.38254311632276483,0.0,0.0,0.0,True
embedding,ada_prior,resnet_tabular,GuardedGram-G2-after-RBF-k16,0,classification,512,0.3701554322333329,0.3701554322333329,0.37330769102205785,0.37330769102205785,0.0,0.0,0.0,True
embedding,ada_prior,resnet_tabular,Raw RBF-k16 embedding,1,classification,512,0.3831617843527151,0.3831617843527151,0.3831617843527151,0.3831617843527151,0.0,0.0,0.0,True
embedding,ada_prior,resnet_tabular,Raw+Gram@0.75 RBF-k16 embedding,1,classification,512,0.3831617843527151,0.3831617843527151,0.3882711807025544,0.3882711807025544,0.0,0.0,0.0,True
embedding,ada_prior,resnet_tabular,Gram-after-RBF-k16 embedding,1,classification,512,0.3831617843527151,0.3831617843527151,0.4038646539766748,0.4038646539766748,0.0,0.0,0.0,True
embedding,ada_prior,resnet_tabular,GuardedGram-G2-after-RBF-k16,1,classification,512,0.3831617843527151,0.3831617843527151,0.3810929156399596,0.3810929156399596,0.0,0.0,0.0,True
embedding,ada_prior,resnet_tabular,Raw RBF-k16 embedding,2,classification,512,0.3747307182205792,0.3747307182205792,0.3747307182205792,0.3747307182205792,0.0,0.0,0.0,True
embedding,ada_prior,resnet_tabular,Raw+Gram@0.75 RBF-k16 embedding,2,classification,512,0.3747307182205792,0.3747307182205792,0.36853972663954343,0.36853972663954343,0.0,0.0,0.0,True
embedding,ada_prior,resnet_tabular,Gram-after-RBF-k16 embedding,2,classification,512,0.3747307182205792,0.3747307182205792,0.3870097525560626,0.3870097525560626,0.0,0.0,0.0,True
embedding,ada_prior,resnet_tabular,GuardedGram-G2-after-RBF-k16,2,classification,512,0.3747307182205792,0.3747307182205792,0.36853972663954343,0.36853972663954343,0.0,0.0,0.0,True
embedding,eye_movements,controlled_mlp,Raw RBF-k16 embedding,0,classification,512,1.005309379696878,1.005309379696878,1.005309379696878,1.005309379696878,0.0,0.0,0.0,True
embedding,eye_movements,controlled_mlp,Raw+Gram@0.75 RBF-k16 embedding,0,classification,512,1.005309379696878,1.005309379696878,0.9842235968487271,0.9842235968487271,0.0,0.0,0.0,True
embedding,eye_movements,controlled_mlp,Gram-after-RBF-k16 embedding,0,classification,512,1.005309379696878,1.005309379696878,0.9921539919369211,0.9921539919369211,0.0,0.0,0.0,True
embedding,eye_movements,controlled_mlp,GuardedGram-G2-after-RBF-k16,0,classification,512,1.005309379696878,1.005309379696878,0.9842235968487271,0.9842235968487271,0.0,0.0,0.0,True
embedding,eye_movements,controlled_mlp,Raw RBF-k16 embedding,1,classification,512,1.0012626985447768,1.0012626985447768,1.0012626985447768,1.0012626985447768,0.0,0.0,0.0,True
embedding,eye_movements,controlled_mlp,Raw+Gram@0.75 RBF-k16 embedding,1,classification,512,1.0012626985447768,1.0012626985447768,0.9860839773785036,0.9860839773785036,0.0,0.0,0.0,True
embedding,eye_movements,controlled_mlp,Gram-after-RBF-k16 embedding,1,classification,512,1.0012626985447768,1.0012626985447768,1.0002166117084363,1.0002166117084363,0.0,0.0,0.0,True
embedding,eye_movements,controlled_mlp,GuardedGram-G2-after-RBF-k16,1,classification,512,1.0012626985447768,1.0012626985447768,0.9860839773785036,0.9860839773785036,0.0,0.0,0.0,True
embedding,eye_movements,controlled_mlp,Raw RBF-k16 embedding,2,classification,512,1.0051633060902205,1.0051633060902205,1.0051633060902205,1.0051633060902205,0.0,0.0,0.0,True
embedding,eye_movements,controlled_mlp,Raw+Gram@0.75 RBF-k16 embedding,2,classification,512,1.0051633060902205,1.0051633060902205,0.9980290540403082,0.9980290540403082,0.0,0.0,0.0,True
embedding,eye_movements,controlled_mlp,Gram-after-RBF-k16 embedding,2,classification,512,1.0051633060902205,1.0051633060902205,1.021527911275246,1.021527911275246,0.0,0.0,0.0,True
embedding,eye_movements,controlled_mlp,GuardedGram-G2-after-RBF-k16,2,classification,512,1.0051633060902205,1.0051633060902205,0.9980290540403082,0.9980290540403082,0.0,0.0,0.0,True
embedding,eye_movements,tabm_d,Raw RBF-k16 embedding,0,classification,512,1.036316337024269,1.036316337024269,1.036316337024269,1.036316337024269,0.0,0.0,0.0,True
embedding,eye_movements,tabm_d,Raw+Gram@0.75 RBF-k16 embedding,0,classification,512,1.036316337024269,1.036316337024269,1.019196377373723,1.019196377373723,0.0,0.0,0.0,True
embedding,eye_movements,tabm_d,Gram-after-RBF-k16 embedding,0,classification,512,1.036316337024269,1.036316337024269,1.0319778566652484,1.0319778566652484,0.0,0.0,0.0,True
embedding,eye_movements,tabm_d,GuardedGram-G2-after-RBF-k16,0,classification,512,1.036316337024269,1.036316337024269,1.019196377373723,1.019196377373723,0.0,0.0,0.0,True
embedding,eye_movements,tabm_d,Raw RBF-k16 embedding,1,classification,512,0.983483782947022,0.983483782947022,0.983483782947022,0.983483782947022,0.0,0.0,0.0,True
embedding,eye_movements,tabm_d,Raw+Gram@0.75 RBF-k16 embedding,1,classification,512,0.983483782947022,0.983483782947022,0.9960331051775465,0.9960331051775465,0.0,0.0,0.0,True
embedding,eye_movements,tabm_d,Gram-after-RBF-k16 embedding,1,classification,512,0.983483782947022,0.983483782947022,1.027584697873833,1.027584697873833,0.0,0.0,0.0,True
embedding,eye_movements,tabm_d,GuardedGram-G2-after-RBF-k16,1,classification,512,0.983483782947022,0.983483782947022,0.9960331051775465,0.9960331051775465,0.0,0.0,0.0,True
embedding,eye_movements,tabm_d,Raw RBF-k16 embedding,2,classification,512,1.1192533362232233,1.1192533362232233,1.1192533362232233,1.1192533362232233,0.0,0.0,0.0,True
embedding,eye_movements,tabm_d,Raw+Gram@0.75 RBF-k16 embedding,2,classification,512,1.1192533362232233,1.1192533362232233,0.9410148841156116,0.9410148841156116,0.0,0.0,0.0,True
embedding,eye_movements,tabm_d,Gram-after-RBF-k16 embedding,2,classification,512,1.1192533362232233,1.1192533362232233,0.9625868137568498,0.9625868137568498,0.0,0.0,0.0,True
embedding,eye_movements,tabm_d,GuardedGram-G2-after-RBF-k16,2,classification,512,1.1192533362232233,1.1192533362232233,0.9410148841156116,0.9410148841156116,0.0,0.0,0.0,True
embedding,eye_movements,resnet_tabular,Raw RBF-k16 embedding,0,classification,512,1.047503404871568,1.047503404871568,1.047503404871568,1.047503404871568,0.0,0.0,0.0,True
embedding,eye_movements,resnet_tabular,Raw+Gram@0.75 RBF-k16 embedding,0,classification,512,1.047503404871568,1.047503404871568,0.9758933882976308,0.9758933882976308,0.0,0.0,0.0,True
embedding,eye_movements,resnet_tabular,Gram-after-RBF-k16 embedding,0,classification,512,1.047503404871568,1.047503404871568,0.9797881680410591,0.9797881680410591,0.0,0.0,0.0,True
embedding,eye_movements,resnet_tabular,GuardedGram-G2-after-RBF-k16,0,classification,512,1.047503404871568,1.047503404871568,0.9758933882976308,0.9758933882976308,0.0,0.0,0.0,True
embedding,eye_movements,resnet_tabular,Raw RBF-k16 embedding,1,classification,512,1.006612061435585,1.006612061435585,1.006612061435585,1.006612061435585,0.0,0.0,0.0,True
embedding,eye_movements,resnet_tabular,Raw+Gram@0.75 RBF-k16 embedding,1,classification,512,1.006612061435585,1.006612061435585,0.9890201616848722,0.9890201616848722,0.0,0.0,0.0,True
embedding,eye_movements,resnet_tabular,Gram-after-RBF-k16 embedding,1,classification,512,1.006612061435585,1.006612061435585,1.0117758043663243,1.0117758043663243,0.0,0.0,0.0,True
embedding,eye_movements,resnet_tabular,GuardedGram-G2-after-RBF-k16,1,classification,512,1.006612061435585,1.006612061435585,0.9890201616848722,0.9890201616848722,0.0,0.0,0.0,True
embedding,eye_movements,resnet_tabular,Raw RBF-k16 embedding,2,classification,512,0.9944320280470439,0.9944320280470439,0.9944320280470439,0.9944320280470439,0.0,0.0,0.0,True
embedding,eye_movements,resnet_tabular,Raw+Gram@0.75 RBF-k16 embedding,2,classification,512,0.9944320280470439,0.9944320280470439,0.9775288354616205,0.9775288354616205,0.0,0.0,0.0,True
embedding,eye_movements,resnet_tabular,Gram-after-RBF-k16 embedding,2,classification,512,0.9944320280470439,0.9944320280470439,0.9982615061588864,0.9982615061588864,0.0,0.0,0.0,True
embedding,eye_movements,resnet_tabular,GuardedGram-G2-after-RBF-k16,2,classification,512,0.9944320280470439,0.9944320280470439,0.9775288354616205,0.9775288354616205,0.0,0.0,0.0,True
embedding,mozilla4,controlled_mlp,Raw RBF-k16 embedding,0,classification,512,0.3162899058494846,0.3162899058494846,0.3162899058494846,0.3162899058494846,0.0,0.0,0.0,True
embedding,mozilla4,controlled_mlp,Raw+Gram@0.75 RBF-k16 embedding,0,classification,512,0.3162899058494846,0.3162899058494846,0.3286954921088676,0.3286954921088676,0.0,0.0,0.0,True
embedding,mozilla4,controlled_mlp,Gram-after-RBF-k16 embedding,0,classification,512,0.3162899058494846,0.3162899058494846,0.342941693514783,0.342941693514783,0.0,0.0,0.0,True
embedding,mozilla4,controlled_mlp,GuardedGram-G2-after-RBF-k16,0,classification,512,0.3162899058494846,0.3162899058494846,0.3168265033155587,0.3168265033155587,0.0,0.0,0.0,True
embedding,mozilla4,controlled_mlp,Raw RBF-k16 embedding,1,classification,512,0.3191594682355162,0.3191594682355162,0.3191594682355162,0.3191594682355162,0.0,0.0,0.0,True
embedding,mozilla4,controlled_mlp,Raw+Gram@0.75 RBF-k16 embedding,1,classification,512,0.3191594682355162,0.3191594682355162,0.32494399927581497,0.32494399927581497,0.0,0.0,0.0,True
embedding,mozilla4,controlled_mlp,Gram-after-RBF-k16 embedding,1,classification,512,0.3191594682355162,0.3191594682355162,0.33498222783074777,0.33498222783074777,0.0,0.0,0.0,True
embedding,mozilla4,controlled_mlp,GuardedGram-G2-after-RBF-k16,1,classification,512,0.3191594682355162,0.3191594682355162,0.3191594682355162,0.3191594682355162,0.0,0.0,0.0,True
embedding,mozilla4,controlled_mlp,Raw RBF-k16 embedding,2,classification,512,0.3157350859640756,0.3157350859640756,0.3157350859640756,0.3157350859640756,0.0,0.0,0.0,True
embedding,mozilla4,controlled_mlp,Raw+Gram@0.75 RBF-k16 embedding,2,classification,512,0.3157350859640756,0.3157350859640756,0.3298124398968386,0.3298124398968386,0.0,0.0,0.0,True
embedding,mozilla4,controlled_mlp,Gram-after-RBF-k16 embedding,2,classification,512,0.3157350859640756,0.3157350859640756,0.3479192325687098,0.3479192325687098,0.0,0.0,0.0,True
embedding,mozilla4,controlled_mlp,GuardedGram-G2-after-RBF-k16,2,classification,512,0.3157350859640756,0.3157350859640756,0.3172749251510702,0.3172749251510702,0.0,0.0,0.0,True
embedding,mozilla4,tabm_d,Raw RBF-k16 embedding,0,classification,512,0.24476951784741058,0.24476951784741058,0.24476951784741058,0.24476951784741058,0.0,0.0,0.0,True
embedding,mozilla4,tabm_d,Raw+Gram@0.75 RBF-k16 embedding,0,classification,512,0.24476951784741058,0.24476951784741058,0.23668745027338178,0.23668745027338178,0.0,0.0,0.0,True
embedding,mozilla4,tabm_d,Gram-after-RBF-k16 embedding,0,classification,512,0.24476951784741058,0.24476951784741058,0.23831671030570306,0.23831671030570306,0.0,0.0,0.0,True
embedding,mozilla4,tabm_d,GuardedGram-G2-after-RBF-k16,0,classification,512,0.24476951784741058,0.24476951784741058,0.23668745027338178,0.23668745027338178,0.0,0.0,0.0,True
embedding,mozilla4,tabm_d,Raw RBF-k16 embedding,1,classification,512,0.3177708158137239,0.3177708158137239,0.3177708158137239,0.3177708158137239,0.0,0.0,0.0,True
embedding,mozilla4,tabm_d,Raw+Gram@0.75 RBF-k16 embedding,1,classification,512,0.3177708158137239,0.3177708158137239,0.23813965199825998,0.23813965199825998,0.0,0.0,0.0,True
embedding,mozilla4,tabm_d,Gram-after-RBF-k16 embedding,1,classification,512,0.3177708158137239,0.3177708158137239,0.23087053751681103,0.23087053751681103,0.0,0.0,0.0,True
embedding,mozilla4,tabm_d,GuardedGram-G2-after-RBF-k16,1,classification,512,0.3177708158137239,0.3177708158137239,0.23813965199825998,0.23813965199825998,0.0,0.0,0.0,True
embedding,mozilla4,tabm_d,Raw RBF-k16 embedding,2,classification,512,0.24874473033453837,0.24874473033453837,0.24874473033453837,0.24874473033453837,0.0,0.0,0.0,True
embedding,mozilla4,tabm_d,Raw+Gram@0.75 RBF-k16 embedding,2,classification,512,0.24874473033453837,0.24874473033453837,0.23100347609626312,0.23100347609626312,0.0,0.0,0.0,True
embedding,mozilla4,tabm_d,Gram-after-RBF-k16 embedding,2,classification,512,0.24874473033453837,0.24874473033453837,0.22925142117498362,0.22925142117498362,0.0,0.0,0.0,True
embedding,mozilla4,tabm_d,GuardedGram-G2-after-RBF-k16,2,classification,512,0.24874473033453837,0.24874473033453837,0.23100347609626312,0.23100347609626312,0.0,0.0,0.0,True
embedding,mozilla4,resnet_tabular,Raw RBF-k16 embedding,0,classification,512,0.33707927628265777,0.33707927628265777,0.33707927628265777,0.33707927628265777,0.0,0.0,0.0,True
embedding,mozilla4,resnet_tabular,Raw+Gram@0.75 RBF-k16 embedding,0,classification,512,0.33707927628265777,0.33707927628265777,0.33693305829619796,0.33693305829619796,0.0,0.0,0.0,True
embedding,mozilla4,resnet_tabular,Gram-after-RBF-k16 embedding,0,classification,512,0.33707927628265777,0.33707927628265777,0.3494428674895059,0.3494428674895059,0.0,0.0,0.0,True
embedding,mozilla4,resnet_tabular,GuardedGram-G2-after-RBF-k16,0,classification,512,0.33707927628265777,0.33707927628265777,0.3296923431431112,0.3296923431431112,0.0,0.0,0.0,True
embedding,mozilla4,resnet_tabular,Raw RBF-k16 embedding,1,classification,512,0.3320949367244349,0.3320949367244349,0.3320949367244349,0.3320949367244349,0.0,0.0,0.0,True
embedding,mozilla4,resnet_tabular,Raw+Gram@0.75 RBF-k16 embedding,1,classification,512,0.3320949367244349,0.3320949367244349,0.3455742447402317,0.3455742447402317,0.0,0.0,0.0,True
embedding,mozilla4,resnet_tabular,Gram-after-RBF-k16 embedding,1,classification,512,0.3320949367244349,0.3320949367244349,0.3612660714966789,0.3612660714966789,0.0,0.0,0.0,True
embedding,mozilla4,resnet_tabular,GuardedGram-G2-after-RBF-k16,1,classification,512,0.3320949367244349,0.3320949367244349,0.3320949367244349,0.3320949367244349,0.0,0.0,0.0,True
embedding,mozilla4,resnet_tabular,Raw RBF-k16 embedding,2,classification,512,0.31741341323875594,0.31741341323875594,0.31741341323875594,0.31741341323875594,0.0,0.0,0.0,True
embedding,mozilla4,resnet_tabular,Raw+Gram@0.75 RBF-k16 embedding,2,classification,512,0.31741341323875594,0.31741341323875594,0.33265943965520905,0.33265943965520905,0.0,0.0,0.0,True
embedding,mozilla4,resnet_tabular,Gram-after-RBF-k16 embedding,2,classification,512,0.31741341323875594,0.31741341323875594,0.3504602875754121,0.3504602875754121,0.0,0.0,0.0,True
embedding,mozilla4,resnet_tabular,GuardedGram-G2-after-RBF-k16,2,classification,512,0.31741341323875594,0.31741341323875594,0.31741341323875594,0.31741341323875594,0.0,0.0,0.0,True
embedding,2dplanes,controlled_mlp,Raw RBF-k16 embedding,0,regression,512,1.0029760687811704,1.0029760687811704,1.0029760687811704,1.0029760687811704,0.0,0.0,0.0,True
embedding,2dplanes,controlled_mlp,Raw+Gram@0.75 RBF-k16 embedding,0,regression,512,1.0029760687811704,1.0029760687811704,1.0206869238504181,1.0206869238504181,0.0,0.0,0.0,True
embedding,2dplanes,controlled_mlp,Gram-after-RBF-k16 embedding,0,regression,512,1.0029760687811704,1.0029760687811704,1.0360812579424232,1.0360812579424232,0.0,0.0,0.0,True
embedding,2dplanes,controlled_mlp,GuardedGram-G2-after-RBF-k16,0,regression,512,1.0029760687811704,1.0029760687811704,1.0206869238504181,1.0206869238504181,0.0,0.0,0.0,True
embedding,2dplanes,controlled_mlp,Raw RBF-k16 embedding,1,regression,512,1.028845063438846,1.028845063438846,1.028845063438846,1.028845063438846,0.0,0.0,0.0,True
embedding,2dplanes,controlled_mlp,Raw+Gram@0.75 RBF-k16 embedding,1,regression,512,1.028845063438846,1.028845063438846,1.0316842569825528,1.0316842569825528,0.0,0.0,0.0,True
embedding,2dplanes,controlled_mlp,Gram-after-RBF-k16 embedding,1,regression,512,1.028845063438846,1.028845063438846,1.0448724843672368,1.0448724843672368,0.0,0.0,0.0,True
embedding,2dplanes,controlled_mlp,GuardedGram-G2-after-RBF-k16,1,regression,512,1.028845063438846,1.028845063438846,1.0316842569825528,1.0316842569825528,0.0,0.0,0.0,True
embedding,2dplanes,controlled_mlp,Raw RBF-k16 embedding,2,regression,512,1.0336788996608943,1.0336788996608943,1.0336788996608943,1.0336788996608943,0.0,0.0,0.0,True
embedding,2dplanes,controlled_mlp,Raw+Gram@0.75 RBF-k16 embedding,2,regression,512,1.0336788996608943,1.0336788996608943,1.040011693942182,1.040011693942182,0.0,0.0,0.0,True
embedding,2dplanes,controlled_mlp,Gram-after-RBF-k16 embedding,2,regression,512,1.0336788996608943,1.0336788996608943,1.0731925344745474,1.0731925344745474,0.0,0.0,0.0,True
embedding,2dplanes,controlled_mlp,GuardedGram-G2-after-RBF-k16,2,regression,512,1.0336788996608943,1.0336788996608943,1.040011693942182,1.040011693942182,0.0,0.0,0.0,True
embedding,2dplanes,tabm_d,Raw RBF-k16 embedding,0,regression,512,0.982972975616692,0.982972975616692,0.982972975616692,0.982972975616692,0.0,0.0,0.0,True
embedding,2dplanes,tabm_d,Raw+Gram@0.75 RBF-k16 embedding,0,regression,512,0.982972975616692,0.982972975616692,0.991788607042813,0.991788607042813,0.0,0.0,0.0,True
embedding,2dplanes,tabm_d,Gram-after-RBF-k16 embedding,0,regression,512,0.982972975616692,0.982972975616692,1.0017158495226486,1.0017158495226486,0.0,0.0,0.0,True
embedding,2dplanes,tabm_d,GuardedGram-G2-after-RBF-k16,0,regression,512,0.982972975616692,0.982972975616692,0.991788607042813,0.991788607042813,0.0,0.0,0.0,True
embedding,2dplanes,tabm_d,Raw RBF-k16 embedding,1,regression,512,0.9801542418833351,0.9801542418833351,0.9801542418833351,0.9801542418833351,0.0,0.0,0.0,True
embedding,2dplanes,tabm_d,Raw+Gram@0.75 RBF-k16 embedding,1,regression,512,0.9801542418833351,0.9801542418833351,0.992023029280323,0.992023029280323,0.0,0.0,0.0,True
embedding,2dplanes,tabm_d,Gram-after-RBF-k16 embedding,1,regression,512,0.9801542418833351,0.9801542418833351,1.0031440129132607,1.0031440129132607,0.0,0.0,0.0,True
embedding,2dplanes,tabm_d,GuardedGram-G2-after-RBF-k16,1,regression,512,0.9801542418833351,0.9801542418833351,0.992023029280323,0.992023029280323,0.0,0.0,0.0,True
embedding,2dplanes,tabm_d,Raw RBF-k16 embedding,2,regression,512,0.9747484590896413,0.9747484590896413,0.9747484590896413,0.9747484590896413,0.0,0.0,0.0,True
embedding,2dplanes,tabm_d,Raw+Gram@0.75 RBF-k16 embedding,2,regression,512,0.9747484590896413,0.9747484590896413,0.991921705157384,0.991921705157384,0.0,0.0,0.0,True
embedding,2dplanes,tabm_d,Gram-after-RBF-k16 embedding,2,regression,512,0.9747484590896413,0.9747484590896413,1.003673696856058,1.003673696856058,0.0,0.0,0.0,True
embedding,2dplanes,tabm_d,GuardedGram-G2-after-RBF-k16,2,regression,512,0.9747484590896413,0.9747484590896413,0.991921705157384,0.991921705157384,0.0,0.0,0.0,True
embedding,2dplanes,resnet_tabular,Raw RBF-k16 embedding,0,regression,512,1.1440091285475757,1.1440091285475757,1.1440091285475757,1.1440091285475757,0.0,0.0,0.0,True
embedding,2dplanes,resnet_tabular,Raw+Gram@0.75 RBF-k16 embedding,0,regression,512,1.1440091285475757,1.1440091285475757,1.0640334158274989,1.0640334158274989,0.0,0.0,0.0,True
embedding,2dplanes,resnet_tabular,Gram-after-RBF-k16 embedding,0,regression,512,1.1440091285475757,1.1440091285475757,1.0783437741566015,1.0783437741566015,0.0,0.0,0.0,True
embedding,2dplanes,resnet_tabular,GuardedGram-G2-after-RBF-k16,0,regression,512,1.1440091285475757,1.1440091285475757,1.0640334158274989,1.0640334158274989,0.0,0.0,0.0,True
embedding,2dplanes,resnet_tabular,Raw RBF-k16 embedding,1,regression,512,1.1142454866381495,1.1142454866381495,1.1142454866381495,1.1142454866381495,0.0,0.0,0.0,True
embedding,2dplanes,resnet_tabular,Raw+Gram@0.75 RBF-k16 embedding,1,regression,512,1.1142454866381495,1.1142454866381495,1.0880156763331221,1.0880156763331221,0.0,0.0,0.0,True
embedding,2dplanes,resnet_tabular,Gram-after-RBF-k16 embedding,1,regression,512,1.1142454866381495,1.1142454866381495,1.120663362059286,1.120663362059286,0.0,0.0,0.0,True
embedding,2dplanes,resnet_tabular,GuardedGram-G2-after-RBF-k16,1,regression,512,1.1142454866381495,1.1142454866381495,1.0880156763331221,1.0880156763331221,0.0,0.0,0.0,True
embedding,2dplanes,resnet_tabular,Raw RBF-k16 embedding,2,regression,512,1.079262107573359,1.079262107573359,1.079262107573359,1.079262107573359,0.0,0.0,0.0,True
embedding,2dplanes,resnet_tabular,Raw+Gram@0.75 RBF-k16 embedding,2,regression,512,1.079262107573359,1.079262107573359,1.0812180856548685,1.0812180856548685,0.0,0.0,0.0,True
embedding,2dplanes,resnet_tabular,Gram-after-RBF-k16 embedding,2,regression,512,1.079262107573359,1.079262107573359,1.124806847279206,1.124806847279206,0.0,0.0,0.0,True
embedding,2dplanes,resnet_tabular,GuardedGram-G2-after-RBF-k16,2,regression,512,1.079262107573359,1.079262107573359,1.0812180856548685,1.0812180856548685,0.0,0.0,0.0,True
embedding,puma8NH,controlled_mlp,Raw RBF-k16 embedding,0,regression,512,3.450498295645979,3.450498295645979,3.450498295645979,3.450498295645979,0.0,0.0,0.0,True
embedding,puma8NH,controlled_mlp,Raw+Gram@0.75 RBF-k16 embedding,0,regression,512,3.450498295645979,3.450498295645979,3.4226893803060414,3.4226893803060414,0.0,0.0,0.0,True
embedding,puma8NH,controlled_mlp,Gram-after-RBF-k16 embedding,0,regression,512,3.450498295645979,3.450498295645979,3.4971210260713534,3.4971210260713534,0.0,0.0,0.0,True
embedding,puma8NH,controlled_mlp,GuardedGram-G2-after-RBF-k16,0,regression,512,3.450498295645979,3.450498295645979,3.4226893803060414,3.4226893803060414,0.0,0.0,0.0,True
embedding,puma8NH,controlled_mlp,Raw RBF-k16 embedding,1,regression,512,3.382421444918222,3.382421444918222,3.382421444918222,3.382421444918222,0.0,0.0,0.0,True
embedding,puma8NH,controlled_mlp,Raw+Gram@0.75 RBF-k16 embedding,1,regression,512,3.382421444918222,3.382421444918222,3.436341146827624,3.436341146827624,0.0,0.0,0.0,True
embedding,puma8NH,controlled_mlp,Gram-after-RBF-k16 embedding,1,regression,512,3.382421444918222,3.382421444918222,3.536211849396392,3.536211849396392,0.0,0.0,0.0,True
embedding,puma8NH,controlled_mlp,GuardedGram-G2-after-RBF-k16,1,regression,512,3.382421444918222,3.382421444918222,3.436341146827624,3.436341146827624,0.0,0.0,0.0,True
embedding,puma8NH,controlled_mlp,Raw RBF-k16 embedding,2,regression,512,3.3822872879443073,3.3822872879443073,3.3822872879443073,3.3822872879443073,0.0,0.0,0.0,True
embedding,puma8NH,controlled_mlp,Raw+Gram@0.75 RBF-k16 embedding,2,regression,512,3.3822872879443073,3.3822872879443073,3.4523232400892847,3.4523232400892847,0.0,0.0,0.0,True
embedding,puma8NH,controlled_mlp,Gram-after-RBF-k16 embedding,2,regression,512,3.3822872879443073,3.3822872879443073,3.554936805436124,3.554936805436124,0.0,0.0,0.0,True
embedding,puma8NH,controlled_mlp,GuardedGram-G2-after-RBF-k16,2,regression,512,3.3822872879443073,3.3822872879443073,3.3881023759311324,3.3881023759311324,0.0,0.0,0.0,True
embedding,puma8NH,tabm_d,Raw RBF-k16 embedding,0,regression,512,3.168801259853831,3.168801259853831,3.168801259853831,3.168801259853831,0.0,0.0,0.0,True
embedding,puma8NH,tabm_d,Raw+Gram@0.75 RBF-k16 embedding,0,regression,512,3.168801259853831,3.168801259853831,3.1388953147276086,3.1388953147276086,0.0,0.0,0.0,True
embedding,puma8NH,tabm_d,Gram-after-RBF-k16 embedding,0,regression,512,3.168801259853831,3.168801259853831,3.146510068974572,3.146510068974572,0.0,0.0,0.0,True
embedding,puma8NH,tabm_d,GuardedGram-G2-after-RBF-k16,0,regression,512,3.168801259853831,3.168801259853831,3.1388953147276086,3.1388953147276086,0.0,0.0,0.0,True
embedding,puma8NH,tabm_d,Raw RBF-k16 embedding,1,regression,512,3.202005710540683,3.202005710540683,3.202005710540683,3.202005710540683,0.0,0.0,0.0,True
embedding,puma8NH,tabm_d,Raw+Gram@0.75 RBF-k16 embedding,1,regression,512,3.202005710540683,3.202005710540683,3.1515527705003863,3.1515527705003863,0.0,0.0,0.0,True
embedding,puma8NH,tabm_d,Gram-after-RBF-k16 embedding,1,regression,512,3.202005710540683,3.202005710540683,3.151457710929699,3.151457710929699,0.0,0.0,0.0,True
embedding,puma8NH,tabm_d,GuardedGram-G2-after-RBF-k16,1,regression,512,3.202005710540683,3.202005710540683,3.1515527705003863,3.1515527705003863,0.0,0.0,0.0,True
embedding,puma8NH,tabm_d,Raw RBF-k16 embedding,2,regression,512,3.174491633953129,3.174491633953129,3.174491633953129,3.174491633953129,0.0,0.0,0.0,True
embedding,puma8NH,tabm_d,Raw+Gram@0.75 RBF-k16 embedding,2,regression,512,3.174491633953129,3.174491633953129,3.14230586069257,3.14230586069257,0.0,0.0,0.0,True
embedding,puma8NH,tabm_d,Gram-after-RBF-k16 embedding,2,regression,512,3.174491633953129,3.174491633953129,3.1506948712016225,3.1506948712016225,0.0,0.0,0.0,True
embedding,puma8NH,tabm_d,GuardedGram-G2-after-RBF-k16,2,regression,512,3.174491633953129,3.174491633953129,3.14230586069257,3.14230586069257,0.0,0.0,0.0,True
embedding,puma8NH,resnet_tabular,Raw RBF-k16 embedding,0,regression,512,3.686087284028524,3.686087284028524,3.686087284028524,3.686087284028524,0.0,0.0,0.0,True
embedding,puma8NH,resnet_tabular,Raw+Gram@0.75 RBF-k16 embedding,0,regression,512,3.686087284028524,3.686087284028524,3.500233894333419,3.500233894333419,0.0,0.0,0.0,True
embedding,puma8NH,resnet_tabular,Gram-after-RBF-k16 embedding,0,regression,512,3.686087284028524,3.686087284028524,3.574403438418636,3.574403438418636,0.0,0.0,0.0,True
embedding,puma8NH,resnet_tabular,GuardedGram-G2-after-RBF-k16,0,regression,512,3.686087284028524,3.686087284028524,3.500233894333419,3.500233894333419,0.0,0.0,0.0,True
embedding,puma8NH,resnet_tabular,Raw RBF-k16 embedding,1,regression,512,3.6207313681635984,3.6207313681635984,3.6207313681635984,3.6207313681635984,0.0,0.0,0.0,True
embedding,puma8NH,resnet_tabular,Raw+Gram@0.75 RBF-k16 embedding,1,regression,512,3.6207313681635984,3.6207313681635984,3.42729643867662,3.42729643867662,0.0,0.0,0.0,True
embedding,puma8NH,resnet_tabular,Gram-after-RBF-k16 embedding,1,regression,512,3.6207313681635984,3.6207313681635984,3.488274366649562,3.488274366649562,0.0,0.0,0.0,True
embedding,puma8NH,resnet_tabular,GuardedGram-G2-after-RBF-k16,1,regression,512,3.6207313681635984,3.6207313681635984,3.42729643867662,3.42729643867662,0.0,0.0,0.0,True
embedding,puma8NH,resnet_tabular,Raw RBF-k16 embedding,2,regression,512,3.3868280962212958,3.3868280962212958,3.3868280962212958,3.3868280962212958,0.0,0.0,0.0,True
embedding,puma8NH,resnet_tabular,Raw+Gram@0.75 RBF-k16 embedding,2,regression,512,3.3868280962212958,3.3868280962212958,3.4969073911368134,3.4969073911368134,0.0,0.0,0.0,True
embedding,puma8NH,resnet_tabular,Gram-after-RBF-k16 embedding,2,regression,512,3.3868280962212958,3.3868280962212958,3.650029159028585,3.650029159028585,0.0,0.0,0.0,True
embedding,puma8NH,resnet_tabular,GuardedGram-G2-after-RBF-k16,2,regression,512,3.3868280962212958,3.3868280962212958,3.4969073911368134,3.4969073911368134,0.0,0.0,0.0,True
embedding,bank32nh,controlled_mlp,Raw RBF-k16 embedding,0,regression,512,0.10755604982977267,0.10755604982977267,0.10755604982977267,0.10755604982977267,0.0,0.0,0.0,True
embedding,bank32nh,controlled_mlp,Raw+Gram@0.75 RBF-k16 embedding,0,regression,512,0.10755604982977267,0.10755604982977267,0.10508329704300526,0.10508329704300526,0.0,0.0,0.0,True
embedding,bank32nh,controlled_mlp,Gram-after-RBF-k16 embedding,0,regression,512,0.10755604982977267,0.10755604982977267,0.10526401741286125,0.10526401741286125,0.0,0.0,0.0,True
embedding,bank32nh,controlled_mlp,GuardedGram-G2-after-RBF-k16,0,regression,512,0.10755604982977267,0.10755604982977267,0.10508329704300526,0.10508329704300526,0.0,0.0,0.0,True
embedding,bank32nh,controlled_mlp,Raw RBF-k16 embedding,1,regression,512,0.10720807400348267,0.10720807400348267,0.10720807400348267,0.10720807400348267,0.0,0.0,0.0,True
embedding,bank32nh,controlled_mlp,Raw+Gram@0.75 RBF-k16 embedding,1,regression,512,0.10720807400348267,0.10720807400348267,0.1050750924009185,0.1050750924009185,0.0,0.0,0.0,True
embedding,bank32nh,controlled_mlp,Gram-after-RBF-k16 embedding,1,regression,512,0.10720807400348267,0.10720807400348267,0.10604008001184133,0.10604008001184133,0.0,0.0,0.0,True
embedding,bank32nh,controlled_mlp,GuardedGram-G2-after-RBF-k16,1,regression,512,0.10720807400348267,0.10720807400348267,0.1050750924009185,0.1050750924009185,0.0,0.0,0.0,True
embedding,bank32nh,controlled_mlp,Raw RBF-k16 embedding,2,regression,512,0.10840099345925287,0.10840099345925287,0.10840099345925287,0.10840099345925287,0.0,0.0,0.0,True
embedding,bank32nh,controlled_mlp,Raw+Gram@0.75 RBF-k16 embedding,2,regression,512,0.10840099345925287,0.10840099345925287,0.10570702617633405,0.10570702617633405,0.0,0.0,0.0,True
embedding,bank32nh,controlled_mlp,Gram-after-RBF-k16 embedding,2,regression,512,0.10840099345925287,0.10840099345925287,0.10672680824684543,0.10672680824684543,0.0,0.0,0.0,True
embedding,bank32nh,controlled_mlp,GuardedGram-G2-after-RBF-k16,2,regression,512,0.10840099345925287,0.10840099345925287,0.10570702617633405,0.10570702617633405,0.0,0.0,0.0,True
embedding,bank32nh,tabm_d,Raw RBF-k16 embedding,0,regression,512,0.09646563278539708,0.09646563278539708,0.09646563278539708,0.09646563278539708,0.0,0.0,0.0,True
embedding,bank32nh,tabm_d,Raw+Gram@0.75 RBF-k16 embedding,0,regression,512,0.09646563278539708,0.09646563278539708,0.09310694201508415,0.09310694201508415,0.0,0.0,0.0,True
embedding,bank32nh,tabm_d,Gram-after-RBF-k16 embedding,0,regression,512,0.09646563278539708,0.09646563278539708,0.09270596102544572,0.09270596102544572,0.0,0.0,0.0,True
embedding,bank32nh,tabm_d,GuardedGram-G2-after-RBF-k16,0,regression,512,0.09646563278539708,0.09646563278539708,0.09310694201508415,0.09310694201508415,0.0,0.0,0.0,True
embedding,bank32nh,tabm_d,Raw RBF-k16 embedding,1,regression,512,0.09628909213014004,0.09628909213014004,0.09628909213014004,0.09628909213014004,0.0,0.0,0.0,True
embedding,bank32nh,tabm_d,Raw+Gram@0.75 RBF-k16 embedding,1,regression,512,0.09628909213014004,0.09628909213014004,0.09373477526720847,0.09373477526720847,0.0,0.0,0.0,True
embedding,bank32nh,tabm_d,Gram-after-RBF-k16 embedding,1,regression,512,0.09628909213014004,0.09628909213014004,0.09357937526370823,0.09357937526370823,0.0,0.0,0.0,True
embedding,bank32nh,tabm_d,GuardedGram-G2-after-RBF-k16,1,regression,512,0.09628909213014004,0.09628909213014004,0.09373477526720847,0.09373477526720847,0.0,0.0,0.0,True
embedding,bank32nh,tabm_d,Raw RBF-k16 embedding,2,regression,512,0.09557345212789531,0.09557345212789531,0.09557345212789531,0.09557345212789531,0.0,0.0,0.0,True
embedding,bank32nh,tabm_d,Raw+Gram@0.75 RBF-k16 embedding,2,regression,512,0.09557345212789531,0.09557345212789531,0.09427993507244825,0.09427993507244825,0.0,0.0,0.0,True
embedding,bank32nh,tabm_d,Gram-after-RBF-k16 embedding,2,regression,512,0.09557345212789531,0.09557345212789531,0.09458508000137712,0.09458508000137712,0.0,0.0,0.0,True
embedding,bank32nh,tabm_d,GuardedGram-G2-after-RBF-k16,2,regression,512,0.09557345212789531,0.09557345212789531,0.09427993507244825,0.09427993507244825,0.0,0.0,0.0,True
embedding,bank32nh,resnet_tabular,Raw RBF-k16 embedding,0,regression,512,0.11017068058304061,0.11017068058304061,0.11017068058304061,0.11017068058304061,0.0,0.0,0.0,True
embedding,bank32nh,resnet_tabular,Raw+Gram@0.75 RBF-k16 embedding,0,regression,512,0.11017068058304061,0.11017068058304061,0.10304879811651337,0.10304879811651337,0.0,0.0,0.0,True
embedding,bank32nh,resnet_tabular,Gram-after-RBF-k16 embedding,0,regression,512,0.11017068058304061,0.11017068058304061,0.10303259263724378,0.10303259263724378,0.0,0.0,0.0,True
embedding,bank32nh,resnet_tabular,GuardedGram-G2-after-RBF-k16,0,regression,512,0.11017068058304061,0.11017068058304061,0.10304879811651337,0.10304879811651337,0.0,0.0,0.0,True
embedding,bank32nh,resnet_tabular,Raw RBF-k16 embedding,1,regression,512,0.10296620844570134,0.10296620844570134,0.10296620844570134,0.10296620844570134,0.0,0.0,0.0,True
embedding,bank32nh,resnet_tabular,Raw+Gram@0.75 RBF-k16 embedding,1,regression,512,0.10296620844570134,0.10296620844570134,0.10388854286611296,0.10388854286611296,0.0,0.0,0.0,True
embedding,bank32nh,resnet_tabular,Gram-after-RBF-k16 embedding,1,regression,512,0.10296620844570134,0.10296620844570134,0.10666806020286733,0.10666806020286733,0.0,0.0,0.0,True
embedding,bank32nh,resnet_tabular,GuardedGram-G2-after-RBF-k16,1,regression,512,0.10296620844570134,0.10296620844570134,0.10388854286611296,0.10388854286611296,0.0,0.0,0.0,True
embedding,bank32nh,resnet_tabular,Raw RBF-k16 embedding,2,regression,512,0.10728861848585254,0.10728861848585254,0.10728861848585254,0.10728861848585254,0.0,0.0,0.0,True
embedding,bank32nh,resnet_tabular,Raw+Gram@0.75 RBF-k16 embedding,2,regression,512,0.10728861848585254,0.10728861848585254,0.1043785833795068,0.1043785833795068,0.0,0.0,0.0,True
embedding,bank32nh,resnet_tabular,Gram-after-RBF-k16 embedding,2,regression,512,0.10728861848585254,0.10728861848585254,0.10532882788350809,0.10532882788350809,0.0,0.0,0.0,True
embedding,bank32nh,resnet_tabular,GuardedGram-G2-after-RBF-k16,2,regression,512,0.10728861848585254,0.10728861848585254,0.1043785833795068,0.1043785833795068,0.0,0.0,0.0,True
embedding,OnlineNewsPopularity,controlled_mlp,Raw RBF-k16 embedding,0,regression,512,5152.527602714488,5152.527602714488,5152.527602714488,5152.527602714488,0.0,0.0,0.0,True
embedding,OnlineNewsPopularity,controlled_mlp,Raw+Gram@0.75 RBF-k16 embedding,0,regression,512,5152.527602714488,5152.527602714488,5165.5391440279745,5165.5391440279745,0.0,0.0,0.0,True
embedding,OnlineNewsPopularity,controlled_mlp,Gram-after-RBF-k16 embedding,0,regression,512,5152.527602714488,5152.527602714488,5204.476376248021,5204.476376248021,0.0,0.0,0.0,True
embedding,OnlineNewsPopularity,controlled_mlp,GuardedGram-G2-after-RBF-k16,0,regression,512,5152.527602714488,5152.527602714488,5152.527602714488,5152.527602714488,0.0,0.0,0.0,True
embedding,OnlineNewsPopularity,controlled_mlp,Raw RBF-k16 embedding,1,regression,512,5190.653092511867,5190.653092511867,5190.653092511867,5190.653092511867,0.0,0.0,0.0,True
embedding,OnlineNewsPopularity,controlled_mlp,Raw+Gram@0.75 RBF-k16 embedding,1,regression,512,5190.653092511867,5190.653092511867,5144.377678884633,5144.377678884633,0.0,0.0,0.0,True
embedding,OnlineNewsPopularity,controlled_mlp,Gram-after-RBF-k16 embedding,1,regression,512,5190.653092511867,5190.653092511867,5188.64827310667,5188.64827310667,0.0,0.0,0.0,True
embedding,OnlineNewsPopularity,controlled_mlp,GuardedGram-G2-after-RBF-k16,1,regression,512,5190.653092511867,5190.653092511867,5145.388810906474,5145.388810906474,0.0,0.0,0.0,True
embedding,OnlineNewsPopularity,controlled_mlp,Raw RBF-k16 embedding,2,regression,512,5185.3472727022945,5185.3472727022945,5185.3472727022945,5185.3472727022945,0.0,0.0,0.0,True
embedding,OnlineNewsPopularity,controlled_mlp,Raw+Gram@0.75 RBF-k16 embedding,2,regression,512,5185.3472727022945,5185.3472727022945,5148.080278579565,5148.080278579565,0.0,0.0,0.0,True
embedding,OnlineNewsPopularity,controlled_mlp,Gram-after-RBF-k16 embedding,2,regression,512,5185.3472727022945,5185.3472727022945,5193.406316810925,5193.406316810925,0.0,0.0,0.0,True
embedding,OnlineNewsPopularity,controlled_mlp,GuardedGram-G2-after-RBF-k16,2,regression,512,5185.3472727022945,5185.3472727022945,5131.524517815427,5131.524517815427,0.0,0.0,0.0,True
embedding,OnlineNewsPopularity,tabm_d,Raw RBF-k16 embedding,0,regression,512,5160.666293610447,5160.666293610447,5160.666293610447,5160.666293610447,0.0,0.0,0.0,True
embedding,OnlineNewsPopularity,tabm_d,Raw+Gram@0.75 RBF-k16 embedding,0,regression,512,5160.666293610447,5160.666293610447,5158.090362325522,5158.090362325522,0.0,0.0,0.0,True
embedding,OnlineNewsPopularity,tabm_d,Gram-after-RBF-k16 embedding,0,regression,512,5160.666293610447,5160.666293610447,5157.811809912835,5157.811809912835,0.0,0.0,0.0,True
embedding,OnlineNewsPopularity,tabm_d,GuardedGram-G2-after-RBF-k16,0,regression,512,5160.666293610447,5160.666293610447,5158.090362325522,5158.090362325522,0.0,0.0,0.0,True
embedding,OnlineNewsPopularity,tabm_d,Raw RBF-k16 embedding,1,regression,512,5158.427986878866,5158.427986878866,5158.427986878866,5158.427986878866,0.0,0.0,0.0,True
embedding,OnlineNewsPopularity,tabm_d,Raw+Gram@0.75 RBF-k16 embedding,1,regression,512,5158.427986878866,5158.427986878866,5147.4093823879575,5147.4093823879575,0.0,0.0,0.0,True
embedding,OnlineNewsPopularity,tabm_d,Gram-after-RBF-k16 embedding,1,regression,512,5158.427986878866,5158.427986878866,5144.769682976135,5144.769682976135,0.0,0.0,0.0,True
embedding,OnlineNewsPopularity,tabm_d,GuardedGram-G2-after-RBF-k16,1,regression,512,5158.427986878866,5158.427986878866,5147.4093823879575,5147.4093823879575,0.0,0.0,0.0,True
embedding,OnlineNewsPopularity,tabm_d,Raw RBF-k16 embedding,2,regression,512,5144.937145396091,5144.937145396091,5144.937145396091,5144.937145396091,0.0,0.0,0.0,True
embedding,OnlineNewsPopularity,tabm_d,Raw+Gram@0.75 RBF-k16 embedding,2,regression,512,5144.937145396091,5144.937145396091,5139.964225142252,5139.964225142252,0.0,0.0,0.0,True
embedding,OnlineNewsPopularity,tabm_d,Gram-after-RBF-k16 embedding,2,regression,512,5144.937145396091,5144.937145396091,5139.349456296344,5139.349456296344,0.0,0.0,0.0,True
embedding,OnlineNewsPopularity,tabm_d,GuardedGram-G2-after-RBF-k16,2,regression,512,5144.937145396091,5144.937145396091,5142.758494603228,5142.758494603228,0.0,0.0,0.0,True
embedding,OnlineNewsPopularity,resnet_tabular,Raw RBF-k16 embedding,0,regression,512,5107.092535969664,5107.092535969664,5107.092535969664,5107.092535969664,0.0,0.0,0.0,True
embedding,OnlineNewsPopularity,resnet_tabular,Raw+Gram@0.75 RBF-k16 embedding,0,regression,512,5107.092535969664,5107.092535969664,5171.07163681394,5171.07163681394,0.0,0.0,0.0,True
embedding,OnlineNewsPopularity,resnet_tabular,Gram-after-RBF-k16 embedding,0,regression,512,5107.092535969664,5107.092535969664,5293.925427237147,5293.925427237147,0.0,0.0,0.0,True
embedding,OnlineNewsPopularity,resnet_tabular,GuardedGram-G2-after-RBF-k16,0,regression,512,5107.092535969664,5107.092535969664,5107.092535969664,5107.092535969664,0.0,0.0,0.0,True
embedding,OnlineNewsPopularity,resnet_tabular,Raw RBF-k16 embedding,1,regression,512,5149.728320185161,5149.728320185161,5149.728320185161,5149.728320185161,0.0,0.0,0.0,True
embedding,OnlineNewsPopularity,resnet_tabular,Raw+Gram@0.75 RBF-k16 embedding,1,regression,512,5149.728320185161,5149.728320185161,5343.543319109907,5343.543319109907,0.0,0.0,0.0,True
embedding,OnlineNewsPopularity,resnet_tabular,Gram-after-RBF-k16 embedding,1,regression,512,5149.728320185161,5149.728320185161,5532.975297944423,5532.975297944423,0.0,0.0,0.0,True
embedding,OnlineNewsPopularity,resnet_tabular,GuardedGram-G2-after-RBF-k16,1,regression,512,5149.728320185161,5149.728320185161,5149.728320185161,5149.728320185161,0.0,0.0,0.0,True
embedding,OnlineNewsPopularity,resnet_tabular,Raw RBF-k16 embedding,2,regression,512,5130.358216018208,5130.358216018208,5130.358216018208,5130.358216018208,0.0,0.0,0.0,True
embedding,OnlineNewsPopularity,resnet_tabular,Raw+Gram@0.75 RBF-k16 embedding,2,regression,512,5130.358216018208,5130.358216018208,5382.719130599506,5382.719130599506,0.0,0.0,0.0,True
embedding,OnlineNewsPopularity,resnet_tabular,Gram-after-RBF-k16 embedding,2,regression,512,5130.358216018208,5130.358216018208,5592.683065706151,5592.683065706151,0.0,0.0,0.0,True
embedding,OnlineNewsPopularity,resnet_tabular,GuardedGram-G2-after-RBF-k16,2,regression,512,5130.358216018208,5130.358216018208,5232.519895350978,5232.519895350978,0.0,0.0,0.0,True
embedding,SoilKsatDB,controlled_mlp,Raw RBF-k16 embedding,0,regression,512,1000.0365831188411,1000.0365831188411,1000.0365831188411,1000.0365831188411,0.0,0.0,0.0,True
embedding,SoilKsatDB,controlled_mlp,Raw+Gram@0.75 RBF-k16 embedding,0,regression,512,1000.0365831188411,1000.0365831188411,998.4752677721043,998.4752677721043,0.0,0.0,0.0,True
embedding,SoilKsatDB,controlled_mlp,Gram-after-RBF-k16 embedding,0,regression,512,1000.0365831188411,1000.0365831188411,1002.5794032782787,1002.5794032782787,0.0,0.0,0.0,True
embedding,SoilKsatDB,controlled_mlp,GuardedGram-G2-after-RBF-k16,0,regression,512,1000.0365831188411,1000.0365831188411,998.4752677721043,998.4752677721043,0.0,0.0,0.0,True
embedding,SoilKsatDB,controlled_mlp,Raw RBF-k16 embedding,1,regression,512,999.3548914745309,999.3548914745309,999.3548914745309,999.3548914745309,0.0,0.0,0.0,True
embedding,SoilKsatDB,controlled_mlp,Raw+Gram@0.75 RBF-k16 embedding,1,regression,512,999.3548914745309,999.3548914745309,992.0789766776826,992.0789766776826,0.0,0.0,0.0,True
embedding,SoilKsatDB,controlled_mlp,Gram-after-RBF-k16 embedding,1,regression,512,999.3548914745309,999.3548914745309,997.089845402189,997.089845402189,0.0,0.0,0.0,True
embedding,SoilKsatDB,controlled_mlp,GuardedGram-G2-after-RBF-k16,1,regression,512,999.3548914745309,999.3548914745309,992.0789766776826,992.0789766776826,0.0,0.0,0.0,True
embedding,SoilKsatDB,controlled_mlp,Raw RBF-k16 embedding,2,regression,512,1003.2676148040753,1003.2676148040753,1003.2676148040753,1003.2676148040753,0.0,0.0,0.0,True
embedding,SoilKsatDB,controlled_mlp,Raw+Gram@0.75 RBF-k16 embedding,2,regression,512,1003.2676148040753,1003.2676148040753,994.832376615997,994.832376615997,0.0,0.0,0.0,True
embedding,SoilKsatDB,controlled_mlp,Gram-after-RBF-k16 embedding,2,regression,512,1003.2676148040753,1003.2676148040753,998.2598643234674,998.2598643234674,0.0,0.0,0.0,True
embedding,SoilKsatDB,controlled_mlp,GuardedGram-G2-after-RBF-k16,2,regression,512,1003.2676148040753,1003.2676148040753,994.832376615997,994.832376615997,0.0,0.0,0.0,True
embedding,SoilKsatDB,tabm_d,Raw RBF-k16 embedding,0,regression,512,977.3978322787515,977.3978322787515,977.3978322787515,977.3978322787515,0.0,0.0,0.0,True
embedding,SoilKsatDB,tabm_d,Raw+Gram@0.75 RBF-k16 embedding,0,regression,512,977.3978322787515,977.3978322787515,937.6787155964149,937.6787155964149,0.0,0.0,0.0,True
embedding,SoilKsatDB,tabm_d,Gram-after-RBF-k16 embedding,0,regression,512,977.3978322787515,977.3978322787515,932.9806159222369,932.9806159222369,0.0,0.0,0.0,True
embedding,SoilKsatDB,tabm_d,GuardedGram-G2-after-RBF-k16,0,regression,512,977.3978322787515,977.3978322787515,937.6787155964149,937.6787155964149,0.0,0.0,0.0,True
embedding,SoilKsatDB,tabm_d,Raw RBF-k16 embedding,1,regression,512,978.0778170855842,978.0778170855842,978.0778170855842,978.0778170855842,0.0,0.0,0.0,True
embedding,SoilKsatDB,tabm_d,Raw+Gram@0.75 RBF-k16 embedding,1,regression,512,978.0778170855842,978.0778170855842,943.5767108674385,943.5767108674385,0.0,0.0,0.0,True
embedding,SoilKsatDB,tabm_d,Gram-after-RBF-k16 embedding,1,regression,512,978.0778170855842,978.0778170855842,941.185421852194,941.185421852194,0.0,0.0,0.0,True
embedding,SoilKsatDB,tabm_d,GuardedGram-G2-after-RBF-k16,1,regression,512,978.0778170855842,978.0778170855842,943.5767108674385,943.5767108674385,0.0,0.0,0.0,True
embedding,SoilKsatDB,tabm_d,Raw RBF-k16 embedding,2,regression,512,984.0369214763498,984.0369214763498,984.0369214763498,984.0369214763498,0.0,0.0,0.0,True
embedding,SoilKsatDB,tabm_d,Raw+Gram@0.75 RBF-k16 embedding,2,regression,512,984.0369214763498,984.0369214763498,944.5279438317367,944.5279438317367,0.0,0.0,0.0,True
embedding,SoilKsatDB,tabm_d,Gram-after-RBF-k16 embedding,2,regression,512,984.0369214763498,984.0369214763498,941.2064566622228,941.2064566622228,0.0,0.0,0.0,True
embedding,SoilKsatDB,tabm_d,GuardedGram-G2-after-RBF-k16,2,regression,512,984.0369214763498,984.0369214763498,944.5279438317367,944.5279438317367,0.0,0.0,0.0,True
embedding,SoilKsatDB,resnet_tabular,Raw RBF-k16 embedding,0,regression,512,1022.4500726572883,1022.4500726572883,1022.4500726572883,1022.4500726572883,0.0,0.0,0.0,True
embedding,SoilKsatDB,resnet_tabular,Raw+Gram@0.75 RBF-k16 embedding,0,regression,512,1022.4500726572883,1022.4500726572883,999.7303473057955,999.7303473057955,0.0,0.0,0.0,True
embedding,SoilKsatDB,resnet_tabular,Gram-after-RBF-k16 embedding,0,regression,512,1022.4500726572883,1022.4500726572883,999.0421627675164,999.0421627675164,0.0,0.0,0.0,True
embedding,SoilKsatDB,resnet_tabular,GuardedGram-G2-after-RBF-k16,0,regression,512,1022.4500726572883,1022.4500726572883,999.7303473057955,999.7303473057955,0.0,0.0,0.0,True
embedding,SoilKsatDB,resnet_tabular,Raw RBF-k16 embedding,1,regression,512,1006.608064249373,1006.608064249373,1006.608064249373,1006.608064249373,0.0,0.0,0.0,True
embedding,SoilKsatDB,resnet_tabular,Raw+Gram@0.75 RBF-k16 embedding,1,regression,512,1006.608064249373,1006.608064249373,971.7574552387783,971.7574552387783,0.0,0.0,0.0,True
embedding,SoilKsatDB,resnet_tabular,Gram-after-RBF-k16 embedding,1,regression,512,1006.608064249373,1006.608064249373,980.097003399897,980.097003399897,0.0,0.0,0.0,True
embedding,SoilKsatDB,resnet_tabular,GuardedGram-G2-after-RBF-k16,1,regression,512,1006.608064249373,1006.608064249373,971.7574552387783,971.7574552387783,0.0,0.0,0.0,True
embedding,SoilKsatDB,resnet_tabular,Raw RBF-k16 embedding,2,regression,512,1011.590497655444,1011.590497655444,1011.590497655444,1011.590497655444,0.0,0.0,0.0,True
embedding,SoilKsatDB,resnet_tabular,Raw+Gram@0.75 RBF-k16 embedding,2,regression,512,1011.590497655444,1011.590497655444,1005.3630964686421,1005.3630964686421,0.0,0.0,0.0,True
embedding,SoilKsatDB,resnet_tabular,Gram-after-RBF-k16 embedding,2,regression,512,1011.590497655444,1011.590497655444,1012.2023364664528,1012.2023364664528,0.0,0.0,0.0,True
embedding,SoilKsatDB,resnet_tabular,GuardedGram-G2-after-RBF-k16,2,regression,512,1011.590497655444,1011.590497655444,1005.0551445259873,1005.0551445259873,0.0,0.0,0.0,True
embedding,Brazilian_houses,controlled_mlp,Raw RBF-k16 embedding,0,regression,512,3325.8612754052915,3325.8612754052915,3325.8612754052915,3325.8612754052915,0.0,0.0,0.0,True
embedding,Brazilian_houses,controlled_mlp,Raw+Gram@0.75 RBF-k16 embedding,0,regression,512,3325.8612754052915,3325.8612754052915,1592.7480629750544,1592.7480629750544,0.0,0.0,0.0,True
embedding,Brazilian_houses,controlled_mlp,Gram-after-RBF-k16 embedding,0,regression,512,3325.8612754052915,3325.8612754052915,1424.8415187074988,1424.8415187074988,0.0,0.0,0.0,True
embedding,Brazilian_houses,controlled_mlp,GuardedGram-G2-after-RBF-k16,0,regression,512,3325.8612754052915,3325.8612754052915,1592.7480629750544,1592.7480629750544,0.0,0.0,0.0,True
embedding,Brazilian_houses,controlled_mlp,Raw RBF-k16 embedding,1,regression,512,3132.9683984873595,3132.9683984873595,3132.9683984873595,3132.9683984873595,0.0,0.0,0.0,True
embedding,Brazilian_houses,controlled_mlp,Raw+Gram@0.75 RBF-k16 embedding,1,regression,512,3132.9683984873595,3132.9683984873595,2462.480874338916,2462.480874338916,0.0,0.0,0.0,True
embedding,Brazilian_houses,controlled_mlp,Gram-after-RBF-k16 embedding,1,regression,512,3132.9683984873595,3132.9683984873595,2547.5231644774813,2547.5231644774813,0.0,0.0,0.0,True
embedding,Brazilian_houses,controlled_mlp,GuardedGram-G2-after-RBF-k16,1,regression,512,3132.9683984873595,3132.9683984873595,2462.480874338916,2462.480874338916,0.0,0.0,0.0,True
embedding,Brazilian_houses,controlled_mlp,Raw RBF-k16 embedding,2,regression,512,2966.1978598582295,2966.1978598582295,2966.1978598582295,2966.1978598582295,0.0,0.0,0.0,True
embedding,Brazilian_houses,controlled_mlp,Raw+Gram@0.75 RBF-k16 embedding,2,regression,512,2966.1978598582295,2966.1978598582295,1634.4607193161082,1634.4607193161082,0.0,0.0,0.0,True
embedding,Brazilian_houses,controlled_mlp,Gram-after-RBF-k16 embedding,2,regression,512,2966.1978598582295,2966.1978598582295,1654.141472826595,1654.141472826595,0.0,0.0,0.0,True
embedding,Brazilian_houses,controlled_mlp,GuardedGram-G2-after-RBF-k16,2,regression,512,2966.1978598582295,2966.1978598582295,1634.4607193161082,1634.4607193161082,0.0,0.0,0.0,True
embedding,Brazilian_houses,tabm_d,Raw RBF-k16 embedding,0,regression,512,2776.604104476069,2776.604104476069,2776.604104476069,2776.604104476069,0.0,0.0,0.0,True
embedding,Brazilian_houses,tabm_d,Raw+Gram@0.75 RBF-k16 embedding,0,regression,512,2776.604104476069,2776.604104476069,2498.1252691724603,2498.1252691724603,0.0,0.0,0.0,True
embedding,Brazilian_houses,tabm_d,Gram-after-RBF-k16 embedding,0,regression,512,2776.604104476069,2776.604104476069,2539.0531947007967,2539.0531947007967,0.0,0.0,0.0,True
embedding,Brazilian_houses,tabm_d,GuardedGram-G2-after-RBF-k16,0,regression,512,2776.604104476069,2776.604104476069,2498.1252691724603,2498.1252691724603,0.0,0.0,0.0,True
embedding,Brazilian_houses,tabm_d,Raw RBF-k16 embedding,1,regression,512,2734.808714957131,2734.808714957131,2734.808714957131,2734.808714957131,0.0,0.0,0.0,True
embedding,Brazilian_houses,tabm_d,Raw+Gram@0.75 RBF-k16 embedding,1,regression,512,2734.808714957131,2734.808714957131,2491.9577198849643,2491.9577198849643,0.0,0.0,0.0,True
embedding,Brazilian_houses,tabm_d,Gram-after-RBF-k16 embedding,1,regression,512,2734.808714957131,2734.808714957131,2575.606578284319,2575.606578284319,0.0,0.0,0.0,True
embedding,Brazilian_houses,tabm_d,GuardedGram-G2-after-RBF-k16,1,regression,512,2734.808714957131,2734.808714957131,2491.9577198849643,2491.9577198849643,0.0,0.0,0.0,True
embedding,Brazilian_houses,tabm_d,Raw RBF-k16 embedding,2,regression,512,2800.0199945627896,2800.0199945627896,2800.0199945627896,2800.0199945627896,0.0,0.0,0.0,True
embedding,Brazilian_houses,tabm_d,Raw+Gram@0.75 RBF-k16 embedding,2,regression,512,2800.0199945627896,2800.0199945627896,2398.6610887485235,2398.6610887485235,0.0,0.0,0.0,True
embedding,Brazilian_houses,tabm_d,Gram-after-RBF-k16 embedding,2,regression,512,2800.0199945627896,2800.0199945627896,2363.6655785389316,2363.6655785389316,0.0,0.0,0.0,True
embedding,Brazilian_houses,tabm_d,GuardedGram-G2-after-RBF-k16,2,regression,512,2800.0199945627896,2800.0199945627896,2398.6610887485235,2398.6610887485235,0.0,0.0,0.0,True
embedding,Brazilian_houses,resnet_tabular,Raw RBF-k16 embedding,0,regression,512,1447.7044000378237,1447.7044000378237,1447.7044000378237,1447.7044000378237,0.0,0.0,0.0,True
embedding,Brazilian_houses,resnet_tabular,Raw+Gram@0.75 RBF-k16 embedding,0,regression,512,1447.7044000378237,1447.7044000378237,1628.2407243468297,1628.2407243468297,0.0,0.0,0.0,True
embedding,Brazilian_houses,resnet_tabular,Gram-after-RBF-k16 embedding,0,regression,512,1447.7044000378237,1447.7044000378237,1875.7295670058727,1875.7295670058727,0.0,0.0,0.0,True
embedding,Brazilian_houses,resnet_tabular,GuardedGram-G2-after-RBF-k16,0,regression,512,1447.7044000378237,1447.7044000378237,1392.8069486847482,1392.8069486847482,0.0,0.0,0.0,True
embedding,Brazilian_houses,resnet_tabular,Raw RBF-k16 embedding,1,regression,512,1762.3324420631563,1762.3324420631563,1762.3324420631563,1762.3324420631563,0.0,0.0,0.0,True
embedding,Brazilian_houses,resnet_tabular,Raw+Gram@0.75 RBF-k16 embedding,1,regression,512,1762.3324420631563,1762.3324420631563,1728.5491877433315,1728.5491877433315,0.0,0.0,0.0,True
embedding,Brazilian_houses,resnet_tabular,Gram-after-RBF-k16 embedding,1,regression,512,1762.3324420631563,1762.3324420631563,1905.3327987247876,1905.3327987247876,0.0,0.0,0.0,True
embedding,Brazilian_houses,resnet_tabular,GuardedGram-G2-after-RBF-k16,1,regression,512,1762.3324420631563,1762.3324420631563,1728.5491877433315,1728.5491877433315,0.0,0.0,0.0,True
embedding,Brazilian_houses,resnet_tabular,Raw RBF-k16 embedding,2,regression,512,1384.79104127165,1384.79104127165,1384.79104127165,1384.79104127165,0.0,0.0,0.0,True
embedding,Brazilian_houses,resnet_tabular,Raw+Gram@0.75 RBF-k16 embedding,2,regression,512,1384.79104127165,1384.79104127165,1729.5697059570252,1729.5697059570252,0.0,0.0,0.0,True
embedding,Brazilian_houses,resnet_tabular,Gram-after-RBF-k16 embedding,2,regression,512,1384.79104127165,1384.79104127165,2030.4201992339988,2030.4201992339988,0.0,0.0,0.0,True
embedding,Brazilian_houses,resnet_tabular,GuardedGram-G2-after-RBF-k16,2,regression,512,1384.79104127165,1384.79104127165,1374.383998236055,1374.383998236055,0.0,0.0,0.0,True
