panel,dataset,feature,basis_a,basis_b,scope,member,dimension,condition_number,orthogonality_error,reconstruction_error,passes
development,adult,fnlwgt,rbf,orthogonal_one,one,0,8,1.0000000000000007,1.5558636408471462e-15,2.557101502027146e-16,True
development,adult,fnlwgt,rbf,orthogonal_one,one,1,8,1.0000000000000007,1.7136090580164686e-15,2.711944492586464e-16,True
development,adult,fnlwgt,rbf,orthogonal_one,one,2,8,1.0000000000000007,1.1842145550740694e-15,1.899461386667453e-16,True
development,adult,fnlwgt,rbf,orthogonal_one,one,3,8,1.0000000000000004,8.701220795013268e-16,2.1399139560768896e-16,True
development,adult,fnlwgt,rbf,orthogonal_one,one,4,8,1.0000000000000002,1.392742029394138e-15,2.1347271482044453e-16,True
development,adult,fnlwgt,rbf,orthogonal_one,one,5,8,1.0000000000000007,1.4456190028794874e-15,2.431912285600337e-16,True
development,adult,fnlwgt,rbf,orthogonal_one,one,6,8,1.0000000000000007,8.732999237279891e-16,1.7405557292319658e-16,True
development,adult,fnlwgt,rbf,orthogonal_one,one,7,8,1.0000000000000004,7.581987103744592e-16,2.535718824444818e-16,True
development,adult,age,rbf,orthogonal_all,all,0,8,1.0000000000000004,1.713571168747035e-15,2.473565713092708e-16,True
development,adult,capital-gain,rbf,orthogonal_all,all,0,8,1.0000000000000007,9.582197061666295e-16,3.039821430726211e-16,True
development,adult,capital-loss,rbf,orthogonal_all,all,0,8,1.0000000000000004,1.0118685523690602e-15,1.936682964050394e-16,True
development,adult,education-num,rbf,orthogonal_all,all,0,8,1.0000000000000007,1.3665323627406861e-15,2.690766493901615e-16,True
development,adult,fnlwgt,rbf,orthogonal_all,all,0,8,1.000000000000001,1.4412204790215755e-15,2.38203611092948e-16,True
development,adult,hours-per-week,rbf,orthogonal_all,all,0,8,1.0000000000000009,1.2057667523884023e-15,2.158734180202499e-16,True
development,adult,age,rbf,orthogonal_all,all,1,8,1.0000000000000004,9.57901284481733e-16,2.0253443520340835e-16,True
development,adult,capital-gain,rbf,orthogonal_all,all,1,8,1.0000000000000004,1.4611559688382473e-15,3.9115083404272035e-16,True
development,adult,capital-loss,rbf,orthogonal_all,all,1,8,1.0000000000000007,1.0081745471407829e-15,2.246183117436069e-16,True
development,adult,education-num,rbf,orthogonal_all,all,1,8,1.0000000000000004,9.965009015138489e-16,2.960572043600984e-16,True
development,adult,fnlwgt,rbf,orthogonal_all,all,1,8,1.0000000000000004,1.5937087222051357e-15,2.248440100717124e-16,True
development,adult,hours-per-week,rbf,orthogonal_all,all,1,8,1.0000000000000007,2.0059674886518124e-15,1.5700085065404308e-16,True
development,adult,age,rbf,orthogonal_all,all,2,8,1.0000000000000007,1.3624032823140042e-15,2.7946077304695904e-16,True
development,adult,capital-gain,rbf,orthogonal_all,all,2,8,1.0000000000000007,8.624288111116881e-16,2.7398639197200884e-16,True
development,adult,capital-loss,rbf,orthogonal_all,all,2,8,1.0000000000000004,8.064441501503005e-16,2.118376109189133e-16,True
development,adult,education-num,rbf,orthogonal_all,all,2,8,1.0000000000000007,1.3527145263815964e-15,2.6539475656320494e-16,True
development,adult,fnlwgt,rbf,orthogonal_all,all,2,8,1.0000000000000002,9.41904760299938e-16,1.6071907277046433e-16,True
development,adult,hours-per-week,rbf,orthogonal_all,all,2,8,1.0000000000000007,1.2497573730176536e-15,1.9641323755258431e-16,True
development,adult,age,rbf,orthogonal_all,all,3,8,1.0000000000000009,1.0711593275685928e-15,1.8453517564334342e-16,True
development,adult,capital-gain,rbf,orthogonal_all,all,3,8,1.0000000000000009,1.5212895923147579e-15,1.9215813716543538e-16,True
development,adult,capital-loss,rbf,orthogonal_all,all,3,8,1.0000000000000009,1.4669612603895922e-15,2.726132008571446e-16,True
development,adult,education-num,rbf,orthogonal_all,all,3,8,1.0000000000000004,1.0384321691355335e-15,2.776208835858813e-16,True
development,adult,fnlwgt,rbf,orthogonal_all,all,3,8,1.0000000000000009,1.494085235484419e-15,2.457907965868914e-16,True
development,adult,hours-per-week,rbf,orthogonal_all,all,3,8,1.0000000000000004,1.2404223790330237e-15,1.372768663383927e-16,True
development,adult,age,rbf,orthogonal_all,all,4,8,1.0000000000000007,9.544018251056943e-16,2.1502220296079632e-16,True
development,adult,capital-gain,rbf,orthogonal_all,all,4,8,1.0000000000000004,9.085627035348291e-16,1.5017697982438056e-16,True
development,adult,capital-loss,rbf,orthogonal_all,all,4,8,1.0000000000000007,1.2863541028400087e-15,1.5390996450823047e-16,True
development,adult,education-num,rbf,orthogonal_all,all,4,8,1.0000000000000009,1.3531742466498141e-15,2.352088833400452e-16,True
development,adult,fnlwgt,rbf,orthogonal_all,all,4,8,1.0000000000000004,9.2482968737604e-16,2.287766227642536e-16,True
development,adult,hours-per-week,rbf,orthogonal_all,all,4,8,1.0000000000000007,1.324680407253991e-15,2.3740176368941455e-16,True
development,adult,age,rbf,orthogonal_all,all,5,8,1.0000000000000004,9.278248464530308e-16,2.636369838301343e-16,True
development,adult,capital-gain,rbf,orthogonal_all,all,5,8,1.0000000000000007,1.3463482342340614e-15,1.4374699499689866e-16,True
development,adult,capital-loss,rbf,orthogonal_all,all,5,8,1.0000000000000004,8.613428987904162e-16,3.0882863797379354e-16,True
development,adult,education-num,rbf,orthogonal_all,all,5,8,1.0000000000000007,1.4721794707117721e-15,3.0370747653050155e-16,True
development,adult,fnlwgt,rbf,orthogonal_all,all,5,8,1.0000000000000007,1.0967978649882351e-15,2.1195194752639087e-16,True
development,adult,hours-per-week,rbf,orthogonal_all,all,5,8,1.0000000000000009,9.32051935989324e-16,2.6990608693049266e-16,True
development,adult,age,rbf,orthogonal_all,all,6,8,1.0000000000000007,1.1209654963791854e-15,2.690479322435009e-16,True
development,adult,capital-gain,rbf,orthogonal_all,all,6,8,1.0000000000000002,1.01690620136138e-15,2.552115364596939e-16,True
development,adult,capital-loss,rbf,orthogonal_all,all,6,8,1.0000000000000004,1.290857998706197e-15,2.922576071598853e-16,True
development,adult,education-num,rbf,orthogonal_all,all,6,8,1.0000000000000004,1.2390443334287507e-15,1.6720221281493303e-16,True
development,adult,fnlwgt,rbf,orthogonal_all,all,6,8,1.0000000000000007,1.4762621532086328e-15,1.9064448771824486e-16,True
development,adult,hours-per-week,rbf,orthogonal_all,all,6,8,1.0000000000000009,1.120365138920313e-15,2.575472540758452e-16,True
development,adult,age,rbf,orthogonal_all,all,7,8,1.0000000000000004,1.1663559396697669e-15,1.758753789735808e-16,True
development,adult,capital-gain,rbf,orthogonal_all,all,7,8,1.0000000000000007,1.463634065682681e-15,3.5080783333317307e-16,True
development,adult,capital-loss,rbf,orthogonal_all,all,7,8,1.0000000000000004,1.1144979141402835e-15,1.9882939532526143e-16,True
development,adult,education-num,rbf,orthogonal_all,all,7,8,1.0000000000000004,1.0964351540142059e-15,1.6365922154202262e-16,True
development,adult,fnlwgt,rbf,orthogonal_all,all,7,8,1.0000000000000007,1.3497403484016698e-15,2.198054749528549e-16,True
development,adult,hours-per-week,rbf,orthogonal_all,all,7,8,1.0000000000000007,1.1673341772013201e-15,2.653514124700651e-16,True
development,adult,age,rbf,condition_le_3_all,all,0,8,2.999999999999999,2.5909619978968728,2.377810889899e-16,True
development,adult,capital-gain,rbf,condition_le_3_all,all,0,8,2.9999999999999996,2.5909619978968754,1.6065801850952605e-16,True
development,adult,capital-loss,rbf,condition_le_3_all,all,0,8,2.999999999999998,2.5909619978968754,3.554055224204179e-16,True
development,adult,education-num,rbf,condition_le_3_all,all,0,8,2.9999999999999987,2.590961997896876,3.5783756503887e-16,True
development,adult,fnlwgt,rbf,condition_le_3_all,all,0,8,2.9999999999999987,2.5909619978968754,2.420857970106121e-16,True
development,adult,hours-per-week,rbf,condition_le_3_all,all,0,8,2.9999999999999996,2.5909619978968745,2.92250805020116e-16,True
development,adult,age,rbf,condition_le_3_all,all,1,8,3.0,2.5909619978968736,2.1206248915510432e-16,True
development,adult,capital-gain,rbf,condition_le_3_all,all,1,8,2.999999999999999,2.5909619978968768,2.7590570236352294e-16,True
development,adult,capital-loss,rbf,condition_le_3_all,all,1,8,3.0000000000000013,2.5909619978968745,3.4564318878166823e-16,True
development,adult,education-num,rbf,condition_le_3_all,all,1,8,2.9999999999999973,2.590961997896875,2.4899157872502145e-16,True
development,adult,fnlwgt,rbf,condition_le_3_all,all,1,8,3.0000000000000013,2.590961997896875,2.804768288825066e-16,True
development,adult,hours-per-week,rbf,condition_le_3_all,all,1,8,2.999999999999997,2.5909619978968736,2.500521967383556e-16,True
development,adult,age,rbf,condition_le_3_all,all,2,8,3.0,2.5909619978968745,2.9177818774112427e-16,True
development,adult,capital-gain,rbf,condition_le_3_all,all,2,8,2.9999999999999982,2.590961997896874,2.7635902468167786e-16,True
development,adult,capital-loss,rbf,condition_le_3_all,all,2,8,2.9999999999999987,2.5909619978968754,3.26613298899422e-16,True
development,adult,education-num,rbf,condition_le_3_all,all,2,8,2.9999999999999987,2.590961997896875,1.9018891974391648e-16,True
development,adult,fnlwgt,rbf,condition_le_3_all,all,2,8,2.999999999999999,2.590961997896876,2.992305650046727e-16,True
development,adult,hours-per-week,rbf,condition_le_3_all,all,2,8,3.0000000000000004,2.5909619978968768,2.6957063608345824e-16,True
development,adult,age,rbf,condition_le_3_all,all,3,8,3.000000000000002,2.5909619978968776,2.38060213825235e-16,True
development,adult,capital-gain,rbf,condition_le_3_all,all,3,8,3.0,2.590961997896874,2.918604364217545e-16,True
development,adult,capital-loss,rbf,condition_le_3_all,all,3,8,2.9999999999999987,2.590961997896875,2.1024175785921792e-16,True
development,adult,education-num,rbf,condition_le_3_all,all,3,8,2.999999999999999,2.590961997896876,2.988039820604399e-16,True
development,adult,fnlwgt,rbf,condition_le_3_all,all,3,8,3.0000000000000004,2.590961997896874,2.5854531873870823e-16,True
development,adult,hours-per-week,rbf,condition_le_3_all,all,3,8,3.000000000000001,2.590961997896876,3.215512439034994e-16,True
development,adult,age,rbf,condition_le_3_all,all,4,8,2.9999999999999987,2.590961997896873,2.248587080004066e-16,True
development,adult,capital-gain,rbf,condition_le_3_all,all,4,8,2.9999999999999987,2.590961997896875,4.460357834290702e-16,True
development,adult,capital-loss,rbf,condition_le_3_all,all,4,8,2.999999999999997,2.590961997896874,2.871945480222074e-16,True
development,adult,education-num,rbf,condition_le_3_all,all,4,8,2.9999999999999996,2.5909619978968754,3.1367968939391817e-16,True
development,adult,fnlwgt,rbf,condition_le_3_all,all,4,8,3.0,2.590961997896875,2.1748038453900782e-16,True
development,adult,hours-per-week,rbf,condition_le_3_all,all,4,8,3.0000000000000013,2.590961997896877,3.0694359543933617e-16,True
development,adult,age,rbf,condition_le_3_all,all,5,8,2.9999999999999982,2.5909619978968728,3.099901335517844e-16,True
development,adult,capital-gain,rbf,condition_le_3_all,all,5,8,2.999999999999999,2.5909619978968768,2.376899998630095e-16,True
development,adult,capital-loss,rbf,condition_le_3_all,all,5,8,3.0,2.590961997896874,3.138474002888056e-16,True
development,adult,education-num,rbf,condition_le_3_all,all,5,8,2.999999999999999,2.5909619978968736,3.090941306968972e-16,True
development,adult,fnlwgt,rbf,condition_le_3_all,all,5,8,2.999999999999999,2.590961997896874,2.286786230706364e-16,True
development,adult,hours-per-week,rbf,condition_le_3_all,all,5,8,3.0000000000000027,2.5909619978968754,1.6965808552599744e-16,True
development,adult,age,rbf,condition_le_3_all,all,6,8,3.0,2.5909619978968754,2.8161436465695664e-16,True
development,adult,capital-gain,rbf,condition_le_3_all,all,6,8,2.9999999999999964,2.5909619978968736,3.87276740529974e-16,True
development,adult,capital-loss,rbf,condition_le_3_all,all,6,8,2.9999999999999982,2.5909619978968736,3.0722502373613717e-16,True
development,adult,education-num,rbf,condition_le_3_all,all,6,8,3.000000000000001,2.590961997896876,2.678099522605588e-16,True
development,adult,fnlwgt,rbf,condition_le_3_all,all,6,8,3.0,2.590961997896875,2.880513446077854e-16,True
development,adult,hours-per-week,rbf,condition_le_3_all,all,6,8,3.0000000000000013,2.5909619978968754,3.546248473646957e-16,True
development,adult,age,rbf,condition_le_3_all,all,7,8,2.9999999999999987,2.5909619978968768,3.068055872576324e-16,True
development,adult,capital-gain,rbf,condition_le_3_all,all,7,8,2.999999999999999,2.590961997896874,2.2057223989167909e-16,True
development,adult,capital-loss,rbf,condition_le_3_all,all,7,8,3.0,2.590961997896876,2.2621567338496773e-16,True
development,adult,education-num,rbf,condition_le_3_all,all,7,8,3.0000000000000013,2.5909619978968763,2.782906221300427e-16,True
development,adult,fnlwgt,rbf,condition_le_3_all,all,7,8,2.9999999999999987,2.5909619978968736,2.794111318568347e-16,True
development,adult,hours-per-week,rbf,condition_le_3_all,all,7,8,2.9999999999999987,2.5909619978968723,2.4765407822847705e-16,True
development,bank-marketing,V6,rbf,orthogonal_one,one,0,8,1.0000000000000007,1.1130677564037058e-15,1.7781918528333152e-16,True
development,bank-marketing,V6,rbf,orthogonal_one,one,1,8,1.0000000000000007,1.0790796020229581e-15,2.4209734870577544e-16,True
development,bank-marketing,V6,rbf,orthogonal_one,one,2,8,1.0000000000000009,7.860943814538659e-16,2.1714835508097952e-16,True
development,bank-marketing,V6,rbf,orthogonal_one,one,3,8,1.0000000000000002,1.1621416893358924e-15,1.6288423340318938e-16,True
development,bank-marketing,V6,rbf,orthogonal_one,one,4,8,1.0000000000000007,8.8651068849730365e-16,2.6668731022021086e-16,True
development,bank-marketing,V6,rbf,orthogonal_one,one,5,8,1.0000000000000004,1.1036962791468211e-15,1.7308041573848656e-16,True
development,bank-marketing,V6,rbf,orthogonal_one,one,6,8,1.0000000000000007,1.0056958209529261e-15,1.9258177095423198e-16,True
development,bank-marketing,V6,rbf,orthogonal_one,one,7,8,1.000000000000001,1.4558610606395534e-15,2.362554943037945e-16,True
development,bank-marketing,V1,rbf,orthogonal_all,all,0,8,1.0000000000000004,1.0831996005284702e-15,1.959032561135476e-16,True
development,bank-marketing,V10,rbf,orthogonal_all,all,0,8,1.0000000000000004,1.0191510765301843e-15,2.163903405394115e-16,True
development,bank-marketing,V12,rbf,orthogonal_all,all,0,8,1.0000000000000007,7.910183815973938e-16,2.6816301239782334e-16,True
development,bank-marketing,V13,rbf,orthogonal_all,all,0,8,1.0000000000000004,1.6036618988139018e-15,1.474659570925393e-16,True
development,bank-marketing,V14,rbf,orthogonal_all,all,0,8,1.0000000000000009,1.476596050536167e-15,2.828284968520729e-16,True
development,bank-marketing,V6,rbf,orthogonal_all,all,0,8,1.0000000000000004,8.50117345577621e-16,2.0224186499239816e-16,True
development,bank-marketing,V1,rbf,orthogonal_all,all,1,8,1.0000000000000004,1.2667023895229234e-15,2.7183045512172803e-16,True
development,bank-marketing,V10,rbf,orthogonal_all,all,1,8,1.0000000000000009,1.1370923729650726e-15,2.0394939189540086e-16,True
development,bank-marketing,V12,rbf,orthogonal_all,all,1,8,1.0000000000000004,1.2335595097504166e-15,2.5665462161915806e-16,True
development,bank-marketing,V13,rbf,orthogonal_all,all,1,8,1.0000000000000009,1.0568895801987168e-15,2.6196330046537416e-16,True
development,bank-marketing,V14,rbf,orthogonal_all,all,1,8,1.0000000000000009,1.385764961171893e-15,3.2142646130183716e-16,True
development,bank-marketing,V6,rbf,orthogonal_all,all,1,8,1.0000000000000009,8.664528637031116e-16,1.8233671981797182e-16,True
development,bank-marketing,V1,rbf,orthogonal_all,all,2,8,1.0000000000000007,1.0200768790175199e-15,2.0015363938049813e-16,True
development,bank-marketing,V10,rbf,orthogonal_all,all,2,8,1.0000000000000009,1.2006199418227201e-15,2.3570170519847534e-16,True
development,bank-marketing,V12,rbf,orthogonal_all,all,2,8,1.0000000000000007,1.162447729758483e-15,2.309787609793892e-16,True
development,bank-marketing,V13,rbf,orthogonal_all,all,2,8,1.0000000000000004,1.1917862396315955e-15,2.0698971850544966e-16,True
development,bank-marketing,V14,rbf,orthogonal_all,all,2,8,1.0000000000000009,1.2110781266132376e-15,2.2140618026927136e-16,True
development,bank-marketing,V6,rbf,orthogonal_all,all,2,8,1.0000000000000007,1.0650975450113954e-15,2.07856236508648e-16,True
development,bank-marketing,V1,rbf,orthogonal_all,all,3,8,1.0000000000000004,1.0411418473370155e-15,2.9364826384110177e-16,True
development,bank-marketing,V10,rbf,orthogonal_all,all,3,8,1.0000000000000004,1.4856210656691018e-15,2.355809012605042e-16,True
development,bank-marketing,V12,rbf,orthogonal_all,all,3,8,1.0000000000000007,9.403079616282989e-16,1.899862169948175e-16,True
development,bank-marketing,V13,rbf,orthogonal_all,all,3,8,1.0000000000000002,9.108490161096545e-16,1.9283288143290131e-16,True
development,bank-marketing,V14,rbf,orthogonal_all,all,3,8,1.0000000000000007,1.2291753495054365e-15,1.8359091966463464e-16,True
development,bank-marketing,V6,rbf,orthogonal_all,all,3,8,1.0000000000000007,1.0279906714320388e-15,1.9432109635285146e-16,True
development,bank-marketing,V1,rbf,orthogonal_all,all,4,8,1.0000000000000007,9.761715045729886e-16,2.414906292914509e-16,True
development,bank-marketing,V10,rbf,orthogonal_all,all,4,8,1.0000000000000007,1.1852621569117378e-15,2.2927832350583493e-16,True
development,bank-marketing,V12,rbf,orthogonal_all,all,4,8,1.0000000000000004,1.0446130607172993e-15,2.2524811077945084e-16,True
development,bank-marketing,V13,rbf,orthogonal_all,all,4,8,1.0000000000000004,1.1898901429828585e-15,2.1299312663032093e-16,True
development,bank-marketing,V14,rbf,orthogonal_all,all,4,8,1.0000000000000004,1.4058190471433442e-15,4.0500864766666397e-16,True
development,bank-marketing,V6,rbf,orthogonal_all,all,4,8,1.0000000000000007,1.2647786727763954e-15,2.6645371185891315e-16,True
development,bank-marketing,V1,rbf,orthogonal_all,all,5,8,1.0000000000000007,1.1604867070389937e-15,2.3428607147372063e-16,True
development,bank-marketing,V10,rbf,orthogonal_all,all,5,8,1.0000000000000009,1.109861268975681e-15,2.4708412275742317e-16,True
development,bank-marketing,V12,rbf,orthogonal_all,all,5,8,1.0000000000000007,7.846931255903059e-16,3.0690970887068107e-16,True
development,bank-marketing,V13,rbf,orthogonal_all,all,5,8,1.0000000000000004,9.412450821700214e-16,3.1612759678354066e-16,True
development,bank-marketing,V14,rbf,orthogonal_all,all,5,8,1.0000000000000004,9.476542709852523e-16,1.797500565863267e-16,True
development,bank-marketing,V6,rbf,orthogonal_all,all,5,8,1.0000000000000002,1.1926041739233188e-15,2.3695416945364354e-16,True
development,bank-marketing,V1,rbf,orthogonal_all,all,6,8,1.0000000000000004,1.2408828546516542e-15,2.0686602688250105e-16,True
development,bank-marketing,V10,rbf,orthogonal_all,all,6,8,1.0000000000000007,1.0390220130008769e-15,2.6152841070277904e-16,True
development,bank-marketing,V12,rbf,orthogonal_all,all,6,8,1.0000000000000007,1.187933017572671e-15,1.9835660566585723e-16,True
development,bank-marketing,V13,rbf,orthogonal_all,all,6,8,1.0000000000000004,9.633130574707032e-16,3.5238391107649774e-16,True
development,bank-marketing,V14,rbf,orthogonal_all,all,6,8,1.0000000000000004,9.919957934614525e-16,2.9879396552062926e-16,True
development,bank-marketing,V6,rbf,orthogonal_all,all,6,8,1.0000000000000004,1.3480979952639546e-15,1.7895796718418565e-16,True
development,bank-marketing,V1,rbf,orthogonal_all,all,7,8,1.0000000000000004,9.56660751993278e-16,2.36345453391386e-16,True
development,bank-marketing,V10,rbf,orthogonal_all,all,7,8,1.0000000000000007,1.2292830134311243e-15,2.6140117898193117e-16,True
development,bank-marketing,V12,rbf,orthogonal_all,all,7,8,1.0000000000000009,8.194027381810691e-16,2.3229173434394517e-16,True
development,bank-marketing,V13,rbf,orthogonal_all,all,7,8,1.0000000000000007,1.41138687825207e-15,1.7989386140111974e-16,True
development,bank-marketing,V14,rbf,orthogonal_all,all,7,8,1.0000000000000004,1.0270548349104703e-15,3.4463634383564745e-16,True
development,bank-marketing,V6,rbf,orthogonal_all,all,7,8,1.0000000000000004,9.428452457659883e-16,2.1519151575110075e-16,True
development,bank-marketing,V1,rbf,condition_le_3_all,all,0,8,3.0,2.590961997896877,3.9578719817256233e-16,True
development,bank-marketing,V10,rbf,condition_le_3_all,all,0,8,2.9999999999999987,2.590961997896874,2.5087238216552715e-16,True
development,bank-marketing,V12,rbf,condition_le_3_all,all,0,8,2.9999999999999973,2.5909619978968754,2.1503271007913677e-16,True
development,bank-marketing,V13,rbf,condition_le_3_all,all,0,8,2.9999999999999996,2.590961997896874,3.239704910114857e-16,True
development,bank-marketing,V14,rbf,condition_le_3_all,all,0,8,3.0000000000000013,2.5909619978968776,2.2125363362013664e-16,True
development,bank-marketing,V6,rbf,condition_le_3_all,all,0,8,3.0,2.590961997896876,2.2092378045193122e-16,True
development,bank-marketing,V1,rbf,condition_le_3_all,all,1,8,2.9999999999999987,2.5909619978968763,3.1494384181532834e-16,True
development,bank-marketing,V10,rbf,condition_le_3_all,all,1,8,2.9999999999999996,2.590961997896875,2.991356057279314e-16,True
development,bank-marketing,V12,rbf,condition_le_3_all,all,1,8,2.9999999999999996,2.590961997896876,2.594588396557693e-16,True
development,bank-marketing,V13,rbf,condition_le_3_all,all,1,8,2.9999999999999996,2.5909619978968754,4.1000428054710405e-16,True
development,bank-marketing,V14,rbf,condition_le_3_all,all,1,8,3.0000000000000004,2.5909619978968776,2.0238320141912018e-16,True
development,bank-marketing,V6,rbf,condition_le_3_all,all,1,8,2.9999999999999982,2.590961997896873,2.4123902266651624e-16,True
development,bank-marketing,V1,rbf,condition_le_3_all,all,2,8,2.9999999999999987,2.5909619978968745,2.0774372075250526e-16,True
development,bank-marketing,V10,rbf,condition_le_3_all,all,2,8,2.9999999999999996,2.5909619978968745,2.7170256504065813e-16,True
development,bank-marketing,V12,rbf,condition_le_3_all,all,2,8,2.999999999999999,2.5909619978968754,2.7912766452692947e-16,True
development,bank-marketing,V13,rbf,condition_le_3_all,all,2,8,3.000000000000001,2.5909619978968754,2.448069289577818e-16,True
development,bank-marketing,V14,rbf,condition_le_3_all,all,2,8,3.000000000000001,2.590961997896876,2.521979039534086e-16,True
development,bank-marketing,V6,rbf,condition_le_3_all,all,2,8,3.000000000000001,2.590961997896875,2.107250846702378e-16,True
development,bank-marketing,V1,rbf,condition_le_3_all,all,3,8,2.9999999999999987,2.590961997896875,3.0548261010343096e-16,True
development,bank-marketing,V10,rbf,condition_le_3_all,all,3,8,2.9999999999999996,2.590961997896875,3.4099210262344945e-16,True
development,bank-marketing,V12,rbf,condition_le_3_all,all,3,8,2.999999999999999,2.5909619978968754,3.0895354264863034e-16,True
development,bank-marketing,V13,rbf,condition_le_3_all,all,3,8,2.999999999999999,2.590961997896873,2.0451248961006839e-16,True
development,bank-marketing,V14,rbf,condition_le_3_all,all,3,8,3.0,2.5909619978968736,3.10125427494003e-16,True
development,bank-marketing,V6,rbf,condition_le_3_all,all,3,8,2.9999999999999996,2.5909619978968745,3.2113177101717143e-16,True
development,bank-marketing,V1,rbf,condition_le_3_all,all,4,8,2.9999999999999987,2.5909619978968736,2.1193834181810538e-16,True
development,bank-marketing,V10,rbf,condition_le_3_all,all,4,8,3.0000000000000013,2.5909619978968754,2.5152596754809296e-16,True
development,bank-marketing,V12,rbf,condition_le_3_all,all,4,8,3.0000000000000013,2.5909619978968768,2.9415002935097396e-16,True
development,bank-marketing,V13,rbf,condition_le_3_all,all,4,8,2.9999999999999973,2.5909619978968754,2.86353579736937e-16,True
development,bank-marketing,V14,rbf,condition_le_3_all,all,4,8,2.999999999999998,2.590961997896875,2.5179126379811195e-16,True
development,bank-marketing,V6,rbf,condition_le_3_all,all,4,8,2.999999999999998,2.5909619978968728,2.43807016890072e-16,True
development,bank-marketing,V1,rbf,condition_le_3_all,all,5,8,2.9999999999999987,2.590961997896874,2.1389949448066977e-16,True
development,bank-marketing,V10,rbf,condition_le_3_all,all,5,8,2.9999999999999996,2.590961997896874,2.6287881115502e-16,True
development,bank-marketing,V12,rbf,condition_le_3_all,all,5,8,2.9999999999999982,2.5909619978968736,2.6210322644663504e-16,True
development,bank-marketing,V13,rbf,condition_le_3_all,all,5,8,2.9999999999999987,2.590961997896874,2.8034202919645017e-16,True
development,bank-marketing,V14,rbf,condition_le_3_all,all,5,8,3.000000000000001,2.5909619978968754,2.3499954336619216e-16,True
development,bank-marketing,V6,rbf,condition_le_3_all,all,5,8,2.999999999999998,2.590961997896875,2.146743191114252e-16,True
development,bank-marketing,V1,rbf,condition_le_3_all,all,6,8,3.0000000000000004,2.5909619978968745,2.1412011421524787e-16,True
development,bank-marketing,V10,rbf,condition_le_3_all,all,6,8,2.9999999999999987,2.590961997896876,2.2019836855292665e-16,True
development,bank-marketing,V12,rbf,condition_le_3_all,all,6,8,3.0,2.590961997896874,2.1344154483413592e-16,True
development,bank-marketing,V13,rbf,condition_le_3_all,all,6,8,2.999999999999998,2.590961997896875,2.0724953630073335e-16,True
development,bank-marketing,V14,rbf,condition_le_3_all,all,6,8,3.0000000000000004,2.590961997896876,2.982367422058004e-16,True
development,bank-marketing,V6,rbf,condition_le_3_all,all,6,8,2.999999999999999,2.590961997896876,2.288648347027539e-16,True
development,bank-marketing,V1,rbf,condition_le_3_all,all,7,8,2.999999999999999,2.5909619978968754,1.9312432084887942e-16,True
development,bank-marketing,V10,rbf,condition_le_3_all,all,7,8,2.9999999999999973,2.5909619978968754,3.015535804424336e-16,True
development,bank-marketing,V12,rbf,condition_le_3_all,all,7,8,2.9999999999999973,2.590961997896875,2.546148388724672e-16,True
development,bank-marketing,V13,rbf,condition_le_3_all,all,7,8,3.0,2.5909619978968768,2.4607751300572497e-16,True
development,bank-marketing,V14,rbf,condition_le_3_all,all,7,8,2.9999999999999996,2.5909619978968754,2.180974974836977e-16,True
development,bank-marketing,V6,rbf,condition_le_3_all,all,7,8,2.9999999999999996,2.5909619978968745,2.257940227136817e-16,True
development,bike-sharing,feel_temp,rbf,orthogonal_one,one,0,8,1.0000000000000007,9.809437398421569e-16,1.9632129985790575e-16,True
development,bike-sharing,feel_temp,rbf,orthogonal_one,one,1,8,1.0000000000000009,1.2123339232997006e-15,2.825006223789638e-16,True
development,bike-sharing,feel_temp,rbf,orthogonal_one,one,2,8,1.0000000000000007,1.333514917627642e-15,2.596848124774123e-16,True
development,bike-sharing,feel_temp,rbf,orthogonal_one,one,3,8,1.0000000000000002,1.3363344157218998e-15,2.3198577303178693e-16,True
development,bike-sharing,feel_temp,rbf,orthogonal_one,one,4,8,1.0000000000000002,6.166014155826502e-16,3.2894642594306266e-16,True
development,bike-sharing,feel_temp,rbf,orthogonal_one,one,5,8,1.0000000000000007,1.0480629136197656e-15,1.8567275414021608e-16,True
development,bike-sharing,feel_temp,rbf,orthogonal_one,one,6,8,1.0000000000000004,1.4418317708657014e-15,1.9540405568856482e-16,True
development,bike-sharing,feel_temp,rbf,orthogonal_one,one,7,8,1.0000000000000007,1.1978721953685427e-15,2.621793184939141e-16,True
development,bike-sharing,feel_temp,rbf,orthogonal_all,all,0,8,1.0000000000000009,8.49330484238735e-16,1.8742002347483404e-16,True
development,bike-sharing,hour,rbf,orthogonal_all,all,0,8,1.0000000000000009,6.088669857364703e-16,2.3867616930967706e-16,True
development,bike-sharing,humidity,rbf,orthogonal_all,all,0,8,1.0000000000000007,9.987339016022304e-16,3.179027361283076e-16,True
development,bike-sharing,temp,rbf,orthogonal_all,all,0,8,1.0000000000000007,1.0512398844763515e-15,2.2414230381953963e-16,True
development,bike-sharing,windspeed,rbf,orthogonal_all,all,0,8,1.0000000000000004,8.328740398499194e-16,1.475820313550921e-16,True
development,bike-sharing,feel_temp,rbf,orthogonal_all,all,1,8,1.0000000000000007,1.0524539134647815e-15,1.973030845222382e-16,True
development,bike-sharing,hour,rbf,orthogonal_all,all,1,8,1.0000000000000007,1.1941197335268046e-15,2.4697800365899394e-16,True
development,bike-sharing,humidity,rbf,orthogonal_all,all,1,8,1.0000000000000007,1.6762404092752559e-15,2.7574850315991574e-16,True
development,bike-sharing,temp,rbf,orthogonal_all,all,1,8,1.0000000000000004,1.0617749168305549e-15,3.401298745647194e-16,True
development,bike-sharing,windspeed,rbf,orthogonal_all,all,1,8,1.0000000000000013,1.057619338080099e-15,2.438469727246261e-16,True
development,bike-sharing,feel_temp,rbf,orthogonal_all,all,2,8,1.0000000000000009,1.1494001284746628e-15,3.518814137519538e-16,True
development,bike-sharing,hour,rbf,orthogonal_all,all,2,8,1.0000000000000007,9.621513918139212e-16,2.6866128918697897e-16,True
development,bike-sharing,humidity,rbf,orthogonal_all,all,2,8,1.0000000000000007,9.243956522102589e-16,2.6787804282112317e-16,True
development,bike-sharing,temp,rbf,orthogonal_all,all,2,8,1.0000000000000007,1.2843836721636134e-15,2.181515707218245e-16,True
development,bike-sharing,windspeed,rbf,orthogonal_all,all,2,8,1.0000000000000004,9.745082635547763e-16,2.0469883659521321e-16,True
development,bike-sharing,feel_temp,rbf,orthogonal_all,all,3,8,1.0000000000000007,1.4758519723090611e-15,1.9141637439627782e-16,True
development,bike-sharing,hour,rbf,orthogonal_all,all,3,8,1.0000000000000007,1.3262460637921492e-15,2.57390964918751e-16,True
development,bike-sharing,humidity,rbf,orthogonal_all,all,3,8,1.0000000000000007,1.144646246100274e-15,2.8570712994237606e-16,True
development,bike-sharing,temp,rbf,orthogonal_all,all,3,8,1.0000000000000007,1.7238314111598012e-15,2.1179442949384927e-16,True
development,bike-sharing,windspeed,rbf,orthogonal_all,all,3,8,1.0000000000000004,1.0436180218742027e-15,2.1559106207002828e-16,True
development,bike-sharing,feel_temp,rbf,orthogonal_all,all,4,8,1.0000000000000007,7.368230228145245e-16,2.1383641780564958e-16,True
development,bike-sharing,hour,rbf,orthogonal_all,all,4,8,1.0000000000000007,1.7505833862818174e-15,2.0907815957343685e-16,True
development,bike-sharing,humidity,rbf,orthogonal_all,all,4,8,1.0000000000000004,8.56880251328652e-16,2.7634345111590557e-16,True
development,bike-sharing,temp,rbf,orthogonal_all,all,4,8,1.0000000000000009,1.4315573132013266e-15,2.1445520454387687e-16,True
development,bike-sharing,windspeed,rbf,orthogonal_all,all,4,8,1.0000000000000013,9.727802415580324e-16,1.680449360477721e-16,True
development,bike-sharing,feel_temp,rbf,orthogonal_all,all,5,8,1.0000000000000004,9.432023577409323e-16,2.2725917679264733e-16,True
development,bike-sharing,hour,rbf,orthogonal_all,all,5,8,1.0000000000000004,1.3606240346027802e-15,3.086920507760708e-16,True
development,bike-sharing,humidity,rbf,orthogonal_all,all,5,8,1.0000000000000004,7.112068623127759e-16,2.1225583394931025e-16,True
development,bike-sharing,temp,rbf,orthogonal_all,all,5,8,1.0000000000000004,9.874806176487061e-16,2.49492162907357e-16,True
development,bike-sharing,windspeed,rbf,orthogonal_all,all,5,8,1.000000000000001,9.415658381925532e-16,1.8185238006333612e-16,True
development,bike-sharing,feel_temp,rbf,orthogonal_all,all,6,8,1.0000000000000009,1.0370786798436473e-15,1.958360109858294e-16,True
development,bike-sharing,hour,rbf,orthogonal_all,all,6,8,1.0000000000000007,1.0890325383654867e-15,2.3164844822853815e-16,True
development,bike-sharing,humidity,rbf,orthogonal_all,all,6,8,1.000000000000001,1.861251917199384e-15,2.0543661977106666e-16,True
development,bike-sharing,temp,rbf,orthogonal_all,all,6,8,1.0000000000000004,1.5049456930502442e-15,2.647674296700007e-16,True
development,bike-sharing,windspeed,rbf,orthogonal_all,all,6,8,1.0000000000000009,1.1893734632067525e-15,2.141418815889628e-16,True
development,bike-sharing,feel_temp,rbf,orthogonal_all,all,7,8,1.0000000000000007,1.5377892302836397e-15,2.0417840079032593e-16,True
development,bike-sharing,hour,rbf,orthogonal_all,all,7,8,1.0000000000000004,1.1799140821572856e-15,2.0382846708348482e-16,True
development,bike-sharing,humidity,rbf,orthogonal_all,all,7,8,1.0000000000000007,1.1300844067136343e-15,2.894967958789136e-16,True
development,bike-sharing,temp,rbf,orthogonal_all,all,7,8,1.0000000000000007,9.886675375237469e-16,2.266986496037858e-16,True
development,bike-sharing,windspeed,rbf,orthogonal_all,all,7,8,1.0000000000000009,1.5267273816459588e-15,2.624917606522331e-16,True
development,bike-sharing,feel_temp,rbf,condition_le_3_all,all,0,8,2.9999999999999987,2.5909619978968754,3.3104737713974656e-16,True
development,bike-sharing,hour,rbf,condition_le_3_all,all,0,8,2.9999999999999973,2.5909619978968736,2.438367526120746e-16,True
development,bike-sharing,humidity,rbf,condition_le_3_all,all,0,8,2.999999999999999,2.5909619978968745,3.622332361745445e-16,True
development,bike-sharing,temp,rbf,condition_le_3_all,all,0,8,3.000000000000001,2.5909619978968763,2.4449179113123667e-16,True
development,bike-sharing,windspeed,rbf,condition_le_3_all,all,0,8,2.9999999999999982,2.5909619978968745,2.3372162441685053e-16,True
development,bike-sharing,feel_temp,rbf,condition_le_3_all,all,1,8,2.9999999999999987,2.5909619978968754,2.2735921721161183e-16,True
development,bike-sharing,hour,rbf,condition_le_3_all,all,1,8,2.999999999999999,2.5909619978968745,2.840495631194956e-16,True
development,bike-sharing,humidity,rbf,condition_le_3_all,all,1,8,2.9999999999999982,2.5909619978968728,2.792021967871399e-16,True
development,bike-sharing,temp,rbf,condition_le_3_all,all,1,8,2.9999999999999996,2.590961997896875,2.1435163452258352e-16,True
development,bike-sharing,windspeed,rbf,condition_le_3_all,all,1,8,3.000000000000001,2.590961997896877,2.561055207761313e-16,True
development,bike-sharing,feel_temp,rbf,condition_le_3_all,all,2,8,3.0000000000000004,2.590961997896875,2.5761490461635856e-16,True
development,bike-sharing,hour,rbf,condition_le_3_all,all,2,8,3.0,2.590961997896876,2.2672333343368005e-16,True
development,bike-sharing,humidity,rbf,condition_le_3_all,all,2,8,2.9999999999999996,2.590961997896878,2.4745258326083873e-16,True
development,bike-sharing,temp,rbf,condition_le_3_all,all,2,8,2.999999999999998,2.590961997896873,2.621105105905257e-16,True
development,bike-sharing,windspeed,rbf,condition_le_3_all,all,2,8,3.0,2.5909619978968754,2.9499254570736213e-16,True
development,bike-sharing,feel_temp,rbf,condition_le_3_all,all,3,8,3.0,2.5909619978968754,2.6400078558075635e-16,True
development,bike-sharing,hour,rbf,condition_le_3_all,all,3,8,3.0000000000000013,2.5909619978968754,1.969841142582703e-16,True
development,bike-sharing,humidity,rbf,condition_le_3_all,all,3,8,2.9999999999999987,2.5909619978968736,2.6113342787471464e-16,True
development,bike-sharing,temp,rbf,condition_le_3_all,all,3,8,3.0,2.5909619978968768,2.9806398472857054e-16,True
development,bike-sharing,windspeed,rbf,condition_le_3_all,all,3,8,2.9999999999999973,2.590961997896875,2.6516704026507745e-16,True
development,bike-sharing,feel_temp,rbf,condition_le_3_all,all,4,8,3.0,2.590961997896875,2.6485642785953423e-16,True
development,bike-sharing,hour,rbf,condition_le_3_all,all,4,8,3.0000000000000013,2.5909619978968754,2.8664168178999743e-16,True
development,bike-sharing,humidity,rbf,condition_le_3_all,all,4,8,3.0000000000000004,2.5909619978968754,3.6837484327842213e-16,True
development,bike-sharing,temp,rbf,condition_le_3_all,all,4,8,3.0,2.590961997896874,3.069208453514049e-16,True
development,bike-sharing,windspeed,rbf,condition_le_3_all,all,4,8,2.9999999999999973,2.5909619978968763,2.009641740331848e-16,True
development,bike-sharing,feel_temp,rbf,condition_le_3_all,all,5,8,2.9999999999999982,2.5909619978968728,2.2483591437284076e-16,True
development,bike-sharing,hour,rbf,condition_le_3_all,all,5,8,2.999999999999999,2.5909619978968768,2.5597712749189706e-16,True
development,bike-sharing,humidity,rbf,condition_le_3_all,all,5,8,3.0000000000000013,2.5909619978968768,2.8705920462870784e-16,True
development,bike-sharing,temp,rbf,condition_le_3_all,all,5,8,2.9999999999999987,2.5909619978968728,2.914463684898815e-16,True
development,bike-sharing,windspeed,rbf,condition_le_3_all,all,5,8,3.0000000000000004,2.590961997896876,2.4443531676028556e-16,True
development,bike-sharing,feel_temp,rbf,condition_le_3_all,all,6,8,2.9999999999999982,2.5909619978968745,2.149036129384092e-16,True
development,bike-sharing,hour,rbf,condition_le_3_all,all,6,8,3.0000000000000013,2.590961997896874,3.535942654432628e-16,True
development,bike-sharing,humidity,rbf,condition_le_3_all,all,6,8,2.999999999999998,2.590961997896875,3.0684733837667393e-16,True
development,bike-sharing,temp,rbf,condition_le_3_all,all,6,8,2.9999999999999987,2.5909619978968736,3.554207431350637e-16,True
development,bike-sharing,windspeed,rbf,condition_le_3_all,all,6,8,2.9999999999999987,2.590961997896876,2.3196079751367074e-16,True
development,bike-sharing,feel_temp,rbf,condition_le_3_all,all,7,8,3.0,2.5909619978968745,2.6093357924997105e-16,True
development,bike-sharing,hour,rbf,condition_le_3_all,all,7,8,2.9999999999999973,2.5909619978968754,2.343935269836974e-16,True
development,bike-sharing,humidity,rbf,condition_le_3_all,all,7,8,2.999999999999997,2.5909619978968736,2.8076194176506774e-16,True
development,bike-sharing,temp,rbf,condition_le_3_all,all,7,8,2.9999999999999987,2.5909619978968763,2.1609447804817709e-16,True
development,bike-sharing,windspeed,rbf,condition_le_3_all,all,7,8,2.9999999999999987,2.590961997896874,2.279632955820876e-16,True
development,california_housing,total_rooms,rbf,orthogonal_one,one,0,8,1.0000000000000007,9.864462935852444e-16,2.1749773691579737e-16,True
development,california_housing,total_rooms,rbf,orthogonal_one,one,1,8,1.0000000000000004,1.0728899337980424e-15,2.783712859368919e-16,True
development,california_housing,total_rooms,rbf,orthogonal_one,one,2,8,1.0000000000000009,1.0350501342003722e-15,2.084733772923476e-16,True
development,california_housing,total_rooms,rbf,orthogonal_one,one,3,8,1.000000000000001,2.1016521221107734e-15,2.5114976583256004e-16,True
development,california_housing,total_rooms,rbf,orthogonal_one,one,4,8,1.0000000000000004,9.360665469245653e-16,2.0326400816877216e-16,True
development,california_housing,total_rooms,rbf,orthogonal_one,one,5,8,1.0000000000000009,8.688223168002057e-16,2.653503161444261e-16,True
development,california_housing,total_rooms,rbf,orthogonal_one,one,6,8,1.0000000000000004,1.3673453627986555e-15,2.1522109554554334e-16,True
development,california_housing,total_rooms,rbf,orthogonal_one,one,7,8,1.0000000000000007,1.0045277107447857e-15,2.5037868139912457e-16,True
development,california_housing,households,rbf,orthogonal_all,all,0,8,1.0000000000000009,1.4954287513004953e-15,2.1679936589583196e-16,True
development,california_housing,housing_median_age,rbf,orthogonal_all,all,0,8,1.0000000000000007,1.738339124222224e-15,2.04856174971054e-16,True
development,california_housing,latitude,rbf,orthogonal_all,all,0,8,1.0000000000000004,9.902894642014269e-16,2.578916795760011e-16,True
development,california_housing,longitude,rbf,orthogonal_all,all,0,8,1.0000000000000007,9.317510359402078e-16,2.4476049643790506e-16,True
development,california_housing,median_income,rbf,orthogonal_all,all,0,8,1.000000000000001,1.4223614338963e-15,1.9582050154199314e-16,True
development,california_housing,population,rbf,orthogonal_all,all,0,8,1.0000000000000004,7.708788617541516e-16,1.931868989325522e-16,True
development,california_housing,total_bedrooms,rbf,orthogonal_all,all,0,8,1.0000000000000009,1.2981395723532558e-15,2.1176121107427186e-16,True
development,california_housing,total_rooms,rbf,orthogonal_all,all,0,8,1.0000000000000007,1.2142980864190507e-15,2.0974141205058091e-16,True
development,california_housing,households,rbf,orthogonal_all,all,1,8,1.0000000000000004,1.2922251094026897e-15,1.5291713855248124e-16,True
development,california_housing,housing_median_age,rbf,orthogonal_all,all,1,8,1.0000000000000009,1.5354990315917594e-15,2.3845094205487196e-16,True
development,california_housing,latitude,rbf,orthogonal_all,all,1,8,1.0000000000000007,1.164355432146177e-15,2.1879356528372827e-16,True
development,california_housing,longitude,rbf,orthogonal_all,all,1,8,1.0000000000000009,9.5048815986087e-16,2.5670515250682894e-16,True
development,california_housing,median_income,rbf,orthogonal_all,all,1,8,1.0000000000000007,9.889995461245005e-16,2.195345651290467e-16,True
development,california_housing,population,rbf,orthogonal_all,all,1,8,1.0000000000000004,1.4235704241853975e-15,2.2410255629150056e-16,True
development,california_housing,total_bedrooms,rbf,orthogonal_all,all,1,8,1.0000000000000004,1.3348043789564955e-15,1.8508325729235396e-16,True
development,california_housing,total_rooms,rbf,orthogonal_all,all,1,8,1.0000000000000007,1.0939783951624789e-15,2.3288975101055303e-16,True
development,california_housing,households,rbf,orthogonal_all,all,2,8,1.0000000000000009,9.395778527902463e-16,1.7918291859506028e-16,True
development,california_housing,housing_median_age,rbf,orthogonal_all,all,2,8,1.0000000000000007,1.332684927429249e-15,1.9217508146509436e-16,True
development,california_housing,latitude,rbf,orthogonal_all,all,2,8,1.0000000000000007,1.2191166016621049e-15,2.848017343499884e-16,True
development,california_housing,longitude,rbf,orthogonal_all,all,2,8,1.0000000000000007,1.648546993507971e-15,2.505432407052929e-16,True
development,california_housing,median_income,rbf,orthogonal_all,all,2,8,1.000000000000001,1.355977665442903e-15,1.850839437380309e-16,True
development,california_housing,population,rbf,orthogonal_all,all,2,8,1.0000000000000007,8.236788765272823e-16,2.7292655579391317e-16,True
development,california_housing,total_bedrooms,rbf,orthogonal_all,all,2,8,1.0000000000000007,1.1722537327167886e-15,2.3331489629548226e-16,True
development,california_housing,total_rooms,rbf,orthogonal_all,all,2,8,1.0000000000000004,1.1868691866858522e-15,2.459201831095715e-16,True
development,california_housing,households,rbf,orthogonal_all,all,3,8,1.0000000000000004,7.603247491798413e-16,1.9807970241680797e-16,True
development,california_housing,housing_median_age,rbf,orthogonal_all,all,3,8,1.0000000000000007,1.0102387135787313e-15,2.370552795102647e-16,True
development,california_housing,latitude,rbf,orthogonal_all,all,3,8,1.0000000000000007,1.1467088218548655e-15,2.3554995150126345e-16,True
development,california_housing,longitude,rbf,orthogonal_all,all,3,8,1.0000000000000004,9.974195554509175e-16,2.291108030856e-16,True
development,california_housing,median_income,rbf,orthogonal_all,all,3,8,1.0000000000000007,1.6511189879842711e-15,2.8286500825132415e-16,True
development,california_housing,population,rbf,orthogonal_all,all,3,8,1.0000000000000004,1.0162414200897184e-15,3.0962069046583993e-16,True
development,california_housing,total_bedrooms,rbf,orthogonal_all,all,3,8,1.0000000000000004,1.1471166828843725e-15,2.510179260936958e-16,True
development,california_housing,total_rooms,rbf,orthogonal_all,all,3,8,1.0000000000000007,9.01949478735614e-16,2.236871460104005e-16,True
development,california_housing,households,rbf,orthogonal_all,all,4,8,1.0000000000000002,1.2728887528822663e-15,2.457574488223007e-16,True
development,california_housing,housing_median_age,rbf,orthogonal_all,all,4,8,1.0000000000000007,1.3411475865743476e-15,3.0114524897653634e-16,True
development,california_housing,latitude,rbf,orthogonal_all,all,4,8,1.0000000000000009,1.2888875917751567e-15,2.1707071448501096e-16,True
development,california_housing,longitude,rbf,orthogonal_all,all,4,8,1.0000000000000002,1.2961955168585384e-15,3.365117359316051e-16,True
development,california_housing,median_income,rbf,orthogonal_all,all,4,8,1.0000000000000007,1.5468875938436283e-15,1.7695155455612585e-16,True
development,california_housing,population,rbf,orthogonal_all,all,4,8,1.0000000000000004,9.218833871233257e-16,1.7859991733269224e-16,True
development,california_housing,total_bedrooms,rbf,orthogonal_all,all,4,8,1.0000000000000004,1.0041276703122846e-15,1.6792038432775125e-16,True
development,california_housing,total_rooms,rbf,orthogonal_all,all,4,8,1.0000000000000004,1.380689377542247e-15,2.646091357418348e-16,True
development,california_housing,households,rbf,orthogonal_all,all,5,8,1.0000000000000004,1.0040980166616503e-15,2.0370653628150594e-16,True
development,california_housing,housing_median_age,rbf,orthogonal_all,all,5,8,1.0000000000000004,6.908819464017764e-16,2.3258543342655183e-16,True
development,california_housing,latitude,rbf,orthogonal_all,all,5,8,1.0000000000000004,1.1701152176893582e-15,1.7617464362583483e-16,True
development,california_housing,longitude,rbf,orthogonal_all,all,5,8,1.0000000000000004,1.1397235046202708e-15,2.397153414742673e-16,True
development,california_housing,median_income,rbf,orthogonal_all,all,5,8,1.0000000000000004,1.1076971696948502e-15,2.845831520853204e-16,True
development,california_housing,population,rbf,orthogonal_all,all,5,8,1.0000000000000009,1.930061873568187e-15,3.018521518280928e-16,True
development,california_housing,total_bedrooms,rbf,orthogonal_all,all,5,8,1.0000000000000007,1.3504120867929124e-15,2.2751917224957694e-16,True
development,california_housing,total_rooms,rbf,orthogonal_all,all,5,8,1.0000000000000007,6.170059148813626e-16,1.789260093993302e-16,True
development,california_housing,households,rbf,orthogonal_all,all,6,8,1.0000000000000007,1.0024670370058724e-15,2.0392677012829694e-16,True
development,california_housing,housing_median_age,rbf,orthogonal_all,all,6,8,1.0000000000000004,8.806422636611342e-16,2.134678916709859e-16,True
development,california_housing,latitude,rbf,orthogonal_all,all,6,8,1.0000000000000007,8.398539257858382e-16,3.5805141233317644e-16,True
development,california_housing,longitude,rbf,orthogonal_all,all,6,8,1.000000000000001,1.1719835235869658e-15,4.067255454572778e-16,True
development,california_housing,median_income,rbf,orthogonal_all,all,6,8,1.0000000000000007,1.2583393696109095e-15,2.158599523071669e-16,True
development,california_housing,population,rbf,orthogonal_all,all,6,8,1.0000000000000004,1.2733607651806773e-15,2.743885983648667e-16,True
development,california_housing,total_bedrooms,rbf,orthogonal_all,all,6,8,1.0000000000000004,1.1259730406050089e-15,1.9027690020997185e-16,True
development,california_housing,total_rooms,rbf,orthogonal_all,all,6,8,1.0000000000000007,9.65200417579323e-16,1.9404426239212213e-16,True
development,california_housing,households,rbf,orthogonal_all,all,7,8,1.0000000000000007,1.047530256490047e-15,2.326068201140499e-16,True
development,california_housing,housing_median_age,rbf,orthogonal_all,all,7,8,1.0000000000000009,9.636437448422629e-16,2.5086263015559524e-16,True
development,california_housing,latitude,rbf,orthogonal_all,all,7,8,1.000000000000001,1.0749542660635068e-15,2.1614457209803374e-16,True
development,california_housing,longitude,rbf,orthogonal_all,all,7,8,1.000000000000001,1.1281811973013917e-15,1.9389703669167124e-16,True
development,california_housing,median_income,rbf,orthogonal_all,all,7,8,1.0000000000000009,1.2384854612999431e-15,2.2596808398503613e-16,True
development,california_housing,population,rbf,orthogonal_all,all,7,8,1.0000000000000007,1.059993918167395e-15,2.147091851995795e-16,True
development,california_housing,total_bedrooms,rbf,orthogonal_all,all,7,8,1.0000000000000007,8.961864664657613e-16,2.2946163303694467e-16,True
development,california_housing,total_rooms,rbf,orthogonal_all,all,7,8,1.0000000000000009,1.2707672995910786e-15,2.1807662582145785e-16,True
development,california_housing,households,rbf,condition_le_3_all,all,0,8,2.999999999999999,2.590961997896874,2.792087394509161e-16,True
development,california_housing,housing_median_age,rbf,condition_le_3_all,all,0,8,3.000000000000001,2.590961997896876,3.850304934850868e-16,True
development,california_housing,latitude,rbf,condition_le_3_all,all,0,8,2.9999999999999987,2.5909619978968754,2.47552769730415e-16,True
development,california_housing,longitude,rbf,condition_le_3_all,all,0,8,3.0000000000000004,2.590961997896876,2.8619660253820366e-16,True
development,california_housing,median_income,rbf,condition_le_3_all,all,0,8,2.9999999999999987,2.590961997896876,2.964993578954265e-16,True
development,california_housing,population,rbf,condition_le_3_all,all,0,8,2.999999999999999,2.590961997896874,2.3089939502054127e-16,True
development,california_housing,total_bedrooms,rbf,condition_le_3_all,all,0,8,3.0,2.590961997896874,3.6413347487780794e-16,True
development,california_housing,total_rooms,rbf,condition_le_3_all,all,0,8,3.0000000000000004,2.5909619978968754,3.089028422029071e-16,True
development,california_housing,households,rbf,condition_le_3_all,all,1,8,2.999999999999998,2.5909619978968736,2.4613109297949877e-16,True
development,california_housing,housing_median_age,rbf,condition_le_3_all,all,1,8,3.000000000000001,2.5909619978968763,2.2139300461161603e-16,True
development,california_housing,latitude,rbf,condition_le_3_all,all,1,8,2.9999999999999996,2.590961997896875,2.128366135669616e-16,True
development,california_housing,longitude,rbf,condition_le_3_all,all,1,8,3.000000000000002,2.590961997896876,2.305212570620234e-16,True
development,california_housing,median_income,rbf,condition_le_3_all,all,1,8,2.999999999999998,2.5909619978968745,2.7808170025750645e-16,True
development,california_housing,population,rbf,condition_le_3_all,all,1,8,2.9999999999999996,2.5909619978968745,2.224653040224325e-16,True
development,california_housing,total_bedrooms,rbf,condition_le_3_all,all,1,8,2.999999999999999,2.590961997896876,2.918205023013687e-16,True
development,california_housing,total_rooms,rbf,condition_le_3_all,all,1,8,2.999999999999999,2.5909619978968754,2.0011411854346385e-16,True
development,california_housing,households,rbf,condition_le_3_all,all,2,8,2.999999999999999,2.5909619978968754,2.529651744592527e-16,True
development,california_housing,housing_median_age,rbf,condition_le_3_all,all,2,8,3.000000000000001,2.5909619978968754,2.1319365791370627e-16,True
development,california_housing,latitude,rbf,condition_le_3_all,all,2,8,3.000000000000001,2.5909619978968754,3.38016513974886e-16,True
development,california_housing,longitude,rbf,condition_le_3_all,all,2,8,2.9999999999999987,2.590961997896874,2.3314898570016995e-16,True
development,california_housing,median_income,rbf,condition_le_3_all,all,2,8,3.0000000000000004,2.590961997896876,2.307925824762061e-16,True
development,california_housing,population,rbf,condition_le_3_all,all,2,8,2.999999999999998,2.5909619978968754,2.134611874498714e-16,True
development,california_housing,total_bedrooms,rbf,condition_le_3_all,all,2,8,3.000000000000002,2.590961997896875,3.2499898948561594e-16,True
development,california_housing,total_rooms,rbf,condition_le_3_all,all,2,8,2.9999999999999987,2.5909619978968736,1.8570459375985048e-16,True
development,california_housing,households,rbf,condition_le_3_all,all,3,8,3.0,2.590961997896875,1.824979498480314e-16,True
development,california_housing,housing_median_age,rbf,condition_le_3_all,all,3,8,2.9999999999999987,2.5909619978968736,2.8193193569691584e-16,True
development,california_housing,latitude,rbf,condition_le_3_all,all,3,8,3.0000000000000013,2.5909619978968768,3.107088786513144e-16,True
development,california_housing,longitude,rbf,condition_le_3_all,all,3,8,3.0000000000000004,2.5909619978968745,2.2704696245325123e-16,True
development,california_housing,median_income,rbf,condition_le_3_all,all,3,8,2.999999999999999,2.5909619978968736,2.916494719306112e-16,True
development,california_housing,population,rbf,condition_le_3_all,all,3,8,2.9999999999999987,2.5909619978968754,1.667554939537601e-16,True
development,california_housing,total_bedrooms,rbf,condition_le_3_all,all,3,8,2.9999999999999987,2.590961997896875,2.285319311565507e-16,True
development,california_housing,total_rooms,rbf,condition_le_3_all,all,3,8,3.0000000000000027,2.5909619978968763,2.8983061430658777e-16,True
development,california_housing,households,rbf,condition_le_3_all,all,4,8,3.0000000000000004,2.590961997896876,2.72088380189427e-16,True
development,california_housing,housing_median_age,rbf,condition_le_3_all,all,4,8,2.9999999999999982,2.5909619978968745,2.607465591440239e-16,True
development,california_housing,latitude,rbf,condition_le_3_all,all,4,8,3.0000000000000004,2.5909619978968745,3.833664149701807e-16,True
development,california_housing,longitude,rbf,condition_le_3_all,all,4,8,2.9999999999999982,2.590961997896874,2.580836869459527e-16,True
development,california_housing,median_income,rbf,condition_le_3_all,all,4,8,3.000000000000002,2.590961997896877,3.3641265419090525e-16,True
development,california_housing,population,rbf,condition_le_3_all,all,4,8,2.9999999999999987,2.5909619978968768,2.6761608202286647e-16,True
development,california_housing,total_bedrooms,rbf,condition_le_3_all,all,4,8,3.0000000000000013,2.5909619978968745,2.5190584591872683e-16,True
development,california_housing,total_rooms,rbf,condition_le_3_all,all,4,8,2.999999999999998,2.590961997896875,2.9905201538763454e-16,True
development,california_housing,households,rbf,condition_le_3_all,all,5,8,3.0000000000000004,2.590961997896874,2.5444661099856665e-16,True
development,california_housing,housing_median_age,rbf,condition_le_3_all,all,5,8,3.000000000000001,2.5909619978968754,2.652885051180374e-16,True
development,california_housing,latitude,rbf,condition_le_3_all,all,5,8,3.0000000000000004,2.5909619978968736,2.484544874335348e-16,True
development,california_housing,longitude,rbf,condition_le_3_all,all,5,8,2.9999999999999996,2.590961997896876,2.332933042424978e-16,True
development,california_housing,median_income,rbf,condition_le_3_all,all,5,8,2.999999999999999,2.590961997896876,3.0185133130781016e-16,True
development,california_housing,population,rbf,condition_le_3_all,all,5,8,3.000000000000003,2.5909619978968776,2.8656632809413484e-16,True
development,california_housing,total_bedrooms,rbf,condition_le_3_all,all,5,8,2.999999999999999,2.5909619978968754,2.390448878428037e-16,True
development,california_housing,total_rooms,rbf,condition_le_3_all,all,5,8,3.0,2.5909619978968768,2.8193629630824883e-16,True
development,california_housing,households,rbf,condition_le_3_all,all,6,8,2.999999999999997,2.590961997896876,2.752933562285707e-16,True
development,california_housing,housing_median_age,rbf,condition_le_3_all,all,6,8,2.9999999999999996,2.590961997896873,2.8687999662472233e-16,True
development,california_housing,latitude,rbf,condition_le_3_all,all,6,8,2.9999999999999996,2.5909619978968754,2.772610245022834e-16,True
development,california_housing,longitude,rbf,condition_le_3_all,all,6,8,2.9999999999999987,2.590961997896876,2.23391382243154e-16,True
development,california_housing,median_income,rbf,condition_le_3_all,all,6,8,2.9999999999999996,2.590961997896876,2.563076267110102e-16,True
development,california_housing,population,rbf,condition_le_3_all,all,6,8,3.000000000000001,2.5909619978968768,3.1772479022290965e-16,True
development,california_housing,total_bedrooms,rbf,condition_le_3_all,all,6,8,3.0000000000000013,2.590961997896876,2.6158783999513886e-16,True
development,california_housing,total_rooms,rbf,condition_le_3_all,all,6,8,2.9999999999999996,2.5909619978968754,1.9129049052185908e-16,True
development,california_housing,households,rbf,condition_le_3_all,all,7,8,2.9999999999999987,2.5909619978968745,2.542431178066447e-16,True
development,california_housing,housing_median_age,rbf,condition_le_3_all,all,7,8,2.999999999999999,2.5909619978968745,2.240451618625575e-16,True
development,california_housing,latitude,rbf,condition_le_3_all,all,7,8,2.9999999999999973,2.5909619978968736,2.4553703991042064e-16,True
development,california_housing,longitude,rbf,condition_le_3_all,all,7,8,3.0,2.590961997896876,3.110722406765421e-16,True
development,california_housing,median_income,rbf,condition_le_3_all,all,7,8,3.0,2.590961997896876,3.7963896536791184e-16,True
development,california_housing,population,rbf,condition_le_3_all,all,7,8,2.9999999999999982,2.590961997896874,2.558315895888384e-16,True
development,california_housing,total_bedrooms,rbf,condition_le_3_all,all,7,8,3.0,2.590961997896874,1.9300084167668752e-16,True
development,california_housing,total_rooms,rbf,condition_le_3_all,all,7,8,3.0000000000000004,2.5909619978968745,2.6688034826661493e-16,True
development,cpu_small,freeswap,rbf,orthogonal_one,one,0,8,1.000000000000001,1.1776918696672652e-15,2.1530668686107527e-16,True
development,cpu_small,freeswap,rbf,orthogonal_one,one,1,8,1.0000000000000007,1.0107135261914939e-15,2.624582878474821e-16,True
development,cpu_small,freeswap,rbf,orthogonal_one,one,2,8,1.0000000000000004,9.078175995401839e-16,2.192686272179829e-16,True
development,cpu_small,freeswap,rbf,orthogonal_one,one,3,8,1.0000000000000007,1.1458027712559538e-15,3.2682172794868445e-16,True
development,cpu_small,freeswap,rbf,orthogonal_one,one,4,8,1.0000000000000004,1.5884014648271429e-15,2.595873203567874e-16,True
development,cpu_small,freeswap,rbf,orthogonal_one,one,5,8,1.0000000000000004,9.741685199852308e-16,2.1120821934034994e-16,True
development,cpu_small,freeswap,rbf,orthogonal_one,one,6,8,1.0000000000000004,8.130767944086461e-16,1.9107589737864395e-16,True
development,cpu_small,freeswap,rbf,orthogonal_one,one,7,8,1.0000000000000004,9.212366957662032e-16,2.0732323581111247e-16,True
development,cpu_small,exec,rbf,orthogonal_all,all,0,8,1.0000000000000007,7.584438437818458e-16,3.0801507099562305e-16,True
development,cpu_small,fork,rbf,orthogonal_all,all,0,8,1.0000000000000007,1.0795754854036263e-15,1.5843221089309072e-16,True
development,cpu_small,freemem,rbf,orthogonal_all,all,0,8,1.0000000000000004,1.3013554957289514e-15,1.7294687764617356e-16,True
development,cpu_small,freeswap,rbf,orthogonal_all,all,0,8,1.0000000000000007,9.241488984570966e-16,1.7647343034042953e-16,True
development,cpu_small,lread,rbf,orthogonal_all,all,0,8,1.0000000000000007,1.666323437987493e-15,1.9248189572648807e-16,True
development,cpu_small,lwrite,rbf,orthogonal_all,all,0,8,1.0000000000000007,9.98277493207197e-16,1.78239593959606e-16,True
development,cpu_small,rchar,rbf,orthogonal_all,all,0,8,1.0000000000000004,9.190989687263964e-16,1.9742507687689683e-16,True
development,cpu_small,runqsz,rbf,orthogonal_all,all,0,8,1.0000000000000004,9.081968766769836e-16,2.8501672298348357e-16,True
development,cpu_small,scall,rbf,orthogonal_all,all,0,8,1.0000000000000009,9.392974899983376e-16,2.261974028719473e-16,True
development,cpu_small,sread,rbf,orthogonal_all,all,0,8,1.0000000000000004,1.3486182228634615e-15,2.7968803141342503e-16,True
development,cpu_small,swrite,rbf,orthogonal_all,all,0,8,1.0000000000000007,1.3264466044132753e-15,2.476323415743203e-16,True
development,cpu_small,wchar,rbf,orthogonal_all,all,0,8,1.0000000000000004,1.0259635753905486e-15,2.5226897087061637e-16,True
development,cpu_small,exec,rbf,orthogonal_all,all,1,8,1.0000000000000004,1.4172587245729193e-15,2.1495163850712272e-16,True
development,cpu_small,fork,rbf,orthogonal_all,all,1,8,1.0000000000000007,1.2853394228161437e-15,2.343074208242468e-16,True
development,cpu_small,freemem,rbf,orthogonal_all,all,1,8,1.0000000000000009,1.4352658363465774e-15,2.515856271848863e-16,True
development,cpu_small,freeswap,rbf,orthogonal_all,all,1,8,1.0000000000000007,9.402889207810965e-16,2.3933151894939806e-16,True
development,cpu_small,lread,rbf,orthogonal_all,all,1,8,1.0000000000000009,1.0132474065251885e-15,2.3842226945910916e-16,True
development,cpu_small,lwrite,rbf,orthogonal_all,all,1,8,1.0000000000000004,1.2796410438168528e-15,2.0386712411493768e-16,True
development,cpu_small,rchar,rbf,orthogonal_all,all,1,8,1.0000000000000004,1.1251755642354254e-15,2.9353715614115095e-16,True
development,cpu_small,runqsz,rbf,orthogonal_all,all,1,8,1.0000000000000004,9.723245927589581e-16,2.2924715279037886e-16,True
development,cpu_small,scall,rbf,orthogonal_all,all,1,8,1.0000000000000009,9.440971265811636e-16,2.3857113993957995e-16,True
development,cpu_small,sread,rbf,orthogonal_all,all,1,8,1.0000000000000007,1.0112980237111843e-15,2.761451772110071e-16,True
development,cpu_small,swrite,rbf,orthogonal_all,all,1,8,1.0000000000000007,9.52941077940463e-16,2.8517424235837564e-16,True
development,cpu_small,wchar,rbf,orthogonal_all,all,1,8,1.0000000000000002,1.2987059902492184e-15,2.725657372120889e-16,True
development,cpu_small,exec,rbf,orthogonal_all,all,2,8,1.0000000000000004,1.3012671356455764e-15,1.5465095642542921e-16,True
development,cpu_small,fork,rbf,orthogonal_all,all,2,8,1.0000000000000004,8.661051561776974e-16,2.6499340598600836e-16,True
development,cpu_small,freemem,rbf,orthogonal_all,all,2,8,1.0000000000000004,9.92741536210392e-16,2.0018188688443365e-16,True
development,cpu_small,freeswap,rbf,orthogonal_all,all,2,8,1.0000000000000007,1.4396831038859967e-15,1.9509061963990686e-16,True
development,cpu_small,lread,rbf,orthogonal_all,all,2,8,1.0000000000000007,1.2622542450131122e-15,2.3036262424656056e-16,True
development,cpu_small,lwrite,rbf,orthogonal_all,all,2,8,1.0000000000000007,9.894915825870576e-16,1.7874219644515282e-16,True
development,cpu_small,rchar,rbf,orthogonal_all,all,2,8,1.0000000000000004,1.2384454895678027e-15,2.194561826089859e-16,True
development,cpu_small,runqsz,rbf,orthogonal_all,all,2,8,1.0000000000000004,1.49700436600161e-15,1.9833737016239544e-16,True
development,cpu_small,scall,rbf,orthogonal_all,all,2,8,1.0000000000000009,1.2269018443871164e-15,1.9429014538419062e-16,True
development,cpu_small,sread,rbf,orthogonal_all,all,2,8,1.0000000000000004,9.820414282429421e-16,2.7151475794004996e-16,True
development,cpu_small,swrite,rbf,orthogonal_all,all,2,8,1.0000000000000004,8.932016281172808e-16,3.1577838507330186e-16,True
development,cpu_small,wchar,rbf,orthogonal_all,all,2,8,1.0000000000000007,1.0986755960401523e-15,2.5702604098941817e-16,True
development,cpu_small,exec,rbf,orthogonal_all,all,3,8,1.0000000000000004,1.1298889100096733e-15,2.9660411533078094e-16,True
development,cpu_small,fork,rbf,orthogonal_all,all,3,8,1.0000000000000004,7.326445319169885e-16,1.8220759292203518e-16,True
development,cpu_small,freemem,rbf,orthogonal_all,all,3,8,1.0000000000000007,1.451065355703503e-15,1.7386905112222884e-16,True
development,cpu_small,freeswap,rbf,orthogonal_all,all,3,8,1.0000000000000004,1.5202106009526138e-15,1.732493362662148e-16,True
development,cpu_small,lread,rbf,orthogonal_all,all,3,8,1.0000000000000007,1.256761358310872e-15,2.1565786843479924e-16,True
development,cpu_small,lwrite,rbf,orthogonal_all,all,3,8,1.0000000000000007,1.1458221717898648e-15,2.2590885203456355e-16,True
development,cpu_small,rchar,rbf,orthogonal_all,all,3,8,1.0000000000000007,9.712546904175414e-16,1.826552183802428e-16,True
development,cpu_small,runqsz,rbf,orthogonal_all,all,3,8,1.0000000000000007,1.081464792449883e-15,2.5920199866219947e-16,True
development,cpu_small,scall,rbf,orthogonal_all,all,3,8,1.0000000000000007,1.546338617862605e-15,1.7093786809283768e-16,True
development,cpu_small,sread,rbf,orthogonal_all,all,3,8,1.0000000000000007,1.3295901571180777e-15,1.944293037087438e-16,True
development,cpu_small,swrite,rbf,orthogonal_all,all,3,8,1.0000000000000004,1.0024479873955715e-15,1.978252590176578e-16,True
development,cpu_small,wchar,rbf,orthogonal_all,all,3,8,1.0000000000000009,1.260440588794241e-15,2.476448054952418e-16,True
development,cpu_small,exec,rbf,orthogonal_all,all,4,8,1.0000000000000002,1.0048119397686526e-15,3.4033025817075822e-16,True
development,cpu_small,fork,rbf,orthogonal_all,all,4,8,1.0000000000000007,1.4786667513063152e-15,2.2270400917788443e-16,True
development,cpu_small,freemem,rbf,orthogonal_all,all,4,8,1.0000000000000007,1.2566164303370376e-15,2.1152135201406436e-16,True
development,cpu_small,freeswap,rbf,orthogonal_all,all,4,8,1.0000000000000009,1.2985797056959683e-15,2.0141540507190158e-16,True
development,cpu_small,lread,rbf,orthogonal_all,all,4,8,1.0000000000000009,2.1641504606428776e-15,2.2018453602001363e-16,True
development,cpu_small,lwrite,rbf,orthogonal_all,all,4,8,1.0000000000000007,1.4113286191984846e-15,1.8098622701768033e-16,True
development,cpu_small,rchar,rbf,orthogonal_all,all,4,8,1.0000000000000004,1.3326298066367792e-15,1.850938619157369e-16,True
development,cpu_small,runqsz,rbf,orthogonal_all,all,4,8,1.0000000000000004,7.547377573465565e-16,2.220865977131279e-16,True
development,cpu_small,scall,rbf,orthogonal_all,all,4,8,1.0000000000000007,1.5450489768085409e-15,2.776740462819539e-16,True
development,cpu_small,sread,rbf,orthogonal_all,all,4,8,1.0000000000000002,1.1688662446995671e-15,2.5064109201774795e-16,True
development,cpu_small,swrite,rbf,orthogonal_all,all,4,8,1.0000000000000004,9.104010106972128e-16,2.469506256015603e-16,True
development,cpu_small,wchar,rbf,orthogonal_all,all,4,8,1.0000000000000004,9.954309395950346e-16,2.936276833147971e-16,True
development,cpu_small,exec,rbf,orthogonal_all,all,5,8,1.0000000000000007,1.3879841575248152e-15,2.196581244522066e-16,True
development,cpu_small,fork,rbf,orthogonal_all,all,5,8,1.0000000000000007,1.1157422672729458e-15,2.2713475031955546e-16,True
development,cpu_small,freemem,rbf,orthogonal_all,all,5,8,1.0000000000000009,9.372717157979182e-16,2.407989453109549e-16,True
development,cpu_small,freeswap,rbf,orthogonal_all,all,5,8,1.0000000000000007,8.522505847025855e-16,2.1825365414847973e-16,True
development,cpu_small,lread,rbf,orthogonal_all,all,5,8,1.0000000000000009,1.0153273269957575e-15,1.8108380953304503e-16,True
development,cpu_small,lwrite,rbf,orthogonal_all,all,5,8,1.0000000000000009,1.0191194297909783e-15,2.203658767668673e-16,True
development,cpu_small,rchar,rbf,orthogonal_all,all,5,8,1.000000000000001,1.0664793782560177e-15,2.1341482925545845e-16,True
development,cpu_small,runqsz,rbf,orthogonal_all,all,5,8,1.0000000000000002,1.0102308343828983e-15,2.242554676964986e-16,True
development,cpu_small,scall,rbf,orthogonal_all,all,5,8,1.0000000000000002,9.352622530857185e-16,1.9193866388345102e-16,True
development,cpu_small,sread,rbf,orthogonal_all,all,5,8,1.0000000000000007,1.275163905438605e-15,2.1936188259838472e-16,True
development,cpu_small,swrite,rbf,orthogonal_all,all,5,8,1.0000000000000004,9.69587754924891e-16,2.1959745511807312e-16,True
development,cpu_small,wchar,rbf,orthogonal_all,all,5,8,1.0000000000000004,9.06186503682809e-16,1.935936857855047e-16,True
development,cpu_small,exec,rbf,orthogonal_all,all,6,8,1.0000000000000007,1.20419185487416e-15,1.9744246614659817e-16,True
development,cpu_small,fork,rbf,orthogonal_all,all,6,8,1.0000000000000007,1.2939677491533866e-15,2.7543509904720412e-16,True
development,cpu_small,freemem,rbf,orthogonal_all,all,6,8,1.0000000000000009,1.0727482463243867e-15,1.7685138422562993e-16,True
development,cpu_small,freeswap,rbf,orthogonal_all,all,6,8,1.0000000000000004,1.6031184506155785e-15,2.539956665092764e-16,True
development,cpu_small,lread,rbf,orthogonal_all,all,6,8,1.0000000000000007,1.1682852685546985e-15,1.389943352266282e-16,True
development,cpu_small,lwrite,rbf,orthogonal_all,all,6,8,1.0000000000000009,1.0652863873990302e-15,1.7077536998273828e-16,True
development,cpu_small,rchar,rbf,orthogonal_all,all,6,8,1.0000000000000007,1.0379621576721557e-15,1.846848526583315e-16,True
development,cpu_small,runqsz,rbf,orthogonal_all,all,6,8,1.0000000000000004,8.98634373712723e-16,2.68710792935407e-16,True
development,cpu_small,scall,rbf,orthogonal_all,all,6,8,1.0000000000000007,1.5035702041312287e-15,2.1735209770315127e-16,True
development,cpu_small,sread,rbf,orthogonal_all,all,6,8,1.0000000000000004,8.148644572571359e-16,2.0483388103671275e-16,True
development,cpu_small,swrite,rbf,orthogonal_all,all,6,8,1.0000000000000004,1.4646433463780781e-15,1.911057325736699e-16,True
development,cpu_small,wchar,rbf,orthogonal_all,all,6,8,1.0000000000000004,1.0862410574204642e-15,2.0547016117311314e-16,True
development,cpu_small,exec,rbf,orthogonal_all,all,7,8,1.0000000000000004,7.784217160463009e-16,1.9379935607535956e-16,True
development,cpu_small,fork,rbf,orthogonal_all,all,7,8,1.0000000000000004,1.0358634366310914e-15,2.7041205579574304e-16,True
development,cpu_small,freemem,rbf,orthogonal_all,all,7,8,1.0000000000000007,8.55985277174695e-16,2.3747079332309904e-16,True
development,cpu_small,freeswap,rbf,orthogonal_all,all,7,8,1.0000000000000007,1.1082281744991702e-15,2.1354562735957888e-16,True
development,cpu_small,lread,rbf,orthogonal_all,all,7,8,1.0000000000000007,9.581065786908843e-16,2.38782101426065e-16,True
development,cpu_small,lwrite,rbf,orthogonal_all,all,7,8,1.0000000000000009,1.6705366714924167e-15,2.4630297647710974e-16,True
development,cpu_small,rchar,rbf,orthogonal_all,all,7,8,1.0000000000000009,8.061620905909963e-16,2.248883860966459e-16,True
development,cpu_small,runqsz,rbf,orthogonal_all,all,7,8,1.000000000000001,7.879661083875962e-16,3.2124374889546904e-16,True
development,cpu_small,scall,rbf,orthogonal_all,all,7,8,1.0000000000000007,1.1893809316427122e-15,2.882376786125084e-16,True
development,cpu_small,sread,rbf,orthogonal_all,all,7,8,1.0000000000000002,1.2204573673651115e-15,2.904585336660998e-16,True
development,cpu_small,swrite,rbf,orthogonal_all,all,7,8,1.0000000000000007,1.2206110288495767e-15,2.0582313049405408e-16,True
development,cpu_small,wchar,rbf,orthogonal_all,all,7,8,1.0000000000000004,7.451218024348307e-16,2.5815734358071595e-16,True
development,cpu_small,exec,rbf,condition_le_3_all,all,0,8,3.000000000000001,2.5909619978968768,3.1710606023580754e-16,True
development,cpu_small,fork,rbf,condition_le_3_all,all,0,8,2.9999999999999973,2.5909619978968736,3.4300069065027764e-16,True
development,cpu_small,freemem,rbf,condition_le_3_all,all,0,8,2.999999999999999,2.5909619978968768,1.7399598319678583e-16,True
development,cpu_small,freeswap,rbf,condition_le_3_all,all,0,8,2.9999999999999996,2.5909619978968736,3.1533781562302584e-16,True
development,cpu_small,lread,rbf,condition_le_3_all,all,0,8,3.0,2.5909619978968763,2.1306680256656326e-16,True
development,cpu_small,lwrite,rbf,condition_le_3_all,all,0,8,2.999999999999998,2.590961997896874,2.1746213262605398e-16,True
development,cpu_small,rchar,rbf,condition_le_3_all,all,0,8,3.000000000000001,2.590961997896876,2.5840668771807576e-16,True
development,cpu_small,runqsz,rbf,condition_le_3_all,all,0,8,2.9999999999999996,2.590961997896875,3.8613556823984913e-16,True
development,cpu_small,scall,rbf,condition_le_3_all,all,0,8,2.9999999999999987,2.5909619978968728,3.4720180555360555e-16,True
development,cpu_small,sread,rbf,condition_le_3_all,all,0,8,2.9999999999999987,2.5909619978968745,2.329228315304584e-16,True
development,cpu_small,swrite,rbf,condition_le_3_all,all,0,8,3.000000000000001,2.590961997896876,2.941228811882764e-16,True
development,cpu_small,wchar,rbf,condition_le_3_all,all,0,8,3.0000000000000004,2.5909619978968776,2.643976128794565e-16,True
development,cpu_small,exec,rbf,condition_le_3_all,all,1,8,2.9999999999999982,2.5909619978968754,2.724180204068265e-16,True
development,cpu_small,fork,rbf,condition_le_3_all,all,1,8,3.000000000000001,2.5909619978968763,2.438754452269062e-16,True
development,cpu_small,freemem,rbf,condition_le_3_all,all,1,8,3.0000000000000018,2.5909619978968754,3.792141978663397e-16,True
development,cpu_small,freeswap,rbf,condition_le_3_all,all,1,8,3.0,2.5909619978968754,2.5055777975520224e-16,True
development,cpu_small,lread,rbf,condition_le_3_all,all,1,8,2.999999999999999,2.590961997896876,2.0440219221230714e-16,True
development,cpu_small,lwrite,rbf,condition_le_3_all,all,1,8,3.0,2.5909619978968763,4.2136766549829987e-16,True
development,cpu_small,rchar,rbf,condition_le_3_all,all,1,8,3.0000000000000013,2.590961997896875,2.3852641604563183e-16,True
development,cpu_small,runqsz,rbf,condition_le_3_all,all,1,8,3.0,2.5909619978968754,2.8674806221876727e-16,True
development,cpu_small,scall,rbf,condition_le_3_all,all,1,8,2.9999999999999987,2.5909619978968736,3.108526988790904e-16,True
development,cpu_small,sread,rbf,condition_le_3_all,all,1,8,2.9999999999999996,2.590961997896875,2.5653588690774954e-16,True
development,cpu_small,swrite,rbf,condition_le_3_all,all,1,8,2.9999999999999996,2.5909619978968745,2.37064198461232e-16,True
development,cpu_small,wchar,rbf,condition_le_3_all,all,1,8,3.0,2.5909619978968736,2.198476759930019e-16,True
development,cpu_small,exec,rbf,condition_le_3_all,all,2,8,2.9999999999999996,2.5909619978968745,2.0313378666692661e-16,True
development,cpu_small,fork,rbf,condition_le_3_all,all,2,8,2.9999999999999982,2.5909619978968754,2.4220451756731054e-16,True
development,cpu_small,freemem,rbf,condition_le_3_all,all,2,8,2.9999999999999996,2.590961997896876,2.88005119953403e-16,True
development,cpu_small,freeswap,rbf,condition_le_3_all,all,2,8,2.9999999999999982,2.5909619978968745,3.48524546556149e-16,True
development,cpu_small,lread,rbf,condition_le_3_all,all,2,8,2.9999999999999987,2.5909619978968745,2.00764233252751e-16,True
development,cpu_small,lwrite,rbf,condition_le_3_all,all,2,8,2.999999999999999,2.590961997896875,2.5878909786372974e-16,True
development,cpu_small,rchar,rbf,condition_le_3_all,all,2,8,3.0,2.5909619978968754,2.979028811810014e-16,True
development,cpu_small,runqsz,rbf,condition_le_3_all,all,2,8,3.0,2.5909619978968754,2.5661749739920125e-16,True
development,cpu_small,scall,rbf,condition_le_3_all,all,2,8,2.999999999999999,2.590961997896874,2.7121015887904655e-16,True
development,cpu_small,sread,rbf,condition_le_3_all,all,2,8,3.0000000000000004,2.5909619978968763,3.034141400796076e-16,True
development,cpu_small,swrite,rbf,condition_le_3_all,all,2,8,3.000000000000001,2.590961997896877,2.661570826950512e-16,True
development,cpu_small,wchar,rbf,condition_le_3_all,all,2,8,2.9999999999999987,2.5909619978968745,2.7267822311811004e-16,True
development,cpu_small,exec,rbf,condition_le_3_all,all,3,8,2.9999999999999973,2.590961997896874,2.49504718724746e-16,True
development,cpu_small,fork,rbf,condition_le_3_all,all,3,8,2.9999999999999982,2.5909619978968745,2.7754027665934044e-16,True
development,cpu_small,freemem,rbf,condition_le_3_all,all,3,8,2.9999999999999987,2.5909619978968745,2.831183933978492e-16,True
development,cpu_small,freeswap,rbf,condition_le_3_all,all,3,8,2.9999999999999996,2.5909619978968745,4.2785238226797116e-16,True
development,cpu_small,lread,rbf,condition_le_3_all,all,3,8,3.0,2.590961997896875,2.1373534475407476e-16,True
development,cpu_small,lwrite,rbf,condition_le_3_all,all,3,8,2.999999999999999,2.590961997896875,2.725250891378612e-16,True
development,cpu_small,rchar,rbf,condition_le_3_all,all,3,8,2.9999999999999996,2.590961997896875,2.5929194474184474e-16,True
development,cpu_small,runqsz,rbf,condition_le_3_all,all,3,8,3.0,2.5909619978968754,2.23581358744591e-16,True
development,cpu_small,scall,rbf,condition_le_3_all,all,3,8,2.9999999999999996,2.5909619978968736,2.5192021848419467e-16,True
development,cpu_small,sread,rbf,condition_le_3_all,all,3,8,2.9999999999999996,2.5909619978968745,2.371789181018977e-16,True
development,cpu_small,swrite,rbf,condition_le_3_all,all,3,8,2.999999999999999,2.5909619978968763,3.029007837646862e-16,True
development,cpu_small,wchar,rbf,condition_le_3_all,all,3,8,2.999999999999996,2.5909619978968754,2.975683786430463e-16,True
development,cpu_small,exec,rbf,condition_le_3_all,all,4,8,3.0000000000000004,2.5909619978968763,3.1948995592425576e-16,True
development,cpu_small,fork,rbf,condition_le_3_all,all,4,8,3.0,2.590961997896875,4.0751536533360855e-16,True
development,cpu_small,freemem,rbf,condition_le_3_all,all,4,8,3.0000000000000013,2.590961997896876,2.2780624709545574e-16,True
development,cpu_small,freeswap,rbf,condition_le_3_all,all,4,8,2.9999999999999987,2.5909619978968754,2.6555409058470775e-16,True
development,cpu_small,lread,rbf,condition_le_3_all,all,4,8,2.9999999999999987,2.5909619978968754,3.124588684004126e-16,True
development,cpu_small,lwrite,rbf,condition_le_3_all,all,4,8,2.9999999999999973,2.590961997896875,3.262656502775623e-16,True
development,cpu_small,rchar,rbf,condition_le_3_all,all,4,8,3.0000000000000004,2.590961997896876,2.4402807707595565e-16,True
development,cpu_small,runqsz,rbf,condition_le_3_all,all,4,8,3.0,2.590961997896876,2.1193918667408324e-16,True
development,cpu_small,scall,rbf,condition_le_3_all,all,4,8,2.9999999999999987,2.5909619978968723,2.3708203863458987e-16,True
development,cpu_small,sread,rbf,condition_le_3_all,all,4,8,2.999999999999998,2.5909619978968736,2.697626957851808e-16,True
development,cpu_small,swrite,rbf,condition_le_3_all,all,4,8,3.0000000000000013,2.5909619978968768,2.6772491429771243e-16,True
development,cpu_small,wchar,rbf,condition_le_3_all,all,4,8,3.0000000000000013,2.5909619978968776,3.676135813073981e-16,True
development,cpu_small,exec,rbf,condition_le_3_all,all,5,8,2.9999999999999987,2.5909619978968736,2.452715406372785e-16,True
development,cpu_small,fork,rbf,condition_le_3_all,all,5,8,2.9999999999999982,2.590961997896876,2.816408977322717e-16,True
development,cpu_small,freemem,rbf,condition_le_3_all,all,5,8,2.9999999999999987,2.590961997896876,2.1981920331686696e-16,True
development,cpu_small,freeswap,rbf,condition_le_3_all,all,5,8,2.9999999999999987,2.590961997896875,2.0039797849173422e-16,True
development,cpu_small,lread,rbf,condition_le_3_all,all,5,8,3.0000000000000004,2.5909619978968736,1.841424162319755e-16,True
development,cpu_small,lwrite,rbf,condition_le_3_all,all,5,8,3.0000000000000004,2.590961997896876,2.659379991425783e-16,True
development,cpu_small,rchar,rbf,condition_le_3_all,all,5,8,2.9999999999999996,2.5909619978968768,2.710999073806066e-16,True
development,cpu_small,runqsz,rbf,condition_le_3_all,all,5,8,2.9999999999999996,2.590961997896874,2.4563892468634805e-16,True
development,cpu_small,scall,rbf,condition_le_3_all,all,5,8,2.999999999999999,2.590961997896874,2.887158328005964e-16,True
development,cpu_small,sread,rbf,condition_le_3_all,all,5,8,2.999999999999996,2.5909619978968736,2.796774284854819e-16,True
development,cpu_small,swrite,rbf,condition_le_3_all,all,5,8,2.999999999999998,2.5909619978968736,2.56219577227598e-16,True
development,cpu_small,wchar,rbf,condition_le_3_all,all,5,8,2.9999999999999996,2.5909619978968736,2.13832878226031e-16,True
development,cpu_small,exec,rbf,condition_le_3_all,all,6,8,3.0000000000000004,2.5909619978968763,1.9336476533484631e-16,True
development,cpu_small,fork,rbf,condition_le_3_all,all,6,8,2.9999999999999964,2.5909619978968754,2.9104875527345024e-16,True
development,cpu_small,freemem,rbf,condition_le_3_all,all,6,8,3.0,2.590961997896875,3.0679084467620745e-16,True
development,cpu_small,freeswap,rbf,condition_le_3_all,all,6,8,2.9999999999999996,2.5909619978968745,3.0255521634889294e-16,True
development,cpu_small,lread,rbf,condition_le_3_all,all,6,8,2.9999999999999987,2.5909619978968754,2.927086450775303e-16,True
development,cpu_small,lwrite,rbf,condition_le_3_all,all,6,8,2.999999999999999,2.590961997896874,2.973403962811264e-16,True
development,cpu_small,rchar,rbf,condition_le_3_all,all,6,8,3.0,2.590961997896874,2.5814520296087186e-16,True
development,cpu_small,runqsz,rbf,condition_le_3_all,all,6,8,2.9999999999999987,2.5909619978968754,2.639040363302087e-16,True
development,cpu_small,scall,rbf,condition_le_3_all,all,6,8,2.9999999999999987,2.5909619978968754,2.296336798069939e-16,True
development,cpu_small,sread,rbf,condition_le_3_all,all,6,8,2.9999999999999987,2.5909619978968745,2.7530286298716044e-16,True
development,cpu_small,swrite,rbf,condition_le_3_all,all,6,8,2.9999999999999987,2.5909619978968736,2.8688742741032726e-16,True
development,cpu_small,wchar,rbf,condition_le_3_all,all,6,8,3.0,2.590961997896874,2.704211032636586e-16,True
development,cpu_small,exec,rbf,condition_le_3_all,all,7,8,3.000000000000001,2.5909619978968754,2.4613238959904013e-16,True
development,cpu_small,fork,rbf,condition_le_3_all,all,7,8,2.9999999999999987,2.590961997896876,2.5339949712753176e-16,True
development,cpu_small,freemem,rbf,condition_le_3_all,all,7,8,2.999999999999999,2.590961997896876,2.3435686279874764e-16,True
development,cpu_small,freeswap,rbf,condition_le_3_all,all,7,8,3.0000000000000004,2.590961997896877,2.472902239566308e-16,True
development,cpu_small,lread,rbf,condition_le_3_all,all,7,8,3.0000000000000018,2.5909619978968745,2.693797217082425e-16,True
development,cpu_small,lwrite,rbf,condition_le_3_all,all,7,8,2.9999999999999996,2.590961997896875,3.5278765089744365e-16,True
development,cpu_small,rchar,rbf,condition_le_3_all,all,7,8,3.0,2.590961997896875,2.9600236892134576e-16,True
development,cpu_small,runqsz,rbf,condition_le_3_all,all,7,8,2.999999999999999,2.5909619978968776,2.8818193112303434e-16,True
development,cpu_small,scall,rbf,condition_le_3_all,all,7,8,2.9999999999999987,2.590961997896876,2.613932361063601e-16,True
development,cpu_small,sread,rbf,condition_le_3_all,all,7,8,3.0000000000000013,2.590961997896876,2.512522075259822e-16,True
development,cpu_small,swrite,rbf,condition_le_3_all,all,7,8,3.0000000000000004,2.5909619978968768,2.3617701579607476e-16,True
development,cpu_small,wchar,rbf,condition_le_3_all,all,7,8,3.0000000000000013,2.5909619978968754,1.9639952799480776e-16,True
development,credit-g,credit_amount,rbf,orthogonal_one,one,0,8,1.0000000000000007,1.4585200597447249e-15,2.228766266359691e-16,True
development,credit-g,credit_amount,rbf,orthogonal_one,one,1,8,1.0000000000000004,1.0523374442211564e-15,2.247252927311422e-16,True
development,credit-g,credit_amount,rbf,orthogonal_one,one,2,8,1.0000000000000004,1.428769676837532e-15,2.15962150786457e-16,True
development,credit-g,credit_amount,rbf,orthogonal_one,one,3,8,1.0000000000000004,8.983793904755448e-16,2.248190021387408e-16,True
development,credit-g,credit_amount,rbf,orthogonal_one,one,4,8,1.0000000000000002,9.91401574674924e-16,1.7165394347156025e-16,True
development,credit-g,credit_amount,rbf,orthogonal_one,one,5,8,1.0000000000000009,1.2413806936048243e-15,2.741065021398838e-16,True
development,credit-g,credit_amount,rbf,orthogonal_one,one,6,8,1.0000000000000007,1.0104291723848716e-15,3.30137196344895e-16,True
development,credit-g,credit_amount,rbf,orthogonal_one,one,7,8,1.0000000000000007,9.68047850149457e-16,2.33041423378317e-16,True
development,credit-g,age,rbf,orthogonal_all,all,0,8,1.0000000000000004,7.593962323862284e-16,2.0888688913333833e-16,True
development,credit-g,credit_amount,rbf,orthogonal_all,all,0,8,1.0000000000000004,7.839409563236862e-16,2.657714195021326e-16,True
development,credit-g,duration,rbf,orthogonal_all,all,0,8,1.0000000000000004,1.067046855749367e-15,2.8888605014875473e-16,True
development,credit-g,age,rbf,orthogonal_all,all,1,8,1.0000000000000007,8.169425115904335e-16,3.784084658937805e-16,True
development,credit-g,credit_amount,rbf,orthogonal_all,all,1,8,1.0000000000000007,9.836384726294485e-16,2.2226228378638056e-16,True
development,credit-g,duration,rbf,orthogonal_all,all,1,8,1.0000000000000004,9.343493170241536e-16,2.1851202709460875e-16,True
development,credit-g,age,rbf,orthogonal_all,all,2,8,1.0000000000000007,9.784022079177134e-16,1.7721073860801563e-16,True
development,credit-g,credit_amount,rbf,orthogonal_all,all,2,8,1.0000000000000004,1.2076032754711678e-15,2.877193655436653e-16,True
development,credit-g,duration,rbf,orthogonal_all,all,2,8,1.0000000000000004,9.172082105933227e-16,2.7719648332683183e-16,True
development,credit-g,age,rbf,orthogonal_all,all,3,8,1.0000000000000004,1.6589436320737126e-15,2.3177349889952935e-16,True
development,credit-g,credit_amount,rbf,orthogonal_all,all,3,8,1.0000000000000009,1.2471362652418542e-15,3.5435320400435493e-16,True
development,credit-g,duration,rbf,orthogonal_all,all,3,8,1.0000000000000007,1.1872194517033855e-15,2.853777939223352e-16,True
development,credit-g,age,rbf,orthogonal_all,all,4,8,1.0000000000000004,1.2959035511296872e-15,2.388646933297723e-16,True
development,credit-g,credit_amount,rbf,orthogonal_all,all,4,8,1.0000000000000004,1.00589019949668e-15,2.318583735060028e-16,True
development,credit-g,duration,rbf,orthogonal_all,all,4,8,1.0000000000000009,1.5656124763541481e-15,2.9252031654309827e-16,True
development,credit-g,age,rbf,orthogonal_all,all,5,8,1.0000000000000004,1.1458121337342932e-15,2.0708290400651355e-16,True
development,credit-g,credit_amount,rbf,orthogonal_all,all,5,8,1.0000000000000004,1.012916193477232e-15,1.7814541551231187e-16,True
development,credit-g,duration,rbf,orthogonal_all,all,5,8,1.0000000000000009,1.3980902997058682e-15,1.8041050785079487e-16,True
development,credit-g,age,rbf,orthogonal_all,all,6,8,1.0000000000000004,1.568429310673543e-15,2.241817500982229e-16,True
development,credit-g,credit_amount,rbf,orthogonal_all,all,6,8,1.0000000000000004,1.2132682120247208e-15,2.4030272286282744e-16,True
development,credit-g,duration,rbf,orthogonal_all,all,6,8,1.0000000000000007,1.3344326246185812e-15,2.2006412161015962e-16,True
development,credit-g,age,rbf,orthogonal_all,all,7,8,1.0000000000000004,1.2791224501621639e-15,1.9693798669050296e-16,True
development,credit-g,credit_amount,rbf,orthogonal_all,all,7,8,1.0000000000000007,1.0751233166386672e-15,2.244970309849796e-16,True
development,credit-g,duration,rbf,orthogonal_all,all,7,8,1.0000000000000007,1.5070449637520868e-15,2.342364005650263e-16,True
development,credit-g,age,rbf,condition_le_3_all,all,0,8,3.000000000000001,2.590961997896874,2.7526523106480894e-16,True
development,credit-g,credit_amount,rbf,condition_le_3_all,all,0,8,2.9999999999999982,2.5909619978968736,1.9062531769649441e-16,True
development,credit-g,duration,rbf,condition_le_3_all,all,0,8,3.0,2.590961997896876,3.4369159872094145e-16,True
development,credit-g,age,rbf,condition_le_3_all,all,1,8,2.999999999999999,2.590961997896876,2.2660548405782937e-16,True
development,credit-g,credit_amount,rbf,condition_le_3_all,all,1,8,3.0,2.5909619978968745,3.038354516219842e-16,True
development,credit-g,duration,rbf,condition_le_3_all,all,1,8,3.0,2.5909619978968763,2.893698152779233e-16,True
development,credit-g,age,rbf,condition_le_3_all,all,2,8,2.999999999999999,2.5909619978968754,2.480871624277997e-16,True
development,credit-g,credit_amount,rbf,condition_le_3_all,all,2,8,3.0000000000000013,2.590961997896876,3.102566977238043e-16,True
development,credit-g,duration,rbf,condition_le_3_all,all,2,8,2.999999999999999,2.590961997896874,2.8533935974008407e-16,True
development,credit-g,age,rbf,condition_le_3_all,all,3,8,2.9999999999999996,2.590961997896875,2.3240828864993524e-16,True
development,credit-g,credit_amount,rbf,condition_le_3_all,all,3,8,2.999999999999999,2.5909619978968763,2.1084791634631114e-16,True
development,credit-g,duration,rbf,condition_le_3_all,all,3,8,2.9999999999999987,2.5909619978968736,2.106259709823092e-16,True
development,credit-g,age,rbf,condition_le_3_all,all,4,8,3.0000000000000004,2.5909619978968736,3.4499542060208573e-16,True
development,credit-g,credit_amount,rbf,condition_le_3_all,all,4,8,2.9999999999999973,2.590961997896875,3.231392085314709e-16,True
development,credit-g,duration,rbf,condition_le_3_all,all,4,8,3.0,2.5909619978968745,2.0519462468420768e-16,True
development,credit-g,age,rbf,condition_le_3_all,all,5,8,2.9999999999999987,2.5909619978968763,1.9511157141260082e-16,True
development,credit-g,credit_amount,rbf,condition_le_3_all,all,5,8,3.0000000000000004,2.590961997896874,2.7142524245643237e-16,True
development,credit-g,duration,rbf,condition_le_3_all,all,5,8,2.9999999999999987,2.5909619978968728,2.646106631508192e-16,True
development,credit-g,age,rbf,condition_le_3_all,all,6,8,2.999999999999999,2.590961997896873,2.444488600072222e-16,True
development,credit-g,credit_amount,rbf,condition_le_3_all,all,6,8,3.000000000000001,2.5909619978968754,3.0117402436827396e-16,True
development,credit-g,duration,rbf,condition_le_3_all,all,6,8,2.9999999999999987,2.5909619978968754,2.642867199997506e-16,True
development,credit-g,age,rbf,condition_le_3_all,all,7,8,3.0,2.5909619978968754,2.2460255944365365e-16,True
development,credit-g,credit_amount,rbf,condition_le_3_all,all,7,8,3.0,2.5909619978968763,2.884197159896942e-16,True
development,credit-g,duration,rbf,condition_le_3_all,all,7,8,3.0,2.590961997896875,2.743187054885789e-16,True
development,diamonds,table,rbf,orthogonal_one,one,0,8,1.0000000000000007,1.1820800618553272e-15,3.1183916298511904e-16,True
development,diamonds,table,rbf,orthogonal_one,one,1,8,1.0000000000000007,1.2567362693083789e-15,2.2973921112095286e-16,True
development,diamonds,table,rbf,orthogonal_one,one,2,8,1.0000000000000007,1.284659080684374e-15,2.4170417350519156e-16,True
development,diamonds,table,rbf,orthogonal_one,one,3,8,1.0000000000000007,1.284286294665281e-15,3.05776874488341e-16,True
development,diamonds,table,rbf,orthogonal_one,one,4,8,1.0000000000000009,9.73548956325788e-16,2.672284994652787e-16,True
development,diamonds,table,rbf,orthogonal_one,one,5,8,1.0000000000000004,1.5426676687685683e-15,2.493365604968594e-16,True
development,diamonds,table,rbf,orthogonal_one,one,6,8,1.0000000000000002,1.1948613395908758e-15,2.3657283497966085e-16,True
development,diamonds,table,rbf,orthogonal_one,one,7,8,1.0000000000000002,9.72046018501383e-16,1.955433733804255e-16,True
development,diamonds,carat,rbf,orthogonal_all,all,0,8,1.0000000000000009,1.0202184256134913e-15,3.06079665731829e-16,True
development,diamonds,depth,rbf,orthogonal_all,all,0,8,1.0000000000000004,1.5078243009116242e-15,2.0542260208695627e-16,True
development,diamonds,table,rbf,orthogonal_all,all,0,8,1.0000000000000007,1.0890125238160672e-15,2.5517493862240575e-16,True
development,diamonds,x,rbf,orthogonal_all,all,0,8,1.0000000000000007,8.160861104292298e-16,2.476392197689564e-16,True
development,diamonds,y,rbf,orthogonal_all,all,0,8,1.0000000000000007,1.0473876346131593e-15,2.1109997886124913e-16,True
development,diamonds,z,rbf,orthogonal_all,all,0,8,1.0000000000000009,1.1688671141260365e-15,2.8110422971948713e-16,True
development,diamonds,carat,rbf,orthogonal_all,all,1,8,1.0000000000000004,1.0766788256305085e-15,2.4801458115044316e-16,True
development,diamonds,depth,rbf,orthogonal_all,all,1,8,1.0000000000000007,1.251115795220004e-15,2.469856213611736e-16,True
development,diamonds,table,rbf,orthogonal_all,all,1,8,1.0000000000000004,8.896663055036342e-16,2.0008553078094886e-16,True
development,diamonds,x,rbf,orthogonal_all,all,1,8,1.0000000000000002,1.377341178825359e-15,2.6633033872983284e-16,True
development,diamonds,y,rbf,orthogonal_all,all,1,8,1.0000000000000007,1.0999470274229892e-15,2.391785882589645e-16,True
development,diamonds,z,rbf,orthogonal_all,all,1,8,1.0000000000000004,1.5521536347120864e-15,2.68685751334324e-16,True
development,diamonds,carat,rbf,orthogonal_all,all,2,8,1.0000000000000007,1.1554652267452239e-15,3.014215670517886e-16,True
development,diamonds,depth,rbf,orthogonal_all,all,2,8,1.0000000000000007,1.0289914056763525e-15,1.9932084557593948e-16,True
development,diamonds,table,rbf,orthogonal_all,all,2,8,1.0000000000000009,1.120462369945836e-15,1.8190362576403998e-16,True
development,diamonds,x,rbf,orthogonal_all,all,2,8,1.0000000000000007,1.4508612291253083e-15,2.326673101154353e-16,True
development,diamonds,y,rbf,orthogonal_all,all,2,8,1.0000000000000004,6.207212868856312e-16,2.1526969275249786e-16,True
development,diamonds,z,rbf,orthogonal_all,all,2,8,1.0000000000000009,1.3353691980599619e-15,2.6961122142068054e-16,True
development,diamonds,carat,rbf,orthogonal_all,all,3,8,1.0000000000000004,1.235044805690706e-15,2.5954170850931007e-16,True
development,diamonds,depth,rbf,orthogonal_all,all,3,8,1.0000000000000004,8.328130762575573e-16,2.33933823421269e-16,True
development,diamonds,table,rbf,orthogonal_all,all,3,8,1.0000000000000004,9.608289172175965e-16,3.2256751020166617e-16,True
development,diamonds,x,rbf,orthogonal_all,all,3,8,1.0000000000000009,9.063900554279102e-16,2.5896161190898346e-16,True
development,diamonds,y,rbf,orthogonal_all,all,3,8,1.0000000000000009,1.134977056950152e-15,2.502948532346802e-16,True
development,diamonds,z,rbf,orthogonal_all,all,3,8,1.0000000000000009,1.0964606463304657e-15,2.8039012688207577e-16,True
development,diamonds,carat,rbf,orthogonal_all,all,4,8,1.0000000000000007,1.4799359624128806e-15,2.0801387604030898e-16,True
development,diamonds,depth,rbf,orthogonal_all,all,4,8,1.0000000000000007,1.376431222543186e-15,3.041839844052219e-16,True
development,diamonds,table,rbf,orthogonal_all,all,4,8,1.0000000000000002,1.2835677835405624e-15,1.9827431507419612e-16,True
development,diamonds,x,rbf,orthogonal_all,all,4,8,1.0000000000000004,1.0456200300297882e-15,2.8544060332291095e-16,True
development,diamonds,y,rbf,orthogonal_all,all,4,8,1.0000000000000007,1.084060631047134e-15,2.520368509638869e-16,True
development,diamonds,z,rbf,orthogonal_all,all,4,8,1.0000000000000007,9.809452681213814e-16,2.758787420121025e-16,True
development,diamonds,carat,rbf,orthogonal_all,all,5,8,1.0000000000000007,1.9079207357747733e-15,2.0392630994737286e-16,True
development,diamonds,depth,rbf,orthogonal_all,all,5,8,1.0000000000000002,1.0855885313950674e-15,2.7814908285369166e-16,True
development,diamonds,table,rbf,orthogonal_all,all,5,8,1.0000000000000009,1.6231764708557949e-15,1.9264963799448287e-16,True
development,diamonds,x,rbf,orthogonal_all,all,5,8,1.0000000000000007,1.0602162161474134e-15,3.1113757249636533e-16,True
development,diamonds,y,rbf,orthogonal_all,all,5,8,1.0000000000000004,1.122125343867336e-15,2.219419250458623e-16,True
development,diamonds,z,rbf,orthogonal_all,all,5,8,1.0000000000000009,8.190308094705392e-16,2.101172511671153e-16,True
development,diamonds,carat,rbf,orthogonal_all,all,6,8,1.0000000000000009,8.033136204214242e-16,2.4972144247000557e-16,True
development,diamonds,depth,rbf,orthogonal_all,all,6,8,1.0000000000000007,1.207551101146966e-15,2.612763209750609e-16,True
development,diamonds,table,rbf,orthogonal_all,all,6,8,1.0000000000000004,6.92958893886683e-16,2.786253178870216e-16,True
development,diamonds,x,rbf,orthogonal_all,all,6,8,1.0000000000000007,1.0005663809293612e-15,2.3213936784082156e-16,True
development,diamonds,y,rbf,orthogonal_all,all,6,8,1.0000000000000007,1.0805992181257156e-15,2.0171739960371499e-16,True
development,diamonds,z,rbf,orthogonal_all,all,6,8,1.0000000000000004,9.651081138871645e-16,2.1823559753114628e-16,True
development,diamonds,carat,rbf,orthogonal_all,all,7,8,1.0000000000000007,7.306314912520672e-16,2.313382563321296e-16,True
development,diamonds,depth,rbf,orthogonal_all,all,7,8,1.0000000000000009,1.133014769955049e-15,2.2475959088372794e-16,True
development,diamonds,table,rbf,orthogonal_all,all,7,8,1.0000000000000009,1.2581448043534657e-15,2.2935091696382747e-16,True
development,diamonds,x,rbf,orthogonal_all,all,7,8,1.0000000000000004,9.80406578626533e-16,3.5507235247199e-16,True
development,diamonds,y,rbf,orthogonal_all,all,7,8,1.0000000000000004,1.1203407114141583e-15,2.197950276385275e-16,True
development,diamonds,z,rbf,orthogonal_all,all,7,8,1.0000000000000004,8.76798554240303e-16,2.1724861825648014e-16,True
development,diamonds,carat,rbf,condition_le_3_all,all,0,8,2.999999999999999,2.590961997896876,2.5213097314825936e-16,True
development,diamonds,depth,rbf,condition_le_3_all,all,0,8,2.9999999999999996,2.590961997896875,3.821046338176877e-16,True
development,diamonds,table,rbf,condition_le_3_all,all,0,8,2.999999999999999,2.590961997896875,2.0027617885246768e-16,True
development,diamonds,x,rbf,condition_le_3_all,all,0,8,2.999999999999999,2.5909619978968763,2.9362737739008197e-16,True
development,diamonds,y,rbf,condition_le_3_all,all,0,8,2.9999999999999996,2.590961997896874,3.0775538481267535e-16,True
development,diamonds,z,rbf,condition_le_3_all,all,0,8,2.9999999999999987,2.5909619978968754,2.7350971486197417e-16,True
development,diamonds,carat,rbf,condition_le_3_all,all,1,8,3.0000000000000013,2.5909619978968763,2.6377696910232616e-16,True
development,diamonds,depth,rbf,condition_le_3_all,all,1,8,3.0,2.5909619978968745,3.0289444260235546e-16,True
development,diamonds,table,rbf,condition_le_3_all,all,1,8,3.0000000000000027,2.590961997896877,1.7992247467234987e-16,True
development,diamonds,x,rbf,condition_le_3_all,all,1,8,3.0000000000000013,2.5909619978968754,2.6901719356293327e-16,True
development,diamonds,y,rbf,condition_le_3_all,all,1,8,2.999999999999999,2.5909619978968745,2.0352538809260823e-16,True
development,diamonds,z,rbf,condition_le_3_all,all,1,8,3.0000000000000018,2.590961997896877,3.216643018699959e-16,True
development,diamonds,carat,rbf,condition_le_3_all,all,2,8,3.0000000000000004,2.590961997896874,2.74251850094262e-16,True
development,diamonds,depth,rbf,condition_le_3_all,all,2,8,3.0,2.590961997896877,3.7689054264776434e-16,True
development,diamonds,table,rbf,condition_le_3_all,all,2,8,2.9999999999999964,2.5909619978968723,3.805444878547441e-16,True
development,diamonds,x,rbf,condition_le_3_all,all,2,8,2.9999999999999987,2.5909619978968754,3.1724548620069304e-16,True
development,diamonds,y,rbf,condition_le_3_all,all,2,8,2.9999999999999964,2.590961997896873,3.2346519007070436e-16,True
development,diamonds,z,rbf,condition_le_3_all,all,2,8,2.9999999999999987,2.5909619978968754,2.9794901604645823e-16,True
development,diamonds,carat,rbf,condition_le_3_all,all,3,8,3.0000000000000004,2.5909619978968754,2.446184788789287e-16,True
development,diamonds,depth,rbf,condition_le_3_all,all,3,8,2.999999999999999,2.590961997896874,3.160171209783047e-16,True
development,diamonds,table,rbf,condition_le_3_all,all,3,8,2.999999999999998,2.590961997896875,2.583550083659278e-16,True
development,diamonds,x,rbf,condition_le_3_all,all,3,8,2.9999999999999982,2.5909619978968745,2.5989279895498147e-16,True
development,diamonds,y,rbf,condition_le_3_all,all,3,8,2.9999999999999987,2.5909619978968736,3.662052953299759e-16,True
development,diamonds,z,rbf,condition_le_3_all,all,3,8,3.0000000000000004,2.5909619978968754,1.8814279078585227e-16,True
development,diamonds,carat,rbf,condition_le_3_all,all,4,8,2.9999999999999987,2.5909619978968745,2.6934311275553974e-16,True
development,diamonds,depth,rbf,condition_le_3_all,all,4,8,2.9999999999999982,2.5909619978968736,2.1907451252050087e-16,True
development,diamonds,table,rbf,condition_le_3_all,all,4,8,2.9999999999999987,2.590961997896875,2.281406524081665e-16,True
development,diamonds,x,rbf,condition_le_3_all,all,4,8,2.9999999999999964,2.5909619978968736,2.704707801349112e-16,True
development,diamonds,y,rbf,condition_le_3_all,all,4,8,3.0000000000000004,2.590961997896876,3.0510591738400953e-16,True
development,diamonds,z,rbf,condition_le_3_all,all,4,8,3.000000000000002,2.590961997896877,2.5765573287819137e-16,True
development,diamonds,carat,rbf,condition_le_3_all,all,5,8,2.999999999999999,2.5909619978968754,2.3411882979388047e-16,True
development,diamonds,depth,rbf,condition_le_3_all,all,5,8,2.999999999999999,2.590961997896876,2.386619766731191e-16,True
development,diamonds,table,rbf,condition_le_3_all,all,5,8,2.9999999999999982,2.590961997896874,2.6939847286415775e-16,True
development,diamonds,x,rbf,condition_le_3_all,all,5,8,2.9999999999999987,2.5909619978968736,3.30888892768948e-16,True
development,diamonds,y,rbf,condition_le_3_all,all,5,8,3.0000000000000013,2.5909619978968768,2.6528562643081103e-16,True
development,diamonds,z,rbf,condition_le_3_all,all,5,8,3.0000000000000018,2.5909619978968768,2.346422678423215e-16,True
development,diamonds,carat,rbf,condition_le_3_all,all,6,8,3.000000000000002,2.5909619978968768,2.6831333370607327e-16,True
development,diamonds,depth,rbf,condition_le_3_all,all,6,8,2.9999999999999987,2.590961997896875,2.5541713312286533e-16,True
development,diamonds,table,rbf,condition_le_3_all,all,6,8,2.999999999999999,2.590961997896875,2.8406794526943423e-16,True
development,diamonds,x,rbf,condition_le_3_all,all,6,8,3.0,2.590961997896876,2.3893480760240074e-16,True
development,diamonds,y,rbf,condition_le_3_all,all,6,8,3.0000000000000013,2.590961997896876,2.4237829044882504e-16,True
development,diamonds,z,rbf,condition_le_3_all,all,6,8,3.000000000000001,2.5909619978968745,2.7789897881009816e-16,True
development,diamonds,carat,rbf,condition_le_3_all,all,7,8,2.999999999999998,2.5909619978968754,2.9806419486708496e-16,True
development,diamonds,depth,rbf,condition_le_3_all,all,7,8,2.999999999999999,2.590961997896874,3.8187890504446523e-16,True
development,diamonds,table,rbf,condition_le_3_all,all,7,8,3.0000000000000004,2.5909619978968763,2.3122648469960083e-16,True
development,diamonds,x,rbf,condition_le_3_all,all,7,8,3.0,2.590961997896876,3.0131913654284853e-16,True
development,diamonds,y,rbf,condition_le_3_all,all,7,8,2.9999999999999982,2.590961997896875,2.3411934667175873e-16,True
development,diamonds,z,rbf,condition_le_3_all,all,7,8,3.0,2.5909619978968745,2.3671671159196467e-16,True
development,house_16H,P1,rbf,orthogonal_one,one,0,8,1.0000000000000009,1.1809813759543287e-15,1.9218146225851095e-16,True
development,house_16H,P1,rbf,orthogonal_one,one,1,8,1.0000000000000007,1.0742468604661395e-15,2.3358772215645697e-16,True
development,house_16H,P1,rbf,orthogonal_one,one,2,8,1.0000000000000009,1.3698055491269354e-15,2.54555490600332e-16,True
development,house_16H,P1,rbf,orthogonal_one,one,3,8,1.0000000000000007,1.0209273337026917e-15,1.7582089893460176e-16,True
development,house_16H,P1,rbf,orthogonal_one,one,4,8,1.0000000000000004,9.66354669558373e-16,2.4789636748320753e-16,True
development,house_16H,P1,rbf,orthogonal_one,one,5,8,1.0000000000000007,8.153268068868272e-16,1.707580786856767e-16,True
development,house_16H,P1,rbf,orthogonal_one,one,6,8,1.0000000000000004,1.210043988981539e-15,2.485909189719945e-16,True
development,house_16H,P1,rbf,orthogonal_one,one,7,8,1.0000000000000007,1.5049966813215704e-15,2.5195199423133543e-16,True
development,house_16H,H10p1,rbf,orthogonal_all,all,0,8,1.0000000000000004,9.723532945001899e-16,1.8678267418657472e-16,True
development,house_16H,H13p1,rbf,orthogonal_all,all,0,8,1.000000000000001,8.912311558956536e-16,1.8569735019137724e-16,True
development,house_16H,H18pA,rbf,orthogonal_all,all,0,8,1.0000000000000007,1.1888284764799805e-15,2.343280492401107e-16,True
development,house_16H,H2p2,rbf,orthogonal_all,all,0,8,1.0000000000000009,1.2465692379173118e-15,2.2630840996074807e-16,True
development,house_16H,H40p4,rbf,orthogonal_all,all,0,8,1.0000000000000004,6.679826481708878e-16,2.7247284624947965e-16,True
development,house_16H,H8p2,rbf,orthogonal_all,all,0,8,1.0000000000000007,1.0559136898933838e-15,1.4797890228836885e-16,True
development,house_16H,P1,rbf,orthogonal_all,all,0,8,1.0000000000000007,9.992255338877796e-16,3.474255952384038e-16,True
development,house_16H,P11p4,rbf,orthogonal_all,all,0,8,1.0000000000000007,1.6108597125768313e-15,2.0666310845512798e-16,True
development,house_16H,P14p9,rbf,orthogonal_all,all,0,8,1.0000000000000007,7.66370210363094e-16,1.9825686858743807e-16,True
development,house_16H,P15p1,rbf,orthogonal_all,all,0,8,1.0000000000000007,1.0521421434667133e-15,2.3773191365600685e-16,True
development,house_16H,P15p3,rbf,orthogonal_all,all,0,8,1.0000000000000009,1.5449475785913952e-15,1.9291295993202827e-16,True
development,house_16H,P16p2,rbf,orthogonal_all,all,0,8,1.0000000000000009,1.6290898345373349e-15,1.7165964069148276e-16,True
development,house_16H,P18p2,rbf,orthogonal_all,all,0,8,1.0000000000000004,1.2932842156810225e-15,2.1532708041488788e-16,True
development,house_16H,P27p4,rbf,orthogonal_all,all,0,8,1.0000000000000004,1.272290381892186e-15,1.9981945694001982e-16,True
development,house_16H,P5p1,rbf,orthogonal_all,all,0,8,1.0000000000000004,1.140318427833344e-15,2.50557736502164e-16,True
development,house_16H,P6p2,rbf,orthogonal_all,all,0,8,1.0000000000000004,1.15379224932551e-15,2.842128648340086e-16,True
development,house_16H,H10p1,rbf,orthogonal_all,all,1,8,1.0000000000000007,1.2124973604635052e-15,1.9716740636347942e-16,True
development,house_16H,H13p1,rbf,orthogonal_all,all,1,8,1.0000000000000007,1.3286456024470509e-15,2.4408621011070473e-16,True
development,house_16H,H18pA,rbf,orthogonal_all,all,1,8,1.0000000000000002,1.170159955512571e-15,2.601374980556527e-16,True
development,house_16H,H2p2,rbf,orthogonal_all,all,1,8,1.000000000000001,1.6544886234009823e-15,2.1187081382507296e-16,True
development,house_16H,H40p4,rbf,orthogonal_all,all,1,8,1.0000000000000004,1.6782014246729403e-15,2.545434307441968e-16,True
development,house_16H,H8p2,rbf,orthogonal_all,all,1,8,1.0000000000000009,1.135474528740819e-15,2.879067740057221e-16,True
development,house_16H,P1,rbf,orthogonal_all,all,1,8,1.0000000000000004,1.2958705114349094e-15,2.383172244239666e-16,True
development,house_16H,P11p4,rbf,orthogonal_all,all,1,8,1.0000000000000004,1.1892945285002526e-15,2.547197283843086e-16,True
development,house_16H,P14p9,rbf,orthogonal_all,all,1,8,1.0000000000000004,1.376479745628838e-15,2.1900481306878415e-16,True
development,house_16H,P15p1,rbf,orthogonal_all,all,1,8,1.0000000000000009,1.3569943380744864e-15,2.756870617283423e-16,True
development,house_16H,P15p3,rbf,orthogonal_all,all,1,8,1.0000000000000009,9.309113124990862e-16,2.2514639286572896e-16,True
development,house_16H,P16p2,rbf,orthogonal_all,all,1,8,1.0000000000000007,1.3814621756556246e-15,2.50076002826213e-16,True
development,house_16H,P18p2,rbf,orthogonal_all,all,1,8,1.000000000000001,1.4794652674275124e-15,1.9119503391420262e-16,True
development,house_16H,P27p4,rbf,orthogonal_all,all,1,8,1.0000000000000007,7.009706972855186e-16,1.7271139814442266e-16,True
development,house_16H,P5p1,rbf,orthogonal_all,all,1,8,1.0000000000000007,1.6179795801891824e-15,2.8746970029599375e-16,True
development,house_16H,P6p2,rbf,orthogonal_all,all,1,8,1.0000000000000004,9.382582172704787e-16,2.1619796865822808e-16,True
development,house_16H,H10p1,rbf,orthogonal_all,all,2,8,1.0000000000000004,9.287178787639096e-16,2.494217943202306e-16,True
development,house_16H,H13p1,rbf,orthogonal_all,all,2,8,1.0000000000000002,8.127528704326314e-16,2.370955749353833e-16,True
development,house_16H,H18pA,rbf,orthogonal_all,all,2,8,1.000000000000001,1.1862386244506718e-15,2.1288301697139902e-16,True
development,house_16H,H2p2,rbf,orthogonal_all,all,2,8,1.0000000000000004,1.0281924449523796e-15,2.7266672768787496e-16,True
development,house_16H,H40p4,rbf,orthogonal_all,all,2,8,1.0000000000000007,1.4178291151308053e-15,1.8170156170535725e-16,True
development,house_16H,H8p2,rbf,orthogonal_all,all,2,8,1.0000000000000007,1.24357237703605e-15,1.894300034712071e-16,True
development,house_16H,P1,rbf,orthogonal_all,all,2,8,1.0000000000000007,9.060696034297055e-16,1.9459698935534077e-16,True
development,house_16H,P11p4,rbf,orthogonal_all,all,2,8,1.0000000000000007,1.4560754215773807e-15,1.8220365811053904e-16,True
development,house_16H,P14p9,rbf,orthogonal_all,all,2,8,1.0000000000000007,6.711734395452791e-16,2.6734442342245875e-16,True
development,house_16H,P15p1,rbf,orthogonal_all,all,2,8,1.0000000000000004,1.3420651505759322e-15,2.4693563269110064e-16,True
development,house_16H,P15p3,rbf,orthogonal_all,all,2,8,1.0000000000000007,1.4156546133674983e-15,3.135627786651019e-16,True
development,house_16H,P16p2,rbf,orthogonal_all,all,2,8,1.0000000000000009,1.779359836905462e-15,1.8682264669656924e-16,True
development,house_16H,P18p2,rbf,orthogonal_all,all,2,8,1.0000000000000004,1.0040494255890337e-15,2.4028138796268726e-16,True
development,house_16H,P27p4,rbf,orthogonal_all,all,2,8,1.0000000000000007,9.805470926127742e-16,2.4237265747930827e-16,True
development,house_16H,P5p1,rbf,orthogonal_all,all,2,8,1.0000000000000007,8.7542012655413e-16,2.42817285899538e-16,True
development,house_16H,P6p2,rbf,orthogonal_all,all,2,8,1.0000000000000004,1.0779684139504513e-15,2.224103827873369e-16,True
development,house_16H,H10p1,rbf,orthogonal_all,all,3,8,1.0000000000000007,9.237728943221236e-16,2.7630350987062995e-16,True
development,house_16H,H13p1,rbf,orthogonal_all,all,3,8,1.0000000000000004,8.41352317127458e-16,1.88925914635235e-16,True
development,house_16H,H18pA,rbf,orthogonal_all,all,3,8,1.0000000000000007,9.386999802250011e-16,2.0883162164107265e-16,True
development,house_16H,H2p2,rbf,orthogonal_all,all,3,8,1.0000000000000004,6.967050035099341e-16,2.324465408901596e-16,True
development,house_16H,H40p4,rbf,orthogonal_all,all,3,8,1.0000000000000009,1.252239284298174e-15,2.3394222441380757e-16,True
development,house_16H,H8p2,rbf,orthogonal_all,all,3,8,1.0000000000000009,9.1040234717866e-16,2.3310766256538506e-16,True
development,house_16H,P1,rbf,orthogonal_all,all,3,8,1.0000000000000007,1.150214799451214e-15,1.8967033388895597e-16,True
development,house_16H,P11p4,rbf,orthogonal_all,all,3,8,1.0000000000000007,1.2482432738048356e-15,2.691317275416463e-16,True
development,house_16H,P14p9,rbf,orthogonal_all,all,3,8,1.0000000000000007,1.0690830621262299e-15,1.9791258803554564e-16,True
development,house_16H,P15p1,rbf,orthogonal_all,all,3,8,1.0000000000000007,1.4355525321422687e-15,2.278977662332806e-16,True
development,house_16H,P15p3,rbf,orthogonal_all,all,3,8,1.0000000000000009,1.2092004859940122e-15,2.587922039546481e-16,True
development,house_16H,P16p2,rbf,orthogonal_all,all,3,8,1.0000000000000004,1.5343217085549992e-15,1.9470477364851217e-16,True
development,house_16H,P18p2,rbf,orthogonal_all,all,3,8,1.0000000000000007,9.410562599977098e-16,2.369985601208212e-16,True
development,house_16H,P27p4,rbf,orthogonal_all,all,3,8,1.0000000000000009,1.525220240144043e-15,2.4475123222758405e-16,True
development,house_16H,P5p1,rbf,orthogonal_all,all,3,8,1.0000000000000007,7.295407870532329e-16,2.0902595503350396e-16,True
development,house_16H,P6p2,rbf,orthogonal_all,all,3,8,1.0000000000000004,1.2383519006015058e-15,2.462034921387875e-16,True
development,house_16H,H10p1,rbf,orthogonal_all,all,4,8,1.0000000000000007,9.931531895081774e-16,2.0496184043618084e-16,True
development,house_16H,H13p1,rbf,orthogonal_all,all,4,8,1.0000000000000009,1.1531032322044301e-15,2.3640289217407204e-16,True
development,house_16H,H18pA,rbf,orthogonal_all,all,4,8,1.0000000000000009,1.096559357910101e-15,2.0870575130956713e-16,True
development,house_16H,H2p2,rbf,orthogonal_all,all,4,8,1.0000000000000007,1.456492954922838e-15,2.0011605309107682e-16,True
development,house_16H,H40p4,rbf,orthogonal_all,all,4,8,1.0000000000000009,8.602043283834422e-16,2.4775862103510927e-16,True
development,house_16H,H8p2,rbf,orthogonal_all,all,4,8,1.0000000000000004,1.2933854051866375e-15,2.905389383593244e-16,True
development,house_16H,P1,rbf,orthogonal_all,all,4,8,1.0000000000000007,1.2934605564355014e-15,2.4605951803286646e-16,True
development,house_16H,P11p4,rbf,orthogonal_all,all,4,8,1.0000000000000004,1.3128001465216675e-15,2.171406702722549e-16,True
development,house_16H,P14p9,rbf,orthogonal_all,all,4,8,1.0000000000000007,9.800201042125173e-16,2.1460448333909188e-16,True
development,house_16H,P15p1,rbf,orthogonal_all,all,4,8,1.0000000000000004,1.1443555626938684e-15,2.823006819876528e-16,True
development,house_16H,P15p3,rbf,orthogonal_all,all,4,8,1.0000000000000004,5.865468288380216e-16,3.0242410788608844e-16,True
development,house_16H,P16p2,rbf,orthogonal_all,all,4,8,1.0000000000000007,8.01231072470811e-16,3.079639659520448e-16,True
development,house_16H,P18p2,rbf,orthogonal_all,all,4,8,1.0000000000000009,9.92356373591523e-16,2.0126451850183815e-16,True
development,house_16H,P27p4,rbf,orthogonal_all,all,4,8,1.0000000000000007,6.756266238357701e-16,2.580072157736374e-16,True
development,house_16H,P5p1,rbf,orthogonal_all,all,4,8,1.0000000000000007,7.905710481184857e-16,2.2800739319033647e-16,True
development,house_16H,P6p2,rbf,orthogonal_all,all,4,8,1.0000000000000007,1.1149232391555135e-15,2.391696062388322e-16,True
development,house_16H,H10p1,rbf,orthogonal_all,all,5,8,1.0000000000000009,1.0083907356180765e-15,1.8783876954056012e-16,True
development,house_16H,H13p1,rbf,orthogonal_all,all,5,8,1.0000000000000007,1.418697561748596e-15,2.331080613277929e-16,True
development,house_16H,H18pA,rbf,orthogonal_all,all,5,8,1.0000000000000007,6.193882412946377e-16,2.1202553789278068e-16,True
development,house_16H,H2p2,rbf,orthogonal_all,all,5,8,1.0000000000000009,1.267682513457435e-15,2.729898596509433e-16,True
development,house_16H,H40p4,rbf,orthogonal_all,all,5,8,1.0000000000000007,1.2408085966913663e-15,2.168101635767575e-16,True
development,house_16H,H8p2,rbf,orthogonal_all,all,5,8,1.0000000000000007,1.1075842007776182e-15,1.8425111019817119e-16,True
development,house_16H,P1,rbf,orthogonal_all,all,5,8,1.0000000000000007,1.823881304993639e-15,2.3197496213932884e-16,True
development,house_16H,P11p4,rbf,orthogonal_all,all,5,8,1.0000000000000007,1.5422108253754541e-15,1.711981304035735e-16,True
development,house_16H,P14p9,rbf,orthogonal_all,all,5,8,1.0000000000000004,5.455780123527334e-16,1.8524741412408085e-16,True
development,house_16H,P15p1,rbf,orthogonal_all,all,5,8,1.0000000000000007,1.570700131305247e-15,2.1790080335672935e-16,True
development,house_16H,P15p3,rbf,orthogonal_all,all,5,8,1.0000000000000004,7.129779565515565e-16,2.442860695358637e-16,True
development,house_16H,P16p2,rbf,orthogonal_all,all,5,8,1.0000000000000007,1.1756861400571006e-15,2.2003772328883247e-16,True
development,house_16H,P18p2,rbf,orthogonal_all,all,5,8,1.000000000000001,1.2155724034711593e-15,2.8607396472360987e-16,True
development,house_16H,P27p4,rbf,orthogonal_all,all,5,8,1.0000000000000002,1.079927719518852e-15,1.9464168157714004e-16,True
development,house_16H,P5p1,rbf,orthogonal_all,all,5,8,1.0000000000000007,1.0604450705350072e-15,2.1283711418606562e-16,True
development,house_16H,P6p2,rbf,orthogonal_all,all,5,8,1.0000000000000009,1.7679335957134853e-15,2.5476738282056494e-16,True
development,house_16H,H10p1,rbf,orthogonal_all,all,6,8,1.0000000000000007,9.725270767826503e-16,2.268668662537489e-16,True
development,house_16H,H13p1,rbf,orthogonal_all,all,6,8,1.0000000000000004,8.810705548522752e-16,2.232675777951856e-16,True
development,house_16H,H18pA,rbf,orthogonal_all,all,6,8,1.0000000000000009,1.3268551742317896e-15,1.902855565823993e-16,True
development,house_16H,H2p2,rbf,orthogonal_all,all,6,8,1.0000000000000009,1.3437516191939592e-15,2.434400483131087e-16,True
development,house_16H,H40p4,rbf,orthogonal_all,all,6,8,1.0000000000000002,1.1992159949440935e-15,2.5608504789862965e-16,True
development,house_16H,H8p2,rbf,orthogonal_all,all,6,8,1.0000000000000004,9.673734601205616e-16,2.7413841786514413e-16,True
development,house_16H,P1,rbf,orthogonal_all,all,6,8,1.0000000000000007,9.578380242144598e-16,2.881143102746119e-16,True
development,house_16H,P11p4,rbf,orthogonal_all,all,6,8,1.0000000000000007,1.3271443089982799e-15,2.3220933407328817e-16,True
development,house_16H,P14p9,rbf,orthogonal_all,all,6,8,1.0000000000000007,1.01553819564235e-15,2.4719964867383407e-16,True
development,house_16H,P15p1,rbf,orthogonal_all,all,6,8,1.0000000000000007,1.5624545593979322e-15,2.410694933967323e-16,True
development,house_16H,P15p3,rbf,orthogonal_all,all,6,8,1.0000000000000007,1.1877372318136336e-15,3.1634144295549585e-16,True
development,house_16H,P16p2,rbf,orthogonal_all,all,6,8,1.0000000000000007,1.3680779630347082e-15,2.267198553517016e-16,True
development,house_16H,P18p2,rbf,orthogonal_all,all,6,8,1.0000000000000007,1.2038746410725407e-15,1.9388141495103567e-16,True
development,house_16H,P27p4,rbf,orthogonal_all,all,6,8,1.0000000000000004,1.2872331562405448e-15,2.1660417284216738e-16,True
development,house_16H,P5p1,rbf,orthogonal_all,all,6,8,1.0000000000000007,1.3743156745254564e-15,2.4732206097275934e-16,True
development,house_16H,P6p2,rbf,orthogonal_all,all,6,8,1.0000000000000004,9.653436982384083e-16,2.5785403906647197e-16,True
development,house_16H,H10p1,rbf,orthogonal_all,all,7,8,1.0000000000000007,1.2822137700488688e-15,2.5526850570857885e-16,True
development,house_16H,H13p1,rbf,orthogonal_all,all,7,8,1.0000000000000007,8.864856603703615e-16,2.1177674764918265e-16,True
development,house_16H,H18pA,rbf,orthogonal_all,all,7,8,1.0000000000000007,1.0791772732554258e-15,2.2890495140885167e-16,True
development,house_16H,H2p2,rbf,orthogonal_all,all,7,8,1.0000000000000007,1.3566784936550336e-15,1.8071784707116113e-16,True
development,house_16H,H40p4,rbf,orthogonal_all,all,7,8,1.0000000000000009,1.4765365689876114e-15,2.637936583936026e-16,True
development,house_16H,H8p2,rbf,orthogonal_all,all,7,8,1.0000000000000009,1.211369698460873e-15,2.293456867187729e-16,True
development,house_16H,P1,rbf,orthogonal_all,all,7,8,1.0000000000000007,1.0769319668206724e-15,2.9668618844726224e-16,True
development,house_16H,P11p4,rbf,orthogonal_all,all,7,8,1.0000000000000009,1.449016106432152e-15,2.4835959790131744e-16,True
development,house_16H,P14p9,rbf,orthogonal_all,all,7,8,1.0000000000000007,1.1513153979801167e-15,2.362242906115985e-16,True
development,house_16H,P15p1,rbf,orthogonal_all,all,7,8,1.0000000000000007,1.0344931430483483e-15,2.1629778774953062e-16,True
development,house_16H,P15p3,rbf,orthogonal_all,all,7,8,1.0000000000000007,1.9762629026118472e-15,1.9060631473205487e-16,True
development,house_16H,P16p2,rbf,orthogonal_all,all,7,8,1.0000000000000009,1.5301071947267929e-15,2.638776520125213e-16,True
development,house_16H,P18p2,rbf,orthogonal_all,all,7,8,1.0000000000000007,1.5394845989386288e-15,2.547886223512755e-16,True
development,house_16H,P27p4,rbf,orthogonal_all,all,7,8,1.0000000000000009,1.768279239694403e-15,2.334772008405171e-16,True
development,house_16H,P5p1,rbf,orthogonal_all,all,7,8,1.0000000000000007,1.2152106548963531e-15,2.9054705643443074e-16,True
development,house_16H,P6p2,rbf,orthogonal_all,all,7,8,1.0000000000000004,8.100028707689725e-16,2.1867389526334142e-16,True
development,house_16H,H10p1,rbf,condition_le_3_all,all,0,8,3.000000000000001,2.5909619978968768,1.8676792656602764e-16,True
development,house_16H,H13p1,rbf,condition_le_3_all,all,0,8,2.9999999999999973,2.5909619978968728,2.3532905405277654e-16,True
development,house_16H,H18pA,rbf,condition_le_3_all,all,0,8,2.9999999999999987,2.590961997896876,2.544136075642758e-16,True
development,house_16H,H2p2,rbf,condition_le_3_all,all,0,8,2.9999999999999973,2.590961997896873,1.8055943534548994e-16,True
development,house_16H,H40p4,rbf,condition_le_3_all,all,0,8,2.9999999999999973,2.5909619978968736,2.3958211252688966e-16,True
development,house_16H,H8p2,rbf,condition_le_3_all,all,0,8,2.9999999999999996,2.5909619978968754,1.9630188740328162e-16,True
development,house_16H,P1,rbf,condition_le_3_all,all,0,8,2.9999999999999987,2.5909619978968745,3.518210323705317e-16,True
development,house_16H,P11p4,rbf,condition_le_3_all,all,0,8,2.9999999999999973,2.590961997896875,2.1361607336420131e-16,True
development,house_16H,P14p9,rbf,condition_le_3_all,all,0,8,3.0000000000000004,2.5909619978968745,2.745721317113165e-16,True
development,house_16H,P15p1,rbf,condition_le_3_all,all,0,8,3.0000000000000013,2.590961997896876,2.2774515914402674e-16,True
development,house_16H,P15p3,rbf,condition_le_3_all,all,0,8,3.000000000000001,2.5909619978968776,2.2885049596793077e-16,True
development,house_16H,P16p2,rbf,condition_le_3_all,all,0,8,3.0000000000000013,2.5909619978968768,2.937024579745029e-16,True
development,house_16H,P18p2,rbf,condition_le_3_all,all,0,8,2.9999999999999996,2.5909619978968745,3.1160479837656187e-16,True
development,house_16H,P27p4,rbf,condition_le_3_all,all,0,8,3.0,2.5909619978968754,2.160463537453533e-16,True
development,house_16H,P5p1,rbf,condition_le_3_all,all,0,8,2.9999999999999987,2.590961997896875,2.4885414082717345e-16,True
development,house_16H,P6p2,rbf,condition_le_3_all,all,0,8,3.0000000000000013,2.5909619978968776,2.4176122115917024e-16,True
development,house_16H,H10p1,rbf,condition_le_3_all,all,1,8,3.0,2.590961997896876,2.556389698370518e-16,True
development,house_16H,H13p1,rbf,condition_le_3_all,all,1,8,3.0,2.5909619978968763,2.1772198443464326e-16,True
development,house_16H,H18pA,rbf,condition_le_3_all,all,1,8,2.9999999999999973,2.5909619978968728,2.0346686681936919e-16,True
development,house_16H,H2p2,rbf,condition_le_3_all,all,1,8,2.999999999999998,2.590961997896875,2.2121691950438422e-16,True
development,house_16H,H40p4,rbf,condition_le_3_all,all,1,8,3.0,2.590961997896874,2.454283225686309e-16,True
development,house_16H,H8p2,rbf,condition_le_3_all,all,1,8,3.000000000000001,2.590961997896876,3.2328785111869974e-16,True
development,house_16H,P1,rbf,condition_le_3_all,all,1,8,2.9999999999999996,2.5909619978968745,2.4193287067124465e-16,True
development,house_16H,P11p4,rbf,condition_le_3_all,all,1,8,2.999999999999999,2.590961997896875,2.2876442574755653e-16,True
development,house_16H,P14p9,rbf,condition_le_3_all,all,1,8,2.9999999999999987,2.5909619978968745,2.313080914597054e-16,True
development,house_16H,P15p1,rbf,condition_le_3_all,all,1,8,3.0000000000000004,2.5909619978968768,2.965589914130716e-16,True
development,house_16H,P15p3,rbf,condition_le_3_all,all,1,8,2.9999999999999982,2.5909619978968745,2.524801512052475e-16,True
development,house_16H,P16p2,rbf,condition_le_3_all,all,1,8,2.9999999999999996,2.590961997896875,2.814240224318079e-16,True
development,house_16H,P18p2,rbf,condition_le_3_all,all,1,8,2.9999999999999982,2.5909619978968745,3.2199229269707374e-16,True
development,house_16H,P27p4,rbf,condition_le_3_all,all,1,8,3.0,2.5909619978968768,1.8086277536539996e-16,True
development,house_16H,P5p1,rbf,condition_le_3_all,all,1,8,2.9999999999999987,2.5909619978968745,1.9682957213322106e-16,True
development,house_16H,P6p2,rbf,condition_le_3_all,all,1,8,2.9999999999999996,2.5909619978968745,2.8216964232642474e-16,True
development,house_16H,H10p1,rbf,condition_le_3_all,all,2,8,3.000000000000001,2.590961997896875,2.3987517358486976e-16,True
development,house_16H,H13p1,rbf,condition_le_3_all,all,2,8,2.999999999999999,2.590961997896875,2.9794313208774025e-16,True
development,house_16H,H18pA,rbf,condition_le_3_all,all,2,8,3.0000000000000013,2.590961997896875,2.4771128980192847e-16,True
development,house_16H,H2p2,rbf,condition_le_3_all,all,2,8,2.9999999999999996,2.5909619978968754,2.4251389996996e-16,True
development,house_16H,H40p4,rbf,condition_le_3_all,all,2,8,2.999999999999999,2.590961997896876,2.264577332875463e-16,True
development,house_16H,H8p2,rbf,condition_le_3_all,all,2,8,2.9999999999999982,2.5909619978968768,3.196791801940156e-16,True
development,house_16H,P1,rbf,condition_le_3_all,all,2,8,2.9999999999999996,2.590961997896875,3.2567491735749477e-16,True
development,house_16H,P11p4,rbf,condition_le_3_all,all,2,8,3.0,2.590961997896876,2.2494285405516625e-16,True
development,house_16H,P14p9,rbf,condition_le_3_all,all,2,8,2.999999999999999,2.590961997896875,3.01868089638069e-16,True
development,house_16H,P15p1,rbf,condition_le_3_all,all,2,8,3.0000000000000013,2.590961997896875,3.980553858893533e-16,True
development,house_16H,P15p3,rbf,condition_le_3_all,all,2,8,3.0000000000000013,2.5909619978968754,2.471086336148119e-16,True
development,house_16H,P16p2,rbf,condition_le_3_all,all,2,8,3.000000000000001,2.5909619978968768,2.27237191067901e-16,True
development,house_16H,P18p2,rbf,condition_le_3_all,all,2,8,3.0000000000000004,2.5909619978968736,2.0923739702128432e-16,True
development,house_16H,P27p4,rbf,condition_le_3_all,all,2,8,3.0000000000000013,2.590961997896875,4.079646439255416e-16,True
development,house_16H,P5p1,rbf,condition_le_3_all,all,2,8,2.9999999999999973,2.5909619978968736,3.108476328808819e-16,True
development,house_16H,P6p2,rbf,condition_le_3_all,all,2,8,2.9999999999999987,2.5909619978968754,1.6485588629771226e-16,True
development,house_16H,H10p1,rbf,condition_le_3_all,all,3,8,2.9999999999999987,2.5909619978968745,3.134743549606017e-16,True
development,house_16H,H13p1,rbf,condition_le_3_all,all,3,8,2.999999999999999,2.5909619978968754,2.442925699112642e-16,True
development,house_16H,H18pA,rbf,condition_le_3_all,all,3,8,2.999999999999999,2.590961997896874,3.579427912628478e-16,True
development,house_16H,H2p2,rbf,condition_le_3_all,all,3,8,2.9999999999999996,2.5909619978968768,2.564098678550354e-16,True
development,house_16H,H40p4,rbf,condition_le_3_all,all,3,8,2.9999999999999996,2.590961997896875,4.156153145515894e-16,True
development,house_16H,H8p2,rbf,condition_le_3_all,all,3,8,3.0,2.5909619978968754,4.1422544180750478e-16,True
development,house_16H,P1,rbf,condition_le_3_all,all,3,8,3.0000000000000013,2.590961997896876,2.1032086731888244e-16,True
development,house_16H,P11p4,rbf,condition_le_3_all,all,3,8,2.9999999999999982,2.590961997896875,2.5877393419408613e-16,True
development,house_16H,P14p9,rbf,condition_le_3_all,all,3,8,2.999999999999998,2.590961997896875,2.584377434358096e-16,True
development,house_16H,P15p1,rbf,condition_le_3_all,all,3,8,2.999999999999998,2.5909619978968745,2.244971346193262e-16,True
development,house_16H,P15p3,rbf,condition_le_3_all,all,3,8,3.0,2.590961997896876,2.0229800181694405e-16,True
development,house_16H,P16p2,rbf,condition_le_3_all,all,3,8,2.9999999999999996,2.590961997896875,2.5145580838702475e-16,True
development,house_16H,P18p2,rbf,condition_le_3_all,all,3,8,3.0,2.590961997896875,2.54343491632623e-16,True
development,house_16H,P27p4,rbf,condition_le_3_all,all,3,8,2.9999999999999987,2.5909619978968745,2.3364564295723143e-16,True
development,house_16H,P5p1,rbf,condition_le_3_all,all,3,8,3.0000000000000018,2.5909619978968745,2.6964066330228353e-16,True
development,house_16H,P6p2,rbf,condition_le_3_all,all,3,8,2.9999999999999987,2.590961997896875,2.281885210280467e-16,True
development,house_16H,H10p1,rbf,condition_le_3_all,all,4,8,2.999999999999998,2.5909619978968745,1.5299826723787083e-16,True
development,house_16H,H13p1,rbf,condition_le_3_all,all,4,8,3.0000000000000004,2.5909619978968745,1.8220379150065482e-16,True
development,house_16H,H18pA,rbf,condition_le_3_all,all,4,8,2.9999999999999987,2.5909619978968763,2.3837406241604955e-16,True
development,house_16H,H2p2,rbf,condition_le_3_all,all,4,8,3.0,2.590961997896876,2.529625103008069e-16,True
development,house_16H,H40p4,rbf,condition_le_3_all,all,4,8,3.0,2.590961997896875,2.5104214031078244e-16,True
development,house_16H,H8p2,rbf,condition_le_3_all,all,4,8,3.0000000000000013,2.5909619978968754,1.5905817284611674e-16,True
development,house_16H,P1,rbf,condition_le_3_all,all,4,8,2.999999999999999,2.590961997896872,2.845101950092617e-16,True
development,house_16H,P11p4,rbf,condition_le_3_all,all,4,8,3.0000000000000004,2.5909619978968754,2.447818679323541e-16,True
development,house_16H,P14p9,rbf,condition_le_3_all,all,4,8,3.0,2.5909619978968768,3.458503855516828e-16,True
development,house_16H,P15p1,rbf,condition_le_3_all,all,4,8,2.9999999999999987,2.5909619978968745,3.4702876066904986e-16,True
development,house_16H,P15p3,rbf,condition_le_3_all,all,4,8,2.9999999999999996,2.5909619978968745,3.8187257890309415e-16,True
development,house_16H,P16p2,rbf,condition_le_3_all,all,4,8,2.999999999999999,2.5909619978968745,2.397700756183963e-16,True
development,house_16H,P18p2,rbf,condition_le_3_all,all,4,8,3.0,2.5909619978968763,2.8976996344722703e-16,True
development,house_16H,P27p4,rbf,condition_le_3_all,all,4,8,2.999999999999998,2.5909619978968745,3.0014221249346397e-16,True
development,house_16H,P5p1,rbf,condition_le_3_all,all,4,8,3.000000000000001,2.5909619978968754,2.617207869570432e-16,True
development,house_16H,P6p2,rbf,condition_le_3_all,all,4,8,3.0,2.590961997896875,2.5095019532059394e-16,True
development,house_16H,H10p1,rbf,condition_le_3_all,all,5,8,3.000000000000002,2.590961997896876,2.4568879313355636e-16,True
development,house_16H,H13p1,rbf,condition_le_3_all,all,5,8,3.0000000000000004,2.5909619978968768,2.0879327869312884e-16,True
development,house_16H,H18pA,rbf,condition_le_3_all,all,5,8,2.9999999999999964,2.5909619978968736,3.086976775163803e-16,True
development,house_16H,H2p2,rbf,condition_le_3_all,all,5,8,3.0000000000000013,2.5909619978968768,2.4307011380116823e-16,True
development,house_16H,H40p4,rbf,condition_le_3_all,all,5,8,2.9999999999999987,2.5909619978968768,2.4724289732856714e-16,True
development,house_16H,H8p2,rbf,condition_le_3_all,all,5,8,2.999999999999999,2.5909619978968728,1.708918511210873e-16,True
development,house_16H,P1,rbf,condition_le_3_all,all,5,8,3.0000000000000004,2.5909619978968763,2.6045190980204593e-16,True
development,house_16H,P11p4,rbf,condition_le_3_all,all,5,8,3.000000000000001,2.5909619978968754,3.000975037129287e-16,True
development,house_16H,P14p9,rbf,condition_le_3_all,all,5,8,2.9999999999999987,2.590961997896876,2.2731291825757567e-16,True
development,house_16H,P15p1,rbf,condition_le_3_all,all,5,8,3.0000000000000013,2.5909619978968745,1.9799953820455553e-16,True
development,house_16H,P15p3,rbf,condition_le_3_all,all,5,8,2.9999999999999996,2.590961997896876,3.0277023949555894e-16,True
development,house_16H,P16p2,rbf,condition_le_3_all,all,5,8,3.0000000000000013,2.5909619978968776,2.8771159981741435e-16,True
development,house_16H,P18p2,rbf,condition_le_3_all,all,5,8,3.0000000000000018,2.5909619978968763,3.2242476717608375e-16,True
development,house_16H,P27p4,rbf,condition_le_3_all,all,5,8,3.0000000000000004,2.590961997896875,2.8079381073573095e-16,True
development,house_16H,P5p1,rbf,condition_le_3_all,all,5,8,2.9999999999999987,2.5909619978968736,2.1624980731782692e-16,True
development,house_16H,P6p2,rbf,condition_le_3_all,all,5,8,3.0,2.5909619978968754,2.790949565575864e-16,True
development,house_16H,H10p1,rbf,condition_le_3_all,all,6,8,2.9999999999999973,2.590961997896873,2.2475596377654267e-16,True
development,house_16H,H13p1,rbf,condition_le_3_all,all,6,8,2.9999999999999982,2.5909619978968736,2.5859304158404293e-16,True
development,house_16H,H18pA,rbf,condition_le_3_all,all,6,8,2.999999999999999,2.590961997896874,1.88941997374468e-16,True
development,house_16H,H2p2,rbf,condition_le_3_all,all,6,8,2.9999999999999987,2.590961997896874,2.571566304056382e-16,True
development,house_16H,H40p4,rbf,condition_le_3_all,all,6,8,2.9999999999999973,2.5909619978968745,1.8516738746426432e-16,True
development,house_16H,H8p2,rbf,condition_le_3_all,all,6,8,2.999999999999998,2.5909619978968723,1.7585749235367566e-16,True
development,house_16H,P1,rbf,condition_le_3_all,all,6,8,2.999999999999996,2.590961997896873,2.3876804988554495e-16,True
development,house_16H,P11p4,rbf,condition_le_3_all,all,6,8,3.0000000000000004,2.590961997896876,2.1929332299356266e-16,True
development,house_16H,P14p9,rbf,condition_le_3_all,all,6,8,2.999999999999997,2.590961997896874,2.3374789421484017e-16,True
development,house_16H,P15p1,rbf,condition_le_3_all,all,6,8,2.9999999999999987,2.5909619978968754,3.437738813211462e-16,True
development,house_16H,P15p3,rbf,condition_le_3_all,all,6,8,2.999999999999999,2.590961997896875,2.1772234427827719e-16,True
development,house_16H,P16p2,rbf,condition_le_3_all,all,6,8,2.999999999999999,2.590961997896875,2.3400522817531454e-16,True
development,house_16H,P18p2,rbf,condition_le_3_all,all,6,8,3.0,2.5909619978968745,3.047701168956563e-16,True
development,house_16H,P27p4,rbf,condition_le_3_all,all,6,8,3.0000000000000004,2.590961997896874,2.222359210879557e-16,True
development,house_16H,P5p1,rbf,condition_le_3_all,all,6,8,2.9999999999999973,2.590961997896874,2.268891361007989e-16,True
development,house_16H,P6p2,rbf,condition_le_3_all,all,6,8,2.999999999999999,2.590961997896875,3.5421103693007117e-16,True
development,house_16H,H10p1,rbf,condition_le_3_all,all,7,8,2.9999999999999996,2.5909619978968763,2.9436658414277184e-16,True
development,house_16H,H13p1,rbf,condition_le_3_all,all,7,8,2.9999999999999996,2.590961997896876,1.9848777702443454e-16,True
development,house_16H,H18pA,rbf,condition_le_3_all,all,7,8,2.9999999999999987,2.5909619978968736,2.118677357461599e-16,True
development,house_16H,H2p2,rbf,condition_le_3_all,all,7,8,2.9999999999999996,2.590961997896875,2.718802101256887e-16,True
development,house_16H,H40p4,rbf,condition_le_3_all,all,7,8,2.999999999999998,2.5909619978968736,2.535513257679232e-16,True
development,house_16H,H8p2,rbf,condition_le_3_all,all,7,8,2.999999999999999,2.590961997896876,2.4955297651513224e-16,True
development,house_16H,P1,rbf,condition_le_3_all,all,7,8,3.0000000000000004,2.590961997896878,2.5647819423262758e-16,True
development,house_16H,P11p4,rbf,condition_le_3_all,all,7,8,3.0000000000000004,2.590961997896875,2.412935055693279e-16,True
development,house_16H,P14p9,rbf,condition_le_3_all,all,7,8,3.0,2.5909619978968763,2.8448146448279136e-16,True
development,house_16H,P15p1,rbf,condition_le_3_all,all,7,8,3.0,2.5909619978968754,1.9821280843403309e-16,True
development,house_16H,P15p3,rbf,condition_le_3_all,all,7,8,2.9999999999999987,2.5909619978968754,1.4743506657691524e-16,True
development,house_16H,P16p2,rbf,condition_le_3_all,all,7,8,2.9999999999999973,2.590961997896874,3.1238836773275462e-16,True
development,house_16H,P18p2,rbf,condition_le_3_all,all,7,8,2.9999999999999982,2.5909619978968736,1.7163876800522056e-16,True
development,house_16H,P27p4,rbf,condition_le_3_all,all,7,8,2.9999999999999996,2.5909619978968754,2.528662318946734e-16,True
development,house_16H,P5p1,rbf,condition_le_3_all,all,7,8,2.999999999999999,2.5909619978968754,2.2937227304709195e-16,True
development,house_16H,P6p2,rbf,condition_le_3_all,all,7,8,2.9999999999999996,2.5909619978968754,2.4947444094179123e-16,True
development,pendigits,input15,rbf,orthogonal_one,one,0,8,1.0000000000000007,1.1977828291496494e-15,2.091382846713159e-16,True
development,pendigits,input15,rbf,orthogonal_one,one,1,8,1.0000000000000004,8.585287130797711e-16,2.7543435529019705e-16,True
development,pendigits,input15,rbf,orthogonal_one,one,2,8,1.0000000000000009,1.3799320932740397e-15,2.2170586526715732e-16,True
development,pendigits,input15,rbf,orthogonal_one,one,3,8,1.0000000000000007,1.058290816595587e-15,2.3792847959104704e-16,True
development,pendigits,input15,rbf,orthogonal_one,one,4,8,1.0000000000000004,1.035882069876736e-15,3.0729545203845185e-16,True
development,pendigits,input15,rbf,orthogonal_one,one,5,8,1.0000000000000007,1.2181564990198383e-15,3.314057414287397e-16,True
development,pendigits,input15,rbf,orthogonal_one,one,6,8,1.0000000000000007,1.1568832514551275e-15,3.0228385346228616e-16,True
development,pendigits,input15,rbf,orthogonal_one,one,7,8,1.0000000000000007,1.0530573065220579e-15,2.4495841050112096e-16,True
development,pendigits,input1,rbf,orthogonal_all,all,0,8,1.0000000000000007,1.3706805508685888e-15,1.9153365509097152e-16,True
development,pendigits,input10,rbf,orthogonal_all,all,0,8,1.0000000000000007,1.0608078919605779e-15,2.513681501558244e-16,True
development,pendigits,input11,rbf,orthogonal_all,all,0,8,1.0000000000000007,1.1916144346894535e-15,2.0097035533933076e-16,True
development,pendigits,input12,rbf,orthogonal_all,all,0,8,1.0000000000000009,8.62592103452514e-16,2.1483728771804426e-16,True
development,pendigits,input13,rbf,orthogonal_all,all,0,8,1.0000000000000007,1.3402952877830476e-15,2.5796167576862317e-16,True
development,pendigits,input14,rbf,orthogonal_all,all,0,8,1.0000000000000007,1.2455919926098284e-15,2.446961828272462e-16,True
development,pendigits,input15,rbf,orthogonal_all,all,0,8,1.0000000000000009,7.843941392941017e-16,2.6869548600211405e-16,True
development,pendigits,input16,rbf,orthogonal_all,all,0,8,1.0000000000000007,8.831469742003738e-16,2.7480298138039196e-16,True
development,pendigits,input2,rbf,orthogonal_all,all,0,8,1.0000000000000004,1.1980940852659599e-15,2.6774785138273936e-16,True
development,pendigits,input3,rbf,orthogonal_all,all,0,8,1.0000000000000009,1.1123783298443124e-15,2.498647399358285e-16,True
development,pendigits,input4,rbf,orthogonal_all,all,0,8,1.0000000000000007,1.4429929977281881e-15,1.9290214357096274e-16,True
development,pendigits,input5,rbf,orthogonal_all,all,0,8,1.0000000000000007,1.917268431013309e-15,2.3472845062159977e-16,True
development,pendigits,input6,rbf,orthogonal_all,all,0,8,1.0000000000000013,1.977535263788321e-15,2.1673068471504286e-16,True
development,pendigits,input7,rbf,orthogonal_all,all,0,8,1.0000000000000007,1.065939640925076e-15,2.0363292449621894e-16,True
development,pendigits,input8,rbf,orthogonal_all,all,0,8,1.0000000000000007,1.1119354912349329e-15,2.4314889149615973e-16,True
development,pendigits,input9,rbf,orthogonal_all,all,0,8,1.0000000000000007,1.0252498742267842e-15,2.574856739252425e-16,True
development,pendigits,input1,rbf,orthogonal_all,all,1,8,1.0000000000000002,8.847838250863154e-16,2.628274999513587e-16,True
development,pendigits,input10,rbf,orthogonal_all,all,1,8,1.0000000000000007,9.072879396002179e-16,1.8035895613710747e-16,True
development,pendigits,input11,rbf,orthogonal_all,all,1,8,1.0000000000000002,9.131888833831295e-16,2.5970861484391705e-16,True
development,pendigits,input12,rbf,orthogonal_all,all,1,8,1.0000000000000004,7.458797494022705e-16,2.5155143859872345e-16,True
development,pendigits,input13,rbf,orthogonal_all,all,1,8,1.0000000000000004,1.2106592077521842e-15,2.311273798941956e-16,True
development,pendigits,input14,rbf,orthogonal_all,all,1,8,1.0000000000000004,1.31493307583653e-15,2.711686454141511e-16,True
development,pendigits,input15,rbf,orthogonal_all,all,1,8,1.0000000000000009,1.1459706552748275e-15,3.101328288188557e-16,True
development,pendigits,input16,rbf,orthogonal_all,all,1,8,1.0000000000000009,1.6379366827988662e-15,2.212107210010419e-16,True
development,pendigits,input2,rbf,orthogonal_all,all,1,8,1.0000000000000007,9.802811437451085e-16,4.111293389565667e-16,True
development,pendigits,input3,rbf,orthogonal_all,all,1,8,1.0000000000000004,7.3870634964423615e-16,2.2742885149401074e-16,True
development,pendigits,input4,rbf,orthogonal_all,all,1,8,1.0000000000000002,7.816210335843662e-16,3.0705142968883837e-16,True
development,pendigits,input5,rbf,orthogonal_all,all,1,8,1.0000000000000007,1.2510728108993692e-15,2.610769022059825e-16,True
development,pendigits,input6,rbf,orthogonal_all,all,1,8,1.0000000000000004,1.4011872573649933e-15,2.0088961844766538e-16,True
development,pendigits,input7,rbf,orthogonal_all,all,1,8,1.0000000000000007,1.5413810081047542e-15,2.42329643621031e-16,True
development,pendigits,input8,rbf,orthogonal_all,all,1,8,1.0000000000000004,9.368420690271391e-16,2.315998057859301e-16,True
development,pendigits,input9,rbf,orthogonal_all,all,1,8,1.0000000000000004,9.246375334440194e-16,2.3311564389595196e-16,True
development,pendigits,input1,rbf,orthogonal_all,all,2,8,1.0000000000000007,1.3261019271786694e-15,2.3041871238590985e-16,True
development,pendigits,input10,rbf,orthogonal_all,all,2,8,1.0000000000000007,1.5146330767154776e-15,3.1147110595273124e-16,True
development,pendigits,input11,rbf,orthogonal_all,all,2,8,1.0000000000000004,1.545024512852914e-15,3.4975586330420385e-16,True
development,pendigits,input12,rbf,orthogonal_all,all,2,8,1.0000000000000004,9.033593920991094e-16,3.0937254945175234e-16,True
development,pendigits,input13,rbf,orthogonal_all,all,2,8,1.0000000000000007,1.2503131473445603e-15,2.7571774793136885e-16,True
development,pendigits,input14,rbf,orthogonal_all,all,2,8,1.0000000000000007,1.6502206592764628e-15,2.0614994376414737e-16,True
development,pendigits,input15,rbf,orthogonal_all,all,2,8,1.0000000000000009,7.067115682362139e-16,1.5965374262462009e-16,True
development,pendigits,input16,rbf,orthogonal_all,all,2,8,1.0000000000000004,1.072305803932675e-15,2.0448127534925415e-16,True
development,pendigits,input2,rbf,orthogonal_all,all,2,8,1.0000000000000004,1.3137342446639198e-15,2.515743748543841e-16,True
development,pendigits,input3,rbf,orthogonal_all,all,2,8,1.0000000000000004,1.590765988389053e-15,1.762144305687928e-16,True
development,pendigits,input4,rbf,orthogonal_all,all,2,8,1.0000000000000002,1.6416690596248748e-15,2.0752465455964807e-16,True
development,pendigits,input5,rbf,orthogonal_all,all,2,8,1.0000000000000009,9.82313276590032e-16,2.2194885415636217e-16,True
development,pendigits,input6,rbf,orthogonal_all,all,2,8,1.0000000000000009,1.4103005273802814e-15,2.7121886239672327e-16,True
development,pendigits,input7,rbf,orthogonal_all,all,2,8,1.0000000000000007,5.850901692599019e-16,2.1605980220621374e-16,True
development,pendigits,input8,rbf,orthogonal_all,all,2,8,1.0000000000000004,8.476069068422392e-16,2.3420030778701987e-16,True
development,pendigits,input9,rbf,orthogonal_all,all,2,8,1.0000000000000007,1.081430298690316e-15,2.1670053610618514e-16,True
development,pendigits,input1,rbf,orthogonal_all,all,3,8,1.0000000000000004,1.0934933085139785e-15,2.6401088513891674e-16,True
development,pendigits,input10,rbf,orthogonal_all,all,3,8,1.0000000000000009,9.282658827140702e-16,1.8690154179625037e-16,True
development,pendigits,input11,rbf,orthogonal_all,all,3,8,1.0000000000000007,1.046132482170939e-15,1.8176804455810046e-16,True
development,pendigits,input12,rbf,orthogonal_all,all,3,8,1.0000000000000007,1.228393927078391e-15,1.874926248515936e-16,True
development,pendigits,input13,rbf,orthogonal_all,all,3,8,1.0000000000000004,1.1944918632004673e-15,2.1059595177030507e-16,True
development,pendigits,input14,rbf,orthogonal_all,all,3,8,1.000000000000001,7.956275534487073e-16,2.3466945730385444e-16,True
development,pendigits,input15,rbf,orthogonal_all,all,3,8,1.0000000000000009,1.675231540686485e-15,1.9417627970760684e-16,True
development,pendigits,input16,rbf,orthogonal_all,all,3,8,1.0000000000000004,1.0717304003001688e-15,2.2106168487506118e-16,True
development,pendigits,input2,rbf,orthogonal_all,all,3,8,1.0000000000000007,1.2397842499746267e-15,2.455904630877278e-16,True
development,pendigits,input3,rbf,orthogonal_all,all,3,8,1.0000000000000004,9.188111587913876e-16,2.4657643532939307e-16,True
development,pendigits,input4,rbf,orthogonal_all,all,3,8,1.0000000000000009,1.7884625517516225e-15,1.8824932870761995e-16,True
development,pendigits,input5,rbf,orthogonal_all,all,3,8,1.0000000000000007,9.540583729148541e-16,2.33394930477543e-16,True
development,pendigits,input6,rbf,orthogonal_all,all,3,8,1.0000000000000009,1.1940370239238266e-15,1.734378215222904e-16,True
development,pendigits,input7,rbf,orthogonal_all,all,3,8,1.0000000000000007,1.1802867989428109e-15,2.028159601017068e-16,True
development,pendigits,input8,rbf,orthogonal_all,all,3,8,1.0000000000000007,1.2851175403585893e-15,2.0773149634275893e-16,True
development,pendigits,input9,rbf,orthogonal_all,all,3,8,1.0000000000000007,1.0727060057865696e-15,1.7653256500148455e-16,True
development,pendigits,input1,rbf,orthogonal_all,all,4,8,1.0000000000000009,9.757275091505625e-16,2.5018834870712874e-16,True
development,pendigits,input10,rbf,orthogonal_all,all,4,8,1.0000000000000007,1.6982565765045928e-15,2.9554406775955015e-16,True
development,pendigits,input11,rbf,orthogonal_all,all,4,8,1.0000000000000007,1.3322812140327988e-15,2.4280677174314297e-16,True
development,pendigits,input12,rbf,orthogonal_all,all,4,8,1.0000000000000007,1.0361412850585651e-15,3.7142269344016515e-16,True
development,pendigits,input13,rbf,orthogonal_all,all,4,8,1.0000000000000007,8.160337313391139e-16,2.4795475874711104e-16,True
development,pendigits,input14,rbf,orthogonal_all,all,4,8,1.0000000000000009,1.3303173906600101e-15,2.1619750328757933e-16,True
development,pendigits,input15,rbf,orthogonal_all,all,4,8,1.0000000000000007,7.933733709444547e-16,2.2220345404063856e-16,True
development,pendigits,input16,rbf,orthogonal_all,all,4,8,1.0000000000000009,1.610603341566218e-15,3.356903866075158e-16,True
development,pendigits,input2,rbf,orthogonal_all,all,4,8,1.0000000000000009,1.408353320705217e-15,1.6451778979171468e-16,True
development,pendigits,input3,rbf,orthogonal_all,all,4,8,1.0000000000000009,1.0358869682355382e-15,2.576634483177741e-16,True
development,pendigits,input4,rbf,orthogonal_all,all,4,8,1.0000000000000007,1.994157870587864e-15,2.2086622303893934e-16,True
development,pendigits,input5,rbf,orthogonal_all,all,4,8,1.0000000000000007,1.5918938492471713e-15,2.6531708200353884e-16,True
development,pendigits,input6,rbf,orthogonal_all,all,4,8,1.0000000000000009,1.0607735196353962e-15,2.193523012200015e-16,True
development,pendigits,input7,rbf,orthogonal_all,all,4,8,1.0000000000000004,1.6744476831973178e-15,2.506801110512861e-16,True
development,pendigits,input8,rbf,orthogonal_all,all,4,8,1.0000000000000009,1.073959096485736e-15,2.482802817628531e-16,True
development,pendigits,input9,rbf,orthogonal_all,all,4,8,1.0000000000000004,1.6511643768527625e-15,2.7610975910293613e-16,True
development,pendigits,input1,rbf,orthogonal_all,all,5,8,1.0000000000000004,1.3247213167024446e-15,1.9293862187749947e-16,True
development,pendigits,input10,rbf,orthogonal_all,all,5,8,1.0000000000000004,1.2186254645531898e-15,2.060819698176318e-16,True
development,pendigits,input11,rbf,orthogonal_all,all,5,8,1.000000000000001,1.5065713130919816e-15,3.1266700672029783e-16,True
development,pendigits,input12,rbf,orthogonal_all,all,5,8,1.0000000000000009,1.1948649761717526e-15,2.473256352752758e-16,True
development,pendigits,input13,rbf,orthogonal_all,all,5,8,1.0000000000000009,7.695004719073152e-16,2.1777814308498533e-16,True
development,pendigits,input14,rbf,orthogonal_all,all,5,8,1.0000000000000007,7.855507547803408e-16,3.263737238508477e-16,True
development,pendigits,input15,rbf,orthogonal_all,all,5,8,1.0000000000000004,8.93920060878013e-16,2.314786751185641e-16,True
development,pendigits,input16,rbf,orthogonal_all,all,5,8,1.0000000000000004,8.712881540260627e-16,1.8693483780883276e-16,True
development,pendigits,input2,rbf,orthogonal_all,all,5,8,1.0000000000000007,1.122628173471108e-15,2.664830342353923e-16,True
development,pendigits,input3,rbf,orthogonal_all,all,5,8,1.0000000000000004,1.3187204560129721e-15,2.874197246605215e-16,True
development,pendigits,input4,rbf,orthogonal_all,all,5,8,1.0000000000000007,1.4080486816626552e-15,2.0054928694179187e-16,True
development,pendigits,input5,rbf,orthogonal_all,all,5,8,1.0000000000000007,1.0225163749114848e-15,2.8919430233232e-16,True
development,pendigits,input6,rbf,orthogonal_all,all,5,8,1.0000000000000007,1.2932091767875053e-15,2.3762462383393545e-16,True
development,pendigits,input7,rbf,orthogonal_all,all,5,8,1.0000000000000002,7.692094858624364e-16,1.7628565138986772e-16,True
development,pendigits,input8,rbf,orthogonal_all,all,5,8,1.0000000000000004,9.632868278149826e-16,2.6989187359900107e-16,True
development,pendigits,input9,rbf,orthogonal_all,all,5,8,1.0000000000000007,1.1957178566038775e-15,2.160503751453219e-16,True
development,pendigits,input1,rbf,orthogonal_all,all,6,8,1.0000000000000007,1.5734191591755494e-15,2.2847207169168856e-16,True
development,pendigits,input10,rbf,orthogonal_all,all,6,8,1.0000000000000009,1.4810859789985412e-15,1.9107473103658936e-16,True
development,pendigits,input11,rbf,orthogonal_all,all,6,8,1.0000000000000004,9.063281688462225e-16,2.2097008342068575e-16,True
development,pendigits,input12,rbf,orthogonal_all,all,6,8,1.0000000000000009,8.97493334016495e-16,2.7847929045552977e-16,True
development,pendigits,input13,rbf,orthogonal_all,all,6,8,1.0000000000000004,1.3560073417745535e-15,2.1784702845469872e-16,True
development,pendigits,input14,rbf,orthogonal_all,all,6,8,1.0000000000000007,1.142439180616103e-15,2.451817141319493e-16,True
development,pendigits,input15,rbf,orthogonal_all,all,6,8,1.0000000000000009,1.499916769838635e-15,2.0905289954753336e-16,True
development,pendigits,input16,rbf,orthogonal_all,all,6,8,1.0000000000000009,1.109258307103773e-15,2.5902848635691853e-16,True
development,pendigits,input2,rbf,orthogonal_all,all,6,8,1.0000000000000007,5.687634532812665e-16,2.292006396601888e-16,True
development,pendigits,input3,rbf,orthogonal_all,all,6,8,1.0000000000000007,1.0443028637572422e-15,2.40487078494683e-16,True
development,pendigits,input4,rbf,orthogonal_all,all,6,8,1.0000000000000009,1.3076228428922978e-15,2.2252481600868946e-16,True
development,pendigits,input5,rbf,orthogonal_all,all,6,8,1.0000000000000007,8.713076634329243e-16,3.1734166879752403e-16,True
development,pendigits,input6,rbf,orthogonal_all,all,6,8,1.0000000000000007,1.31747040615525e-15,2.0964610480752635e-16,True
development,pendigits,input7,rbf,orthogonal_all,all,6,8,1.0000000000000007,1.2111766829382009e-15,2.1277551242625368e-16,True
development,pendigits,input8,rbf,orthogonal_all,all,6,8,1.0000000000000007,8.278018676728784e-16,2.37689107700539e-16,True
development,pendigits,input9,rbf,orthogonal_all,all,6,8,1.0000000000000007,1.2347677724895884e-15,2.426062575473843e-16,True
development,pendigits,input1,rbf,orthogonal_all,all,7,8,1.0000000000000007,1.1913748140564019e-15,2.731499392512638e-16,True
development,pendigits,input10,rbf,orthogonal_all,all,7,8,1.0000000000000007,1.1424278277543636e-15,1.993980707760636e-16,True
development,pendigits,input11,rbf,orthogonal_all,all,7,8,1.0000000000000004,7.344849208082233e-16,2.1793654500383436e-16,True
development,pendigits,input12,rbf,orthogonal_all,all,7,8,1.0000000000000007,9.481099275222817e-16,2.2113033254719025e-16,True
development,pendigits,input13,rbf,orthogonal_all,all,7,8,1.0000000000000004,9.284190731812571e-16,2.1207702418834662e-16,True
development,pendigits,input14,rbf,orthogonal_all,all,7,8,1.0000000000000007,9.083019019343037e-16,2.9357926594057623e-16,True
development,pendigits,input15,rbf,orthogonal_all,all,7,8,1.0000000000000009,1.1705790442963485e-15,2.1522166173865532e-16,True
development,pendigits,input16,rbf,orthogonal_all,all,7,8,1.0000000000000004,1.5296469723871833e-15,2.395255378782684e-16,True
development,pendigits,input2,rbf,orthogonal_all,all,7,8,1.0000000000000009,9.76834649797693e-16,1.9264314542233955e-16,True
development,pendigits,input3,rbf,orthogonal_all,all,7,8,1.0000000000000007,1.243343398257879e-15,2.1622825763659697e-16,True
development,pendigits,input4,rbf,orthogonal_all,all,7,8,1.0000000000000009,1.5844538709774066e-15,1.922253451245111e-16,True
development,pendigits,input5,rbf,orthogonal_all,all,7,8,1.0000000000000007,1.1886511866996121e-15,2.5960308478011716e-16,True
development,pendigits,input6,rbf,orthogonal_all,all,7,8,1.0000000000000004,7.394472365579508e-16,2.0477198612676162e-16,True
development,pendigits,input7,rbf,orthogonal_all,all,7,8,1.0000000000000007,1.417705371983785e-15,3.0888151904057866e-16,True
development,pendigits,input8,rbf,orthogonal_all,all,7,8,1.0000000000000004,7.141021665680629e-16,1.8805637602080798e-16,True
development,pendigits,input9,rbf,orthogonal_all,all,7,8,1.0000000000000002,1.0349875966618153e-15,3.526238895820608e-16,True
development,pendigits,input1,rbf,condition_le_3_all,all,0,8,3.0,2.590961997896876,2.4430721585468364e-16,True
development,pendigits,input10,rbf,condition_le_3_all,all,0,8,3.0,2.590961997896875,2.620491292859237e-16,True
development,pendigits,input11,rbf,condition_le_3_all,all,0,8,2.9999999999999987,2.5909619978968745,2.672430630053631e-16,True
development,pendigits,input12,rbf,condition_le_3_all,all,0,8,2.9999999999999987,2.5909619978968754,2.6046135043582474e-16,True
development,pendigits,input13,rbf,condition_le_3_all,all,0,8,2.9999999999999996,2.590961997896873,2.7019384539307135e-16,True
development,pendigits,input14,rbf,condition_le_3_all,all,0,8,2.9999999999999973,2.5909619978968728,2.793722674809791e-16,True
development,pendigits,input15,rbf,condition_le_3_all,all,0,8,2.999999999999999,2.590961997896875,2.4887905246570835e-16,True
development,pendigits,input16,rbf,condition_le_3_all,all,0,8,2.999999999999999,2.590961997896874,2.447550809924585e-16,True
development,pendigits,input2,rbf,condition_le_3_all,all,0,8,2.9999999999999982,2.5909619978968745,3.531084758225346e-16,True
development,pendigits,input3,rbf,condition_le_3_all,all,0,8,2.999999999999999,2.590961997896875,2.591239563162323e-16,True
development,pendigits,input4,rbf,condition_le_3_all,all,0,8,2.9999999999999996,2.5909619978968754,3.0459839338147816e-16,True
development,pendigits,input5,rbf,condition_le_3_all,all,0,8,2.999999999999999,2.5909619978968754,3.504507500408131e-16,True
development,pendigits,input6,rbf,condition_le_3_all,all,0,8,2.9999999999999996,2.5909619978968754,2.810452702070682e-16,True
development,pendigits,input7,rbf,condition_le_3_all,all,0,8,3.0000000000000018,2.5909619978968754,2.602540014010868e-16,True
development,pendigits,input8,rbf,condition_le_3_all,all,0,8,2.999999999999999,2.5909619978968754,2.2726846877225423e-16,True
development,pendigits,input9,rbf,condition_le_3_all,all,0,8,3.0000000000000004,2.5909619978968754,2.806875721305136e-16,True
development,pendigits,input1,rbf,condition_le_3_all,all,1,8,2.9999999999999996,2.590961997896874,1.9127778150607665e-16,True
development,pendigits,input10,rbf,condition_le_3_all,all,1,8,2.9999999999999996,2.5909619978968754,2.2289775958164704e-16,True
development,pendigits,input11,rbf,condition_le_3_all,all,1,8,3.0000000000000004,2.5909619978968745,3.481984315821863e-16,True
development,pendigits,input12,rbf,condition_le_3_all,all,1,8,2.9999999999999982,2.5909619978968728,2.932307654115712e-16,True
development,pendigits,input13,rbf,condition_le_3_all,all,1,8,2.9999999999999996,2.5909619978968745,2.1411938164428225e-16,True
development,pendigits,input14,rbf,condition_le_3_all,all,1,8,3.0000000000000004,2.5909619978968768,2.9543389724305655e-16,True
development,pendigits,input15,rbf,condition_le_3_all,all,1,8,2.9999999999999987,2.590961997896874,3.4207278297458887e-16,True
development,pendigits,input16,rbf,condition_le_3_all,all,1,8,2.999999999999998,2.590961997896875,2.7985734813275954e-16,True
development,pendigits,input2,rbf,condition_le_3_all,all,1,8,3.0,2.5909619978968763,2.565520872192511e-16,True
development,pendigits,input3,rbf,condition_le_3_all,all,1,8,2.999999999999998,2.590961997896875,3.290043603809536e-16,True
development,pendigits,input4,rbf,condition_le_3_all,all,1,8,2.9999999999999982,2.5909619978968745,2.6930931282715305e-16,True
development,pendigits,input5,rbf,condition_le_3_all,all,1,8,3.0,2.5909619978968745,3.8271418896318083e-16,True
development,pendigits,input6,rbf,condition_le_3_all,all,1,8,2.9999999999999987,2.590961997896876,2.1628101158193916e-16,True
development,pendigits,input7,rbf,condition_le_3_all,all,1,8,3.0,2.590961997896876,2.766433224128514e-16,True
development,pendigits,input8,rbf,condition_le_3_all,all,1,8,3.000000000000001,2.590961997896876,2.3823523169166485e-16,True
development,pendigits,input9,rbf,condition_le_3_all,all,1,8,3.0,2.5909619978968754,2.397615602883891e-16,True
development,pendigits,input1,rbf,condition_le_3_all,all,2,8,3.0000000000000004,2.5909619978968745,3.1624367154443027e-16,True
development,pendigits,input10,rbf,condition_le_3_all,all,2,8,2.9999999999999987,2.5909619978968736,2.274142513675071e-16,True
development,pendigits,input11,rbf,condition_le_3_all,all,2,8,2.9999999999999987,2.590961997896875,2.4260300903593347e-16,True
development,pendigits,input12,rbf,condition_le_3_all,all,2,8,3.0,2.590961997896873,2.6566553980538624e-16,True
development,pendigits,input13,rbf,condition_le_3_all,all,2,8,3.0000000000000004,2.5909619978968763,2.88031417463495e-16,True
development,pendigits,input14,rbf,condition_le_3_all,all,2,8,3.0,2.5909619978968745,2.0955930342940143e-16,True
development,pendigits,input15,rbf,condition_le_3_all,all,2,8,2.9999999999999996,2.5909619978968736,2.8846537625039544e-16,True
development,pendigits,input16,rbf,condition_le_3_all,all,2,8,2.999999999999999,2.590961997896876,2.6763717924169415e-16,True
development,pendigits,input2,rbf,condition_le_3_all,all,2,8,2.9999999999999987,2.5909619978968763,2.141337907503571e-16,True
development,pendigits,input3,rbf,condition_le_3_all,all,2,8,2.999999999999999,2.5909619978968745,2.786617643338909e-16,True
development,pendigits,input4,rbf,condition_le_3_all,all,2,8,2.9999999999999982,2.590961997896875,2.2905813091724004e-16,True
development,pendigits,input5,rbf,condition_le_3_all,all,2,8,2.999999999999999,2.5909619978968754,2.120327856347842e-16,True
development,pendigits,input6,rbf,condition_le_3_all,all,2,8,2.999999999999999,2.590961997896875,3.2961046835574557e-16,True
development,pendigits,input7,rbf,condition_le_3_all,all,2,8,2.9999999999999996,2.5909619978968736,2.8189691828482304e-16,True
development,pendigits,input8,rbf,condition_le_3_all,all,2,8,3.0,2.5909619978968745,2.9120096685820397e-16,True
development,pendigits,input9,rbf,condition_le_3_all,all,2,8,3.0000000000000004,2.5909619978968754,1.9038630499566084e-16,True
development,pendigits,input1,rbf,condition_le_3_all,all,3,8,2.9999999999999987,2.590961997896875,2.734251920808341e-16,True
development,pendigits,input10,rbf,condition_le_3_all,all,3,8,3.0,2.590961997896875,2.7311932924733303e-16,True
development,pendigits,input11,rbf,condition_le_3_all,all,3,8,3.0,2.5909619978968754,2.328233424653773e-16,True
development,pendigits,input12,rbf,condition_le_3_all,all,3,8,2.999999999999999,2.5909619978968736,2.481894267793861e-16,True
development,pendigits,input13,rbf,condition_le_3_all,all,3,8,3.0000000000000004,2.590961997896876,2.3279330924936565e-16,True
development,pendigits,input14,rbf,condition_le_3_all,all,3,8,2.9999999999999987,2.590961997896874,2.0489443769949957e-16,True
development,pendigits,input15,rbf,condition_le_3_all,all,3,8,2.9999999999999987,2.5909619978968736,2.7152596171117985e-16,True
development,pendigits,input16,rbf,condition_le_3_all,all,3,8,2.9999999999999964,2.5909619978968728,2.923715025480849e-16,True
development,pendigits,input2,rbf,condition_le_3_all,all,3,8,2.9999999999999987,2.5909619978968763,3.5789679322261877e-16,True
development,pendigits,input3,rbf,condition_le_3_all,all,3,8,2.9999999999999982,2.590961997896875,2.745199672915311e-16,True
development,pendigits,input4,rbf,condition_le_3_all,all,3,8,2.9999999999999996,2.5909619978968754,2.4243564182344764e-16,True
development,pendigits,input5,rbf,condition_le_3_all,all,3,8,3.0000000000000018,2.5909619978968763,2.9224965405321637e-16,True
development,pendigits,input6,rbf,condition_le_3_all,all,3,8,3.0000000000000013,2.5909619978968745,3.5222891038916994e-16,True
development,pendigits,input7,rbf,condition_le_3_all,all,3,8,3.000000000000001,2.590961997896876,3.0762956922397175e-16,True
development,pendigits,input8,rbf,condition_le_3_all,all,3,8,3.0,2.5909619978968745,2.1215160428851828e-16,True
development,pendigits,input9,rbf,condition_le_3_all,all,3,8,2.999999999999999,2.5909619978968763,2.9278469459237707e-16,True
development,pendigits,input1,rbf,condition_le_3_all,all,4,8,3.000000000000001,2.5909619978968745,3.296666186248847e-16,True
development,pendigits,input10,rbf,condition_le_3_all,all,4,8,2.9999999999999987,2.5909619978968736,3.3390598431345763e-16,True
development,pendigits,input11,rbf,condition_le_3_all,all,4,8,3.0,2.5909619978968736,1.926885692019168e-16,True
development,pendigits,input12,rbf,condition_le_3_all,all,4,8,2.9999999999999982,2.5909619978968763,2.241986612655025e-16,True
development,pendigits,input13,rbf,condition_le_3_all,all,4,8,2.9999999999999987,2.5909619978968736,2.424816071065056e-16,True
development,pendigits,input14,rbf,condition_le_3_all,all,4,8,2.9999999999999996,2.590961997896876,1.9731296636612775e-16,True
development,pendigits,input15,rbf,condition_le_3_all,all,4,8,3.0,2.5909619978968754,3.464553403794564e-16,True
development,pendigits,input16,rbf,condition_le_3_all,all,4,8,2.9999999999999996,2.5909619978968745,2.2280246202964395e-16,True
development,pendigits,input2,rbf,condition_le_3_all,all,4,8,3.0000000000000004,2.590961997896876,2.6037830694762043e-16,True
development,pendigits,input3,rbf,condition_le_3_all,all,4,8,3.0,2.5909619978968763,2.577856071980612e-16,True
development,pendigits,input4,rbf,condition_le_3_all,all,4,8,2.9999999999999987,2.5909619978968745,2.3074097336625575e-16,True
development,pendigits,input5,rbf,condition_le_3_all,all,4,8,2.9999999999999996,2.5909619978968754,3.059077360719981e-16,True
development,pendigits,input6,rbf,condition_le_3_all,all,4,8,2.9999999999999973,2.5909619978968745,2.7650601007581664e-16,True
development,pendigits,input7,rbf,condition_le_3_all,all,4,8,3.0000000000000013,2.5909619978968768,2.0546526892170058e-16,True
development,pendigits,input8,rbf,condition_le_3_all,all,4,8,3.000000000000001,2.5909619978968754,2.9141536617301823e-16,True
development,pendigits,input9,rbf,condition_le_3_all,all,4,8,2.9999999999999973,2.5909619978968754,2.712402698533822e-16,True
development,pendigits,input1,rbf,condition_le_3_all,all,5,8,2.9999999999999987,2.5909619978968745,3.0609471614123334e-16,True
development,pendigits,input10,rbf,condition_le_3_all,all,5,8,2.9999999999999973,2.5909619978968723,2.923402693812616e-16,True
development,pendigits,input11,rbf,condition_le_3_all,all,5,8,3.000000000000002,2.590961997896875,2.4808659323492153e-16,True
development,pendigits,input12,rbf,condition_le_3_all,all,5,8,3.0,2.5909619978968745,2.2186924670973382e-16,True
development,pendigits,input13,rbf,condition_le_3_all,all,5,8,2.9999999999999973,2.5909619978968745,2.524377559627549e-16,True
development,pendigits,input14,rbf,condition_le_3_all,all,5,8,2.999999999999999,2.5909619978968745,2.236457045471092e-16,True
development,pendigits,input15,rbf,condition_le_3_all,all,5,8,3.0000000000000027,2.5909619978968768,2.363510281198737e-16,True
development,pendigits,input16,rbf,condition_le_3_all,all,5,8,2.9999999999999996,2.5909619978968745,3.168296126689779e-16,True
development,pendigits,input2,rbf,condition_le_3_all,all,5,8,3.0,2.590961997896876,2.3990574619140254e-16,True
development,pendigits,input3,rbf,condition_le_3_all,all,5,8,2.9999999999999987,2.590961997896875,2.9165286555836757e-16,True
development,pendigits,input4,rbf,condition_le_3_all,all,5,8,3.0000000000000004,2.590961997896876,2.2128941337143652e-16,True
development,pendigits,input5,rbf,condition_le_3_all,all,5,8,2.9999999999999973,2.590961997896873,2.2890787392817744e-16,True
development,pendigits,input6,rbf,condition_le_3_all,all,5,8,3.0,2.590961997896875,1.976154009721007e-16,True
development,pendigits,input7,rbf,condition_le_3_all,all,5,8,3.0000000000000004,2.5909619978968768,2.8476284667461454e-16,True
development,pendigits,input8,rbf,condition_le_3_all,all,5,8,2.9999999999999996,2.5909619978968745,3.0265990294482736e-16,True
development,pendigits,input9,rbf,condition_le_3_all,all,5,8,3.0,2.5909619978968754,2.853559977115453e-16,True
development,pendigits,input1,rbf,condition_le_3_all,all,6,8,3.0000000000000004,2.5909619978968754,2.359853171499187e-16,True
development,pendigits,input10,rbf,condition_le_3_all,all,6,8,2.9999999999999987,2.5909619978968736,3.091303650823521e-16,True
development,pendigits,input11,rbf,condition_le_3_all,all,6,8,3.0,2.5909619978968768,2.9078962715993913e-16,True
development,pendigits,input12,rbf,condition_le_3_all,all,6,8,2.999999999999999,2.5909619978968754,2.727477675815476e-16,True
development,pendigits,input13,rbf,condition_le_3_all,all,6,8,3.0000000000000004,2.5909619978968763,2.2234295820235816e-16,True
development,pendigits,input14,rbf,condition_le_3_all,all,6,8,3.0000000000000013,2.5909619978968754,3.1163027976434244e-16,True
development,pendigits,input15,rbf,condition_le_3_all,all,6,8,2.9999999999999996,2.5909619978968736,2.299441800942614e-16,True
development,pendigits,input16,rbf,condition_le_3_all,all,6,8,3.0000000000000004,2.5909619978968768,2.4146076947801315e-16,True
development,pendigits,input2,rbf,condition_le_3_all,all,6,8,2.9999999999999987,2.590961997896876,2.5617083921663373e-16,True
development,pendigits,input3,rbf,condition_le_3_all,all,6,8,2.9999999999999996,2.590961997896875,2.8446237052539444e-16,True
development,pendigits,input4,rbf,condition_le_3_all,all,6,8,3.0000000000000004,2.5909619978968745,2.0907435222621788e-16,True
development,pendigits,input5,rbf,condition_le_3_all,all,6,8,3.0,2.5909619978968754,3.5031714650194054e-16,True
development,pendigits,input6,rbf,condition_le_3_all,all,6,8,3.0,2.5909619978968768,1.9435352358121221e-16,True
development,pendigits,input7,rbf,condition_le_3_all,all,6,8,3.0,2.590961997896877,2.3761342257695383e-16,True
development,pendigits,input8,rbf,condition_le_3_all,all,6,8,2.999999999999996,2.5909619978968728,2.246846373631983e-16,True
development,pendigits,input9,rbf,condition_le_3_all,all,6,8,2.9999999999999996,2.5909619978968745,3.0218332045971146e-16,True
development,pendigits,input1,rbf,condition_le_3_all,all,7,8,3.0000000000000013,2.590961997896877,2.743582697042403e-16,True
development,pendigits,input10,rbf,condition_le_3_all,all,7,8,2.9999999999999996,2.5909619978968736,2.7198141890631617e-16,True
development,pendigits,input11,rbf,condition_le_3_all,all,7,8,2.9999999999999987,2.590961997896875,3.4947038605633106e-16,True
development,pendigits,input12,rbf,condition_le_3_all,all,7,8,3.0,2.5909619978968763,2.0844696035699454e-16,True
development,pendigits,input13,rbf,condition_le_3_all,all,7,8,2.999999999999999,2.590961997896875,1.9749306812643212e-16,True
development,pendigits,input14,rbf,condition_le_3_all,all,7,8,3.000000000000001,2.590961997896875,2.2162331478637066e-16,True
development,pendigits,input15,rbf,condition_le_3_all,all,7,8,2.9999999999999996,2.5909619978968736,3.1733984327447107e-16,True
development,pendigits,input16,rbf,condition_le_3_all,all,7,8,2.9999999999999982,2.5909619978968736,2.0797838877310283e-16,True
development,pendigits,input2,rbf,condition_le_3_all,all,7,8,3.0,2.5909619978968728,2.8951211468226887e-16,True
development,pendigits,input3,rbf,condition_le_3_all,all,7,8,2.999999999999999,2.5909619978968754,2.958012399505158e-16,True
development,pendigits,input4,rbf,condition_le_3_all,all,7,8,2.9999999999999996,2.5909619978968745,2.6053440459204005e-16,True
development,pendigits,input5,rbf,condition_le_3_all,all,7,8,2.999999999999999,2.590961997896875,3.291638337303963e-16,True
development,pendigits,input6,rbf,condition_le_3_all,all,7,8,2.999999999999999,2.5909619978968736,2.565595905871131e-16,True
development,pendigits,input7,rbf,condition_le_3_all,all,7,8,3.0,2.590961997896875,2.476856747183307e-16,True
development,pendigits,input8,rbf,condition_le_3_all,all,7,8,2.9999999999999987,2.5909619978968754,2.9248173809303467e-16,True
development,pendigits,input9,rbf,condition_le_3_all,all,7,8,3.0000000000000004,2.5909619978968754,2.1235999452262643e-16,True
development,phoneme,V5,rbf,orthogonal_one,one,0,8,1.0000000000000004,1.4390049473310992e-15,2.666995281781224e-16,True
development,phoneme,V5,rbf,orthogonal_one,one,1,8,1.0000000000000007,1.0879448959969192e-15,2.450099841307498e-16,True
development,phoneme,V5,rbf,orthogonal_one,one,2,8,1.0000000000000004,9.05235722088998e-16,2.1235520916909233e-16,True
development,phoneme,V5,rbf,orthogonal_one,one,3,8,1.000000000000001,1.232616338567121e-15,2.8504172821241824e-16,True
development,phoneme,V5,rbf,orthogonal_one,one,4,8,1.0000000000000007,1.1597946554588662e-15,3.1146880340928844e-16,True
development,phoneme,V5,rbf,orthogonal_one,one,5,8,1.0000000000000004,1.4219777785330454e-15,1.7212914178853483e-16,True
development,phoneme,V5,rbf,orthogonal_one,one,6,8,1.0000000000000007,8.615249594212867e-16,1.7656966880070666e-16,True
development,phoneme,V5,rbf,orthogonal_one,one,7,8,1.0000000000000007,1.6119208384086234e-15,3.092061871647178e-16,True
development,phoneme,V1,rbf,orthogonal_all,all,0,8,1.0000000000000002,1.37149739201916e-15,2.0644405831039288e-16,True
development,phoneme,V2,rbf,orthogonal_all,all,0,8,1.0000000000000009,1.271049550415817e-15,2.066116803065528e-16,True
development,phoneme,V3,rbf,orthogonal_all,all,0,8,1.0000000000000009,1.220507669903615e-15,2.3675574249393297e-16,True
development,phoneme,V4,rbf,orthogonal_all,all,0,8,1.0000000000000007,1.1146379249206085e-15,2.1836888648430028e-16,True
development,phoneme,V5,rbf,orthogonal_all,all,0,8,1.0000000000000004,1.529367923873659e-15,2.634873145260837e-16,True
development,phoneme,V1,rbf,orthogonal_all,all,1,8,1.0000000000000007,8.363874366592563e-16,2.312799690949379e-16,True
development,phoneme,V2,rbf,orthogonal_all,all,1,8,1.0000000000000004,1.0941425995216915e-15,2.7568981722174917e-16,True
development,phoneme,V3,rbf,orthogonal_all,all,1,8,1.0000000000000007,9.432586783473537e-16,2.3412025705508013e-16,True
development,phoneme,V4,rbf,orthogonal_all,all,1,8,1.0000000000000009,1.5704663098106544e-15,2.254910118627452e-16,True
development,phoneme,V5,rbf,orthogonal_all,all,1,8,1.0000000000000009,1.6296114395941652e-15,1.500289293579994e-16,True
development,phoneme,V1,rbf,orthogonal_all,all,2,8,1.0000000000000007,1.2730571811100318e-15,2.308891979142789e-16,True
development,phoneme,V2,rbf,orthogonal_all,all,2,8,1.0000000000000004,9.234289181191593e-16,3.2099968354230796e-16,True
development,phoneme,V3,rbf,orthogonal_all,all,2,8,1.0000000000000007,1.1437323640470707e-15,2.258848495719892e-16,True
development,phoneme,V4,rbf,orthogonal_all,all,2,8,1.0000000000000007,8.986446873591567e-16,2.53280981157574e-16,True
development,phoneme,V5,rbf,orthogonal_all,all,2,8,1.0000000000000002,1.444079497739878e-15,1.9495102284330295e-16,True
development,phoneme,V1,rbf,orthogonal_all,all,3,8,1.0000000000000002,1.3033826300844663e-15,2.7343772403505225e-16,True
development,phoneme,V2,rbf,orthogonal_all,all,3,8,1.0000000000000007,1.18982817592379e-15,1.9337193566611326e-16,True
development,phoneme,V3,rbf,orthogonal_all,all,3,8,1.0000000000000009,1.2407780581536237e-15,2.4810421618411213e-16,True
development,phoneme,V4,rbf,orthogonal_all,all,3,8,1.0000000000000004,6.178839200027182e-16,2.0281584300689418e-16,True
development,phoneme,V5,rbf,orthogonal_all,all,3,8,1.0000000000000009,1.6590265427967303e-15,3.4464901706738885e-16,True
development,phoneme,V1,rbf,orthogonal_all,all,4,8,1.0000000000000007,1.2918517227961687e-15,2.6333784763568634e-16,True
development,phoneme,V2,rbf,orthogonal_all,all,4,8,1.0000000000000007,9.801593245135932e-16,2.743004251542716e-16,True
development,phoneme,V3,rbf,orthogonal_all,all,4,8,1.0000000000000009,1.1586290788776994e-15,2.148019202863929e-16,True
development,phoneme,V4,rbf,orthogonal_all,all,4,8,1.0000000000000007,1.5168403882404e-15,2.1251763262640506e-16,True
development,phoneme,V5,rbf,orthogonal_all,all,4,8,1.0000000000000004,1.3439534088967207e-15,2.347205502277e-16,True
development,phoneme,V1,rbf,orthogonal_all,all,5,8,1.0000000000000002,1.0787971853379685e-15,2.2497150029670726e-16,True
development,phoneme,V2,rbf,orthogonal_all,all,5,8,1.0000000000000007,1.7550657374149236e-15,2.341445039191439e-16,True
development,phoneme,V3,rbf,orthogonal_all,all,5,8,1.0000000000000007,1.0795596742097164e-15,1.902884306024783e-16,True
development,phoneme,V4,rbf,orthogonal_all,all,5,8,1.0000000000000007,7.830775434006305e-16,2.1245754217637162e-16,True
development,phoneme,V5,rbf,orthogonal_all,all,5,8,1.0000000000000004,9.28614030940351e-16,2.550089240624898e-16,True
development,phoneme,V1,rbf,orthogonal_all,all,6,8,1.0000000000000007,1.0761794987416432e-15,2.100319658880576e-16,True
development,phoneme,V2,rbf,orthogonal_all,all,6,8,1.0000000000000007,8.942855136756566e-16,2.0106117112404373e-16,True
development,phoneme,V3,rbf,orthogonal_all,all,6,8,1.0000000000000007,1.0217946989290408e-15,2.1376900684218117e-16,True
development,phoneme,V4,rbf,orthogonal_all,all,6,8,1.0000000000000004,1.120039508371076e-15,3.1056154853566134e-16,True
development,phoneme,V5,rbf,orthogonal_all,all,6,8,1.0000000000000004,8.972116884018525e-16,2.239561375467901e-16,True
development,phoneme,V1,rbf,orthogonal_all,all,7,8,1.0000000000000007,1.1823987925200973e-15,1.8861382194493866e-16,True
development,phoneme,V2,rbf,orthogonal_all,all,7,8,1.0000000000000004,9.436073253722795e-16,2.678105090439924e-16,True
development,phoneme,V3,rbf,orthogonal_all,all,7,8,1.0000000000000007,1.4038911567085743e-15,2.246594954444838e-16,True
development,phoneme,V4,rbf,orthogonal_all,all,7,8,1.0000000000000004,1.2449366654113301e-15,2.5524069466553013e-16,True
development,phoneme,V5,rbf,orthogonal_all,all,7,8,1.0000000000000007,1.2180769638163852e-15,2.813806400663085e-16,True
development,phoneme,V1,rbf,condition_le_3_all,all,0,8,2.9999999999999982,2.5909619978968754,3.1541479290365757e-16,True
development,phoneme,V2,rbf,condition_le_3_all,all,0,8,3.000000000000002,2.590961997896875,3.406743836757982e-16,True
development,phoneme,V3,rbf,condition_le_3_all,all,0,8,2.9999999999999996,2.5909619978968768,3.321286186206975e-16,True
development,phoneme,V4,rbf,condition_le_3_all,all,0,8,2.9999999999999996,2.5909619978968745,2.7263652968964887e-16,True
development,phoneme,V5,rbf,condition_le_3_all,all,0,8,2.9999999999999987,2.590961997896874,2.238597342227907e-16,True
development,phoneme,V1,rbf,condition_le_3_all,all,1,8,3.0000000000000004,2.590961997896876,3.2958575800239304e-16,True
development,phoneme,V2,rbf,condition_le_3_all,all,1,8,3.000000000000001,2.5909619978968763,3.586001999111804e-16,True
development,phoneme,V3,rbf,condition_le_3_all,all,1,8,3.0000000000000004,2.5909619978968763,2.4624215209745285e-16,True
development,phoneme,V4,rbf,condition_le_3_all,all,1,8,2.9999999999999982,2.5909619978968745,2.665517284179289e-16,True
development,phoneme,V5,rbf,condition_le_3_all,all,1,8,2.9999999999999996,2.5909619978968776,1.9797796879645398e-16,True
development,phoneme,V1,rbf,condition_le_3_all,all,2,8,2.9999999999999982,2.590961997896875,2.477693712588995e-16,True
development,phoneme,V2,rbf,condition_le_3_all,all,2,8,2.999999999999999,2.590961997896875,2.647177625168993e-16,True
development,phoneme,V3,rbf,condition_le_3_all,all,2,8,2.9999999999999987,2.5909619978968728,3.3441373038366616e-16,True
development,phoneme,V4,rbf,condition_le_3_all,all,2,8,2.9999999999999987,2.5909619978968736,2.2968478755954233e-16,True
development,phoneme,V5,rbf,condition_le_3_all,all,2,8,2.9999999999999996,2.5909619978968768,4.933104705871476e-16,True
development,phoneme,V1,rbf,condition_le_3_all,all,3,8,3.0000000000000027,2.5909619978968763,3.390934071248184e-16,True
development,phoneme,V2,rbf,condition_le_3_all,all,3,8,2.9999999999999987,2.590961997896875,3.7961133331939014e-16,True
development,phoneme,V3,rbf,condition_le_3_all,all,3,8,3.0,2.5909619978968768,2.7147113725223505e-16,True
development,phoneme,V4,rbf,condition_le_3_all,all,3,8,2.999999999999998,2.5909619978968745,2.1189510733982514e-16,True
development,phoneme,V5,rbf,condition_le_3_all,all,3,8,3.000000000000001,2.5909619978968768,2.482437102709797e-16,True
development,phoneme,V1,rbf,condition_le_3_all,all,4,8,2.9999999999999996,2.5909619978968745,2.1331756316167264e-16,True
development,phoneme,V2,rbf,condition_le_3_all,all,4,8,2.9999999999999987,2.5909619978968736,2.8430302607772703e-16,True
development,phoneme,V3,rbf,condition_le_3_all,all,4,8,3.000000000000001,2.5909619978968745,2.0199172257733585e-16,True
development,phoneme,V4,rbf,condition_le_3_all,all,4,8,2.9999999999999987,2.5909619978968736,2.6034651981135024e-16,True
development,phoneme,V5,rbf,condition_le_3_all,all,4,8,2.999999999999998,2.5909619978968745,2.882288807421123e-16,True
development,phoneme,V1,rbf,condition_le_3_all,all,5,8,2.9999999999999987,2.5909619978968754,1.8241276950676702e-16,True
development,phoneme,V2,rbf,condition_le_3_all,all,5,8,2.9999999999999987,2.590961997896874,3.130664540029337e-16,True
development,phoneme,V3,rbf,condition_le_3_all,all,5,8,2.9999999999999996,2.5909619978968754,2.524501459900504e-16,True
development,phoneme,V4,rbf,condition_le_3_all,all,5,8,2.999999999999997,2.590961997896875,2.8434808340184006e-16,True
development,phoneme,V5,rbf,condition_le_3_all,all,5,8,3.0000000000000013,2.590961997896876,2.235331564392813e-16,True
development,phoneme,V1,rbf,condition_le_3_all,all,6,8,2.9999999999999973,2.5909619978968736,3.023483648091465e-16,True
development,phoneme,V2,rbf,condition_le_3_all,all,6,8,2.9999999999999996,2.590961997896876,2.330796955919662e-16,True
development,phoneme,V3,rbf,condition_le_3_all,all,6,8,2.9999999999999996,2.5909619978968754,2.970587264424657e-16,True
development,phoneme,V4,rbf,condition_le_3_all,all,6,8,3.0000000000000004,2.5909619978968754,3.3938547366407604e-16,True
development,phoneme,V5,rbf,condition_le_3_all,all,6,8,3.0000000000000004,2.590961997896876,2.5127492079154716e-16,True
development,phoneme,V1,rbf,condition_le_3_all,all,7,8,2.999999999999998,2.590961997896876,2.7869281907396997e-16,True
development,phoneme,V2,rbf,condition_le_3_all,all,7,8,2.999999999999998,2.5909619978968745,1.9108804741692791e-16,True
development,phoneme,V3,rbf,condition_le_3_all,all,7,8,3.0000000000000018,2.5909619978968754,2.0964464685133417e-16,True
development,phoneme,V4,rbf,condition_le_3_all,all,7,8,3.0000000000000004,2.5909619978968763,2.164914374868334e-16,True
development,phoneme,V5,rbf,condition_le_3_all,all,7,8,3.000000000000002,2.590961997896876,2.3626320751984516e-16,True
development,wine-quality-red,total_sulfur_dioxide,rbf,orthogonal_one,one,0,8,1.0000000000000004,8.809931054453072e-16,2.722395043755591e-16,True
development,wine-quality-red,total_sulfur_dioxide,rbf,orthogonal_one,one,1,8,1.0000000000000004,1.471928577747852e-15,2.246846019960308e-16,True
development,wine-quality-red,total_sulfur_dioxide,rbf,orthogonal_one,one,2,8,1.0000000000000002,9.012794836703546e-16,2.231027271391896e-16,True
development,wine-quality-red,total_sulfur_dioxide,rbf,orthogonal_one,one,3,8,1.0000000000000009,9.007379069923683e-16,2.2263463978134307e-16,True
development,wine-quality-red,total_sulfur_dioxide,rbf,orthogonal_one,one,4,8,1.0000000000000007,1.2981803999408732e-15,2.2459268364739294e-16,True
development,wine-quality-red,total_sulfur_dioxide,rbf,orthogonal_one,one,5,8,1.0000000000000009,1.1128828503151712e-15,2.3937581972655016e-16,True
development,wine-quality-red,total_sulfur_dioxide,rbf,orthogonal_one,one,6,8,1.0000000000000007,8.815279153748964e-16,1.9667845182196378e-16,True
development,wine-quality-red,total_sulfur_dioxide,rbf,orthogonal_one,one,7,8,1.0000000000000004,1.2355055045020626e-15,2.742377165891234e-16,True
development,wine-quality-red,alcohol,rbf,orthogonal_all,all,0,8,1.0000000000000009,1.4842129999018844e-15,2.351517136031765e-16,True
development,wine-quality-red,chlorides,rbf,orthogonal_all,all,0,8,1.0000000000000004,6.890987045821191e-16,2.0070976521138835e-16,True
development,wine-quality-red,citric_acid,rbf,orthogonal_all,all,0,8,1.0000000000000007,7.813150291752274e-16,2.141807133583056e-16,True
development,wine-quality-red,density,rbf,orthogonal_all,all,0,8,1.0000000000000004,9.03735560832924e-16,2.31360055114619e-16,True
development,wine-quality-red,fixed_acidity,rbf,orthogonal_all,all,0,8,1.0000000000000004,1.0049042403757276e-15,3.158016794661957e-16,True
development,wine-quality-red,free_sulfur_dioxide,rbf,orthogonal_all,all,0,8,1.0000000000000007,8.613286501423006e-16,2.0854457136054083e-16,True
development,wine-quality-red,pH,rbf,orthogonal_all,all,0,8,1.0000000000000004,1.5384293587783106e-15,2.5477770651113745e-16,True
development,wine-quality-red,residual_sugar,rbf,orthogonal_all,all,0,8,1.0000000000000007,6.658712725199861e-16,2.2649592112621094e-16,True
development,wine-quality-red,sulphates,rbf,orthogonal_all,all,0,8,1.0000000000000004,9.511922782628168e-16,2.0320054392681852e-16,True
development,wine-quality-red,total_sulfur_dioxide,rbf,orthogonal_all,all,0,8,1.0000000000000007,1.0671691668499677e-15,2.2548498545170383e-16,True
development,wine-quality-red,volatile_acidity,rbf,orthogonal_all,all,0,8,1.0000000000000004,1.1322930084413256e-15,2.0624601075024952e-16,True
development,wine-quality-red,alcohol,rbf,orthogonal_all,all,1,8,1.0000000000000004,7.119399814582442e-16,1.97711099700521e-16,True
development,wine-quality-red,chlorides,rbf,orthogonal_all,all,1,8,1.0000000000000009,1.7370712454436043e-15,2.090221582102459e-16,True
development,wine-quality-red,citric_acid,rbf,orthogonal_all,all,1,8,1.000000000000001,1.4749853052899537e-15,2.1317974438773171e-16,True
development,wine-quality-red,density,rbf,orthogonal_all,all,1,8,1.0000000000000009,9.052979894990285e-16,1.9366445485131393e-16,True
development,wine-quality-red,fixed_acidity,rbf,orthogonal_all,all,1,8,1.0000000000000007,9.135642592058346e-16,2.233653971497875e-16,True
development,wine-quality-red,free_sulfur_dioxide,rbf,orthogonal_all,all,1,8,1.0000000000000004,1.1038652185260982e-15,2.6754797838965026e-16,True
development,wine-quality-red,pH,rbf,orthogonal_all,all,1,8,1.0000000000000007,9.666135071045678e-16,1.5203547501274755e-16,True
development,wine-quality-red,residual_sugar,rbf,orthogonal_all,all,1,8,1.0000000000000007,1.20589651776019e-15,2.045498833333264e-16,True
development,wine-quality-red,sulphates,rbf,orthogonal_all,all,1,8,1.0000000000000007,1.504180569171878e-15,2.457906044031686e-16,True
development,wine-quality-red,total_sulfur_dioxide,rbf,orthogonal_all,all,1,8,1.0000000000000004,1.0489674461586462e-15,2.090975557439831e-16,True
development,wine-quality-red,volatile_acidity,rbf,orthogonal_all,all,1,8,1.0000000000000007,1.392458576819078e-15,2.915076828284605e-16,True
development,wine-quality-red,alcohol,rbf,orthogonal_all,all,2,8,1.0000000000000004,1.4194100323348044e-15,2.3749396876893174e-16,True
development,wine-quality-red,chlorides,rbf,orthogonal_all,all,2,8,1.0000000000000007,1.2156874092582961e-15,1.9162324190464757e-16,True
development,wine-quality-red,citric_acid,rbf,orthogonal_all,all,2,8,1.0000000000000007,1.3875153514719886e-15,2.963472732936346e-16,True
development,wine-quality-red,density,rbf,orthogonal_all,all,2,8,1.0000000000000009,1.1342941793465762e-15,2.1802011689855578e-16,True
development,wine-quality-red,fixed_acidity,rbf,orthogonal_all,all,2,8,1.0000000000000007,6.295819849159624e-16,2.267172283701924e-16,True
development,wine-quality-red,free_sulfur_dioxide,rbf,orthogonal_all,all,2,8,1.0000000000000007,8.906110279302979e-16,2.6365429102256975e-16,True
development,wine-quality-red,pH,rbf,orthogonal_all,all,2,8,1.0000000000000007,1.0696329275645395e-15,2.416975075244265e-16,True
development,wine-quality-red,residual_sugar,rbf,orthogonal_all,all,2,8,1.0000000000000002,9.531433652738952e-16,2.6747148510914834e-16,True
development,wine-quality-red,sulphates,rbf,orthogonal_all,all,2,8,1.0000000000000009,1.2412096991946154e-15,1.8979740382767908e-16,True
development,wine-quality-red,total_sulfur_dioxide,rbf,orthogonal_all,all,2,8,1.0000000000000009,1.3206271743086435e-15,2.2539163226376185e-16,True
development,wine-quality-red,volatile_acidity,rbf,orthogonal_all,all,2,8,1.0000000000000007,1.0329033052526781e-15,2.4154971786858185e-16,True
development,wine-quality-red,alcohol,rbf,orthogonal_all,all,3,8,1.0000000000000007,7.869021379988573e-16,3.3912855579365493e-16,True
development,wine-quality-red,chlorides,rbf,orthogonal_all,all,3,8,1.0000000000000007,8.993293125499508e-16,2.542157290258918e-16,True
development,wine-quality-red,citric_acid,rbf,orthogonal_all,all,3,8,1.0000000000000007,1.7227788749244372e-15,2.926747108911802e-16,True
development,wine-quality-red,density,rbf,orthogonal_all,all,3,8,1.0000000000000009,1.0589286405725995e-15,3.2061058946105707e-16,True
development,wine-quality-red,fixed_acidity,rbf,orthogonal_all,all,3,8,1.0000000000000007,1.2389413040514255e-15,1.8676608693175624e-16,True
development,wine-quality-red,free_sulfur_dioxide,rbf,orthogonal_all,all,3,8,1.0000000000000009,1.0380842412826073e-15,1.982304564099905e-16,True
development,wine-quality-red,pH,rbf,orthogonal_all,all,3,8,1.000000000000001,1.1452224574671992e-15,1.7486064053932143e-16,True
development,wine-quality-red,residual_sugar,rbf,orthogonal_all,all,3,8,1.0000000000000004,1.3858536746535847e-15,2.1495002936684882e-16,True
development,wine-quality-red,sulphates,rbf,orthogonal_all,all,3,8,1.0000000000000002,9.262582341439787e-16,1.8687805258225443e-16,True
development,wine-quality-red,total_sulfur_dioxide,rbf,orthogonal_all,all,3,8,1.0000000000000009,6.314660579650815e-16,2.297673828388022e-16,True
development,wine-quality-red,volatile_acidity,rbf,orthogonal_all,all,3,8,1.0000000000000004,1.048310991832713e-15,2.2372380084609135e-16,True
development,wine-quality-red,alcohol,rbf,orthogonal_all,all,4,8,1.0000000000000009,9.327551931390192e-16,2.238761637449821e-16,True
development,wine-quality-red,chlorides,rbf,orthogonal_all,all,4,8,1.0000000000000007,9.466412897696348e-16,2.33388784362972e-16,True
development,wine-quality-red,citric_acid,rbf,orthogonal_all,all,4,8,1.0000000000000007,1.2372235092168948e-15,2.2022184657145756e-16,True
development,wine-quality-red,density,rbf,orthogonal_all,all,4,8,1.0000000000000007,1.1820895964753996e-15,2.1079931728091747e-16,True
development,wine-quality-red,fixed_acidity,rbf,orthogonal_all,all,4,8,1.0000000000000004,1.0269628781416538e-15,2.0256928992975244e-16,True
development,wine-quality-red,free_sulfur_dioxide,rbf,orthogonal_all,all,4,8,1.0000000000000004,1.0628767829210951e-15,1.9497320670807837e-16,True
development,wine-quality-red,pH,rbf,orthogonal_all,all,4,8,1.0000000000000007,1.2434660246453567e-15,3.112251702042547e-16,True
development,wine-quality-red,residual_sugar,rbf,orthogonal_all,all,4,8,1.0000000000000007,1.3654345307782838e-15,2.4684339502426814e-16,True
development,wine-quality-red,sulphates,rbf,orthogonal_all,all,4,8,1.0000000000000004,9.45020545806358e-16,1.9064119969294754e-16,True
development,wine-quality-red,total_sulfur_dioxide,rbf,orthogonal_all,all,4,8,1.0000000000000004,9.462481146530336e-16,2.5819331354572906e-16,True
development,wine-quality-red,volatile_acidity,rbf,orthogonal_all,all,4,8,1.0000000000000002,9.218059854640964e-16,2.228678565163816e-16,True
development,wine-quality-red,alcohol,rbf,orthogonal_all,all,5,8,1.0000000000000004,1.5141553530492856e-15,3.031058893999224e-16,True
development,wine-quality-red,chlorides,rbf,orthogonal_all,all,5,8,1.0000000000000007,1.3902198799144458e-15,2.534079122776664e-16,True
development,wine-quality-red,citric_acid,rbf,orthogonal_all,all,5,8,1.0000000000000007,9.940740910572377e-16,2.496524145500517e-16,True
development,wine-quality-red,density,rbf,orthogonal_all,all,5,8,1.0000000000000004,1.084139885217305e-15,2.0552064575257399e-16,True
development,wine-quality-red,fixed_acidity,rbf,orthogonal_all,all,5,8,1.0000000000000004,9.16586645138143e-16,2.4352855457305176e-16,True
development,wine-quality-red,free_sulfur_dioxide,rbf,orthogonal_all,all,5,8,1.0000000000000004,1.0559565896344438e-15,2.506124151106633e-16,True
development,wine-quality-red,pH,rbf,orthogonal_all,all,5,8,1.0000000000000009,8.092459504574501e-16,1.9298300485886517e-16,True
development,wine-quality-red,residual_sugar,rbf,orthogonal_all,all,5,8,1.0000000000000007,1.4504970439884844e-15,2.5811455407847195e-16,True
development,wine-quality-red,sulphates,rbf,orthogonal_all,all,5,8,1.0000000000000007,1.32692140882535e-15,2.3689548837155496e-16,True
development,wine-quality-red,total_sulfur_dioxide,rbf,orthogonal_all,all,5,8,1.0000000000000007,1.002109557383895e-15,2.1011371048651382e-16,True
development,wine-quality-red,volatile_acidity,rbf,orthogonal_all,all,5,8,1.0000000000000007,1.1703902933767388e-15,1.571834533159429e-16,True
development,wine-quality-red,alcohol,rbf,orthogonal_all,all,6,8,1.0000000000000007,1.158772880638177e-15,2.0713440147874407e-16,True
development,wine-quality-red,chlorides,rbf,orthogonal_all,all,6,8,1.0000000000000004,1.3606311147315581e-15,3.3710336315686705e-16,True
development,wine-quality-red,citric_acid,rbf,orthogonal_all,all,6,8,1.0000000000000007,8.875495408100329e-16,3.0845657513418954e-16,True
development,wine-quality-red,density,rbf,orthogonal_all,all,6,8,1.0000000000000004,1.3169113473026297e-15,2.4828652141504876e-16,True
development,wine-quality-red,fixed_acidity,rbf,orthogonal_all,all,6,8,1.0000000000000007,7.426675276285238e-16,2.656852452399177e-16,True
development,wine-quality-red,free_sulfur_dioxide,rbf,orthogonal_all,all,6,8,1.0000000000000004,7.753748401120718e-16,2.4243399058032045e-16,True
development,wine-quality-red,pH,rbf,orthogonal_all,all,6,8,1.0000000000000009,1.1149094616258545e-15,2.263340732645433e-16,True
development,wine-quality-red,residual_sugar,rbf,orthogonal_all,all,6,8,1.0000000000000004,9.003668385191297e-16,2.800476423953385e-16,True
development,wine-quality-red,sulphates,rbf,orthogonal_all,all,6,8,1.0000000000000004,1.1523094891942619e-15,1.8006218993725456e-16,True
development,wine-quality-red,total_sulfur_dioxide,rbf,orthogonal_all,all,6,8,1.0000000000000009,1.0038649841802574e-15,3.4532474990831897e-16,True
development,wine-quality-red,volatile_acidity,rbf,orthogonal_all,all,6,8,1.0000000000000004,1.1023796569440113e-15,1.858138884341487e-16,True
development,wine-quality-red,alcohol,rbf,orthogonal_all,all,7,8,1.0000000000000004,7.206610907078466e-16,2.7036354076787156e-16,True
development,wine-quality-red,chlorides,rbf,orthogonal_all,all,7,8,1.0000000000000007,1.3839625835629156e-15,2.5239566726058955e-16,True
development,wine-quality-red,citric_acid,rbf,orthogonal_all,all,7,8,1.0000000000000007,1.233426157220598e-15,3.1998117312374794e-16,True
development,wine-quality-red,density,rbf,orthogonal_all,all,7,8,1.0000000000000009,1.094848662424344e-15,1.9910820805398102e-16,True
development,wine-quality-red,fixed_acidity,rbf,orthogonal_all,all,7,8,1.0000000000000007,1.1255944221439248e-15,2.145440237650683e-16,True
development,wine-quality-red,free_sulfur_dioxide,rbf,orthogonal_all,all,7,8,1.0000000000000009,9.77731573772673e-16,2.3378224967427373e-16,True
development,wine-quality-red,pH,rbf,orthogonal_all,all,7,8,1.000000000000001,1.193876423972078e-15,1.9160809373981575e-16,True
development,wine-quality-red,residual_sugar,rbf,orthogonal_all,all,7,8,1.0000000000000009,1.1072488219887892e-15,3.389768180036803e-16,True
development,wine-quality-red,sulphates,rbf,orthogonal_all,all,7,8,1.0000000000000007,1.2109901611518881e-15,2.00902310271218e-16,True
development,wine-quality-red,total_sulfur_dioxide,rbf,orthogonal_all,all,7,8,1.0000000000000004,8.586158327724332e-16,2.564118839449821e-16,True
development,wine-quality-red,volatile_acidity,rbf,orthogonal_all,all,7,8,1.0000000000000004,7.359011974230013e-16,2.3279146538375383e-16,True
development,wine-quality-red,alcohol,rbf,condition_le_3_all,all,0,8,3.0,2.5909619978968754,2.5267802618325705e-16,True
development,wine-quality-red,chlorides,rbf,condition_le_3_all,all,0,8,2.999999999999999,2.5909619978968768,2.5239935295687095e-16,True
development,wine-quality-red,citric_acid,rbf,condition_le_3_all,all,0,8,3.000000000000001,2.5909619978968763,3.716882864335924e-16,True
development,wine-quality-red,density,rbf,condition_le_3_all,all,0,8,3.0,2.5909619978968736,2.320363250060872e-16,True
development,wine-quality-red,fixed_acidity,rbf,condition_le_3_all,all,0,8,3.0000000000000013,2.5909619978968754,2.3972046573657086e-16,True
development,wine-quality-red,free_sulfur_dioxide,rbf,condition_le_3_all,all,0,8,2.9999999999999996,2.590961997896875,2.318567229679689e-16,True
development,wine-quality-red,pH,rbf,condition_le_3_all,all,0,8,2.999999999999999,2.590961997896873,2.645864350595486e-16,True
development,wine-quality-red,residual_sugar,rbf,condition_le_3_all,all,0,8,2.9999999999999987,2.5909619978968736,2.822895609136394e-16,True
development,wine-quality-red,sulphates,rbf,condition_le_3_all,all,0,8,3.0000000000000004,2.5909619978968754,2.5149230482740695e-16,True
development,wine-quality-red,total_sulfur_dioxide,rbf,condition_le_3_all,all,0,8,3.0000000000000004,2.5909619978968763,2.0554780130372972e-16,True
development,wine-quality-red,volatile_acidity,rbf,condition_le_3_all,all,0,8,3.0000000000000013,2.5909619978968745,3.961619479793072e-16,True
development,wine-quality-red,alcohol,rbf,condition_le_3_all,all,1,8,2.9999999999999996,2.5909619978968745,2.758550701345803e-16,True
development,wine-quality-red,chlorides,rbf,condition_le_3_all,all,1,8,2.9999999999999973,2.5909619978968754,2.1090164883363366e-16,True
development,wine-quality-red,citric_acid,rbf,condition_le_3_all,all,1,8,2.9999999999999987,2.590961997896875,2.5883825054045526e-16,True
development,wine-quality-red,density,rbf,condition_le_3_all,all,1,8,3.0,2.590961997896876,3.4338949324240226e-16,True
development,wine-quality-red,fixed_acidity,rbf,condition_le_3_all,all,1,8,3.000000000000002,2.5909619978968768,2.0630967097401475e-16,True
development,wine-quality-red,free_sulfur_dioxide,rbf,condition_le_3_all,all,1,8,2.9999999999999987,2.5909619978968736,3.216697155747604e-16,True
development,wine-quality-red,pH,rbf,condition_le_3_all,all,1,8,3.0,2.590961997896874,2.429118097613848e-16,True
development,wine-quality-red,residual_sugar,rbf,condition_le_3_all,all,1,8,2.9999999999999987,2.5909619978968745,3.3208147037651566e-16,True
development,wine-quality-red,sulphates,rbf,condition_le_3_all,all,1,8,3.0,2.590961997896875,3.4039877653745706e-16,True
development,wine-quality-red,total_sulfur_dioxide,rbf,condition_le_3_all,all,1,8,2.9999999999999987,2.590961997896874,3.623233632798535e-16,True
development,wine-quality-red,volatile_acidity,rbf,condition_le_3_all,all,1,8,2.999999999999999,2.5909619978968745,3.451037897302548e-16,True
development,wine-quality-red,alcohol,rbf,condition_le_3_all,all,2,8,2.9999999999999964,2.5909619978968728,2.438525737560989e-16,True
development,wine-quality-red,chlorides,rbf,condition_le_3_all,all,2,8,3.0,2.590961997896877,2.2050124497048236e-16,True
development,wine-quality-red,citric_acid,rbf,condition_le_3_all,all,2,8,2.9999999999999996,2.5909619978968745,2.457990568840405e-16,True
development,wine-quality-red,density,rbf,condition_le_3_all,all,2,8,2.9999999999999996,2.5909619978968754,3.758271834972561e-16,True
development,wine-quality-red,fixed_acidity,rbf,condition_le_3_all,all,2,8,2.9999999999999987,2.590961997896874,1.967147244357954e-16,True
development,wine-quality-red,free_sulfur_dioxide,rbf,condition_le_3_all,all,2,8,2.9999999999999996,2.590961997896876,2.2532470044770107e-16,True
development,wine-quality-red,pH,rbf,condition_le_3_all,all,2,8,3.0000000000000004,2.5909619978968745,2.569645729033648e-16,True
development,wine-quality-red,residual_sugar,rbf,condition_le_3_all,all,2,8,2.999999999999999,2.5909619978968745,2.645944506130992e-16,True
development,wine-quality-red,sulphates,rbf,condition_le_3_all,all,2,8,3.0000000000000004,2.5909619978968754,2.628777905458956e-16,True
development,wine-quality-red,total_sulfur_dioxide,rbf,condition_le_3_all,all,2,8,2.9999999999999982,2.5909619978968745,2.4695552202232494e-16,True
development,wine-quality-red,volatile_acidity,rbf,condition_le_3_all,all,2,8,2.999999999999999,2.5909619978968768,2.2948669505176595e-16,True
development,wine-quality-red,alcohol,rbf,condition_le_3_all,all,3,8,3.000000000000001,2.5909619978968754,2.518323425331192e-16,True
development,wine-quality-red,chlorides,rbf,condition_le_3_all,all,3,8,3.0,2.5909619978968736,2.134324261446956e-16,True
development,wine-quality-red,citric_acid,rbf,condition_le_3_all,all,3,8,2.9999999999999982,2.590961997896874,2.599801037804116e-16,True
development,wine-quality-red,density,rbf,condition_le_3_all,all,3,8,3.000000000000001,2.590961997896875,2.5807009016667833e-16,True
development,wine-quality-red,fixed_acidity,rbf,condition_le_3_all,all,3,8,3.0000000000000013,2.590961997896876,3.3485251322402255e-16,True
development,wine-quality-red,free_sulfur_dioxide,rbf,condition_le_3_all,all,3,8,2.9999999999999987,2.590961997896874,2.436665812389614e-16,True
development,wine-quality-red,pH,rbf,condition_le_3_all,all,3,8,3.0,2.590961997896875,2.894396691026996e-16,True
development,wine-quality-red,residual_sugar,rbf,condition_le_3_all,all,3,8,2.999999999999999,2.5909619978968763,2.500252916630972e-16,True
development,wine-quality-red,sulphates,rbf,condition_le_3_all,all,3,8,3.0000000000000004,2.5909619978968736,2.71223251951568e-16,True
development,wine-quality-red,total_sulfur_dioxide,rbf,condition_le_3_all,all,3,8,2.999999999999999,2.5909619978968754,3.022899629570206e-16,True
development,wine-quality-red,volatile_acidity,rbf,condition_le_3_all,all,3,8,2.9999999999999987,2.5909619978968736,2.943714251995675e-16,True
development,wine-quality-red,alcohol,rbf,condition_le_3_all,all,4,8,2.9999999999999987,2.5909619978968728,2.42431969865663e-16,True
development,wine-quality-red,chlorides,rbf,condition_le_3_all,all,4,8,2.9999999999999973,2.5909619978968736,1.8820149845824463e-16,True
development,wine-quality-red,citric_acid,rbf,condition_le_3_all,all,4,8,2.9999999999999973,2.5909619978968736,2.404601912616977e-16,True
development,wine-quality-red,density,rbf,condition_le_3_all,all,4,8,2.9999999999999996,2.590961997896874,2.5175424805601197e-16,True
development,wine-quality-red,fixed_acidity,rbf,condition_le_3_all,all,4,8,3.0000000000000013,2.590961997896874,2.4518115245584904e-16,True
development,wine-quality-red,free_sulfur_dioxide,rbf,condition_le_3_all,all,4,8,2.999999999999998,2.590961997896876,2.756704961826569e-16,True
development,wine-quality-red,pH,rbf,condition_le_3_all,all,4,8,3.0000000000000004,2.5909619978968754,2.85325060403114e-16,True
development,wine-quality-red,residual_sugar,rbf,condition_le_3_all,all,4,8,3.0000000000000004,2.5909619978968745,3.21171935509881e-16,True
development,wine-quality-red,sulphates,rbf,condition_le_3_all,all,4,8,3.000000000000001,2.590961997896877,2.1098794240527968e-16,True
development,wine-quality-red,total_sulfur_dioxide,rbf,condition_le_3_all,all,4,8,2.999999999999999,2.5909619978968754,2.2094875084410604e-16,True
development,wine-quality-red,volatile_acidity,rbf,condition_le_3_all,all,4,8,3.0,2.5909619978968763,3.1119453250309816e-16,True
development,wine-quality-red,alcohol,rbf,condition_le_3_all,all,5,8,3.0,2.590961997896876,2.2978471115072205e-16,True
development,wine-quality-red,chlorides,rbf,condition_le_3_all,all,5,8,2.999999999999998,2.590961997896874,2.7740945713710003e-16,True
development,wine-quality-red,citric_acid,rbf,condition_le_3_all,all,5,8,3.000000000000002,2.5909619978968754,2.512134975778433e-16,True
development,wine-quality-red,density,rbf,condition_le_3_all,all,5,8,3.0,2.5909619978968723,2.0765739602442659e-16,True
development,wine-quality-red,fixed_acidity,rbf,condition_le_3_all,all,5,8,2.9999999999999987,2.590961997896875,3.2838995552635517e-16,True
development,wine-quality-red,free_sulfur_dioxide,rbf,condition_le_3_all,all,5,8,3.0000000000000004,2.590961997896876,2.0368748833144465e-16,True
development,wine-quality-red,pH,rbf,condition_le_3_all,all,5,8,2.9999999999999987,2.590961997896873,3.583196148795657e-16,True
development,wine-quality-red,residual_sugar,rbf,condition_le_3_all,all,5,8,3.0000000000000013,2.5909619978968763,2.165460924680345e-16,True
development,wine-quality-red,sulphates,rbf,condition_le_3_all,all,5,8,2.999999999999998,2.5909619978968754,2.1266150776996404e-16,True
development,wine-quality-red,total_sulfur_dioxide,rbf,condition_le_3_all,all,5,8,3.0,2.590961997896876,2.5005828936326607e-16,True
development,wine-quality-red,volatile_acidity,rbf,condition_le_3_all,all,5,8,2.999999999999997,2.5909619978968728,2.075724139135646e-16,True
development,wine-quality-red,alcohol,rbf,condition_le_3_all,all,6,8,3.0,2.5909619978968745,2.4692859211362964e-16,True
development,wine-quality-red,chlorides,rbf,condition_le_3_all,all,6,8,2.999999999999998,2.5909619978968728,2.4552468290745587e-16,True
development,wine-quality-red,citric_acid,rbf,condition_le_3_all,all,6,8,3.0000000000000018,2.5909619978968763,3.133388480603127e-16,True
development,wine-quality-red,density,rbf,condition_le_3_all,all,6,8,2.9999999999999996,2.590961997896875,2.416932263945726e-16,True
development,wine-quality-red,fixed_acidity,rbf,condition_le_3_all,all,6,8,2.9999999999999996,2.590961997896876,3.4051252428479383e-16,True
development,wine-quality-red,free_sulfur_dioxide,rbf,condition_le_3_all,all,6,8,3.0,2.5909619978968736,2.661720334636257e-16,True
development,wine-quality-red,pH,rbf,condition_le_3_all,all,6,8,2.9999999999999996,2.5909619978968736,2.4173851423985963e-16,True
development,wine-quality-red,residual_sugar,rbf,condition_le_3_all,all,6,8,2.999999999999998,2.5909619978968754,3.016454015670335e-16,True
development,wine-quality-red,sulphates,rbf,condition_le_3_all,all,6,8,3.0,2.5909619978968754,2.204472223291614e-16,True
development,wine-quality-red,total_sulfur_dioxide,rbf,condition_le_3_all,all,6,8,3.0000000000000004,2.5909619978968763,2.941004173572326e-16,True
development,wine-quality-red,volatile_acidity,rbf,condition_le_3_all,all,6,8,3.000000000000001,2.5909619978968763,2.3978595793355725e-16,True
development,wine-quality-red,alcohol,rbf,condition_le_3_all,all,7,8,3.0000000000000013,2.5909619978968754,2.3218749852942837e-16,True
development,wine-quality-red,chlorides,rbf,condition_le_3_all,all,7,8,3.0000000000000004,2.5909619978968763,2.994848215739168e-16,True
development,wine-quality-red,citric_acid,rbf,condition_le_3_all,all,7,8,2.999999999999999,2.590961997896874,3.744505850931482e-16,True
development,wine-quality-red,density,rbf,condition_le_3_all,all,7,8,2.9999999999999987,2.5909619978968768,2.8859302073073405e-16,True
development,wine-quality-red,fixed_acidity,rbf,condition_le_3_all,all,7,8,2.9999999999999982,2.590961997896875,2.9057204958927817e-16,True
development,wine-quality-red,free_sulfur_dioxide,rbf,condition_le_3_all,all,7,8,2.999999999999997,2.590961997896874,2.297084405852999e-16,True
development,wine-quality-red,pH,rbf,condition_le_3_all,all,7,8,2.999999999999999,2.5909619978968754,2.2707141680136447e-16,True
development,wine-quality-red,residual_sugar,rbf,condition_le_3_all,all,7,8,2.999999999999999,2.5909619978968754,2.6882865848238995e-16,True
development,wine-quality-red,sulphates,rbf,condition_le_3_all,all,7,8,3.0000000000000004,2.5909619978968763,2.4835182428113635e-16,True
development,wine-quality-red,total_sulfur_dioxide,rbf,condition_le_3_all,all,7,8,2.999999999999998,2.5909619978968728,2.239407809781075e-16,True
development,wine-quality-red,volatile_acidity,rbf,condition_le_3_all,all,7,8,2.9999999999999987,2.5909619978968754,2.068582624203711e-16,True
