experiment,dataset,model,seed,representation,regularizer,epoch,train_loss,val_loss
numeric_kappa,adult,mlp,0,numeric_kappa_1,standard,1,0.401810321966026,0.3202498140240607
numeric_kappa,adult,mlp,0,numeric_kappa_1,standard,2,0.30922543804827135,0.31151821650321526
numeric_kappa,adult,mlp,0,numeric_kappa_1,standard,3,0.29828870779759176,0.3109274573271704
numeric_kappa,adult,mlp,0,numeric_kappa_1,standard,4,0.29213952593487075,0.3082279506454609
numeric_kappa,adult,mlp,0,numeric_kappa_1,standard,5,0.2867152453640462,0.31304725400584676
numeric_kappa,adult,mlp,0,numeric_kappa_1,standard,6,0.2821553214762076,0.3167100536128765
numeric_kappa,adult,mlp,0,numeric_kappa_1,standard,7,0.2741239721857066,0.3278122737154389
numeric_kappa,adult,mlp,0,numeric_kappa_1,standard,8,0.26633007271576864,0.330741572113994
numeric_kappa,adult,mlp,0,numeric_kappa_1,standard,9,0.2611700797988976,0.3358868084907161
numeric_kappa,adult,mlp,0,numeric_kappa_1,standard,10,0.25373931752668843,0.33805239945269594
numeric_kappa,adult,mlp,0,numeric_kappa_1,standard,11,0.2470076395340575,0.3593355816655463
numeric_kappa,adult,mlp,0,numeric_kappa_1000,standard,1,0.47679448508513356,0.40959818093658634
numeric_kappa,adult,mlp,0,numeric_kappa_1000,standard,2,0.3846400916869283,0.3616153928183794
numeric_kappa,adult,mlp,0,numeric_kappa_1000,standard,3,0.3478278309033602,0.3474167909939966
numeric_kappa,adult,mlp,0,numeric_kappa_1000,standard,4,0.3277282219114702,0.3438157057373822
numeric_kappa,adult,mlp,0,numeric_kappa_1000,standard,5,0.31704574435290306,0.3501721006970061
numeric_kappa,adult,mlp,0,numeric_kappa_1000,standard,6,0.30932551732227315,0.33927858690482915
numeric_kappa,adult,mlp,0,numeric_kappa_1000,standard,7,0.3047618960426246,0.3353288992548827
numeric_kappa,adult,mlp,0,numeric_kappa_1000,standard,8,0.2965254469497784,0.3318661208971135
numeric_kappa,adult,mlp,0,numeric_kappa_1000,standard,9,0.29412459653484146,0.3340438548297977
numeric_kappa,adult,mlp,0,numeric_kappa_1000,standard,10,0.2904432367634129,0.3295887476377336
numeric_kappa,adult,mlp,0,numeric_kappa_1000,standard,11,0.2834149949087851,0.3414534975355472
numeric_kappa,adult,mlp,0,numeric_kappa_1000,standard,12,0.28266547982757156,0.3418600898737775
numeric_kappa,adult,mlp,0,numeric_kappa_1000,standard,13,0.275509474318502,0.33980912585076545
numeric_kappa,adult,mlp,0,numeric_kappa_1000,standard,14,0.27260368403404295,0.34773958089379176
numeric_kappa,adult,mlp,0,numeric_kappa_1000,standard,15,0.2649518072019338,0.3540603411132719
numeric_kappa,adult,mlp,0,numeric_kappa_1000,standard,16,0.26426150710196106,0.36636466168223747
numeric_kappa,adult,mlp,0,numeric_kappa_1000,standard,17,0.25651550878763785,0.354701065839075
numeric_kappa,adult,mlp,1,numeric_kappa_1,standard,1,0.39489900824185964,0.3179668023099748
numeric_kappa,adult,mlp,1,numeric_kappa_1,standard,2,0.3070539140877033,0.30864561463896395
numeric_kappa,adult,mlp,1,numeric_kappa_1,standard,3,0.29866926251231013,0.30965098610550196
numeric_kappa,adult,mlp,1,numeric_kappa_1,standard,4,0.2922813586286596,0.3126507879540204
numeric_kappa,adult,mlp,1,numeric_kappa_1,standard,5,0.2877092121274231,0.3089807079148667
numeric_kappa,adult,mlp,1,numeric_kappa_1,standard,6,0.2816505677430577,0.31193504894851315
numeric_kappa,adult,mlp,1,numeric_kappa_1,standard,7,0.274779880808378,0.3205307376141821
numeric_kappa,adult,mlp,1,numeric_kappa_1,standard,8,0.2680935000758206,0.32633413125762306
numeric_kappa,adult,mlp,1,numeric_kappa_1,standard,9,0.26030530408940095,0.3338799500534867
numeric_kappa,adult,mlp,2,numeric_kappa_1,standard,1,0.39771672358384,0.3217283228026143
numeric_kappa,adult,mlp,2,numeric_kappa_1,standard,2,0.3084710140778919,0.3128505730490351
numeric_kappa,adult,mlp,2,numeric_kappa_1,standard,3,0.29805900226061116,0.31064606282008256
numeric_kappa,adult,mlp,2,numeric_kappa_1,standard,4,0.29281110970042556,0.3081806530924096
numeric_kappa,adult,mlp,2,numeric_kappa_1,standard,5,0.28837000781839545,0.31043816610676467
numeric_kappa,adult,mlp,2,numeric_kappa_1,standard,6,0.2823726152612185,0.31129514689471915
numeric_kappa,adult,mlp,2,numeric_kappa_1,standard,7,0.2761706320308057,0.31987132207889635
numeric_kappa,adult,mlp,2,numeric_kappa_1,standard,8,0.27053743007727865,0.3266726410114503
numeric_kappa,adult,mlp,2,numeric_kappa_1,standard,9,0.2621206073708265,0.3309175205962649
numeric_kappa,adult,mlp,2,numeric_kappa_1,standard,10,0.25520142934831996,0.3513531154394402
numeric_kappa,adult,mlp,2,numeric_kappa_1,standard,11,0.24791283938457104,0.35218839224458187
numeric_kappa,adult,mlp,3,numeric_kappa_1,standard,1,0.39682931930778653,0.32042328581602125
numeric_kappa,adult,mlp,3,numeric_kappa_1,standard,2,0.3077266464508722,0.31098795525710327
numeric_kappa,adult,mlp,3,numeric_kappa_1,standard,3,0.29862421157904867,0.3095777949750205
numeric_kappa,adult,mlp,3,numeric_kappa_1,standard,4,0.2918647651443903,0.3087541104745986
numeric_kappa,adult,mlp,3,numeric_kappa_1,standard,5,0.28793833618960746,0.31326337070576327
numeric_kappa,adult,mlp,3,numeric_kappa_1,standard,6,0.28068960540417665,0.3148362271127897
numeric_kappa,adult,mlp,3,numeric_kappa_1,standard,7,0.2753229362372977,0.32774748144497684
numeric_kappa,adult,mlp,3,numeric_kappa_1,standard,8,0.2675995350762726,0.32381129526659214
numeric_kappa,adult,mlp,3,numeric_kappa_1,standard,9,0.26071873907668,0.3443281571939862
numeric_kappa,adult,mlp,3,numeric_kappa_1,standard,10,0.25506445406695843,0.342208471249604
numeric_kappa,adult,mlp,3,numeric_kappa_1,standard,11,0.24539083857501168,0.35434391735117093
numeric_kappa,adult,mlp,4,numeric_kappa_1,standard,1,0.39992458257979785,0.31983269203575704
numeric_kappa,adult,mlp,4,numeric_kappa_1,standard,2,0.30728874935857786,0.31078811551113705
numeric_kappa,adult,mlp,4,numeric_kappa_1,standard,3,0.2987993895568192,0.311523392432964
numeric_kappa,adult,mlp,4,numeric_kappa_1,standard,4,0.2939657363171074,0.3088470118393287
numeric_kappa,adult,mlp,4,numeric_kappa_1,standard,5,0.28816358858595903,0.31522904667919244
numeric_kappa,adult,mlp,4,numeric_kappa_1,standard,6,0.2811763159180156,0.31510915278092966
numeric_kappa,adult,mlp,4,numeric_kappa_1,standard,7,0.27521333398631515,0.3225398546507558
numeric_kappa,adult,mlp,4,numeric_kappa_1,standard,8,0.2684529760545829,0.32702782573418093
numeric_kappa,adult,mlp,4,numeric_kappa_1,standard,9,0.26081104382543074,0.3371968717707022
numeric_kappa,adult,mlp,4,numeric_kappa_1,standard,10,0.25348828033674553,0.33957738527945186
numeric_kappa,adult,mlp,4,numeric_kappa_1,standard,11,0.24911753793020505,0.3638327580787247
numeric_kappa,adult,mlp,0,numeric_kappa_3,standard,1,0.4051650187014362,0.32117108739964384
numeric_kappa,adult,mlp,0,numeric_kappa_3,standard,2,0.3095971122567132,0.3141470195708643
numeric_kappa,adult,mlp,0,numeric_kappa_3,standard,3,0.2990733021893138,0.3133163632671225
numeric_kappa,adult,mlp,0,numeric_kappa_3,standard,4,0.29205327552425187,0.31157529426617164
numeric_kappa,adult,mlp,0,numeric_kappa_3,standard,5,0.2867076819446807,0.31793066436023903
numeric_kappa,adult,mlp,0,numeric_kappa_3,standard,6,0.28296770195703247,0.320923587614442
numeric_kappa,adult,mlp,0,numeric_kappa_3,standard,7,0.2758965921343398,0.329688486634786
numeric_kappa,adult,mlp,0,numeric_kappa_3,standard,8,0.26923440393124515,0.3311121039933284
numeric_kappa,adult,mlp,0,numeric_kappa_3,standard,9,0.2648631978679348,0.3358811617085134
numeric_kappa,adult,mlp,0,numeric_kappa_3,standard,10,0.2580491141839461,0.3387118229858545
numeric_kappa,adult,mlp,0,numeric_kappa_3,standard,11,0.25185979994274765,0.35690681200864066
numeric_kappa,adult,mlp,1,numeric_kappa_3,standard,1,0.39851282826219786,0.31865288211793924
numeric_kappa,adult,mlp,1,numeric_kappa_3,standard,2,0.30762584569706086,0.31006935369558686
numeric_kappa,adult,mlp,1,numeric_kappa_3,standard,3,0.2986426928265968,0.3120702381771813
numeric_kappa,adult,mlp,1,numeric_kappa_3,standard,4,0.292899019741602,0.31592040974187774
numeric_kappa,adult,mlp,1,numeric_kappa_3,standard,5,0.2889909993225585,0.31262763286077266
numeric_kappa,adult,mlp,1,numeric_kappa_3,standard,6,0.28260100869054583,0.31515900450104817
numeric_kappa,adult,mlp,1,numeric_kappa_3,standard,7,0.2773407948837233,0.3228584753927775
numeric_kappa,adult,mlp,1,numeric_kappa_3,standard,8,0.27084161213047675,0.3260525909683964
numeric_kappa,adult,mlp,1,numeric_kappa_3,standard,9,0.26528996785677034,0.33153712138387736
numeric_kappa,adult,mlp,2,numeric_kappa_3,standard,1,0.4015285205782485,0.3223107671908004
numeric_kappa,adult,mlp,2,numeric_kappa_3,standard,2,0.3093927707660403,0.3145184715657376
numeric_kappa,adult,mlp,2,numeric_kappa_3,standard,3,0.2984728748733933,0.31165803062074715
numeric_kappa,adult,mlp,2,numeric_kappa_3,standard,4,0.2923970587130554,0.3113492859220666
numeric_kappa,adult,mlp,2,numeric_kappa_3,standard,5,0.28839961177593954,0.3146183846739816
numeric_kappa,adult,mlp,2,numeric_kappa_3,standard,6,0.2832085209777373,0.3161754909453448
numeric_kappa,adult,mlp,2,numeric_kappa_3,standard,7,0.27683889799973305,0.3225507981300296
numeric_kappa,adult,mlp,2,numeric_kappa_3,standard,8,0.27285573611388336,0.3275345118208266
numeric_kappa,adult,mlp,2,numeric_kappa_3,standard,9,0.26590428979156644,0.33096009810717897
numeric_kappa,adult,mlp,2,numeric_kappa_3,standard,10,0.25883870980077645,0.3542283305351198
numeric_kappa,adult,mlp,2,numeric_kappa_3,standard,11,0.253177543676456,0.34944559945658105
numeric_kappa,adult,mlp,3,numeric_kappa_3,standard,1,0.40173607434921826,0.3235794994809703
numeric_kappa,adult,mlp,3,numeric_kappa_3,standard,2,0.30834650239136063,0.3120432136616092
numeric_kappa,adult,mlp,3,numeric_kappa_3,standard,3,0.2991622995392989,0.31113128181746286
numeric_kappa,adult,mlp,3,numeric_kappa_3,standard,4,0.29238258796476324,0.3114583273796225
numeric_kappa,adult,mlp,3,numeric_kappa_3,standard,5,0.2884618422469577,0.3163902443215
numeric_kappa,adult,mlp,3,numeric_kappa_3,standard,6,0.28184798660090865,0.31647859062470324
numeric_kappa,adult,mlp,3,numeric_kappa_3,standard,7,0.2772687307446829,0.32763686793181523
numeric_kappa,adult,mlp,3,numeric_kappa_3,standard,8,0.2711294704924637,0.3220602054742513
numeric_kappa,adult,mlp,3,numeric_kappa_3,standard,9,0.2650769082714943,0.3403741899321481
numeric_kappa,adult,mlp,3,numeric_kappa_3,standard,10,0.25988766975719163,0.33589430543593807
numeric_kappa,adult,mlp,4,numeric_kappa_3,standard,1,0.4034975797889859,0.3217120222501551
numeric_kappa,adult,mlp,4,numeric_kappa_3,standard,2,0.30799618670922824,0.31638756110172617
numeric_kappa,adult,mlp,4,numeric_kappa_3,standard,3,0.29934375687371895,0.3152513719675871
numeric_kappa,adult,mlp,4,numeric_kappa_3,standard,4,0.293932936408303,0.3117399307967395
numeric_kappa,adult,mlp,4,numeric_kappa_3,standard,5,0.28818953872019887,0.3184898855364563
numeric_kappa,adult,mlp,4,numeric_kappa_3,standard,6,0.2819155346263539,0.3187955670015714
numeric_kappa,adult,mlp,4,numeric_kappa_3,standard,7,0.2767998762886413,0.3252259607300795
numeric_kappa,adult,mlp,4,numeric_kappa_3,standard,8,0.27053261733172274,0.32888116251969957
numeric_kappa,adult,mlp,4,numeric_kappa_3,standard,9,0.2643834919249982,0.33745350583832395
numeric_kappa,adult,mlp,4,numeric_kappa_3,standard,10,0.25711097031904967,0.3417159182158863
numeric_kappa,adult,mlp,4,numeric_kappa_3,standard,11,0.2528477890339179,0.3588222168404722
numeric_kappa,adult,mlp,0,numeric_kappa_10,standard,1,0.41511032417306737,0.32812868795810757
numeric_kappa,adult,mlp,0,numeric_kappa_10,standard,2,0.31364189157907735,0.32009389398355337
numeric_kappa,adult,mlp,0,numeric_kappa_10,standard,3,0.30086347812223785,0.31786657071124086
numeric_kappa,adult,mlp,0,numeric_kappa_10,standard,4,0.2942097663000702,0.3163343940784418
numeric_kappa,adult,mlp,0,numeric_kappa_10,standard,5,0.2886590747487633,0.32187927439450037
numeric_kappa,adult,mlp,0,numeric_kappa_10,standard,6,0.2856463918814788,0.32404418886838576
numeric_kappa,adult,mlp,0,numeric_kappa_10,standard,7,0.27898036122907877,0.32921595791005126
numeric_kappa,adult,mlp,0,numeric_kappa_10,standard,8,0.2741530259352644,0.3305544513468837
numeric_kappa,adult,mlp,0,numeric_kappa_10,standard,9,0.2696270474784204,0.3344798683032633
numeric_kappa,adult,mlp,0,numeric_kappa_10,standard,10,0.26373503490806505,0.3359273954851222
numeric_kappa,adult,mlp,0,numeric_kappa_10,standard,11,0.257354886511327,0.3487197521738208
numeric_kappa,adult,mlp,1,numeric_kappa_10,standard,1,0.40734448736071294,0.3267805331374875
numeric_kappa,adult,mlp,1,numeric_kappa_10,standard,2,0.31238313835727494,0.3150689682971126
numeric_kappa,adult,mlp,1,numeric_kappa_10,standard,3,0.3009722815684663,0.31469069485747503
numeric_kappa,adult,mlp,1,numeric_kappa_10,standard,4,0.2947236932905652,0.31973619069536613
numeric_kappa,adult,mlp,1,numeric_kappa_10,standard,5,0.29173921652742335,0.3161446987022783
numeric_kappa,adult,mlp,1,numeric_kappa_10,standard,6,0.2856855242346077,0.3177218019508717
numeric_kappa,adult,mlp,1,numeric_kappa_10,standard,7,0.28194065007589375,0.32258048943031814
numeric_kappa,adult,mlp,1,numeric_kappa_10,standard,8,0.27574201664116227,0.3239841023170214
numeric_kappa,adult,mlp,1,numeric_kappa_10,standard,9,0.27180106158045647,0.32958562930868873
numeric_kappa,adult,mlp,1,numeric_kappa_10,standard,10,0.26591837764957904,0.3292395626542458
numeric_kappa,adult,mlp,2,numeric_kappa_10,standard,1,0.41044915894032696,0.3282598418287245
numeric_kappa,adult,mlp,2,numeric_kappa_10,standard,2,0.3134498075566069,0.318242377842343
numeric_kappa,adult,mlp,2,numeric_kappa_10,standard,3,0.30096625593429116,0.3151643071026883
numeric_kappa,adult,mlp,2,numeric_kappa_10,standard,4,0.29432774893481845,0.31523611437144605
numeric_kappa,adult,mlp,2,numeric_kappa_10,standard,5,0.2903385964892713,0.3187742610742807
numeric_kappa,adult,mlp,2,numeric_kappa_10,standard,6,0.2868757649926647,0.3174158240807611
numeric_kappa,adult,mlp,2,numeric_kappa_10,standard,7,0.2803954394209297,0.3232825997866651
numeric_kappa,adult,mlp,2,numeric_kappa_10,standard,8,0.2772599330917916,0.32716051260918366
numeric_kappa,adult,mlp,2,numeric_kappa_10,standard,9,0.27176856174515857,0.3298525059907188
numeric_kappa,adult,mlp,2,numeric_kappa_10,standard,10,0.2661070890303619,0.3464846888582065
numeric_kappa,adult,mlp,3,numeric_kappa_10,standard,1,0.4132089373959956,0.3298341920535962
numeric_kappa,adult,mlp,3,numeric_kappa_10,standard,2,0.3119341663705043,0.3154491169237827
numeric_kappa,adult,mlp,3,numeric_kappa_10,standard,3,0.3015106356993354,0.3141841012451771
numeric_kappa,adult,mlp,3,numeric_kappa_10,standard,4,0.29460423423265647,0.31494275743074535
numeric_kappa,adult,mlp,3,numeric_kappa_10,standard,5,0.2908414121927735,0.31903076487105114
numeric_kappa,adult,mlp,3,numeric_kappa_10,standard,6,0.28517491174564313,0.31686065615204395
numeric_kappa,adult,mlp,3,numeric_kappa_10,standard,7,0.2813947531749341,0.3252853877906399
numeric_kappa,adult,mlp,3,numeric_kappa_10,standard,8,0.2766560308763378,0.32561584944359717
numeric_kappa,adult,mlp,3,numeric_kappa_10,standard,9,0.27183823122732176,0.33523617965372876
numeric_kappa,adult,mlp,3,numeric_kappa_10,standard,10,0.26728837254299287,0.33303503620781
numeric_kappa,adult,mlp,4,numeric_kappa_10,standard,1,0.41136497757065793,0.32761151151316764
numeric_kappa,adult,mlp,4,numeric_kappa_10,standard,2,0.31217197323314094,0.32074256575358706
numeric_kappa,adult,mlp,4,numeric_kappa_10,standard,3,0.3020551067751807,0.32101674230577015
numeric_kappa,adult,mlp,4,numeric_kappa_10,standard,4,0.29629736055027356,0.3144138582533621
numeric_kappa,adult,mlp,4,numeric_kappa_10,standard,5,0.290772710736905,0.32106977766940814
numeric_kappa,adult,mlp,4,numeric_kappa_10,standard,6,0.28601965893984427,0.3198347805307296
numeric_kappa,adult,mlp,4,numeric_kappa_10,standard,7,0.2813011881613907,0.32446410393559444
numeric_kappa,adult,mlp,4,numeric_kappa_10,standard,8,0.27680014428986965,0.32692549161552004
numeric_kappa,adult,mlp,4,numeric_kappa_10,standard,9,0.27137813865406213,0.3320907333783966
numeric_kappa,adult,mlp,4,numeric_kappa_10,standard,10,0.2653020384563568,0.3386083054246282
numeric_kappa,adult,mlp,4,numeric_kappa_10,standard,11,0.2617997230563761,0.3460714669158882
numeric_kappa,adult,mlp,0,numeric_kappa_30,standard,1,0.4271151810811251,0.3386887353210057
numeric_kappa,adult,mlp,0,numeric_kappa_30,standard,2,0.32198168487455103,0.3275187392342454
numeric_kappa,adult,mlp,0,numeric_kappa_30,standard,3,0.3054164425453917,0.32226319540604736
numeric_kappa,adult,mlp,0,numeric_kappa_30,standard,4,0.2984194508055797,0.31881312581627125
numeric_kappa,adult,mlp,0,numeric_kappa_30,standard,5,0.29187045877922957,0.3256991257132806
numeric_kappa,adult,mlp,0,numeric_kappa_30,standard,6,0.2895555210640741,0.32769759213867783
numeric_kappa,adult,mlp,0,numeric_kappa_30,standard,7,0.2822387331240886,0.3297111693559136
numeric_kappa,adult,mlp,0,numeric_kappa_30,standard,8,0.27754354982176926,0.3312086139682648
numeric_kappa,adult,mlp,0,numeric_kappa_30,standard,9,0.2736577348422067,0.3347311052061785
numeric_kappa,adult,mlp,0,numeric_kappa_30,standard,10,0.26795239003343135,0.33383306428219833
numeric_kappa,adult,mlp,0,numeric_kappa_30,standard,11,0.2603076792319811,0.3493889418090356
numeric_kappa,adult,mlp,1,numeric_kappa_30,standard,1,0.4235498212479256,0.3407005441354828
numeric_kappa,adult,mlp,1,numeric_kappa_30,standard,2,0.32107602978807115,0.31970559476610416
numeric_kappa,adult,mlp,1,numeric_kappa_30,standard,3,0.30527747241226405,0.31644541229632867
numeric_kappa,adult,mlp,1,numeric_kappa_30,standard,4,0.2979850826157985,0.32491401245664303
numeric_kappa,adult,mlp,1,numeric_kappa_30,standard,5,0.29423155772891035,0.32042811464794013
numeric_kappa,adult,mlp,1,numeric_kappa_30,standard,6,0.2893501261674801,0.3213324019096567
numeric_kappa,adult,mlp,1,numeric_kappa_30,standard,7,0.284650267195643,0.32249666047668496
numeric_kappa,adult,mlp,1,numeric_kappa_30,standard,8,0.27849788528109654,0.3241260159932273
numeric_kappa,adult,mlp,1,numeric_kappa_30,standard,9,0.2744667910826587,0.3312630395324084
numeric_kappa,adult,mlp,1,numeric_kappa_30,standard,10,0.2692718743838608,0.3322900314928685
numeric_kappa,adult,mlp,2,numeric_kappa_30,standard,1,0.42307303424842235,0.34169871216538195
numeric_kappa,adult,mlp,2,numeric_kappa_30,standard,2,0.321742862755895,0.3247195357039343
numeric_kappa,adult,mlp,2,numeric_kappa_30,standard,3,0.30551880085497585,0.3190486657652689
numeric_kappa,adult,mlp,2,numeric_kappa_30,standard,4,0.2992485462154745,0.32222526608158925
numeric_kappa,adult,mlp,2,numeric_kappa_30,standard,5,0.2931373396874646,0.322939566863047
numeric_kappa,adult,mlp,2,numeric_kappa_30,standard,6,0.28995642966661755,0.3182612169241944
numeric_kappa,adult,mlp,2,numeric_kappa_30,standard,7,0.2835631754972425,0.324634795527177
numeric_kappa,adult,mlp,2,numeric_kappa_30,standard,8,0.2812198925516236,0.3276913793165821
numeric_kappa,adult,mlp,2,numeric_kappa_30,standard,9,0.2752539466434966,0.3305640407573867
numeric_kappa,adult,mlp,2,numeric_kappa_30,standard,10,0.270825968766974,0.34133430164877965
numeric_kappa,adult,mlp,2,numeric_kappa_30,standard,11,0.26406077919779597,0.34307331944917774
numeric_kappa,adult,mlp,2,numeric_kappa_30,standard,12,0.25815107019879013,0.34397114982150173
numeric_kappa,adult,mlp,2,numeric_kappa_30,standard,13,0.2524630986794793,0.3624401548851073
numeric_kappa,adult,mlp,3,numeric_kappa_30,standard,1,0.43144013701551376,0.33920442054822064
numeric_kappa,adult,mlp,3,numeric_kappa_30,standard,2,0.31918833728797313,0.3195115107913497
numeric_kappa,adult,mlp,3,numeric_kappa_30,standard,3,0.30578946832942727,0.3179161252421637
numeric_kappa,adult,mlp,3,numeric_kappa_30,standard,4,0.29869453217239283,0.3175881314833207
numeric_kappa,adult,mlp,3,numeric_kappa_30,standard,5,0.2935940026504695,0.3227823266480037
numeric_kappa,adult,mlp,3,numeric_kappa_30,standard,6,0.2879548244159989,0.31875998042941656
numeric_kappa,adult,mlp,3,numeric_kappa_30,standard,7,0.2844837056770372,0.3278618525160287
numeric_kappa,adult,mlp,3,numeric_kappa_30,standard,8,0.27962143078483,0.32886256184752777
numeric_kappa,adult,mlp,3,numeric_kappa_30,standard,9,0.27464530750633165,0.3368005087278089
numeric_kappa,adult,mlp,3,numeric_kappa_30,standard,10,0.2697382830724084,0.3397256698298679
numeric_kappa,adult,mlp,3,numeric_kappa_30,standard,11,0.26479134161290724,0.3351954079007976
numeric_kappa,adult,mlp,4,numeric_kappa_30,standard,1,0.4243386275059468,0.3383062330157272
numeric_kappa,adult,mlp,4,numeric_kappa_30,standard,2,0.3211740991993091,0.32420356463174504
numeric_kappa,adult,mlp,4,numeric_kappa_30,standard,3,0.30679014142080957,0.3293417942693206
numeric_kappa,adult,mlp,4,numeric_kappa_30,standard,4,0.2998548497146119,0.31839567877078634
numeric_kappa,adult,mlp,4,numeric_kappa_30,standard,5,0.29414250011526105,0.3245287147831559
numeric_kappa,adult,mlp,4,numeric_kappa_30,standard,6,0.28994939924750923,0.32089939760185976
numeric_kappa,adult,mlp,4,numeric_kappa_30,standard,7,0.2845041161673075,0.3259101534020132
numeric_kappa,adult,mlp,4,numeric_kappa_30,standard,8,0.2814842496955131,0.3277409391159764
numeric_kappa,adult,mlp,4,numeric_kappa_30,standard,9,0.2750625519553332,0.3290818759006142
numeric_kappa,adult,mlp,4,numeric_kappa_30,standard,10,0.2687663740549392,0.3353095282746204
numeric_kappa,adult,mlp,4,numeric_kappa_30,standard,11,0.2642426756588188,0.3394080369082042
numeric_kappa,adult,mlp,0,numeric_kappa_100,standard,1,0.43869905177439755,0.3528623644956628
numeric_kappa,adult,mlp,0,numeric_kappa_100,standard,2,0.33566343762364964,0.3379309963545695
numeric_kappa,adult,mlp,0,numeric_kappa_100,standard,3,0.3132658286674603,0.3275887402983983
numeric_kappa,adult,mlp,0,numeric_kappa_100,standard,4,0.30348031043420554,0.3243824124154965
numeric_kappa,adult,mlp,0,numeric_kappa_100,standard,5,0.2978450852910775,0.3304118045452875
numeric_kappa,adult,mlp,0,numeric_kappa_100,standard,6,0.29457006700501687,0.33292123122307654
numeric_kappa,adult,mlp,0,numeric_kappa_100,standard,7,0.2871692201136371,0.3346589006848343
numeric_kappa,adult,mlp,0,numeric_kappa_100,standard,8,0.2803624029241557,0.33146924463278726
numeric_kappa,adult,mlp,0,numeric_kappa_100,standard,9,0.2769197553615898,0.33658645715868385
numeric_kappa,adult,mlp,0,numeric_kappa_100,standard,10,0.27227200307775773,0.3364404853965371
numeric_kappa,adult,mlp,0,numeric_kappa_100,standard,11,0.2630328547017287,0.3466529073583805
numeric_kappa,adult,mlp,1,numeric_kappa_100,standard,1,0.4431259115878721,0.35945587688702296
numeric_kappa,adult,mlp,1,numeric_kappa_100,standard,2,0.33684633924861507,0.32931664846695313
numeric_kappa,adult,mlp,1,numeric_kappa_100,standard,3,0.3124531976860337,0.32297203933809815
numeric_kappa,adult,mlp,1,numeric_kappa_100,standard,4,0.3036271730570594,0.33372669132524896
numeric_kappa,adult,mlp,1,numeric_kappa_100,standard,5,0.2980669225023771,0.330165612617282
numeric_kappa,adult,mlp,1,numeric_kappa_100,standard,6,0.29364352510367914,0.32373971945454666
numeric_kappa,adult,mlp,1,numeric_kappa_100,standard,7,0.2874235923079366,0.326914579207367
numeric_kappa,adult,mlp,1,numeric_kappa_100,standard,8,0.2803273953735389,0.32748158056819754
numeric_kappa,adult,mlp,1,numeric_kappa_100,standard,9,0.27669193374144063,0.3348272896981239
numeric_kappa,adult,mlp,1,numeric_kappa_100,standard,10,0.27162874857975167,0.3348465467039952
numeric_kappa,adult,mlp,2,numeric_kappa_100,standard,1,0.44001497295330433,0.36727167477684597
numeric_kappa,adult,mlp,2,numeric_kappa_100,standard,2,0.3382267454771796,0.33460984613224015
numeric_kappa,adult,mlp,2,numeric_kappa_100,standard,3,0.3147068605815456,0.3285051979500662
numeric_kappa,adult,mlp,2,numeric_kappa_100,standard,4,0.30781084767723554,0.32917145531226505
numeric_kappa,adult,mlp,2,numeric_kappa_100,standard,5,0.29749161026987453,0.3289066959675561
numeric_kappa,adult,mlp,2,numeric_kappa_100,standard,6,0.2944189723059352,0.3219822790587194
numeric_kappa,adult,mlp,2,numeric_kappa_100,standard,7,0.2871740721074603,0.32488661830731
numeric_kappa,adult,mlp,2,numeric_kappa_100,standard,8,0.2845505450369392,0.3294152587725362
numeric_kappa,adult,mlp,2,numeric_kappa_100,standard,9,0.2780725778027893,0.33258787418006297
numeric_kappa,adult,mlp,2,numeric_kappa_100,standard,10,0.27365306290713226,0.3391544162792702
numeric_kappa,adult,mlp,2,numeric_kappa_100,standard,11,0.2663203311640156,0.34312250070621175
numeric_kappa,adult,mlp,2,numeric_kappa_100,standard,12,0.25877075530680155,0.3470952495635195
numeric_kappa,adult,mlp,2,numeric_kappa_100,standard,13,0.25410297644812,0.3640119603273118
numeric_kappa,adult,mlp,3,numeric_kappa_100,standard,1,0.45068694244731555,0.3563555526342731
numeric_kappa,adult,mlp,3,numeric_kappa_100,standard,2,0.33326528801671995,0.32636413205425824
numeric_kappa,adult,mlp,3,numeric_kappa_100,standard,3,0.3135327562067374,0.32515745456191963
numeric_kappa,adult,mlp,3,numeric_kappa_100,standard,4,0.30497536597732244,0.32531490512412004
numeric_kappa,adult,mlp,3,numeric_kappa_100,standard,5,0.2982018568006136,0.32800860217172817
numeric_kappa,adult,mlp,3,numeric_kappa_100,standard,6,0.2910018450505025,0.3247883597882738
numeric_kappa,adult,mlp,3,numeric_kappa_100,standard,7,0.28820795230842045,0.32972340310090054
numeric_kappa,adult,mlp,3,numeric_kappa_100,standard,8,0.282689308797991,0.33309449525598384
numeric_kappa,adult,mlp,3,numeric_kappa_100,standard,9,0.2760522728030746,0.3427440941917149
numeric_kappa,adult,mlp,3,numeric_kappa_100,standard,10,0.27043973923608183,0.3477417608329961
numeric_kappa,adult,mlp,3,numeric_kappa_100,standard,11,0.2645195498513355,0.34241899125319375
numeric_kappa,adult,mlp,3,numeric_kappa_100,standard,12,0.25685460920415876,0.3510423423685582
numeric_kappa,adult,mlp,3,numeric_kappa_100,standard,13,0.24830786030767005,0.36064802488014464
numeric_kappa,adult,mlp,4,numeric_kappa_100,standard,1,0.44348007733464534,0.355906394743282
numeric_kappa,adult,mlp,4,numeric_kappa_100,standard,2,0.33600688617703955,0.3328507481028802
numeric_kappa,adult,mlp,4,numeric_kappa_100,standard,3,0.31469332856979654,0.3360198603540577
numeric_kappa,adult,mlp,4,numeric_kappa_100,standard,4,0.3051852364212055,0.3265495325347509
numeric_kappa,adult,mlp,4,numeric_kappa_100,standard,5,0.2989150736050758,0.3298126505942614
numeric_kappa,adult,mlp,4,numeric_kappa_100,standard,6,0.293791568908996,0.32435996464507083
numeric_kappa,adult,mlp,4,numeric_kappa_100,standard,7,0.28767736523391574,0.3282592601844234
numeric_kappa,adult,mlp,4,numeric_kappa_100,standard,8,0.2857451216301695,0.33192737349057805
numeric_kappa,adult,mlp,4,numeric_kappa_100,standard,9,0.27686157053752963,0.3334857637876779
numeric_kappa,adult,mlp,4,numeric_kappa_100,standard,10,0.2717416600601093,0.34007252598936333
numeric_kappa,adult,mlp,4,numeric_kappa_100,standard,11,0.2668796372062158,0.34301904060928384
numeric_kappa,adult,mlp,4,numeric_kappa_100,standard,12,0.2598243569932347,0.3481955119398452
numeric_kappa,adult,mlp,4,numeric_kappa_100,standard,13,0.2504859582065657,0.36352006992183167
numeric_kappa,adult,mlp,0,numeric_kappa_300,standard,1,0.4532504340940377,0.3741806188002801
numeric_kappa,adult,mlp,0,numeric_kappa_300,standard,2,0.3537357156634038,0.3431880667717929
numeric_kappa,adult,mlp,0,numeric_kappa_300,standard,3,0.32556667228295705,0.33361798075236565
numeric_kappa,adult,mlp,0,numeric_kappa_300,standard,4,0.31141757591643554,0.3321602897763908
numeric_kappa,adult,mlp,0,numeric_kappa_300,standard,5,0.3050915232747427,0.3397984329223
numeric_kappa,adult,mlp,0,numeric_kappa_300,standard,6,0.2999559327484056,0.3306777996768342
numeric_kappa,adult,mlp,0,numeric_kappa_300,standard,7,0.29347377056278817,0.33439413144151836
numeric_kappa,adult,mlp,0,numeric_kappa_300,standard,8,0.2855234461715239,0.33069378435557384
numeric_kappa,adult,mlp,0,numeric_kappa_300,standard,9,0.28413690945147296,0.3334315775622419
numeric_kappa,adult,mlp,0,numeric_kappa_300,standard,10,0.28057577217533197,0.3343887384300369
numeric_kappa,adult,mlp,0,numeric_kappa_300,standard,11,0.27170629385648254,0.3419334457963298
numeric_kappa,adult,mlp,0,numeric_kappa_300,standard,12,0.2688834771184429,0.3483557312854852
numeric_kappa,adult,mlp,0,numeric_kappa_300,standard,13,0.26200319434852504,0.34957053434809615
numeric_kappa,adult,mlp,1,numeric_kappa_300,standard,1,0.460295138107178,0.3815167381052224
numeric_kappa,adult,mlp,1,numeric_kappa_300,standard,2,0.3560667499277457,0.3467221878657243
numeric_kappa,adult,mlp,1,numeric_kappa_300,standard,3,0.3238540410409688,0.33245925384312924
numeric_kappa,adult,mlp,1,numeric_kappa_300,standard,4,0.3122925521114827,0.343608340846506
numeric_kappa,adult,mlp,1,numeric_kappa_300,standard,5,0.3042307641787377,0.33766883228414274
numeric_kappa,adult,mlp,1,numeric_kappa_300,standard,6,0.29921853271397675,0.32822359234062487
numeric_kappa,adult,mlp,1,numeric_kappa_300,standard,7,0.29313201751990164,0.3295574719176476
numeric_kappa,adult,mlp,1,numeric_kappa_300,standard,8,0.2876029384370518,0.32913539323461666
numeric_kappa,adult,mlp,1,numeric_kappa_300,standard,9,0.2817340909116684,0.334524206904867
numeric_kappa,adult,mlp,1,numeric_kappa_300,standard,10,0.2783860871774266,0.3347072096402259
numeric_kappa,adult,mlp,1,numeric_kappa_300,standard,11,0.271842859886788,0.34710019831337713
numeric_kappa,adult,mlp,1,numeric_kappa_300,standard,12,0.2690376277637716,0.3429760111236724
numeric_kappa,adult,mlp,1,numeric_kappa_300,standard,13,0.25815435650893453,0.35865720230990034
numeric_kappa,adult,mlp,2,numeric_kappa_300,standard,1,0.459118241906459,0.3857638103998645
numeric_kappa,adult,mlp,2,numeric_kappa_300,standard,2,0.35747341522420656,0.3452846623149441
numeric_kappa,adult,mlp,2,numeric_kappa_300,standard,3,0.3279049219311895,0.33779632542381866
numeric_kappa,adult,mlp,2,numeric_kappa_300,standard,4,0.3162043784408663,0.33542100305282596
numeric_kappa,adult,mlp,2,numeric_kappa_300,standard,5,0.3044033082023592,0.33281316586965015
numeric_kappa,adult,mlp,2,numeric_kappa_300,standard,6,0.30000356213173646,0.32731463311766934
numeric_kappa,adult,mlp,2,numeric_kappa_300,standard,7,0.29216498217067205,0.3253117833348227
numeric_kappa,adult,mlp,2,numeric_kappa_300,standard,8,0.28921659477512723,0.3338400198767373
numeric_kappa,adult,mlp,2,numeric_kappa_300,standard,9,0.28441574342127807,0.3325384435243902
numeric_kappa,adult,mlp,2,numeric_kappa_300,standard,10,0.2791675084638947,0.33921690372869934
numeric_kappa,adult,mlp,2,numeric_kappa_300,standard,11,0.27418848645189176,0.34351212519589064
numeric_kappa,adult,mlp,2,numeric_kappa_300,standard,12,0.26721624418617174,0.3400917537015728
numeric_kappa,adult,mlp,2,numeric_kappa_300,standard,13,0.26210278697330186,0.3567885198647574
numeric_kappa,adult,mlp,2,numeric_kappa_300,standard,14,0.2554015575082062,0.3505457533530986
numeric_kappa,adult,mlp,3,numeric_kappa_300,standard,1,0.4666912498579564,0.38160373808098297
numeric_kappa,adult,mlp,3,numeric_kappa_300,standard,2,0.3528113240691895,0.33749160529165323
numeric_kappa,adult,mlp,3,numeric_kappa_300,standard,3,0.3247683831016906,0.3329130200157599
numeric_kappa,adult,mlp,3,numeric_kappa_300,standard,4,0.3137742592895939,0.3337709735658454
numeric_kappa,adult,mlp,3,numeric_kappa_300,standard,5,0.30549045452614676,0.33416572033637104
numeric_kappa,adult,mlp,3,numeric_kappa_300,standard,6,0.2962565755961275,0.32956843443877964
numeric_kappa,adult,mlp,3,numeric_kappa_300,standard,7,0.29331017009163374,0.32992023383777497
numeric_kappa,adult,mlp,3,numeric_kappa_300,standard,8,0.28900020523797676,0.33690966383499216
numeric_kappa,adult,mlp,3,numeric_kappa_300,standard,9,0.28127436694993435,0.3396892840183165
numeric_kappa,adult,mlp,3,numeric_kappa_300,standard,10,0.27850682846744174,0.34546998762751924
numeric_kappa,adult,mlp,3,numeric_kappa_300,standard,11,0.2731791943384916,0.3427078229061501
numeric_kappa,adult,mlp,3,numeric_kappa_300,standard,12,0.26577450309397255,0.34670616316467573
numeric_kappa,adult,mlp,3,numeric_kappa_300,standard,13,0.25976703515509714,0.35784155236722487
numeric_kappa,adult,mlp,4,numeric_kappa_300,standard,1,0.460886976789198,0.38298146998125876
numeric_kappa,adult,mlp,4,numeric_kappa_300,standard,2,0.3547838046158268,0.3495818852972674
numeric_kappa,adult,mlp,4,numeric_kappa_300,standard,3,0.32698482560584236,0.3421208787964824
numeric_kappa,adult,mlp,4,numeric_kappa_300,standard,4,0.3121149044218462,0.3315690623656775
numeric_kappa,adult,mlp,4,numeric_kappa_300,standard,5,0.30552153629811446,0.3400476725467388
numeric_kappa,adult,mlp,4,numeric_kappa_300,standard,6,0.29884891838054983,0.3305665309949764
numeric_kappa,adult,mlp,4,numeric_kappa_300,standard,7,0.29347143360672184,0.3370974545874897
numeric_kappa,adult,mlp,4,numeric_kappa_300,standard,8,0.29115035851698834,0.3319605104910552
numeric_kappa,adult,mlp,4,numeric_kappa_300,standard,9,0.28163471825292713,0.338070890394003
numeric_kappa,adult,mlp,4,numeric_kappa_300,standard,10,0.27816498667660744,0.33860788055846336
numeric_kappa,adult,mlp,4,numeric_kappa_300,standard,11,0.2740542930379254,0.33900195269727423
numeric_kappa,adult,mlp,4,numeric_kappa_300,standard,12,0.26859244052549547,0.34273133413228357
numeric_kappa,adult,mlp,4,numeric_kappa_300,standard,13,0.2619743517048529,0.35719563479446914
numeric_kappa,adult,mlp,1,numeric_kappa_1000,standard,1,0.47906648578163447,0.4162254732573907
numeric_kappa,adult,mlp,1,numeric_kappa_1000,standard,2,0.38835071162744,0.37359683458525206
numeric_kappa,adult,mlp,1,numeric_kappa_1000,standard,3,0.34526164943228776,0.3481678266475097
numeric_kappa,adult,mlp,1,numeric_kappa_1000,standard,4,0.32854166751411684,0.3520369821694365
numeric_kappa,adult,mlp,1,numeric_kappa_1000,standard,5,0.3154053997788441,0.3435494908154847
numeric_kappa,adult,mlp,1,numeric_kappa_1000,standard,6,0.3084883657661644,0.33331297256665443
numeric_kappa,adult,mlp,1,numeric_kappa_1000,standard,7,0.30450376297097825,0.3344347541526733
numeric_kappa,adult,mlp,1,numeric_kappa_1000,standard,8,0.2982228266519176,0.33451897684576826
numeric_kappa,adult,mlp,1,numeric_kappa_1000,standard,9,0.2919685554299366,0.3378573004131297
numeric_kappa,adult,mlp,1,numeric_kappa_1000,standard,10,0.2898381252839466,0.34150987339966377
numeric_kappa,adult,mlp,1,numeric_kappa_1000,standard,11,0.28491461101269544,0.35247987136759923
numeric_kappa,adult,mlp,1,numeric_kappa_1000,standard,12,0.2825946818112741,0.3423202267717249
numeric_kappa,adult,mlp,1,numeric_kappa_1000,standard,13,0.27285082070774763,0.3609751043010321
numeric_kappa,adult,mlp,2,numeric_kappa_1000,standard,1,0.4820726700584777,0.4288335441164723
numeric_kappa,adult,mlp,2,numeric_kappa_1000,standard,2,0.39112104903860817,0.36656297086598316
numeric_kappa,adult,mlp,2,numeric_kappa_1000,standard,3,0.3525058600767825,0.35059092580700024
numeric_kappa,adult,mlp,2,numeric_kappa_1000,standard,4,0.33118392457540263,0.34669857379692237
numeric_kappa,adult,mlp,2,numeric_kappa_1000,standard,5,0.3183328433177395,0.3389208062972268
numeric_kappa,adult,mlp,2,numeric_kappa_1000,standard,6,0.312605372737608,0.3331895862400404
numeric_kappa,adult,mlp,2,numeric_kappa_1000,standard,7,0.3031392654710671,0.3293567514454365
numeric_kappa,adult,mlp,2,numeric_kappa_1000,standard,8,0.29892265247478533,0.33886420126591654
numeric_kappa,adult,mlp,2,numeric_kappa_1000,standard,9,0.2965759007438688,0.3374132195180097
numeric_kappa,adult,mlp,2,numeric_kappa_1000,standard,10,0.2875351987834059,0.334989493723186
numeric_kappa,adult,mlp,2,numeric_kappa_1000,standard,11,0.28462306097040013,0.34073495705059514
numeric_kappa,adult,mlp,2,numeric_kappa_1000,standard,12,0.2789655294845965,0.3373615086456313
numeric_kappa,adult,mlp,2,numeric_kappa_1000,standard,13,0.27477371853751104,0.3457515126426901
numeric_kappa,adult,mlp,2,numeric_kappa_1000,standard,14,0.2669118177832198,0.347334485336592
numeric_kappa,adult,mlp,3,numeric_kappa_1000,standard,1,0.4843369773623398,0.4204207191007972
numeric_kappa,adult,mlp,3,numeric_kappa_1000,standard,2,0.38650858841598473,0.35913676201560774
numeric_kappa,adult,mlp,3,numeric_kappa_1000,standard,3,0.3474464307399581,0.34544153014284873
numeric_kappa,adult,mlp,3,numeric_kappa_1000,standard,4,0.33097076189020047,0.34542758911736104
numeric_kappa,adult,mlp,3,numeric_kappa_1000,standard,5,0.3199714597232219,0.3425294133500773
numeric_kappa,adult,mlp,3,numeric_kappa_1000,standard,6,0.3087784312573932,0.3370164639663464
numeric_kappa,adult,mlp,3,numeric_kappa_1000,standard,7,0.3041259501431439,0.33577008349954945
numeric_kappa,adult,mlp,3,numeric_kappa_1000,standard,8,0.2994280642022079,0.33812359345888005
numeric_kappa,adult,mlp,3,numeric_kappa_1000,standard,9,0.29130482226976306,0.34046881348421437
numeric_kappa,adult,mlp,3,numeric_kappa_1000,standard,10,0.29112449720392064,0.34140371067604197
numeric_kappa,adult,mlp,3,numeric_kappa_1000,standard,11,0.28349485568683913,0.3398572599478825
numeric_kappa,adult,mlp,3,numeric_kappa_1000,standard,12,0.2794422804577052,0.34293917377613753
numeric_kappa,adult,mlp,3,numeric_kappa_1000,standard,13,0.2756911613578,0.3524888525478274
numeric_kappa,adult,mlp,3,numeric_kappa_1000,standard,14,0.2704642970819731,0.35577877690944937
numeric_kappa,adult,mlp,4,numeric_kappa_1000,standard,1,0.4782491994138432,0.4183136763468494
numeric_kappa,adult,mlp,4,numeric_kappa_1000,standard,2,0.38563559850545126,0.37400048443937645
numeric_kappa,adult,mlp,4,numeric_kappa_1000,standard,3,0.3484300065245617,0.35262806560705406
numeric_kappa,adult,mlp,4,numeric_kappa_1000,standard,4,0.32735427694180086,0.3421529032273626
numeric_kappa,adult,mlp,4,numeric_kappa_1000,standard,5,0.3188554689983771,0.3511616312846399
numeric_kappa,adult,mlp,4,numeric_kappa_1000,standard,6,0.3086536578669302,0.33696823675390636
numeric_kappa,adult,mlp,4,numeric_kappa_1000,standard,7,0.3038900922205876,0.34801340190103197
numeric_kappa,adult,mlp,4,numeric_kappa_1000,standard,8,0.3000668163528021,0.3351655512341126
numeric_kappa,adult,mlp,4,numeric_kappa_1000,standard,9,0.29445703316672134,0.3435507470101284
numeric_kappa,adult,mlp,4,numeric_kappa_1000,standard,10,0.2898506894158497,0.33709422526039784
numeric_kappa,adult,mlp,4,numeric_kappa_1000,standard,11,0.2863661646110713,0.33509929562891816
numeric_kappa,adult,mlp,4,numeric_kappa_1000,standard,12,0.2809474440405937,0.3414909164845905
numeric_kappa,adult,mlp,4,numeric_kappa_1000,standard,13,0.27826538235315235,0.3499398057390713
numeric_kappa,adult,mlp,4,numeric_kappa_1000,standard,14,0.27748827786351893,0.3463422604179539
numeric_kappa,adult,mlp,4,numeric_kappa_1000,standard,15,0.26670853497062325,0.35067263079978483
numeric_kappa,adult,mlp,4,numeric_kappa_1000,standard,16,0.26413027228242936,0.35564132921150754
numeric_kappa,adult,mlp,4,numeric_kappa_1000,standard,17,0.25851046072470174,0.35955489110446
numeric_kappa,adult,mlp,4,numeric_kappa_1000,standard,18,0.2521114362545623,0.3658269533520093
numeric_kappa,adult,mlp,0,numeric_kappa_3000,standard,1,0.49898302437925224,0.4377604329545739
numeric_kappa,adult,mlp,0,numeric_kappa_3000,standard,2,0.4179900059389541,0.39099121418635385
numeric_kappa,adult,mlp,0,numeric_kappa_3000,standard,3,0.37821123025926967,0.3731915567690196
numeric_kappa,adult,mlp,0,numeric_kappa_3000,standard,4,0.35304707493770326,0.36053447445028325
numeric_kappa,adult,mlp,0,numeric_kappa_3000,standard,5,0.337080495290147,0.35525694453194556
numeric_kappa,adult,mlp,0,numeric_kappa_3000,standard,6,0.32754925032505533,0.35214008044485856
numeric_kappa,adult,mlp,0,numeric_kappa_3000,standard,7,0.32018718797100265,0.3409061253336097
numeric_kappa,adult,mlp,0,numeric_kappa_3000,standard,8,0.3111119387483714,0.3411091843509303
numeric_kappa,adult,mlp,0,numeric_kappa_3000,standard,9,0.30928000090163227,0.34021692909167317
numeric_kappa,adult,mlp,0,numeric_kappa_3000,standard,10,0.3040950837240758,0.3334407100660458
numeric_kappa,adult,mlp,0,numeric_kappa_3000,standard,11,0.2970938082116242,0.3407673417527993
numeric_kappa,adult,mlp,0,numeric_kappa_3000,standard,12,0.2970740113416526,0.34402031907387415
numeric_kappa,adult,mlp,0,numeric_kappa_3000,standard,13,0.291634326704597,0.3417827858633913
numeric_kappa,adult,mlp,0,numeric_kappa_3000,standard,14,0.2837289397488062,0.34627645300100934
numeric_kappa,adult,mlp,0,numeric_kappa_3000,standard,15,0.27994463030770605,0.3588538500218008
numeric_kappa,adult,mlp,0,numeric_kappa_3000,standard,16,0.28329148379678515,0.3584564748770368
numeric_kappa,adult,mlp,0,numeric_kappa_3000,standard,17,0.2794753726050075,0.3449793905157895
numeric_kappa,adult,mlp,1,numeric_kappa_3000,standard,1,0.49703865686857146,0.443279499293955
numeric_kappa,adult,mlp,1,numeric_kappa_3000,standard,2,0.4178455034110704,0.40217628554512663
numeric_kappa,adult,mlp,1,numeric_kappa_3000,standard,3,0.374713965437629,0.37054689431468396
numeric_kappa,adult,mlp,1,numeric_kappa_3000,standard,4,0.3524340928626002,0.35866460564679103
numeric_kappa,adult,mlp,1,numeric_kappa_3000,standard,5,0.3336367522908663,0.35712543438647937
numeric_kappa,adult,mlp,1,numeric_kappa_3000,standard,6,0.3258953728605547,0.34242632984422183
numeric_kappa,adult,mlp,1,numeric_kappa_3000,standard,7,0.320321222121944,0.34013051446174164
numeric_kappa,adult,mlp,1,numeric_kappa_3000,standard,8,0.3104208234047714,0.34219066566689355
numeric_kappa,adult,mlp,1,numeric_kappa_3000,standard,9,0.3044217418540608,0.338344505847929
numeric_kappa,adult,mlp,1,numeric_kappa_3000,standard,10,0.3040777463877816,0.3471795068659908
numeric_kappa,adult,mlp,1,numeric_kappa_3000,standard,11,0.29748670430968377,0.3506049526199149
numeric_kappa,adult,mlp,1,numeric_kappa_3000,standard,12,0.29630044732398425,0.3449171868600209
numeric_kappa,adult,mlp,1,numeric_kappa_3000,standard,13,0.2870583531311747,0.3536040571350952
numeric_kappa,adult,mlp,1,numeric_kappa_3000,standard,14,0.2845851764339194,0.3426163476232963
numeric_kappa,adult,mlp,1,numeric_kappa_3000,standard,15,0.2812880958254273,0.34805952001128615
numeric_kappa,adult,mlp,1,numeric_kappa_3000,standard,16,0.2783112562552131,0.35547493741545805
numeric_kappa,adult,mlp,2,numeric_kappa_3000,standard,1,0.5015968074816158,0.44428074537740886
numeric_kappa,adult,mlp,2,numeric_kappa_3000,standard,2,0.4191189137372104,0.39750449178925257
numeric_kappa,adult,mlp,2,numeric_kappa_3000,standard,3,0.3821383194050566,0.372605434318653
numeric_kappa,adult,mlp,2,numeric_kappa_3000,standard,4,0.3543115736372055,0.36052090659060626
numeric_kappa,adult,mlp,2,numeric_kappa_3000,standard,5,0.33807432219495936,0.355019258464574
numeric_kappa,adult,mlp,2,numeric_kappa_3000,standard,6,0.331997406424117,0.3432698521757253
numeric_kappa,adult,mlp,2,numeric_kappa_3000,standard,7,0.31941705480840343,0.33845629489690987
numeric_kappa,adult,mlp,2,numeric_kappa_3000,standard,8,0.31380727045073264,0.3496010505057703
numeric_kappa,adult,mlp,2,numeric_kappa_3000,standard,9,0.3134504221288226,0.34404318976716664
numeric_kappa,adult,mlp,2,numeric_kappa_3000,standard,10,0.30350239490701175,0.33606943419749863
numeric_kappa,adult,mlp,2,numeric_kappa_3000,standard,11,0.300744071346536,0.3428128027474114
numeric_kappa,adult,mlp,2,numeric_kappa_3000,standard,12,0.2961952650429869,0.33545944291532054
numeric_kappa,adult,mlp,2,numeric_kappa_3000,standard,13,0.2924159776959431,0.3391524889007593
numeric_kappa,adult,mlp,2,numeric_kappa_3000,standard,14,0.28676072619763876,0.33857949217805877
numeric_kappa,adult,mlp,2,numeric_kappa_3000,standard,15,0.28271073190820306,0.3456087440075402
numeric_kappa,adult,mlp,2,numeric_kappa_3000,standard,16,0.27797996924608875,0.3512715468370636
numeric_kappa,adult,mlp,2,numeric_kappa_3000,standard,17,0.2746651691066545,0.35147422815772744
numeric_kappa,adult,mlp,2,numeric_kappa_3000,standard,18,0.27340883038553615,0.35279493664920986
numeric_kappa,adult,mlp,2,numeric_kappa_3000,standard,19,0.2659130580448694,0.3621226430418425
numeric_kappa,adult,mlp,3,numeric_kappa_3000,standard,1,0.49650921780588586,0.44636506101358
numeric_kappa,adult,mlp,3,numeric_kappa_3000,standard,2,0.4147702402066833,0.38968563206055873
numeric_kappa,adult,mlp,3,numeric_kappa_3000,standard,3,0.3775417771767047,0.36161248223363124
numeric_kappa,adult,mlp,3,numeric_kappa_3000,standard,4,0.35254459914177,0.35873831446817217
numeric_kappa,adult,mlp,3,numeric_kappa_3000,standard,5,0.33866126018894394,0.3575979654817423
numeric_kappa,adult,mlp,3,numeric_kappa_3000,standard,6,0.32464179784718544,0.345346948556611
numeric_kappa,adult,mlp,3,numeric_kappa_3000,standard,7,0.3192040858016846,0.3358240293500475
numeric_kappa,adult,mlp,3,numeric_kappa_3000,standard,8,0.311141458644328,0.34320139713530645
numeric_kappa,adult,mlp,3,numeric_kappa_3000,standard,9,0.30603283746236665,0.33831418244811173
numeric_kappa,adult,mlp,3,numeric_kappa_3000,standard,10,0.3054429402515402,0.3430223782202432
numeric_kappa,adult,mlp,3,numeric_kappa_3000,standard,11,0.29662710735780307,0.3392515471719209
numeric_kappa,adult,mlp,3,numeric_kappa_3000,standard,12,0.2947434572827904,0.34101939015665556
numeric_kappa,adult,mlp,3,numeric_kappa_3000,standard,13,0.2899385717049863,0.34958091505664635
numeric_kappa,adult,mlp,3,numeric_kappa_3000,standard,14,0.28540549970961904,0.34831136070930796
numeric_kappa,adult,mlp,4,numeric_kappa_3000,standard,1,0.49903647458816924,0.44168825671184636
numeric_kappa,adult,mlp,4,numeric_kappa_3000,standard,2,0.4173453099458165,0.4031811676038711
numeric_kappa,adult,mlp,4,numeric_kappa_3000,standard,3,0.3778182619619721,0.37175875131332803
numeric_kappa,adult,mlp,4,numeric_kappa_3000,standard,4,0.35219104540435925,0.3643495393524734
numeric_kappa,adult,mlp,4,numeric_kappa_3000,standard,5,0.3379481485346904,0.3654148428874346
numeric_kappa,adult,mlp,4,numeric_kappa_3000,standard,6,0.3254461482496754,0.34749216533503735
numeric_kappa,adult,mlp,4,numeric_kappa_3000,standard,7,0.31984750014851077,0.35325947796891444
numeric_kappa,adult,mlp,4,numeric_kappa_3000,standard,8,0.3131595579792885,0.3434252303424001
numeric_kappa,adult,mlp,4,numeric_kappa_3000,standard,9,0.3074000076521234,0.3510352802853497
numeric_kappa,adult,mlp,4,numeric_kappa_3000,standard,10,0.3024480484920286,0.3412717204828086
numeric_kappa,adult,mlp,4,numeric_kappa_3000,standard,11,0.2975756200144859,0.34176462892601195
numeric_kappa,adult,mlp,4,numeric_kappa_3000,standard,12,0.29491471365570143,0.33943209756558285
numeric_kappa,adult,mlp,4,numeric_kappa_3000,standard,13,0.2919579404577869,0.3470868438771655
numeric_kappa,adult,mlp,4,numeric_kappa_3000,standard,14,0.2885144973123396,0.3474219089507636
numeric_kappa,adult,mlp,4,numeric_kappa_3000,standard,15,0.28035928854485404,0.35288776757298757
numeric_kappa,adult,mlp,4,numeric_kappa_3000,standard,16,0.27938688965628716,0.35313985109977275
numeric_kappa,adult,mlp,4,numeric_kappa_3000,standard,17,0.2744158611836539,0.35171693719644076
numeric_kappa,adult,mlp,4,numeric_kappa_3000,standard,18,0.2719470453643096,0.35516551621716075
numeric_kappa,adult,mlp,4,numeric_kappa_3000,standard,19,0.27054235679658095,0.3494918868007005
numeric_kappa,california,mlp,0,numeric_kappa_1,standard,1,0.5113174736486249,0.2672670781612396
numeric_kappa,california,mlp,0,numeric_kappa_1,standard,2,0.24362248223811078,0.2346602976322174
numeric_kappa,california,mlp,0,numeric_kappa_1,standard,3,0.20471858250755484,0.21338504552841187
numeric_kappa,california,mlp,0,numeric_kappa_1,standard,4,0.17543465276753228,0.19760721921920776
numeric_kappa,california,mlp,0,numeric_kappa_1,standard,5,0.1512258488878645,0.19118528068065643
numeric_kappa,california,mlp,0,numeric_kappa_1,standard,6,0.13234697504833345,0.19230154156684875
numeric_kappa,california,mlp,0,numeric_kappa_1,standard,7,0.11689723347410931,0.18848103284835815
numeric_kappa,california,mlp,0,numeric_kappa_1,standard,8,0.10267268704248057,0.19093583524227142
numeric_kappa,california,mlp,0,numeric_kappa_1,standard,9,0.09104209705466389,0.18755333125591278
numeric_kappa,california,mlp,0,numeric_kappa_1,standard,10,0.08212281134352116,0.1868840456008911
numeric_kappa,california,mlp,0,numeric_kappa_1,standard,11,0.0746828641871354,0.19058763980865479
numeric_kappa,california,mlp,0,numeric_kappa_1,standard,12,0.06741193871646477,0.186087965965271
numeric_kappa,california,mlp,0,numeric_kappa_1,standard,13,0.06247435207543921,0.18422389030456543
numeric_kappa,california,mlp,0,numeric_kappa_1,standard,14,0.05736684302545368,0.18662451207637787
numeric_kappa,california,mlp,0,numeric_kappa_1,standard,15,0.05430494810692366,0.1922772079706192
numeric_kappa,california,mlp,0,numeric_kappa_1,standard,16,0.051781598939951316,0.1846979707479477
numeric_kappa,california,mlp,0,numeric_kappa_1,standard,17,0.0480078884296571,0.18863089382648468
numeric_kappa,california,mlp,0,numeric_kappa_1,standard,18,0.04595661333251148,0.18716996908187866
numeric_kappa,california,mlp,0,numeric_kappa_1,standard,19,0.04312573466978776,0.18421126902103424
numeric_kappa,california,mlp,0,numeric_kappa_1,standard,20,0.04057181689365644,0.1840832531452179
numeric_kappa,california,mlp,0,numeric_kappa_1,standard,21,0.03980430461242383,0.18721970915794373
numeric_kappa,california,mlp,0,numeric_kappa_1,standard,22,0.03880613054991337,0.18695306777954102
numeric_kappa,california,mlp,0,numeric_kappa_1,standard,23,0.037461056381134596,0.18911702930927277
numeric_kappa,california,mlp,0,numeric_kappa_1,standard,24,0.03511849230960394,0.18316532671451569
numeric_kappa,california,mlp,0,numeric_kappa_1,standard,25,0.03335963128825151,0.18532942235469818
numeric_kappa,california,mlp,0,numeric_kappa_1,standard,26,0.03285441716284167,0.18698911368846893
numeric_kappa,california,mlp,0,numeric_kappa_1,standard,27,0.03215941459699722,0.18528351187705994
numeric_kappa,california,mlp,0,numeric_kappa_1,standard,28,0.029779931069383814,0.18375654518604279
numeric_kappa,california,mlp,0,numeric_kappa_1,standard,29,0.029200331400804917,0.18871568143367767
numeric_kappa,california,mlp,0,numeric_kappa_1,standard,30,0.029438925850610465,0.18597327172756195
numeric_kappa,california,mlp,0,numeric_kappa_1,standard,31,0.02839534396546954,0.1848064363002777
numeric_kappa,california,mlp,1,numeric_kappa_1,standard,1,0.5114790671133816,0.26836109161376953
numeric_kappa,california,mlp,1,numeric_kappa_1,standard,2,0.23900645638845178,0.22655363380908966
numeric_kappa,california,mlp,1,numeric_kappa_1,standard,3,0.19900272721412712,0.21042314171791077
numeric_kappa,california,mlp,1,numeric_kappa_1,standard,4,0.17295066614765234,0.19610686600208282
numeric_kappa,california,mlp,1,numeric_kappa_1,standard,5,0.14986527672628186,0.19189278781414032
numeric_kappa,california,mlp,1,numeric_kappa_1,standard,6,0.12859017102816184,0.18721871078014374
numeric_kappa,california,mlp,1,numeric_kappa_1,standard,7,0.11282635081887417,0.18878233432769775
numeric_kappa,california,mlp,1,numeric_kappa_1,standard,8,0.10075036663914874,0.187489315867424
numeric_kappa,california,mlp,1,numeric_kappa_1,standard,9,0.09097869814432707,0.18603256344795227
numeric_kappa,california,mlp,1,numeric_kappa_1,standard,10,0.08002479320823655,0.18899784982204437
numeric_kappa,california,mlp,1,numeric_kappa_1,standard,11,0.07385532910384854,0.188424751162529
numeric_kappa,california,mlp,1,numeric_kappa_1,standard,12,0.06813417969712772,0.18656538426876068
numeric_kappa,california,mlp,1,numeric_kappa_1,standard,13,0.06250108264849742,0.19089250266551971
numeric_kappa,california,mlp,1,numeric_kappa_1,standard,14,0.05778330448783358,0.1882140189409256
numeric_kappa,california,mlp,1,numeric_kappa_1,standard,15,0.05301842088109206,0.18764087557792664
numeric_kappa,california,mlp,1,numeric_kappa_1,standard,16,0.051015814564215695,0.18944229185581207
numeric_kappa,california,mlp,2,numeric_kappa_1,standard,1,0.5062031589013567,0.276431679725647
numeric_kappa,california,mlp,2,numeric_kappa_1,standard,2,0.24323781339051334,0.228332057595253
numeric_kappa,california,mlp,2,numeric_kappa_1,standard,3,0.20296664518400834,0.2085050791501999
numeric_kappa,california,mlp,2,numeric_kappa_1,standard,4,0.1731227769420026,0.1981503814458847
numeric_kappa,california,mlp,2,numeric_kappa_1,standard,5,0.15228774840839518,0.19485169649124146
numeric_kappa,california,mlp,2,numeric_kappa_1,standard,6,0.13020723319354177,0.19099698960781097
numeric_kappa,california,mlp,2,numeric_kappa_1,standard,7,0.11484702729499262,0.18614447116851807
numeric_kappa,california,mlp,2,numeric_kappa_1,standard,8,0.10343150257978534,0.18676668405532837
numeric_kappa,california,mlp,2,numeric_kappa_1,standard,9,0.09038264342642308,0.19113856554031372
numeric_kappa,california,mlp,2,numeric_kappa_1,standard,10,0.0825352777336835,0.18873770534992218
numeric_kappa,california,mlp,2,numeric_kappa_1,standard,11,0.0746147298188572,0.188370943069458
numeric_kappa,california,mlp,2,numeric_kappa_1,standard,12,0.06838147350891469,0.18599852919578552
numeric_kappa,california,mlp,2,numeric_kappa_1,standard,13,0.06272040287215899,0.1863810271024704
numeric_kappa,california,mlp,2,numeric_kappa_1,standard,14,0.057268371044781725,0.18863198161125183
numeric_kappa,california,mlp,2,numeric_kappa_1,standard,15,0.05431050265210566,0.18735431134700775
numeric_kappa,california,mlp,2,numeric_kappa_1,standard,16,0.05123960815307473,0.18767692148685455
numeric_kappa,california,mlp,2,numeric_kappa_1,standard,17,0.04942922651016412,0.18632061779499054
numeric_kappa,california,mlp,2,numeric_kappa_1,standard,18,0.046151062138748075,0.18531346321105957
numeric_kappa,california,mlp,2,numeric_kappa_1,standard,19,0.04407172449521432,0.18847931921482086
numeric_kappa,california,mlp,2,numeric_kappa_1,standard,20,0.041001032246534085,0.18792714178562164
numeric_kappa,california,mlp,2,numeric_kappa_1,standard,21,0.039173326463587975,0.18519744277000427
numeric_kappa,california,mlp,2,numeric_kappa_1,standard,22,0.03822933843752637,0.18626049160957336
numeric_kappa,california,mlp,2,numeric_kappa_1,standard,23,0.03684718866888043,0.1877690851688385
numeric_kappa,california,mlp,2,numeric_kappa_1,standard,24,0.03451074391137562,0.188371941447258
numeric_kappa,california,mlp,2,numeric_kappa_1,standard,25,0.03366960785976735,0.18368947505950928
numeric_kappa,california,mlp,2,numeric_kappa_1,standard,26,0.03281495040830444,0.1881795972585678
numeric_kappa,california,mlp,2,numeric_kappa_1,standard,27,0.032577120136556746,0.19195440411567688
numeric_kappa,california,mlp,2,numeric_kappa_1,standard,28,0.030911240604873845,0.1875249445438385
numeric_kappa,california,mlp,2,numeric_kappa_1,standard,29,0.02973529767803185,0.18791860342025757
numeric_kappa,california,mlp,2,numeric_kappa_1,standard,30,0.027843182946697246,0.18798160552978516
numeric_kappa,california,mlp,2,numeric_kappa_1,standard,31,0.028032063562173398,0.18677371740341187
numeric_kappa,california,mlp,2,numeric_kappa_1,standard,32,0.02684973603136625,0.18519297242164612
numeric_kappa,california,mlp,3,numeric_kappa_1,standard,1,0.5031745913500897,0.26854443550109863
numeric_kappa,california,mlp,3,numeric_kappa_1,standard,2,0.24146972827568794,0.23228269815444946
numeric_kappa,california,mlp,3,numeric_kappa_1,standard,3,0.20106718005401394,0.21078439056873322
numeric_kappa,california,mlp,3,numeric_kappa_1,standard,4,0.17374599658618933,0.20111414790153503
numeric_kappa,california,mlp,3,numeric_kappa_1,standard,5,0.15119841954183574,0.19548821449279785
numeric_kappa,california,mlp,3,numeric_kappa_1,standard,6,0.13100730384837417,0.18882699310779572
numeric_kappa,california,mlp,3,numeric_kappa_1,standard,7,0.11736681857028929,0.19242657721042633
numeric_kappa,california,mlp,3,numeric_kappa_1,standard,8,0.10334978787992334,0.1878405213356018
numeric_kappa,california,mlp,3,numeric_kappa_1,standard,9,0.09181671280286108,0.190962016582489
numeric_kappa,california,mlp,3,numeric_kappa_1,standard,10,0.0832136928001841,0.18973088264465332
numeric_kappa,california,mlp,3,numeric_kappa_1,standard,11,0.07628638757022886,0.19175246357917786
numeric_kappa,california,mlp,3,numeric_kappa_1,standard,12,0.06950060737880735,0.1913696676492691
numeric_kappa,california,mlp,3,numeric_kappa_1,standard,13,0.06497954285817609,0.19239379465579987
numeric_kappa,california,mlp,3,numeric_kappa_1,standard,14,0.06018967871168595,0.1883685290813446
numeric_kappa,california,mlp,3,numeric_kappa_1,standard,15,0.056393044126801795,0.18934878706932068
numeric_kappa,california,mlp,4,numeric_kappa_1,standard,1,0.5264307140076636,0.27755412459373474
numeric_kappa,california,mlp,4,numeric_kappa_1,standard,2,0.24616077576599435,0.23058727383613586
numeric_kappa,california,mlp,4,numeric_kappa_1,standard,3,0.20228874182952003,0.21780185401439667
numeric_kappa,california,mlp,4,numeric_kappa_1,standard,4,0.1761677882467214,0.2050279676914215
numeric_kappa,california,mlp,4,numeric_kappa_1,standard,5,0.15318489450479367,0.19550985097885132
numeric_kappa,california,mlp,4,numeric_kappa_1,standard,6,0.13299102054874887,0.19465386867523193
numeric_kappa,california,mlp,4,numeric_kappa_1,standard,7,0.11574050121686778,0.19583797454833984
numeric_kappa,california,mlp,4,numeric_kappa_1,standard,8,0.10278120110396208,0.19539129734039307
numeric_kappa,california,mlp,4,numeric_kappa_1,standard,9,0.08925694978932518,0.189756840467453
numeric_kappa,california,mlp,4,numeric_kappa_1,standard,10,0.08197007453491707,0.19206355512142181
numeric_kappa,california,mlp,4,numeric_kappa_1,standard,11,0.07586237456424202,0.1934434473514557
numeric_kappa,california,mlp,4,numeric_kappa_1,standard,12,0.06914972765312682,0.19083762168884277
numeric_kappa,california,mlp,4,numeric_kappa_1,standard,13,0.06516050365623387,0.19101369380950928
numeric_kappa,california,mlp,4,numeric_kappa_1,standard,14,0.05953366495711192,0.19377020001411438
numeric_kappa,california,mlp,4,numeric_kappa_1,standard,15,0.054048924063925974,0.18998472392559052
numeric_kappa,california,mlp,4,numeric_kappa_1,standard,16,0.052548867981358875,0.19348114728927612
numeric_kappa,california,mlp,0,numeric_kappa_3,standard,1,0.5212444247520974,0.2798701822757721
numeric_kappa,california,mlp,0,numeric_kappa_3,standard,2,0.2455442236655052,0.23697975277900696
numeric_kappa,california,mlp,0,numeric_kappa_3,standard,3,0.20513863526287515,0.2208315134048462
numeric_kappa,california,mlp,0,numeric_kappa_3,standard,4,0.17603376098030746,0.20292191207408905
numeric_kappa,california,mlp,0,numeric_kappa_3,standard,5,0.15133004157932065,0.19528335332870483
numeric_kappa,california,mlp,0,numeric_kappa_3,standard,6,0.13198134072056708,0.1983550786972046
numeric_kappa,california,mlp,0,numeric_kappa_3,standard,7,0.11722115708661843,0.19383154809474945
numeric_kappa,california,mlp,0,numeric_kappa_3,standard,8,0.10538590679410387,0.19982333481311798
numeric_kappa,california,mlp,0,numeric_kappa_3,standard,9,0.09407487348454195,0.19445064663887024
numeric_kappa,california,mlp,0,numeric_kappa_3,standard,10,0.08526195232912326,0.19331425428390503
numeric_kappa,california,mlp,0,numeric_kappa_3,standard,11,0.07947163682215796,0.19095578789710999
numeric_kappa,california,mlp,0,numeric_kappa_3,standard,12,0.07211566621502394,0.18872010707855225
numeric_kappa,california,mlp,0,numeric_kappa_3,standard,13,0.06674058994214714,0.18935732543468475
numeric_kappa,california,mlp,0,numeric_kappa_3,standard,14,0.06205737112698182,0.19155864417552948
numeric_kappa,california,mlp,0,numeric_kappa_3,standard,15,0.058602062454667835,0.19748444855213165
numeric_kappa,california,mlp,0,numeric_kappa_3,standard,16,0.05548303631969906,0.18819434940814972
numeric_kappa,california,mlp,0,numeric_kappa_3,standard,17,0.051858456442239055,0.19034191966056824
numeric_kappa,california,mlp,0,numeric_kappa_3,standard,18,0.04891717247368801,0.19479656219482422
numeric_kappa,california,mlp,0,numeric_kappa_3,standard,19,0.04639282034400807,0.1909794956445694
numeric_kappa,california,mlp,0,numeric_kappa_3,standard,20,0.04446016024473542,0.18920066952705383
numeric_kappa,california,mlp,0,numeric_kappa_3,standard,21,0.04190742715265895,0.1919095367193222
numeric_kappa,california,mlp,0,numeric_kappa_3,standard,22,0.040612392986003075,0.18964514136314392
numeric_kappa,california,mlp,0,numeric_kappa_3,standard,23,0.0401114870297962,0.18994270265102386
numeric_kappa,california,mlp,1,numeric_kappa_3,standard,1,0.5217892944009562,0.27388492226600647
numeric_kappa,california,mlp,1,numeric_kappa_3,standard,2,0.2427864570363265,0.22925111651420593
numeric_kappa,california,mlp,1,numeric_kappa_3,standard,3,0.2008886154436742,0.21355633437633514
numeric_kappa,california,mlp,1,numeric_kappa_3,standard,4,0.1731960798715045,0.20085564255714417
numeric_kappa,california,mlp,1,numeric_kappa_3,standard,5,0.15238358938989113,0.1975516378879547
numeric_kappa,california,mlp,1,numeric_kappa_3,standard,6,0.13111699450989803,0.19310617446899414
numeric_kappa,california,mlp,1,numeric_kappa_3,standard,7,0.11588913544948172,0.1921262890100479
numeric_kappa,california,mlp,1,numeric_kappa_3,standard,8,0.10455118422556883,0.19079123437404633
numeric_kappa,california,mlp,1,numeric_kappa_3,standard,9,0.09402024979008003,0.19082073867321014
numeric_kappa,california,mlp,1,numeric_kappa_3,standard,10,0.08342194153214938,0.1932821124792099
numeric_kappa,california,mlp,1,numeric_kappa_3,standard,11,0.07705866279318399,0.19405293464660645
numeric_kappa,california,mlp,1,numeric_kappa_3,standard,12,0.07202707690861054,0.19445569813251495
numeric_kappa,california,mlp,1,numeric_kappa_3,standard,13,0.06749782619665208,0.19920936226844788
numeric_kappa,california,mlp,1,numeric_kappa_3,standard,14,0.06109296925971154,0.19484277069568634
numeric_kappa,california,mlp,1,numeric_kappa_3,standard,15,0.056001571922178965,0.19308200478553772
numeric_kappa,california,mlp,2,numeric_kappa_3,standard,1,0.51760710985116,0.28382596373558044
numeric_kappa,california,mlp,2,numeric_kappa_3,standard,2,0.24807972060450906,0.2357739806175232
numeric_kappa,california,mlp,2,numeric_kappa_3,standard,3,0.20500392492786382,0.21312375366687775
numeric_kappa,california,mlp,2,numeric_kappa_3,standard,4,0.17546187995966345,0.20473915338516235
numeric_kappa,california,mlp,2,numeric_kappa_3,standard,5,0.15563156074962822,0.19989584386348724
numeric_kappa,california,mlp,2,numeric_kappa_3,standard,6,0.13293169212202327,0.1978943943977356
numeric_kappa,california,mlp,2,numeric_kappa_3,standard,7,0.11740822262497383,0.1896854043006897
numeric_kappa,california,mlp,2,numeric_kappa_3,standard,8,0.10694701219094188,0.19009944796562195
numeric_kappa,california,mlp,2,numeric_kappa_3,standard,9,0.09397187330507295,0.19195713102817535
numeric_kappa,california,mlp,2,numeric_kappa_3,standard,10,0.08638100331532567,0.1924690157175064
numeric_kappa,california,mlp,2,numeric_kappa_3,standard,11,0.07923157505696128,0.18827936053276062
numeric_kappa,california,mlp,2,numeric_kappa_3,standard,12,0.07185789706121017,0.18696460127830505
numeric_kappa,california,mlp,2,numeric_kappa_3,standard,13,0.06498144412518576,0.18600544333457947
numeric_kappa,california,mlp,2,numeric_kappa_3,standard,14,0.060138557409435155,0.18964260816574097
numeric_kappa,california,mlp,2,numeric_kappa_3,standard,15,0.05727102713615269,0.18831132352352142
numeric_kappa,california,mlp,2,numeric_kappa_3,standard,16,0.053076364779945706,0.18736177682876587
numeric_kappa,california,mlp,2,numeric_kappa_3,standard,17,0.05170292727007883,0.18862269818782806
numeric_kappa,california,mlp,2,numeric_kappa_3,standard,18,0.04793951566310571,0.18508221209049225
numeric_kappa,california,mlp,2,numeric_kappa_3,standard,19,0.0463714103434212,0.18919849395751953
numeric_kappa,california,mlp,2,numeric_kappa_3,standard,20,0.04380265623584894,0.18827462196350098
numeric_kappa,california,mlp,2,numeric_kappa_3,standard,21,0.04154106322020231,0.18730983138084412
numeric_kappa,california,mlp,2,numeric_kappa_3,standard,22,0.03994479280077127,0.18484577536582947
numeric_kappa,california,mlp,2,numeric_kappa_3,standard,23,0.039291200363055716,0.1864725649356842
numeric_kappa,california,mlp,2,numeric_kappa_3,standard,24,0.03653580781944687,0.18684786558151245
numeric_kappa,california,mlp,2,numeric_kappa_3,standard,25,0.035389618429313936,0.18386083841323853
numeric_kappa,california,mlp,2,numeric_kappa_3,standard,26,0.034652345147875345,0.18828919529914856
numeric_kappa,california,mlp,2,numeric_kappa_3,standard,27,0.0341675485933359,0.190068319439888
numeric_kappa,california,mlp,2,numeric_kappa_3,standard,28,0.03194999941033503,0.18394364416599274
numeric_kappa,california,mlp,2,numeric_kappa_3,standard,29,0.03143203573509993,0.18504412472248077
numeric_kappa,california,mlp,2,numeric_kappa_3,standard,30,0.029654971706688075,0.18466705083847046
numeric_kappa,california,mlp,2,numeric_kappa_3,standard,31,0.029357502709498006,0.18531566858291626
numeric_kappa,california,mlp,2,numeric_kappa_3,standard,32,0.02830491974065401,0.18298517167568207
numeric_kappa,california,mlp,2,numeric_kappa_3,standard,33,0.027167141680919535,0.18769320845603943
numeric_kappa,california,mlp,2,numeric_kappa_3,standard,34,0.026692067190820873,0.1818210482597351
numeric_kappa,california,mlp,2,numeric_kappa_3,standard,35,0.027414722296204345,0.18339377641677856
numeric_kappa,california,mlp,2,numeric_kappa_3,standard,36,0.026309631945526848,0.18536747992038727
numeric_kappa,california,mlp,2,numeric_kappa_3,standard,37,0.025155610747077516,0.18104135990142822
numeric_kappa,california,mlp,2,numeric_kappa_3,standard,38,0.024732444321983325,0.18375763297080994
numeric_kappa,california,mlp,2,numeric_kappa_3,standard,39,0.024369778704397098,0.18249589204788208
numeric_kappa,california,mlp,2,numeric_kappa_3,standard,40,0.02357226782290492,0.18731233477592468
numeric_kappa,california,mlp,3,numeric_kappa_3,standard,1,0.5134500647391691,0.2780541181564331
numeric_kappa,california,mlp,3,numeric_kappa_3,standard,2,0.24401705198735055,0.2341122329235077
numeric_kappa,california,mlp,3,numeric_kappa_3,standard,3,0.20361596878142224,0.21713291108608246
numeric_kappa,california,mlp,3,numeric_kappa_3,standard,4,0.17600085841205138,0.20698893070220947
numeric_kappa,california,mlp,3,numeric_kappa_3,standard,5,0.15472941513484428,0.19961127638816833
numeric_kappa,california,mlp,3,numeric_kappa_3,standard,6,0.13478607989131877,0.19652684032917023
numeric_kappa,california,mlp,3,numeric_kappa_3,standard,7,0.12231840843850762,0.19363954663276672
numeric_kappa,california,mlp,3,numeric_kappa_3,standard,8,0.10805801350308346,0.18999868631362915
numeric_kappa,california,mlp,3,numeric_kappa_3,standard,9,0.09706981101980251,0.19515889883041382
numeric_kappa,california,mlp,3,numeric_kappa_3,standard,10,0.08940035139271651,0.1946885883808136
numeric_kappa,california,mlp,3,numeric_kappa_3,standard,11,0.0816286090653971,0.19606146216392517
numeric_kappa,california,mlp,3,numeric_kappa_3,standard,12,0.07368574818378096,0.1945362538099289
numeric_kappa,california,mlp,3,numeric_kappa_3,standard,13,0.0694307370235579,0.1941078156232834
numeric_kappa,california,mlp,3,numeric_kappa_3,standard,14,0.06403922000899206,0.19377274811267853
numeric_kappa,california,mlp,3,numeric_kappa_3,standard,15,0.060063720262457196,0.19176968932151794
numeric_kappa,california,mlp,4,numeric_kappa_3,standard,1,0.5395113753441272,0.29069599509239197
numeric_kappa,california,mlp,4,numeric_kappa_3,standard,2,0.2520211504975224,0.2358255535364151
numeric_kappa,california,mlp,4,numeric_kappa_3,standard,3,0.20414716113961992,0.2230754941701889
numeric_kappa,california,mlp,4,numeric_kappa_3,standard,4,0.1760980778823822,0.2110471874475479
numeric_kappa,california,mlp,4,numeric_kappa_3,standard,5,0.15295747016464267,0.20162974298000336
numeric_kappa,california,mlp,4,numeric_kappa_3,standard,6,0.13404434736039963,0.20140215754508972
numeric_kappa,california,mlp,4,numeric_kappa_3,standard,7,0.11806553447668013,0.20506004989147186
numeric_kappa,california,mlp,4,numeric_kappa_3,standard,8,0.10577871062544583,0.20374800264835358
numeric_kappa,california,mlp,4,numeric_kappa_3,standard,9,0.0912921438810818,0.1980920135974884
numeric_kappa,california,mlp,4,numeric_kappa_3,standard,10,0.08534340851205746,0.19729848206043243
numeric_kappa,california,mlp,4,numeric_kappa_3,standard,11,0.07981516803382194,0.19986401498317719
numeric_kappa,california,mlp,4,numeric_kappa_3,standard,12,0.07116159407687192,0.1991867870092392
numeric_kappa,california,mlp,4,numeric_kappa_3,standard,13,0.06793327557085338,0.19705486297607422
numeric_kappa,california,mlp,4,numeric_kappa_3,standard,14,0.06246242744685826,0.20050348341464996
numeric_kappa,california,mlp,4,numeric_kappa_3,standard,15,0.05760223478658689,0.1954495757818222
numeric_kappa,california,mlp,4,numeric_kappa_3,standard,16,0.056247361549228096,0.19837334752082825
numeric_kappa,california,mlp,4,numeric_kappa_3,standard,17,0.05085806300158134,0.19429852068424225
numeric_kappa,california,mlp,4,numeric_kappa_3,standard,18,0.04721492763223164,0.19669030606746674
numeric_kappa,california,mlp,4,numeric_kappa_3,standard,19,0.04683924287933262,0.1999366134405136
numeric_kappa,california,mlp,4,numeric_kappa_3,standard,20,0.04448606098477282,0.19647033512592316
numeric_kappa,california,mlp,4,numeric_kappa_3,standard,21,0.0417469425812376,0.19604040682315826
numeric_kappa,california,mlp,4,numeric_kappa_3,standard,22,0.04102933588285794,0.19259387254714966
numeric_kappa,california,mlp,4,numeric_kappa_3,standard,23,0.03869360646033993,0.1949271261692047
numeric_kappa,california,mlp,4,numeric_kappa_3,standard,24,0.03775505322896159,0.1952589452266693
numeric_kappa,california,mlp,4,numeric_kappa_3,standard,25,0.03572153957451091,0.19437463581562042
numeric_kappa,california,mlp,4,numeric_kappa_3,standard,26,0.035286730580221956,0.19449825584888458
numeric_kappa,california,mlp,4,numeric_kappa_3,standard,27,0.03376975070886233,0.1936548799276352
numeric_kappa,california,mlp,4,numeric_kappa_3,standard,28,0.03246603936867337,0.19474834203720093
numeric_kappa,california,mlp,4,numeric_kappa_3,standard,29,0.03084536587405019,0.19375216960906982
numeric_kappa,california,mlp,0,numeric_kappa_10,standard,1,0.5579054485692039,0.31301289796829224
numeric_kappa,california,mlp,0,numeric_kappa_10,standard,2,0.26587499988251445,0.25189176201820374
numeric_kappa,california,mlp,0,numeric_kappa_10,standard,3,0.2093844858276482,0.22918488085269928
numeric_kappa,california,mlp,0,numeric_kappa_10,standard,4,0.17860581170863718,0.21551470458507538
numeric_kappa,california,mlp,0,numeric_kappa_10,standard,5,0.15515350602813688,0.20760375261306763
numeric_kappa,california,mlp,0,numeric_kappa_10,standard,6,0.13804829728290652,0.20639905333518982
numeric_kappa,california,mlp,0,numeric_kappa_10,standard,7,0.12268148386213996,0.2041919231414795
numeric_kappa,california,mlp,0,numeric_kappa_10,standard,8,0.1121901080917063,0.2130674421787262
numeric_kappa,california,mlp,0,numeric_kappa_10,standard,9,0.10079688878187179,0.20570439100265503
numeric_kappa,california,mlp,0,numeric_kappa_10,standard,10,0.093344316029203,0.2058257907629013
numeric_kappa,california,mlp,0,numeric_kappa_10,standard,11,0.0877902788798998,0.1986650973558426
numeric_kappa,california,mlp,0,numeric_kappa_10,standard,12,0.07962284044916998,0.19649918377399445
numeric_kappa,california,mlp,0,numeric_kappa_10,standard,13,0.07182648027545165,0.1977633684873581
numeric_kappa,california,mlp,0,numeric_kappa_10,standard,14,0.06484540535656128,0.20051173865795135
numeric_kappa,california,mlp,0,numeric_kappa_10,standard,15,0.06284192646693224,0.20563314855098724
numeric_kappa,california,mlp,0,numeric_kappa_10,standard,16,0.05974618467672992,0.20185740292072296
numeric_kappa,california,mlp,0,numeric_kappa_10,standard,17,0.0539825246049951,0.20037798583507538
numeric_kappa,california,mlp,0,numeric_kappa_10,standard,18,0.05101139476321577,0.20346112549304962
numeric_kappa,california,mlp,0,numeric_kappa_10,standard,19,0.048821999159030904,0.1998136341571808
numeric_kappa,california,mlp,1,numeric_kappa_10,standard,1,0.5593691730230327,0.30648842453956604
numeric_kappa,california,mlp,1,numeric_kappa_10,standard,2,0.26475703129888223,0.24386414885520935
numeric_kappa,california,mlp,1,numeric_kappa_10,standard,3,0.20753705909592585,0.22427809238433838
numeric_kappa,california,mlp,1,numeric_kappa_10,standard,4,0.1780998452677753,0.2121618390083313
numeric_kappa,california,mlp,1,numeric_kappa_10,standard,5,0.157215211143085,0.210499107837677
numeric_kappa,california,mlp,1,numeric_kappa_10,standard,6,0.13780162790242365,0.2077060490846634
numeric_kappa,california,mlp,1,numeric_kappa_10,standard,7,0.12423412275344564,0.2048787772655487
numeric_kappa,california,mlp,1,numeric_kappa_10,standard,8,0.1139783602608659,0.20147688686847687
numeric_kappa,california,mlp,1,numeric_kappa_10,standard,9,0.10186277218351972,0.20309488475322723
numeric_kappa,california,mlp,1,numeric_kappa_10,standard,10,0.09165205676817896,0.20435218513011932
numeric_kappa,california,mlp,1,numeric_kappa_10,standard,11,0.08300375182753265,0.20422260463237762
numeric_kappa,california,mlp,1,numeric_kappa_10,standard,12,0.07676047135731934,0.20612479746341705
numeric_kappa,california,mlp,1,numeric_kappa_10,standard,13,0.07160230492936806,0.20991282165050507
numeric_kappa,california,mlp,1,numeric_kappa_10,standard,14,0.06747118571983422,0.20460794866085052
numeric_kappa,california,mlp,1,numeric_kappa_10,standard,15,0.06188957166871202,0.2034352719783783
numeric_kappa,california,mlp,2,numeric_kappa_10,standard,1,0.5505839408175013,0.31373995542526245
numeric_kappa,california,mlp,2,numeric_kappa_10,standard,2,0.2647189877713527,0.2505396604537964
numeric_kappa,california,mlp,2,numeric_kappa_10,standard,3,0.21168844257889982,0.22419393062591553
numeric_kappa,california,mlp,2,numeric_kappa_10,standard,4,0.1793199471220655,0.21654903888702393
numeric_kappa,california,mlp,2,numeric_kappa_10,standard,5,0.16090980496149526,0.21465876698493958
numeric_kappa,california,mlp,2,numeric_kappa_10,standard,6,0.139736382672162,0.20931127667427063
numeric_kappa,california,mlp,2,numeric_kappa_10,standard,7,0.12504482286772764,0.2033352553844452
numeric_kappa,california,mlp,2,numeric_kappa_10,standard,8,0.11547932226640359,0.20322920382022858
numeric_kappa,california,mlp,2,numeric_kappa_10,standard,9,0.10341673767921358,0.20553454756736755
numeric_kappa,california,mlp,2,numeric_kappa_10,standard,10,0.09472617428408266,0.20561422407627106
numeric_kappa,california,mlp,2,numeric_kappa_10,standard,11,0.08776514786848717,0.2024366855621338
numeric_kappa,california,mlp,2,numeric_kappa_10,standard,12,0.07972515956017474,0.20328912138938904
numeric_kappa,california,mlp,2,numeric_kappa_10,standard,13,0.07248977842753476,0.20171095430850983
numeric_kappa,california,mlp,2,numeric_kappa_10,standard,14,0.06802346731050793,0.20624248683452606
numeric_kappa,california,mlp,2,numeric_kappa_10,standard,15,0.06289064345458444,0.20403952896595
numeric_kappa,california,mlp,2,numeric_kappa_10,standard,16,0.058219518904786514,0.2026103287935257
numeric_kappa,california,mlp,2,numeric_kappa_10,standard,17,0.057120158465731305,0.20392316579818726
numeric_kappa,california,mlp,2,numeric_kappa_10,standard,18,0.05292176542518375,0.2029782086610794
numeric_kappa,california,mlp,2,numeric_kappa_10,standard,19,0.04982436971974568,0.20207317173480988
numeric_kappa,california,mlp,2,numeric_kappa_10,standard,20,0.046162775859887636,0.2009369432926178
numeric_kappa,california,mlp,2,numeric_kappa_10,standard,21,0.04425042045298952,0.20251032710075378
numeric_kappa,california,mlp,2,numeric_kappa_10,standard,22,0.044287552242440506,0.2003268003463745
numeric_kappa,california,mlp,2,numeric_kappa_10,standard,23,0.04280679680881416,0.20483922958374023
numeric_kappa,california,mlp,2,numeric_kappa_10,standard,24,0.04109208001723098,0.19850769639015198
numeric_kappa,california,mlp,2,numeric_kappa_10,standard,25,0.0394026225913468,0.20112083852291107
numeric_kappa,california,mlp,2,numeric_kappa_10,standard,26,0.03780163130998269,0.20114687085151672
numeric_kappa,california,mlp,2,numeric_kappa_10,standard,27,0.0371973049461061,0.20311038196086884
numeric_kappa,california,mlp,2,numeric_kappa_10,standard,28,0.03492940013407668,0.19735029339790344
numeric_kappa,california,mlp,2,numeric_kappa_10,standard,29,0.03486553091944749,0.19809679687023163
numeric_kappa,california,mlp,2,numeric_kappa_10,standard,30,0.0326080966650034,0.19955842196941376
numeric_kappa,california,mlp,2,numeric_kappa_10,standard,31,0.03215950012496955,0.19906964898109436
numeric_kappa,california,mlp,2,numeric_kappa_10,standard,32,0.029824558066345062,0.1981554478406906
numeric_kappa,california,mlp,2,numeric_kappa_10,standard,33,0.02984772731165565,0.19800160825252533
numeric_kappa,california,mlp,2,numeric_kappa_10,standard,34,0.029806828215713756,0.19805528223514557
numeric_kappa,california,mlp,2,numeric_kappa_10,standard,35,0.02936982591311796,0.19663193821907043
numeric_kappa,california,mlp,2,numeric_kappa_10,standard,36,0.028106655261057475,0.19770587980747223
numeric_kappa,california,mlp,2,numeric_kappa_10,standard,37,0.02757531652735115,0.19650773704051971
numeric_kappa,california,mlp,2,numeric_kappa_10,standard,38,0.027431423552839135,0.19701461493968964
numeric_kappa,california,mlp,2,numeric_kappa_10,standard,39,0.02700962871397703,0.19689656794071198
numeric_kappa,california,mlp,2,numeric_kappa_10,standard,40,0.0258427863056866,0.19818970561027527
numeric_kappa,california,mlp,3,numeric_kappa_10,standard,1,0.5506619884565476,0.3255721628665924
numeric_kappa,california,mlp,3,numeric_kappa_10,standard,2,0.26892020465527344,0.24712441861629486
numeric_kappa,california,mlp,3,numeric_kappa_10,standard,3,0.21081862601985524,0.2279815524816513
numeric_kappa,california,mlp,3,numeric_kappa_10,standard,4,0.1802272386124118,0.21847550570964813
numeric_kappa,california,mlp,3,numeric_kappa_10,standard,5,0.1609490576106907,0.21357464790344238
numeric_kappa,california,mlp,3,numeric_kappa_10,standard,6,0.14087623859667492,0.20700493454933167
numeric_kappa,california,mlp,3,numeric_kappa_10,standard,7,0.12886977181638412,0.2043604701757431
numeric_kappa,california,mlp,3,numeric_kappa_10,standard,8,0.11661819030225246,0.20185533165931702
numeric_kappa,california,mlp,3,numeric_kappa_10,standard,9,0.10472566396555286,0.2086709439754486
numeric_kappa,california,mlp,3,numeric_kappa_10,standard,10,0.0974236381656108,0.2051199972629547
numeric_kappa,california,mlp,3,numeric_kappa_10,standard,11,0.08775633097132651,0.20079468190670013
numeric_kappa,california,mlp,3,numeric_kappa_10,standard,12,0.07791583432600008,0.20345641672611237
numeric_kappa,california,mlp,3,numeric_kappa_10,standard,13,0.07226834760313094,0.2049899846315384
numeric_kappa,california,mlp,3,numeric_kappa_10,standard,14,0.06860156573546412,0.20915338397026062
numeric_kappa,california,mlp,3,numeric_kappa_10,standard,15,0.06419705256658406,0.20225921273231506
numeric_kappa,california,mlp,3,numeric_kappa_10,standard,16,0.05919760431665937,0.20224200189113617
numeric_kappa,california,mlp,3,numeric_kappa_10,standard,17,0.05495372757730779,0.20544950664043427
numeric_kappa,california,mlp,3,numeric_kappa_10,standard,18,0.05247709284955985,0.20421087741851807
numeric_kappa,california,mlp,4,numeric_kappa_10,standard,1,0.5738218373728516,0.3376382887363434
numeric_kappa,california,mlp,4,numeric_kappa_10,standard,2,0.2734552602178531,0.2558700144290924
numeric_kappa,california,mlp,4,numeric_kappa_10,standard,3,0.2130697676984572,0.23167811334133148
numeric_kappa,california,mlp,4,numeric_kappa_10,standard,4,0.18049009956317374,0.22263839840888977
numeric_kappa,california,mlp,4,numeric_kappa_10,standard,5,0.15789862398335408,0.21565967798233032
numeric_kappa,california,mlp,4,numeric_kappa_10,standard,6,0.1417754761656387,0.21373583376407623
numeric_kappa,california,mlp,4,numeric_kappa_10,standard,7,0.12710224362752287,0.2186223417520523
numeric_kappa,california,mlp,4,numeric_kappa_10,standard,8,0.1135497340853944,0.2160494178533554
numeric_kappa,california,mlp,4,numeric_kappa_10,standard,9,0.09931569622269874,0.20881015062332153
numeric_kappa,california,mlp,4,numeric_kappa_10,standard,10,0.09222898886055578,0.20919188857078552
numeric_kappa,california,mlp,4,numeric_kappa_10,standard,11,0.08752278947719194,0.20938971638679504
numeric_kappa,california,mlp,4,numeric_kappa_10,standard,12,0.08066192570022093,0.21082457900047302
numeric_kappa,california,mlp,4,numeric_kappa_10,standard,13,0.07433697567528297,0.20945680141448975
numeric_kappa,california,mlp,4,numeric_kappa_10,standard,14,0.06682998889354819,0.21150845289230347
numeric_kappa,california,mlp,4,numeric_kappa_10,standard,15,0.06074682253975052,0.20561261475086212
numeric_kappa,california,mlp,4,numeric_kappa_10,standard,16,0.059551928709049955,0.2091858983039856
numeric_kappa,california,mlp,4,numeric_kappa_10,standard,17,0.05597545559926202,0.20609137415885925
numeric_kappa,california,mlp,4,numeric_kappa_10,standard,18,0.051694964939113984,0.20727598667144775
numeric_kappa,california,mlp,4,numeric_kappa_10,standard,19,0.05021304806776317,0.20800943672657013
numeric_kappa,california,mlp,4,numeric_kappa_10,standard,20,0.047488263527080736,0.20534414052963257
numeric_kappa,california,mlp,4,numeric_kappa_10,standard,21,0.04477100035399751,0.2062588930130005
numeric_kappa,california,mlp,4,numeric_kappa_10,standard,22,0.043149485256534455,0.20261657238006592
numeric_kappa,california,mlp,4,numeric_kappa_10,standard,23,0.04007935533744939,0.20604799687862396
numeric_kappa,california,mlp,4,numeric_kappa_10,standard,24,0.03946906161833761,0.2056335210800171
numeric_kappa,california,mlp,4,numeric_kappa_10,standard,25,0.03857729635843358,0.20488056540489197
numeric_kappa,california,mlp,4,numeric_kappa_10,standard,26,0.037728611075273026,0.20568804442882538
numeric_kappa,california,mlp,4,numeric_kappa_10,standard,27,0.03522351259225088,0.2087136209011078
numeric_kappa,california,mlp,4,numeric_kappa_10,standard,28,0.03526582747858022,0.20747260749340057
numeric_kappa,california,mlp,4,numeric_kappa_10,standard,29,0.033228193242710626,0.20436786115169525
numeric_kappa,california,mlp,0,numeric_kappa_30,standard,1,0.5929794877336626,0.36917123198509216
numeric_kappa,california,mlp,0,numeric_kappa_30,standard,2,0.30168465138366124,0.2798014283180237
numeric_kappa,california,mlp,0,numeric_kappa_30,standard,3,0.2277141199202909,0.24785061180591583
numeric_kappa,california,mlp,0,numeric_kappa_30,standard,4,0.1889330429471372,0.23130181431770325
numeric_kappa,california,mlp,0,numeric_kappa_30,standard,5,0.16154760952134473,0.22144895792007446
numeric_kappa,california,mlp,0,numeric_kappa_30,standard,6,0.14292334554973166,0.22180607914924622
numeric_kappa,california,mlp,0,numeric_kappa_30,standard,7,0.12598918661507896,0.21535317599773407
numeric_kappa,california,mlp,0,numeric_kappa_30,standard,8,0.11420786776902485,0.2269800752401352
numeric_kappa,california,mlp,0,numeric_kappa_30,standard,9,0.10155332362318356,0.2194637954235077
numeric_kappa,california,mlp,0,numeric_kappa_30,standard,10,0.09396100143185444,0.21909676492214203
numeric_kappa,california,mlp,0,numeric_kappa_30,standard,11,0.08666621478952316,0.21432293951511383
numeric_kappa,california,mlp,0,numeric_kappa_30,standard,12,0.07775085274962366,0.21424740552902222
numeric_kappa,california,mlp,0,numeric_kappa_30,standard,13,0.07001173971743305,0.21499837934970856
numeric_kappa,california,mlp,0,numeric_kappa_30,standard,14,0.064208047147915,0.21752093732357025
numeric_kappa,california,mlp,0,numeric_kappa_30,standard,15,0.061769516421547536,0.22007746994495392
numeric_kappa,california,mlp,0,numeric_kappa_30,standard,16,0.06043571279042873,0.22033840417861938
numeric_kappa,california,mlp,0,numeric_kappa_30,standard,17,0.055867724592165505,0.2133110910654068
numeric_kappa,california,mlp,0,numeric_kappa_30,standard,18,0.05215771276315125,0.21875092387199402
numeric_kappa,california,mlp,0,numeric_kappa_30,standard,19,0.050703934061102185,0.21475407481193542
numeric_kappa,california,mlp,0,numeric_kappa_30,standard,20,0.04797845068258307,0.2146548181772232
numeric_kappa,california,mlp,0,numeric_kappa_30,standard,21,0.04512887645716725,0.2154419869184494
numeric_kappa,california,mlp,0,numeric_kappa_30,standard,22,0.04618607248832577,0.20895835757255554
numeric_kappa,california,mlp,0,numeric_kappa_30,standard,23,0.043998526146278506,0.21284551918506622
numeric_kappa,california,mlp,0,numeric_kappa_30,standard,24,0.04188013673155825,0.21279235184192657
numeric_kappa,california,mlp,0,numeric_kappa_30,standard,25,0.04152968261486532,0.21200624108314514
numeric_kappa,california,mlp,0,numeric_kappa_30,standard,26,0.04068664348450804,0.2110629826784134
numeric_kappa,california,mlp,0,numeric_kappa_30,standard,27,0.03901777301259771,0.21173962950706482
numeric_kappa,california,mlp,0,numeric_kappa_30,standard,28,0.03568885440002763,0.20906123518943787
numeric_kappa,california,mlp,0,numeric_kappa_30,standard,29,0.03784161748460316,0.21429407596588135
numeric_kappa,california,mlp,1,numeric_kappa_30,standard,1,0.5886174136697592,0.3607388138771057
numeric_kappa,california,mlp,1,numeric_kappa_30,standard,2,0.3014636093476889,0.27142658829689026
numeric_kappa,california,mlp,1,numeric_kappa_30,standard,3,0.22545137233201304,0.24785274267196655
numeric_kappa,california,mlp,1,numeric_kappa_30,standard,4,0.19097991143423437,0.23198182880878448
numeric_kappa,california,mlp,1,numeric_kappa_30,standard,5,0.16608152268976886,0.2260657697916031
numeric_kappa,california,mlp,1,numeric_kappa_30,standard,6,0.14491672194110553,0.22177833318710327
numeric_kappa,california,mlp,1,numeric_kappa_30,standard,7,0.1313317827443241,0.22051802277565002
numeric_kappa,california,mlp,1,numeric_kappa_30,standard,8,0.12039727520952616,0.21426650881767273
numeric_kappa,california,mlp,1,numeric_kappa_30,standard,9,0.10464017132890965,0.2124781608581543
numeric_kappa,california,mlp,1,numeric_kappa_30,standard,10,0.09342684484755968,0.21909236907958984
numeric_kappa,california,mlp,1,numeric_kappa_30,standard,11,0.08411148482734389,0.2177528589963913
numeric_kappa,california,mlp,1,numeric_kappa_30,standard,12,0.07729018483985263,0.21583780646324158
numeric_kappa,california,mlp,1,numeric_kappa_30,standard,13,0.07022667025292846,0.2185703068971634
numeric_kappa,california,mlp,1,numeric_kappa_30,standard,14,0.0683516011818667,0.21739761531352997
numeric_kappa,california,mlp,1,numeric_kappa_30,standard,15,0.062148221945199034,0.21688032150268555
numeric_kappa,california,mlp,1,numeric_kappa_30,standard,16,0.05909101158669304,0.21711385250091553
numeric_kappa,california,mlp,2,numeric_kappa_30,standard,1,0.5789813121981133,0.3556481897830963
numeric_kappa,california,mlp,2,numeric_kappa_30,standard,2,0.29560260167724023,0.2746036648750305
numeric_kappa,california,mlp,2,numeric_kappa_30,standard,3,0.2271901249019173,0.24385221302509308
numeric_kappa,california,mlp,2,numeric_kappa_30,standard,4,0.18880215385805083,0.2376471906900406
numeric_kappa,california,mlp,2,numeric_kappa_30,standard,5,0.16784243050445732,0.2289823591709137
numeric_kappa,california,mlp,2,numeric_kappa_30,standard,6,0.14487412845811345,0.22556690871715546
numeric_kappa,california,mlp,2,numeric_kappa_30,standard,7,0.1277375560756148,0.21948863565921783
numeric_kappa,california,mlp,2,numeric_kappa_30,standard,8,0.11913558297117037,0.220581516623497
numeric_kappa,california,mlp,2,numeric_kappa_30,standard,9,0.10563042578890607,0.21985192596912384
numeric_kappa,california,mlp,2,numeric_kappa_30,standard,10,0.09514087822083242,0.21593092381954193
numeric_kappa,california,mlp,2,numeric_kappa_30,standard,11,0.08591281514237187,0.2148960381746292
numeric_kappa,california,mlp,2,numeric_kappa_30,standard,12,0.07951557092118727,0.21990366280078888
numeric_kappa,california,mlp,2,numeric_kappa_30,standard,13,0.0731866888251237,0.21587659418582916
numeric_kappa,california,mlp,2,numeric_kappa_30,standard,14,0.06869133225786613,0.21857206523418427
numeric_kappa,california,mlp,2,numeric_kappa_30,standard,15,0.06284599621783812,0.2132503092288971
numeric_kappa,california,mlp,2,numeric_kappa_30,standard,16,0.057577211471006993,0.21784277260303497
numeric_kappa,california,mlp,2,numeric_kappa_30,standard,17,0.05727989269504125,0.21583563089370728
numeric_kappa,california,mlp,2,numeric_kappa_30,standard,18,0.05510958824502735,0.21734559535980225
numeric_kappa,california,mlp,2,numeric_kappa_30,standard,19,0.05257609850507111,0.21214304864406586
numeric_kappa,california,mlp,2,numeric_kappa_30,standard,20,0.04843525144969075,0.21365970373153687
numeric_kappa,california,mlp,2,numeric_kappa_30,standard,21,0.04623152804932882,0.21188457310199738
numeric_kappa,california,mlp,2,numeric_kappa_30,standard,22,0.046679002431043844,0.2118649035692215
numeric_kappa,california,mlp,2,numeric_kappa_30,standard,23,0.04547100315260096,0.21088345348834991
numeric_kappa,california,mlp,2,numeric_kappa_30,standard,24,0.04306665724905563,0.21045535802841187
numeric_kappa,california,mlp,2,numeric_kappa_30,standard,25,0.042906426629114314,0.2124502807855606
numeric_kappa,california,mlp,2,numeric_kappa_30,standard,26,0.04031929648322317,0.21146652102470398
numeric_kappa,california,mlp,2,numeric_kappa_30,standard,27,0.03965403343609311,0.2121746838092804
numeric_kappa,california,mlp,2,numeric_kappa_30,standard,28,0.03828367386801534,0.21199770271778107
numeric_kappa,california,mlp,2,numeric_kappa_30,standard,29,0.039396396954394064,0.2089584469795227
numeric_kappa,california,mlp,2,numeric_kappa_30,standard,30,0.037229366624203696,0.211105614900589
numeric_kappa,california,mlp,2,numeric_kappa_30,standard,31,0.03502292902707981,0.21131420135498047
numeric_kappa,california,mlp,2,numeric_kappa_30,standard,32,0.03467047205821635,0.20664751529693604
numeric_kappa,california,mlp,2,numeric_kappa_30,standard,33,0.03431161131448375,0.20718207955360413
numeric_kappa,california,mlp,2,numeric_kappa_30,standard,34,0.033313785301934164,0.21066266298294067
numeric_kappa,california,mlp,2,numeric_kappa_30,standard,35,0.03320264027173554,0.20853634178638458
numeric_kappa,california,mlp,2,numeric_kappa_30,standard,36,0.03247139774780706,0.20752409100532532
numeric_kappa,california,mlp,2,numeric_kappa_30,standard,37,0.031672429798503855,0.205208882689476
numeric_kappa,california,mlp,2,numeric_kappa_30,standard,38,0.031951475457553925,0.2075769603252411
numeric_kappa,california,mlp,2,numeric_kappa_30,standard,39,0.030138646929387846,0.20364566147327423
numeric_kappa,california,mlp,2,numeric_kappa_30,standard,40,0.030294966074893372,0.20569191873073578
numeric_kappa,california,mlp,3,numeric_kappa_30,standard,1,0.5855611180436089,0.3697535991668701
numeric_kappa,california,mlp,3,numeric_kappa_30,standard,2,0.30209761831814375,0.2768923044204712
numeric_kappa,california,mlp,3,numeric_kappa_30,standard,3,0.22676682610534885,0.2501698434352875
numeric_kappa,california,mlp,3,numeric_kappa_30,standard,4,0.18796231689884693,0.23813390731811523
numeric_kappa,california,mlp,3,numeric_kappa_30,standard,5,0.1674165341971238,0.2287406176328659
numeric_kappa,california,mlp,3,numeric_kappa_30,standard,6,0.14455367875199357,0.2233755886554718
numeric_kappa,california,mlp,3,numeric_kappa_30,standard,7,0.13033059815624407,0.21825750172138214
numeric_kappa,california,mlp,3,numeric_kappa_30,standard,8,0.11659977037325085,0.21821825206279755
numeric_kappa,california,mlp,3,numeric_kappa_30,standard,9,0.1039887852580409,0.2201647311449051
numeric_kappa,california,mlp,3,numeric_kappa_30,standard,10,0.09793301198107801,0.2185167670249939
numeric_kappa,california,mlp,3,numeric_kappa_30,standard,11,0.0857733502054487,0.21434803307056427
numeric_kappa,california,mlp,3,numeric_kappa_30,standard,12,0.07887993237580852,0.21694131195545197
numeric_kappa,california,mlp,3,numeric_kappa_30,standard,13,0.07288753577194348,0.2170269787311554
numeric_kappa,california,mlp,3,numeric_kappa_30,standard,14,0.06736924963968646,0.21367035806179047
numeric_kappa,california,mlp,3,numeric_kappa_30,standard,15,0.06447318875473321,0.21171484887599945
numeric_kappa,california,mlp,3,numeric_kappa_30,standard,16,0.06114139937801269,0.2109728306531906
numeric_kappa,california,mlp,3,numeric_kappa_30,standard,17,0.05779627103800443,0.2115243822336197
numeric_kappa,california,mlp,3,numeric_kappa_30,standard,18,0.05458163512982493,0.21123279631137848
numeric_kappa,california,mlp,3,numeric_kappa_30,standard,19,0.053069909711193734,0.21640069782733917
numeric_kappa,california,mlp,3,numeric_kappa_30,standard,20,0.04972454525450807,0.2102465033531189
numeric_kappa,california,mlp,3,numeric_kappa_30,standard,21,0.0496280273339824,0.21146683394908905
numeric_kappa,california,mlp,3,numeric_kappa_30,standard,22,0.04512170653710422,0.20919464528560638
numeric_kappa,california,mlp,3,numeric_kappa_30,standard,23,0.04575674330497124,0.21211393177509308
numeric_kappa,california,mlp,3,numeric_kappa_30,standard,24,0.04394114855923663,0.21128694713115692
numeric_kappa,california,mlp,3,numeric_kappa_30,standard,25,0.04192939840549911,0.20897212624549866
numeric_kappa,california,mlp,3,numeric_kappa_30,standard,26,0.04017523808540317,0.20976398885250092
numeric_kappa,california,mlp,3,numeric_kappa_30,standard,27,0.039467192645355954,0.20753923058509827
numeric_kappa,california,mlp,3,numeric_kappa_30,standard,28,0.037885764660140986,0.2080366015434265
numeric_kappa,california,mlp,3,numeric_kappa_30,standard,29,0.03790284467083932,0.20551083981990814
numeric_kappa,california,mlp,3,numeric_kappa_30,standard,30,0.0377315519724059,0.20931001007556915
numeric_kappa,california,mlp,3,numeric_kappa_30,standard,31,0.03566357369280636,0.20715531706809998
numeric_kappa,california,mlp,3,numeric_kappa_30,standard,32,0.033660000574400155,0.2057737559080124
numeric_kappa,california,mlp,3,numeric_kappa_30,standard,33,0.03449990555674494,0.20403529703617096
numeric_kappa,california,mlp,3,numeric_kappa_30,standard,34,0.03382107106440948,0.2061115950345993
numeric_kappa,california,mlp,3,numeric_kappa_30,standard,35,0.03374231938723675,0.2066238522529602
numeric_kappa,california,mlp,3,numeric_kappa_30,standard,36,0.03173500597725143,0.20663857460021973
numeric_kappa,california,mlp,3,numeric_kappa_30,standard,37,0.03140467269960513,0.2053252011537552
numeric_kappa,california,mlp,3,numeric_kappa_30,standard,38,0.031799203500538574,0.20489433407783508
numeric_kappa,california,mlp,3,numeric_kappa_30,standard,39,0.03074530071752155,0.20809011161327362
numeric_kappa,california,mlp,3,numeric_kappa_30,standard,40,0.03147272496921432,0.20565666258335114
numeric_kappa,california,mlp,4,numeric_kappa_30,standard,1,0.6016228194853694,0.37596502900123596
numeric_kappa,california,mlp,4,numeric_kappa_30,standard,2,0.3023774795230255,0.28739216923713684
numeric_kappa,california,mlp,4,numeric_kappa_30,standard,3,0.23172662600799318,0.2504102885723114
numeric_kappa,california,mlp,4,numeric_kappa_30,standard,4,0.19256311825839909,0.23484186828136444
numeric_kappa,california,mlp,4,numeric_kappa_30,standard,5,0.16586582652913676,0.22784201800823212
numeric_kappa,california,mlp,4,numeric_kappa_30,standard,6,0.1479697620487834,0.22585302591323853
numeric_kappa,california,mlp,4,numeric_kappa_30,standard,7,0.13298103958199087,0.22567959129810333
numeric_kappa,california,mlp,4,numeric_kappa_30,standard,8,0.11703874540573553,0.2234429270029068
numeric_kappa,california,mlp,4,numeric_kappa_30,standard,9,0.10175432119504699,0.22069613635540009
numeric_kappa,california,mlp,4,numeric_kappa_30,standard,10,0.09275864178519415,0.22174358367919922
numeric_kappa,california,mlp,4,numeric_kappa_30,standard,11,0.08807919703401978,0.2217121571302414
numeric_kappa,california,mlp,4,numeric_kappa_30,standard,12,0.08130194357831054,0.22122395038604736
numeric_kappa,california,mlp,4,numeric_kappa_30,standard,13,0.07391589459713478,0.22262151539325714
numeric_kappa,california,mlp,4,numeric_kappa_30,standard,14,0.06639967215262893,0.22025302052497864
numeric_kappa,california,mlp,4,numeric_kappa_30,standard,15,0.059962439221122064,0.21500200033187866
numeric_kappa,california,mlp,4,numeric_kappa_30,standard,16,0.05696768581825478,0.21807676553726196
numeric_kappa,california,mlp,4,numeric_kappa_30,standard,17,0.055817465933354384,0.21673884987831116
numeric_kappa,california,mlp,4,numeric_kappa_30,standard,18,0.05259658825432237,0.21829283237457275
numeric_kappa,california,mlp,4,numeric_kappa_30,standard,19,0.05239800379205927,0.21644827723503113
numeric_kappa,california,mlp,4,numeric_kappa_30,standard,20,0.049742471698317074,0.21319054067134857
numeric_kappa,california,mlp,4,numeric_kappa_30,standard,21,0.046248124831298504,0.21421654522418976
numeric_kappa,california,mlp,4,numeric_kappa_30,standard,22,0.04520032409169905,0.21293140947818756
numeric_kappa,california,mlp,4,numeric_kappa_30,standard,23,0.04357703632123538,0.21626107394695282
numeric_kappa,california,mlp,4,numeric_kappa_30,standard,24,0.04240808346421508,0.21231427788734436
numeric_kappa,california,mlp,4,numeric_kappa_30,standard,25,0.04182342183132826,0.2133927047252655
numeric_kappa,california,mlp,4,numeric_kappa_30,standard,26,0.04089497204073824,0.21104389429092407
numeric_kappa,california,mlp,4,numeric_kappa_30,standard,27,0.038518609647580644,0.2171376794576645
numeric_kappa,california,mlp,4,numeric_kappa_30,standard,28,0.03786960197108521,0.21453116834163666
numeric_kappa,california,mlp,4,numeric_kappa_30,standard,29,0.037211623195962364,0.2116399109363556
numeric_kappa,california,mlp,4,numeric_kappa_30,standard,30,0.03574705267537551,0.2116038054227829
numeric_kappa,california,mlp,4,numeric_kappa_30,standard,31,0.03501730850598852,0.20972320437431335
numeric_kappa,california,mlp,4,numeric_kappa_30,standard,32,0.03426773853792368,0.21167771518230438
numeric_kappa,california,mlp,4,numeric_kappa_30,standard,33,0.033020583788215443,0.21351151168346405
numeric_kappa,california,mlp,4,numeric_kappa_30,standard,34,0.033183694741190116,0.209587961435318
numeric_kappa,california,mlp,4,numeric_kappa_30,standard,35,0.031184795091263016,0.20991851389408112
numeric_kappa,california,mlp,4,numeric_kappa_30,standard,36,0.03154980007369257,0.21096643805503845
numeric_kappa,california,mlp,4,numeric_kappa_30,standard,37,0.03169323360814361,0.20813582837581635
numeric_kappa,california,mlp,4,numeric_kappa_30,standard,38,0.03141775449828296,0.20776012539863586
numeric_kappa,california,mlp,4,numeric_kappa_30,standard,39,0.03001382956105743,0.20917843282222748
numeric_kappa,california,mlp,4,numeric_kappa_30,standard,40,0.030072575844968148,0.20769958198070526
numeric_kappa,california,mlp,0,numeric_kappa_100,standard,1,0.6272648745003147,0.42521628737449646
numeric_kappa,california,mlp,0,numeric_kappa_100,standard,2,0.3518187986233186,0.3291027545928955
numeric_kappa,california,mlp,0,numeric_kappa_100,standard,3,0.2645055548555783,0.2848602533340454
numeric_kappa,california,mlp,0,numeric_kappa_100,standard,4,0.21277079678599792,0.25440266728401184
numeric_kappa,california,mlp,0,numeric_kappa_100,standard,5,0.17852583209664538,0.24516268074512482
numeric_kappa,california,mlp,0,numeric_kappa_100,standard,6,0.15638269143354902,0.2465091496706009
numeric_kappa,california,mlp,0,numeric_kappa_100,standard,7,0.13854069470822275,0.23274654150009155
numeric_kappa,california,mlp,0,numeric_kappa_100,standard,8,0.1238319221448281,0.24066823720932007
numeric_kappa,california,mlp,0,numeric_kappa_100,standard,9,0.11200982906492322,0.23790031671524048
numeric_kappa,california,mlp,0,numeric_kappa_100,standard,10,0.10273449064695427,0.23449145257472992
numeric_kappa,california,mlp,0,numeric_kappa_100,standard,11,0.09286715750273626,0.23159390687942505
numeric_kappa,california,mlp,0,numeric_kappa_100,standard,12,0.08660816128974662,0.23058106005191803
numeric_kappa,california,mlp,0,numeric_kappa_100,standard,13,0.07815776156394538,0.22899691760540009
numeric_kappa,california,mlp,0,numeric_kappa_100,standard,14,0.07264290220267804,0.23114614188671112
numeric_kappa,california,mlp,0,numeric_kappa_100,standard,15,0.06983871344984305,0.23330268263816833
numeric_kappa,california,mlp,0,numeric_kappa_100,standard,16,0.06837541416363005,0.23432007431983948
numeric_kappa,california,mlp,0,numeric_kappa_100,standard,17,0.06388237802495801,0.22499318420886993
numeric_kappa,california,mlp,0,numeric_kappa_100,standard,18,0.0591708466210962,0.22692741453647614
numeric_kappa,california,mlp,0,numeric_kappa_100,standard,19,0.059063037230326985,0.2213251143693924
numeric_kappa,california,mlp,0,numeric_kappa_100,standard,20,0.05674960569153042,0.22307217121124268
numeric_kappa,california,mlp,0,numeric_kappa_100,standard,21,0.05487595807860509,0.22374317049980164
numeric_kappa,california,mlp,0,numeric_kappa_100,standard,22,0.05298821256918418,0.21866396069526672
numeric_kappa,california,mlp,0,numeric_kappa_100,standard,23,0.04972487462922684,0.22167514264583588
numeric_kappa,california,mlp,0,numeric_kappa_100,standard,24,0.04976854913342242,0.21880236268043518
numeric_kappa,california,mlp,0,numeric_kappa_100,standard,25,0.04765389106947176,0.21986708045005798
numeric_kappa,california,mlp,0,numeric_kappa_100,standard,26,0.046540836332701056,0.21951942145824432
numeric_kappa,california,mlp,0,numeric_kappa_100,standard,27,0.04551189930065908,0.21980060636997223
numeric_kappa,california,mlp,0,numeric_kappa_100,standard,28,0.044894966674273826,0.21453846991062164
numeric_kappa,california,mlp,0,numeric_kappa_100,standard,29,0.044533361366557465,0.21819674968719482
numeric_kappa,california,mlp,0,numeric_kappa_100,standard,30,0.04275081353766189,0.21760697662830353
numeric_kappa,california,mlp,0,numeric_kappa_100,standard,31,0.04201612800209688,0.22083088755607605
numeric_kappa,california,mlp,0,numeric_kappa_100,standard,32,0.04148010678662107,0.21496953070163727
numeric_kappa,california,mlp,0,numeric_kappa_100,standard,33,0.040273484362386466,0.2206593155860901
numeric_kappa,california,mlp,0,numeric_kappa_100,standard,34,0.03947240369333363,0.22111253440380096
numeric_kappa,california,mlp,0,numeric_kappa_100,standard,35,0.039413952553154476,0.21590560674667358
numeric_kappa,california,mlp,1,numeric_kappa_100,standard,1,0.6230529835126863,0.41399723291397095
numeric_kappa,california,mlp,1,numeric_kappa_100,standard,2,0.34800952649493755,0.31943970918655396
numeric_kappa,california,mlp,1,numeric_kappa_100,standard,3,0.25936986457363864,0.27755650877952576
numeric_kappa,california,mlp,1,numeric_kappa_100,standard,4,0.21122813642530386,0.25993213057518005
numeric_kappa,california,mlp,1,numeric_kappa_100,standard,5,0.1861808467339094,0.25274017453193665
numeric_kappa,california,mlp,1,numeric_kappa_100,standard,6,0.15785952818159962,0.24391885101795197
numeric_kappa,california,mlp,1,numeric_kappa_100,standard,7,0.14389659864385915,0.24987778067588806
numeric_kappa,california,mlp,1,numeric_kappa_100,standard,8,0.13112693004441556,0.24198970198631287
numeric_kappa,california,mlp,1,numeric_kappa_100,standard,9,0.11162520601168852,0.23397302627563477
numeric_kappa,california,mlp,1,numeric_kappa_100,standard,10,0.10015065176613407,0.24283026158809662
numeric_kappa,california,mlp,1,numeric_kappa_100,standard,11,0.0922570638158354,0.23845650255680084
numeric_kappa,california,mlp,1,numeric_kappa_100,standard,12,0.08522515115784664,0.23739726841449738
numeric_kappa,california,mlp,1,numeric_kappa_100,standard,13,0.07892919117843585,0.23478390276432037
numeric_kappa,california,mlp,1,numeric_kappa_100,standard,14,0.07693129841589948,0.23634549975395203
numeric_kappa,california,mlp,1,numeric_kappa_100,standard,15,0.07072994694620251,0.2363685965538025
numeric_kappa,california,mlp,1,numeric_kappa_100,standard,16,0.06690530947569832,0.23933546245098114
numeric_kappa,california,mlp,2,numeric_kappa_100,standard,1,0.6205901560239007,0.4144335389137268
numeric_kappa,california,mlp,2,numeric_kappa_100,standard,2,0.3446574826863796,0.3125849962234497
numeric_kappa,california,mlp,2,numeric_kappa_100,standard,3,0.25810954700547656,0.2746250331401825
numeric_kappa,california,mlp,2,numeric_kappa_100,standard,4,0.20850828557798184,0.2601577341556549
numeric_kappa,california,mlp,2,numeric_kappa_100,standard,5,0.18235142603691434,0.24681533873081207
numeric_kappa,california,mlp,2,numeric_kappa_100,standard,6,0.15765561500842154,0.2472398579120636
numeric_kappa,california,mlp,2,numeric_kappa_100,standard,7,0.13715616725591068,0.23560208082199097
numeric_kappa,california,mlp,2,numeric_kappa_100,standard,8,0.12507215296123814,0.23711013793945312
numeric_kappa,california,mlp,2,numeric_kappa_100,standard,9,0.11144057595187885,0.24147285521030426
numeric_kappa,california,mlp,2,numeric_kappa_100,standard,10,0.10176005461790134,0.23325806856155396
numeric_kappa,california,mlp,2,numeric_kappa_100,standard,11,0.09229389934642136,0.23563669621944427
numeric_kappa,california,mlp,2,numeric_kappa_100,standard,12,0.08684090365284784,0.23825183510780334
numeric_kappa,california,mlp,2,numeric_kappa_100,standard,13,0.0812236224111849,0.23534272611141205
numeric_kappa,california,mlp,2,numeric_kappa_100,standard,14,0.07650667063576581,0.23071089386940002
numeric_kappa,california,mlp,2,numeric_kappa_100,standard,15,0.07254003788335325,0.23197075724601746
numeric_kappa,california,mlp,2,numeric_kappa_100,standard,16,0.06595127434959851,0.22933334112167358
numeric_kappa,california,mlp,2,numeric_kappa_100,standard,17,0.0644542919039654,0.22801701724529266
numeric_kappa,california,mlp,2,numeric_kappa_100,standard,18,0.06249968524582589,0.22790364921092987
numeric_kappa,california,mlp,2,numeric_kappa_100,standard,19,0.060571841616655915,0.2262846976518631
numeric_kappa,california,mlp,2,numeric_kappa_100,standard,20,0.056436043738917245,0.22646033763885498
numeric_kappa,california,mlp,2,numeric_kappa_100,standard,21,0.05447443408186633,0.22317726910114288
numeric_kappa,california,mlp,2,numeric_kappa_100,standard,22,0.05289487168672309,0.2278749942779541
numeric_kappa,california,mlp,2,numeric_kappa_100,standard,23,0.052482843047078565,0.22577795386314392
numeric_kappa,california,mlp,2,numeric_kappa_100,standard,24,0.04974798825422445,0.22265347838401794
numeric_kappa,california,mlp,2,numeric_kappa_100,standard,25,0.04932012372477535,0.22352471947669983
numeric_kappa,california,mlp,2,numeric_kappa_100,standard,26,0.04773736856576035,0.22583886981010437
numeric_kappa,california,mlp,2,numeric_kappa_100,standard,27,0.04506246781544796,0.22405368089675903
numeric_kappa,california,mlp,2,numeric_kappa_100,standard,28,0.043964576638896025,0.22070017457008362
numeric_kappa,california,mlp,2,numeric_kappa_100,standard,29,0.04424746339544637,0.21876423060894012
numeric_kappa,california,mlp,2,numeric_kappa_100,standard,30,0.04370736014116261,0.2234015166759491
numeric_kappa,california,mlp,2,numeric_kappa_100,standard,31,0.04282343016090026,0.22693240642547607
numeric_kappa,california,mlp,2,numeric_kappa_100,standard,32,0.04098855689996007,0.22110669314861298
numeric_kappa,california,mlp,2,numeric_kappa_100,standard,33,0.0399295716140428,0.222572460770607
numeric_kappa,california,mlp,2,numeric_kappa_100,standard,34,0.039246610233890034,0.22265580296516418
numeric_kappa,california,mlp,2,numeric_kappa_100,standard,35,0.03922109865596946,0.22321012616157532
numeric_kappa,california,mlp,2,numeric_kappa_100,standard,36,0.038196089963558194,0.22251233458518982
numeric_kappa,california,mlp,3,numeric_kappa_100,standard,1,0.6297145026287327,0.41941437125205994
numeric_kappa,california,mlp,3,numeric_kappa_100,standard,2,0.348430593797211,0.31735536456108093
numeric_kappa,california,mlp,3,numeric_kappa_100,standard,3,0.25810770370848507,0.280720591545105
numeric_kappa,california,mlp,3,numeric_kappa_100,standard,4,0.21110711392311066,0.2648313045501709
numeric_kappa,california,mlp,3,numeric_kappa_100,standard,5,0.18268695530189105,0.25114378333091736
numeric_kappa,california,mlp,3,numeric_kappa_100,standard,6,0.15387450276708808,0.2406824231147766
numeric_kappa,california,mlp,3,numeric_kappa_100,standard,7,0.13733537517134342,0.24172532558441162
numeric_kappa,california,mlp,3,numeric_kappa_100,standard,8,0.12416155541211184,0.2392224371433258
numeric_kappa,california,mlp,3,numeric_kappa_100,standard,9,0.11133325884825294,0.24262753129005432
numeric_kappa,california,mlp,3,numeric_kappa_100,standard,10,0.10354708916003467,0.23362001776695251
numeric_kappa,california,mlp,3,numeric_kappa_100,standard,11,0.09282967097449785,0.23992229998111725
numeric_kappa,california,mlp,3,numeric_kappa_100,standard,12,0.08738285742118561,0.23545821011066437
numeric_kappa,california,mlp,3,numeric_kappa_100,standard,13,0.0809846191964347,0.23777680099010468
numeric_kappa,california,mlp,3,numeric_kappa_100,standard,14,0.07562460186344479,0.23550881445407867
numeric_kappa,california,mlp,3,numeric_kappa_100,standard,15,0.07337511964838929,0.23131772875785828
numeric_kappa,california,mlp,3,numeric_kappa_100,standard,16,0.07117702146429868,0.2322104275226593
numeric_kappa,california,mlp,3,numeric_kappa_100,standard,17,0.0656461245999743,0.22495104372501373
numeric_kappa,california,mlp,3,numeric_kappa_100,standard,18,0.061702154509092014,0.2269783765077591
numeric_kappa,california,mlp,3,numeric_kappa_100,standard,19,0.060466001219909284,0.2305782437324524
numeric_kappa,california,mlp,3,numeric_kappa_100,standard,20,0.05739254169027895,0.2233983725309372
numeric_kappa,california,mlp,3,numeric_kappa_100,standard,21,0.056413913195439064,0.22452276945114136
numeric_kappa,california,mlp,3,numeric_kappa_100,standard,22,0.053034909938744317,0.22510309517383575
numeric_kappa,california,mlp,3,numeric_kappa_100,standard,23,0.05207009475010648,0.22759538888931274
numeric_kappa,california,mlp,3,numeric_kappa_100,standard,24,0.051775038823033005,0.22942134737968445
numeric_kappa,california,mlp,3,numeric_kappa_100,standard,25,0.05028581018827913,0.22166916728019714
numeric_kappa,california,mlp,3,numeric_kappa_100,standard,26,0.04737875356427545,0.2248232066631317
numeric_kappa,california,mlp,3,numeric_kappa_100,standard,27,0.04700704691489529,0.22096344828605652
numeric_kappa,california,mlp,3,numeric_kappa_100,standard,28,0.04508032796522157,0.2201080024242401
numeric_kappa,california,mlp,3,numeric_kappa_100,standard,29,0.04542289072831995,0.21817491948604584
numeric_kappa,california,mlp,3,numeric_kappa_100,standard,30,0.0433202909541325,0.21953554451465607
numeric_kappa,california,mlp,3,numeric_kappa_100,standard,31,0.04194480406587315,0.22195649147033691
numeric_kappa,california,mlp,3,numeric_kappa_100,standard,32,0.04030028877059122,0.2185109257698059
numeric_kappa,california,mlp,3,numeric_kappa_100,standard,33,0.041406700725888076,0.21753431856632233
numeric_kappa,california,mlp,3,numeric_kappa_100,standard,34,0.040685218347051647,0.21793457865715027
numeric_kappa,california,mlp,3,numeric_kappa_100,standard,35,0.04008085660462132,0.2193722128868103
numeric_kappa,california,mlp,3,numeric_kappa_100,standard,36,0.03900616250250276,0.21866101026535034
numeric_kappa,california,mlp,3,numeric_kappa_100,standard,37,0.037703937042674614,0.21830426156520844
numeric_kappa,california,mlp,3,numeric_kappa_100,standard,38,0.03826848011430319,0.21344979107379913
numeric_kappa,california,mlp,3,numeric_kappa_100,standard,39,0.0379554700811167,0.21659262478351593
numeric_kappa,california,mlp,3,numeric_kappa_100,standard,40,0.0387246896852578,0.21619229018688202
numeric_kappa,california,mlp,4,numeric_kappa_100,standard,1,0.6371926633854477,0.43409767746925354
numeric_kappa,california,mlp,4,numeric_kappa_100,standard,2,0.3506857522553414,0.32350075244903564
numeric_kappa,california,mlp,4,numeric_kappa_100,standard,3,0.26128424254298727,0.2780766487121582
numeric_kappa,california,mlp,4,numeric_kappa_100,standard,4,0.21422744431523824,0.25602540373802185
numeric_kappa,california,mlp,4,numeric_kappa_100,standard,5,0.18274952194418875,0.24817869067192078
numeric_kappa,california,mlp,4,numeric_kappa_100,standard,6,0.1601010953762284,0.2450282722711563
numeric_kappa,california,mlp,4,numeric_kappa_100,standard,7,0.14443159658309232,0.24150700867176056
numeric_kappa,california,mlp,4,numeric_kappa_100,standard,8,0.12660796285009518,0.24042433500289917
numeric_kappa,california,mlp,4,numeric_kappa_100,standard,9,0.11010797849355508,0.23965278267860413
numeric_kappa,california,mlp,4,numeric_kappa_100,standard,10,0.09938070084850309,0.23773925006389618
numeric_kappa,california,mlp,4,numeric_kappa_100,standard,11,0.09451118277160069,0.23802997171878815
numeric_kappa,california,mlp,4,numeric_kappa_100,standard,12,0.0875257874709064,0.23892083764076233
numeric_kappa,california,mlp,4,numeric_kappa_100,standard,13,0.08222392827522855,0.2445019632577896
numeric_kappa,california,mlp,4,numeric_kappa_100,standard,14,0.0752088048973599,0.2317294031381607
numeric_kappa,california,mlp,4,numeric_kappa_100,standard,15,0.06847228882533252,0.2351384162902832
numeric_kappa,california,mlp,4,numeric_kappa_100,standard,16,0.06552529227936446,0.2309168577194214
numeric_kappa,california,mlp,4,numeric_kappa_100,standard,17,0.06422696928039968,0.23180265724658966
numeric_kappa,california,mlp,4,numeric_kappa_100,standard,18,0.06009717615886319,0.22899049520492554
numeric_kappa,california,mlp,4,numeric_kappa_100,standard,19,0.059729210712572346,0.23236627876758575
numeric_kappa,california,mlp,4,numeric_kappa_100,standard,20,0.05750043290967665,0.22729170322418213
numeric_kappa,california,mlp,4,numeric_kappa_100,standard,21,0.05343879925453588,0.2261504828929901
numeric_kappa,california,mlp,4,numeric_kappa_100,standard,22,0.05290069547317907,0.22693099081516266
numeric_kappa,california,mlp,4,numeric_kappa_100,standard,23,0.0521678811374783,0.2293872982263565
numeric_kappa,california,mlp,4,numeric_kappa_100,standard,24,0.04890756790028928,0.22536064684391022
numeric_kappa,california,mlp,4,numeric_kappa_100,standard,25,0.04751713764018624,0.22697333991527557
numeric_kappa,california,mlp,4,numeric_kappa_100,standard,26,0.04804544887257359,0.22820229828357697
numeric_kappa,california,mlp,4,numeric_kappa_100,standard,27,0.046077206919236405,0.22971630096435547
numeric_kappa,california,mlp,4,numeric_kappa_100,standard,28,0.04442390760207882,0.22667507827281952
numeric_kappa,california,mlp,4,numeric_kappa_100,standard,29,0.04410281302251564,0.22424310445785522
numeric_kappa,california,mlp,4,numeric_kappa_100,standard,30,0.042774392818024254,0.22623513638973236
numeric_kappa,california,mlp,4,numeric_kappa_100,standard,31,0.04183072509501152,0.22595924139022827
numeric_kappa,california,mlp,4,numeric_kappa_100,standard,32,0.04284156484276821,0.22513572871685028
numeric_kappa,california,mlp,4,numeric_kappa_100,standard,33,0.04001909105485245,0.229711651802063
numeric_kappa,california,mlp,4,numeric_kappa_100,standard,34,0.040224874305428635,0.22204943001270294
numeric_kappa,california,mlp,4,numeric_kappa_100,standard,35,0.04015061194347175,0.226237490773201
numeric_kappa,california,mlp,4,numeric_kappa_100,standard,36,0.03825007780350773,0.22013089060783386
numeric_kappa,california,mlp,4,numeric_kappa_100,standard,37,0.03873786505756484,0.21828843653202057
numeric_kappa,california,mlp,4,numeric_kappa_100,standard,38,0.036909428343274986,0.22074145078659058
numeric_kappa,california,mlp,4,numeric_kappa_100,standard,39,0.03651240585150884,0.2223694622516632
numeric_kappa,california,mlp,4,numeric_kappa_100,standard,40,0.03674472855751335,0.21986618638038635
numeric_kappa,california,mlp,0,numeric_kappa_300,standard,1,0.688938078516428,0.4813734292984009
numeric_kappa,california,mlp,0,numeric_kappa_300,standard,2,0.4140775510730349,0.38553962111473083
numeric_kappa,california,mlp,0,numeric_kappa_300,standard,3,0.31492119426486875,0.3335399329662323
numeric_kappa,california,mlp,0,numeric_kappa_300,standard,4,0.25241764935206046,0.2876818776130676
numeric_kappa,california,mlp,0,numeric_kappa_300,standard,5,0.21049132207740634,0.27069711685180664
numeric_kappa,california,mlp,0,numeric_kappa_300,standard,6,0.18310489503893648,0.2701684832572937
numeric_kappa,california,mlp,0,numeric_kappa_300,standard,7,0.16359340884420367,0.2573575973510742
numeric_kappa,california,mlp,0,numeric_kappa_300,standard,8,0.14738200975949908,0.2625214755535126
numeric_kappa,california,mlp,0,numeric_kappa_300,standard,9,0.13582062008401827,0.2652745246887207
numeric_kappa,california,mlp,0,numeric_kappa_300,standard,10,0.12354047021007401,0.2523682713508606
numeric_kappa,california,mlp,0,numeric_kappa_300,standard,11,0.11493064185906363,0.24290508031845093
numeric_kappa,california,mlp,0,numeric_kappa_300,standard,12,0.10655063546184913,0.2452552616596222
numeric_kappa,california,mlp,0,numeric_kappa_300,standard,13,0.09677734037933004,0.2429460883140564
numeric_kappa,california,mlp,0,numeric_kappa_300,standard,14,0.08921036146058295,0.243958979845047
numeric_kappa,california,mlp,0,numeric_kappa_300,standard,15,0.08721233601859918,0.24778786301612854
numeric_kappa,california,mlp,0,numeric_kappa_300,standard,16,0.08444825572658518,0.24403485655784607
numeric_kappa,california,mlp,0,numeric_kappa_300,standard,17,0.07999481815692198,0.23991218209266663
numeric_kappa,california,mlp,0,numeric_kappa_300,standard,18,0.07497727850691648,0.24595090746879578
numeric_kappa,california,mlp,0,numeric_kappa_300,standard,19,0.07239001739263372,0.23753789067268372
numeric_kappa,california,mlp,0,numeric_kappa_300,standard,20,0.07029014140834544,0.23721569776535034
numeric_kappa,california,mlp,0,numeric_kappa_300,standard,21,0.06877185766648557,0.23954921960830688
numeric_kappa,california,mlp,0,numeric_kappa_300,standard,22,0.06530780663214766,0.23704838752746582
numeric_kappa,california,mlp,0,numeric_kappa_300,standard,23,0.06281275981291931,0.2389744073152542
numeric_kappa,california,mlp,0,numeric_kappa_300,standard,24,0.06142438952328444,0.23329073190689087
numeric_kappa,california,mlp,0,numeric_kappa_300,standard,25,0.05980239767834766,0.24007272720336914
numeric_kappa,california,mlp,0,numeric_kappa_300,standard,26,0.058283914480457354,0.23051190376281738
numeric_kappa,california,mlp,0,numeric_kappa_300,standard,27,0.05909031989766842,0.22952567040920258
numeric_kappa,california,mlp,0,numeric_kappa_300,standard,28,0.05577281239838845,0.22815506160259247
numeric_kappa,california,mlp,0,numeric_kappa_300,standard,29,0.0558733012205999,0.2320326417684555
numeric_kappa,california,mlp,0,numeric_kappa_300,standard,30,0.053150535211360775,0.23478998243808746
numeric_kappa,california,mlp,0,numeric_kappa_300,standard,31,0.051633424589616166,0.23170316219329834
numeric_kappa,california,mlp,0,numeric_kappa_300,standard,32,0.0510075940234501,0.23231174051761627
numeric_kappa,california,mlp,0,numeric_kappa_300,standard,33,0.0507232228812803,0.2327622026205063
numeric_kappa,california,mlp,0,numeric_kappa_300,standard,34,0.04925674606796848,0.23051200807094574
numeric_kappa,california,mlp,0,numeric_kappa_300,standard,35,0.04879057632803069,0.22862720489501953
numeric_kappa,california,mlp,1,numeric_kappa_300,standard,1,0.6652494076478941,0.4693288505077362
numeric_kappa,california,mlp,1,numeric_kappa_300,standard,2,0.401124732927457,0.36796805262565613
numeric_kappa,california,mlp,1,numeric_kappa_300,standard,3,0.3038803652527926,0.31462666392326355
numeric_kappa,california,mlp,1,numeric_kappa_300,standard,4,0.2456346523171524,0.2841029167175293
numeric_kappa,california,mlp,1,numeric_kappa_300,standard,5,0.2124695203021181,0.2732764482498169
numeric_kappa,california,mlp,1,numeric_kappa_300,standard,6,0.181665241609994,0.26427263021469116
numeric_kappa,california,mlp,1,numeric_kappa_300,standard,7,0.16884408762371236,0.27774208784103394
numeric_kappa,california,mlp,1,numeric_kappa_300,standard,8,0.15305816759577814,0.26135602593421936
numeric_kappa,california,mlp,1,numeric_kappa_300,standard,9,0.13469077707762903,0.25834715366363525
numeric_kappa,california,mlp,1,numeric_kappa_300,standard,10,0.12021649897423436,0.25588375329971313
numeric_kappa,california,mlp,1,numeric_kappa_300,standard,11,0.11320594500095155,0.25307896733283997
numeric_kappa,california,mlp,1,numeric_kappa_300,standard,12,0.10291013177671822,0.25236546993255615
numeric_kappa,california,mlp,1,numeric_kappa_300,standard,13,0.09719355233807253,0.24936433136463165
numeric_kappa,california,mlp,1,numeric_kappa_300,standard,14,0.09369117853370133,0.2549693286418915
numeric_kappa,california,mlp,1,numeric_kappa_300,standard,15,0.09047989463829166,0.25008299946784973
numeric_kappa,california,mlp,1,numeric_kappa_300,standard,16,0.08343649008442121,0.2586812973022461
numeric_kappa,california,mlp,1,numeric_kappa_300,standard,17,0.08055371591167435,0.24444589018821716
numeric_kappa,california,mlp,1,numeric_kappa_300,standard,18,0.07809707074139081,0.2439303994178772
numeric_kappa,california,mlp,1,numeric_kappa_300,standard,19,0.0734701111497584,0.2429766207933426
numeric_kappa,california,mlp,1,numeric_kappa_300,standard,20,0.0712993245881235,0.23960290849208832
numeric_kappa,california,mlp,1,numeric_kappa_300,standard,21,0.07028508599227379,0.24347849190235138
numeric_kappa,california,mlp,1,numeric_kappa_300,standard,22,0.06737095107698036,0.24093320965766907
numeric_kappa,california,mlp,1,numeric_kappa_300,standard,23,0.06540742810502241,0.23868294060230255
numeric_kappa,california,mlp,1,numeric_kappa_300,standard,24,0.06554357827925847,0.23908497393131256
numeric_kappa,california,mlp,1,numeric_kappa_300,standard,25,0.06160231172706819,0.23798318207263947
numeric_kappa,california,mlp,1,numeric_kappa_300,standard,26,0.060814136285999,0.2455996423959732
numeric_kappa,california,mlp,1,numeric_kappa_300,standard,27,0.05819153260092459,0.23632653057575226
numeric_kappa,california,mlp,1,numeric_kappa_300,standard,28,0.05578811327006068,0.2339036613702774
numeric_kappa,california,mlp,1,numeric_kappa_300,standard,29,0.05505702330296041,0.23713792860507965
numeric_kappa,california,mlp,1,numeric_kappa_300,standard,30,0.056678975536123125,0.24366851150989532
numeric_kappa,california,mlp,1,numeric_kappa_300,standard,31,0.05422649796279674,0.2324986606836319
numeric_kappa,california,mlp,1,numeric_kappa_300,standard,32,0.05204837008672214,0.2363126426935196
numeric_kappa,california,mlp,1,numeric_kappa_300,standard,33,0.051427159137452466,0.23746183514595032
numeric_kappa,california,mlp,1,numeric_kappa_300,standard,34,0.050657170670226445,0.23186063766479492
numeric_kappa,california,mlp,1,numeric_kappa_300,standard,35,0.0487866952481733,0.22932998836040497
numeric_kappa,california,mlp,1,numeric_kappa_300,standard,36,0.048732956945986394,0.23712953925132751
numeric_kappa,california,mlp,1,numeric_kappa_300,standard,37,0.050469736947180044,0.23885893821716309
numeric_kappa,california,mlp,1,numeric_kappa_300,standard,38,0.04842151866125721,0.228967547416687
numeric_kappa,california,mlp,1,numeric_kappa_300,standard,39,0.047619662973323304,0.23035182058811188
numeric_kappa,california,mlp,1,numeric_kappa_300,standard,40,0.04691823386346845,0.2300136238336563
numeric_kappa,california,mlp,2,numeric_kappa_300,standard,1,0.7176837064864481,0.5186880826950073
numeric_kappa,california,mlp,2,numeric_kappa_300,standard,2,0.4299732267211321,0.37871628999710083
numeric_kappa,california,mlp,2,numeric_kappa_300,standard,3,0.3147640929051357,0.31886664032936096
numeric_kappa,california,mlp,2,numeric_kappa_300,standard,4,0.24626188238962693,0.28618374466896057
numeric_kappa,california,mlp,2,numeric_kappa_300,standard,5,0.2142792263478819,0.2692456841468811
numeric_kappa,california,mlp,2,numeric_kappa_300,standard,6,0.1846699392044695,0.2653917372226715
numeric_kappa,california,mlp,2,numeric_kappa_300,standard,7,0.1617255797198633,0.25316208600997925
numeric_kappa,california,mlp,2,numeric_kappa_300,standard,8,0.14469851374747994,0.25109896063804626
numeric_kappa,california,mlp,2,numeric_kappa_300,standard,9,0.13294172093404197,0.25480565428733826
numeric_kappa,california,mlp,2,numeric_kappa_300,standard,10,0.12640358808612073,0.2509157359600067
numeric_kappa,california,mlp,2,numeric_kappa_300,standard,11,0.1136570493287724,0.24493582546710968
numeric_kappa,california,mlp,2,numeric_kappa_300,standard,12,0.10489879336296379,0.24569545686244965
numeric_kappa,california,mlp,2,numeric_kappa_300,standard,13,0.0997301323559465,0.25000473856925964
numeric_kappa,california,mlp,2,numeric_kappa_300,standard,14,0.09662561311791022,0.24666228890419006
numeric_kappa,california,mlp,2,numeric_kappa_300,standard,15,0.08979108406305403,0.24147824943065643
numeric_kappa,california,mlp,2,numeric_kappa_300,standard,16,0.08233046344749968,0.2400396168231964
numeric_kappa,california,mlp,2,numeric_kappa_300,standard,17,0.08058164138830587,0.24036915600299835
numeric_kappa,california,mlp,2,numeric_kappa_300,standard,18,0.07769825820772949,0.2400040179491043
numeric_kappa,california,mlp,2,numeric_kappa_300,standard,19,0.0763688363071123,0.24081696569919586
numeric_kappa,california,mlp,2,numeric_kappa_300,standard,20,0.0680827459533215,0.23561735451221466
numeric_kappa,california,mlp,2,numeric_kappa_300,standard,21,0.06703894036095873,0.23679710924625397
numeric_kappa,california,mlp,2,numeric_kappa_300,standard,22,0.06474698177053796,0.23849791288375854
numeric_kappa,california,mlp,2,numeric_kappa_300,standard,23,0.06564290527342054,0.23742832243442535
numeric_kappa,california,mlp,2,numeric_kappa_300,standard,24,0.06289769026774931,0.23409682512283325
numeric_kappa,california,mlp,2,numeric_kappa_300,standard,25,0.06050521199011823,0.23335224390029907
numeric_kappa,california,mlp,2,numeric_kappa_300,standard,26,0.060335434010964896,0.23359578847885132
numeric_kappa,california,mlp,2,numeric_kappa_300,standard,27,0.05871436646219025,0.2321769893169403
numeric_kappa,california,mlp,2,numeric_kappa_300,standard,28,0.05601232070795917,0.2303619086742401
numeric_kappa,california,mlp,2,numeric_kappa_300,standard,29,0.05412494085542421,0.23234127461910248
numeric_kappa,california,mlp,2,numeric_kappa_300,standard,30,0.054686010078761046,0.23509344458580017
numeric_kappa,california,mlp,2,numeric_kappa_300,standard,31,0.05378422623058715,0.22866348922252655
numeric_kappa,california,mlp,2,numeric_kappa_300,standard,32,0.05171136893695819,0.2253170758485794
numeric_kappa,california,mlp,2,numeric_kappa_300,standard,33,0.051005230595950184,0.22918695211410522
numeric_kappa,california,mlp,2,numeric_kappa_300,standard,34,0.04954823991047577,0.22557644546031952
numeric_kappa,california,mlp,2,numeric_kappa_300,standard,35,0.04994639753223648,0.22560016810894012
numeric_kappa,california,mlp,2,numeric_kappa_300,standard,36,0.04886441627974649,0.22623831033706665
numeric_kappa,california,mlp,2,numeric_kappa_300,standard,37,0.04636917707122999,0.22392810881137848
numeric_kappa,california,mlp,2,numeric_kappa_300,standard,38,0.04647115581214216,0.22640825808048248
numeric_kappa,california,mlp,2,numeric_kappa_300,standard,39,0.046874055427812374,0.2237793505191803
numeric_kappa,california,mlp,2,numeric_kappa_300,standard,40,0.04582541596345523,0.2252645194530487
numeric_kappa,california,mlp,3,numeric_kappa_300,standard,1,0.6894795966009394,0.47665074467658997
numeric_kappa,california,mlp,3,numeric_kappa_300,standard,2,0.4089277375790396,0.3708436191082001
numeric_kappa,california,mlp,3,numeric_kappa_300,standard,3,0.30450629516990424,0.3172212839126587
numeric_kappa,california,mlp,3,numeric_kappa_300,standard,4,0.24792304092767029,0.2838427424430847
numeric_kappa,california,mlp,3,numeric_kappa_300,standard,5,0.21081415469117237,0.2729471027851105
numeric_kappa,california,mlp,3,numeric_kappa_300,standard,6,0.18095100685097862,0.2618805766105652
numeric_kappa,california,mlp,3,numeric_kappa_300,standard,7,0.1640143764455364,0.25935861468315125
numeric_kappa,california,mlp,3,numeric_kappa_300,standard,8,0.1478941403354755,0.2562938928604126
numeric_kappa,california,mlp,3,numeric_kappa_300,standard,9,0.13131598540615536,0.25778913497924805
numeric_kappa,california,mlp,3,numeric_kappa_300,standard,10,0.12557470335630258,0.2521343231201172
numeric_kappa,california,mlp,3,numeric_kappa_300,standard,11,0.11150699135800785,0.2506450116634369
numeric_kappa,california,mlp,3,numeric_kappa_300,standard,12,0.10753540323453682,0.2515735328197479
numeric_kappa,california,mlp,3,numeric_kappa_300,standard,13,0.10282304616826463,0.24878454208374023
numeric_kappa,california,mlp,3,numeric_kappa_300,standard,14,0.09342876382528026,0.24787183105945587
numeric_kappa,california,mlp,3,numeric_kappa_300,standard,15,0.08884981801204998,0.2441386729478836
numeric_kappa,california,mlp,3,numeric_kappa_300,standard,16,0.08801221173321219,0.24587230384349823
numeric_kappa,california,mlp,3,numeric_kappa_300,standard,17,0.07848168608627255,0.24303634464740753
numeric_kappa,california,mlp,3,numeric_kappa_300,standard,18,0.07787665106100627,0.2393336296081543
numeric_kappa,california,mlp,3,numeric_kappa_300,standard,19,0.07587340943139077,0.24237355589866638
numeric_kappa,california,mlp,3,numeric_kappa_300,standard,20,0.0708806911822262,0.2355058640241623
numeric_kappa,california,mlp,3,numeric_kappa_300,standard,21,0.06943155417722363,0.24151767790317535
numeric_kappa,california,mlp,3,numeric_kappa_300,standard,22,0.06756708335146354,0.23879791796207428
numeric_kappa,california,mlp,3,numeric_kappa_300,standard,23,0.06456425926185627,0.23962150514125824
numeric_kappa,california,mlp,3,numeric_kappa_300,standard,24,0.06535808626528232,0.24806250631809235
numeric_kappa,california,mlp,3,numeric_kappa_300,standard,25,0.06315086148941541,0.23700985312461853
numeric_kappa,california,mlp,3,numeric_kappa_300,standard,26,0.05951704332492617,0.23520945012569427
numeric_kappa,california,mlp,3,numeric_kappa_300,standard,27,0.0577362834021378,0.23881979286670685
numeric_kappa,california,mlp,3,numeric_kappa_300,standard,28,0.05710361900258023,0.23422293365001678
numeric_kappa,california,mlp,3,numeric_kappa_300,standard,29,0.056024058669855166,0.23183394968509674
numeric_kappa,california,mlp,3,numeric_kappa_300,standard,30,0.05561158064355442,0.23049519956111908
numeric_kappa,california,mlp,3,numeric_kappa_300,standard,31,0.05344752827133974,0.2308347374200821
numeric_kappa,california,mlp,3,numeric_kappa_300,standard,32,0.05162045608077009,0.2349126935005188
numeric_kappa,california,mlp,3,numeric_kappa_300,standard,33,0.05301226663467867,0.231251060962677
numeric_kappa,california,mlp,3,numeric_kappa_300,standard,34,0.05203410720631612,0.23310218751430511
numeric_kappa,california,mlp,3,numeric_kappa_300,standard,35,0.049715788537890646,0.2279195338487625
numeric_kappa,california,mlp,3,numeric_kappa_300,standard,36,0.04953161517204826,0.22682970762252808
numeric_kappa,california,mlp,3,numeric_kappa_300,standard,37,0.04731966435229023,0.22875486314296722
numeric_kappa,california,mlp,3,numeric_kappa_300,standard,38,0.047743451750759495,0.2258073091506958
numeric_kappa,california,mlp,3,numeric_kappa_300,standard,39,0.046483204950421915,0.22729462385177612
numeric_kappa,california,mlp,3,numeric_kappa_300,standard,40,0.04760785792461495,0.2310541570186615
numeric_kappa,california,mlp,4,numeric_kappa_300,standard,1,0.706820720194579,0.4926694929599762
numeric_kappa,california,mlp,4,numeric_kappa_300,standard,2,0.42090949773770403,0.3894892930984497
numeric_kappa,california,mlp,4,numeric_kappa_300,standard,3,0.3135758782869862,0.31735724210739136
numeric_kappa,california,mlp,4,numeric_kappa_300,standard,4,0.2539073614874167,0.2862655520439148
numeric_kappa,california,mlp,4,numeric_kappa_300,standard,5,0.212826261272473,0.27774524688720703
numeric_kappa,california,mlp,4,numeric_kappa_300,standard,6,0.18840117631280565,0.2625460922718048
numeric_kappa,california,mlp,4,numeric_kappa_300,standard,7,0.1669398907867313,0.2564854323863983
numeric_kappa,california,mlp,4,numeric_kappa_300,standard,8,0.15289096546435718,0.25510373711586
numeric_kappa,california,mlp,4,numeric_kappa_300,standard,9,0.13193727730554042,0.2589817941188812
numeric_kappa,california,mlp,4,numeric_kappa_300,standard,10,0.12246875732615946,0.25708815455436707
numeric_kappa,california,mlp,4,numeric_kappa_300,standard,11,0.11319620081081336,0.25366273522377014
numeric_kappa,california,mlp,4,numeric_kappa_300,standard,12,0.10306828686593383,0.2511560618877411
numeric_kappa,california,mlp,4,numeric_kappa_300,standard,13,0.09959259249698078,0.2527066767215729
numeric_kappa,california,mlp,4,numeric_kappa_300,standard,14,0.09505649384860511,0.24834837019443512
numeric_kappa,california,mlp,4,numeric_kappa_300,standard,15,0.0869025732579893,0.25415536761283875
numeric_kappa,california,mlp,4,numeric_kappa_300,standard,16,0.08359601709632673,0.24962595105171204
numeric_kappa,california,mlp,4,numeric_kappa_300,standard,17,0.08054690451181236,0.25360995531082153
numeric_kappa,california,mlp,4,numeric_kappa_300,standard,18,0.07531985591001934,0.24477608501911163
numeric_kappa,california,mlp,4,numeric_kappa_300,standard,19,0.07360375043828551,0.24659143388271332
numeric_kappa,california,mlp,4,numeric_kappa_300,standard,20,0.07221574247395553,0.24662674963474274
numeric_kappa,california,mlp,4,numeric_kappa_300,standard,21,0.06750721242895043,0.24361523985862732
numeric_kappa,california,mlp,4,numeric_kappa_300,standard,22,0.06651085537600747,0.24551057815551758
numeric_kappa,california,mlp,4,numeric_kappa_300,standard,23,0.06433298059010345,0.2490665465593338
numeric_kappa,california,mlp,4,numeric_kappa_300,standard,24,0.06141090687784278,0.24320903420448303
numeric_kappa,california,mlp,4,numeric_kappa_300,standard,25,0.06224062061603573,0.24628999829292297
numeric_kappa,california,mlp,4,numeric_kappa_300,standard,26,0.061455112938011286,0.2430286556482315
numeric_kappa,california,mlp,4,numeric_kappa_300,standard,27,0.05864640576424394,0.246707022190094
numeric_kappa,california,mlp,4,numeric_kappa_300,standard,28,0.056336284050693554,0.24292801320552826
numeric_kappa,california,mlp,4,numeric_kappa_300,standard,29,0.053923135987573284,0.24495463073253632
numeric_kappa,california,mlp,4,numeric_kappa_300,standard,30,0.05377390234900988,0.2461996078491211
numeric_kappa,california,mlp,4,numeric_kappa_300,standard,31,0.05366601459402781,0.24142169952392578
numeric_kappa,california,mlp,4,numeric_kappa_300,standard,32,0.052511555332434116,0.24341492354869843
numeric_kappa,california,mlp,4,numeric_kappa_300,standard,33,0.05167431571252305,0.2429824322462082
numeric_kappa,california,mlp,4,numeric_kappa_300,standard,34,0.051425789632013164,0.2384987771511078
numeric_kappa,california,mlp,4,numeric_kappa_300,standard,35,0.04987857354136047,0.2386079877614975
numeric_kappa,california,mlp,4,numeric_kappa_300,standard,36,0.04880571070046318,0.23518571257591248
numeric_kappa,california,mlp,4,numeric_kappa_300,standard,37,0.04840286447780031,0.23682335019111633
numeric_kappa,california,mlp,4,numeric_kappa_300,standard,38,0.04963624688962883,0.23585163056850433
numeric_kappa,california,mlp,4,numeric_kappa_300,standard,39,0.04784103204685938,0.23757998645305634
numeric_kappa,california,mlp,4,numeric_kappa_300,standard,40,0.046736759856118776,0.2409360110759735
numeric_kappa,california,mlp,0,numeric_kappa_1000,standard,1,0.7980961757340144,0.5603170990943909
numeric_kappa,california,mlp,0,numeric_kappa_1000,standard,2,0.4960683287227891,0.441649466753006
numeric_kappa,california,mlp,0,numeric_kappa_1000,standard,3,0.38998843468339306,0.38602524995803833
numeric_kappa,california,mlp,0,numeric_kappa_1000,standard,4,0.3238538670809699,0.3370647728443146
numeric_kappa,california,mlp,0,numeric_kappa_1000,standard,5,0.2763277197693685,0.3106500506401062
numeric_kappa,california,mlp,0,numeric_kappa_1000,standard,6,0.2425319850817069,0.30272674560546875
numeric_kappa,california,mlp,0,numeric_kappa_1000,standard,7,0.21280268177382203,0.2886764705181122
numeric_kappa,california,mlp,0,numeric_kappa_1000,standard,8,0.19577601042782225,0.28628218173980713
numeric_kappa,california,mlp,0,numeric_kappa_1000,standard,9,0.17837075381236936,0.2788878083229065
numeric_kappa,california,mlp,0,numeric_kappa_1000,standard,10,0.1657122273077908,0.2715032994747162
numeric_kappa,california,mlp,0,numeric_kappa_1000,standard,11,0.1534381792286576,0.2596210837364197
numeric_kappa,california,mlp,0,numeric_kappa_1000,standard,12,0.14243827486879324,0.26365557312965393
numeric_kappa,california,mlp,0,numeric_kappa_1000,standard,13,0.13461511022651643,0.26301124691963196
numeric_kappa,california,mlp,0,numeric_kappa_1000,standard,14,0.12826127859756256,0.26534539461135864
numeric_kappa,california,mlp,0,numeric_kappa_1000,standard,15,0.11807678697817042,0.2645657956600189
numeric_kappa,california,mlp,0,numeric_kappa_1000,standard,16,0.11511028287213813,0.2547111213207245
numeric_kappa,california,mlp,0,numeric_kappa_1000,standard,17,0.10960039403127392,0.2543814480304718
numeric_kappa,california,mlp,0,numeric_kappa_1000,standard,18,0.104595702254052,0.25679484009742737
numeric_kappa,california,mlp,0,numeric_kappa_1000,standard,19,0.10093166315667931,0.24843019247055054
numeric_kappa,california,mlp,0,numeric_kappa_1000,standard,20,0.09545689410104805,0.24927052855491638
numeric_kappa,california,mlp,0,numeric_kappa_1000,standard,21,0.09243638914799616,0.2515181005001068
numeric_kappa,california,mlp,0,numeric_kappa_1000,standard,22,0.08986692463018683,0.25115492939949036
numeric_kappa,california,mlp,0,numeric_kappa_1000,standard,23,0.08686886778461896,0.2488219439983368
numeric_kappa,california,mlp,0,numeric_kappa_1000,standard,24,0.08650968591967813,0.24881595373153687
numeric_kappa,california,mlp,0,numeric_kappa_1000,standard,25,0.08358754356156164,0.24977603554725647
numeric_kappa,california,mlp,0,numeric_kappa_1000,standard,26,0.07838931888876627,0.24182073771953583
numeric_kappa,california,mlp,0,numeric_kappa_1000,standard,27,0.07842101098106437,0.24330370128154755
numeric_kappa,california,mlp,0,numeric_kappa_1000,standard,28,0.0777310390222514,0.24202410876750946
numeric_kappa,california,mlp,0,numeric_kappa_1000,standard,29,0.07448960618239418,0.24541307985782623
numeric_kappa,california,mlp,0,numeric_kappa_1000,standard,30,0.07329694200181629,0.2400454431772232
numeric_kappa,california,mlp,0,numeric_kappa_1000,standard,31,0.0716726702955744,0.24244415760040283
numeric_kappa,california,mlp,0,numeric_kappa_1000,standard,32,0.07164382504028396,0.24309781193733215
numeric_kappa,california,mlp,0,numeric_kappa_1000,standard,33,0.06847540891628964,0.2361111342906952
numeric_kappa,california,mlp,0,numeric_kappa_1000,standard,34,0.0670547150343361,0.23487628996372223
numeric_kappa,california,mlp,0,numeric_kappa_1000,standard,35,0.06553866449923725,0.2432010918855667
numeric_kappa,california,mlp,0,numeric_kappa_1000,standard,36,0.06615568758765143,0.24069546163082123
numeric_kappa,california,mlp,0,numeric_kappa_1000,standard,37,0.06300575409790471,0.23808328807353973
numeric_kappa,california,mlp,0,numeric_kappa_1000,standard,38,0.06633549359253312,0.23218701779842377
numeric_kappa,california,mlp,0,numeric_kappa_1000,standard,39,0.06277599415782543,0.23503069579601288
numeric_kappa,california,mlp,0,numeric_kappa_1000,standard,40,0.06200152423744108,0.24024491012096405
numeric_kappa,california,mlp,1,numeric_kappa_1000,standard,1,0.7567835553732618,0.5372578501701355
numeric_kappa,california,mlp,1,numeric_kappa_1000,standard,2,0.46867915653823244,0.42801856994628906
numeric_kappa,california,mlp,1,numeric_kappa_1000,standard,3,0.3689798065174609,0.36790546774864197
numeric_kappa,california,mlp,1,numeric_kappa_1000,standard,4,0.30503183306594683,0.32786527276039124
numeric_kappa,california,mlp,1,numeric_kappa_1000,standard,5,0.2685068395431275,0.31435540318489075
numeric_kappa,california,mlp,1,numeric_kappa_1000,standard,6,0.23359170413024494,0.29965895414352417
numeric_kappa,california,mlp,1,numeric_kappa_1000,standard,7,0.21966685711304149,0.3066774308681488
numeric_kappa,california,mlp,1,numeric_kappa_1000,standard,8,0.20063421904738407,0.2898997366428375
numeric_kappa,california,mlp,1,numeric_kappa_1000,standard,9,0.17706581423249051,0.2703720033168793
numeric_kappa,california,mlp,1,numeric_kappa_1000,standard,10,0.16415188717114698,0.2622396945953369
numeric_kappa,california,mlp,1,numeric_kappa_1000,standard,11,0.15450439551315406,0.2651001214981079
numeric_kappa,california,mlp,1,numeric_kappa_1000,standard,12,0.14099508125945,0.26501983404159546
numeric_kappa,california,mlp,1,numeric_kappa_1000,standard,13,0.13457980783578258,0.2665793001651764
numeric_kappa,california,mlp,1,numeric_kappa_1000,standard,14,0.1266062935302806,0.2641490697860718
numeric_kappa,california,mlp,1,numeric_kappa_1000,standard,15,0.11706650735371424,0.2573365569114685
numeric_kappa,california,mlp,1,numeric_kappa_1000,standard,16,0.11083505830226709,0.2554198205471039
numeric_kappa,california,mlp,1,numeric_kappa_1000,standard,17,0.10775619418724036,0.2549881041049957
numeric_kappa,california,mlp,1,numeric_kappa_1000,standard,18,0.10794757530222926,0.24885974824428558
numeric_kappa,california,mlp,1,numeric_kappa_1000,standard,19,0.10135704100930688,0.2454143464565277
numeric_kappa,california,mlp,1,numeric_kappa_1000,standard,20,0.09637452248032372,0.24966612458229065
numeric_kappa,california,mlp,1,numeric_kappa_1000,standard,21,0.095764721891897,0.24648338556289673
numeric_kappa,california,mlp,1,numeric_kappa_1000,standard,22,0.09107319097459718,0.24584631621837616
numeric_kappa,california,mlp,1,numeric_kappa_1000,standard,23,0.08655063151406235,0.24754902720451355
numeric_kappa,california,mlp,1,numeric_kappa_1000,standard,24,0.08692893937080072,0.24089445173740387
numeric_kappa,california,mlp,1,numeric_kappa_1000,standard,25,0.08095133349099756,0.24592263996601105
numeric_kappa,california,mlp,1,numeric_kappa_1000,standard,26,0.0798209098125625,0.24044208228588104
numeric_kappa,california,mlp,1,numeric_kappa_1000,standard,27,0.0777212642683188,0.24128296971321106
numeric_kappa,california,mlp,1,numeric_kappa_1000,standard,28,0.07629094299193236,0.23496724665164948
numeric_kappa,california,mlp,1,numeric_kappa_1000,standard,29,0.07532755596125655,0.23935680091381073
numeric_kappa,california,mlp,1,numeric_kappa_1000,standard,30,0.07475483220261532,0.24481110274791718
numeric_kappa,california,mlp,1,numeric_kappa_1000,standard,31,0.0725887895845403,0.23652344942092896
numeric_kappa,california,mlp,1,numeric_kappa_1000,standard,32,0.06914194074839193,0.24078969657421112
numeric_kappa,california,mlp,1,numeric_kappa_1000,standard,33,0.06916023031564131,0.23671527206897736
numeric_kappa,california,mlp,1,numeric_kappa_1000,standard,34,0.06809020623507187,0.2360377460718155
numeric_kappa,california,mlp,1,numeric_kappa_1000,standard,35,0.06577423291990303,0.23292405903339386
numeric_kappa,california,mlp,1,numeric_kappa_1000,standard,36,0.06483115470003727,0.23630379140377045
numeric_kappa,california,mlp,1,numeric_kappa_1000,standard,37,0.06853918693195421,0.2376149594783783
numeric_kappa,california,mlp,1,numeric_kappa_1000,standard,38,0.06266241965737726,0.23348477482795715
numeric_kappa,california,mlp,1,numeric_kappa_1000,standard,39,0.06445530457346695,0.2373906522989273
numeric_kappa,california,mlp,1,numeric_kappa_1000,standard,40,0.06167684907941275,0.23636451363563538
numeric_kappa,california,mlp,2,numeric_kappa_1000,standard,1,0.935078469121634,0.6249457597732544
numeric_kappa,california,mlp,2,numeric_kappa_1000,standard,2,0.5540792734317554,0.479536771774292
numeric_kappa,california,mlp,2,numeric_kappa_1000,standard,3,0.42711737104427516,0.3997148871421814
numeric_kappa,california,mlp,2,numeric_kappa_1000,standard,4,0.34575096314008813,0.34780213236808777
numeric_kappa,california,mlp,2,numeric_kappa_1000,standard,5,0.2950736457849038,0.3188150227069855
numeric_kappa,california,mlp,2,numeric_kappa_1000,standard,6,0.2549328468291564,0.3014070391654968
numeric_kappa,california,mlp,2,numeric_kappa_1000,standard,7,0.22569689873454518,0.28116559982299805
numeric_kappa,california,mlp,2,numeric_kappa_1000,standard,8,0.20621452317035516,0.2770880162715912
numeric_kappa,california,mlp,2,numeric_kappa_1000,standard,9,0.1889384052894507,0.2722426950931549
numeric_kappa,california,mlp,2,numeric_kappa_1000,standard,10,0.17891480587606165,0.2708680331707001
numeric_kappa,california,mlp,2,numeric_kappa_1000,standard,11,0.16385171565648346,0.2689777612686157
numeric_kappa,california,mlp,2,numeric_kappa_1000,standard,12,0.1558490674786207,0.26422572135925293
numeric_kappa,california,mlp,2,numeric_kappa_1000,standard,13,0.14408718273793825,0.26731568574905396
numeric_kappa,california,mlp,2,numeric_kappa_1000,standard,14,0.13606592778276375,0.25965040922164917
numeric_kappa,california,mlp,2,numeric_kappa_1000,standard,15,0.13388531387993907,0.2551334798336029
numeric_kappa,california,mlp,2,numeric_kappa_1000,standard,16,0.1233591154365502,0.26120391488075256
numeric_kappa,california,mlp,2,numeric_kappa_1000,standard,17,0.11775560356556435,0.26138395071029663
numeric_kappa,california,mlp,2,numeric_kappa_1000,standard,18,0.11372420960400322,0.25167831778526306
numeric_kappa,california,mlp,2,numeric_kappa_1000,standard,19,0.1080755309546343,0.25709885358810425
numeric_kappa,california,mlp,2,numeric_kappa_1000,standard,20,0.10714651645019564,0.256827175617218
numeric_kappa,california,mlp,2,numeric_kappa_1000,standard,21,0.10171857237921898,0.24907639622688293
numeric_kappa,california,mlp,2,numeric_kappa_1000,standard,22,0.09883984698982312,0.2493908852338791
numeric_kappa,california,mlp,2,numeric_kappa_1000,standard,23,0.09982861879330561,0.25224781036376953
numeric_kappa,california,mlp,2,numeric_kappa_1000,standard,24,0.09384808508238322,0.24661067128181458
numeric_kappa,california,mlp,2,numeric_kappa_1000,standard,25,0.09071495393397581,0.24470603466033936
numeric_kappa,california,mlp,2,numeric_kappa_1000,standard,26,0.08792864021374389,0.2452128678560257
numeric_kappa,california,mlp,2,numeric_kappa_1000,standard,27,0.08347785195524844,0.2425260990858078
numeric_kappa,california,mlp,2,numeric_kappa_1000,standard,28,0.08194268532748822,0.23943744599819183
numeric_kappa,california,mlp,2,numeric_kappa_1000,standard,29,0.08110636170933488,0.24117843806743622
numeric_kappa,california,mlp,2,numeric_kappa_1000,standard,30,0.0793568393446376,0.24107755720615387
numeric_kappa,california,mlp,2,numeric_kappa_1000,standard,31,0.07619157752425586,0.24845266342163086
numeric_kappa,california,mlp,2,numeric_kappa_1000,standard,32,0.07509647770216864,0.23744763433933258
numeric_kappa,california,mlp,2,numeric_kappa_1000,standard,33,0.0749552139997013,0.24227622151374817
numeric_kappa,california,mlp,2,numeric_kappa_1000,standard,34,0.07259770488870325,0.2359563708305359
numeric_kappa,california,mlp,2,numeric_kappa_1000,standard,35,0.07212373168229633,0.23541639745235443
numeric_kappa,california,mlp,2,numeric_kappa_1000,standard,36,0.07100095206970197,0.24591746926307678
numeric_kappa,california,mlp,2,numeric_kappa_1000,standard,37,0.07005499035189953,0.2409573197364807
numeric_kappa,california,mlp,2,numeric_kappa_1000,standard,38,0.06664073662304285,0.23883865773677826
numeric_kappa,california,mlp,2,numeric_kappa_1000,standard,39,0.06531537051667767,0.23605981469154358
numeric_kappa,california,mlp,2,numeric_kappa_1000,standard,40,0.06613468922134857,0.2340630739927292
numeric_kappa,california,mlp,3,numeric_kappa_1000,standard,1,0.7980962823446085,0.5492563247680664
numeric_kappa,california,mlp,3,numeric_kappa_1000,standard,2,0.49099969285849737,0.4375886917114258
numeric_kappa,california,mlp,3,numeric_kappa_1000,standard,3,0.3817900533738058,0.3883586525917053
numeric_kappa,california,mlp,3,numeric_kappa_1000,standard,4,0.31533308566018214,0.3399280905723572
numeric_kappa,california,mlp,3,numeric_kappa_1000,standard,5,0.2712369273866601,0.3155602216720581
numeric_kappa,california,mlp,3,numeric_kappa_1000,standard,6,0.23807573854106498,0.2935435473918915
numeric_kappa,california,mlp,3,numeric_kappa_1000,standard,7,0.21444985095305216,0.279769629240036
numeric_kappa,california,mlp,3,numeric_kappa_1000,standard,8,0.1943911925297789,0.2800996005535126
numeric_kappa,california,mlp,3,numeric_kappa_1000,standard,9,0.17757844212753007,0.2854132056236267
numeric_kappa,california,mlp,3,numeric_kappa_1000,standard,10,0.1658053807172527,0.2713119387626648
numeric_kappa,california,mlp,3,numeric_kappa_1000,standard,11,0.14841633139393767,0.2595425546169281
numeric_kappa,california,mlp,3,numeric_kappa_1000,standard,12,0.14194097951279067,0.2657199203968048
numeric_kappa,california,mlp,3,numeric_kappa_1000,standard,13,0.137055206745784,0.26101505756378174
numeric_kappa,california,mlp,3,numeric_kappa_1000,standard,14,0.124988275192392,0.26692861318588257
numeric_kappa,california,mlp,3,numeric_kappa_1000,standard,15,0.11886637347538634,0.26913729310035706
numeric_kappa,california,mlp,3,numeric_kappa_1000,standard,16,0.11593095735093377,0.27009013295173645
numeric_kappa,california,mlp,3,numeric_kappa_1000,standard,17,0.10876313478963923,0.26397818326950073
numeric_kappa,california,mlp,3,numeric_kappa_1000,standard,18,0.10586009706487644,0.2595934271812439
numeric_kappa,california,mlp,4,numeric_kappa_1000,standard,1,0.8730125187997229,0.59317946434021
numeric_kappa,california,mlp,4,numeric_kappa_1000,standard,2,0.5201716285721523,0.46887853741645813
numeric_kappa,california,mlp,4,numeric_kappa_1000,standard,3,0.4038786513749074,0.3915116786956787
numeric_kappa,california,mlp,4,numeric_kappa_1000,standard,4,0.33393366431448096,0.3439401090145111
numeric_kappa,california,mlp,4,numeric_kappa_1000,standard,5,0.2766106170658196,0.3180151581764221
numeric_kappa,california,mlp,4,numeric_kappa_1000,standard,6,0.25050088240246743,0.2977272868156433
numeric_kappa,california,mlp,4,numeric_kappa_1000,standard,7,0.2232418184981085,0.28435519337654114
numeric_kappa,california,mlp,4,numeric_kappa_1000,standard,8,0.2030362054424721,0.2798994183540344
numeric_kappa,california,mlp,4,numeric_kappa_1000,standard,9,0.18089055563659165,0.2799135744571686
numeric_kappa,california,mlp,4,numeric_kappa_1000,standard,10,0.1695473171560181,0.2735469341278076
numeric_kappa,california,mlp,4,numeric_kappa_1000,standard,11,0.15630322268015684,0.266877681016922
numeric_kappa,california,mlp,4,numeric_kappa_1000,standard,12,0.14811422865200713,0.26616889238357544
numeric_kappa,california,mlp,4,numeric_kappa_1000,standard,13,0.1425435221437087,0.2639518082141876
numeric_kappa,california,mlp,4,numeric_kappa_1000,standard,14,0.13393284349977064,0.2587817311286926
numeric_kappa,california,mlp,4,numeric_kappa_1000,standard,15,0.12329511518668908,0.2657833397388458
numeric_kappa,california,mlp,4,numeric_kappa_1000,standard,16,0.11983256227295154,0.2679031491279602
numeric_kappa,california,mlp,4,numeric_kappa_1000,standard,17,0.11434115207960589,0.2657587230205536
numeric_kappa,california,mlp,4,numeric_kappa_1000,standard,18,0.10752976858080701,0.2579667568206787
numeric_kappa,california,mlp,4,numeric_kappa_1000,standard,19,0.1047126263277393,0.255872517824173
numeric_kappa,california,mlp,4,numeric_kappa_1000,standard,20,0.10127682190139412,0.2593543231487274
numeric_kappa,california,mlp,4,numeric_kappa_1000,standard,21,0.09692697330787005,0.25966882705688477
numeric_kappa,california,mlp,4,numeric_kappa_1000,standard,22,0.09509787695265635,0.26008471846580505
numeric_kappa,california,mlp,4,numeric_kappa_1000,standard,23,0.09186998762580102,0.2583846151828766
numeric_kappa,california,mlp,4,numeric_kappa_1000,standard,24,0.08721676781785977,0.2562222480773926
numeric_kappa,california,mlp,4,numeric_kappa_1000,standard,25,0.08741616939402283,0.2538398802280426
numeric_kappa,california,mlp,4,numeric_kappa_1000,standard,26,0.0858566362180368,0.2480025291442871
numeric_kappa,california,mlp,4,numeric_kappa_1000,standard,27,0.08217057172039527,0.25223055481910706
numeric_kappa,california,mlp,4,numeric_kappa_1000,standard,28,0.07771039285875213,0.24931436777114868
numeric_kappa,california,mlp,4,numeric_kappa_1000,standard,29,0.07680668339084754,0.24888275563716888
numeric_kappa,california,mlp,4,numeric_kappa_1000,standard,30,0.07325469916878899,0.2508777379989624
numeric_kappa,california,mlp,4,numeric_kappa_1000,standard,31,0.07259885224596414,0.24650050699710846
numeric_kappa,california,mlp,4,numeric_kappa_1000,standard,32,0.07111006069304282,0.24671140313148499
numeric_kappa,california,mlp,4,numeric_kappa_1000,standard,33,0.07351786581559243,0.25013038516044617
numeric_kappa,california,mlp,4,numeric_kappa_1000,standard,34,0.07172587381314705,0.24038292467594147
numeric_kappa,california,mlp,4,numeric_kappa_1000,standard,35,0.06776583694822359,0.24688829481601715
numeric_kappa,california,mlp,4,numeric_kappa_1000,standard,36,0.06847466061830755,0.2404594123363495
numeric_kappa,california,mlp,4,numeric_kappa_1000,standard,37,0.06624046536508683,0.2453191578388214
numeric_kappa,california,mlp,4,numeric_kappa_1000,standard,38,0.06525289517402812,0.2445620894432068
numeric_kappa,california,mlp,4,numeric_kappa_1000,standard,39,0.06407784354044618,0.24717478454113007
numeric_kappa,california,mlp,4,numeric_kappa_1000,standard,40,0.06438366538134366,0.2432432323694229
numeric_kappa,california,mlp,0,numeric_kappa_3000,standard,1,0.953726843228464,0.6203587651252747
numeric_kappa,california,mlp,0,numeric_kappa_3000,standard,2,0.5676409341572578,0.5020383596420288
numeric_kappa,california,mlp,0,numeric_kappa_3000,standard,3,0.46252243218211475,0.4583083391189575
numeric_kappa,california,mlp,0,numeric_kappa_3000,standard,4,0.3987816925557469,0.39971333742141724
numeric_kappa,california,mlp,0,numeric_kappa_3000,standard,5,0.3472854457730754,0.3656773865222931
numeric_kappa,california,mlp,0,numeric_kappa_3000,standard,6,0.3086181469789036,0.36587217450141907
numeric_kappa,california,mlp,0,numeric_kappa_3000,standard,7,0.2767154591586572,0.32902616262435913
numeric_kappa,california,mlp,0,numeric_kappa_3000,standard,8,0.2536305230759827,0.32779332995414734
numeric_kappa,california,mlp,0,numeric_kappa_3000,standard,9,0.23299118888640766,0.31004515290260315
numeric_kappa,california,mlp,0,numeric_kappa_3000,standard,10,0.2196633026147107,0.297080934047699
numeric_kappa,california,mlp,0,numeric_kappa_3000,standard,11,0.2017823534756301,0.28974348306655884
numeric_kappa,california,mlp,0,numeric_kappa_3000,standard,12,0.19453702211939547,0.2870284616947174
numeric_kappa,california,mlp,0,numeric_kappa_3000,standard,13,0.17709693157079046,0.2807401716709137
numeric_kappa,california,mlp,0,numeric_kappa_3000,standard,14,0.16585994827656195,0.28720033168792725
numeric_kappa,california,mlp,0,numeric_kappa_3000,standard,15,0.1596355985262634,0.281541645526886
numeric_kappa,california,mlp,0,numeric_kappa_3000,standard,16,0.1546502319526344,0.28079986572265625
numeric_kappa,california,mlp,0,numeric_kappa_3000,standard,17,0.14446444263771596,0.27503111958503723
numeric_kappa,california,mlp,0,numeric_kappa_3000,standard,18,0.14348479710337125,0.28007403016090393
numeric_kappa,california,mlp,0,numeric_kappa_3000,standard,19,0.14175543695117426,0.27411264181137085
numeric_kappa,california,mlp,0,numeric_kappa_3000,standard,20,0.12993214152557628,0.2852998673915863
numeric_kappa,california,mlp,0,numeric_kappa_3000,standard,21,0.1283601246567189,0.2749224603176117
numeric_kappa,california,mlp,0,numeric_kappa_3000,standard,22,0.12209954848462948,0.2783883810043335
numeric_kappa,california,mlp,0,numeric_kappa_3000,standard,23,0.11733634950864846,0.2750544548034668
numeric_kappa,california,mlp,0,numeric_kappa_3000,standard,24,0.11709318156205008,0.2725392282009125
numeric_kappa,california,mlp,0,numeric_kappa_3000,standard,25,0.11136567542363697,0.26826798915863037
numeric_kappa,california,mlp,0,numeric_kappa_3000,standard,26,0.10559024846281252,0.2593342065811157
numeric_kappa,california,mlp,0,numeric_kappa_3000,standard,27,0.10668615864115864,0.26596492528915405
numeric_kappa,california,mlp,0,numeric_kappa_3000,standard,28,0.10546969567209163,0.26121577620506287
numeric_kappa,california,mlp,0,numeric_kappa_3000,standard,29,0.10345373868612853,0.26745131611824036
numeric_kappa,california,mlp,0,numeric_kappa_3000,standard,30,0.09649950072244887,0.26098018884658813
numeric_kappa,california,mlp,0,numeric_kappa_3000,standard,31,0.096164985367045,0.26142194867134094
numeric_kappa,california,mlp,0,numeric_kappa_3000,standard,32,0.09532858961775027,0.25498613715171814
numeric_kappa,california,mlp,0,numeric_kappa_3000,standard,33,0.08984962392967,0.25838610529899597
numeric_kappa,california,mlp,0,numeric_kappa_3000,standard,34,0.08628274819003759,0.2530883550643921
numeric_kappa,california,mlp,0,numeric_kappa_3000,standard,35,0.08840154496633779,0.2572779953479767
numeric_kappa,california,mlp,0,numeric_kappa_3000,standard,36,0.08868288772106081,0.25411930680274963
numeric_kappa,california,mlp,0,numeric_kappa_3000,standard,37,0.08638077225651457,0.25891026854515076
numeric_kappa,california,mlp,0,numeric_kappa_3000,standard,38,0.08423216067024973,0.2535700798034668
numeric_kappa,california,mlp,0,numeric_kappa_3000,standard,39,0.0814155465234047,0.25548312067985535
numeric_kappa,california,mlp,0,numeric_kappa_3000,standard,40,0.0812381417274439,0.25464409589767456
numeric_kappa,california,mlp,1,numeric_kappa_3000,standard,1,1.1701550101275446,0.6686570644378662
numeric_kappa,california,mlp,1,numeric_kappa_3000,standard,2,0.6116105394148973,0.5284536480903625
numeric_kappa,california,mlp,1,numeric_kappa_3000,standard,3,0.49204291000897954,0.4523141086101532
numeric_kappa,california,mlp,1,numeric_kappa_3000,standard,4,0.4182626981776383,0.4047236442565918
numeric_kappa,california,mlp,1,numeric_kappa_3000,standard,5,0.36989649852757667,0.3817262351512909
numeric_kappa,california,mlp,1,numeric_kappa_3000,standard,6,0.32600523209588084,0.3467950224876404
numeric_kappa,california,mlp,1,numeric_kappa_3000,standard,7,0.2967545779348458,0.33430561423301697
numeric_kappa,california,mlp,1,numeric_kappa_3000,standard,8,0.27213996978421223,0.32703250646591187
numeric_kappa,california,mlp,1,numeric_kappa_3000,standard,9,0.24496640653395077,0.30111774802207947
numeric_kappa,california,mlp,1,numeric_kappa_3000,standard,10,0.22396700815786627,0.3035401701927185
numeric_kappa,california,mlp,1,numeric_kappa_3000,standard,11,0.21539056119266145,0.2914592921733856
numeric_kappa,california,mlp,1,numeric_kappa_3000,standard,12,0.2037010736336489,0.287626713514328
numeric_kappa,california,mlp,1,numeric_kappa_3000,standard,13,0.19404025233814418,0.28641048073768616
numeric_kappa,california,mlp,1,numeric_kappa_3000,standard,14,0.18441825969857806,0.2760917544364929
numeric_kappa,california,mlp,1,numeric_kappa_3000,standard,15,0.171107385154974,0.2724210023880005
numeric_kappa,california,mlp,1,numeric_kappa_3000,standard,16,0.1653465788251058,0.2686757743358612
numeric_kappa,california,mlp,1,numeric_kappa_3000,standard,17,0.15679347549175024,0.26826709508895874
numeric_kappa,california,mlp,1,numeric_kappa_3000,standard,18,0.15329007303175968,0.26349925994873047
numeric_kappa,california,mlp,1,numeric_kappa_3000,standard,19,0.15164778708342175,0.2694113850593567
numeric_kappa,california,mlp,1,numeric_kappa_3000,standard,20,0.1414541348840911,0.2629845142364502
numeric_kappa,california,mlp,1,numeric_kappa_3000,standard,21,0.13737790881053208,0.2574305534362793
numeric_kappa,california,mlp,1,numeric_kappa_3000,standard,22,0.12994991336180012,0.26093804836273193
numeric_kappa,california,mlp,1,numeric_kappa_3000,standard,23,0.12849798815257074,0.2617645859718323
numeric_kappa,california,mlp,1,numeric_kappa_3000,standard,24,0.12543473321372242,0.24807709455490112
numeric_kappa,california,mlp,1,numeric_kappa_3000,standard,25,0.12127612110909004,0.2594621777534485
numeric_kappa,california,mlp,1,numeric_kappa_3000,standard,26,0.11578102232388449,0.25835856795310974
numeric_kappa,california,mlp,1,numeric_kappa_3000,standard,27,0.1141632552779644,0.25432339310646057
numeric_kappa,california,mlp,1,numeric_kappa_3000,standard,28,0.10998669721891792,0.25727134943008423
numeric_kappa,california,mlp,1,numeric_kappa_3000,standard,29,0.10660475588479296,0.24839575588703156
numeric_kappa,california,mlp,1,numeric_kappa_3000,standard,30,0.10634798076162007,0.259445458650589
numeric_kappa,california,mlp,1,numeric_kappa_3000,standard,31,0.10491526987832593,0.2470010668039322
numeric_kappa,california,mlp,1,numeric_kappa_3000,standard,32,0.1005058076309665,0.25465157628059387
numeric_kappa,california,mlp,1,numeric_kappa_3000,standard,33,0.10025195775103611,0.2530183494091034
numeric_kappa,california,mlp,1,numeric_kappa_3000,standard,34,0.09738130063028355,0.2463054060935974
numeric_kappa,california,mlp,1,numeric_kappa_3000,standard,35,0.09264800601845227,0.24324926733970642
numeric_kappa,california,mlp,1,numeric_kappa_3000,standard,36,0.0951259271928107,0.25187841057777405
numeric_kappa,california,mlp,1,numeric_kappa_3000,standard,37,0.09174082515024744,0.24911341071128845
numeric_kappa,california,mlp,1,numeric_kappa_3000,standard,38,0.0904598103892443,0.24401026964187622
numeric_kappa,california,mlp,1,numeric_kappa_3000,standard,39,0.08940717201315848,0.24983786046504974
numeric_kappa,california,mlp,1,numeric_kappa_3000,standard,40,0.08647091856731294,0.250760018825531
numeric_kappa,california,mlp,2,numeric_kappa_3000,standard,1,1.3298876441367073,0.7101573944091797
numeric_kappa,california,mlp,2,numeric_kappa_3000,standard,2,0.6409038385287918,0.5569067001342773
numeric_kappa,california,mlp,2,numeric_kappa_3000,standard,3,0.5222597880595945,0.47658607363700867
numeric_kappa,california,mlp,2,numeric_kappa_3000,standard,4,0.44788159287772755,0.42663517594337463
numeric_kappa,california,mlp,2,numeric_kappa_3000,standard,5,0.3860630233852406,0.39581677317619324
numeric_kappa,california,mlp,2,numeric_kappa_3000,standard,6,0.3455855976024487,0.3619377017021179
numeric_kappa,california,mlp,2,numeric_kappa_3000,standard,7,0.30438384528109197,0.3301611542701721
numeric_kappa,california,mlp,2,numeric_kappa_3000,standard,8,0.2828758283281987,0.31534862518310547
numeric_kappa,california,mlp,2,numeric_kappa_3000,standard,9,0.2561028192763307,0.3096886873245239
numeric_kappa,california,mlp,2,numeric_kappa_3000,standard,10,0.2424943671719078,0.3064397871494293
numeric_kappa,california,mlp,2,numeric_kappa_3000,standard,11,0.22339964859219755,0.2927311062812805
numeric_kappa,california,mlp,2,numeric_kappa_3000,standard,12,0.2143316456705537,0.289768785238266
numeric_kappa,california,mlp,2,numeric_kappa_3000,standard,13,0.2003720613278703,0.2920907437801361
numeric_kappa,california,mlp,2,numeric_kappa_3000,standard,14,0.1838835883812013,0.2780005633831024
numeric_kappa,california,mlp,2,numeric_kappa_3000,standard,15,0.18256740427498236,0.28752487897872925
numeric_kappa,california,mlp,2,numeric_kappa_3000,standard,16,0.1730575744073661,0.27655941247940063
numeric_kappa,california,mlp,2,numeric_kappa_3000,standard,17,0.16629358070972822,0.2682103216648102
numeric_kappa,california,mlp,2,numeric_kappa_3000,standard,18,0.1565895777048192,0.2713072896003723
numeric_kappa,california,mlp,2,numeric_kappa_3000,standard,19,0.1499119517534071,0.2688908874988556
numeric_kappa,california,mlp,2,numeric_kappa_3000,standard,20,0.14987720616905809,0.2699158191680908
numeric_kappa,california,mlp,2,numeric_kappa_3000,standard,21,0.141941988986648,0.2622542679309845
numeric_kappa,california,mlp,2,numeric_kappa_3000,standard,22,0.13970781911921198,0.2563115358352661
numeric_kappa,california,mlp,2,numeric_kappa_3000,standard,23,0.13459059745535842,0.26232650876045227
numeric_kappa,california,mlp,2,numeric_kappa_3000,standard,24,0.13307375202244656,0.25893738865852356
numeric_kappa,california,mlp,2,numeric_kappa_3000,standard,25,0.12420557779112973,0.26062241196632385
numeric_kappa,california,mlp,2,numeric_kappa_3000,standard,26,0.12264712193672135,0.26415830850601196
numeric_kappa,california,mlp,2,numeric_kappa_3000,standard,27,0.11885557730545905,0.2604288160800934
numeric_kappa,california,mlp,2,numeric_kappa_3000,standard,28,0.11409964496889576,0.25729238986968994
numeric_kappa,california,mlp,2,numeric_kappa_3000,standard,29,0.11164237625625621,0.25718727707862854
numeric_kappa,california,mlp,3,numeric_kappa_3000,standard,1,1.0036105261237789,0.6244340538978577
numeric_kappa,california,mlp,3,numeric_kappa_3000,standard,2,0.5776463230035804,0.5066224932670593
numeric_kappa,california,mlp,3,numeric_kappa_3000,standard,3,0.46512947045337133,0.44404706358909607
numeric_kappa,california,mlp,3,numeric_kappa_3000,standard,4,0.3937216529050019,0.400044709444046
numeric_kappa,california,mlp,3,numeric_kappa_3000,standard,5,0.3391324363209494,0.3709067404270172
numeric_kappa,california,mlp,3,numeric_kappa_3000,standard,6,0.3059195581753363,0.334945410490036
numeric_kappa,california,mlp,3,numeric_kappa_3000,standard,7,0.27655125422168714,0.32956981658935547
numeric_kappa,california,mlp,3,numeric_kappa_3000,standard,8,0.25645960560221487,0.31541693210601807
numeric_kappa,california,mlp,3,numeric_kappa_3000,standard,9,0.23531722550686723,0.3101463317871094
numeric_kappa,california,mlp,3,numeric_kappa_3000,standard,10,0.21819409472195636,0.3070679306983948
numeric_kappa,california,mlp,3,numeric_kappa_3000,standard,11,0.1994150629041052,0.2957126200199127
numeric_kappa,california,mlp,3,numeric_kappa_3000,standard,12,0.18811521855091218,0.2961423993110657
numeric_kappa,california,mlp,3,numeric_kappa_3000,standard,13,0.1822833824344078,0.29401442408561707
numeric_kappa,california,mlp,3,numeric_kappa_3000,standard,14,0.17096891092021294,0.2927694022655487
numeric_kappa,california,mlp,3,numeric_kappa_3000,standard,15,0.16082442733194421,0.2916492819786072
numeric_kappa,california,mlp,3,numeric_kappa_3000,standard,16,0.1563336825499844,0.2858850061893463
numeric_kappa,california,mlp,3,numeric_kappa_3000,standard,17,0.14724188329179133,0.28031978011131287
numeric_kappa,california,mlp,3,numeric_kappa_3000,standard,18,0.140927729027842,0.285194993019104
numeric_kappa,california,mlp,3,numeric_kappa_3000,standard,19,0.1395611544260602,0.276713103055954
numeric_kappa,california,mlp,3,numeric_kappa_3000,standard,20,0.1344469387541975,0.27698686718940735
numeric_kappa,california,mlp,3,numeric_kappa_3000,standard,21,0.13049928742671088,0.2850648760795593
numeric_kappa,california,mlp,3,numeric_kappa_3000,standard,22,0.1237458336568996,0.27214178442955017
numeric_kappa,california,mlp,3,numeric_kappa_3000,standard,23,0.12253719412066193,0.2703873813152313
numeric_kappa,california,mlp,3,numeric_kappa_3000,standard,24,0.11748777575510548,0.27068811655044556
numeric_kappa,california,mlp,3,numeric_kappa_3000,standard,25,0.11593920908018285,0.27357152104377747
numeric_kappa,california,mlp,3,numeric_kappa_3000,standard,26,0.10988848186841532,0.27233320474624634
numeric_kappa,california,mlp,3,numeric_kappa_3000,standard,27,0.10997514892841903,0.2751661241054535
numeric_kappa,california,mlp,3,numeric_kappa_3000,standard,28,0.10651010980405005,0.2689032554626465
numeric_kappa,california,mlp,3,numeric_kappa_3000,standard,29,0.10088090214801328,0.26164600253105164
numeric_kappa,california,mlp,3,numeric_kappa_3000,standard,30,0.1011432066172851,0.26746392250061035
numeric_kappa,california,mlp,3,numeric_kappa_3000,standard,31,0.0977750719022278,0.2678636610507965
numeric_kappa,california,mlp,3,numeric_kappa_3000,standard,32,0.0968523049766989,0.26587241888046265
numeric_kappa,california,mlp,3,numeric_kappa_3000,standard,33,0.09441483862406462,0.27409520745277405
numeric_kappa,california,mlp,3,numeric_kappa_3000,standard,34,0.09184153419411312,0.2627558708190918
numeric_kappa,california,mlp,3,numeric_kappa_3000,standard,35,0.09344350972402303,0.26428094506263733
numeric_kappa,california,mlp,3,numeric_kappa_3000,standard,36,0.09306388042624077,0.27370908856391907
numeric_kappa,california,mlp,4,numeric_kappa_3000,standard,1,1.20016413080547,0.7000724673271179
numeric_kappa,california,mlp,4,numeric_kappa_3000,standard,2,0.6248616276569627,0.5322679281234741
numeric_kappa,california,mlp,4,numeric_kappa_3000,standard,3,0.5001181906182397,0.4657214283943176
numeric_kappa,california,mlp,4,numeric_kappa_3000,standard,4,0.4247960499977486,0.41748782992362976
numeric_kappa,california,mlp,4,numeric_kappa_3000,standard,5,0.37144404501501277,0.38056424260139465
numeric_kappa,california,mlp,4,numeric_kappa_3000,standard,6,0.3339391838674858,0.35767534375190735
numeric_kappa,california,mlp,4,numeric_kappa_3000,standard,7,0.3021011105325764,0.3334948420524597
numeric_kappa,california,mlp,4,numeric_kappa_3000,standard,8,0.27678752799472367,0.3264957666397095
numeric_kappa,california,mlp,4,numeric_kappa_3000,standard,9,0.24563881513685973,0.3094923496246338
numeric_kappa,california,mlp,4,numeric_kappa_3000,standard,10,0.2321271483791128,0.31112509965896606
numeric_kappa,california,mlp,4,numeric_kappa_3000,standard,11,0.22125925506345345,0.3031141757965088
numeric_kappa,california,mlp,4,numeric_kappa_3000,standard,12,0.20498212974540253,0.29478952288627625
numeric_kappa,california,mlp,4,numeric_kappa_3000,standard,13,0.19539955545359786,0.29503461718559265
numeric_kappa,california,mlp,4,numeric_kappa_3000,standard,14,0.18594148945723576,0.2832728624343872
numeric_kappa,california,mlp,4,numeric_kappa_3000,standard,15,0.1734015804938467,0.2899603843688965
numeric_kappa,california,mlp,4,numeric_kappa_3000,standard,16,0.1686126708869308,0.286461740732193
numeric_kappa,california,mlp,4,numeric_kappa_3000,standard,17,0.16170729654108207,0.29411131143569946
numeric_kappa,california,mlp,4,numeric_kappa_3000,standard,18,0.15517251831129306,0.2781723439693451
numeric_kappa,california,mlp,4,numeric_kappa_3000,standard,19,0.15299371805825215,0.28104647994041443
numeric_kappa,california,mlp,4,numeric_kappa_3000,standard,20,0.14762853142738486,0.2830442190170288
numeric_kappa,california,mlp,4,numeric_kappa_3000,standard,21,0.13998874280429985,0.2871914505958557
numeric_kappa,california,mlp,4,numeric_kappa_3000,standard,22,0.13634597975387014,0.28521960973739624
numeric_kappa,california,mlp,4,numeric_kappa_3000,standard,23,0.12959646725827878,0.2726024091243744
numeric_kappa,california,mlp,4,numeric_kappa_3000,standard,24,0.1253908735020479,0.2619905471801758
numeric_kappa,california,mlp,4,numeric_kappa_3000,standard,25,0.11883457028037332,0.26421576738357544
numeric_kappa,california,mlp,4,numeric_kappa_3000,standard,26,0.12160482520509862,0.270668625831604
numeric_kappa,california,mlp,4,numeric_kappa_3000,standard,27,0.11375201542123062,0.2637445628643036
numeric_kappa,california,mlp,4,numeric_kappa_3000,standard,28,0.11138102470828957,0.26314911246299744
numeric_kappa,california,mlp,4,numeric_kappa_3000,standard,29,0.11191274985491674,0.2711728513240814
numeric_kappa,california,mlp,4,numeric_kappa_3000,standard,30,0.10797548963824322,0.2683054804801941
numeric_kappa,california,mlp,4,numeric_kappa_3000,standard,31,0.10340660917979148,0.2674959599971771
numeric_kappa,diamond,mlp,0,numeric_kappa_1,standard,1,0.1882728330899126,0.07069654762744904
numeric_kappa,diamond,mlp,0,numeric_kappa_1,standard,2,0.0559937326131642,0.0421498566865921
numeric_kappa,diamond,mlp,0,numeric_kappa_1,standard,3,0.040185871425191526,0.032297223806381226
numeric_kappa,diamond,mlp,0,numeric_kappa_1,standard,4,0.034877853289733037,0.027269305661320686
numeric_kappa,diamond,mlp,0,numeric_kappa_1,standard,5,0.03176614028545711,0.02830495499074459
numeric_kappa,diamond,mlp,0,numeric_kappa_1,standard,6,0.02962409867522661,0.023488540202379227
numeric_kappa,diamond,mlp,0,numeric_kappa_1,standard,7,0.026770891891870922,0.026907384395599365
numeric_kappa,diamond,mlp,0,numeric_kappa_1,standard,8,0.026610938224069874,0.02725190483033657
numeric_kappa,diamond,mlp,0,numeric_kappa_1,standard,9,0.025575293788102527,0.024287790060043335
numeric_kappa,diamond,mlp,0,numeric_kappa_1,standard,10,0.023273921604882418,0.022279558703303337
numeric_kappa,diamond,mlp,0,numeric_kappa_1,standard,11,0.024069252656361312,0.02239053137600422
numeric_kappa,diamond,mlp,0,numeric_kappa_1,standard,12,0.02357035406543138,0.02112346701323986
numeric_kappa,diamond,mlp,0,numeric_kappa_1,standard,13,0.022367086192284183,0.022521570324897766
numeric_kappa,diamond,mlp,0,numeric_kappa_1,standard,14,0.021897604742850994,0.02425353229045868
numeric_kappa,diamond,mlp,0,numeric_kappa_1,standard,15,0.022641076605963092,0.022657060995697975
numeric_kappa,diamond,mlp,0,numeric_kappa_1,standard,16,0.02115516987714244,0.021105658262968063
numeric_kappa,diamond,mlp,0,numeric_kappa_1,standard,17,0.02060437760885647,0.021503522992134094
numeric_kappa,diamond,mlp,0,numeric_kappa_1,standard,18,0.020052301647603823,0.02333913929760456
numeric_kappa,diamond,mlp,0,numeric_kappa_1,standard,19,0.020511518152884052,0.026181461289525032
numeric_kappa,diamond,mlp,0,numeric_kappa_1,standard,20,0.02073967500296074,0.020376618951559067
numeric_kappa,diamond,mlp,0,numeric_kappa_1,standard,21,0.01965549390958692,0.021154526621103287
numeric_kappa,diamond,mlp,0,numeric_kappa_1,standard,22,0.01912275550703589,0.020770903676748276
numeric_kappa,diamond,mlp,0,numeric_kappa_1,standard,23,0.01887454756555203,0.020015748217701912
numeric_kappa,diamond,mlp,0,numeric_kappa_1,standard,24,0.018557193559093167,0.021296456456184387
numeric_kappa,diamond,mlp,0,numeric_kappa_1,standard,25,0.018487124336459163,0.021290669217705727
numeric_kappa,diamond,mlp,0,numeric_kappa_1,standard,26,0.018099200356333948,0.019935015588998795
numeric_kappa,diamond,mlp,0,numeric_kappa_1,standard,27,0.018180345167160373,0.020998088642954826
numeric_kappa,diamond,mlp,0,numeric_kappa_1,standard,28,0.017926922464232123,0.021683644503355026
numeric_kappa,diamond,mlp,0,numeric_kappa_1,standard,29,0.018033663113457846,0.02030898630619049
numeric_kappa,diamond,mlp,0,numeric_kappa_1,standard,30,0.017532968573197336,0.02066837064921856
numeric_kappa,diamond,mlp,0,numeric_kappa_1,standard,31,0.017285837343478504,0.02109120413661003
numeric_kappa,diamond,mlp,0,numeric_kappa_1,standard,32,0.017701602972214493,0.023739712312817574
numeric_kappa,diamond,mlp,0,numeric_kappa_1,standard,33,0.01725329398141548,0.019520701840519905
numeric_kappa,diamond,mlp,0,numeric_kappa_1,standard,34,0.017107071231585873,0.020383888855576515
numeric_kappa,diamond,mlp,0,numeric_kappa_1,standard,35,0.016899034859833968,0.02216309867799282
numeric_kappa,diamond,mlp,0,numeric_kappa_1,standard,36,0.01701813270599975,0.020612576976418495
numeric_kappa,diamond,mlp,0,numeric_kappa_1,standard,37,0.017369642714285344,0.02152222953736782
numeric_kappa,diamond,mlp,0,numeric_kappa_1,standard,38,0.016587157774934493,0.02013104408979416
numeric_kappa,diamond,mlp,0,numeric_kappa_1,standard,39,0.016664865302321624,0.02105792425572872
numeric_kappa,diamond,mlp,0,numeric_kappa_1,standard,40,0.016553511466628198,0.020548202097415924
numeric_kappa,diamond,mlp,1,numeric_kappa_1,standard,1,0.18795247948318025,0.07199670374393463
numeric_kappa,diamond,mlp,1,numeric_kappa_1,standard,2,0.05880270140431546,0.04333921894431114
numeric_kappa,diamond,mlp,1,numeric_kappa_1,standard,3,0.04231467733447737,0.03302726522088051
numeric_kappa,diamond,mlp,1,numeric_kappa_1,standard,4,0.035744145475998114,0.02914857305586338
numeric_kappa,diamond,mlp,1,numeric_kappa_1,standard,5,0.03206829083848456,0.028066767379641533
numeric_kappa,diamond,mlp,1,numeric_kappa_1,standard,6,0.03023296690004708,0.025905344635248184
numeric_kappa,diamond,mlp,1,numeric_kappa_1,standard,7,0.027678234083563152,0.023968663066625595
numeric_kappa,diamond,mlp,1,numeric_kappa_1,standard,8,0.027286862878687933,0.02409682236611843
numeric_kappa,diamond,mlp,1,numeric_kappa_1,standard,9,0.02586432581352026,0.02269829995930195
numeric_kappa,diamond,mlp,1,numeric_kappa_1,standard,10,0.024458252032729083,0.02206607535481453
numeric_kappa,diamond,mlp,1,numeric_kappa_1,standard,11,0.02267117331515133,0.023915447294712067
numeric_kappa,diamond,mlp,1,numeric_kappa_1,standard,12,0.022820757122442234,0.02152222953736782
numeric_kappa,diamond,mlp,1,numeric_kappa_1,standard,13,0.0221283745866348,0.022120270878076553
numeric_kappa,diamond,mlp,1,numeric_kappa_1,standard,14,0.02254988282755117,0.02112884260714054
numeric_kappa,diamond,mlp,1,numeric_kappa_1,standard,15,0.021043558754718618,0.02153991162776947
numeric_kappa,diamond,mlp,1,numeric_kappa_1,standard,16,0.021697337030554008,0.02186521887779236
numeric_kappa,diamond,mlp,1,numeric_kappa_1,standard,17,0.021138376775644584,0.02060168981552124
numeric_kappa,diamond,mlp,1,numeric_kappa_1,standard,18,0.01989691257613857,0.022078925743699074
numeric_kappa,diamond,mlp,1,numeric_kappa_1,standard,19,0.019442188200823007,0.025176044553518295
numeric_kappa,diamond,mlp,1,numeric_kappa_1,standard,20,0.020572643412333703,0.0200455691665411
numeric_kappa,diamond,mlp,1,numeric_kappa_1,standard,21,0.0202113454356146,0.02286035194993019
numeric_kappa,diamond,mlp,1,numeric_kappa_1,standard,22,0.019006586283361618,0.01996763050556183
numeric_kappa,diamond,mlp,1,numeric_kappa_1,standard,23,0.01891444905125174,0.02271939627826214
numeric_kappa,diamond,mlp,1,numeric_kappa_1,standard,24,0.018941442134070688,0.02022681199014187
numeric_kappa,diamond,mlp,1,numeric_kappa_1,standard,25,0.01840654438541364,0.022636231034994125
numeric_kappa,diamond,mlp,1,numeric_kappa_1,standard,26,0.01858939954802251,0.022229041904211044
numeric_kappa,diamond,mlp,1,numeric_kappa_1,standard,27,0.018028551802362455,0.02134077250957489
numeric_kappa,diamond,mlp,1,numeric_kappa_1,standard,28,0.01782275968961594,0.021548116579651833
numeric_kappa,diamond,mlp,1,numeric_kappa_1,standard,29,0.01797731128709546,0.02010156586766243
numeric_kappa,diamond,mlp,2,numeric_kappa_1,standard,1,0.19267430410822037,0.07243432104587555
numeric_kappa,diamond,mlp,2,numeric_kappa_1,standard,2,0.05707171637819466,0.038425397127866745
numeric_kappa,diamond,mlp,2,numeric_kappa_1,standard,3,0.04159381492665832,0.034577805548906326
numeric_kappa,diamond,mlp,2,numeric_kappa_1,standard,4,0.03439109555752977,0.02682940661907196
numeric_kappa,diamond,mlp,2,numeric_kappa_1,standard,5,0.032574574136873174,0.03005354106426239
numeric_kappa,diamond,mlp,2,numeric_kappa_1,standard,6,0.029676597926599817,0.027284089475870132
numeric_kappa,diamond,mlp,2,numeric_kappa_1,standard,7,0.027275199865681308,0.023881150409579277
numeric_kappa,diamond,mlp,2,numeric_kappa_1,standard,8,0.02693194146144104,0.028414994478225708
numeric_kappa,diamond,mlp,2,numeric_kappa_1,standard,9,0.025249337113879826,0.024151744320988655
numeric_kappa,diamond,mlp,2,numeric_kappa_1,standard,10,0.023919178188161815,0.022975223138928413
numeric_kappa,diamond,mlp,2,numeric_kappa_1,standard,11,0.023151916294440928,0.022474531084299088
numeric_kappa,diamond,mlp,2,numeric_kappa_1,standard,12,0.0231801447969294,0.02135748416185379
numeric_kappa,diamond,mlp,2,numeric_kappa_1,standard,13,0.021918490676092837,0.022645393386483192
numeric_kappa,diamond,mlp,2,numeric_kappa_1,standard,14,0.02359001636766278,0.02183224819600582
numeric_kappa,diamond,mlp,2,numeric_kappa_1,standard,15,0.02205389975644198,0.02181970328092575
numeric_kappa,diamond,mlp,2,numeric_kappa_1,standard,16,0.021284776825702453,0.020148906856775284
numeric_kappa,diamond,mlp,2,numeric_kappa_1,standard,17,0.019846014779593416,0.0252589862793684
numeric_kappa,diamond,mlp,2,numeric_kappa_1,standard,18,0.021078398154823975,0.020613186061382294
numeric_kappa,diamond,mlp,2,numeric_kappa_1,standard,19,0.01983537747354202,0.021558672189712524
numeric_kappa,diamond,mlp,2,numeric_kappa_1,standard,20,0.019952619049401026,0.02139885351061821
numeric_kappa,diamond,mlp,2,numeric_kappa_1,standard,21,0.019363632818310005,0.021309880539774895
numeric_kappa,diamond,mlp,2,numeric_kappa_1,standard,22,0.01881582835362586,0.01964516006410122
numeric_kappa,diamond,mlp,2,numeric_kappa_1,standard,23,0.018321900146051773,0.02051670476794243
numeric_kappa,diamond,mlp,2,numeric_kappa_1,standard,24,0.018824524203961943,0.0206198338419199
numeric_kappa,diamond,mlp,2,numeric_kappa_1,standard,25,0.019372619981442747,0.02046363241970539
numeric_kappa,diamond,mlp,2,numeric_kappa_1,standard,26,0.01864555157031042,0.021506095305085182
numeric_kappa,diamond,mlp,2,numeric_kappa_1,standard,27,0.01821327864131374,0.020571326836943626
numeric_kappa,diamond,mlp,2,numeric_kappa_1,standard,28,0.018325933909239478,0.020277254283428192
numeric_kappa,diamond,mlp,2,numeric_kappa_1,standard,29,0.017807237122083024,0.021135549992322922
numeric_kappa,diamond,mlp,3,numeric_kappa_1,standard,1,0.18307884875822567,0.07104984670877457
numeric_kappa,diamond,mlp,3,numeric_kappa_1,standard,2,0.05601627003134,0.038668639957904816
numeric_kappa,diamond,mlp,3,numeric_kappa_1,standard,3,0.04176256335176007,0.030650945380330086
numeric_kappa,diamond,mlp,3,numeric_kappa_1,standard,4,0.03540376588056446,0.033330827951431274
numeric_kappa,diamond,mlp,3,numeric_kappa_1,standard,5,0.03438711106317047,0.029210053384304047
numeric_kappa,diamond,mlp,3,numeric_kappa_1,standard,6,0.02857312250012926,0.028994321823120117
numeric_kappa,diamond,mlp,3,numeric_kappa_1,standard,7,0.027630710553849774,0.02490144409239292
numeric_kappa,diamond,mlp,3,numeric_kappa_1,standard,8,0.026093261632174257,0.025386404246091843
numeric_kappa,diamond,mlp,3,numeric_kappa_1,standard,9,0.025950976502265657,0.024199357256293297
numeric_kappa,diamond,mlp,3,numeric_kappa_1,standard,10,0.02434115292270419,0.021904077380895615
numeric_kappa,diamond,mlp,3,numeric_kappa_1,standard,11,0.023202220121877868,0.021345701068639755
numeric_kappa,diamond,mlp,3,numeric_kappa_1,standard,12,0.022571776478419483,0.02212960086762905
numeric_kappa,diamond,mlp,3,numeric_kappa_1,standard,13,0.022357681610648678,0.02418106235563755
numeric_kappa,diamond,mlp,3,numeric_kappa_1,standard,14,0.02104260882117813,0.02621063031256199
numeric_kappa,diamond,mlp,3,numeric_kappa_1,standard,15,0.02179987217964092,0.021817348897457123
numeric_kappa,diamond,mlp,3,numeric_kappa_1,standard,16,0.02138869476904633,0.022845108062028885
numeric_kappa,diamond,mlp,3,numeric_kappa_1,standard,17,0.020208362054506785,0.020643141120672226
numeric_kappa,diamond,mlp,3,numeric_kappa_1,standard,18,0.020248262553820933,0.021777784451842308
numeric_kappa,diamond,mlp,3,numeric_kappa_1,standard,19,0.01993814843538792,0.021148663014173508
numeric_kappa,diamond,mlp,3,numeric_kappa_1,standard,20,0.019747331794317348,0.020770136266946793
numeric_kappa,diamond,mlp,3,numeric_kappa_1,standard,21,0.01904616288616094,0.0208671223372221
numeric_kappa,diamond,mlp,3,numeric_kappa_1,standard,22,0.019238869516697867,0.020455440506339073
numeric_kappa,diamond,mlp,3,numeric_kappa_1,standard,23,0.019490741628240865,0.020951252430677414
numeric_kappa,diamond,mlp,3,numeric_kappa_1,standard,24,0.019278740387754494,0.022531816735863686
numeric_kappa,diamond,mlp,3,numeric_kappa_1,standard,25,0.019435852401504364,0.023690536618232727
numeric_kappa,diamond,mlp,3,numeric_kappa_1,standard,26,0.01841276890572689,0.02070772275328636
numeric_kappa,diamond,mlp,3,numeric_kappa_1,standard,27,0.01767070720417451,0.02253492921590805
numeric_kappa,diamond,mlp,3,numeric_kappa_1,standard,28,0.017956881722445767,0.0205007903277874
numeric_kappa,diamond,mlp,3,numeric_kappa_1,standard,29,0.0175325022367477,0.020924869924783707
numeric_kappa,diamond,mlp,4,numeric_kappa_1,standard,1,0.18937901003127447,0.07774164527654648
numeric_kappa,diamond,mlp,4,numeric_kappa_1,standard,2,0.06139295297603315,0.04152538999915123
numeric_kappa,diamond,mlp,4,numeric_kappa_1,standard,3,0.043236448301782006,0.030796656385064125
numeric_kappa,diamond,mlp,4,numeric_kappa_1,standard,4,0.036378932144868516,0.03255503624677658
numeric_kappa,diamond,mlp,4,numeric_kappa_1,standard,5,0.032333302669090506,0.02706972137093544
numeric_kappa,diamond,mlp,4,numeric_kappa_1,standard,6,0.029894416358157122,0.02734428644180298
numeric_kappa,diamond,mlp,4,numeric_kappa_1,standard,7,0.02875862499349194,0.027264270931482315
numeric_kappa,diamond,mlp,4,numeric_kappa_1,standard,8,0.026327680588812727,0.025079039856791496
numeric_kappa,diamond,mlp,4,numeric_kappa_1,standard,9,0.02543721900080005,0.02602389268577099
numeric_kappa,diamond,mlp,4,numeric_kappa_1,standard,10,0.02475624303474963,0.023520149290561676
numeric_kappa,diamond,mlp,4,numeric_kappa_1,standard,11,0.0231249984497306,0.024815525859594345
numeric_kappa,diamond,mlp,4,numeric_kappa_1,standard,12,0.023080991444679375,0.022379443049430847
numeric_kappa,diamond,mlp,4,numeric_kappa_1,standard,13,0.02231862867007531,0.021678738296031952
numeric_kappa,diamond,mlp,4,numeric_kappa_1,standard,14,0.02338614339274773,0.02246296964585781
numeric_kappa,diamond,mlp,4,numeric_kappa_1,standard,15,0.021607481296188825,0.026850048452615738
numeric_kappa,diamond,mlp,4,numeric_kappa_1,standard,16,0.021128781767099244,0.02208084426820278
numeric_kappa,diamond,mlp,4,numeric_kappa_1,standard,17,0.020845158077259094,0.021805141121149063
numeric_kappa,diamond,mlp,4,numeric_kappa_1,standard,18,0.019952140381863884,0.020401665940880775
numeric_kappa,diamond,mlp,4,numeric_kappa_1,standard,19,0.02050888838662958,0.021433986723423004
numeric_kappa,diamond,mlp,4,numeric_kappa_1,standard,20,0.020467844609686873,0.020792188122868538
numeric_kappa,diamond,mlp,4,numeric_kappa_1,standard,21,0.021145367992044806,0.021735703572630882
numeric_kappa,diamond,mlp,4,numeric_kappa_1,standard,22,0.01977734565510403,0.022391507402062416
numeric_kappa,diamond,mlp,4,numeric_kappa_1,standard,23,0.019353358843962068,0.02199082262814045
numeric_kappa,diamond,mlp,4,numeric_kappa_1,standard,24,0.01893269833849523,0.02011311613023281
numeric_kappa,diamond,mlp,4,numeric_kappa_1,standard,25,0.019265437971620673,0.020589830353856087
numeric_kappa,diamond,mlp,4,numeric_kappa_1,standard,26,0.018682987273616964,0.02143675461411476
numeric_kappa,diamond,mlp,4,numeric_kappa_1,standard,27,0.017904620907430453,0.020166123285889626
numeric_kappa,diamond,mlp,4,numeric_kappa_1,standard,28,0.019073905172195278,0.022088591009378433
numeric_kappa,diamond,mlp,4,numeric_kappa_1,standard,29,0.018000609212046475,0.021684007719159126
numeric_kappa,diamond,mlp,4,numeric_kappa_1,standard,30,0.017938936284877954,0.023236235603690147
numeric_kappa,diamond,mlp,4,numeric_kappa_1,standard,31,0.017679924936618435,0.020848572254180908
numeric_kappa,diamond,mlp,0,numeric_kappa_3,standard,1,0.19123527434754112,0.07307102531194687
numeric_kappa,diamond,mlp,0,numeric_kappa_3,standard,2,0.05803162618642341,0.04333220422267914
numeric_kappa,diamond,mlp,0,numeric_kappa_3,standard,3,0.0417663711159994,0.0331057570874691
numeric_kappa,diamond,mlp,0,numeric_kappa_3,standard,4,0.03616305647934216,0.02828104980289936
numeric_kappa,diamond,mlp,0,numeric_kappa_3,standard,5,0.03315830874051457,0.02938999980688095
numeric_kappa,diamond,mlp,0,numeric_kappa_3,standard,6,0.031314765372325186,0.024929184466600418
numeric_kappa,diamond,mlp,0,numeric_kappa_3,standard,7,0.02735497366567603,0.027083374559879303
numeric_kappa,diamond,mlp,0,numeric_kappa_3,standard,8,0.026977931428503743,0.02733088657259941
numeric_kappa,diamond,mlp,0,numeric_kappa_3,standard,9,0.026026711069842345,0.025251679122447968
numeric_kappa,diamond,mlp,0,numeric_kappa_3,standard,10,0.023869717507682083,0.022866256535053253
numeric_kappa,diamond,mlp,0,numeric_kappa_3,standard,11,0.02422269359810492,0.022493939846754074
numeric_kappa,diamond,mlp,0,numeric_kappa_3,standard,12,0.023964760658958705,0.022176997736096382
numeric_kappa,diamond,mlp,0,numeric_kappa_3,standard,13,0.022795586869889375,0.021751362830400467
numeric_kappa,diamond,mlp,0,numeric_kappa_3,standard,14,0.022000849070539792,0.0245062205940485
numeric_kappa,diamond,mlp,0,numeric_kappa_3,standard,15,0.02288016394017687,0.022671261802315712
numeric_kappa,diamond,mlp,0,numeric_kappa_3,standard,16,0.02130224711504307,0.021525714546442032
numeric_kappa,diamond,mlp,0,numeric_kappa_3,standard,17,0.020721575623444902,0.022266412153840065
numeric_kappa,diamond,mlp,0,numeric_kappa_3,standard,18,0.020440525058390925,0.023089420050382614
numeric_kappa,diamond,mlp,0,numeric_kappa_3,standard,19,0.020717195020147666,0.025802006945014
numeric_kappa,diamond,mlp,0,numeric_kappa_3,standard,20,0.020724557982447704,0.020353520289063454
numeric_kappa,diamond,mlp,0,numeric_kappa_3,standard,21,0.019801442932162377,0.021022656932473183
numeric_kappa,diamond,mlp,0,numeric_kappa_3,standard,22,0.01964590028738245,0.021368512883782387
numeric_kappa,diamond,mlp,0,numeric_kappa_3,standard,23,0.019304882385427394,0.020278526470065117
numeric_kappa,diamond,mlp,0,numeric_kappa_3,standard,24,0.019199614666275216,0.021062135696411133
numeric_kappa,diamond,mlp,0,numeric_kappa_3,standard,25,0.01882314815658006,0.021054480224847794
numeric_kappa,diamond,mlp,0,numeric_kappa_3,standard,26,0.018412693806961884,0.0196439977735281
numeric_kappa,diamond,mlp,0,numeric_kappa_3,standard,27,0.018447570917794278,0.020462287589907646
numeric_kappa,diamond,mlp,0,numeric_kappa_3,standard,28,0.018180589099511202,0.021196924149990082
numeric_kappa,diamond,mlp,0,numeric_kappa_3,standard,29,0.017832348709110452,0.021179286763072014
numeric_kappa,diamond,mlp,0,numeric_kappa_3,standard,30,0.01781031879739425,0.020559564232826233
numeric_kappa,diamond,mlp,0,numeric_kappa_3,standard,31,0.017746035487113905,0.02152048423886299
numeric_kappa,diamond,mlp,0,numeric_kappa_3,standard,32,0.017822499758648136,0.02297833189368248
numeric_kappa,diamond,mlp,0,numeric_kappa_3,standard,33,0.017615128353804438,0.0197324026376009
numeric_kappa,diamond,mlp,1,numeric_kappa_3,standard,1,0.1900801395581991,0.07427677512168884
numeric_kappa,diamond,mlp,1,numeric_kappa_3,standard,2,0.06000973583122438,0.04362864047288895
numeric_kappa,diamond,mlp,1,numeric_kappa_3,standard,3,0.04288503624461506,0.033449020236730576
numeric_kappa,diamond,mlp,1,numeric_kappa_3,standard,4,0.03648904536991767,0.030665654689073563
numeric_kappa,diamond,mlp,1,numeric_kappa_3,standard,5,0.03283795522308083,0.028467735275626183
numeric_kappa,diamond,mlp,1,numeric_kappa_3,standard,6,0.030727392646412124,0.027053410187363625
numeric_kappa,diamond,mlp,1,numeric_kappa_3,standard,7,0.027985961635627995,0.024345487356185913
numeric_kappa,diamond,mlp,1,numeric_kappa_3,standard,8,0.02701236955464967,0.02372037246823311
numeric_kappa,diamond,mlp,1,numeric_kappa_3,standard,9,0.02684090013428368,0.02320549078285694
numeric_kappa,diamond,mlp,1,numeric_kappa_3,standard,10,0.024393587536416614,0.022230347618460655
numeric_kappa,diamond,mlp,1,numeric_kappa_3,standard,11,0.022628772153672143,0.023871617391705513
numeric_kappa,diamond,mlp,1,numeric_kappa_3,standard,12,0.022678565114809077,0.02219761162996292
numeric_kappa,diamond,mlp,1,numeric_kappa_3,standard,13,0.022309703117757772,0.022486230358481407
numeric_kappa,diamond,mlp,1,numeric_kappa_3,standard,14,0.022551939667094806,0.021258361637592316
numeric_kappa,diamond,mlp,1,numeric_kappa_3,standard,15,0.021245457679840474,0.021758494898676872
numeric_kappa,diamond,mlp,1,numeric_kappa_3,standard,16,0.02156411719599845,0.021541686728596687
numeric_kappa,diamond,mlp,1,numeric_kappa_3,standard,17,0.021107313915530748,0.020578041672706604
numeric_kappa,diamond,mlp,1,numeric_kappa_3,standard,18,0.019937114712896675,0.022111454978585243
numeric_kappa,diamond,mlp,1,numeric_kappa_3,standard,19,0.019443727987965318,0.02533547393977642
numeric_kappa,diamond,mlp,1,numeric_kappa_3,standard,20,0.020349776587763286,0.020624978467822075
numeric_kappa,diamond,mlp,1,numeric_kappa_3,standard,21,0.020104160298290402,0.023223891854286194
numeric_kappa,diamond,mlp,1,numeric_kappa_3,standard,22,0.01981677224927635,0.02047073096036911
numeric_kappa,diamond,mlp,1,numeric_kappa_3,standard,23,0.019396109179509208,0.023441940546035767
numeric_kappa,diamond,mlp,1,numeric_kappa_3,standard,24,0.01944776750878283,0.020842069759964943
numeric_kappa,diamond,mlp,1,numeric_kappa_3,standard,25,0.018560913485862807,0.021585529670119286
numeric_kappa,diamond,mlp,1,numeric_kappa_3,standard,26,0.018960726627592402,0.021390607580542564
numeric_kappa,diamond,mlp,1,numeric_kappa_3,standard,27,0.018219855332162804,0.021546777337789536
numeric_kappa,diamond,mlp,1,numeric_kappa_3,standard,28,0.018154270127590477,0.021380014717578888
numeric_kappa,diamond,mlp,1,numeric_kappa_3,standard,29,0.017958492181839286,0.020560991019010544
numeric_kappa,diamond,mlp,2,numeric_kappa_3,standard,1,0.1951769347515772,0.07491398602724075
numeric_kappa,diamond,mlp,2,numeric_kappa_3,standard,2,0.05941969406840968,0.039483942091464996
numeric_kappa,diamond,mlp,2,numeric_kappa_3,standard,3,0.04312930007106559,0.037103887647390366
numeric_kappa,diamond,mlp,2,numeric_kappa_3,standard,4,0.03591863387163277,0.02831164002418518
numeric_kappa,diamond,mlp,2,numeric_kappa_3,standard,5,0.03309052383910739,0.030976932495832443
numeric_kappa,diamond,mlp,2,numeric_kappa_3,standard,6,0.03037098745875159,0.0279979407787323
numeric_kappa,diamond,mlp,2,numeric_kappa_3,standard,7,0.027885555474029378,0.024170324206352234
numeric_kappa,diamond,mlp,2,numeric_kappa_3,standard,8,0.027519766240664545,0.028086461126804352
numeric_kappa,diamond,mlp,2,numeric_kappa_3,standard,9,0.025610066754565668,0.024559084326028824
numeric_kappa,diamond,mlp,2,numeric_kappa_3,standard,10,0.02390959620021884,0.02239871211349964
numeric_kappa,diamond,mlp,2,numeric_kappa_3,standard,11,0.023337535841839896,0.022121647372841835
numeric_kappa,diamond,mlp,2,numeric_kappa_3,standard,12,0.02325621910756044,0.02105041779577732
numeric_kappa,diamond,mlp,2,numeric_kappa_3,standard,13,0.02252316619567527,0.02298678830265999
numeric_kappa,diamond,mlp,2,numeric_kappa_3,standard,14,0.02408523136967148,0.021140839904546738
numeric_kappa,diamond,mlp,2,numeric_kappa_3,standard,15,0.021778077892940773,0.021720807999372482
numeric_kappa,diamond,mlp,2,numeric_kappa_3,standard,16,0.021235056018175647,0.020440449938178062
numeric_kappa,diamond,mlp,2,numeric_kappa_3,standard,17,0.020464448750097633,0.024411827325820923
numeric_kappa,diamond,mlp,2,numeric_kappa_3,standard,18,0.021392498161861836,0.020723164081573486
numeric_kappa,diamond,mlp,2,numeric_kappa_3,standard,19,0.019997395827240954,0.022066960111260414
numeric_kappa,diamond,mlp,2,numeric_kappa_3,standard,20,0.02001813804225575,0.021677261218428612
numeric_kappa,diamond,mlp,2,numeric_kappa_3,standard,21,0.01950050561055198,0.021658239886164665
numeric_kappa,diamond,mlp,2,numeric_kappa_3,standard,22,0.018752332594410673,0.01985444687306881
numeric_kappa,diamond,mlp,2,numeric_kappa_3,standard,23,0.01867875972513585,0.020560745149850845
numeric_kappa,diamond,mlp,2,numeric_kappa_3,standard,24,0.01910006936516202,0.020276008173823357
numeric_kappa,diamond,mlp,2,numeric_kappa_3,standard,25,0.01992492658770807,0.020973874256014824
numeric_kappa,diamond,mlp,2,numeric_kappa_3,standard,26,0.01888121781022359,0.021559525281190872
numeric_kappa,diamond,mlp,2,numeric_kappa_3,standard,27,0.018227107665826598,0.020638510584831238
numeric_kappa,diamond,mlp,2,numeric_kappa_3,standard,28,0.018711324805837717,0.02065569907426834
numeric_kappa,diamond,mlp,2,numeric_kappa_3,standard,29,0.018146239336563744,0.021467357873916626
numeric_kappa,diamond,mlp,3,numeric_kappa_3,standard,1,0.1832172372563346,0.07212361693382263
numeric_kappa,diamond,mlp,3,numeric_kappa_3,standard,2,0.05806418872025304,0.039578087627887726
numeric_kappa,diamond,mlp,3,numeric_kappa_3,standard,3,0.043584188870827295,0.031966883689165115
numeric_kappa,diamond,mlp,3,numeric_kappa_3,standard,4,0.036237578211653146,0.03407584875822067
numeric_kappa,diamond,mlp,3,numeric_kappa_3,standard,5,0.035716986579721284,0.029623476788401604
numeric_kappa,diamond,mlp,3,numeric_kappa_3,standard,6,0.029384403006373284,0.028433695435523987
numeric_kappa,diamond,mlp,3,numeric_kappa_3,standard,7,0.02766252695085999,0.0249316468834877
numeric_kappa,diamond,mlp,3,numeric_kappa_3,standard,8,0.026276717176611526,0.02416159026324749
numeric_kappa,diamond,mlp,3,numeric_kappa_3,standard,9,0.026336195330185948,0.02515723556280136
numeric_kappa,diamond,mlp,3,numeric_kappa_3,standard,10,0.025955825620683073,0.02232082560658455
numeric_kappa,diamond,mlp,3,numeric_kappa_3,standard,11,0.023823242767862265,0.021472284570336342
numeric_kappa,diamond,mlp,3,numeric_kappa_3,standard,12,0.022886882459683355,0.022920722141861916
numeric_kappa,diamond,mlp,3,numeric_kappa_3,standard,13,0.022780563555519086,0.023038562387228012
numeric_kappa,diamond,mlp,3,numeric_kappa_3,standard,14,0.021512340375385405,0.024335194379091263
numeric_kappa,diamond,mlp,3,numeric_kappa_3,standard,15,0.021843576605943597,0.02197725884616375
numeric_kappa,diamond,mlp,3,numeric_kappa_3,standard,16,0.0216306436740874,0.022856000810861588
numeric_kappa,diamond,mlp,3,numeric_kappa_3,standard,17,0.020783287217024562,0.020644819363951683
numeric_kappa,diamond,mlp,3,numeric_kappa_3,standard,18,0.0202652230688407,0.021702440455555916
numeric_kappa,diamond,mlp,3,numeric_kappa_3,standard,19,0.020393628652745313,0.02196088805794716
numeric_kappa,diamond,mlp,3,numeric_kappa_3,standard,20,0.020094382758829795,0.02094758115708828
numeric_kappa,diamond,mlp,3,numeric_kappa_3,standard,21,0.01939691759253996,0.020492397248744965
numeric_kappa,diamond,mlp,3,numeric_kappa_3,standard,22,0.0194732011102015,0.020774267613887787
numeric_kappa,diamond,mlp,3,numeric_kappa_3,standard,23,0.019824806453075185,0.0211307555437088
numeric_kappa,diamond,mlp,3,numeric_kappa_3,standard,24,0.019583263260539725,0.022873613983392715
numeric_kappa,diamond,mlp,3,numeric_kappa_3,standard,25,0.01960211238934146,0.025046901777386665
numeric_kappa,diamond,mlp,3,numeric_kappa_3,standard,26,0.018894775012915248,0.02122834138572216
numeric_kappa,diamond,mlp,3,numeric_kappa_3,standard,27,0.01814389904819461,0.023257175460457802
numeric_kappa,diamond,mlp,3,numeric_kappa_3,standard,28,0.01851402537867607,0.021286090835928917
numeric_kappa,diamond,mlp,4,numeric_kappa_3,standard,1,0.19337409819330326,0.07926887273788452
numeric_kappa,diamond,mlp,4,numeric_kappa_3,standard,2,0.06139524319172441,0.04302583262324333
numeric_kappa,diamond,mlp,4,numeric_kappa_3,standard,3,0.04480127548964944,0.03168194368481636
numeric_kappa,diamond,mlp,4,numeric_kappa_3,standard,4,0.03750009935083003,0.03202669695019722
numeric_kappa,diamond,mlp,4,numeric_kappa_3,standard,5,0.033277570607906794,0.027800265699625015
numeric_kappa,diamond,mlp,4,numeric_kappa_3,standard,6,0.030738120964377818,0.028122903779149055
numeric_kappa,diamond,mlp,4,numeric_kappa_3,standard,7,0.029311247350726984,0.029518935829401016
numeric_kappa,diamond,mlp,4,numeric_kappa_3,standard,8,0.026527315745743293,0.025144800543785095
numeric_kappa,diamond,mlp,4,numeric_kappa_3,standard,9,0.025965622932477245,0.027019081637263298
numeric_kappa,diamond,mlp,4,numeric_kappa_3,standard,10,0.0250718521053478,0.023456376045942307
numeric_kappa,diamond,mlp,4,numeric_kappa_3,standard,11,0.023521490702893073,0.024863582104444504
numeric_kappa,diamond,mlp,4,numeric_kappa_3,standard,12,0.02340180328154292,0.022382555529475212
numeric_kappa,diamond,mlp,4,numeric_kappa_3,standard,13,0.022894720275417228,0.021872511133551598
numeric_kappa,diamond,mlp,4,numeric_kappa_3,standard,14,0.02376971671582805,0.02191195636987686
numeric_kappa,diamond,mlp,4,numeric_kappa_3,standard,15,0.022093016072058366,0.02586672455072403
numeric_kappa,diamond,mlp,4,numeric_kappa_3,standard,16,0.02143708129868903,0.021900324150919914
numeric_kappa,diamond,mlp,4,numeric_kappa_3,standard,17,0.021728749176345583,0.022106537595391273
numeric_kappa,diamond,mlp,4,numeric_kappa_3,standard,18,0.02030818656149296,0.02057918906211853
numeric_kappa,diamond,mlp,4,numeric_kappa_3,standard,19,0.020908780771524475,0.02121140994131565
numeric_kappa,diamond,mlp,4,numeric_kappa_3,standard,20,0.020534148091905027,0.020710384473204613
numeric_kappa,diamond,mlp,4,numeric_kappa_3,standard,21,0.02134978097995231,0.022002846002578735
numeric_kappa,diamond,mlp,4,numeric_kappa_3,standard,22,0.02020388025720201,0.022352317348122597
numeric_kappa,diamond,mlp,4,numeric_kappa_3,standard,23,0.01970382250773346,0.021527018398046494
numeric_kappa,diamond,mlp,4,numeric_kappa_3,standard,24,0.019259076747716427,0.02035403996706009
numeric_kappa,diamond,mlp,4,numeric_kappa_3,standard,25,0.01946312079904257,0.02068324200809002
numeric_kappa,diamond,mlp,4,numeric_kappa_3,standard,26,0.01926252392023618,0.02282215654850006
numeric_kappa,diamond,mlp,4,numeric_kappa_3,standard,27,0.018371599600308687,0.02038615755736828
numeric_kappa,diamond,mlp,4,numeric_kappa_3,standard,28,0.01981973597149492,0.021936191245913506
numeric_kappa,diamond,mlp,4,numeric_kappa_3,standard,29,0.018228551083515003,0.021291546523571014
numeric_kappa,diamond,mlp,4,numeric_kappa_3,standard,30,0.018089952879975946,0.02316204458475113
numeric_kappa,diamond,mlp,4,numeric_kappa_3,standard,31,0.018052327225605215,0.021193137392401695
numeric_kappa,diamond,mlp,0,numeric_kappa_10,standard,1,0.19713480279558812,0.08548013865947723
numeric_kappa,diamond,mlp,0,numeric_kappa_10,standard,2,0.06708532788375483,0.04684099182486534
numeric_kappa,diamond,mlp,0,numeric_kappa_10,standard,3,0.047267578626189403,0.036513105034828186
numeric_kappa,diamond,mlp,0,numeric_kappa_10,standard,4,0.039653829348257036,0.03057497926056385
numeric_kappa,diamond,mlp,0,numeric_kappa_10,standard,5,0.03571797275905976,0.032363299280405045
numeric_kappa,diamond,mlp,0,numeric_kappa_10,standard,6,0.033421361516589296,0.02695791982114315
numeric_kappa,diamond,mlp,0,numeric_kappa_10,standard,7,0.028696518302180066,0.0271987896412611
numeric_kappa,diamond,mlp,0,numeric_kappa_10,standard,8,0.028666954883120002,0.02922067791223526
numeric_kappa,diamond,mlp,0,numeric_kappa_10,standard,9,0.028265474526247933,0.02719242125749588
numeric_kappa,diamond,mlp,0,numeric_kappa_10,standard,10,0.02550113322743958,0.02358989417552948
numeric_kappa,diamond,mlp,0,numeric_kappa_10,standard,11,0.025288425599944948,0.02286849170923233
numeric_kappa,diamond,mlp,0,numeric_kappa_10,standard,12,0.02519568213190198,0.02314835414290428
numeric_kappa,diamond,mlp,0,numeric_kappa_10,standard,13,0.024141192586218364,0.023342592641711235
numeric_kappa,diamond,mlp,0,numeric_kappa_10,standard,14,0.023093858903899245,0.02493862435221672
numeric_kappa,diamond,mlp,0,numeric_kappa_10,standard,15,0.023830556886945697,0.02286250703036785
numeric_kappa,diamond,mlp,0,numeric_kappa_10,standard,16,0.02230814593912884,0.02240704745054245
numeric_kappa,diamond,mlp,0,numeric_kappa_10,standard,17,0.021782098384896448,0.02476484887301922
numeric_kappa,diamond,mlp,0,numeric_kappa_10,standard,18,0.02162592895786553,0.024807803332805634
numeric_kappa,diamond,mlp,0,numeric_kappa_10,standard,19,0.021583019983829412,0.026393359526991844
numeric_kappa,diamond,mlp,0,numeric_kappa_10,standard,20,0.02123334058436735,0.021181592717766762
numeric_kappa,diamond,mlp,0,numeric_kappa_10,standard,21,0.020563395326020254,0.021900402382016182
numeric_kappa,diamond,mlp,0,numeric_kappa_10,standard,22,0.020198717991935344,0.02186838909983635
numeric_kappa,diamond,mlp,0,numeric_kappa_10,standard,23,0.0197886986254002,0.020982660353183746
numeric_kappa,diamond,mlp,0,numeric_kappa_10,standard,24,0.0196811293486336,0.021049752831459045
numeric_kappa,diamond,mlp,0,numeric_kappa_10,standard,25,0.0198800343946639,0.02150154672563076
numeric_kappa,diamond,mlp,0,numeric_kappa_10,standard,26,0.019106488322702574,0.0206309761852026
numeric_kappa,diamond,mlp,0,numeric_kappa_10,standard,27,0.019114235129004172,0.020718561485409737
numeric_kappa,diamond,mlp,0,numeric_kappa_10,standard,28,0.01890396857502802,0.021103713661432266
numeric_kappa,diamond,mlp,0,numeric_kappa_10,standard,29,0.018588928235508347,0.021341122686862946
numeric_kappa,diamond,mlp,0,numeric_kappa_10,standard,30,0.01821179910856485,0.021146133542060852
numeric_kappa,diamond,mlp,0,numeric_kappa_10,standard,31,0.018467081988628065,0.02188163623213768
numeric_kappa,diamond,mlp,0,numeric_kappa_10,standard,32,0.018400211635737355,0.02156011201441288
numeric_kappa,diamond,mlp,0,numeric_kappa_10,standard,33,0.018489248883027175,0.02052764594554901
numeric_kappa,diamond,mlp,0,numeric_kappa_10,standard,34,0.01718889295237717,0.020570475608110428
numeric_kappa,diamond,mlp,0,numeric_kappa_10,standard,35,0.017660671017541936,0.021424241364002228
numeric_kappa,diamond,mlp,0,numeric_kappa_10,standard,36,0.016903690156914786,0.02192303165793419
numeric_kappa,diamond,mlp,0,numeric_kappa_10,standard,37,0.01760094100103576,0.02133684977889061
numeric_kappa,diamond,mlp,0,numeric_kappa_10,standard,38,0.017150629346386358,0.020975399762392044
numeric_kappa,diamond,mlp,0,numeric_kappa_10,standard,39,0.0168734383353191,0.022137973457574844
numeric_kappa,diamond,mlp,0,numeric_kappa_10,standard,40,0.017002958112264186,0.020988402888178825
numeric_kappa,diamond,mlp,1,numeric_kappa_10,standard,1,0.19255361091859757,0.08055014908313751
numeric_kappa,diamond,mlp,1,numeric_kappa_10,standard,2,0.06637030726006297,0.047943416982889175
numeric_kappa,diamond,mlp,1,numeric_kappa_10,standard,3,0.047830188966067465,0.03611379116773605
numeric_kappa,diamond,mlp,1,numeric_kappa_10,standard,4,0.040228989748974056,0.03406306356191635
numeric_kappa,diamond,mlp,1,numeric_kappa_10,standard,5,0.034943367629401145,0.03027915209531784
numeric_kappa,diamond,mlp,1,numeric_kappa_10,standard,6,0.03307650457944742,0.03287895768880844
numeric_kappa,diamond,mlp,1,numeric_kappa_10,standard,7,0.03047782435476027,0.025513043627142906
numeric_kappa,diamond,mlp,1,numeric_kappa_10,standard,8,0.028228248956789062,0.02415953204035759
numeric_kappa,diamond,mlp,1,numeric_kappa_10,standard,9,0.028705332463558685,0.02458055503666401
numeric_kappa,diamond,mlp,1,numeric_kappa_10,standard,10,0.025910641786649577,0.023802705109119415
numeric_kappa,diamond,mlp,1,numeric_kappa_10,standard,11,0.02388079529334902,0.02461838535964489
numeric_kappa,diamond,mlp,1,numeric_kappa_10,standard,12,0.02361468777583027,0.023402495309710503
numeric_kappa,diamond,mlp,1,numeric_kappa_10,standard,13,0.022818342608465166,0.023433351889252663
numeric_kappa,diamond,mlp,1,numeric_kappa_10,standard,14,0.023334030193830815,0.021941980347037315
numeric_kappa,diamond,mlp,1,numeric_kappa_10,standard,15,0.02269899665743673,0.02257475070655346
numeric_kappa,diamond,mlp,1,numeric_kappa_10,standard,16,0.023012680092743987,0.021899977698922157
numeric_kappa,diamond,mlp,1,numeric_kappa_10,standard,17,0.02268975380396856,0.02188993990421295
numeric_kappa,diamond,mlp,1,numeric_kappa_10,standard,18,0.0205136342653726,0.022303329780697823
numeric_kappa,diamond,mlp,1,numeric_kappa_10,standard,19,0.02041909934007045,0.02539372816681862
numeric_kappa,diamond,mlp,1,numeric_kappa_10,standard,20,0.021055430013621992,0.02067898027598858
numeric_kappa,diamond,mlp,1,numeric_kappa_10,standard,21,0.020783231625691866,0.02532889135181904
numeric_kappa,diamond,mlp,1,numeric_kappa_10,standard,22,0.02034877744285846,0.021399667486548424
numeric_kappa,diamond,mlp,1,numeric_kappa_10,standard,23,0.02029158066376426,0.024295901879668236
numeric_kappa,diamond,mlp,1,numeric_kappa_10,standard,24,0.020435814593592803,0.021907085552811623
numeric_kappa,diamond,mlp,1,numeric_kappa_10,standard,25,0.019289277765626552,0.021868068724870682
numeric_kappa,diamond,mlp,1,numeric_kappa_10,standard,26,0.01919781043224477,0.021296827122569084
numeric_kappa,diamond,mlp,1,numeric_kappa_10,standard,27,0.018885597181361714,0.021802445873618126
numeric_kappa,diamond,mlp,2,numeric_kappa_10,standard,1,0.20122072603042562,0.08236178755760193
numeric_kappa,diamond,mlp,2,numeric_kappa_10,standard,2,0.06780841877137792,0.04612692818045616
numeric_kappa,diamond,mlp,2,numeric_kappa_10,standard,3,0.04820741427669136,0.040388207882642746
numeric_kappa,diamond,mlp,2,numeric_kappa_10,standard,4,0.03961926311889466,0.03163326904177666
numeric_kappa,diamond,mlp,2,numeric_kappa_10,standard,5,0.03579800389183707,0.03195713460445404
numeric_kappa,diamond,mlp,2,numeric_kappa_10,standard,6,0.032463842293220656,0.03129453957080841
numeric_kappa,diamond,mlp,2,numeric_kappa_10,standard,7,0.029866595924201034,0.024969547986984253
numeric_kappa,diamond,mlp,2,numeric_kappa_10,standard,8,0.029356996414712497,0.03012874536216259
numeric_kappa,diamond,mlp,2,numeric_kappa_10,standard,9,0.02770051035083327,0.025670982897281647
numeric_kappa,diamond,mlp,2,numeric_kappa_10,standard,10,0.025042111696365436,0.022486872971057892
numeric_kappa,diamond,mlp,2,numeric_kappa_10,standard,11,0.024486468762691577,0.0237597543746233
numeric_kappa,diamond,mlp,2,numeric_kappa_10,standard,12,0.02445074374088795,0.022111862897872925
numeric_kappa,diamond,mlp,2,numeric_kappa_10,standard,13,0.02333729378964322,0.021812429651618004
numeric_kappa,diamond,mlp,2,numeric_kappa_10,standard,14,0.02479359110869813,0.02144017070531845
numeric_kappa,diamond,mlp,2,numeric_kappa_10,standard,15,0.022593232675789422,0.02302384003996849
numeric_kappa,diamond,mlp,2,numeric_kappa_10,standard,16,0.022999313802600983,0.02308056876063347
numeric_kappa,diamond,mlp,2,numeric_kappa_10,standard,17,0.021966233588913763,0.024001946672797203
numeric_kappa,diamond,mlp,2,numeric_kappa_10,standard,18,0.022148793559847443,0.02104232832789421
numeric_kappa,diamond,mlp,2,numeric_kappa_10,standard,19,0.020888552705707598,0.023266861215233803
numeric_kappa,diamond,mlp,2,numeric_kappa_10,standard,20,0.02136129962835555,0.02244577184319496
numeric_kappa,diamond,mlp,2,numeric_kappa_10,standard,21,0.02013208903523367,0.022209761664271355
numeric_kappa,diamond,mlp,2,numeric_kappa_10,standard,22,0.01927439262838243,0.020191164687275887
numeric_kappa,diamond,mlp,2,numeric_kappa_10,standard,23,0.019156535422321368,0.02139914035797119
numeric_kappa,diamond,mlp,2,numeric_kappa_10,standard,24,0.019667382429563163,0.021155301481485367
numeric_kappa,diamond,mlp,2,numeric_kappa_10,standard,25,0.019861081977464716,0.02114405855536461
numeric_kappa,diamond,mlp,2,numeric_kappa_10,standard,26,0.019643347164974963,0.022233562543988228
numeric_kappa,diamond,mlp,2,numeric_kappa_10,standard,27,0.01854801382879734,0.0217550378292799
numeric_kappa,diamond,mlp,2,numeric_kappa_10,standard,28,0.01943586031703132,0.02147100307047367
numeric_kappa,diamond,mlp,2,numeric_kappa_10,standard,29,0.018605899443592925,0.02129584550857544
numeric_kappa,diamond,mlp,3,numeric_kappa_10,standard,1,0.1838296248864397,0.07797712832689285
numeric_kappa,diamond,mlp,3,numeric_kappa_10,standard,2,0.06527006799956607,0.04614662006497383
numeric_kappa,diamond,mlp,3,numeric_kappa_10,standard,3,0.04971464235805121,0.03589319810271263
numeric_kappa,diamond,mlp,3,numeric_kappa_10,standard,4,0.03950628741746005,0.03958270326256752
numeric_kappa,diamond,mlp,3,numeric_kappa_10,standard,5,0.03896324754413954,0.03123423457145691
numeric_kappa,diamond,mlp,3,numeric_kappa_10,standard,6,0.03181747907706779,0.029792729765176773
numeric_kappa,diamond,mlp,3,numeric_kappa_10,standard,7,0.029339231422222202,0.02476891502737999
numeric_kappa,diamond,mlp,3,numeric_kappa_10,standard,8,0.02750980553861558,0.0253420602530241
numeric_kappa,diamond,mlp,3,numeric_kappa_10,standard,9,0.027310324797886955,0.027718938887119293
numeric_kappa,diamond,mlp,3,numeric_kappa_10,standard,10,0.027213797152041527,0.02315576933324337
numeric_kappa,diamond,mlp,3,numeric_kappa_10,standard,11,0.025006747259320956,0.022557318210601807
numeric_kappa,diamond,mlp,3,numeric_kappa_10,standard,12,0.023937438916258394,0.023104652762413025
numeric_kappa,diamond,mlp,3,numeric_kappa_10,standard,13,0.02354650573690532,0.023037325590848923
numeric_kappa,diamond,mlp,3,numeric_kappa_10,standard,14,0.022320191486118145,0.02269165776669979
numeric_kappa,diamond,mlp,3,numeric_kappa_10,standard,15,0.022199454147202806,0.02259535901248455
numeric_kappa,diamond,mlp,3,numeric_kappa_10,standard,16,0.02230847798960603,0.023396240547299385
numeric_kappa,diamond,mlp,3,numeric_kappa_10,standard,17,0.021432277462658463,0.020717313513159752
numeric_kappa,diamond,mlp,3,numeric_kappa_10,standard,18,0.021046902514362417,0.0219127144664526
numeric_kappa,diamond,mlp,3,numeric_kappa_10,standard,19,0.020924844889928584,0.0224093459546566
numeric_kappa,diamond,mlp,3,numeric_kappa_10,standard,20,0.02043945241375995,0.021143605932593346
numeric_kappa,diamond,mlp,3,numeric_kappa_10,standard,21,0.020125265942238936,0.020887700840830803
numeric_kappa,diamond,mlp,3,numeric_kappa_10,standard,22,0.019977822826598945,0.02113569900393486
numeric_kappa,diamond,mlp,3,numeric_kappa_10,standard,23,0.02008805074275113,0.021817846223711967
numeric_kappa,diamond,mlp,3,numeric_kappa_10,standard,24,0.019827760286968695,0.023291543126106262
numeric_kappa,diamond,mlp,4,numeric_kappa_10,standard,1,0.1971536224349094,0.08210153132677078
numeric_kappa,diamond,mlp,4,numeric_kappa_10,standard,2,0.0676404406992631,0.045266617089509964
numeric_kappa,diamond,mlp,4,numeric_kappa_10,standard,3,0.05068785155883259,0.03601788729429245
numeric_kappa,diamond,mlp,4,numeric_kappa_10,standard,4,0.041724123766297284,0.036654531955718994
numeric_kappa,diamond,mlp,4,numeric_kappa_10,standard,5,0.03677439251420106,0.03018801659345627
numeric_kappa,diamond,mlp,4,numeric_kappa_10,standard,6,0.03327266534256278,0.03048684448003769
numeric_kappa,diamond,mlp,4,numeric_kappa_10,standard,7,0.031136831313560293,0.03027033992111683
numeric_kappa,diamond,mlp,4,numeric_kappa_10,standard,8,0.028473919756137077,0.026161497458815575
numeric_kappa,diamond,mlp,4,numeric_kappa_10,standard,9,0.027505049455657,0.027497485280036926
numeric_kappa,diamond,mlp,4,numeric_kappa_10,standard,10,0.026479273550938643,0.025124916806817055
numeric_kappa,diamond,mlp,4,numeric_kappa_10,standard,11,0.02495500435583525,0.02641739509999752
numeric_kappa,diamond,mlp,4,numeric_kappa_10,standard,12,0.02506956049104048,0.022837063297629356
numeric_kappa,diamond,mlp,4,numeric_kappa_10,standard,13,0.023608063679877087,0.02331703156232834
numeric_kappa,diamond,mlp,4,numeric_kappa_10,standard,14,0.02424634967856883,0.022597745060920715
numeric_kappa,diamond,mlp,4,numeric_kappa_10,standard,15,0.022117732962792697,0.02677919529378414
numeric_kappa,diamond,mlp,4,numeric_kappa_10,standard,16,0.022040927209039263,0.02287626452744007
numeric_kappa,diamond,mlp,4,numeric_kappa_10,standard,17,0.022461763222664806,0.022822657600045204
numeric_kappa,diamond,mlp,4,numeric_kappa_10,standard,18,0.021089835352983078,0.0213044174015522
numeric_kappa,diamond,mlp,4,numeric_kappa_10,standard,19,0.021564777100511134,0.022297702729701996
numeric_kappa,diamond,mlp,4,numeric_kappa_10,standard,20,0.021164575647744578,0.02243594266474247
numeric_kappa,diamond,mlp,4,numeric_kappa_10,standard,21,0.022021981785298066,0.022884955629706383
numeric_kappa,diamond,mlp,4,numeric_kappa_10,standard,22,0.020800719614828666,0.02310963347554207
numeric_kappa,diamond,mlp,4,numeric_kappa_10,standard,23,0.020265642816391805,0.021573875099420547
numeric_kappa,diamond,mlp,4,numeric_kappa_10,standard,24,0.01961875241333433,0.021427832543849945
numeric_kappa,diamond,mlp,4,numeric_kappa_10,standard,25,0.019918950034370688,0.02222960814833641
numeric_kappa,diamond,mlp,0,numeric_kappa_30,standard,1,0.2014643876571868,0.09685872495174408
numeric_kappa,diamond,mlp,0,numeric_kappa_30,standard,2,0.08190687920910393,0.058638475835323334
numeric_kappa,diamond,mlp,0,numeric_kappa_30,standard,3,0.05780175279758264,0.043686043471097946
numeric_kappa,diamond,mlp,0,numeric_kappa_30,standard,4,0.04636381009991754,0.03620680794119835
numeric_kappa,diamond,mlp,0,numeric_kappa_30,standard,5,0.041133002481292986,0.0350455567240715
numeric_kappa,diamond,mlp,0,numeric_kappa_30,standard,6,0.036592130617858196,0.029271898791193962
numeric_kappa,diamond,mlp,0,numeric_kappa_30,standard,7,0.03173547971962713,0.029753008857369423
numeric_kappa,diamond,mlp,0,numeric_kappa_30,standard,8,0.031309746610159526,0.032400283962488174
numeric_kappa,diamond,mlp,0,numeric_kappa_30,standard,9,0.031361792063203116,0.031438764184713364
numeric_kappa,diamond,mlp,0,numeric_kappa_30,standard,10,0.027986307599235132,0.026002205908298492
numeric_kappa,diamond,mlp,0,numeric_kappa_30,standard,11,0.027724807884394458,0.02371981181204319
numeric_kappa,diamond,mlp,0,numeric_kappa_30,standard,12,0.026906741115738254,0.025692438706755638
numeric_kappa,diamond,mlp,0,numeric_kappa_30,standard,13,0.025297492140163944,0.023904165253043175
numeric_kappa,diamond,mlp,0,numeric_kappa_30,standard,14,0.024987480749084832,0.02571539208292961
numeric_kappa,diamond,mlp,0,numeric_kappa_30,standard,15,0.02521915968839579,0.024546630680561066
numeric_kappa,diamond,mlp,0,numeric_kappa_30,standard,16,0.023404364325817297,0.02519327960908413
numeric_kappa,diamond,mlp,0,numeric_kappa_30,standard,17,0.02218135107104777,0.02564343810081482
numeric_kappa,diamond,mlp,0,numeric_kappa_30,standard,18,0.022741791384219036,0.02566302753984928
numeric_kappa,diamond,mlp,1,numeric_kappa_30,standard,1,0.1975745731564725,0.09655337035655975
numeric_kappa,diamond,mlp,1,numeric_kappa_30,standard,2,0.08036359957212169,0.06277205049991608
numeric_kappa,diamond,mlp,1,numeric_kappa_30,standard,3,0.05805448588078919,0.04481981322169304
numeric_kappa,diamond,mlp,1,numeric_kappa_30,standard,4,0.04777385308854684,0.03941115364432335
numeric_kappa,diamond,mlp,1,numeric_kappa_30,standard,5,0.040079812605178615,0.03553731366991997
numeric_kappa,diamond,mlp,1,numeric_kappa_30,standard,6,0.03724322409714996,0.03815796971321106
numeric_kappa,diamond,mlp,1,numeric_kappa_30,standard,7,0.03439184242066263,0.028210241347551346
numeric_kappa,diamond,mlp,1,numeric_kappa_30,standard,8,0.030725808016955205,0.02732064761221409
numeric_kappa,diamond,mlp,1,numeric_kappa_30,standard,9,0.031571494022650345,0.025882547721266747
numeric_kappa,diamond,mlp,1,numeric_kappa_30,standard,10,0.028590675690641255,0.02428688108921051
numeric_kappa,diamond,mlp,1,numeric_kappa_30,standard,11,0.025705207547815044,0.02505485899746418
numeric_kappa,diamond,mlp,1,numeric_kappa_30,standard,12,0.02558255291720259,0.023563366383314133
numeric_kappa,diamond,mlp,1,numeric_kappa_30,standard,13,0.024341479823753422,0.024298405274748802
numeric_kappa,diamond,mlp,1,numeric_kappa_30,standard,14,0.025008834196492937,0.024364164099097252
numeric_kappa,diamond,mlp,1,numeric_kappa_30,standard,15,0.02505770065189306,0.02360561117529869
numeric_kappa,diamond,mlp,1,numeric_kappa_30,standard,16,0.023611701459198883,0.024118026718497276
numeric_kappa,diamond,mlp,1,numeric_kappa_30,standard,17,0.023738269023654435,0.022876162081956863
numeric_kappa,diamond,mlp,1,numeric_kappa_30,standard,18,0.021477563225052516,0.02406592294573784
numeric_kappa,diamond,mlp,1,numeric_kappa_30,standard,19,0.02172741380173411,0.02266373671591282
numeric_kappa,diamond,mlp,1,numeric_kappa_30,standard,20,0.02155053845485692,0.022748615592718124
numeric_kappa,diamond,mlp,1,numeric_kappa_30,standard,21,0.021597838458168574,0.028718555346131325
numeric_kappa,diamond,mlp,1,numeric_kappa_30,standard,22,0.021099629424990878,0.022085636854171753
numeric_kappa,diamond,mlp,1,numeric_kappa_30,standard,23,0.0211930589938233,0.02536972612142563
numeric_kappa,diamond,mlp,1,numeric_kappa_30,standard,24,0.02102889849590052,0.022133171558380127
numeric_kappa,diamond,mlp,1,numeric_kappa_30,standard,25,0.020508659671492315,0.022516286000609398
numeric_kappa,diamond,mlp,1,numeric_kappa_30,standard,26,0.02005547795862677,0.024078724905848503
numeric_kappa,diamond,mlp,1,numeric_kappa_30,standard,27,0.01997512480153015,0.022482337430119514
numeric_kappa,diamond,mlp,1,numeric_kappa_30,standard,28,0.01948617083798,0.022647887468338013
numeric_kappa,diamond,mlp,1,numeric_kappa_30,standard,29,0.019657366075857722,0.02270500548183918
numeric_kappa,diamond,mlp,2,numeric_kappa_30,standard,1,0.20767978744993087,0.09578520804643631
numeric_kappa,diamond,mlp,2,numeric_kappa_30,standard,2,0.0827799452019454,0.06014148145914078
numeric_kappa,diamond,mlp,2,numeric_kappa_30,standard,3,0.057090145052394445,0.043887749314308167
numeric_kappa,diamond,mlp,2,numeric_kappa_30,standard,4,0.04604982561686097,0.0382671095430851
numeric_kappa,diamond,mlp,2,numeric_kappa_30,standard,5,0.04049259162097906,0.03510185703635216
numeric_kappa,diamond,mlp,2,numeric_kappa_30,standard,6,0.03674691008270462,0.03354797512292862
numeric_kappa,diamond,mlp,2,numeric_kappa_30,standard,7,0.03332479568859565,0.02849382907152176
numeric_kappa,diamond,mlp,2,numeric_kappa_30,standard,8,0.03266703562145135,0.034920789301395416
numeric_kappa,diamond,mlp,2,numeric_kappa_30,standard,9,0.030242688443552407,0.0270682442933321
numeric_kappa,diamond,mlp,2,numeric_kappa_30,standard,10,0.028101331713930682,0.02524528093636036
numeric_kappa,diamond,mlp,2,numeric_kappa_30,standard,11,0.027269305165079343,0.02568371407687664
numeric_kappa,diamond,mlp,2,numeric_kappa_30,standard,12,0.026256422455875304,0.0236788522452116
numeric_kappa,diamond,mlp,2,numeric_kappa_30,standard,13,0.025519860016589926,0.022914765402674675
numeric_kappa,diamond,mlp,2,numeric_kappa_30,standard,14,0.025618828401556125,0.022684352472424507
numeric_kappa,diamond,mlp,2,numeric_kappa_30,standard,15,0.023924603372959465,0.02261369489133358
numeric_kappa,diamond,mlp,2,numeric_kappa_30,standard,16,0.024939195555733942,0.02485031820833683
numeric_kappa,diamond,mlp,2,numeric_kappa_30,standard,17,0.023528072203241802,0.024447131901979446
numeric_kappa,diamond,mlp,2,numeric_kappa_30,standard,18,0.023631248168384196,0.02223777398467064
numeric_kappa,diamond,mlp,2,numeric_kappa_30,standard,19,0.022169213630327023,0.024406107142567635
numeric_kappa,diamond,mlp,2,numeric_kappa_30,standard,20,0.02250173420681097,0.022770404815673828
numeric_kappa,diamond,mlp,2,numeric_kappa_30,standard,21,0.02146714269423819,0.024252498522400856
numeric_kappa,diamond,mlp,2,numeric_kappa_30,standard,22,0.020295046408940504,0.020516734570264816
numeric_kappa,diamond,mlp,2,numeric_kappa_30,standard,23,0.01983719397072827,0.022377705201506615
numeric_kappa,diamond,mlp,2,numeric_kappa_30,standard,24,0.020145217079594453,0.021797794848680496
numeric_kappa,diamond,mlp,2,numeric_kappa_30,standard,25,0.02051996639513839,0.02184690162539482
numeric_kappa,diamond,mlp,2,numeric_kappa_30,standard,26,0.020663114415039187,0.023400120437145233
numeric_kappa,diamond,mlp,2,numeric_kappa_30,standard,27,0.01921176669563896,0.022903798148036003
numeric_kappa,diamond,mlp,2,numeric_kappa_30,standard,28,0.020202712740042608,0.022987203672528267
numeric_kappa,diamond,mlp,2,numeric_kappa_30,standard,29,0.01953560892952353,0.021970389410853386
numeric_kappa,diamond,mlp,3,numeric_kappa_30,standard,1,0.18948859407781696,0.09400089830160141
numeric_kappa,diamond,mlp,3,numeric_kappa_30,standard,2,0.08074310712987028,0.06086932495236397
numeric_kappa,diamond,mlp,3,numeric_kappa_30,standard,3,0.06004617736412588,0.04463964328169823
numeric_kappa,diamond,mlp,3,numeric_kappa_30,standard,4,0.046485518460768975,0.04605630785226822
numeric_kappa,diamond,mlp,3,numeric_kappa_30,standard,5,0.04465359601944254,0.033812303096055984
numeric_kappa,diamond,mlp,3,numeric_kappa_30,standard,6,0.03634223894028539,0.03291553258895874
numeric_kappa,diamond,mlp,3,numeric_kappa_30,standard,7,0.032901039003725006,0.026893911883234978
numeric_kappa,diamond,mlp,3,numeric_kappa_30,standard,8,0.03034857966440479,0.026792937889695168
numeric_kappa,diamond,mlp,3,numeric_kappa_30,standard,9,0.029877423501334825,0.02965673618018627
numeric_kappa,diamond,mlp,3,numeric_kappa_30,standard,10,0.02978989115299816,0.025535909458994865
numeric_kappa,diamond,mlp,3,numeric_kappa_30,standard,11,0.026960108375722238,0.023896649479866028
numeric_kappa,diamond,mlp,3,numeric_kappa_30,standard,12,0.025306657518201825,0.024811724200844765
numeric_kappa,diamond,mlp,3,numeric_kappa_30,standard,13,0.025345301791699235,0.025464046746492386
numeric_kappa,diamond,mlp,3,numeric_kappa_30,standard,14,0.02365584168079737,0.025040103122591972
numeric_kappa,diamond,mlp,3,numeric_kappa_30,standard,15,0.0236398587549124,0.02354033663868904
numeric_kappa,diamond,mlp,3,numeric_kappa_30,standard,16,0.023572687400270614,0.025276198983192444
numeric_kappa,diamond,mlp,3,numeric_kappa_30,standard,17,0.022749052823482538,0.021896114572882652
numeric_kappa,diamond,mlp,3,numeric_kappa_30,standard,18,0.022340035766530625,0.022751526907086372
numeric_kappa,diamond,mlp,3,numeric_kappa_30,standard,19,0.021962110601348946,0.023638175800442696
numeric_kappa,diamond,mlp,3,numeric_kappa_30,standard,20,0.021513741708953517,0.021725762635469437
numeric_kappa,diamond,mlp,3,numeric_kappa_30,standard,21,0.020969826546055063,0.02212599292397499
numeric_kappa,diamond,mlp,3,numeric_kappa_30,standard,22,0.02113427146084356,0.022298764437437057
numeric_kappa,diamond,mlp,3,numeric_kappa_30,standard,23,0.021885541464824472,0.023796100169420242
numeric_kappa,diamond,mlp,3,numeric_kappa_30,standard,24,0.02099606878960536,0.02548118680715561
numeric_kappa,diamond,mlp,3,numeric_kappa_30,standard,25,0.02066509566186964,0.02787340059876442
numeric_kappa,diamond,mlp,3,numeric_kappa_30,standard,26,0.02107280712708102,0.022448914125561714
numeric_kappa,diamond,mlp,3,numeric_kappa_30,standard,27,0.019792531072965646,0.02434631623327732
numeric_kappa,diamond,mlp,4,numeric_kappa_30,standard,1,0.19888153384757695,0.09583793580532074
numeric_kappa,diamond,mlp,4,numeric_kappa_30,standard,2,0.08174237544247692,0.05579503998160362
numeric_kappa,diamond,mlp,4,numeric_kappa_30,standard,3,0.05919291894505327,0.04179924726486206
numeric_kappa,diamond,mlp,4,numeric_kappa_30,standard,4,0.04894606514624326,0.041340216994285583
numeric_kappa,diamond,mlp,4,numeric_kappa_30,standard,5,0.04204880148364465,0.03408210724592209
numeric_kappa,diamond,mlp,4,numeric_kappa_30,standard,6,0.036799121477137826,0.03510424867272377
numeric_kappa,diamond,mlp,4,numeric_kappa_30,standard,7,0.034345461820690884,0.033215947449207306
numeric_kappa,diamond,mlp,4,numeric_kappa_30,standard,8,0.03238350761538119,0.02865857444703579
numeric_kappa,diamond,mlp,4,numeric_kappa_30,standard,9,0.030348289117498935,0.03096151351928711
numeric_kappa,diamond,mlp,4,numeric_kappa_30,standard,10,0.030015865883149407,0.027917319908738136
numeric_kappa,diamond,mlp,4,numeric_kappa_30,standard,11,0.027178671411400075,0.029192816466093063
numeric_kappa,diamond,mlp,4,numeric_kappa_30,standard,12,0.027250409843044814,0.024463973939418793
numeric_kappa,diamond,mlp,4,numeric_kappa_30,standard,13,0.02525772944313758,0.026252804324030876
numeric_kappa,diamond,mlp,4,numeric_kappa_30,standard,14,0.026049712952919746,0.022836068645119667
numeric_kappa,diamond,mlp,4,numeric_kappa_30,standard,15,0.023633001981499122,0.027828605845570564
numeric_kappa,diamond,mlp,4,numeric_kappa_30,standard,16,0.023793466567560647,0.023826880380511284
numeric_kappa,diamond,mlp,4,numeric_kappa_30,standard,17,0.022904585159289642,0.024649377912282944
numeric_kappa,diamond,mlp,4,numeric_kappa_30,standard,18,0.021927262567065068,0.02201651968061924
numeric_kappa,diamond,mlp,4,numeric_kappa_30,standard,19,0.02245091410146963,0.02384387142956257
numeric_kappa,diamond,mlp,4,numeric_kappa_30,standard,20,0.02237561311280236,0.023679208010435104
numeric_kappa,diamond,mlp,4,numeric_kappa_30,standard,21,0.02366809679336058,0.025965644046664238
numeric_kappa,diamond,mlp,4,numeric_kappa_30,standard,22,0.021995776587564284,0.024160008877515793
numeric_kappa,diamond,mlp,4,numeric_kappa_30,standard,23,0.02093428493914212,0.0228494331240654
numeric_kappa,diamond,mlp,4,numeric_kappa_30,standard,24,0.02051036720542115,0.022166598588228226
numeric_kappa,diamond,mlp,4,numeric_kappa_30,standard,25,0.02063571555140523,0.022472720593214035
numeric_kappa,diamond,mlp,0,numeric_kappa_100,standard,1,0.2107182015846683,0.1108424961566925
numeric_kappa,diamond,mlp,0,numeric_kappa_100,standard,2,0.10464918213030688,0.08003268390893936
numeric_kappa,diamond,mlp,0,numeric_kappa_100,standard,3,0.07671393836769363,0.05738102272152901
numeric_kappa,diamond,mlp,0,numeric_kappa_100,standard,4,0.059380901849272284,0.04483380913734436
numeric_kappa,diamond,mlp,0,numeric_kappa_100,standard,5,0.04969736835161361,0.04184681177139282
numeric_kappa,diamond,mlp,0,numeric_kappa_100,standard,6,0.045416148314211216,0.03579188883304596
numeric_kappa,diamond,mlp,0,numeric_kappa_100,standard,7,0.03781028426596577,0.03328261524438858
numeric_kappa,diamond,mlp,0,numeric_kappa_100,standard,8,0.037051887800906506,0.04145650565624237
numeric_kappa,diamond,mlp,0,numeric_kappa_100,standard,9,0.03638446275788521,0.03151203691959381
numeric_kappa,diamond,mlp,0,numeric_kappa_100,standard,10,0.03139022817435769,0.02887994796037674
numeric_kappa,diamond,mlp,0,numeric_kappa_100,standard,11,0.034054015460918505,0.028256596997380257
numeric_kappa,diamond,mlp,0,numeric_kappa_100,standard,12,0.030911847082588578,0.02927972748875618
numeric_kappa,diamond,mlp,0,numeric_kappa_100,standard,13,0.02854124738191012,0.02726111374795437
numeric_kappa,diamond,mlp,0,numeric_kappa_100,standard,14,0.028089534469502006,0.029011573642492294
numeric_kappa,diamond,mlp,0,numeric_kappa_100,standard,15,0.028709768124932863,0.027942083775997162
numeric_kappa,diamond,mlp,0,numeric_kappa_100,standard,16,0.026086578594166677,0.028583891689777374
numeric_kappa,diamond,mlp,0,numeric_kappa_100,standard,17,0.024907968124788973,0.030711248517036438
numeric_kappa,diamond,mlp,0,numeric_kappa_100,standard,18,0.025335128481772145,0.02701888233423233
numeric_kappa,diamond,mlp,0,numeric_kappa_100,standard,19,0.024684470210185865,0.028404783457517624
numeric_kappa,diamond,mlp,0,numeric_kappa_100,standard,20,0.024827710400886632,0.024519747123122215
numeric_kappa,diamond,mlp,0,numeric_kappa_100,standard,21,0.023354863549716824,0.024053098633885384
numeric_kappa,diamond,mlp,0,numeric_kappa_100,standard,22,0.022627155744184658,0.024132048711180687
numeric_kappa,diamond,mlp,0,numeric_kappa_100,standard,23,0.022306502802833642,0.02298823557794094
numeric_kappa,diamond,mlp,0,numeric_kappa_100,standard,24,0.022147608482478282,0.023114237934350967
numeric_kappa,diamond,mlp,0,numeric_kappa_100,standard,25,0.021951486218237976,0.02473880723118782
numeric_kappa,diamond,mlp,0,numeric_kappa_100,standard,26,0.0217954830504566,0.02290777862071991
numeric_kappa,diamond,mlp,0,numeric_kappa_100,standard,27,0.020608310708432682,0.02329430542886257
numeric_kappa,diamond,mlp,0,numeric_kappa_100,standard,28,0.0214823610794783,0.02391059696674347
numeric_kappa,diamond,mlp,0,numeric_kappa_100,standard,29,0.020587995716369753,0.023201748728752136
numeric_kappa,diamond,mlp,0,numeric_kappa_100,standard,30,0.020428128979131304,0.022733844816684723
numeric_kappa,diamond,mlp,0,numeric_kappa_100,standard,31,0.02035205757175763,0.02381371334195137
numeric_kappa,diamond,mlp,0,numeric_kappa_100,standard,32,0.020499718022545143,0.024708393961191177
numeric_kappa,diamond,mlp,0,numeric_kappa_100,standard,33,0.020647063319611542,0.02325829304754734
numeric_kappa,diamond,mlp,0,numeric_kappa_100,standard,34,0.019926625367728084,0.02283179946243763
numeric_kappa,diamond,mlp,0,numeric_kappa_100,standard,35,0.020749093563472636,0.025566203519701958
numeric_kappa,diamond,mlp,0,numeric_kappa_100,standard,36,0.019464917465244137,0.02301468886435032
numeric_kappa,diamond,mlp,0,numeric_kappa_100,standard,37,0.019631329278597957,0.022681303322315216
numeric_kappa,diamond,mlp,0,numeric_kappa_100,standard,38,0.019289804545696353,0.023404086008667946
numeric_kappa,diamond,mlp,0,numeric_kappa_100,standard,39,0.019647927677508614,0.02312317304313183
numeric_kappa,diamond,mlp,0,numeric_kappa_100,standard,40,0.019332696519648987,0.022989215329289436
numeric_kappa,diamond,mlp,1,numeric_kappa_100,standard,1,0.2077345610099162,0.11503022164106369
numeric_kappa,diamond,mlp,1,numeric_kappa_100,standard,2,0.10340787566794031,0.08948232978582382
numeric_kappa,diamond,mlp,1,numeric_kappa_100,standard,3,0.07511360730209354,0.06257885694503784
numeric_kappa,diamond,mlp,1,numeric_kappa_100,standard,4,0.06178563898448969,0.0476062037050724
numeric_kappa,diamond,mlp,1,numeric_kappa_100,standard,5,0.049860502098461754,0.04252038151025772
numeric_kappa,diamond,mlp,1,numeric_kappa_100,standard,6,0.04593432323854941,0.04434072598814964
numeric_kappa,diamond,mlp,1,numeric_kappa_100,standard,7,0.041776613876729034,0.03445270657539368
numeric_kappa,diamond,mlp,1,numeric_kappa_100,standard,8,0.03637560978182197,0.030833255499601364
numeric_kappa,diamond,mlp,1,numeric_kappa_100,standard,9,0.03629829373398115,0.031804509460926056
numeric_kappa,diamond,mlp,1,numeric_kappa_100,standard,10,0.033514077125296804,0.029748355969786644
numeric_kappa,diamond,mlp,1,numeric_kappa_100,standard,11,0.02973085231324712,0.029234595596790314
numeric_kappa,diamond,mlp,1,numeric_kappa_100,standard,12,0.02994076144646807,0.02655753120779991
numeric_kappa,diamond,mlp,1,numeric_kappa_100,standard,13,0.02843190057747113,0.026474641636013985
numeric_kappa,diamond,mlp,1,numeric_kappa_100,standard,14,0.02768021921844481,0.025322534143924713
numeric_kappa,diamond,mlp,1,numeric_kappa_100,standard,15,0.02720221684461262,0.02578500658273697
numeric_kappa,diamond,mlp,1,numeric_kappa_100,standard,16,0.025836456445484195,0.02594931051135063
numeric_kappa,diamond,mlp,1,numeric_kappa_100,standard,17,0.02694895797327939,0.024680987000465393
numeric_kappa,diamond,mlp,1,numeric_kappa_100,standard,18,0.023642560433994465,0.024570800364017487
numeric_kappa,diamond,mlp,1,numeric_kappa_100,standard,19,0.024216146214254167,0.02447606809437275
numeric_kappa,diamond,mlp,1,numeric_kappa_100,standard,20,0.023754114169481852,0.024101372808218002
numeric_kappa,diamond,mlp,1,numeric_kappa_100,standard,21,0.0229957116532674,0.029368771240115166
numeric_kappa,diamond,mlp,1,numeric_kappa_100,standard,22,0.022447616204356962,0.02345515601336956
numeric_kappa,diamond,mlp,1,numeric_kappa_100,standard,23,0.022703776731400803,0.027225764468312263
numeric_kappa,diamond,mlp,1,numeric_kappa_100,standard,24,0.0230968106418381,0.023047080263495445
numeric_kappa,diamond,mlp,1,numeric_kappa_100,standard,25,0.022811015539678698,0.02572757564485073
numeric_kappa,diamond,mlp,1,numeric_kappa_100,standard,26,0.022292481338118217,0.027821067720651627
numeric_kappa,diamond,mlp,1,numeric_kappa_100,standard,27,0.022289218327845774,0.023403499275445938
numeric_kappa,diamond,mlp,1,numeric_kappa_100,standard,28,0.020828071931704408,0.023953288793563843
numeric_kappa,diamond,mlp,1,numeric_kappa_100,standard,29,0.020276328242691693,0.024510491639375687
numeric_kappa,diamond,mlp,1,numeric_kappa_100,standard,30,0.020905455842451008,0.02407653070986271
numeric_kappa,diamond,mlp,1,numeric_kappa_100,standard,31,0.01980887025756366,0.02306503616273403
numeric_kappa,diamond,mlp,2,numeric_kappa_100,standard,1,0.21101724755693735,0.11405378580093384
numeric_kappa,diamond,mlp,2,numeric_kappa_100,standard,2,0.10253333116812403,0.08231497555971146
numeric_kappa,diamond,mlp,2,numeric_kappa_100,standard,3,0.07387938125568415,0.06057165935635567
numeric_kappa,diamond,mlp,2,numeric_kappa_100,standard,4,0.05925698329810765,0.048658084124326706
numeric_kappa,diamond,mlp,2,numeric_kappa_100,standard,5,0.0493174385647295,0.05026865750551224
numeric_kappa,diamond,mlp,2,numeric_kappa_100,standard,6,0.045748536301018834,0.037087127566337585
numeric_kappa,diamond,mlp,2,numeric_kappa_100,standard,7,0.039606529269028065,0.03393639251589775
numeric_kappa,diamond,mlp,2,numeric_kappa_100,standard,8,0.0364354546806813,0.037062592804431915
numeric_kappa,diamond,mlp,2,numeric_kappa_100,standard,9,0.03502964467852242,0.03097354993224144
numeric_kappa,diamond,mlp,2,numeric_kappa_100,standard,10,0.032635433606313276,0.02905496396124363
numeric_kappa,diamond,mlp,2,numeric_kappa_100,standard,11,0.030369117302859853,0.02752334624528885
numeric_kappa,diamond,mlp,2,numeric_kappa_100,standard,12,0.030229750490813462,0.027639636769890785
numeric_kappa,diamond,mlp,2,numeric_kappa_100,standard,13,0.029239291702531926,0.026141168549656868
numeric_kappa,diamond,mlp,2,numeric_kappa_100,standard,14,0.029785638923025475,0.026640094816684723
numeric_kappa,diamond,mlp,2,numeric_kappa_100,standard,15,0.028090877354694115,0.024410448968410492
numeric_kappa,diamond,mlp,2,numeric_kappa_100,standard,16,0.02814912732070824,0.026566307991743088
numeric_kappa,diamond,mlp,2,numeric_kappa_100,standard,17,0.025960429426344047,0.028975779190659523
numeric_kappa,diamond,mlp,2,numeric_kappa_100,standard,18,0.026697193114075386,0.02608002908527851
numeric_kappa,diamond,mlp,2,numeric_kappa_100,standard,19,0.024265094709566087,0.025843558833003044
numeric_kappa,diamond,mlp,2,numeric_kappa_100,standard,20,0.024954214650218274,0.02427595667541027
numeric_kappa,diamond,mlp,2,numeric_kappa_100,standard,21,0.02317526425176403,0.025652071461081505
numeric_kappa,diamond,mlp,2,numeric_kappa_100,standard,22,0.022177849756207096,0.022467033937573433
numeric_kappa,diamond,mlp,2,numeric_kappa_100,standard,23,0.02233831636770165,0.02313644252717495
numeric_kappa,diamond,mlp,2,numeric_kappa_100,standard,24,0.021762012008474312,0.023110130801796913
numeric_kappa,diamond,mlp,2,numeric_kappa_100,standard,25,0.02232985549800169,0.024518871679902077
numeric_kappa,diamond,mlp,2,numeric_kappa_100,standard,26,0.021774555320225954,0.02400214411318302
numeric_kappa,diamond,mlp,2,numeric_kappa_100,standard,27,0.020887841989361864,0.024362005293369293
numeric_kappa,diamond,mlp,2,numeric_kappa_100,standard,28,0.022098859507859347,0.024249905720353127
numeric_kappa,diamond,mlp,2,numeric_kappa_100,standard,29,0.021658145844248314,0.023998362943530083
numeric_kappa,diamond,mlp,3,numeric_kappa_100,standard,1,0.19795337292784138,0.1099492534995079
numeric_kappa,diamond,mlp,3,numeric_kappa_100,standard,2,0.10139837269499544,0.0826033279299736
numeric_kappa,diamond,mlp,3,numeric_kappa_100,standard,3,0.07583328457308297,0.05856133997440338
numeric_kappa,diamond,mlp,3,numeric_kappa_100,standard,4,0.059643584144627906,0.05966229364275932
numeric_kappa,diamond,mlp,3,numeric_kappa_100,standard,5,0.05547418673823715,0.04355480894446373
numeric_kappa,diamond,mlp,3,numeric_kappa_100,standard,6,0.044196301351698844,0.03899288550019264
numeric_kappa,diamond,mlp,3,numeric_kappa_100,standard,7,0.04040168209491836,0.032322369515895844
numeric_kappa,diamond,mlp,3,numeric_kappa_100,standard,8,0.036331707424341775,0.03305508568882942
numeric_kappa,diamond,mlp,3,numeric_kappa_100,standard,9,0.035247714532264766,0.03475464507937431
numeric_kappa,diamond,mlp,3,numeric_kappa_100,standard,10,0.034618743675165806,0.03012888692319393
numeric_kappa,diamond,mlp,3,numeric_kappa_100,standard,11,0.03131776808094612,0.027974138036370277
numeric_kappa,diamond,mlp,3,numeric_kappa_100,standard,12,0.02924551368932727,0.026807740330696106
numeric_kappa,diamond,mlp,3,numeric_kappa_100,standard,13,0.028504173831888968,0.030284639447927475
numeric_kappa,diamond,mlp,3,numeric_kappa_100,standard,14,0.02678661132293675,0.026637401431798935
numeric_kappa,diamond,mlp,3,numeric_kappa_100,standard,15,0.026376255514320716,0.027959125116467476
numeric_kappa,diamond,mlp,3,numeric_kappa_100,standard,16,0.02699100001260834,0.02852269820868969
numeric_kappa,diamond,mlp,3,numeric_kappa_100,standard,17,0.024848148039345763,0.02390625886619091
numeric_kappa,diamond,mlp,3,numeric_kappa_100,standard,18,0.024057921038579632,0.026964645832777023
numeric_kappa,diamond,mlp,3,numeric_kappa_100,standard,19,0.024035001210306127,0.02663842774927616
numeric_kappa,diamond,mlp,3,numeric_kappa_100,standard,20,0.023501750574943376,0.023299941793084145
numeric_kappa,diamond,mlp,3,numeric_kappa_100,standard,21,0.02304586073482592,0.02468302845954895
numeric_kappa,diamond,mlp,3,numeric_kappa_100,standard,22,0.02272718253048979,0.023206820711493492
numeric_kappa,diamond,mlp,3,numeric_kappa_100,standard,23,0.023125860818715246,0.023805169388651848
numeric_kappa,diamond,mlp,3,numeric_kappa_100,standard,24,0.02269771443449803,0.025426005944609642
numeric_kappa,diamond,mlp,3,numeric_kappa_100,standard,25,0.021407275469131685,0.030688637867569923
numeric_kappa,diamond,mlp,3,numeric_kappa_100,standard,26,0.022044560795696343,0.02362138405442238
numeric_kappa,diamond,mlp,3,numeric_kappa_100,standard,27,0.020864655905673817,0.025419680401682854
numeric_kappa,diamond,mlp,3,numeric_kappa_100,standard,28,0.021414578050374552,0.025803890079259872
numeric_kappa,diamond,mlp,3,numeric_kappa_100,standard,29,0.02125342774926124,0.022615836933255196
numeric_kappa,diamond,mlp,3,numeric_kappa_100,standard,30,0.020502841695348904,0.023232797160744667
numeric_kappa,diamond,mlp,3,numeric_kappa_100,standard,31,0.02036969739860541,0.02270207367837429
numeric_kappa,diamond,mlp,3,numeric_kappa_100,standard,32,0.020144177610237797,0.022653067484498024
numeric_kappa,diamond,mlp,3,numeric_kappa_100,standard,33,0.019994335104515894,0.02382371388375759
numeric_kappa,diamond,mlp,3,numeric_kappa_100,standard,34,0.020696070921573297,0.023545946925878525
numeric_kappa,diamond,mlp,3,numeric_kappa_100,standard,35,0.018907420855725696,0.026056744158267975
numeric_kappa,diamond,mlp,3,numeric_kappa_100,standard,36,0.019753751708081572,0.022315921261906624
numeric_kappa,diamond,mlp,3,numeric_kappa_100,standard,37,0.0185007243723004,0.024364996701478958
numeric_kappa,diamond,mlp,3,numeric_kappa_100,standard,38,0.018379952307956814,0.024699976667761803
numeric_kappa,diamond,mlp,3,numeric_kappa_100,standard,39,0.018936880896981777,0.02419145219027996
numeric_kappa,diamond,mlp,3,numeric_kappa_100,standard,40,0.020540404595504377,0.024531347677111626
numeric_kappa,diamond,mlp,4,numeric_kappa_100,standard,1,0.2055068232771098,0.1130150705575943
numeric_kappa,diamond,mlp,4,numeric_kappa_100,standard,2,0.10310003334610332,0.07944823801517487
numeric_kappa,diamond,mlp,4,numeric_kappa_100,standard,3,0.07490882860136586,0.05325894430279732
numeric_kappa,diamond,mlp,4,numeric_kappa_100,standard,4,0.0627211768026139,0.05128823220729828
numeric_kappa,diamond,mlp,4,numeric_kappa_100,standard,5,0.05145726585020154,0.04059578478336334
numeric_kappa,diamond,mlp,4,numeric_kappa_100,standard,6,0.04344605732208342,0.041094277054071426
numeric_kappa,diamond,mlp,4,numeric_kappa_100,standard,7,0.04139767635087816,0.03668240085244179
numeric_kappa,diamond,mlp,4,numeric_kappa_100,standard,8,0.03795879961708178,0.03429386019706726
numeric_kappa,diamond,mlp,4,numeric_kappa_100,standard,9,0.035997549367645605,0.035255201160907745
numeric_kappa,diamond,mlp,4,numeric_kappa_100,standard,10,0.03404484055253242,0.029751233756542206
numeric_kappa,diamond,mlp,4,numeric_kappa_100,standard,11,0.029813998278534422,0.034874334931373596
numeric_kappa,diamond,mlp,4,numeric_kappa_100,standard,12,0.030044304797039696,0.026605363935232162
numeric_kappa,diamond,mlp,4,numeric_kappa_100,standard,13,0.028006730651695153,0.02708846889436245
numeric_kappa,diamond,mlp,4,numeric_kappa_100,standard,14,0.02874717460190662,0.024731913581490517
numeric_kappa,diamond,mlp,4,numeric_kappa_100,standard,15,0.02746605926967659,0.02785159833729267
numeric_kappa,diamond,mlp,4,numeric_kappa_100,standard,16,0.02618268707584269,0.026787305250763893
numeric_kappa,diamond,mlp,4,numeric_kappa_100,standard,17,0.025624680645870278,0.027913197875022888
numeric_kappa,diamond,mlp,4,numeric_kappa_100,standard,18,0.02477468072373971,0.024439319968223572
numeric_kappa,diamond,mlp,4,numeric_kappa_100,standard,19,0.024461402704148292,0.027661871165037155
numeric_kappa,diamond,mlp,4,numeric_kappa_100,standard,20,0.024332935083816676,0.024950258433818817
numeric_kappa,diamond,mlp,4,numeric_kappa_100,standard,21,0.02547345308712189,0.025922203436493874
numeric_kappa,diamond,mlp,4,numeric_kappa_100,standard,22,0.02365224932388051,0.026229793205857277
numeric_kappa,diamond,mlp,4,numeric_kappa_100,standard,23,0.02329028758532596,0.02482444979250431
numeric_kappa,diamond,mlp,4,numeric_kappa_100,standard,24,0.0222937725969983,0.02566487155854702
numeric_kappa,diamond,mlp,4,numeric_kappa_100,standard,25,0.022631886575732216,0.024149751290678978
numeric_kappa,diamond,mlp,4,numeric_kappa_100,standard,26,0.021553491096519408,0.024480998516082764
numeric_kappa,diamond,mlp,4,numeric_kappa_100,standard,27,0.021341441230208664,0.02385042794048786
numeric_kappa,diamond,mlp,4,numeric_kappa_100,standard,28,0.022387147592691163,0.022773290053009987
numeric_kappa,diamond,mlp,4,numeric_kappa_100,standard,29,0.0198240425439955,0.022870736196637154
numeric_kappa,diamond,mlp,4,numeric_kappa_100,standard,30,0.019729666161354926,0.023041870445013046
numeric_kappa,diamond,mlp,4,numeric_kappa_100,standard,31,0.019843448145818846,0.02162032201886177
numeric_kappa,diamond,mlp,4,numeric_kappa_100,standard,32,0.02033919353491418,0.02477199211716652
numeric_kappa,diamond,mlp,4,numeric_kappa_100,standard,33,0.020299797073711955,0.02509514056146145
numeric_kappa,diamond,mlp,4,numeric_kappa_100,standard,34,0.020138693360094297,0.024414358660578728
numeric_kappa,diamond,mlp,4,numeric_kappa_100,standard,35,0.02018348515955413,0.025645069777965546
numeric_kappa,diamond,mlp,4,numeric_kappa_100,standard,36,0.019449196825814183,0.024820078164339066
numeric_kappa,diamond,mlp,4,numeric_kappa_100,standard,37,0.020540842326610857,0.02574858069419861
numeric_kappa,diamond,mlp,4,numeric_kappa_100,standard,38,0.01940558198253994,0.025297747924923897
numeric_kappa,diamond,mlp,0,numeric_kappa_300,standard,1,0.2233720734650282,0.1229570209980011
numeric_kappa,diamond,mlp,0,numeric_kappa_300,standard,2,0.12180120298236799,0.10322253406047821
numeric_kappa,diamond,mlp,0,numeric_kappa_300,standard,3,0.10064597105571402,0.08128857612609863
numeric_kappa,diamond,mlp,0,numeric_kappa_300,standard,4,0.07836085407505865,0.06064949929714203
numeric_kappa,diamond,mlp,0,numeric_kappa_300,standard,5,0.06610340096658836,0.051909852772951126
numeric_kappa,diamond,mlp,0,numeric_kappa_300,standard,6,0.05928317036768165,0.048905517905950546
numeric_kappa,diamond,mlp,0,numeric_kappa_300,standard,7,0.04904499196753017,0.042763255536556244
numeric_kappa,diamond,mlp,0,numeric_kappa_300,standard,8,0.04663382327174207,0.04492119699716568
numeric_kappa,diamond,mlp,0,numeric_kappa_300,standard,9,0.04234346701205899,0.03595932945609093
numeric_kappa,diamond,mlp,0,numeric_kappa_300,standard,10,0.03986617023062863,0.04068039357662201
numeric_kappa,diamond,mlp,0,numeric_kappa_300,standard,11,0.04018769353847871,0.034979574382305145
numeric_kappa,diamond,mlp,0,numeric_kappa_300,standard,12,0.03730744489804435,0.034461576491594315
numeric_kappa,diamond,mlp,0,numeric_kappa_300,standard,13,0.03431998922863424,0.032215092331171036
numeric_kappa,diamond,mlp,0,numeric_kappa_300,standard,14,0.033980161018628816,0.03534553200006485
numeric_kappa,diamond,mlp,0,numeric_kappa_300,standard,15,0.033174312504705046,0.031164316460490227
numeric_kappa,diamond,mlp,0,numeric_kappa_300,standard,16,0.03032036234037714,0.03525715321302414
numeric_kappa,diamond,mlp,0,numeric_kappa_300,standard,17,0.03028906867062822,0.0334041491150856
numeric_kappa,diamond,mlp,0,numeric_kappa_300,standard,18,0.028732123892229962,0.030925631523132324
numeric_kappa,diamond,mlp,0,numeric_kappa_300,standard,19,0.027598412650037894,0.03126870095729828
numeric_kappa,diamond,mlp,0,numeric_kappa_300,standard,20,0.02945497343319642,0.028031013906002045
numeric_kappa,diamond,mlp,0,numeric_kappa_300,standard,21,0.02658498422022962,0.028938233852386475
numeric_kappa,diamond,mlp,0,numeric_kappa_300,standard,22,0.026433438630563917,0.026734113693237305
numeric_kappa,diamond,mlp,0,numeric_kappa_300,standard,23,0.025623379355544533,0.025448499247431755
numeric_kappa,diamond,mlp,0,numeric_kappa_300,standard,24,0.024416437787223823,0.025864962488412857
numeric_kappa,diamond,mlp,0,numeric_kappa_300,standard,25,0.024733890099648697,0.026033135131001472
numeric_kappa,diamond,mlp,0,numeric_kappa_300,standard,26,0.02523209572879531,0.025327453389763832
numeric_kappa,diamond,mlp,0,numeric_kappa_300,standard,27,0.023160977348864832,0.02654440887272358
numeric_kappa,diamond,mlp,0,numeric_kappa_300,standard,28,0.023595975870628876,0.026931865140795708
numeric_kappa,diamond,mlp,0,numeric_kappa_300,standard,29,0.023010153941541857,0.025500919669866562
numeric_kappa,diamond,mlp,0,numeric_kappa_300,standard,30,0.022459917521429954,0.026186076924204826
numeric_kappa,diamond,mlp,0,numeric_kappa_300,standard,31,0.022673119069044026,0.026003584265708923
numeric_kappa,diamond,mlp,0,numeric_kappa_300,standard,32,0.023023501393533586,0.029072273522615433
numeric_kappa,diamond,mlp,0,numeric_kappa_300,standard,33,0.02356329063935984,0.024874290451407433
numeric_kappa,diamond,mlp,0,numeric_kappa_300,standard,34,0.022425106521577687,0.024884266778826714
numeric_kappa,diamond,mlp,0,numeric_kappa_300,standard,35,0.023143006805677456,0.026720844209194183
numeric_kappa,diamond,mlp,0,numeric_kappa_300,standard,36,0.02225979457501361,0.023462975397706032
numeric_kappa,diamond,mlp,0,numeric_kappa_300,standard,37,0.02214976500976944,0.024362998083233833
numeric_kappa,diamond,mlp,0,numeric_kappa_300,standard,38,0.02135958941063892,0.023917222395539284
numeric_kappa,diamond,mlp,0,numeric_kappa_300,standard,39,0.02161741355924366,0.02561720833182335
numeric_kappa,diamond,mlp,0,numeric_kappa_300,standard,40,0.021686792559916346,0.02551427111029625
numeric_kappa,diamond,mlp,1,numeric_kappa_300,standard,1,0.21932529648647486,0.1277058869600296
numeric_kappa,diamond,mlp,1,numeric_kappa_300,standard,2,0.1221166311192822,0.11677565425634384
numeric_kappa,diamond,mlp,1,numeric_kappa_300,standard,3,0.09740331986975323,0.08109129220247269
numeric_kappa,diamond,mlp,1,numeric_kappa_300,standard,4,0.07948138872961957,0.0648973360657692
numeric_kappa,diamond,mlp,1,numeric_kappa_300,standard,5,0.06411169271766474,0.05238810554146767
numeric_kappa,diamond,mlp,1,numeric_kappa_300,standard,6,0.058878837633154,0.05277145653963089
numeric_kappa,diamond,mlp,1,numeric_kappa_300,standard,7,0.052293121671418336,0.04449886456131935
numeric_kappa,diamond,mlp,1,numeric_kappa_300,standard,8,0.04654598283145167,0.04066672921180725
numeric_kappa,diamond,mlp,1,numeric_kappa_300,standard,9,0.0448223633832442,0.04011478275060654
numeric_kappa,diamond,mlp,1,numeric_kappa_300,standard,10,0.04011146782589238,0.035704001784324646
numeric_kappa,diamond,mlp,1,numeric_kappa_300,standard,11,0.0359895735438864,0.03451560065150261
numeric_kappa,diamond,mlp,1,numeric_kappa_300,standard,12,0.03633048203957115,0.031282976269721985
numeric_kappa,diamond,mlp,1,numeric_kappa_300,standard,13,0.034956505256610156,0.03186636418104172
numeric_kappa,diamond,mlp,1,numeric_kappa_300,standard,14,0.03223283994512435,0.028412483632564545
numeric_kappa,diamond,mlp,1,numeric_kappa_300,standard,15,0.032970838292758514,0.032549891620874405
numeric_kappa,diamond,mlp,1,numeric_kappa_300,standard,16,0.030899235897409567,0.030451016500592232
numeric_kappa,diamond,mlp,1,numeric_kappa_300,standard,17,0.031050980892408465,0.02721134014427662
numeric_kappa,diamond,mlp,1,numeric_kappa_300,standard,18,0.027104036972465825,0.027064476162195206
numeric_kappa,diamond,mlp,1,numeric_kappa_300,standard,19,0.02777858861534255,0.030456027016043663
numeric_kappa,diamond,mlp,1,numeric_kappa_300,standard,20,0.02746289538011891,0.02639373391866684
numeric_kappa,diamond,mlp,1,numeric_kappa_300,standard,21,0.026652338087171552,0.03049112670123577
numeric_kappa,diamond,mlp,1,numeric_kappa_300,standard,22,0.025280170946446114,0.024994760751724243
numeric_kappa,diamond,mlp,1,numeric_kappa_300,standard,23,0.02589679870550847,0.02663104608654976
numeric_kappa,diamond,mlp,1,numeric_kappa_300,standard,24,0.02500509233436668,0.023503169417381287
numeric_kappa,diamond,mlp,1,numeric_kappa_300,standard,25,0.027213253338866636,0.02809976227581501
numeric_kappa,diamond,mlp,1,numeric_kappa_300,standard,26,0.025315402405055008,0.02868785336613655
numeric_kappa,diamond,mlp,1,numeric_kappa_300,standard,27,0.025508831441801716,0.026108218356966972
numeric_kappa,diamond,mlp,1,numeric_kappa_300,standard,28,0.023798028938229465,0.028836796060204506
numeric_kappa,diamond,mlp,1,numeric_kappa_300,standard,29,0.024096762604243333,0.024812830612063408
numeric_kappa,diamond,mlp,1,numeric_kappa_300,standard,30,0.023503855667469407,0.02526039630174637
numeric_kappa,diamond,mlp,1,numeric_kappa_300,standard,31,0.022596555924753833,0.023890478536486626
numeric_kappa,diamond,mlp,2,numeric_kappa_300,standard,1,0.21587693314483622,0.1231728047132492
numeric_kappa,diamond,mlp,2,numeric_kappa_300,standard,2,0.11966297241269201,0.10761110484600067
numeric_kappa,diamond,mlp,2,numeric_kappa_300,standard,3,0.09513723238821771,0.08363763242959976
numeric_kappa,diamond,mlp,2,numeric_kappa_300,standard,4,0.07948258695913796,0.05950651317834854
numeric_kappa,diamond,mlp,2,numeric_kappa_300,standard,5,0.06398324406630285,0.06322836875915527
numeric_kappa,diamond,mlp,2,numeric_kappa_300,standard,6,0.05716153387556447,0.04731354862451553
numeric_kappa,diamond,mlp,2,numeric_kappa_300,standard,7,0.05124137870696956,0.04481513425707817
numeric_kappa,diamond,mlp,2,numeric_kappa_300,standard,8,0.0450931624369511,0.0392785407602787
numeric_kappa,diamond,mlp,2,numeric_kappa_300,standard,9,0.04251840728920542,0.03778724744915962
numeric_kappa,diamond,mlp,2,numeric_kappa_300,standard,10,0.03904071195222495,0.03423813730478287
numeric_kappa,diamond,mlp,2,numeric_kappa_300,standard,11,0.036441054395345625,0.03316858783364296
numeric_kappa,diamond,mlp,2,numeric_kappa_300,standard,12,0.03624042771135713,0.03141314908862114
numeric_kappa,diamond,mlp,2,numeric_kappa_300,standard,13,0.03374339944230668,0.030407076701521873
numeric_kappa,diamond,mlp,2,numeric_kappa_300,standard,14,0.03341627395040211,0.02912868559360504
numeric_kappa,diamond,mlp,2,numeric_kappa_300,standard,15,0.031830306492465515,0.029322637245059013
numeric_kappa,diamond,mlp,2,numeric_kappa_300,standard,16,0.03278523125418099,0.02923469804227352
numeric_kappa,diamond,mlp,2,numeric_kappa_300,standard,17,0.03021122740719707,0.033842723816633224
numeric_kappa,diamond,mlp,2,numeric_kappa_300,standard,18,0.03147019706788412,0.028849633410573006
numeric_kappa,diamond,mlp,2,numeric_kappa_300,standard,19,0.02947364963405703,0.028790274634957314
numeric_kappa,diamond,mlp,2,numeric_kappa_300,standard,20,0.02759417713833195,0.026637323200702667
numeric_kappa,diamond,mlp,2,numeric_kappa_300,standard,21,0.026495045944018834,0.027366161346435547
numeric_kappa,diamond,mlp,2,numeric_kappa_300,standard,22,0.025511082148922993,0.02796713449060917
numeric_kappa,diamond,mlp,2,numeric_kappa_300,standard,23,0.02654356446754609,0.023929348215460777
numeric_kappa,diamond,mlp,2,numeric_kappa_300,standard,24,0.024909428099952648,0.02501152828335762
numeric_kappa,diamond,mlp,2,numeric_kappa_300,standard,25,0.02640250232407915,0.027934875339269638
numeric_kappa,diamond,mlp,2,numeric_kappa_300,standard,26,0.024714816973212903,0.025533806532621384
numeric_kappa,diamond,mlp,2,numeric_kappa_300,standard,27,0.023979835673615887,0.026528241112828255
numeric_kappa,diamond,mlp,2,numeric_kappa_300,standard,28,0.024222972783582198,0.025072971358895302
numeric_kappa,diamond,mlp,2,numeric_kappa_300,standard,29,0.023533527310793577,0.02579563483595848
numeric_kappa,diamond,mlp,2,numeric_kappa_300,standard,30,0.02500859521568324,0.026874087750911713
numeric_kappa,diamond,mlp,3,numeric_kappa_300,standard,1,0.20957147138326146,0.12058991193771362
numeric_kappa,diamond,mlp,3,numeric_kappa_300,standard,2,0.11892354552732559,0.10618554800748825
numeric_kappa,diamond,mlp,3,numeric_kappa_300,standard,3,0.09840002772529813,0.08037665486335754
numeric_kappa,diamond,mlp,3,numeric_kappa_300,standard,4,0.0785817755534345,0.0726911798119545
numeric_kappa,diamond,mlp,3,numeric_kappa_300,standard,5,0.07108395759372714,0.05819891393184662
numeric_kappa,diamond,mlp,3,numeric_kappa_300,standard,6,0.0557779316983001,0.050493791699409485
numeric_kappa,diamond,mlp,3,numeric_kappa_300,standard,7,0.04965240747033937,0.040896981954574585
numeric_kappa,diamond,mlp,3,numeric_kappa_300,standard,8,0.04558885765144403,0.04384312778711319
numeric_kappa,diamond,mlp,3,numeric_kappa_300,standard,9,0.04364711396485297,0.04526109620928764
numeric_kappa,diamond,mlp,3,numeric_kappa_300,standard,10,0.042252149287321926,0.039776768535375595
numeric_kappa,diamond,mlp,3,numeric_kappa_300,standard,11,0.03872277226772465,0.033856350928545
numeric_kappa,diamond,mlp,3,numeric_kappa_300,standard,12,0.03550720233555993,0.03031717985868454
numeric_kappa,diamond,mlp,3,numeric_kappa_300,standard,13,0.035992144629048886,0.03553425893187523
numeric_kappa,diamond,mlp,3,numeric_kappa_300,standard,14,0.03465890794901152,0.030532782897353172
numeric_kappa,diamond,mlp,3,numeric_kappa_300,standard,15,0.03155891931058962,0.03430209308862686
numeric_kappa,diamond,mlp,3,numeric_kappa_300,standard,16,0.031740494554056316,0.030218522995710373
numeric_kappa,diamond,mlp,3,numeric_kappa_300,standard,17,0.02964958774792394,0.027309991419315338
numeric_kappa,diamond,mlp,3,numeric_kappa_300,standard,18,0.028533116702901914,0.03108193166553974
numeric_kappa,diamond,mlp,3,numeric_kappa_300,standard,19,0.028973896306018137,0.03164998069405556
numeric_kappa,diamond,mlp,3,numeric_kappa_300,standard,20,0.027305742720118428,0.02505500055849552
numeric_kappa,diamond,mlp,3,numeric_kappa_300,standard,21,0.02682466648290478,0.025823645293712616
numeric_kappa,diamond,mlp,3,numeric_kappa_300,standard,22,0.025943082089766745,0.029095787554979324
numeric_kappa,diamond,mlp,3,numeric_kappa_300,standard,23,0.02635103465766876,0.027705581858754158
numeric_kappa,diamond,mlp,3,numeric_kappa_300,standard,24,0.025874391555460664,0.027244076132774353
numeric_kappa,diamond,mlp,3,numeric_kappa_300,standard,25,0.02519568263920448,0.03138512372970581
numeric_kappa,diamond,mlp,3,numeric_kappa_300,standard,26,0.025459783453040966,0.02554900571703911
numeric_kappa,diamond,mlp,3,numeric_kappa_300,standard,27,0.024043674905708107,0.028824402019381523
numeric_kappa,diamond,mlp,4,numeric_kappa_300,standard,1,0.21591234866743697,0.124956876039505
numeric_kappa,diamond,mlp,4,numeric_kappa_300,standard,2,0.12136561268662312,0.10231783986091614
numeric_kappa,diamond,mlp,4,numeric_kappa_300,standard,3,0.09962862048723624,0.07411596179008484
numeric_kappa,diamond,mlp,4,numeric_kappa_300,standard,4,0.08272534792607254,0.07403507828712463
numeric_kappa,diamond,mlp,4,numeric_kappa_300,standard,5,0.06560982776231279,0.05132587254047394
numeric_kappa,diamond,mlp,4,numeric_kappa_300,standard,6,0.05585477339067505,0.054693106561899185
numeric_kappa,diamond,mlp,4,numeric_kappa_300,standard,7,0.05177395734300926,0.0426640547811985
numeric_kappa,diamond,mlp,4,numeric_kappa_300,standard,8,0.04588322754363252,0.04305744916200638
numeric_kappa,diamond,mlp,4,numeric_kappa_300,standard,9,0.04382845987532227,0.040684670209884644
numeric_kappa,diamond,mlp,4,numeric_kappa_300,standard,10,0.04019041509338362,0.0398300364613533
numeric_kappa,diamond,mlp,4,numeric_kappa_300,standard,11,0.036758212195088576,0.039425767958164215
numeric_kappa,diamond,mlp,4,numeric_kappa_300,standard,12,0.03493280594045143,0.03185310959815979
numeric_kappa,diamond,mlp,4,numeric_kappa_300,standard,13,0.03279284118166664,0.03342803940176964
numeric_kappa,diamond,mlp,4,numeric_kappa_300,standard,14,0.03496094653699894,0.028267279267311096
numeric_kappa,diamond,mlp,4,numeric_kappa_300,standard,15,0.03215048507659706,0.032267067581415176
numeric_kappa,diamond,mlp,4,numeric_kappa_300,standard,16,0.031902749276782605,0.029508860781788826
numeric_kappa,diamond,mlp,4,numeric_kappa_300,standard,17,0.02923805654180143,0.032360006123781204
numeric_kappa,diamond,mlp,4,numeric_kappa_300,standard,18,0.028969694363417713,0.030082114040851593
numeric_kappa,diamond,mlp,4,numeric_kappa_300,standard,19,0.029130067949435453,0.030685797333717346
numeric_kappa,diamond,mlp,4,numeric_kappa_300,standard,20,0.02754048586382947,0.028328627347946167
numeric_kappa,diamond,mlp,4,numeric_kappa_300,standard,21,0.028182681195174815,0.026445306837558746
numeric_kappa,diamond,mlp,4,numeric_kappa_300,standard,22,0.026384194455536903,0.03017079271376133
numeric_kappa,diamond,mlp,4,numeric_kappa_300,standard,23,0.026673911180376233,0.030278779566287994
numeric_kappa,diamond,mlp,4,numeric_kappa_300,standard,24,0.025736989785269702,0.029459306970238686
numeric_kappa,diamond,mlp,4,numeric_kappa_300,standard,25,0.026579840411018643,0.02767501026391983
numeric_kappa,diamond,mlp,4,numeric_kappa_300,standard,26,0.024805823687576986,0.026323899626731873
numeric_kappa,diamond,mlp,4,numeric_kappa_300,standard,27,0.024806138092106945,0.027393067255616188
numeric_kappa,diamond,mlp,4,numeric_kappa_300,standard,28,0.025716376947393087,0.024641724303364754
numeric_kappa,diamond,mlp,4,numeric_kappa_300,standard,29,0.021878592937589918,0.026042962446808815
numeric_kappa,diamond,mlp,4,numeric_kappa_300,standard,30,0.022047044118551056,0.02523242123425007
numeric_kappa,diamond,mlp,4,numeric_kappa_300,standard,31,0.02303743167604683,0.024161329492926598
numeric_kappa,diamond,mlp,4,numeric_kappa_300,standard,32,0.022510995976209248,0.025057697668671608
numeric_kappa,diamond,mlp,4,numeric_kappa_300,standard,33,0.02188658800290895,0.027248883619904518
numeric_kappa,diamond,mlp,4,numeric_kappa_300,standard,34,0.02224286894095277,0.025731371715664864
numeric_kappa,diamond,mlp,4,numeric_kappa_300,standard,35,0.02213122799740259,0.029876507818698883
numeric_kappa,diamond,mlp,4,numeric_kappa_300,standard,36,0.021693950626447807,0.027436718344688416
numeric_kappa,diamond,mlp,4,numeric_kappa_300,standard,37,0.023044763257786,0.02594969980418682
numeric_kappa,diamond,mlp,4,numeric_kappa_300,standard,38,0.024737679647508764,0.02815060317516327
numeric_kappa,diamond,mlp,0,numeric_kappa_1000,standard,1,0.2734235339709517,0.13251134753227234
numeric_kappa,diamond,mlp,0,numeric_kappa_1000,standard,2,0.1355504605373403,0.12017067521810532
numeric_kappa,diamond,mlp,0,numeric_kappa_1000,standard,3,0.1228986270513137,0.10863204300403595
numeric_kappa,diamond,mlp,0,numeric_kappa_1000,standard,4,0.10546104157527122,0.10217921435832977
numeric_kappa,diamond,mlp,0,numeric_kappa_1000,standard,5,0.09466886290335226,0.08358858525753021
numeric_kappa,diamond,mlp,0,numeric_kappa_1000,standard,6,0.08349815866909949,0.06896790117025375
numeric_kappa,diamond,mlp,0,numeric_kappa_1000,standard,7,0.06870558724860142,0.056715697050094604
numeric_kappa,diamond,mlp,0,numeric_kappa_1000,standard,8,0.06456565111627333,0.056282639503479004
numeric_kappa,diamond,mlp,0,numeric_kappa_1000,standard,9,0.06128245972103179,0.053398776799440384
numeric_kappa,diamond,mlp,0,numeric_kappa_1000,standard,10,0.054382800140152183,0.054717302322387695
numeric_kappa,diamond,mlp,0,numeric_kappa_1000,standard,11,0.05499295748149517,0.04577966034412384
numeric_kappa,diamond,mlp,0,numeric_kappa_1000,standard,12,0.048553518308636585,0.040792446583509445
numeric_kappa,diamond,mlp,0,numeric_kappa_1000,standard,13,0.04351339411351016,0.03959668055176735
numeric_kappa,diamond,mlp,0,numeric_kappa_1000,standard,14,0.04401210756800148,0.043687161058187485
numeric_kappa,diamond,mlp,0,numeric_kappa_1000,standard,15,0.04448474261504291,0.03978300839662552
numeric_kappa,diamond,mlp,0,numeric_kappa_1000,standard,16,0.03871504666388349,0.038840483874082565
numeric_kappa,diamond,mlp,0,numeric_kappa_1000,standard,17,0.03906298963702301,0.034124575555324554
numeric_kappa,diamond,mlp,0,numeric_kappa_1000,standard,18,0.03557118444625633,0.037744298577308655
numeric_kappa,diamond,mlp,0,numeric_kappa_1000,standard,19,0.03682743667677148,0.038579750806093216
numeric_kappa,diamond,mlp,0,numeric_kappa_1000,standard,20,0.036776169186414236,0.03637564182281494
numeric_kappa,diamond,mlp,0,numeric_kappa_1000,standard,21,0.034161734263586964,0.03131482005119324
numeric_kappa,diamond,mlp,0,numeric_kappa_1000,standard,22,0.032458244417190675,0.03017217479646206
numeric_kappa,diamond,mlp,0,numeric_kappa_1000,standard,23,0.03259648480832858,0.033111702650785446
numeric_kappa,diamond,mlp,0,numeric_kappa_1000,standard,24,0.030730532626439187,0.03307909891009331
numeric_kappa,diamond,mlp,0,numeric_kappa_1000,standard,25,0.03027726479829936,0.028890125453472137
numeric_kappa,diamond,mlp,0,numeric_kappa_1000,standard,26,0.028979465159078777,0.0275029968470335
numeric_kappa,diamond,mlp,0,numeric_kappa_1000,standard,27,0.029150470139363324,0.02981732413172722
numeric_kappa,diamond,mlp,0,numeric_kappa_1000,standard,28,0.028749364582997466,0.03196076676249504
numeric_kappa,diamond,mlp,0,numeric_kappa_1000,standard,29,0.028730414203587434,0.026618247851729393
numeric_kappa,diamond,mlp,0,numeric_kappa_1000,standard,30,0.028464349952572875,0.025935892015695572
numeric_kappa,diamond,mlp,0,numeric_kappa_1000,standard,31,0.02723262083769649,0.031239435076713562
numeric_kappa,diamond,mlp,0,numeric_kappa_1000,standard,32,0.028198002401330042,0.03374509513378143
numeric_kappa,diamond,mlp,0,numeric_kappa_1000,standard,33,0.02798116184493291,0.027012940496206284
numeric_kappa,diamond,mlp,0,numeric_kappa_1000,standard,34,0.02750235593107687,0.02678673155605793
numeric_kappa,diamond,mlp,0,numeric_kappa_1000,standard,35,0.02847009986595426,0.02968449518084526
numeric_kappa,diamond,mlp,0,numeric_kappa_1000,standard,36,0.026259299173853164,0.025116512551903725
numeric_kappa,diamond,mlp,0,numeric_kappa_1000,standard,37,0.025271137709945768,0.025603560730814934
numeric_kappa,diamond,mlp,0,numeric_kappa_1000,standard,38,0.025405236602616003,0.027614353224635124
numeric_kappa,diamond,mlp,0,numeric_kappa_1000,standard,39,0.02710654397542654,0.026345763355493546
numeric_kappa,diamond,mlp,0,numeric_kappa_1000,standard,40,0.025425570229979353,0.025851881131529808
numeric_kappa,diamond,mlp,1,numeric_kappa_1000,standard,1,0.2432033120062104,0.13603508472442627
numeric_kappa,diamond,mlp,1,numeric_kappa_1000,standard,2,0.13739453851511918,0.13776689767837524
numeric_kappa,diamond,mlp,1,numeric_kappa_1000,standard,3,0.12125050440956829,0.10888970643281937
numeric_kappa,diamond,mlp,1,numeric_kappa_1000,standard,4,0.10733617437887791,0.09056293219327927
numeric_kappa,diamond,mlp,1,numeric_kappa_1000,standard,5,0.09113459477556086,0.0816306322813034
numeric_kappa,diamond,mlp,1,numeric_kappa_1000,standard,6,0.081962771360532,0.06485778838396072
numeric_kappa,diamond,mlp,1,numeric_kappa_1000,standard,7,0.07346707170556209,0.06699103862047195
numeric_kappa,diamond,mlp,1,numeric_kappa_1000,standard,8,0.06510867820947724,0.061126288026571274
numeric_kappa,diamond,mlp,1,numeric_kappa_1000,standard,9,0.06043038466366171,0.053384892642498016
numeric_kappa,diamond,mlp,1,numeric_kappa_1000,standard,10,0.05351409276674411,0.0456569530069828
numeric_kappa,diamond,mlp,1,numeric_kappa_1000,standard,11,0.04726933398630178,0.042251650243997574
numeric_kappa,diamond,mlp,1,numeric_kappa_1000,standard,12,0.04829768967537918,0.04009740427136421
numeric_kappa,diamond,mlp,1,numeric_kappa_1000,standard,13,0.045466051305278955,0.03843432664871216
numeric_kappa,diamond,mlp,1,numeric_kappa_1000,standard,14,0.04193834397150928,0.0380435548722744
numeric_kappa,diamond,mlp,1,numeric_kappa_1000,standard,15,0.0427763540535049,0.03762316703796387
numeric_kappa,diamond,mlp,1,numeric_kappa_1000,standard,16,0.03870428678713738,0.034802619367837906
numeric_kappa,diamond,mlp,1,numeric_kappa_1000,standard,17,0.03938527589729744,0.034588802605867386
numeric_kappa,diamond,mlp,1,numeric_kappa_1000,standard,18,0.03645706187775805,0.035326164215803146
numeric_kappa,diamond,mlp,1,numeric_kappa_1000,standard,19,0.03596058307147424,0.04759826883673668
numeric_kappa,diamond,mlp,1,numeric_kappa_1000,standard,20,0.035106156480853294,0.032087791711091995
numeric_kappa,diamond,mlp,1,numeric_kappa_1000,standard,21,0.03614699125757399,0.03365857154130936
numeric_kappa,diamond,mlp,1,numeric_kappa_1000,standard,22,0.03341723461731319,0.03298867493867874
numeric_kappa,diamond,mlp,1,numeric_kappa_1000,standard,23,0.03259123401176081,0.038711048662662506
numeric_kappa,diamond,mlp,1,numeric_kappa_1000,standard,24,0.03219316545662909,0.027221808210015297
numeric_kappa,diamond,mlp,1,numeric_kappa_1000,standard,25,0.032225350827343,0.0281255804002285
numeric_kappa,diamond,mlp,1,numeric_kappa_1000,standard,26,0.030234564018900966,0.026882832869887352
numeric_kappa,diamond,mlp,1,numeric_kappa_1000,standard,27,0.029572262228439998,0.03196191042661667
numeric_kappa,diamond,mlp,1,numeric_kappa_1000,standard,28,0.029536273541097682,0.033076364547014236
numeric_kappa,diamond,mlp,1,numeric_kappa_1000,standard,29,0.029141164850888746,0.033105675131082535
numeric_kappa,diamond,mlp,1,numeric_kappa_1000,standard,30,0.03090886697569162,0.027401497587561607
numeric_kappa,diamond,mlp,1,numeric_kappa_1000,standard,31,0.027968518974336706,0.02766340784728527
numeric_kappa,diamond,mlp,1,numeric_kappa_1000,standard,32,0.026931419551734254,0.027849620208144188
numeric_kappa,diamond,mlp,1,numeric_kappa_1000,standard,33,0.027565018590320088,0.026073800399899483
numeric_kappa,diamond,mlp,1,numeric_kappa_1000,standard,34,0.027161891153391154,0.027100175619125366
numeric_kappa,diamond,mlp,1,numeric_kappa_1000,standard,35,0.02494168758825284,0.027301480993628502
numeric_kappa,diamond,mlp,1,numeric_kappa_1000,standard,36,0.026372634531665,0.03635658696293831
numeric_kappa,diamond,mlp,1,numeric_kappa_1000,standard,37,0.026855178955846458,0.03152569383382797
numeric_kappa,diamond,mlp,1,numeric_kappa_1000,standard,38,0.026184882363268075,0.03047110326588154
numeric_kappa,diamond,mlp,1,numeric_kappa_1000,standard,39,0.02623432311930982,0.028801042586565018
numeric_kappa,diamond,mlp,1,numeric_kappa_1000,standard,40,0.025481701322828596,0.028658727183938026
numeric_kappa,diamond,mlp,2,numeric_kappa_1000,standard,1,0.25687836500289996,0.1280224323272705
numeric_kappa,diamond,mlp,2,numeric_kappa_1000,standard,2,0.13907441097007062,0.13156163692474365
numeric_kappa,diamond,mlp,2,numeric_kappa_1000,standard,3,0.12199164380832735,0.11273125559091568
numeric_kappa,diamond,mlp,2,numeric_kappa_1000,standard,4,0.10906193538835919,0.09045755863189697
numeric_kappa,diamond,mlp,2,numeric_kappa_1000,standard,5,0.09105321985154767,0.09217043220996857
numeric_kappa,diamond,mlp,2,numeric_kappa_1000,standard,6,0.08208617857505457,0.07239124178886414
numeric_kappa,diamond,mlp,2,numeric_kappa_1000,standard,7,0.07318756636515411,0.05550488829612732
numeric_kappa,diamond,mlp,2,numeric_kappa_1000,standard,8,0.060627597592671126,0.055863846093416214
numeric_kappa,diamond,mlp,2,numeric_kappa_1000,standard,9,0.05857553107288503,0.05602790415287018
numeric_kappa,diamond,mlp,2,numeric_kappa_1000,standard,10,0.05355812038580214,0.04167376831173897
numeric_kappa,diamond,mlp,2,numeric_kappa_1000,standard,11,0.04751246801943147,0.04071797803044319
numeric_kappa,diamond,mlp,2,numeric_kappa_1000,standard,12,0.04548618313523914,0.03976619243621826
numeric_kappa,diamond,mlp,2,numeric_kappa_1000,standard,13,0.044207116416018384,0.03680131211876869
numeric_kappa,diamond,mlp,2,numeric_kappa_1000,standard,14,0.043000643218051575,0.03395259752869606
numeric_kappa,diamond,mlp,2,numeric_kappa_1000,standard,15,0.041837491254346756,0.0368649959564209
numeric_kappa,diamond,mlp,2,numeric_kappa_1000,standard,16,0.0423469319465872,0.03518877178430557
numeric_kappa,diamond,mlp,2,numeric_kappa_1000,standard,17,0.038434632809171775,0.04056955873966217
numeric_kappa,diamond,mlp,2,numeric_kappa_1000,standard,18,0.038304567497719696,0.03633677214384079
numeric_kappa,diamond,mlp,2,numeric_kappa_1000,standard,19,0.03732461519031083,0.034491412341594696
numeric_kappa,diamond,mlp,2,numeric_kappa_1000,standard,20,0.035311210021425815,0.030061936005949974
numeric_kappa,diamond,mlp,2,numeric_kappa_1000,standard,21,0.03285866546848759,0.03250081092119217
numeric_kappa,diamond,mlp,2,numeric_kappa_1000,standard,22,0.03237828221582706,0.035499509423971176
numeric_kappa,diamond,mlp,2,numeric_kappa_1000,standard,23,0.0337859312848458,0.031270623207092285
numeric_kappa,diamond,mlp,2,numeric_kappa_1000,standard,24,0.030657513480327993,0.030972078442573547
numeric_kappa,diamond,mlp,2,numeric_kappa_1000,standard,25,0.033680391959538036,0.02999296225607395
numeric_kappa,diamond,mlp,2,numeric_kappa_1000,standard,26,0.030078715411386375,0.029137078672647476
numeric_kappa,diamond,mlp,2,numeric_kappa_1000,standard,27,0.029234789097137486,0.028440115973353386
numeric_kappa,diamond,mlp,2,numeric_kappa_1000,standard,28,0.029147199454049703,0.02808408811688423
numeric_kappa,diamond,mlp,2,numeric_kappa_1000,standard,29,0.02696233002372307,0.03212738409638405
numeric_kappa,diamond,mlp,2,numeric_kappa_1000,standard,30,0.029890078069241124,0.02993706241250038
numeric_kappa,diamond,mlp,2,numeric_kappa_1000,standard,31,0.02720305082602404,0.028102999553084373
numeric_kappa,diamond,mlp,2,numeric_kappa_1000,standard,32,0.026268367342760314,0.024776961654424667
numeric_kappa,diamond,mlp,2,numeric_kappa_1000,standard,33,0.028327795530205282,0.02626117132604122
numeric_kappa,diamond,mlp,2,numeric_kappa_1000,standard,34,0.025960347066737784,0.026213841512799263
numeric_kappa,diamond,mlp,2,numeric_kappa_1000,standard,35,0.024954710447578195,0.030425166711211205
numeric_kappa,diamond,mlp,2,numeric_kappa_1000,standard,36,0.028565926155298436,0.029215367510914803
numeric_kappa,diamond,mlp,2,numeric_kappa_1000,standard,37,0.026617238692537196,0.028872165828943253
numeric_kappa,diamond,mlp,2,numeric_kappa_1000,standard,38,0.02608985097307857,0.03024214878678322
numeric_kappa,diamond,mlp,2,numeric_kappa_1000,standard,39,0.024748718121548295,0.025440504774451256
numeric_kappa,diamond,mlp,3,numeric_kappa_1000,standard,1,0.24643841902424454,0.13167935609817505
numeric_kappa,diamond,mlp,3,numeric_kappa_1000,standard,2,0.13526825664923725,0.1207294762134552
numeric_kappa,diamond,mlp,3,numeric_kappa_1000,standard,3,0.12226567765469762,0.12053924798965454
numeric_kappa,diamond,mlp,3,numeric_kappa_1000,standard,4,0.10898041468021827,0.10958430171012878
numeric_kappa,diamond,mlp,3,numeric_kappa_1000,standard,5,0.10067143048170057,0.09607585519552231
numeric_kappa,diamond,mlp,3,numeric_kappa_1000,standard,6,0.08061139740248184,0.07466965168714523
numeric_kappa,diamond,mlp,3,numeric_kappa_1000,standard,7,0.07051409187690984,0.05860736593604088
numeric_kappa,diamond,mlp,3,numeric_kappa_1000,standard,8,0.0642491144638225,0.06444087624549866
numeric_kappa,diamond,mlp,3,numeric_kappa_1000,standard,9,0.0586083950290056,0.050081517547369
numeric_kappa,diamond,mlp,3,numeric_kappa_1000,standard,10,0.05334132887792751,0.05281584709882736
numeric_kappa,diamond,mlp,3,numeric_kappa_1000,standard,11,0.05096764778828694,0.04485404118895531
numeric_kappa,diamond,mlp,3,numeric_kappa_1000,standard,12,0.04646471025930651,0.040033817291259766
numeric_kappa,diamond,mlp,3,numeric_kappa_1000,standard,13,0.04461100583171994,0.050570495426654816
numeric_kappa,diamond,mlp,3,numeric_kappa_1000,standard,14,0.0432132139759569,0.03910886496305466
numeric_kappa,diamond,mlp,3,numeric_kappa_1000,standard,15,0.04104086496893112,0.04576849564909935
numeric_kappa,diamond,mlp,3,numeric_kappa_1000,standard,16,0.03937468932187401,0.03755545988678932
numeric_kappa,diamond,mlp,3,numeric_kappa_1000,standard,17,0.03817203810071013,0.03439857438206673
numeric_kappa,diamond,mlp,3,numeric_kappa_1000,standard,18,0.03608330975927589,0.03542320057749748
numeric_kappa,diamond,mlp,3,numeric_kappa_1000,standard,19,0.03673493471806511,0.03813834488391876
numeric_kappa,diamond,mlp,3,numeric_kappa_1000,standard,20,0.03488317814340143,0.029530443251132965
numeric_kappa,diamond,mlp,3,numeric_kappa_1000,standard,21,0.03448653622127046,0.03163007274270058
numeric_kappa,diamond,mlp,3,numeric_kappa_1000,standard,22,0.03389680847514374,0.031584661453962326
numeric_kappa,diamond,mlp,3,numeric_kappa_1000,standard,23,0.03450105048962975,0.03360994905233383
numeric_kappa,diamond,mlp,3,numeric_kappa_1000,standard,24,0.03192354219911599,0.030816223472356796
numeric_kappa,diamond,mlp,3,numeric_kappa_1000,standard,25,0.029554670178432198,0.03152858838438988
numeric_kappa,diamond,mlp,3,numeric_kappa_1000,standard,26,0.03154191279803863,0.028609005734324455
numeric_kappa,diamond,mlp,3,numeric_kappa_1000,standard,27,0.029835086288460193,0.032089680433273315
numeric_kappa,diamond,mlp,3,numeric_kappa_1000,standard,28,0.02967837951228755,0.033429041504859924
numeric_kappa,diamond,mlp,3,numeric_kappa_1000,standard,29,0.028476478885320223,0.026153307408094406
numeric_kappa,diamond,mlp,3,numeric_kappa_1000,standard,30,0.02774413630749635,0.02850719727575779
numeric_kappa,diamond,mlp,3,numeric_kappa_1000,standard,31,0.029719623565157567,0.031010229140520096
numeric_kappa,diamond,mlp,3,numeric_kappa_1000,standard,32,0.0283269730281182,0.025603892281651497
numeric_kappa,diamond,mlp,3,numeric_kappa_1000,standard,33,0.02783573321887076,0.028956424444913864
numeric_kappa,diamond,mlp,3,numeric_kappa_1000,standard,34,0.029862180186401535,0.03178468346595764
numeric_kappa,diamond,mlp,3,numeric_kappa_1000,standard,35,0.027392526793756523,0.027203205972909927
numeric_kappa,diamond,mlp,3,numeric_kappa_1000,standard,36,0.026873342267995617,0.02460246905684471
numeric_kappa,diamond,mlp,3,numeric_kappa_1000,standard,37,0.026114172736890023,0.028041621670126915
numeric_kappa,diamond,mlp,3,numeric_kappa_1000,standard,38,0.02704913317284174,0.026871806010603905
numeric_kappa,diamond,mlp,3,numeric_kappa_1000,standard,39,0.02560667008551545,0.02576373517513275
numeric_kappa,diamond,mlp,3,numeric_kappa_1000,standard,40,0.027348454498301266,0.02688657119870186
numeric_kappa,diamond,mlp,4,numeric_kappa_1000,standard,1,0.26974528921838054,0.13209302723407745
numeric_kappa,diamond,mlp,4,numeric_kappa_1000,standard,2,0.13922974903723867,0.11745066195726395
numeric_kappa,diamond,mlp,4,numeric_kappa_1000,standard,3,0.12235349061610244,0.11139680445194244
numeric_kappa,diamond,mlp,4,numeric_kappa_1000,standard,4,0.11119747661764855,0.10405871272087097
numeric_kappa,diamond,mlp,4,numeric_kappa_1000,standard,5,0.09823950682525953,0.08318328857421875
numeric_kappa,diamond,mlp,4,numeric_kappa_1000,standard,6,0.08352194810855679,0.08024658262729645
numeric_kappa,diamond,mlp,4,numeric_kappa_1000,standard,7,0.0722283847454772,0.060157131403684616
numeric_kappa,diamond,mlp,4,numeric_kappa_1000,standard,8,0.0669853709093586,0.06020157411694527
numeric_kappa,diamond,mlp,4,numeric_kappa_1000,standard,9,0.06061953883320814,0.055453430861234665
numeric_kappa,diamond,mlp,4,numeric_kappa_1000,standard,10,0.060102751668427046,0.053845975548028946
numeric_kappa,diamond,mlp,4,numeric_kappa_1000,standard,11,0.04933356156383904,0.053984589874744415
numeric_kappa,diamond,mlp,4,numeric_kappa_1000,standard,12,0.04863934726186017,0.042119283229112625
numeric_kappa,diamond,mlp,4,numeric_kappa_1000,standard,13,0.043077516012569934,0.037744857370853424
numeric_kappa,diamond,mlp,4,numeric_kappa_1000,standard,14,0.04258644288740147,0.03519003093242645
numeric_kappa,diamond,mlp,4,numeric_kappa_1000,standard,15,0.03987529352149766,0.03842562809586525
numeric_kappa,diamond,mlp,4,numeric_kappa_1000,standard,16,0.041268874796434984,0.04176047816872597
numeric_kappa,diamond,mlp,4,numeric_kappa_1000,standard,17,0.03927810576084674,0.04459943622350693
numeric_kappa,diamond,mlp,4,numeric_kappa_1000,standard,18,0.03605894541421252,0.03540651872754097
numeric_kappa,diamond,mlp,4,numeric_kappa_1000,standard,19,0.037408795390436844,0.03321705386042595
numeric_kappa,diamond,mlp,4,numeric_kappa_1000,standard,20,0.034966095304630546,0.035533010959625244
numeric_kappa,diamond,mlp,4,numeric_kappa_1000,standard,21,0.03474634789744733,0.03817148134112358
numeric_kappa,diamond,mlp,4,numeric_kappa_1000,standard,22,0.034075642602181454,0.03442469611763954
numeric_kappa,diamond,mlp,4,numeric_kappa_1000,standard,23,0.03359854758436085,0.029259731993079185
numeric_kappa,diamond,mlp,4,numeric_kappa_1000,standard,24,0.03255810039657231,0.029740747064352036
numeric_kappa,diamond,mlp,4,numeric_kappa_1000,standard,25,0.03270393942342562,0.0360785536468029
numeric_kappa,diamond,mlp,4,numeric_kappa_1000,standard,26,0.03057993774912745,0.03436519205570221
numeric_kappa,diamond,mlp,4,numeric_kappa_1000,standard,27,0.030435777290481872,0.0348687544465065
numeric_kappa,diamond,mlp,4,numeric_kappa_1000,standard,28,0.03346789367817471,0.029468560591340065
numeric_kappa,diamond,mlp,4,numeric_kappa_1000,standard,29,0.029702644331474015,0.028377322480082512
numeric_kappa,diamond,mlp,4,numeric_kappa_1000,standard,30,0.02835530467796086,0.02856709621846676
numeric_kappa,diamond,mlp,4,numeric_kappa_1000,standard,31,0.028806571418195613,0.027773825451731682
numeric_kappa,diamond,mlp,4,numeric_kappa_1000,standard,32,0.02903794517474546,0.027064144611358643
numeric_kappa,diamond,mlp,4,numeric_kappa_1000,standard,33,0.026445925686072336,0.028717849403619766
numeric_kappa,diamond,mlp,4,numeric_kappa_1000,standard,34,0.027199300788676405,0.028248686343431473
numeric_kappa,diamond,mlp,4,numeric_kappa_1000,standard,35,0.028722751815724437,0.040467604994773865
numeric_kappa,diamond,mlp,4,numeric_kappa_1000,standard,36,0.02779306776441541,0.03341035544872284
numeric_kappa,diamond,mlp,4,numeric_kappa_1000,standard,37,0.029365704481019102,0.03142566606402397
numeric_kappa,diamond,mlp,4,numeric_kappa_1000,standard,38,0.02908907245876653,0.033589888364076614
numeric_kappa,diamond,mlp,4,numeric_kappa_1000,standard,39,0.025167150442139363,0.02748255804181099
numeric_kappa,diamond,mlp,0,numeric_kappa_3000,standard,1,0.4332096548624468,0.1429813802242279
numeric_kappa,diamond,mlp,0,numeric_kappa_3000,standard,2,0.1543290190682938,0.12977451086044312
numeric_kappa,diamond,mlp,0,numeric_kappa_3000,standard,3,0.13971884567656911,0.12442167103290558
numeric_kappa,diamond,mlp,0,numeric_kappa_3000,standard,4,0.12808550299094534,0.13439889252185822
numeric_kappa,diamond,mlp,0,numeric_kappa_3000,standard,5,0.12407625398750581,0.12052229046821594
numeric_kappa,diamond,mlp,0,numeric_kappa_3000,standard,6,0.11442865051538705,0.10495787858963013
numeric_kappa,diamond,mlp,0,numeric_kappa_3000,standard,7,0.10239311656445901,0.09138190746307373
numeric_kappa,diamond,mlp,0,numeric_kappa_3000,standard,8,0.09361286725245567,0.09359625726938248
numeric_kappa,diamond,mlp,0,numeric_kappa_3000,standard,9,0.08793165924368083,0.082320436835289
numeric_kappa,diamond,mlp,0,numeric_kappa_3000,standard,10,0.0773557772582215,0.07576478272676468
numeric_kappa,diamond,mlp,0,numeric_kappa_3000,standard,11,0.07195786718670959,0.07130670547485352
numeric_kappa,diamond,mlp,0,numeric_kappa_3000,standard,12,0.07115114700476609,0.062203459441661835
numeric_kappa,diamond,mlp,0,numeric_kappa_3000,standard,13,0.060259797974632316,0.05339057743549347
numeric_kappa,diamond,mlp,0,numeric_kappa_3000,standard,14,0.05918938633797913,0.05578732118010521
numeric_kappa,diamond,mlp,0,numeric_kappa_3000,standard,15,0.058013600424043875,0.0500408411026001
numeric_kappa,diamond,mlp,0,numeric_kappa_3000,standard,16,0.05419670205163702,0.053960759192705154
numeric_kappa,diamond,mlp,0,numeric_kappa_3000,standard,17,0.052796559618037434,0.046741846948862076
numeric_kappa,diamond,mlp,0,numeric_kappa_3000,standard,18,0.05147437355681403,0.04568867385387421
numeric_kappa,diamond,mlp,0,numeric_kappa_3000,standard,19,0.048357518076601415,0.05051850154995918
numeric_kappa,diamond,mlp,0,numeric_kappa_3000,standard,20,0.04654834189837672,0.04823153465986252
numeric_kappa,diamond,mlp,0,numeric_kappa_3000,standard,21,0.04419749406811996,0.03755946829915047
numeric_kappa,diamond,mlp,0,numeric_kappa_3000,standard,22,0.04142225429047501,0.03593249246478081
numeric_kappa,diamond,mlp,0,numeric_kappa_3000,standard,23,0.0401865116053383,0.03837750107049942
numeric_kappa,diamond,mlp,0,numeric_kappa_3000,standard,24,0.03964291805779305,0.03998100012540817
numeric_kappa,diamond,mlp,0,numeric_kappa_3000,standard,25,0.03934369268982671,0.034252747893333435
numeric_kappa,diamond,mlp,0,numeric_kappa_3000,standard,26,0.037829432753747685,0.030249280855059624
numeric_kappa,diamond,mlp,0,numeric_kappa_3000,standard,27,0.039466266579862776,0.03579367697238922
numeric_kappa,diamond,mlp,0,numeric_kappa_3000,standard,28,0.038029890591524444,0.037607353180646896
numeric_kappa,diamond,mlp,0,numeric_kappa_3000,standard,29,0.036267404949740865,0.03841930255293846
numeric_kappa,diamond,mlp,0,numeric_kappa_3000,standard,30,0.0366036360650924,0.03162095695734024
numeric_kappa,diamond,mlp,0,numeric_kappa_3000,standard,31,0.03642314523775747,0.036072276532649994
numeric_kappa,diamond,mlp,0,numeric_kappa_3000,standard,32,0.03589919016757133,0.04013585299253464
numeric_kappa,diamond,mlp,0,numeric_kappa_3000,standard,33,0.03513607088687822,0.03049943968653679
numeric_kappa,diamond,mlp,1,numeric_kappa_3000,standard,1,0.3171795667329747,0.14579518139362335
numeric_kappa,diamond,mlp,1,numeric_kappa_3000,standard,2,0.15535566992473915,0.14087654650211334
numeric_kappa,diamond,mlp,1,numeric_kappa_3000,standard,3,0.13962725292821013,0.12630310654640198
numeric_kappa,diamond,mlp,1,numeric_kappa_3000,standard,4,0.12704941862421176,0.11400748789310455
numeric_kappa,diamond,mlp,1,numeric_kappa_3000,standard,5,0.1177188948261714,0.1138293594121933
numeric_kappa,diamond,mlp,1,numeric_kappa_3000,standard,6,0.1103753018983442,0.09638223052024841
numeric_kappa,diamond,mlp,1,numeric_kappa_3000,standard,7,0.10235533521823799,0.09103759378194809
numeric_kappa,diamond,mlp,1,numeric_kappa_3000,standard,8,0.09081600231700236,0.09633548557758331
numeric_kappa,diamond,mlp,1,numeric_kappa_3000,standard,9,0.08583143392850735,0.07336081564426422
numeric_kappa,diamond,mlp,1,numeric_kappa_3000,standard,10,0.07586416805508943,0.06374075263738632
numeric_kappa,diamond,mlp,1,numeric_kappa_3000,standard,11,0.06717801016616275,0.060612380504608154
numeric_kappa,diamond,mlp,1,numeric_kappa_3000,standard,12,0.06414418448792117,0.05372314155101776
numeric_kappa,diamond,mlp,1,numeric_kappa_3000,standard,13,0.062278103453839995,0.05102754011750221
numeric_kappa,diamond,mlp,1,numeric_kappa_3000,standard,14,0.056326682420712884,0.047780029475688934
numeric_kappa,diamond,mlp,1,numeric_kappa_3000,standard,15,0.056804040682507134,0.050582025200128555
numeric_kappa,diamond,mlp,1,numeric_kappa_3000,standard,16,0.05031244843843838,0.044488102197647095
numeric_kappa,diamond,mlp,1,numeric_kappa_3000,standard,17,0.05105282659293972,0.04276745021343231
numeric_kappa,diamond,mlp,1,numeric_kappa_3000,standard,18,0.0474275658491751,0.04491756856441498
numeric_kappa,diamond,mlp,1,numeric_kappa_3000,standard,19,0.04668786496455795,0.06346742808818817
numeric_kappa,diamond,mlp,1,numeric_kappa_3000,standard,20,0.04515400596677606,0.03951195627450943
numeric_kappa,diamond,mlp,1,numeric_kappa_3000,standard,21,0.043095147801192835,0.039476484060287476
numeric_kappa,diamond,mlp,1,numeric_kappa_3000,standard,22,0.04357280387923241,0.04288054630160332
numeric_kappa,diamond,mlp,1,numeric_kappa_3000,standard,23,0.043107691202189144,0.051041554659605026
numeric_kappa,diamond,mlp,1,numeric_kappa_3000,standard,24,0.04405344688814839,0.03410395234823227
numeric_kappa,diamond,mlp,1,numeric_kappa_3000,standard,25,0.03926720645495923,0.0348450131714344
numeric_kappa,diamond,mlp,1,numeric_kappa_3000,standard,26,0.037398859554735694,0.03113953024148941
numeric_kappa,diamond,mlp,1,numeric_kappa_3000,standard,27,0.036844047181229925,0.036847081035375595
numeric_kappa,diamond,mlp,1,numeric_kappa_3000,standard,28,0.035985893961532636,0.03798564523458481
numeric_kappa,diamond,mlp,1,numeric_kappa_3000,standard,29,0.03675756446259854,0.03863689675927162
numeric_kappa,diamond,mlp,1,numeric_kappa_3000,standard,30,0.03478328477935413,0.030005864799022675
numeric_kappa,diamond,mlp,1,numeric_kappa_3000,standard,31,0.033319393680756176,0.033804040402173996
numeric_kappa,diamond,mlp,1,numeric_kappa_3000,standard,32,0.033811573158546125,0.03506696969270706
numeric_kappa,diamond,mlp,1,numeric_kappa_3000,standard,33,0.03598126922346537,0.03437056392431259
numeric_kappa,diamond,mlp,1,numeric_kappa_3000,standard,34,0.0321218446051419,0.03169194981455803
numeric_kappa,diamond,mlp,1,numeric_kappa_3000,standard,35,0.031195965105911758,0.03245853632688522
numeric_kappa,diamond,mlp,1,numeric_kappa_3000,standard,36,0.03186527068752969,0.0504414439201355
numeric_kappa,diamond,mlp,1,numeric_kappa_3000,standard,37,0.033553878695874735,0.03745948523283005
numeric_kappa,diamond,mlp,2,numeric_kappa_3000,standard,1,0.4105943373536988,0.1431320309638977
numeric_kappa,diamond,mlp,2,numeric_kappa_3000,standard,2,0.15779864636415028,0.1349763423204422
numeric_kappa,diamond,mlp,2,numeric_kappa_3000,standard,3,0.14104917233374992,0.1287466585636139
numeric_kappa,diamond,mlp,2,numeric_kappa_3000,standard,4,0.13189406120477734,0.11396751552820206
numeric_kappa,diamond,mlp,2,numeric_kappa_3000,standard,5,0.1205455610128606,0.11228889226913452
numeric_kappa,diamond,mlp,2,numeric_kappa_3000,standard,6,0.11052714291644784,0.10162732750177383
numeric_kappa,diamond,mlp,2,numeric_kappa_3000,standard,7,0.10328974244437175,0.0945599302649498
numeric_kappa,diamond,mlp,2,numeric_kappa_3000,standard,8,0.0931113113116824,0.09716390818357468
numeric_kappa,diamond,mlp,2,numeric_kappa_3000,standard,9,0.08173799572849684,0.07066644728183746
numeric_kappa,diamond,mlp,2,numeric_kappa_3000,standard,10,0.07451832348226738,0.06417226046323776
numeric_kappa,diamond,mlp,2,numeric_kappa_3000,standard,11,0.06741062946506884,0.062123704701662064
numeric_kappa,diamond,mlp,2,numeric_kappa_3000,standard,12,0.06397032654789431,0.05887017771601677
numeric_kappa,diamond,mlp,2,numeric_kappa_3000,standard,13,0.06217789347459576,0.051997192203998566
numeric_kappa,diamond,mlp,2,numeric_kappa_3000,standard,14,0.059930907457428954,0.0516488216817379
numeric_kappa,diamond,mlp,2,numeric_kappa_3000,standard,15,0.05680057778878966,0.041771598160266876
numeric_kappa,diamond,mlp,2,numeric_kappa_3000,standard,16,0.05238036891251111,0.0419774055480957
numeric_kappa,diamond,mlp,2,numeric_kappa_3000,standard,17,0.05200443552503035,0.056191589683294296
numeric_kappa,diamond,mlp,2,numeric_kappa_3000,standard,18,0.04969718801695883,0.05208458751440048
numeric_kappa,diamond,mlp,2,numeric_kappa_3000,standard,19,0.049167806313880534,0.038860879838466644
numeric_kappa,diamond,mlp,2,numeric_kappa_3000,standard,20,0.04472245073004712,0.033700618892908096
numeric_kappa,diamond,mlp,2,numeric_kappa_3000,standard,21,0.04126067088883391,0.04129423946142197
numeric_kappa,diamond,mlp,2,numeric_kappa_3000,standard,22,0.04168981452482517,0.043574657291173935
numeric_kappa,diamond,mlp,2,numeric_kappa_3000,standard,23,0.04118581035533971,0.04516328126192093
numeric_kappa,diamond,mlp,2,numeric_kappa_3000,standard,24,0.038907190025153186,0.04237803816795349
numeric_kappa,diamond,mlp,2,numeric_kappa_3000,standard,25,0.04069836918112577,0.03993138670921326
numeric_kappa,diamond,mlp,2,numeric_kappa_3000,standard,26,0.038483226682066725,0.04114732891321182
numeric_kappa,diamond,mlp,2,numeric_kappa_3000,standard,27,0.036244593000839154,0.03913455456495285
numeric_kappa,diamond,mlp,3,numeric_kappa_3000,standard,1,0.3528259960959178,0.14109255373477936
numeric_kappa,diamond,mlp,3,numeric_kappa_3000,standard,2,0.14951766692629653,0.13196299970149994
numeric_kappa,diamond,mlp,3,numeric_kappa_3000,standard,3,0.13702478090744197,0.12889881432056427
numeric_kappa,diamond,mlp,3,numeric_kappa_3000,standard,4,0.1288169187330322,0.12334446609020233
numeric_kappa,diamond,mlp,3,numeric_kappa_3000,standard,5,0.12351839088495083,0.1215231642127037
numeric_kappa,diamond,mlp,3,numeric_kappa_3000,standard,6,0.11044354375445005,0.09917787462472916
numeric_kappa,diamond,mlp,3,numeric_kappa_3000,standard,7,0.10108717993117197,0.10506043583154678
numeric_kappa,diamond,mlp,3,numeric_kappa_3000,standard,8,0.09274536804051517,0.08094999939203262
numeric_kappa,diamond,mlp,3,numeric_kappa_3000,standard,9,0.081351991260367,0.07242047786712646
numeric_kappa,diamond,mlp,3,numeric_kappa_3000,standard,10,0.07520957496000491,0.06620143353939056
numeric_kappa,diamond,mlp,3,numeric_kappa_3000,standard,11,0.06986022909530666,0.06458346545696259
numeric_kappa,diamond,mlp,3,numeric_kappa_3000,standard,12,0.06513509191808997,0.05785774067044258
numeric_kappa,diamond,mlp,3,numeric_kappa_3000,standard,13,0.05965233503358948,0.06680327653884888
numeric_kappa,diamond,mlp,3,numeric_kappa_3000,standard,14,0.05867636188442118,0.05069069564342499
numeric_kappa,diamond,mlp,3,numeric_kappa_3000,standard,15,0.05673809649040696,0.06225846707820892
numeric_kappa,diamond,mlp,3,numeric_kappa_3000,standard,16,0.052236988716409555,0.051950182765722275
numeric_kappa,diamond,mlp,3,numeric_kappa_3000,standard,17,0.05096777673895001,0.04207063838839531
numeric_kappa,diamond,mlp,3,numeric_kappa_3000,standard,18,0.045661710673521594,0.0405861921608448
numeric_kappa,diamond,mlp,3,numeric_kappa_3000,standard,19,0.04664406478558236,0.04430966451764107
numeric_kappa,diamond,mlp,3,numeric_kappa_3000,standard,20,0.04374708192756601,0.037572044879198074
numeric_kappa,diamond,mlp,3,numeric_kappa_3000,standard,21,0.0451659806146525,0.0393344983458519
numeric_kappa,diamond,mlp,3,numeric_kappa_3000,standard,22,0.041535275623559305,0.03687257692217827
numeric_kappa,diamond,mlp,3,numeric_kappa_3000,standard,23,0.04342254297903586,0.036729805171489716
numeric_kappa,diamond,mlp,3,numeric_kappa_3000,standard,24,0.04017907530453524,0.035547856241464615
numeric_kappa,diamond,mlp,3,numeric_kappa_3000,standard,25,0.038276222512328414,0.03594507649540901
numeric_kappa,diamond,mlp,3,numeric_kappa_3000,standard,26,0.0390160578739793,0.03892061486840248
numeric_kappa,diamond,mlp,3,numeric_kappa_3000,standard,27,0.03776947622011833,0.0449058972299099
numeric_kappa,diamond,mlp,3,numeric_kappa_3000,standard,28,0.038883751340969934,0.038088325411081314
numeric_kappa,diamond,mlp,3,numeric_kappa_3000,standard,29,0.036688632482786844,0.033218953758478165
numeric_kappa,diamond,mlp,3,numeric_kappa_3000,standard,30,0.0353904232408242,0.0369391143321991
numeric_kappa,diamond,mlp,3,numeric_kappa_3000,standard,31,0.03736888481424535,0.036381158977746964
numeric_kappa,diamond,mlp,3,numeric_kappa_3000,standard,32,0.034781774093310715,0.033243078738451004
numeric_kappa,diamond,mlp,3,numeric_kappa_3000,standard,33,0.03492980239220763,0.03127964958548546
numeric_kappa,diamond,mlp,3,numeric_kappa_3000,standard,34,0.03255513574594484,0.03481074795126915
numeric_kappa,diamond,mlp,3,numeric_kappa_3000,standard,35,0.031105520694231517,0.03232428431510925
numeric_kappa,diamond,mlp,3,numeric_kappa_3000,standard,36,0.03369365951904747,0.03110610321164131
numeric_kappa,diamond,mlp,3,numeric_kappa_3000,standard,37,0.03173929232460717,0.028936808928847313
numeric_kappa,diamond,mlp,3,numeric_kappa_3000,standard,38,0.03514908637585685,0.030558297410607338
numeric_kappa,diamond,mlp,3,numeric_kappa_3000,standard,39,0.031206095603004032,0.029361234977841377
numeric_kappa,diamond,mlp,3,numeric_kappa_3000,standard,40,0.03484697549030237,0.03251945972442627
numeric_kappa,diamond,mlp,4,numeric_kappa_3000,standard,1,0.43757583995133525,0.15422138571739197
numeric_kappa,diamond,mlp,4,numeric_kappa_3000,standard,2,0.15804286819467303,0.12782558798789978
numeric_kappa,diamond,mlp,4,numeric_kappa_3000,standard,3,0.14037379518344234,0.12548476457595825
numeric_kappa,diamond,mlp,4,numeric_kappa_3000,standard,4,0.13453867652379212,0.12485708296298981
numeric_kappa,diamond,mlp,4,numeric_kappa_3000,standard,5,0.13088181196515797,0.11193737387657166
numeric_kappa,diamond,mlp,4,numeric_kappa_3000,standard,6,0.11842916833513019,0.11310446262359619
numeric_kappa,diamond,mlp,4,numeric_kappa_3000,standard,7,0.10452502100394162,0.1016201451420784
numeric_kappa,diamond,mlp,4,numeric_kappa_3000,standard,8,0.09767878016097663,0.09005580097436905
numeric_kappa,diamond,mlp,4,numeric_kappa_3000,standard,9,0.08864491501214596,0.0788615494966507
numeric_kappa,diamond,mlp,4,numeric_kappa_3000,standard,10,0.08393246464303732,0.07215286791324615
numeric_kappa,diamond,mlp,4,numeric_kappa_3000,standard,11,0.07405557818647135,0.073008693754673
numeric_kappa,diamond,mlp,4,numeric_kappa_3000,standard,12,0.0688222020040889,0.06226355955004692
numeric_kappa,diamond,mlp,4,numeric_kappa_3000,standard,13,0.06229285682597669,0.0599365234375
numeric_kappa,diamond,mlp,4,numeric_kappa_3000,standard,14,0.05735478634713737,0.04933963716030121
numeric_kappa,diamond,mlp,4,numeric_kappa_3000,standard,15,0.05433870322374496,0.05512996017932892
numeric_kappa,diamond,mlp,4,numeric_kappa_3000,standard,16,0.05444085886272715,0.05276929587125778
numeric_kappa,diamond,mlp,4,numeric_kappa_3000,standard,17,0.050436951673381185,0.05605448782444
numeric_kappa,diamond,mlp,4,numeric_kappa_3000,standard,18,0.04896988778104684,0.04181893914937973
numeric_kappa,diamond,mlp,4,numeric_kappa_3000,standard,19,0.04777009190721682,0.040379174053668976
numeric_kappa,diamond,mlp,4,numeric_kappa_3000,standard,20,0.04453912307170385,0.03808467835187912
numeric_kappa,diamond,mlp,4,numeric_kappa_3000,standard,21,0.04578799660064569,0.052209433168172836
numeric_kappa,diamond,mlp,4,numeric_kappa_3000,standard,22,0.04607055657830697,0.037845101207494736
numeric_kappa,diamond,mlp,4,numeric_kappa_3000,standard,23,0.04170427608929976,0.03849541395902634
numeric_kappa,diamond,mlp,4,numeric_kappa_3000,standard,24,0.040913431423510054,0.03139851987361908
numeric_kappa,diamond,mlp,4,numeric_kappa_3000,standard,25,0.040868345341845067,0.03897099569439888
numeric_kappa,diamond,mlp,4,numeric_kappa_3000,standard,26,0.0383730713073127,0.03865623101592064
numeric_kappa,diamond,mlp,4,numeric_kappa_3000,standard,27,0.038492200326844965,0.038297414779663086
numeric_kappa,diamond,mlp,4,numeric_kappa_3000,standard,28,0.038981467605427936,0.033862583339214325
numeric_kappa,diamond,mlp,4,numeric_kappa_3000,standard,29,0.03642101449569964,0.03532755747437477
numeric_kappa,diamond,mlp,4,numeric_kappa_3000,standard,30,0.03626596963653638,0.03637396916747093
numeric_kappa,diamond,mlp,4,numeric_kappa_3000,standard,31,0.038007505575826196,0.038227420300245285
numeric_kappa,adult,resnet,0,numeric_kappa_1,standard,1,0.3627530983683518,0.31929727267449326
numeric_kappa,adult,resnet,0,numeric_kappa_1,standard,2,0.3082560596653519,0.311907470151267
numeric_kappa,adult,resnet,0,numeric_kappa_1,standard,3,0.30075049041530133,0.3127828036300146
numeric_kappa,adult,resnet,0,numeric_kappa_1,standard,4,0.29221067586753524,0.3116246324056149
numeric_kappa,adult,resnet,0,numeric_kappa_1,standard,5,0.28402655137844696,0.3192239278175349
numeric_kappa,adult,resnet,0,numeric_kappa_1,standard,6,0.2784006248528014,0.3204433908607935
numeric_kappa,adult,resnet,0,numeric_kappa_1,standard,7,0.26571215853937136,0.33082747712734856
numeric_kappa,adult,resnet,0,numeric_kappa_1,standard,8,0.2535912630306122,0.34000861039587543
numeric_kappa,adult,resnet,0,numeric_kappa_1,standard,9,0.24001963630648152,0.3456522657967867
numeric_kappa,adult,resnet,0,numeric_kappa_1,standard,10,0.22639714448692172,0.3684340151504022
numeric_kappa,adult,resnet,0,numeric_kappa_1,standard,11,0.20576540444787655,0.38335136399781605
numeric_kappa,adult,resnet,1,numeric_kappa_1,standard,1,0.3716035789148813,0.32346422082848447
numeric_kappa,adult,resnet,1,numeric_kappa_1,standard,2,0.3083185278227054,0.31164331528048955
numeric_kappa,adult,resnet,1,numeric_kappa_1,standard,3,0.2994657522044545,0.3107015463043954
numeric_kappa,adult,resnet,1,numeric_kappa_1,standard,4,0.29030614937552657,0.31955007902651755
numeric_kappa,adult,resnet,1,numeric_kappa_1,standard,5,0.28572561934187607,0.31569826703237863
numeric_kappa,adult,resnet,1,numeric_kappa_1,standard,6,0.2749552803631204,0.3204109309687657
numeric_kappa,adult,resnet,1,numeric_kappa_1,standard,7,0.2669907968665224,0.3347239700954819
numeric_kappa,adult,resnet,1,numeric_kappa_1,standard,8,0.2539533978232002,0.33222431950904613
numeric_kappa,adult,resnet,1,numeric_kappa_1,standard,9,0.2397348647182052,0.35839941689405197
numeric_kappa,adult,resnet,1,numeric_kappa_1,standard,10,0.22273559256912157,0.36540362311813146
numeric_kappa,adult,resnet,2,numeric_kappa_1,standard,1,0.3619858630605646,0.32239030145135666
numeric_kappa,adult,resnet,2,numeric_kappa_1,standard,2,0.309159026977764,0.31326484881179195
numeric_kappa,adult,resnet,2,numeric_kappa_1,standard,3,0.2987680676088872,0.31513917049164464
numeric_kappa,adult,resnet,2,numeric_kappa_1,standard,4,0.2925253347184793,0.31326362939798175
numeric_kappa,adult,resnet,2,numeric_kappa_1,standard,5,0.2853499363915633,0.3215961673133597
numeric_kappa,adult,resnet,2,numeric_kappa_1,standard,6,0.27629300168456844,0.3208531804041902
numeric_kappa,adult,resnet,2,numeric_kappa_1,standard,7,0.26355441679825653,0.3378179303506461
numeric_kappa,adult,resnet,2,numeric_kappa_1,standard,8,0.2524912718692634,0.33706365545029826
numeric_kappa,adult,resnet,2,numeric_kappa_1,standard,9,0.24004404309047822,0.3482279874046237
numeric_kappa,adult,resnet,2,numeric_kappa_1,standard,10,0.2228509071271601,0.37670462488766987
numeric_kappa,adult,resnet,2,numeric_kappa_1,standard,11,0.2112376199307547,0.37700644599312066
numeric_kappa,adult,resnet,0,numeric_kappa_1000,standard,1,0.4710910202390732,0.41104117470729873
numeric_kappa,adult,resnet,0,numeric_kappa_1000,standard,2,0.37771046930507596,0.3558540903727815
numeric_kappa,adult,resnet,0,numeric_kappa_1000,standard,3,0.3421563988675064,0.3441585901704647
numeric_kappa,adult,resnet,0,numeric_kappa_1000,standard,4,0.3225472853576229,0.3418157584818924
numeric_kappa,adult,resnet,0,numeric_kappa_1000,standard,5,0.3153248398544162,0.34079717930011394
numeric_kappa,adult,resnet,0,numeric_kappa_1000,standard,6,0.3123362709468354,0.3338116428159746
numeric_kappa,adult,resnet,0,numeric_kappa_1000,standard,7,0.3067266599844949,0.3280295032974423
numeric_kappa,adult,resnet,0,numeric_kappa_1000,standard,8,0.3005612124974956,0.3256600106088083
numeric_kappa,adult,resnet,0,numeric_kappa_1000,standard,9,0.29913330517471276,0.3254340906183342
numeric_kappa,adult,resnet,0,numeric_kappa_1000,standard,10,0.2965181234134796,0.3234005088707764
numeric_kappa,adult,resnet,0,numeric_kappa_1000,standard,11,0.2929128756980052,0.335968846895885
numeric_kappa,adult,resnet,0,numeric_kappa_1000,standard,12,0.2888456470257527,0.3407232942166955
numeric_kappa,adult,resnet,0,numeric_kappa_1000,standard,13,0.28401597462942324,0.3391679963291963
numeric_kappa,adult,resnet,0,numeric_kappa_1000,standard,14,0.28017919772380107,0.34170931098483937
numeric_kappa,adult,resnet,0,numeric_kappa_1000,standard,15,0.27408017661120443,0.34933138144133946
numeric_kappa,adult,resnet,0,numeric_kappa_1000,standard,16,0.27149231504896054,0.3489651529081897
numeric_kappa,adult,resnet,0,numeric_kappa_1000,standard,17,0.26234440560422895,0.3541863598226976
numeric_kappa,adult,resnet,1,numeric_kappa_1000,standard,1,0.4765397972937591,0.42219633656522626
numeric_kappa,adult,resnet,1,numeric_kappa_1000,standard,2,0.3823760676149654,0.3632485124390008
numeric_kappa,adult,resnet,1,numeric_kappa_1000,standard,3,0.3391680790692641,0.3404362481414479
numeric_kappa,adult,resnet,1,numeric_kappa_1000,standard,4,0.3244105269194235,0.34283655258303103
numeric_kappa,adult,resnet,1,numeric_kappa_1000,standard,5,0.31661570167365766,0.3414237556768253
numeric_kappa,adult,resnet,1,numeric_kappa_1000,standard,6,0.3097949331164067,0.33042385756021914
numeric_kappa,adult,resnet,1,numeric_kappa_1000,standard,7,0.3094580836173065,0.32931388194454864
numeric_kappa,adult,resnet,1,numeric_kappa_1000,standard,8,0.30243791702045564,0.3284734457644606
numeric_kappa,adult,resnet,1,numeric_kappa_1000,standard,9,0.29890044535114374,0.336311820048394
numeric_kappa,adult,resnet,1,numeric_kappa_1000,standard,10,0.2964677752089442,0.32590770676825204
numeric_kappa,adult,resnet,1,numeric_kappa_1000,standard,11,0.2917765594963945,0.33684801726246005
numeric_kappa,adult,resnet,1,numeric_kappa_1000,standard,12,0.29197775504805823,0.33853029321709666
numeric_kappa,adult,resnet,1,numeric_kappa_1000,standard,13,0.28348130485642453,0.33948679866368325
numeric_kappa,adult,resnet,1,numeric_kappa_1000,standard,14,0.27633342139551037,0.34321235529621313
numeric_kappa,adult,resnet,1,numeric_kappa_1000,standard,15,0.273481958987379,0.34346753497470595
numeric_kappa,adult,resnet,1,numeric_kappa_1000,standard,16,0.26954429331224145,0.3463591821940003
numeric_kappa,adult,resnet,1,numeric_kappa_1000,standard,17,0.2670065140401995,0.354753134647309
numeric_kappa,adult,resnet,2,numeric_kappa_1000,standard,1,0.47220931233293595,0.41438499480866026
numeric_kappa,adult,resnet,2,numeric_kappa_1000,standard,2,0.3833880874097201,0.361874251416766
numeric_kappa,adult,resnet,2,numeric_kappa_1000,standard,3,0.3487294238673967,0.34494091632451584
numeric_kappa,adult,resnet,2,numeric_kappa_1000,standard,4,0.3225448684405343,0.34531852730145446
numeric_kappa,adult,resnet,2,numeric_kappa_1000,standard,5,0.3163754900491794,0.33330370096748646
numeric_kappa,adult,resnet,2,numeric_kappa_1000,standard,6,0.3113618475506288,0.33500874066951986
numeric_kappa,adult,resnet,2,numeric_kappa_1000,standard,7,0.3051106729876497,0.32928968739904624
numeric_kappa,adult,resnet,2,numeric_kappa_1000,standard,8,0.30316137725656683,0.34124075956507977
numeric_kappa,adult,resnet,2,numeric_kappa_1000,standard,9,0.30157961013569,0.334572844938614
numeric_kappa,adult,resnet,2,numeric_kappa_1000,standard,10,0.29657191470155553,0.33777716705024924
numeric_kappa,adult,resnet,2,numeric_kappa_1000,standard,11,0.29332542953971563,0.33375332000815816
numeric_kappa,adult,resnet,2,numeric_kappa_1000,standard,12,0.2883005968182913,0.3301542364239718
numeric_kappa,adult,resnet,2,numeric_kappa_1000,standard,13,0.28271287467321543,0.33802195026979526
numeric_kappa,adult,resnet,2,numeric_kappa_1000,standard,14,0.27921262961933596,0.3429291656052474
numeric_kappa,california,resnet,0,numeric_kappa_1,standard,1,0.36565109437718074,0.2367396503686905
numeric_kappa,california,resnet,0,numeric_kappa_1,standard,2,0.17972809794123487,0.21063730120658875
numeric_kappa,california,resnet,0,numeric_kappa_1,standard,3,0.13010621748628312,0.20089691877365112
numeric_kappa,california,resnet,0,numeric_kappa_1,standard,4,0.10413603869089343,0.19899164140224457
numeric_kappa,california,resnet,0,numeric_kappa_1,standard,5,0.0803088408646865,0.19557523727416992
numeric_kappa,california,resnet,0,numeric_kappa_1,standard,6,0.061069090651469926,0.20782391726970673
numeric_kappa,california,resnet,0,numeric_kappa_1,standard,7,0.049619033359607656,0.1938876062631607
numeric_kappa,california,resnet,0,numeric_kappa_1,standard,8,0.04108258836138879,0.19341535866260529
numeric_kappa,california,resnet,0,numeric_kappa_1,standard,9,0.034118399071390186,0.1904117316007614
numeric_kappa,california,resnet,0,numeric_kappa_1,standard,10,0.029227354614749,0.1908404380083084
numeric_kappa,california,resnet,0,numeric_kappa_1,standard,11,0.026716460106002184,0.19273024797439575
numeric_kappa,california,resnet,0,numeric_kappa_1,standard,12,0.023651662961554406,0.19138994812965393
numeric_kappa,california,resnet,0,numeric_kappa_1,standard,13,0.02184870769726295,0.19215774536132812
numeric_kappa,california,resnet,0,numeric_kappa_1,standard,14,0.01945593547944911,0.18937399983406067
numeric_kappa,california,resnet,0,numeric_kappa_1,standard,15,0.018860157014989224,0.1922866553068161
numeric_kappa,california,resnet,0,numeric_kappa_1,standard,16,0.017446684690349008,0.19209863245487213
numeric_kappa,california,resnet,0,numeric_kappa_1,standard,17,0.016815735572210565,0.186950221657753
numeric_kappa,california,resnet,0,numeric_kappa_1,standard,18,0.01578248126587555,0.18947185575962067
numeric_kappa,california,resnet,0,numeric_kappa_1,standard,19,0.014635450009489837,0.18527938425540924
numeric_kappa,california,resnet,0,numeric_kappa_1,standard,20,0.01359677328020605,0.18774853646755219
numeric_kappa,california,resnet,0,numeric_kappa_1,standard,21,0.013902288814615301,0.18596525490283966
numeric_kappa,california,resnet,0,numeric_kappa_1,standard,22,0.013054118485998193,0.1813051849603653
numeric_kappa,california,resnet,0,numeric_kappa_1,standard,23,0.012315460200697122,0.18339861929416656
numeric_kappa,california,resnet,0,numeric_kappa_1,standard,24,0.01233582266976057,0.1826830506324768
numeric_kappa,california,resnet,0,numeric_kappa_1,standard,25,0.011629449211789194,0.18102455139160156
numeric_kappa,california,resnet,0,numeric_kappa_1,standard,26,0.011279492030321121,0.1849459856748581
numeric_kappa,california,resnet,0,numeric_kappa_1,standard,27,0.01085644893274044,0.18237286806106567
numeric_kappa,california,resnet,0,numeric_kappa_1,standard,28,0.00976456066553903,0.18183419108390808
numeric_kappa,california,resnet,0,numeric_kappa_1,standard,29,0.009455606914581208,0.18125571310520172
numeric_kappa,california,resnet,0,numeric_kappa_1,standard,30,0.009278562792729638,0.18111008405685425
numeric_kappa,california,resnet,0,numeric_kappa_1,standard,31,0.009111566270597025,0.17934797704219818
numeric_kappa,california,resnet,0,numeric_kappa_1,standard,32,0.008845095763340997,0.1796489953994751
numeric_kappa,california,resnet,0,numeric_kappa_1,standard,33,0.009212014364067782,0.17857511341571808
numeric_kappa,california,resnet,0,numeric_kappa_1,standard,34,0.008862467033417556,0.17876966297626495
numeric_kappa,california,resnet,0,numeric_kappa_1,standard,35,0.008605168640638374,0.17966946959495544
numeric_kappa,california,resnet,0,numeric_kappa_1,standard,36,0.00839810928135086,0.17668406665325165
numeric_kappa,california,resnet,0,numeric_kappa_1,standard,37,0.00795976346242603,0.17878934741020203
numeric_kappa,california,resnet,0,numeric_kappa_1,standard,38,0.007719260017022415,0.17793557047843933
numeric_kappa,california,resnet,0,numeric_kappa_1,standard,39,0.0075541268848009656,0.17949983477592468
numeric_kappa,california,resnet,0,numeric_kappa_1,standard,40,0.007885524877714744,0.1780741661787033
numeric_kappa,california,resnet,1,numeric_kappa_1,standard,1,0.4322463335393641,0.2542676627635956
numeric_kappa,california,resnet,1,numeric_kappa_1,standard,2,0.1852542985809121,0.2082880288362503
numeric_kappa,california,resnet,1,numeric_kappa_1,standard,3,0.1374610587497638,0.20113828778266907
numeric_kappa,california,resnet,1,numeric_kappa_1,standard,4,0.10614316412107762,0.19427739083766937
numeric_kappa,california,resnet,1,numeric_kappa_1,standard,5,0.08308928744955295,0.19772349298000336
numeric_kappa,california,resnet,1,numeric_kappa_1,standard,6,0.06357478546578677,0.1903844177722931
numeric_kappa,california,resnet,1,numeric_kappa_1,standard,7,0.050201838362974135,0.1976713389158249
numeric_kappa,california,resnet,1,numeric_kappa_1,standard,8,0.041898308487242256,0.1953921765089035
numeric_kappa,california,resnet,1,numeric_kappa_1,standard,9,0.03422614270369266,0.19924943149089813
numeric_kappa,california,resnet,1,numeric_kappa_1,standard,10,0.029052318765550065,0.1991765797138214
numeric_kappa,california,resnet,1,numeric_kappa_1,standard,11,0.025240701668596762,0.19948481023311615
numeric_kappa,california,resnet,1,numeric_kappa_1,standard,12,0.02274383292421704,0.19999222457408905
numeric_kappa,california,resnet,1,numeric_kappa_1,standard,13,0.02045376469624472,0.1959078460931778
numeric_kappa,california,resnet,2,numeric_kappa_1,standard,1,0.38126014571365324,0.27084922790527344
numeric_kappa,california,resnet,2,numeric_kappa_1,standard,2,0.18248299792385253,0.20827974379062653
numeric_kappa,california,resnet,2,numeric_kappa_1,standard,3,0.1322120146058656,0.19810208678245544
numeric_kappa,california,resnet,2,numeric_kappa_1,standard,4,0.09940480870720078,0.19475215673446655
numeric_kappa,california,resnet,2,numeric_kappa_1,standard,5,0.07699499266795057,0.19646534323692322
numeric_kappa,california,resnet,2,numeric_kappa_1,standard,6,0.062101941954806186,0.1943320333957672
numeric_kappa,california,resnet,2,numeric_kappa_1,standard,7,0.04889681753826201,0.19346889853477478
numeric_kappa,california,resnet,2,numeric_kappa_1,standard,8,0.039101122203390536,0.1946612000465393
numeric_kappa,california,resnet,2,numeric_kappa_1,standard,9,0.03305278690099644,0.19547288119792938
numeric_kappa,california,resnet,2,numeric_kappa_1,standard,10,0.02924329917196818,0.19828246533870697
numeric_kappa,california,resnet,2,numeric_kappa_1,standard,11,0.026986781288736775,0.19970281422138214
numeric_kappa,california,resnet,2,numeric_kappa_1,standard,12,0.024112723172963167,0.19554416835308075
numeric_kappa,california,resnet,2,numeric_kappa_1,standard,13,0.02176174537775572,0.1922965943813324
numeric_kappa,california,resnet,2,numeric_kappa_1,standard,14,0.019429879493177166,0.19171959161758423
numeric_kappa,california,resnet,2,numeric_kappa_1,standard,15,0.017820076831376104,0.19151975214481354
numeric_kappa,california,resnet,2,numeric_kappa_1,standard,16,0.01736760278927521,0.19042938947677612
numeric_kappa,california,resnet,2,numeric_kappa_1,standard,17,0.016481458389176508,0.19171074032783508
numeric_kappa,california,resnet,2,numeric_kappa_1,standard,18,0.01594007024908837,0.18720200657844543
numeric_kappa,california,resnet,2,numeric_kappa_1,standard,19,0.015005024283694567,0.19091764092445374
numeric_kappa,california,resnet,2,numeric_kappa_1,standard,20,0.014426094859678294,0.18929989635944366
numeric_kappa,california,resnet,2,numeric_kappa_1,standard,21,0.014077615503325255,0.18899330496788025
numeric_kappa,california,resnet,2,numeric_kappa_1,standard,22,0.012951031639662665,0.1873958557844162
numeric_kappa,california,resnet,2,numeric_kappa_1,standard,23,0.012202079387705863,0.18727724254131317
numeric_kappa,california,resnet,2,numeric_kappa_1,standard,24,0.012002553065717153,0.1862352043390274
numeric_kappa,california,resnet,2,numeric_kappa_1,standard,25,0.011543645177441796,0.1845075786113739
numeric_kappa,california,resnet,2,numeric_kappa_1,standard,26,0.011282819019005439,0.18711593747138977
numeric_kappa,california,resnet,2,numeric_kappa_1,standard,27,0.010485306393953875,0.1848670095205307
numeric_kappa,california,resnet,2,numeric_kappa_1,standard,28,0.01032838689954271,0.18425050377845764
numeric_kappa,california,resnet,2,numeric_kappa_1,standard,29,0.010164886440096643,0.1833672821521759
numeric_kappa,california,resnet,2,numeric_kappa_1,standard,30,0.010341824012835928,0.18281005322933197
numeric_kappa,california,resnet,2,numeric_kappa_1,standard,31,0.009362747933067203,0.18411004543304443
numeric_kappa,california,resnet,2,numeric_kappa_1,standard,32,0.009054039319621388,0.1829884946346283
numeric_kappa,california,resnet,2,numeric_kappa_1,standard,33,0.008985162847160331,0.18291255831718445
numeric_kappa,california,resnet,2,numeric_kappa_1,standard,34,0.008388299605183688,0.18356698751449585
numeric_kappa,california,resnet,2,numeric_kappa_1,standard,35,0.008381366096586452,0.1810285747051239
numeric_kappa,california,resnet,2,numeric_kappa_1,standard,36,0.008126905393702895,0.1816260814666748
numeric_kappa,california,resnet,2,numeric_kappa_1,standard,37,0.007991779310837048,0.180738627910614
numeric_kappa,california,resnet,2,numeric_kappa_1,standard,38,0.007541195695486674,0.18242675065994263
numeric_kappa,california,resnet,2,numeric_kappa_1,standard,39,0.007739583329044554,0.1827980875968933
numeric_kappa,california,resnet,2,numeric_kappa_1,standard,40,0.007728575494857298,0.18085812032222748
numeric_kappa,california,resnet,0,numeric_kappa_1000,standard,1,0.6255941223264309,0.4696309566497803
numeric_kappa,california,resnet,0,numeric_kappa_1000,standard,2,0.3884717380375999,0.38337019085884094
numeric_kappa,california,resnet,0,numeric_kappa_1000,standard,3,0.3024025081807546,0.3208477795124054
numeric_kappa,california,resnet,0,numeric_kappa_1000,standard,4,0.25227752602500175,0.2930832505226135
numeric_kappa,california,resnet,0,numeric_kappa_1000,standard,5,0.21863814414865143,0.2761688828468323
numeric_kappa,california,resnet,0,numeric_kappa_1000,standard,6,0.19435060172381882,0.2646518349647522
numeric_kappa,california,resnet,0,numeric_kappa_1000,standard,7,0.17596150389595047,0.2611978352069855
numeric_kappa,california,resnet,0,numeric_kappa_1000,standard,8,0.16157215243325712,0.2705850303173065
numeric_kappa,california,resnet,0,numeric_kappa_1000,standard,9,0.14807264218472796,0.2582104206085205
numeric_kappa,california,resnet,0,numeric_kappa_1000,standard,10,0.13229963485735607,0.24510321021080017
numeric_kappa,california,resnet,0,numeric_kappa_1000,standard,11,0.1197724047109391,0.24777178466320038
numeric_kappa,california,resnet,0,numeric_kappa_1000,standard,12,0.1084014495070557,0.250174880027771
numeric_kappa,california,resnet,0,numeric_kappa_1000,standard,13,0.09747393742498148,0.2414844036102295
numeric_kappa,california,resnet,0,numeric_kappa_1000,standard,14,0.08609918655894058,0.24473828077316284
numeric_kappa,california,resnet,0,numeric_kappa_1000,standard,15,0.08126275328521211,0.24927078187465668
numeric_kappa,california,resnet,0,numeric_kappa_1000,standard,16,0.07385751751462122,0.24741815030574799
numeric_kappa,california,resnet,0,numeric_kappa_1000,standard,17,0.06452839079000847,0.23999880254268646
numeric_kappa,california,resnet,0,numeric_kappa_1000,standard,18,0.0578500356411526,0.252431720495224
numeric_kappa,california,resnet,0,numeric_kappa_1000,standard,19,0.05288192883694557,0.24268832802772522
numeric_kappa,california,resnet,0,numeric_kappa_1000,standard,20,0.04634024748601653,0.24544043838977814
numeric_kappa,california,resnet,0,numeric_kappa_1000,standard,21,0.043978728290239175,0.24681511521339417
numeric_kappa,california,resnet,0,numeric_kappa_1000,standard,22,0.0409581186395801,0.24031509459018707
numeric_kappa,california,resnet,0,numeric_kappa_1000,standard,23,0.035492173979352594,0.2453325241804123
numeric_kappa,california,resnet,0,numeric_kappa_1000,standard,24,0.033559171071020695,0.24363493919372559
numeric_kappa,california,resnet,1,numeric_kappa_1000,standard,1,0.6574026719203859,0.4811955690383911
numeric_kappa,california,resnet,1,numeric_kappa_1000,standard,2,0.3967709363147631,0.3678383231163025
numeric_kappa,california,resnet,1,numeric_kappa_1000,standard,3,0.3078513259295304,0.3295827805995941
numeric_kappa,california,resnet,1,numeric_kappa_1000,standard,4,0.25953487401989067,0.2943500876426697
numeric_kappa,california,resnet,1,numeric_kappa_1000,standard,5,0.22608945317647056,0.284429132938385
numeric_kappa,california,resnet,1,numeric_kappa_1000,standard,6,0.19996964259249264,0.2669210731983185
numeric_kappa,california,resnet,1,numeric_kappa_1000,standard,7,0.18082113350125406,0.2627631425857544
numeric_kappa,california,resnet,1,numeric_kappa_1000,standard,8,0.16250958387591258,0.2603927254676819
numeric_kappa,california,resnet,1,numeric_kappa_1000,standard,9,0.15001431255303033,0.2594325542449951
numeric_kappa,california,resnet,1,numeric_kappa_1000,standard,10,0.1347035178637575,0.25353384017944336
numeric_kappa,california,resnet,1,numeric_kappa_1000,standard,11,0.1239342450332981,0.24471870064735413
numeric_kappa,california,resnet,1,numeric_kappa_1000,standard,12,0.11048042438757917,0.2482762485742569
numeric_kappa,california,resnet,1,numeric_kappa_1000,standard,13,0.09970822315405045,0.2508118152618408
numeric_kappa,california,resnet,1,numeric_kappa_1000,standard,14,0.090044931940031,0.25036317110061646
numeric_kappa,california,resnet,1,numeric_kappa_1000,standard,15,0.0826519062140887,0.2453233301639557
numeric_kappa,california,resnet,1,numeric_kappa_1000,standard,16,0.07460053120020238,0.25266918540000916
numeric_kappa,california,resnet,1,numeric_kappa_1000,standard,17,0.06842382674974319,0.2541857361793518
numeric_kappa,california,resnet,1,numeric_kappa_1000,standard,18,0.06117315439130719,0.251512736082077
numeric_kappa,california,resnet,2,numeric_kappa_1000,standard,1,0.6421101852485472,0.4887067675590515
numeric_kappa,california,resnet,2,numeric_kappa_1000,standard,2,0.4006535174271946,0.3833511173725128
numeric_kappa,california,resnet,2,numeric_kappa_1000,standard,3,0.3102115735719617,0.32521936297416687
numeric_kappa,california,resnet,2,numeric_kappa_1000,standard,4,0.2608053472579243,0.3137071132659912
numeric_kappa,california,resnet,2,numeric_kappa_1000,standard,5,0.22972173916845917,0.2863929867744446
numeric_kappa,california,resnet,2,numeric_kappa_1000,standard,6,0.20152401281225302,0.2792966067790985
numeric_kappa,california,resnet,2,numeric_kappa_1000,standard,7,0.180277454382863,0.2666380703449249
numeric_kappa,california,resnet,2,numeric_kappa_1000,standard,8,0.1677040365604333,0.2600040137767792
numeric_kappa,california,resnet,2,numeric_kappa_1000,standard,9,0.1514936985649793,0.25781169533729553
numeric_kappa,california,resnet,2,numeric_kappa_1000,standard,10,0.13737719329307402,0.25839582085609436
numeric_kappa,california,resnet,2,numeric_kappa_1000,standard,11,0.1228177578658265,0.25223490595817566
numeric_kappa,california,resnet,2,numeric_kappa_1000,standard,12,0.11285370001179489,0.2532781660556793
numeric_kappa,california,resnet,2,numeric_kappa_1000,standard,13,0.10151076944230028,0.24593494832515717
numeric_kappa,california,resnet,2,numeric_kappa_1000,standard,14,0.09040921341969935,0.24749495089054108
numeric_kappa,california,resnet,2,numeric_kappa_1000,standard,15,0.08248896320771464,0.2523883283138275
numeric_kappa,california,resnet,2,numeric_kappa_1000,standard,16,0.07287132295433908,0.2406291961669922
numeric_kappa,california,resnet,2,numeric_kappa_1000,standard,17,0.06576375107857162,0.2453882396221161
numeric_kappa,california,resnet,2,numeric_kappa_1000,standard,18,0.05942629118868725,0.23976187407970428
numeric_kappa,california,resnet,2,numeric_kappa_1000,standard,19,0.05300880888841769,0.24790839850902557
numeric_kappa,california,resnet,2,numeric_kappa_1000,standard,20,0.05012935889522848,0.2483460009098053
numeric_kappa,california,resnet,2,numeric_kappa_1000,standard,21,0.045581644181114454,0.24584606289863586
numeric_kappa,california,resnet,2,numeric_kappa_1000,standard,22,0.041318207441659434,0.24195973575115204
numeric_kappa,california,resnet,2,numeric_kappa_1000,standard,23,0.03656744966869351,0.2490219622850418
numeric_kappa,california,resnet,2,numeric_kappa_1000,standard,24,0.034489426035082885,0.24337193369865417
numeric_kappa,california,resnet,2,numeric_kappa_1000,standard,25,0.032124009804635305,0.24236992001533508
numeric_kappa,diamond,resnet,0,numeric_kappa_1,standard,1,0.12620184283208996,0.04916262999176979
numeric_kappa,diamond,resnet,0,numeric_kappa_1,standard,2,0.04480616300415407,0.032766517251729965
numeric_kappa,diamond,resnet,0,numeric_kappa_1,standard,3,0.0332130017248157,0.03065437078475952
numeric_kappa,diamond,resnet,0,numeric_kappa_1,standard,4,0.03002413175433571,0.029307683929800987
numeric_kappa,diamond,resnet,0,numeric_kappa_1,standard,5,0.026185215605274852,0.024997837841510773
numeric_kappa,diamond,resnet,0,numeric_kappa_1,standard,6,0.024615021775221447,0.02525397390127182
numeric_kappa,diamond,resnet,0,numeric_kappa_1,standard,7,0.02355435366070361,0.0279851071536541
numeric_kappa,diamond,resnet,0,numeric_kappa_1,standard,8,0.02260555919341909,0.025860799476504326
numeric_kappa,diamond,resnet,0,numeric_kappa_1,standard,9,0.02190045700072232,0.026446029543876648
numeric_kappa,diamond,resnet,0,numeric_kappa_1,standard,10,0.020231836266699763,0.02201833389699459
numeric_kappa,diamond,resnet,0,numeric_kappa_1,standard,11,0.019194227175585887,0.02228367142379284
numeric_kappa,diamond,resnet,0,numeric_kappa_1,standard,12,0.01882582310823391,0.02152639999985695
numeric_kappa,diamond,resnet,0,numeric_kappa_1,standard,13,0.017770402628330257,0.02184191346168518
numeric_kappa,diamond,resnet,0,numeric_kappa_1,standard,14,0.017791830602884275,0.024244341999292374
numeric_kappa,diamond,resnet,0,numeric_kappa_1,standard,15,0.018213883365213426,0.023581145331263542
numeric_kappa,diamond,resnet,0,numeric_kappa_1,standard,16,0.01801731551671383,0.02468661591410637
numeric_kappa,diamond,resnet,0,numeric_kappa_1,standard,17,0.017055042508679535,0.024463314563035965
numeric_kappa,diamond,resnet,0,numeric_kappa_1,standard,18,0.0163638727829939,0.024109356105327606
numeric_kappa,diamond,resnet,0,numeric_kappa_1,standard,19,0.01622906836778541,0.024192627519369125
numeric_kappa,diamond,resnet,1,numeric_kappa_1,standard,1,0.12739095475744483,0.05321580544114113
numeric_kappa,diamond,resnet,1,numeric_kappa_1,standard,2,0.04481988217458157,0.033327389508485794
numeric_kappa,diamond,resnet,1,numeric_kappa_1,standard,3,0.036610611148172316,0.032009024173021317
numeric_kappa,diamond,resnet,1,numeric_kappa_1,standard,4,0.03125999261786199,0.0325494147837162
numeric_kappa,diamond,resnet,1,numeric_kappa_1,standard,5,0.028749578224041762,0.02871001698076725
numeric_kappa,diamond,resnet,1,numeric_kappa_1,standard,6,0.02586362389718949,0.02483276277780533
numeric_kappa,diamond,resnet,1,numeric_kappa_1,standard,7,0.023288791084220228,0.023836717009544373
numeric_kappa,diamond,resnet,1,numeric_kappa_1,standard,8,0.0226012577162547,0.023938558995723724
numeric_kappa,diamond,resnet,1,numeric_kappa_1,standard,9,0.02249041211479115,0.02238188497722149
numeric_kappa,diamond,resnet,1,numeric_kappa_1,standard,10,0.019927996272264752,0.02078787051141262
numeric_kappa,diamond,resnet,1,numeric_kappa_1,standard,11,0.019439386249478635,0.024757802486419678
numeric_kappa,diamond,resnet,1,numeric_kappa_1,standard,12,0.019340730388159824,0.02412595972418785
numeric_kappa,diamond,resnet,1,numeric_kappa_1,standard,13,0.017917316950149077,0.02388143725693226
numeric_kappa,diamond,resnet,1,numeric_kappa_1,standard,14,0.018259551964315186,0.02359727770090103
numeric_kappa,diamond,resnet,1,numeric_kappa_1,standard,15,0.01728574970362585,0.023489629849791527
numeric_kappa,diamond,resnet,1,numeric_kappa_1,standard,16,0.01783925569635278,0.02212887443602085
numeric_kappa,diamond,resnet,1,numeric_kappa_1,standard,17,0.016876447657865386,0.021373067051172256
numeric_kappa,diamond,resnet,2,numeric_kappa_1,standard,1,0.12889389160880554,0.0490969642996788
numeric_kappa,diamond,resnet,2,numeric_kappa_1,standard,2,0.0442677392393626,0.03364250063896179
numeric_kappa,diamond,resnet,2,numeric_kappa_1,standard,3,0.03511700947744679,0.0302507933229208
numeric_kappa,diamond,resnet,2,numeric_kappa_1,standard,4,0.029067568847605415,0.02747863344848156
numeric_kappa,diamond,resnet,2,numeric_kappa_1,standard,5,0.027501905759997922,0.025350721552968025
numeric_kappa,diamond,resnet,2,numeric_kappa_1,standard,6,0.02432578007421175,0.02699333056807518
numeric_kappa,diamond,resnet,2,numeric_kappa_1,standard,7,0.02484757744219586,0.024065783247351646
numeric_kappa,diamond,resnet,2,numeric_kappa_1,standard,8,0.022638054910458765,0.024644453078508377
numeric_kappa,diamond,resnet,2,numeric_kappa_1,standard,9,0.021956587755963423,0.02215767838060856
numeric_kappa,diamond,resnet,2,numeric_kappa_1,standard,10,0.02077232373925896,0.02293623425066471
numeric_kappa,diamond,resnet,2,numeric_kappa_1,standard,11,0.019384993922845612,0.02223789133131504
numeric_kappa,diamond,resnet,2,numeric_kappa_1,standard,12,0.01979321886411596,0.021466339007019997
numeric_kappa,diamond,resnet,2,numeric_kappa_1,standard,13,0.019583677717943355,0.022556260228157043
numeric_kappa,diamond,resnet,2,numeric_kappa_1,standard,14,0.018777221442509928,0.021989166736602783
numeric_kappa,diamond,resnet,2,numeric_kappa_1,standard,15,0.018013465690935152,0.02178589440882206
numeric_kappa,diamond,resnet,2,numeric_kappa_1,standard,16,0.017323825913248457,0.023395035415887833
numeric_kappa,diamond,resnet,2,numeric_kappa_1,standard,17,0.017842832928834915,0.021509895101189613
numeric_kappa,diamond,resnet,2,numeric_kappa_1,standard,18,0.0172390014538362,0.021986646577715874
numeric_kappa,diamond,resnet,2,numeric_kappa_1,standard,19,0.016472605885217755,0.022921554744243622
numeric_kappa,diamond,resnet,0,numeric_kappa_1000,standard,1,0.19776965144039985,0.12493286281824112
numeric_kappa,diamond,resnet,0,numeric_kappa_1000,standard,2,0.11494911320766303,0.1082247942686081
numeric_kappa,diamond,resnet,0,numeric_kappa_1000,standard,3,0.09550098263199706,0.08482345193624496
numeric_kappa,diamond,resnet,0,numeric_kappa_1000,standard,4,0.07229595347008297,0.06494761258363724
numeric_kappa,diamond,resnet,0,numeric_kappa_1000,standard,5,0.057488551403762654,0.04589880630373955
numeric_kappa,diamond,resnet,0,numeric_kappa_1000,standard,6,0.04832422102497104,0.0464668944478035
numeric_kappa,diamond,resnet,0,numeric_kappa_1000,standard,7,0.045647862857719004,0.045905862003564835
numeric_kappa,diamond,resnet,0,numeric_kappa_1000,standard,8,0.04030705222284313,0.04013250395655632
numeric_kappa,diamond,resnet,0,numeric_kappa_1000,standard,9,0.03792809764383162,0.04493150860071182
numeric_kappa,diamond,resnet,0,numeric_kappa_1000,standard,10,0.038670970950422316,0.03567632660269737
numeric_kappa,diamond,resnet,0,numeric_kappa_1000,standard,11,0.03573745742491159,0.034619223326444626
numeric_kappa,diamond,resnet,0,numeric_kappa_1000,standard,12,0.03519743084072279,0.04193614050745964
numeric_kappa,diamond,resnet,0,numeric_kappa_1000,standard,13,0.032273044786281777,0.03131193667650223
numeric_kappa,diamond,resnet,0,numeric_kappa_1000,standard,14,0.029331859517326163,0.033281296491622925
numeric_kappa,diamond,resnet,0,numeric_kappa_1000,standard,15,0.030098748538851503,0.03371427208185196
numeric_kappa,diamond,resnet,0,numeric_kappa_1000,standard,16,0.028819947365350568,0.031105803325772285
numeric_kappa,diamond,resnet,0,numeric_kappa_1000,standard,17,0.027609821167152347,0.028726749122142792
numeric_kappa,diamond,resnet,0,numeric_kappa_1000,standard,18,0.02837555245438464,0.027882225811481476
numeric_kappa,diamond,resnet,0,numeric_kappa_1000,standard,19,0.02731654756047419,0.028957106173038483
numeric_kappa,diamond,resnet,0,numeric_kappa_1000,standard,20,0.025193092367626096,0.02907393127679825
numeric_kappa,diamond,resnet,0,numeric_kappa_1000,standard,21,0.025404957593739567,0.027969107031822205
numeric_kappa,diamond,resnet,0,numeric_kappa_1000,standard,22,0.027099252139613627,0.029062407091259956
numeric_kappa,diamond,resnet,0,numeric_kappa_1000,standard,23,0.024096745284357474,0.027091600000858307
numeric_kappa,diamond,resnet,0,numeric_kappa_1000,standard,24,0.02204739183635003,0.02757200039923191
numeric_kappa,diamond,resnet,0,numeric_kappa_1000,standard,25,0.02258793554251754,0.025232428684830666
numeric_kappa,diamond,resnet,0,numeric_kappa_1000,standard,26,0.021417951627232836,0.025984980165958405
numeric_kappa,diamond,resnet,0,numeric_kappa_1000,standard,27,0.023006102464583136,0.02677779830992222
numeric_kappa,diamond,resnet,0,numeric_kappa_1000,standard,28,0.020911481075515676,0.02629132755100727
numeric_kappa,diamond,resnet,0,numeric_kappa_1000,standard,29,0.01992271981281086,0.025355558842420578
numeric_kappa,diamond,resnet,0,numeric_kappa_1000,standard,30,0.0201073519891799,0.025632059201598167
numeric_kappa,diamond,resnet,0,numeric_kappa_1000,standard,31,0.020699093297824486,0.02666431851685047
numeric_kappa,diamond,resnet,0,numeric_kappa_1000,standard,32,0.01906081420103412,0.02555556781589985
numeric_kappa,diamond,resnet,1,numeric_kappa_1000,standard,1,0.20332751378552122,0.1278424710035324
numeric_kappa,diamond,resnet,1,numeric_kappa_1000,standard,2,0.1131219347582618,0.11448045074939728
numeric_kappa,diamond,resnet,1,numeric_kappa_1000,standard,3,0.0949086619377074,0.08142095059156418
numeric_kappa,diamond,resnet,1,numeric_kappa_1000,standard,4,0.07399167782960743,0.07961249351501465
numeric_kappa,diamond,resnet,1,numeric_kappa_1000,standard,5,0.06094470938954112,0.05219651758670807
numeric_kappa,diamond,resnet,1,numeric_kappa_1000,standard,6,0.04885193738137936,0.047126319259405136
numeric_kappa,diamond,resnet,1,numeric_kappa_1000,standard,7,0.0484733249785909,0.046841029077768326
numeric_kappa,diamond,resnet,1,numeric_kappa_1000,standard,8,0.0401644496355248,0.04326873645186424
numeric_kappa,diamond,resnet,1,numeric_kappa_1000,standard,9,0.03963057058595851,0.0403604693710804
numeric_kappa,diamond,resnet,1,numeric_kappa_1000,standard,10,0.035613881011623084,0.03312069922685623
numeric_kappa,diamond,resnet,1,numeric_kappa_1000,standard,11,0.03558242818432008,0.04049323499202728
numeric_kappa,diamond,resnet,1,numeric_kappa_1000,standard,12,0.03377438823728031,0.03135392442345619
numeric_kappa,diamond,resnet,1,numeric_kappa_1000,standard,13,0.03347104400826276,0.036664675921201706
numeric_kappa,diamond,resnet,1,numeric_kappa_1000,standard,14,0.031328092092414356,0.03147273510694504
numeric_kappa,diamond,resnet,1,numeric_kappa_1000,standard,15,0.028642086171185493,0.030057834461331367
numeric_kappa,diamond,resnet,1,numeric_kappa_1000,standard,16,0.028809621421902607,0.029370373114943504
numeric_kappa,diamond,resnet,1,numeric_kappa_1000,standard,17,0.028028338603790403,0.030874252319335938
numeric_kappa,diamond,resnet,1,numeric_kappa_1000,standard,18,0.02631530576845243,0.028287239372730255
numeric_kappa,diamond,resnet,1,numeric_kappa_1000,standard,19,0.025888074274784286,0.034759800881147385
numeric_kappa,diamond,resnet,1,numeric_kappa_1000,standard,20,0.027857537089579214,0.03276660293340683
numeric_kappa,diamond,resnet,1,numeric_kappa_1000,standard,21,0.024775100378161257,0.02868533879518509
numeric_kappa,diamond,resnet,1,numeric_kappa_1000,standard,22,0.023715551632226977,0.030168788507580757
numeric_kappa,diamond,resnet,1,numeric_kappa_1000,standard,23,0.024232985735954397,0.037615131586790085
numeric_kappa,diamond,resnet,1,numeric_kappa_1000,standard,24,0.024024782564143227,0.027818923816084862
numeric_kappa,diamond,resnet,1,numeric_kappa_1000,standard,25,0.021598018098452382,0.027089573442935944
numeric_kappa,diamond,resnet,1,numeric_kappa_1000,standard,26,0.02258766136623431,0.0276497695595026
numeric_kappa,diamond,resnet,1,numeric_kappa_1000,standard,27,0.02148572412508843,0.02526935376226902
numeric_kappa,diamond,resnet,1,numeric_kappa_1000,standard,28,0.020239459402827484,0.027073774486780167
numeric_kappa,diamond,resnet,1,numeric_kappa_1000,standard,29,0.02018362347219298,0.02945953793823719
numeric_kappa,diamond,resnet,1,numeric_kappa_1000,standard,30,0.020215998210697302,0.028231695294380188
numeric_kappa,diamond,resnet,1,numeric_kappa_1000,standard,31,0.020211855497633484,0.025388294830918312
numeric_kappa,diamond,resnet,1,numeric_kappa_1000,standard,32,0.020780022233711212,0.0283947940915823
numeric_kappa,diamond,resnet,1,numeric_kappa_1000,standard,33,0.019523462515019713,0.02566034160554409
numeric_kappa,diamond,resnet,1,numeric_kappa_1000,standard,34,0.017680367503177835,0.027372457087039948
numeric_kappa,diamond,resnet,2,numeric_kappa_1000,standard,1,0.20591064950791238,0.12868739664554596
numeric_kappa,diamond,resnet,2,numeric_kappa_1000,standard,2,0.11696766687272263,0.11248712241649628
numeric_kappa,diamond,resnet,2,numeric_kappa_1000,standard,3,0.09451862612468288,0.09982023388147354
numeric_kappa,diamond,resnet,2,numeric_kappa_1000,standard,4,0.08141791090187497,0.06989703327417374
numeric_kappa,diamond,resnet,2,numeric_kappa_1000,standard,5,0.060888071128433946,0.05497388914227486
numeric_kappa,diamond,resnet,2,numeric_kappa_1000,standard,6,0.05157015389028169,0.04344550520181656
numeric_kappa,diamond,resnet,2,numeric_kappa_1000,standard,7,0.047468484228676576,0.040258392691612244
numeric_kappa,diamond,resnet,2,numeric_kappa_1000,standard,8,0.04103151989924248,0.03951966017484665
numeric_kappa,diamond,resnet,2,numeric_kappa_1000,standard,9,0.04150262777247751,0.04403558745980263
numeric_kappa,diamond,resnet,2,numeric_kappa_1000,standard,10,0.03810904796043527,0.03377695009112358
numeric_kappa,diamond,resnet,2,numeric_kappa_1000,standard,11,0.03438491807538693,0.036239393055438995
numeric_kappa,diamond,resnet,2,numeric_kappa_1000,standard,12,0.03202500102767914,0.03376985713839531
numeric_kappa,diamond,resnet,2,numeric_kappa_1000,standard,13,0.03039870147599875,0.0341925173997879
numeric_kappa,diamond,resnet,2,numeric_kappa_1000,standard,14,0.030180811355399982,0.028756652027368546
numeric_kappa,diamond,resnet,2,numeric_kappa_1000,standard,15,0.028708546183312058,0.03732883557677269
numeric_kappa,diamond,resnet,2,numeric_kappa_1000,standard,16,0.03169089318211418,0.03429302200675011
numeric_kappa,diamond,resnet,2,numeric_kappa_1000,standard,17,0.028541933082771247,0.026712525635957718
numeric_kappa,diamond,resnet,2,numeric_kappa_1000,standard,18,0.02851500873291262,0.02914358302950859
numeric_kappa,diamond,resnet,2,numeric_kappa_1000,standard,19,0.0273861062239307,0.030723214149475098
numeric_kappa,diamond,resnet,2,numeric_kappa_1000,standard,20,0.02607978890511548,0.029983101412653923
numeric_kappa,diamond,resnet,2,numeric_kappa_1000,standard,21,0.02411970989904627,0.03159260377287865
numeric_kappa,diamond,resnet,2,numeric_kappa_1000,standard,22,0.023407305574216653,0.025695083662867546
numeric_kappa,diamond,resnet,2,numeric_kappa_1000,standard,23,0.02433182642194902,0.02833353355526924
numeric_kappa,diamond,resnet,2,numeric_kappa_1000,standard,24,0.0228014110077456,0.027529612183570862
numeric_kappa,diamond,resnet,2,numeric_kappa_1000,standard,25,0.022397021345535423,0.027397114783525467
numeric_kappa,diamond,resnet,2,numeric_kappa_1000,standard,26,0.02265327594865032,0.0343145951628685
numeric_kappa,diamond,resnet,2,numeric_kappa_1000,standard,27,0.022085878765918693,0.027860159054398537
numeric_kappa,diamond,resnet,2,numeric_kappa_1000,standard,28,0.02420011774547857,0.0281071700155735
numeric_kappa,diamond,resnet,2,numeric_kappa_1000,standard,29,0.02179512771327296,0.028090093284845352
