experiment,dataset,model,seed,representation,regularizer,epoch,train_loss,val_loss
ordinal_basis,diamond,mlp,0,local,standard,1,0.16429075693497375,0.055542513728141785
ordinal_basis,diamond,mlp,0,local,standard,2,0.05117733891065847,0.04485386237502098
ordinal_basis,diamond,mlp,0,local,standard,3,0.04641945767445296,0.04811599478125572
ordinal_basis,diamond,mlp,0,local,standard,4,0.04500122459889743,0.03987238183617592
ordinal_basis,diamond,mlp,0,local,standard,5,0.04404830138987152,0.03866599127650261
ordinal_basis,diamond,mlp,0,local,standard,6,0.04087097246483336,0.03812748193740845
ordinal_basis,diamond,mlp,0,local,standard,7,0.04041150675264836,0.038530249148607254
ordinal_basis,diamond,mlp,0,local,standard,8,0.03956663089038083,0.035359904170036316
ordinal_basis,diamond,mlp,0,local,standard,9,0.03850759566288864,0.03548993542790413
ordinal_basis,diamond,mlp,0,local,standard,10,0.03795049184212603,0.03310020640492439
ordinal_basis,diamond,mlp,0,local,standard,11,0.03567182335920897,0.03253151848912239
ordinal_basis,diamond,mlp,0,local,standard,12,0.03359658110989654,0.032266922295093536
ordinal_basis,diamond,mlp,0,local,standard,13,0.032854575304128504,0.02921915240585804
ordinal_basis,diamond,mlp,0,local,standard,14,0.0321941145140179,0.028520608320832253
ordinal_basis,diamond,mlp,0,local,standard,15,0.03188819211200931,0.027569042518734932
ordinal_basis,diamond,mlp,0,local,standard,16,0.030580970643299787,0.027029836550354958
ordinal_basis,diamond,mlp,0,local,standard,17,0.030449625716698545,0.028071993961930275
ordinal_basis,diamond,mlp,0,local,standard,18,0.029295165297112857,0.026350148022174835
ordinal_basis,diamond,mlp,0,local,standard,19,0.029583385278094492,0.029145659878849983
ordinal_basis,diamond,mlp,0,local,standard,20,0.028684656975711487,0.02717011608183384
ordinal_basis,diamond,mlp,0,local,standard,21,0.028418226848009726,0.027762461453676224
ordinal_basis,diamond,mlp,0,local,standard,22,0.02847263677413311,0.02569468878209591
ordinal_basis,diamond,mlp,0,local,standard,23,0.028204472907484728,0.025255057960748672
ordinal_basis,diamond,mlp,0,local,standard,24,0.027352603302987923,0.023779934272170067
ordinal_basis,diamond,mlp,0,local,standard,25,0.02741170261236634,0.024828877300024033
ordinal_basis,diamond,mlp,0,local,standard,26,0.027049014245584754,0.02394762635231018
ordinal_basis,diamond,mlp,0,local,standard,27,0.02724510673922931,0.023199301213026047
ordinal_basis,diamond,mlp,0,local,standard,28,0.02663967154580389,0.023608019575476646
ordinal_basis,diamond,mlp,0,local,standard,29,0.026781481469023018,0.02406254969537258
ordinal_basis,diamond,mlp,0,local,standard,30,0.02631973936748708,0.02406991831958294
ordinal_basis,diamond,mlp,0,local,standard,31,0.026044792181665923,0.02245401218533516
ordinal_basis,diamond,mlp,0,local,standard,32,0.026028825973831868,0.023744503036141396
ordinal_basis,diamond,mlp,0,local,standard,33,0.026179790415027555,0.022903762757778168
ordinal_basis,diamond,mlp,0,local,standard,34,0.0255787465118131,0.023383408784866333
ordinal_basis,diamond,mlp,0,local,standard,35,0.02516906558149689,0.02292153611779213
ordinal_basis,diamond,mlp,0,local,standard,36,0.025071421244138067,0.023021409288048744
ordinal_basis,diamond,mlp,0,local,standard,37,0.02522081747352287,0.022748811170458794
ordinal_basis,diamond,mlp,0,local,standard,38,0.024830590203740687,0.022281868383288383
ordinal_basis,diamond,mlp,0,local,standard,39,0.025150887864319967,0.021525321528315544
ordinal_basis,diamond,mlp,0,local,standard,40,0.024661123900166036,0.02141905575990677
ordinal_basis,diamond,mlp,0,cumulative,standard,1,0.16942809719180857,0.058508776128292084
ordinal_basis,diamond,mlp,0,cumulative,standard,2,0.055288163971679585,0.04710377752780914
ordinal_basis,diamond,mlp,0,cumulative,standard,3,0.04909144130607375,0.04037826508283615
ordinal_basis,diamond,mlp,0,cumulative,standard,4,0.04583113850708812,0.04167672246694565
ordinal_basis,diamond,mlp,0,cumulative,standard,5,0.04622462582871448,0.03736448660492897
ordinal_basis,diamond,mlp,0,cumulative,standard,6,0.04134762411812639,0.036740344017744064
ordinal_basis,diamond,mlp,0,cumulative,standard,7,0.04108027033771133,0.03606126084923744
ordinal_basis,diamond,mlp,0,cumulative,standard,8,0.04040747319697878,0.036981649696826935
ordinal_basis,diamond,mlp,0,cumulative,standard,9,0.03912873053452476,0.03384650498628616
ordinal_basis,diamond,mlp,0,cumulative,standard,10,0.03740098502455973,0.03333866596221924
ordinal_basis,diamond,mlp,0,cumulative,standard,11,0.03558599575420573,0.03127500042319298
ordinal_basis,diamond,mlp,0,cumulative,standard,12,0.0333977940272107,0.03332284092903137
ordinal_basis,diamond,mlp,0,cumulative,standard,13,0.03234676556558506,0.028130557388067245
ordinal_basis,diamond,mlp,0,cumulative,standard,14,0.03153484377734099,0.026758139953017235
ordinal_basis,diamond,mlp,0,cumulative,standard,15,0.030792231900208324,0.026607980951666832
ordinal_basis,diamond,mlp,0,cumulative,standard,16,0.030557169061657976,0.026860838755965233
ordinal_basis,diamond,mlp,0,cumulative,standard,17,0.02989029552940672,0.026364140212535858
ordinal_basis,diamond,mlp,0,cumulative,standard,18,0.028961951761867173,0.025623539462685585
ordinal_basis,diamond,mlp,0,cumulative,standard,19,0.028989832303130243,0.02547825500369072
ordinal_basis,diamond,mlp,0,cumulative,standard,20,0.028155119902743553,0.02739202231168747
ordinal_basis,diamond,mlp,0,cumulative,standard,21,0.02803205764804146,0.027262652292847633
ordinal_basis,diamond,mlp,0,cumulative,standard,22,0.02769735921441374,0.02421605959534645
ordinal_basis,diamond,mlp,0,cumulative,standard,23,0.027721544237970505,0.023701058700680733
ordinal_basis,diamond,mlp,0,cumulative,standard,24,0.02723718723403351,0.02495553344488144
ordinal_basis,diamond,mlp,0,cumulative,standard,25,0.02714112914980178,0.024505989626049995
ordinal_basis,diamond,mlp,0,cumulative,standard,26,0.026839741490547565,0.024145271629095078
ordinal_basis,diamond,mlp,0,cumulative,standard,27,0.02674367795936969,0.02300807647407055
ordinal_basis,diamond,mlp,0,cumulative,standard,28,0.02643317926215045,0.02355184406042099
ordinal_basis,diamond,mlp,0,cumulative,standard,29,0.026141635234290195,0.02511095069348812
ordinal_basis,diamond,mlp,0,cumulative,standard,30,0.02708746434303309,0.02320118434727192
ordinal_basis,diamond,mlp,0,cumulative,standard,31,0.026197831401392244,0.02345297485589981
ordinal_basis,diamond,mlp,0,cumulative,standard,32,0.026771870930179367,0.022738737985491753
ordinal_basis,diamond,mlp,0,cumulative,standard,33,0.025480233269188215,0.02364056184887886
ordinal_basis,diamond,mlp,0,cumulative,standard,34,0.0252222240779219,0.02358482964336872
ordinal_basis,diamond,mlp,0,cumulative,standard,35,0.025869167379000895,0.026550309732556343
ordinal_basis,diamond,mlp,0,cumulative,standard,36,0.025055418447933856,0.022259069606661797
ordinal_basis,diamond,mlp,0,cumulative,standard,37,0.02564804897007771,0.02184503711760044
ordinal_basis,diamond,mlp,0,cumulative,standard,38,0.02499511837970081,0.02241406962275505
ordinal_basis,diamond,mlp,0,cumulative,standard,39,0.025644145607643987,0.023109260946512222
ordinal_basis,diamond,mlp,0,cumulative,standard,40,0.02514259531189253,0.022103678435087204
ordinal_basis,diamond,mlp,0,cumulative_standardized,standard,1,0.14532926848815922,0.04031304642558098
ordinal_basis,diamond,mlp,0,cumulative_standardized,standard,2,0.04546992321916615,0.04004321247339249
ordinal_basis,diamond,mlp,0,cumulative_standardized,standard,3,0.04335283549869776,0.04001395404338837
ordinal_basis,diamond,mlp,0,cumulative_standardized,standard,4,0.04261406105657997,0.03595181554555893
ordinal_basis,diamond,mlp,0,cumulative_standardized,standard,5,0.04140100172212818,0.03580016270279884
ordinal_basis,diamond,mlp,0,cumulative_standardized,standard,6,0.03907740406407351,0.03500906378030777
ordinal_basis,diamond,mlp,0,cumulative_standardized,standard,7,0.0390863295966968,0.034981582313776016
ordinal_basis,diamond,mlp,0,cumulative_standardized,standard,8,0.037831118209226286,0.03333650529384613
ordinal_basis,diamond,mlp,0,cumulative_standardized,standard,9,0.0374154307115775,0.03388013318181038
ordinal_basis,diamond,mlp,0,cumulative_standardized,standard,10,0.0368246333959298,0.03194631636142731
ordinal_basis,diamond,mlp,0,cumulative_standardized,standard,11,0.03543546438402343,0.03128192946314812
ordinal_basis,diamond,mlp,0,cumulative_standardized,standard,12,0.03367629586294471,0.03192164748907089
ordinal_basis,diamond,mlp,0,cumulative_standardized,standard,13,0.03294161113076123,0.02930270880460739
ordinal_basis,diamond,mlp,0,cumulative_standardized,standard,14,0.031401462799429646,0.0273414459079504
ordinal_basis,diamond,mlp,0,cumulative_standardized,standard,15,0.03125542922940471,0.027458123862743378
ordinal_basis,diamond,mlp,0,cumulative_standardized,standard,16,0.03086684819975976,0.02997729554772377
ordinal_basis,diamond,mlp,0,cumulative_standardized,standard,17,0.030369513258668192,0.02679477073252201
ordinal_basis,diamond,mlp,0,cumulative_standardized,standard,18,0.028964973798055182,0.027274474501609802
ordinal_basis,diamond,mlp,0,cumulative_standardized,standard,19,0.028467778571536866,0.02581433393061161
ordinal_basis,diamond,mlp,0,cumulative_standardized,standard,20,0.028379640816530268,0.028148962184786797
ordinal_basis,diamond,mlp,0,cumulative_standardized,standard,21,0.027777307170138193,0.026661880314350128
ordinal_basis,diamond,mlp,0,cumulative_standardized,standard,22,0.028201750710439094,0.025314122438430786
ordinal_basis,diamond,mlp,0,cumulative_standardized,standard,23,0.027626343991263506,0.024469241499900818
ordinal_basis,diamond,mlp,0,cumulative_standardized,standard,24,0.02685391217968083,0.024336745962500572
ordinal_basis,diamond,mlp,0,cumulative_standardized,standard,25,0.026964153180967797,0.025419943034648895
ordinal_basis,diamond,mlp,0,cumulative_standardized,standard,26,0.026252522623731747,0.023846814408898354
ordinal_basis,diamond,mlp,0,cumulative_standardized,standard,27,0.026438616107783353,0.023425830528140068
ordinal_basis,diamond,mlp,0,cumulative_standardized,standard,28,0.02598329952591473,0.02397310733795166
ordinal_basis,diamond,mlp,0,cumulative_standardized,standard,29,0.025908653369382598,0.025806810706853867
ordinal_basis,diamond,mlp,0,cumulative_standardized,standard,30,0.026136813112815564,0.024034861475229263
ordinal_basis,diamond,mlp,0,cumulative_standardized,standard,31,0.026205050863019337,0.02301032841205597
ordinal_basis,diamond,mlp,0,cumulative_standardized,standard,32,0.02639494375700605,0.025050688534975052
ordinal_basis,diamond,mlp,0,cumulative_standardized,standard,33,0.02597503016269368,0.02366008050739765
ordinal_basis,diamond,mlp,0,cumulative_standardized,standard,34,0.02555381985300472,0.023101666942238808
ordinal_basis,diamond,mlp,0,cumulative_standardized,standard,35,0.025005676038557856,0.024179914966225624
ordinal_basis,diamond,mlp,0,cumulative_standardized,standard,36,0.025154058626148494,0.023644907400012016
ordinal_basis,diamond,mlp,0,cumulative_standardized,standard,37,0.026267798280845266,0.023328594863414764
ordinal_basis,diamond,mlp,0,cumulative_standardized,standard,38,0.025067656326240764,0.023387689143419266
ordinal_basis,diamond,mlp,0,path_spectral,standard,1,0.16910482246863295,0.06113744154572487
ordinal_basis,diamond,mlp,0,path_spectral,standard,2,0.05398253915364018,0.0472123809158802
ordinal_basis,diamond,mlp,0,path_spectral,standard,3,0.04760020471916584,0.049813412129879
ordinal_basis,diamond,mlp,0,path_spectral,standard,4,0.04580857440281507,0.04017452150583267
ordinal_basis,diamond,mlp,0,path_spectral,standard,5,0.04449885314695909,0.03868154063820839
ordinal_basis,diamond,mlp,0,path_spectral,standard,6,0.04096829905697649,0.03913336619734764
ordinal_basis,diamond,mlp,0,path_spectral,standard,7,0.040192729738372034,0.03682119771838188
ordinal_basis,diamond,mlp,0,path_spectral,standard,8,0.03857398499469745,0.03370608389377594
ordinal_basis,diamond,mlp,0,path_spectral,standard,9,0.036874914066372604,0.033858638256788254
ordinal_basis,diamond,mlp,0,path_spectral,standard,10,0.035919657794665924,0.030609142035245895
ordinal_basis,diamond,mlp,0,path_spectral,standard,11,0.03374873840332278,0.03052706830203533
ordinal_basis,diamond,mlp,0,path_spectral,standard,12,0.03280796615946925,0.03086300566792488
ordinal_basis,diamond,mlp,0,path_spectral,standard,13,0.032307402407750756,0.02776748687028885
ordinal_basis,diamond,mlp,0,path_spectral,standard,14,0.03145858275953286,0.027695519849658012
ordinal_basis,diamond,mlp,0,path_spectral,standard,15,0.03137374839784769,0.026831118389964104
ordinal_basis,diamond,mlp,0,path_spectral,standard,16,0.03009801199675083,0.026407551020383835
ordinal_basis,diamond,mlp,0,path_spectral,standard,17,0.029900984711536495,0.0274119284003973
ordinal_basis,diamond,mlp,0,path_spectral,standard,18,0.029397722122698297,0.02632906101644039
ordinal_basis,diamond,mlp,0,path_spectral,standard,19,0.02938374439612407,0.027063485234975815
ordinal_basis,diamond,mlp,0,path_spectral,standard,20,0.028387354429158254,0.026810243725776672
ordinal_basis,diamond,mlp,0,path_spectral,standard,21,0.028277584102938975,0.026501135900616646
ordinal_basis,diamond,mlp,0,path_spectral,standard,22,0.028089452920489817,0.025357430800795555
ordinal_basis,diamond,mlp,0,path_spectral,standard,23,0.028326319033663488,0.024696409702301025
ordinal_basis,diamond,mlp,0,path_spectral,standard,24,0.027755244397068748,0.02373308315873146
ordinal_basis,diamond,mlp,0,path_spectral,standard,25,0.027481954759207245,0.024848811328411102
ordinal_basis,diamond,mlp,0,path_spectral,standard,26,0.026890628516330013,0.02376437373459339
ordinal_basis,diamond,mlp,0,path_spectral,standard,27,0.02759357863582138,0.02316874824464321
ordinal_basis,diamond,mlp,0,path_spectral,standard,28,0.02679287037173567,0.023505400866270065
ordinal_basis,diamond,mlp,0,path_spectral,standard,29,0.026317923402963062,0.024042634293437004
ordinal_basis,diamond,mlp,0,path_spectral,standard,30,0.026610205742817278,0.023800553753972054
ordinal_basis,diamond,mlp,0,path_spectral,standard,31,0.026383551682600596,0.022531354799866676
ordinal_basis,diamond,mlp,0,path_spectral,standard,32,0.026069657279838985,0.02412690967321396
ordinal_basis,diamond,mlp,0,path_spectral,standard,33,0.02667651815338682,0.0232081338763237
ordinal_basis,diamond,mlp,0,path_spectral,standard,34,0.02567879872688549,0.023523757234215736
ordinal_basis,diamond,mlp,0,path_spectral,standard,35,0.025239099792596337,0.022978266701102257
ordinal_basis,diamond,mlp,0,path_spectral,standard,36,0.02541437592703908,0.02355627901852131
ordinal_basis,diamond,mlp,0,path_spectral,standard,37,0.026252012453583294,0.02329663187265396
ordinal_basis,diamond,mlp,0,path_spectral,standard,38,0.025311916062652554,0.022699156776070595
ordinal_basis,diamond,mlp,0,whitened,standard,1,0.1513969366308408,0.04630020633339882
ordinal_basis,diamond,mlp,0,whitened,standard,2,0.04823901551015625,0.04379074275493622
ordinal_basis,diamond,mlp,0,whitened,standard,3,0.04476701132121152,0.039031315594911575
ordinal_basis,diamond,mlp,0,whitened,standard,4,0.04302129224728369,0.037986721843481064
ordinal_basis,diamond,mlp,0,whitened,standard,5,0.04204834220178613,0.03626334294676781
ordinal_basis,diamond,mlp,0,whitened,standard,6,0.03992725625018653,0.035573527216911316
ordinal_basis,diamond,mlp,0,whitened,standard,7,0.039346015340288185,0.03521636873483658
ordinal_basis,diamond,mlp,0,whitened,standard,8,0.03888625876511798,0.03429111838340759
ordinal_basis,diamond,mlp,0,whitened,standard,9,0.03790149611890435,0.0358111746609211
ordinal_basis,diamond,mlp,0,whitened,standard,10,0.037455320282844665,0.0326559841632843
ordinal_basis,diamond,mlp,0,whitened,standard,11,0.036285309556606506,0.032809656113386154
ordinal_basis,diamond,mlp,0,whitened,standard,12,0.034305242001915384,0.033361632376909256
ordinal_basis,diamond,mlp,0,whitened,standard,13,0.033860213484260375,0.02941901609301567
ordinal_basis,diamond,mlp,0,whitened,standard,14,0.03251053385160491,0.02838340401649475
ordinal_basis,diamond,mlp,0,whitened,standard,15,0.03229390959805245,0.027021145448088646
ordinal_basis,diamond,mlp,0,whitened,standard,16,0.03144254353342982,0.02888226881623268
ordinal_basis,diamond,mlp,0,whitened,standard,17,0.030677416744449577,0.028672808781266212
ordinal_basis,diamond,mlp,0,whitened,standard,18,0.029739190154158535,0.027227651327848434
ordinal_basis,diamond,mlp,0,whitened,standard,19,0.0290920388181002,0.027209797874093056
ordinal_basis,diamond,mlp,0,whitened,standard,20,0.028595292733271646,0.027349360287189484
ordinal_basis,diamond,mlp,0,whitened,standard,21,0.028454303349026756,0.026532137766480446
ordinal_basis,diamond,mlp,0,whitened,standard,22,0.028262528358870415,0.025702854618430138
ordinal_basis,diamond,mlp,0,whitened,standard,23,0.027810629061191902,0.02437528595328331
ordinal_basis,diamond,mlp,0,whitened,standard,24,0.02722192086737594,0.02418321929872036
ordinal_basis,diamond,mlp,0,whitened,standard,25,0.027310128362933474,0.02523430809378624
ordinal_basis,diamond,mlp,0,whitened,standard,26,0.02695324483962451,0.023870402947068214
ordinal_basis,diamond,mlp,0,whitened,standard,27,0.026888604707887932,0.023476677015423775
ordinal_basis,diamond,mlp,0,whitened,standard,28,0.026448415360460137,0.024083703756332397
ordinal_basis,diamond,mlp,0,whitened,standard,29,0.026082862016014417,0.025121768936514854
ordinal_basis,diamond,mlp,0,whitened,standard,30,0.026378256514384003,0.024431996047496796
ordinal_basis,diamond,mlp,0,whitened,standard,31,0.02650037829995851,0.023781614378094673
ordinal_basis,diamond,mlp,0,whitened,standard,32,0.02658450932821662,0.02431962452828884
ordinal_basis,diamond,mlp,0,whitened,standard,33,0.02653969709439939,0.023841427639126778
ordinal_basis,diamond,mlp,0,whitened,standard,34,0.025480073243198297,0.0235380120575428
ordinal_basis,adult,mlp,0,local,standard,1,0.41698795066418753,0.3365960369500276
ordinal_basis,adult,mlp,0,local,standard,2,0.33298325721696204,0.32832592649310033
ordinal_basis,adult,mlp,0,local,standard,3,0.32797153143976476,0.3271990509825625
ordinal_basis,adult,mlp,0,local,standard,4,0.32351241577462425,0.32549912225425065
ordinal_basis,adult,mlp,0,local,standard,5,0.32047926910972124,0.3237816214530363
ordinal_basis,adult,mlp,0,local,standard,6,0.3192383932540106,0.32106592333291306
ordinal_basis,adult,mlp,0,local,standard,7,0.3166037327827341,0.31900056389769493
ordinal_basis,adult,mlp,0,local,standard,8,0.31135860371062446,0.32057856597630036
ordinal_basis,adult,mlp,0,local,standard,9,0.3097865472408126,0.3177341223224182
ordinal_basis,adult,mlp,0,local,standard,10,0.3064337434288325,0.31281167933530146
ordinal_basis,adult,mlp,0,local,standard,11,0.30593504469283384,0.3131616174202997
ordinal_basis,adult,mlp,0,local,standard,12,0.3030555798907831,0.31250746375177785
ordinal_basis,adult,mlp,0,local,standard,13,0.30100472524066524,0.30952211537655133
ordinal_basis,adult,mlp,0,local,standard,14,0.2979793079215713,0.31150314640067905
ordinal_basis,adult,mlp,0,local,standard,15,0.3002867120929081,0.31585627451189013
ordinal_basis,adult,mlp,0,local,standard,16,0.2985064652393725,0.31028897606572453
ordinal_basis,adult,mlp,0,local,standard,17,0.29684249225646914,0.31234082180342504
ordinal_basis,adult,mlp,0,local,standard,18,0.29410907106258943,0.31368114935371094
ordinal_basis,adult,mlp,0,local,standard,19,0.29506337444963854,0.3112393120324535
ordinal_basis,adult,mlp,0,local,standard,20,0.29346893233514826,0.31198235391174534
ordinal_basis,adult,mlp,1,local,standard,1,0.4147990324719825,0.34051786337896284
ordinal_basis,adult,mlp,1,local,standard,2,0.33307203701731614,0.3293607386676017
ordinal_basis,adult,mlp,1,local,standard,3,0.327031318546806,0.3268377577262526
ordinal_basis,adult,mlp,1,local,standard,4,0.323809987057632,0.33141714419011226
ordinal_basis,adult,mlp,1,local,standard,5,0.3211840174414895,0.3215839947641884
ordinal_basis,adult,mlp,1,local,standard,6,0.3171235094492207,0.32074194666267836
ordinal_basis,adult,mlp,1,local,standard,7,0.31414809654620124,0.31900175526917945
ordinal_basis,adult,mlp,1,local,standard,8,0.3103979234320526,0.31609541108762373
ordinal_basis,adult,mlp,1,local,standard,9,0.3076393800519901,0.3134931294821237
ordinal_basis,adult,mlp,1,local,standard,10,0.30604338426261923,0.31440847860208815
ordinal_basis,adult,mlp,1,local,standard,11,0.30276976214579926,0.3150789570746665
ordinal_basis,adult,mlp,1,local,standard,12,0.30454748737138376,0.31096586296186485
ordinal_basis,adult,mlp,1,local,standard,13,0.30064119526736566,0.31460967890293273
ordinal_basis,adult,mlp,1,local,standard,14,0.29896368280382646,0.31200881934821784
ordinal_basis,adult,mlp,1,local,standard,15,0.2971382053244026,0.31182764221495773
ordinal_basis,adult,mlp,1,local,standard,16,0.29731238108009317,0.3131151011891966
ordinal_basis,adult,mlp,1,local,standard,17,0.2963481464169242,0.31076882215066987
ordinal_basis,adult,mlp,1,local,standard,18,0.29569617931614345,0.3117227655809068
ordinal_basis,adult,mlp,1,local,standard,19,0.2955767321938086,0.31010506385549996
ordinal_basis,adult,mlp,1,local,standard,20,0.2932742970288532,0.3098067366772504
ordinal_basis,adult,mlp,1,local,standard,21,0.29232616579796233,0.3106396320637258
ordinal_basis,adult,mlp,1,local,standard,22,0.2920107579348421,0.31199924872101625
ordinal_basis,adult,mlp,1,local,standard,23,0.2906879169056398,0.3120287208336643
ordinal_basis,adult,mlp,1,local,standard,24,0.29253595254637976,0.3112768307601192
ordinal_basis,adult,mlp,1,local,standard,25,0.28909173029353635,0.31200663596849554
ordinal_basis,adult,mlp,1,local,standard,26,0.28971740222680187,0.31312176928076446
ordinal_basis,adult,mlp,1,local,standard,27,0.28827530196902207,0.3133444143881535
ordinal_basis,adult,mlp,2,local,standard,1,0.41353484819796515,0.3384253711785151
ordinal_basis,adult,mlp,2,local,standard,2,0.3333308119738717,0.3296359538474404
ordinal_basis,adult,mlp,2,local,standard,3,0.32681526108221576,0.3264881458929555
ordinal_basis,adult,mlp,2,local,standard,4,0.3241502216465643,0.32795330642514015
ordinal_basis,adult,mlp,2,local,standard,5,0.32197284215205424,0.327996316053072
ordinal_basis,adult,mlp,2,local,standard,6,0.31845866264523687,0.3208498717096681
ordinal_basis,adult,mlp,2,local,standard,7,0.3144696705610805,0.3224508456077341
ordinal_basis,adult,mlp,2,local,standard,8,0.3123594985254274,0.31883464763698816
ordinal_basis,adult,mlp,2,local,standard,9,0.30853984689829683,0.31482500343889747
ordinal_basis,adult,mlp,2,local,standard,10,0.30654757570576024,0.31699153154572174
ordinal_basis,adult,mlp,2,local,standard,11,0.3051030036858317,0.31187709239030903
ordinal_basis,adult,mlp,2,local,standard,12,0.30324722471342624,0.3083701689456309
ordinal_basis,adult,mlp,2,local,standard,13,0.30059563945200873,0.3114526308954547
ordinal_basis,adult,mlp,2,local,standard,14,0.29866064766408185,0.31040222361569875
ordinal_basis,adult,mlp,2,local,standard,15,0.29859705324254987,0.3082253367539421
ordinal_basis,adult,mlp,2,local,standard,16,0.29821401409786513,0.31176448975536675
ordinal_basis,adult,mlp,2,local,standard,17,0.29663198732333923,0.3085665555451925
ordinal_basis,adult,mlp,2,local,standard,18,0.2981876025035868,0.31257926637868305
ordinal_basis,adult,mlp,2,local,standard,19,0.2956487742190865,0.3087695045236967
ordinal_basis,adult,mlp,2,local,standard,20,0.294576096300411,0.3087416963476671
ordinal_basis,adult,mlp,2,local,standard,21,0.2937829497405294,0.30945224394627624
ordinal_basis,adult,mlp,2,local,standard,22,0.2920020421468069,0.31188729815710675
ordinal_basis,adult,mlp,3,local,standard,1,0.4242266222505077,0.3393962512015731
ordinal_basis,adult,mlp,3,local,standard,2,0.3318719501430924,0.32931775397594076
ordinal_basis,adult,mlp,3,local,standard,3,0.32657995278185065,0.3272339685958005
ordinal_basis,adult,mlp,3,local,standard,4,0.32465278868007424,0.32547765425700054
ordinal_basis,adult,mlp,3,local,standard,5,0.32129722577348097,0.3259054756042557
ordinal_basis,adult,mlp,3,local,standard,6,0.3193002333658626,0.3221510119099903
ordinal_basis,adult,mlp,3,local,standard,7,0.31687642527739596,0.3208103420849033
ordinal_basis,adult,mlp,3,local,standard,8,0.31339595197752596,0.32379662996134745
ordinal_basis,adult,mlp,3,local,standard,9,0.31029095894288666,0.3170051940854399
ordinal_basis,adult,mlp,3,local,standard,10,0.3084660403119258,0.3147091127053382
ordinal_basis,adult,mlp,3,local,standard,11,0.3054312369454405,0.3133136873119149
ordinal_basis,adult,mlp,3,local,standard,12,0.30225966889090855,0.31126447915674155
ordinal_basis,adult,mlp,3,local,standard,13,0.30003162478932,0.31000665250163933
ordinal_basis,adult,mlp,3,local,standard,14,0.3001354128049105,0.3094241610817438
ordinal_basis,adult,mlp,3,local,standard,15,0.2986017131688261,0.30905854165996605
ordinal_basis,adult,mlp,3,local,standard,16,0.2988864920795403,0.3094361349376489
ordinal_basis,adult,mlp,3,local,standard,17,0.2971333017806163,0.3093664782781351
ordinal_basis,adult,mlp,3,local,standard,18,0.29551228060769213,0.3102016626630744
ordinal_basis,adult,mlp,3,local,standard,19,0.29624021631786807,0.30968792347585317
ordinal_basis,adult,mlp,3,local,standard,20,0.2941389709198504,0.30992966407939954
ordinal_basis,adult,mlp,3,local,standard,21,0.2947011467719254,0.31529477353827645
ordinal_basis,adult,mlp,3,local,standard,22,0.2937375987337614,0.3097037921204418
ordinal_basis,adult,mlp,4,local,standard,1,0.4178062241698366,0.33769614386872693
ordinal_basis,adult,mlp,4,local,standard,2,0.3317598707845814,0.3288716371972296
ordinal_basis,adult,mlp,4,local,standard,3,0.3267627384065117,0.3334302993147637
ordinal_basis,adult,mlp,4,local,standard,4,0.32403138404396303,0.3256684040655137
ordinal_basis,adult,mlp,4,local,standard,5,0.31913793826571846,0.32334370944733665
ordinal_basis,adult,mlp,4,local,standard,6,0.31722422453050825,0.32082933932689495
ordinal_basis,adult,mlp,4,local,standard,7,0.3140601432294166,0.3169973839315098
ordinal_basis,adult,mlp,4,local,standard,8,0.3097176140297836,0.31289161153798606
ordinal_basis,adult,mlp,4,local,standard,9,0.3054273377472411,0.3096068467195158
ordinal_basis,adult,mlp,4,local,standard,10,0.3047573810273951,0.3092552930007873
ordinal_basis,adult,mlp,4,local,standard,11,0.30183124381142695,0.309478268016048
ordinal_basis,adult,mlp,4,local,standard,12,0.3021994969768665,0.3121069754953664
ordinal_basis,adult,mlp,4,local,standard,13,0.30131263126612295,0.3091514565945526
ordinal_basis,adult,mlp,4,local,standard,14,0.29948213132652074,0.31038790899102003
ordinal_basis,adult,mlp,4,local,standard,15,0.2979016787297017,0.30997694748961147
ordinal_basis,adult,mlp,4,local,standard,16,0.2966964203836877,0.3109064405135503
ordinal_basis,adult,mlp,4,local,standard,17,0.295353728664595,0.31021444672715426
ordinal_basis,adult,mlp,4,local,standard,18,0.29602426048871633,0.3099452944505953
ordinal_basis,adult,mlp,4,local,standard,19,0.29348332407433514,0.31045437613944665
ordinal_basis,adult,mlp,4,local,standard,20,0.29342133582956376,0.31054326831501367
ordinal_basis,adult,mlp,0,cumulative,standard,1,0.41546860805893415,0.33714428941310787
ordinal_basis,adult,mlp,0,cumulative,standard,2,0.3337168837062264,0.3299890988470531
ordinal_basis,adult,mlp,0,cumulative,standard,3,0.3285998777470366,0.32791941842118927
ordinal_basis,adult,mlp,0,cumulative,standard,4,0.32517693603653874,0.32611684180896156
ordinal_basis,adult,mlp,0,cumulative,standard,5,0.32168744141991074,0.32395411542937075
ordinal_basis,adult,mlp,0,cumulative,standard,6,0.3209831459809287,0.32037258517112516
ordinal_basis,adult,mlp,0,cumulative,standard,7,0.3195199495597905,0.318863091233239
ordinal_basis,adult,mlp,0,cumulative,standard,8,0.3128120920435509,0.3198780070195104
ordinal_basis,adult,mlp,0,cumulative,standard,9,0.31071188577270037,0.31579204808287514
ordinal_basis,adult,mlp,0,cumulative,standard,10,0.3069611708713691,0.3135884556030472
ordinal_basis,adult,mlp,0,cumulative,standard,11,0.30510966066060546,0.31167307733445276
ordinal_basis,adult,mlp,0,cumulative,standard,12,0.3037585943424731,0.31384649464204706
ordinal_basis,adult,mlp,0,cumulative,standard,13,0.30220544572544333,0.3084501147587796
ordinal_basis,adult,mlp,0,cumulative,standard,14,0.29992082531973535,0.309718481552479
ordinal_basis,adult,mlp,0,cumulative,standard,15,0.3008183592367524,0.3118107800779282
ordinal_basis,adult,mlp,0,cumulative,standard,16,0.2998666792595416,0.3098627955426078
ordinal_basis,adult,mlp,0,cumulative,standard,17,0.2995792532142902,0.30954472910428404
ordinal_basis,adult,mlp,0,cumulative,standard,18,0.29564621034066857,0.30938922928591744
ordinal_basis,adult,mlp,0,cumulative,standard,19,0.29693393910839166,0.30820853306456203
ordinal_basis,adult,mlp,0,cumulative,standard,20,0.2946357901690926,0.31062067292245127
ordinal_basis,adult,mlp,0,cumulative,standard,21,0.294295748563012,0.30856586211378373
ordinal_basis,adult,mlp,0,cumulative,standard,22,0.2935111714522434,0.3079381354220542
ordinal_basis,adult,mlp,0,cumulative,standard,23,0.29223666627518374,0.30773371824967144
ordinal_basis,adult,mlp,0,cumulative,standard,24,0.2927063739416933,0.31129521565060786
ordinal_basis,adult,mlp,0,cumulative,standard,25,0.29191666431450436,0.3112028903471773
ordinal_basis,adult,mlp,0,cumulative,standard,26,0.29153270283553756,0.30846273235878974
ordinal_basis,adult,mlp,0,cumulative,standard,27,0.2916539304086559,0.30786558126788227
ordinal_basis,adult,mlp,0,cumulative,standard,28,0.28942917415492364,0.30802055075190604
ordinal_basis,adult,mlp,0,cumulative,standard,29,0.2884672289251988,0.313106262998295
ordinal_basis,adult,mlp,0,cumulative,standard,30,0.2876375770100212,0.3142243769346667
ordinal_basis,adult,mlp,1,cumulative,standard,1,0.4142688927252111,0.3397799771958172
ordinal_basis,adult,mlp,1,cumulative,standard,2,0.33370292523569206,0.32949788350311365
ordinal_basis,adult,mlp,1,cumulative,standard,3,0.3281887438724902,0.3268607709478594
ordinal_basis,adult,mlp,1,cumulative,standard,4,0.32486586356924557,0.3371041059952307
ordinal_basis,adult,mlp,1,cumulative,standard,5,0.32195343403031257,0.3225823456983721
ordinal_basis,adult,mlp,1,cumulative,standard,6,0.3182316261368829,0.3217508296153269
ordinal_basis,adult,mlp,1,cumulative,standard,7,0.3159490057086476,0.31836519386194195
ordinal_basis,adult,mlp,1,cumulative,standard,8,0.3118421719466732,0.31578466349306356
ordinal_basis,adult,mlp,1,cumulative,standard,9,0.3096093347968868,0.31250862916127004
ordinal_basis,adult,mlp,1,cumulative,standard,10,0.307477539748466,0.31851062983621603
ordinal_basis,adult,mlp,1,cumulative,standard,11,0.305520471615639,0.3158144204868429
ordinal_basis,adult,mlp,1,cumulative,standard,12,0.30663343465884724,0.3105519817661122
ordinal_basis,adult,mlp,1,cumulative,standard,13,0.3011948980336107,0.313920648008965
ordinal_basis,adult,mlp,1,cumulative,standard,14,0.30022277717801216,0.3109804727947943
ordinal_basis,adult,mlp,1,cumulative,standard,15,0.2985154591702126,0.31020042316340035
ordinal_basis,adult,mlp,1,cumulative,standard,16,0.2982552838706267,0.31257265831455944
ordinal_basis,adult,mlp,1,cumulative,standard,17,0.2976753540355392,0.3084475349141312
ordinal_basis,adult,mlp,1,cumulative,standard,18,0.29759844244258704,0.31059084446667395
ordinal_basis,adult,mlp,1,cumulative,standard,19,0.29650093750520184,0.31103838837773046
ordinal_basis,adult,mlp,1,cumulative,standard,20,0.29504257162314373,0.3070936614893517
ordinal_basis,adult,mlp,1,cumulative,standard,21,0.2936604572162581,0.3086529029647576
ordinal_basis,adult,mlp,1,cumulative,standard,22,0.2936460962313106,0.30685586597966164
ordinal_basis,adult,mlp,1,cumulative,standard,23,0.29252523960001053,0.30993143845810756
ordinal_basis,adult,mlp,1,cumulative,standard,24,0.29343579478873083,0.3086312880120948
ordinal_basis,adult,mlp,1,cumulative,standard,25,0.29060823625955884,0.3085128325389311
ordinal_basis,adult,mlp,1,cumulative,standard,26,0.290544335320775,0.3072730474212817
ordinal_basis,adult,mlp,1,cumulative,standard,27,0.28967243923602,0.3089666422893286
ordinal_basis,adult,mlp,1,cumulative,standard,28,0.29161635993153806,0.30853704917530933
ordinal_basis,adult,mlp,1,cumulative,standard,29,0.28962099954888626,0.3063196794118835
ordinal_basis,adult,mlp,1,cumulative,standard,30,0.28793546308463563,0.31196800946206393
ordinal_basis,adult,mlp,1,cumulative,standard,31,0.2867923126320288,0.3101895588394759
ordinal_basis,adult,mlp,1,cumulative,standard,32,0.28813279436612893,0.3085446461928308
ordinal_basis,adult,mlp,1,cumulative,standard,33,0.28690190221519374,0.31131105447239854
ordinal_basis,adult,mlp,1,cumulative,standard,34,0.2869510738504021,0.31131750718736645
ordinal_basis,adult,mlp,1,cumulative,standard,35,0.28687879179560877,0.3107309569656305
ordinal_basis,adult,mlp,1,cumulative,standard,36,0.28380110559650956,0.31238727965006446
ordinal_basis,adult,mlp,2,cumulative,standard,1,0.4127443845793422,0.3367294522229964
ordinal_basis,adult,mlp,2,cumulative,standard,2,0.3333307113635745,0.3302485769321793
ordinal_basis,adult,mlp,2,cumulative,standard,3,0.32715019217580193,0.32649159212628526
ordinal_basis,adult,mlp,2,cumulative,standard,4,0.32502624656117224,0.3277215730429943
ordinal_basis,adult,mlp,2,cumulative,standard,5,0.32323882100916024,0.3333093893371305
ordinal_basis,adult,mlp,2,cumulative,standard,6,0.3196230447263038,0.32067005476727517
ordinal_basis,adult,mlp,2,cumulative,standard,7,0.3157500298808189,0.32035449487359674
ordinal_basis,adult,mlp,2,cumulative,standard,8,0.31321927158194035,0.3181652915723019
ordinal_basis,adult,mlp,2,cumulative,standard,9,0.3095864283071982,0.31409829491231955
ordinal_basis,adult,mlp,2,cumulative,standard,10,0.3065574568231803,0.3116680755802003
ordinal_basis,adult,mlp,2,cumulative,standard,11,0.30587942850677624,0.312162344668655
ordinal_basis,adult,mlp,2,cumulative,standard,12,0.3035168198900668,0.30831215253477184
ordinal_basis,adult,mlp,2,cumulative,standard,13,0.3018133713513686,0.3132842531222337
ordinal_basis,adult,mlp,2,cumulative,standard,14,0.29926564308290693,0.3107108243611173
ordinal_basis,adult,mlp,2,cumulative,standard,15,0.2990388351810652,0.307789900902044
ordinal_basis,adult,mlp,2,cumulative,standard,16,0.2969805931429898,0.30855281143764945
ordinal_basis,adult,mlp,2,cumulative,standard,17,0.29714160542523244,0.3094419330798106
ordinal_basis,adult,mlp,2,cumulative,standard,18,0.2979697780614989,0.30968500246488717
ordinal_basis,adult,mlp,2,cumulative,standard,19,0.2963991636726136,0.30585512907591444
ordinal_basis,adult,mlp,2,cumulative,standard,20,0.29396076203857063,0.3074295957679136
ordinal_basis,adult,mlp,2,cumulative,standard,21,0.29313319797012083,0.30705584127104896
ordinal_basis,adult,mlp,2,cumulative,standard,22,0.29260378556110933,0.3105153024695253
ordinal_basis,adult,mlp,2,cumulative,standard,23,0.29364683645656126,0.3081161964417645
ordinal_basis,adult,mlp,2,cumulative,standard,24,0.29248986402366317,0.30814755997496235
ordinal_basis,adult,mlp,2,cumulative,standard,25,0.29267853388622295,0.31082148824234607
ordinal_basis,adult,mlp,2,cumulative,standard,26,0.2902999731188031,0.30524871436301243
ordinal_basis,adult,mlp,2,cumulative,standard,27,0.2902295537457712,0.30844239332784934
ordinal_basis,adult,mlp,2,cumulative,standard,28,0.28940043578276764,0.3088430052629792
ordinal_basis,adult,mlp,2,cumulative,standard,29,0.2909584271673488,0.3083141804963115
ordinal_basis,adult,mlp,2,cumulative,standard,30,0.2884806834655546,0.30872105251157855
ordinal_basis,adult,mlp,2,cumulative,standard,31,0.2877969497984106,0.31617308126583504
ordinal_basis,adult,mlp,2,cumulative,standard,32,0.28694156493250217,0.3135484116780871
ordinal_basis,adult,mlp,2,cumulative,standard,33,0.28676496032414917,0.30898617697695085
ordinal_basis,adult,mlp,3,cumulative,standard,1,0.4214396818703457,0.3385722572351429
ordinal_basis,adult,mlp,3,cumulative,standard,2,0.33197037374065314,0.3290412532042077
ordinal_basis,adult,mlp,3,cumulative,standard,3,0.3267312604906518,0.3272819470829257
ordinal_basis,adult,mlp,3,cumulative,standard,4,0.3248092775995081,0.3251443706093176
ordinal_basis,adult,mlp,3,cumulative,standard,5,0.3214965888850519,0.3244860602967817
ordinal_basis,adult,mlp,3,cumulative,standard,6,0.31983876382103715,0.3218963818615294
ordinal_basis,adult,mlp,3,cumulative,standard,7,0.31693188922996895,0.3189339387217003
ordinal_basis,adult,mlp,3,cumulative,standard,8,0.3141550023374159,0.3269265838173182
ordinal_basis,adult,mlp,3,cumulative,standard,9,0.3107344500848644,0.3155148970631471
ordinal_basis,adult,mlp,3,cumulative,standard,10,0.30946044942377826,0.31417692570015754
ordinal_basis,adult,mlp,3,cumulative,standard,11,0.3075247849234785,0.3116142211815603
ordinal_basis,adult,mlp,3,cumulative,standard,12,0.30360015794744655,0.30910284851850167
ordinal_basis,adult,mlp,3,cumulative,standard,13,0.30036238370422064,0.3137145540253665
ordinal_basis,adult,mlp,3,cumulative,standard,14,0.30165904130631055,0.30812515565127696
ordinal_basis,adult,mlp,3,cumulative,standard,15,0.29996927005653007,0.3088381864309691
ordinal_basis,adult,mlp,3,cumulative,standard,16,0.2998252519811401,0.3062095754575517
ordinal_basis,adult,mlp,3,cumulative,standard,17,0.2976767335828458,0.30794981987541054
ordinal_basis,adult,mlp,3,cumulative,standard,18,0.29599109313997646,0.3099957102035148
ordinal_basis,adult,mlp,3,cumulative,standard,19,0.29718149367362917,0.30686531252497234
ordinal_basis,adult,mlp,3,cumulative,standard,20,0.29571284694226424,0.30775253501798866
ordinal_basis,adult,mlp,3,cumulative,standard,21,0.2956405070402113,0.31223806843826507
ordinal_basis,adult,mlp,3,cumulative,standard,22,0.2946134531087899,0.306632443475395
ordinal_basis,adult,mlp,3,cumulative,standard,23,0.29232398693333095,0.3059743280841352
ordinal_basis,adult,mlp,3,cumulative,standard,24,0.29107610372419146,0.3079179001614015
ordinal_basis,adult,mlp,3,cumulative,standard,25,0.292493000809625,0.3084993227744013
ordinal_basis,adult,mlp,3,cumulative,standard,26,0.2910422653472394,0.30797232113398826
ordinal_basis,adult,mlp,3,cumulative,standard,27,0.28935274943086964,0.30967362103201196
ordinal_basis,adult,mlp,3,cumulative,standard,28,0.29019503321050133,0.3123802352591918
ordinal_basis,adult,mlp,3,cumulative,standard,29,0.28857619793174893,0.3106546079894975
ordinal_basis,adult,mlp,3,cumulative,standard,30,0.28931208104993555,0.30527594781701534
ordinal_basis,adult,mlp,3,cumulative,standard,31,0.29019210452822564,0.3089622525797741
ordinal_basis,adult,mlp,3,cumulative,standard,32,0.2881229917452435,0.3136473284106953
ordinal_basis,adult,mlp,3,cumulative,standard,33,0.2877517898340483,0.30909396499754777
ordinal_basis,adult,mlp,3,cumulative,standard,34,0.28633400358497657,0.31187091585416027
ordinal_basis,adult,mlp,3,cumulative,standard,35,0.285134399332637,0.3131837281203764
ordinal_basis,adult,mlp,3,cumulative,standard,36,0.2840360867303478,0.310585215035404
ordinal_basis,adult,mlp,3,cumulative,standard,37,0.285477055671467,0.3083073231600874
ordinal_basis,adult,mlp,4,cumulative,standard,1,0.41640039641382653,0.3369660690022991
ordinal_basis,adult,mlp,4,cumulative,standard,2,0.33261524671711556,0.3288489678655953
ordinal_basis,adult,mlp,4,cumulative,standard,3,0.3275072402538187,0.3304287316761621
ordinal_basis,adult,mlp,4,cumulative,standard,4,0.32487472005792567,0.3257603802392698
ordinal_basis,adult,mlp,4,cumulative,standard,5,0.32039349180181725,0.3250601118267483
ordinal_basis,adult,mlp,4,cumulative,standard,6,0.3190640368537762,0.3232450054478618
ordinal_basis,adult,mlp,4,cumulative,standard,7,0.3167309954359725,0.3184811892394951
ordinal_basis,adult,mlp,4,cumulative,standard,8,0.31161202940659677,0.31429418488826105
ordinal_basis,adult,mlp,4,cumulative,standard,9,0.30740744959224353,0.3110468656096171
ordinal_basis,adult,mlp,4,cumulative,standard,10,0.3061890157639834,0.31176216300621523
ordinal_basis,adult,mlp,4,cumulative,standard,11,0.3039121810868565,0.30914395080558155
ordinal_basis,adult,mlp,4,cumulative,standard,12,0.30415770243075324,0.3157720146303904
ordinal_basis,adult,mlp,4,cumulative,standard,13,0.30267938349112244,0.3084154106692324
ordinal_basis,adult,mlp,4,cumulative,standard,14,0.30100818567838367,0.3111372121993308
ordinal_basis,adult,mlp,4,cumulative,standard,15,0.2984799870841333,0.3097162074034358
ordinal_basis,adult,mlp,4,cumulative,standard,16,0.2980315393839187,0.3075234409298719
ordinal_basis,adult,mlp,4,cumulative,standard,17,0.2968529626104697,0.3094084564551358
ordinal_basis,adult,mlp,4,cumulative,standard,18,0.2972267366012133,0.3083623246996031
ordinal_basis,adult,mlp,4,cumulative,standard,19,0.29394197258960997,0.30852307282166586
ordinal_basis,adult,mlp,4,cumulative,standard,20,0.29380217677838094,0.30768250633747
ordinal_basis,adult,mlp,4,cumulative,standard,21,0.29418542944535575,0.30889773816631155
ordinal_basis,adult,mlp,4,cumulative,standard,22,0.2936880808936876,0.31649448477848946
ordinal_basis,adult,mlp,4,cumulative,standard,23,0.294338460197027,0.30901113591359375
ordinal_basis,adult,mlp,0,cumulative_standardized,standard,1,0.4104021123498312,0.33983092972255924
ordinal_basis,adult,mlp,0,cumulative_standardized,standard,2,0.33528184341564227,0.33052353298874876
ordinal_basis,adult,mlp,0,cumulative_standardized,standard,3,0.3287214314615404,0.3280009915357282
ordinal_basis,adult,mlp,0,cumulative_standardized,standard,4,0.3248915539033876,0.32774475422831906
ordinal_basis,adult,mlp,0,cumulative_standardized,standard,5,0.32258386606080525,0.32465722329788077
ordinal_basis,adult,mlp,0,cumulative_standardized,standard,6,0.32049482584878325,0.322013398486805
ordinal_basis,adult,mlp,0,cumulative_standardized,standard,7,0.3172429985291249,0.3209417735331869
ordinal_basis,adult,mlp,0,cumulative_standardized,standard,8,0.3126963069456508,0.32041511556582986
ordinal_basis,adult,mlp,0,cumulative_standardized,standard,9,0.3113625054716771,0.31849993859150083
ordinal_basis,adult,mlp,0,cumulative_standardized,standard,10,0.30754309182377937,0.31399972162924905
ordinal_basis,adult,mlp,0,cumulative_standardized,standard,11,0.30570427410725587,0.312272751981687
ordinal_basis,adult,mlp,0,cumulative_standardized,standard,12,0.303335558723759,0.31317080170554273
ordinal_basis,adult,mlp,0,cumulative_standardized,standard,13,0.3014358792463157,0.3096620758915747
ordinal_basis,adult,mlp,0,cumulative_standardized,standard,14,0.29843218657542797,0.3121905430877388
ordinal_basis,adult,mlp,0,cumulative_standardized,standard,15,0.29912219754893893,0.31689951772403996
ordinal_basis,adult,mlp,0,cumulative_standardized,standard,16,0.29863459604085224,0.3095378018592892
ordinal_basis,adult,mlp,0,cumulative_standardized,standard,17,0.29682360263655755,0.3106119412044577
ordinal_basis,adult,mlp,0,cumulative_standardized,standard,18,0.29367636499299465,0.3107991403764725
ordinal_basis,adult,mlp,0,cumulative_standardized,standard,19,0.29492795101254815,0.3113757241196804
ordinal_basis,adult,mlp,0,cumulative_standardized,standard,20,0.29335603842864166,0.312561402617428
ordinal_basis,adult,mlp,0,cumulative_standardized,standard,21,0.2924669477219078,0.31172259029675015
ordinal_basis,adult,mlp,0,cumulative_standardized,standard,22,0.2909122753787685,0.3140194603243848
ordinal_basis,adult,mlp,0,cumulative_standardized,standard,23,0.29021790198963454,0.3142269070579721
ordinal_basis,adult,mlp,1,cumulative_standardized,standard,1,0.4090126364031939,0.34151987309748866
ordinal_basis,adult,mlp,1,cumulative_standardized,standard,2,0.33402051811429145,0.3284953682664525
ordinal_basis,adult,mlp,1,cumulative_standardized,standard,3,0.3276133193137898,0.3260271050982887
ordinal_basis,adult,mlp,1,cumulative_standardized,standard,4,0.3242992724335457,0.33219894470078437
ordinal_basis,adult,mlp,1,cumulative_standardized,standard,5,0.32201799523332486,0.32241129215427594
ordinal_basis,adult,mlp,1,cumulative_standardized,standard,6,0.3181930368889755,0.31932979236257814
ordinal_basis,adult,mlp,1,cumulative_standardized,standard,7,0.3155707535345373,0.31921365380779937
ordinal_basis,adult,mlp,1,cumulative_standardized,standard,8,0.31225708771396327,0.31769409881523236
ordinal_basis,adult,mlp,1,cumulative_standardized,standard,9,0.3090961613584795,0.3148357726832867
ordinal_basis,adult,mlp,1,cumulative_standardized,standard,10,0.30765074637949613,0.31612156806114367
ordinal_basis,adult,mlp,1,cumulative_standardized,standard,11,0.303481607530861,0.3167101236300312
ordinal_basis,adult,mlp,1,cumulative_standardized,standard,12,0.30571091980547516,0.3100914251663603
ordinal_basis,adult,mlp,1,cumulative_standardized,standard,13,0.29989805612575804,0.31839960690172964
ordinal_basis,adult,mlp,1,cumulative_standardized,standard,14,0.29950251355218066,0.3108511416152816
ordinal_basis,adult,mlp,1,cumulative_standardized,standard,15,0.29755821670302596,0.3104950495048586
ordinal_basis,adult,mlp,1,cumulative_standardized,standard,16,0.2980579718471452,0.3126818731880234
ordinal_basis,adult,mlp,1,cumulative_standardized,standard,17,0.2964140322489586,0.3115469382957265
ordinal_basis,adult,mlp,1,cumulative_standardized,standard,18,0.29499406142375395,0.3108648175335855
ordinal_basis,adult,mlp,1,cumulative_standardized,standard,19,0.2957475298159831,0.3101546225804203
ordinal_basis,adult,mlp,2,cumulative_standardized,standard,1,0.40811987913211384,0.33672962740447954
ordinal_basis,adult,mlp,2,cumulative_standardized,standard,2,0.3324788734866009,0.32955272855349166
ordinal_basis,adult,mlp,2,cumulative_standardized,standard,3,0.3274367264213375,0.32695118206143226
ordinal_basis,adult,mlp,2,cumulative_standardized,standard,4,0.32491687394184326,0.3272393302035812
ordinal_basis,adult,mlp,2,cumulative_standardized,standard,5,0.3222541474446618,0.3270237905220808
ordinal_basis,adult,mlp,2,cumulative_standardized,standard,6,0.31917063785712313,0.3215628422597519
ordinal_basis,adult,mlp,2,cumulative_standardized,standard,7,0.3152638007440497,0.3208855671192632
ordinal_basis,adult,mlp,2,cumulative_standardized,standard,8,0.3122830154415431,0.3195888245545424
ordinal_basis,adult,mlp,2,cumulative_standardized,standard,9,0.30834177055874384,0.3151090985965632
ordinal_basis,adult,mlp,2,cumulative_standardized,standard,10,0.306359266912615,0.3193541008105197
ordinal_basis,adult,mlp,2,cumulative_standardized,standard,11,0.3044734994814495,0.3124840641715995
ordinal_basis,adult,mlp,2,cumulative_standardized,standard,12,0.3025938443089,0.3097226613072641
ordinal_basis,adult,mlp,2,cumulative_standardized,standard,13,0.30016399498946544,0.31395342003502286
ordinal_basis,adult,mlp,2,cumulative_standardized,standard,14,0.2982063059871261,0.31667670409640264
ordinal_basis,adult,mlp,2,cumulative_standardized,standard,15,0.29701988043890537,0.3149691343283613
ordinal_basis,adult,mlp,2,cumulative_standardized,standard,16,0.2962975598670341,0.3195091591214144
ordinal_basis,adult,mlp,2,cumulative_standardized,standard,17,0.2951805133930881,0.31692067391828516
ordinal_basis,adult,mlp,2,cumulative_standardized,standard,18,0.29613549322695343,0.32055438417031124
ordinal_basis,adult,mlp,2,cumulative_standardized,standard,19,0.2944418031548399,0.316292827059685
ordinal_basis,adult,mlp,3,cumulative_standardized,standard,1,0.41690624367985735,0.3395663271106713
ordinal_basis,adult,mlp,3,cumulative_standardized,standard,2,0.3326284501710746,0.328559915032241
ordinal_basis,adult,mlp,3,cumulative_standardized,standard,3,0.3268963058984836,0.3269706100532041
ordinal_basis,adult,mlp,3,cumulative_standardized,standard,4,0.3246115399227095,0.326885898452669
ordinal_basis,adult,mlp,3,cumulative_standardized,standard,5,0.321773448872039,0.3248523882004669
ordinal_basis,adult,mlp,3,cumulative_standardized,standard,6,0.31921078422145704,0.32031805946556746
ordinal_basis,adult,mlp,3,cumulative_standardized,standard,7,0.3161375157956116,0.3194576731970037
ordinal_basis,adult,mlp,3,cumulative_standardized,standard,8,0.31350928347292345,0.31859841957148
ordinal_basis,adult,mlp,3,cumulative_standardized,standard,9,0.31054548710511415,0.31915517222696316
ordinal_basis,adult,mlp,3,cumulative_standardized,standard,10,0.3081033633294211,0.31463857020586256
ordinal_basis,adult,mlp,3,cumulative_standardized,standard,11,0.3061067614274177,0.314696946284524
ordinal_basis,adult,mlp,3,cumulative_standardized,standard,12,0.30260562472027114,0.3104402232698956
ordinal_basis,adult,mlp,3,cumulative_standardized,standard,13,0.29994688492442234,0.31059044887155196
ordinal_basis,adult,mlp,3,cumulative_standardized,standard,14,0.2994983000749452,0.31074424933793404
ordinal_basis,adult,mlp,3,cumulative_standardized,standard,15,0.29862911234030853,0.3089310483052485
ordinal_basis,adult,mlp,3,cumulative_standardized,standard,16,0.2967707608490084,0.3072471914921979
ordinal_basis,adult,mlp,3,cumulative_standardized,standard,17,0.2959260299838439,0.3084568237491984
ordinal_basis,adult,mlp,3,cumulative_standardized,standard,18,0.29477561274383224,0.30823072198462365
ordinal_basis,adult,mlp,3,cumulative_standardized,standard,19,0.2946720124755503,0.30786446390576494
ordinal_basis,adult,mlp,3,cumulative_standardized,standard,20,0.2919943017075044,0.3103155840990546
ordinal_basis,adult,mlp,3,cumulative_standardized,standard,21,0.2921379892480461,0.3120653820218015
ordinal_basis,adult,mlp,3,cumulative_standardized,standard,22,0.29129762182364594,0.3098963672408191
ordinal_basis,adult,mlp,3,cumulative_standardized,standard,23,0.2899006107222536,0.30861321928349444
ordinal_basis,adult,mlp,4,cumulative_standardized,standard,1,0.4119369832830874,0.3380458369493753
ordinal_basis,adult,mlp,4,cumulative_standardized,standard,2,0.3318428655660709,0.32962831815037225
ordinal_basis,adult,mlp,4,cumulative_standardized,standard,3,0.3277525939138867,0.33423837796637723
ordinal_basis,adult,mlp,4,cumulative_standardized,standard,4,0.3253674614048707,0.32633987419889376
ordinal_basis,adult,mlp,4,cumulative_standardized,standard,5,0.32138333698455473,0.3262836427782186
ordinal_basis,adult,mlp,4,cumulative_standardized,standard,6,0.31956708123701505,0.3213731411473437
ordinal_basis,adult,mlp,4,cumulative_standardized,standard,7,0.3158257706159456,0.3198554641743956
ordinal_basis,adult,mlp,4,cumulative_standardized,standard,8,0.3113790492021481,0.31667712555589633
ordinal_basis,adult,mlp,4,cumulative_standardized,standard,9,0.30900686913391884,0.3134189757682623
ordinal_basis,adult,mlp,4,cumulative_standardized,standard,10,0.30630590493907506,0.3115631950121555
ordinal_basis,adult,mlp,4,cumulative_standardized,standard,11,0.30364731818217905,0.3123998253843777
ordinal_basis,adult,mlp,4,cumulative_standardized,standard,12,0.30351207326612545,0.3121007965049191
ordinal_basis,adult,mlp,4,cumulative_standardized,standard,13,0.30062337955620133,0.3102208384112863
ordinal_basis,adult,mlp,4,cumulative_standardized,standard,14,0.300032849979635,0.313854822793264
ordinal_basis,adult,mlp,4,cumulative_standardized,standard,15,0.297435976143844,0.311762559022696
ordinal_basis,adult,mlp,4,cumulative_standardized,standard,16,0.2975377034789514,0.315426463242497
ordinal_basis,adult,mlp,4,cumulative_standardized,standard,17,0.2950019114433401,0.3130887598475736
ordinal_basis,adult,mlp,4,cumulative_standardized,standard,18,0.2949888012772403,0.31673707435938814
ordinal_basis,adult,mlp,4,cumulative_standardized,standard,19,0.29295067273135267,0.32013128464921214
ordinal_basis,adult,mlp,4,cumulative_standardized,standard,20,0.29235837698275685,0.316216475090549
ordinal_basis,adult,mlp,0,path_spectral,standard,1,0.41794334450869364,0.3371061572588824
ordinal_basis,adult,mlp,0,path_spectral,standard,2,0.3335998152046297,0.3287730636867941
ordinal_basis,adult,mlp,0,path_spectral,standard,3,0.32838904696541865,0.3274176576717914
ordinal_basis,adult,mlp,0,path_spectral,standard,4,0.32370150089263916,0.3254752811490462
ordinal_basis,adult,mlp,0,path_spectral,standard,5,0.3206674769996718,0.32355361096330965
ordinal_basis,adult,mlp,0,path_spectral,standard,6,0.31962731392729193,0.3209935308805623
ordinal_basis,adult,mlp,0,path_spectral,standard,7,0.3168470311076987,0.3187321865224313
ordinal_basis,adult,mlp,0,path_spectral,standard,8,0.3113630957333989,0.3197183668999398
ordinal_basis,adult,mlp,0,path_spectral,standard,9,0.3099416369155818,0.3175112128932728
ordinal_basis,adult,mlp,0,path_spectral,standard,10,0.30670478068639956,0.3119335557372018
ordinal_basis,adult,mlp,0,path_spectral,standard,11,0.30639107587589387,0.31200270395843255
ordinal_basis,adult,mlp,0,path_spectral,standard,12,0.3032308954571623,0.31095565691710986
ordinal_basis,adult,mlp,0,path_spectral,standard,13,0.30121812326902253,0.30813891178790365
ordinal_basis,adult,mlp,0,path_spectral,standard,14,0.29831688658904093,0.3106800368076092
ordinal_basis,adult,mlp,0,path_spectral,standard,15,0.30068670875903136,0.3143114651991477
ordinal_basis,adult,mlp,0,path_spectral,standard,16,0.29883780716678143,0.3087328253935406
ordinal_basis,adult,mlp,0,path_spectral,standard,17,0.2972814140507279,0.30976467199881025
ordinal_basis,adult,mlp,0,path_spectral,standard,18,0.2950010981401589,0.3124107430347619
ordinal_basis,adult,mlp,0,path_spectral,standard,19,0.29538293003450156,0.30920647649791944
ordinal_basis,adult,mlp,0,path_spectral,standard,20,0.2935186646860413,0.3097536219492676
ordinal_basis,adult,mlp,1,path_spectral,standard,1,0.4146603842332264,0.3403426408582126
ordinal_basis,adult,mlp,1,path_spectral,standard,2,0.33320970331714544,0.32925386456252387
ordinal_basis,adult,mlp,1,path_spectral,standard,3,0.32709470479142755,0.32668661840647323
ordinal_basis,adult,mlp,1,path_spectral,standard,4,0.32382299588119073,0.33196660937506506
ordinal_basis,adult,mlp,1,path_spectral,standard,5,0.32141288975825766,0.32140744758753514
ordinal_basis,adult,mlp,1,path_spectral,standard,6,0.3174306270677862,0.3205625304954182
ordinal_basis,adult,mlp,1,path_spectral,standard,7,0.3144506656859958,0.31870714221096336
ordinal_basis,adult,mlp,1,path_spectral,standard,8,0.3104559246093694,0.3158625130311948
ordinal_basis,adult,mlp,1,path_spectral,standard,9,0.30786287272005763,0.31290117409760415
ordinal_basis,adult,mlp,1,path_spectral,standard,10,0.3060467941022915,0.3145445311622289
ordinal_basis,adult,mlp,1,path_spectral,standard,11,0.30302930822829355,0.3142603036147977
ordinal_basis,adult,mlp,1,path_spectral,standard,12,0.30433532939789043,0.3107250462729699
ordinal_basis,adult,mlp,1,path_spectral,standard,13,0.30081789169909035,0.31286076755810227
ordinal_basis,adult,mlp,1,path_spectral,standard,14,0.29941470478032084,0.310864759670262
ordinal_basis,adult,mlp,1,path_spectral,standard,15,0.2977881906073568,0.30982938029582036
ordinal_basis,adult,mlp,1,path_spectral,standard,16,0.29760393668744134,0.3119723823118764
ordinal_basis,adult,mlp,1,path_spectral,standard,17,0.29681213108561844,0.30889907266728556
ordinal_basis,adult,mlp,1,path_spectral,standard,18,0.2958876811315738,0.3099686089196418
ordinal_basis,adult,mlp,1,path_spectral,standard,19,0.2956894656657001,0.3089114461947492
ordinal_basis,adult,mlp,1,path_spectral,standard,20,0.29365653722233503,0.30759249616383827
ordinal_basis,adult,mlp,1,path_spectral,standard,21,0.29236750396229416,0.30859654890331056
ordinal_basis,adult,mlp,1,path_spectral,standard,22,0.2921778999763273,0.30996003657487164
ordinal_basis,adult,mlp,1,path_spectral,standard,23,0.29095521708378336,0.31049096674242654
ordinal_basis,adult,mlp,1,path_spectral,standard,24,0.2926918263078029,0.308594632062712
ordinal_basis,adult,mlp,1,path_spectral,standard,25,0.2892956578467929,0.3102521796745027
ordinal_basis,adult,mlp,1,path_spectral,standard,26,0.2895290873560331,0.3108737338532712
ordinal_basis,adult,mlp,1,path_spectral,standard,27,0.2890537313805751,0.3112245841792378
ordinal_basis,adult,mlp,2,path_spectral,standard,1,0.4136866447527227,0.33793048451306806
ordinal_basis,adult,mlp,2,path_spectral,standard,2,0.33315720934539816,0.32968499547826774
ordinal_basis,adult,mlp,2,path_spectral,standard,3,0.3268070286116963,0.32633184901135287
ordinal_basis,adult,mlp,2,path_spectral,standard,4,0.3243912445971655,0.328328550203303
ordinal_basis,adult,mlp,2,path_spectral,standard,5,0.32215280314628264,0.3285948497596678
ordinal_basis,adult,mlp,2,path_spectral,standard,6,0.31881592937125036,0.3210498912199423
ordinal_basis,adult,mlp,2,path_spectral,standard,7,0.31509532103960286,0.322542520769212
ordinal_basis,adult,mlp,2,path_spectral,standard,8,0.31251687075054907,0.3187956539597905
ordinal_basis,adult,mlp,2,path_spectral,standard,9,0.3088033238119224,0.314901720857386
ordinal_basis,adult,mlp,2,path_spectral,standard,10,0.30645409636474064,0.31627877116698233
ordinal_basis,adult,mlp,2,path_spectral,standard,11,0.3049822797499945,0.3114596302579022
ordinal_basis,adult,mlp,2,path_spectral,standard,12,0.30328684605896034,0.3079543445287259
ordinal_basis,adult,mlp,2,path_spectral,standard,13,0.3004419189266842,0.31148853620238465
ordinal_basis,adult,mlp,2,path_spectral,standard,14,0.29827106094184613,0.3099392651363841
ordinal_basis,adult,mlp,2,path_spectral,standard,15,0.29835676275541506,0.3080801983035769
ordinal_basis,adult,mlp,2,path_spectral,standard,16,0.29793981684220805,0.31096137454082434
ordinal_basis,adult,mlp,2,path_spectral,standard,17,0.2967714127656576,0.3079184884164333
ordinal_basis,adult,mlp,2,path_spectral,standard,18,0.29820109717090243,0.31183473940579104
ordinal_basis,adult,mlp,2,path_spectral,standard,19,0.2956774495450519,0.30788133191656086
ordinal_basis,adult,mlp,2,path_spectral,standard,20,0.2945912954848287,0.3080078313517623
ordinal_basis,adult,mlp,2,path_spectral,standard,21,0.29347416612088534,0.3090081045979451
ordinal_basis,adult,mlp,2,path_spectral,standard,22,0.2922151643389273,0.31105612853607006
ordinal_basis,adult,mlp,2,path_spectral,standard,23,0.29253886446027266,0.31041589469039216
ordinal_basis,adult,mlp,2,path_spectral,standard,24,0.2918790562000556,0.30949949762574275
ordinal_basis,adult,mlp,2,path_spectral,standard,25,0.29130486151803037,0.3131343668461744
ordinal_basis,adult,mlp,2,path_spectral,standard,26,0.2893712716840702,0.3070962833225671
ordinal_basis,adult,mlp,2,path_spectral,standard,27,0.2888726083886711,0.3108277087770648
ordinal_basis,adult,mlp,2,path_spectral,standard,28,0.28823282999840066,0.3121560964967607
ordinal_basis,adult,mlp,2,path_spectral,standard,29,0.2888937116547943,0.30929838820267597
ordinal_basis,adult,mlp,2,path_spectral,standard,30,0.2875523075131878,0.3132209658202805
ordinal_basis,adult,mlp,2,path_spectral,standard,31,0.28803008860686485,0.3193539972598173
ordinal_basis,adult,mlp,2,path_spectral,standard,32,0.2863481036714605,0.3133029124410158
ordinal_basis,adult,mlp,2,path_spectral,standard,33,0.2851527898551791,0.3100198058643454
ordinal_basis,adult,mlp,3,path_spectral,standard,1,0.4242856525232517,0.3390407847661457
ordinal_basis,adult,mlp,3,path_spectral,standard,2,0.3315797778400215,0.3294126690852644
ordinal_basis,adult,mlp,3,path_spectral,standard,3,0.3264131275822548,0.3271596060068303
ordinal_basis,adult,mlp,3,path_spectral,standard,4,0.3243690269292133,0.3255656702707731
ordinal_basis,adult,mlp,3,path_spectral,standard,5,0.32119342699390663,0.3257806256328806
ordinal_basis,adult,mlp,3,path_spectral,standard,6,0.31916707666265876,0.32229692596322834
ordinal_basis,adult,mlp,3,path_spectral,standard,7,0.31672148498036057,0.32089938440768906
ordinal_basis,adult,mlp,3,path_spectral,standard,8,0.3133144327405044,0.3245140075428378
ordinal_basis,adult,mlp,3,path_spectral,standard,9,0.3097510604366331,0.31585483122427566
ordinal_basis,adult,mlp,3,path_spectral,standard,10,0.30771974534601776,0.3135984776710558
ordinal_basis,adult,mlp,3,path_spectral,standard,11,0.3051330203359777,0.3119259693258752
ordinal_basis,adult,mlp,3,path_spectral,standard,12,0.30164622630768384,0.3105296312985726
ordinal_basis,adult,mlp,3,path_spectral,standard,13,0.2999364014632579,0.30886825804650203
ordinal_basis,adult,mlp,3,path_spectral,standard,14,0.2997524671677582,0.30802418411694776
ordinal_basis,adult,mlp,3,path_spectral,standard,15,0.29863115705787696,0.3073997653080016
ordinal_basis,adult,mlp,3,path_spectral,standard,16,0.2983599506519936,0.30746940439392434
ordinal_basis,adult,mlp,3,path_spectral,standard,17,0.296998103435268,0.308258850382507
ordinal_basis,adult,mlp,3,path_spectral,standard,18,0.2950686310813819,0.30925181109142363
ordinal_basis,adult,mlp,3,path_spectral,standard,19,0.2963048121560118,0.30945799618916064
ordinal_basis,adult,mlp,3,path_spectral,standard,20,0.29412335062202716,0.30859037687959
ordinal_basis,adult,mlp,3,path_spectral,standard,21,0.29471443582518386,0.3132522955066127
ordinal_basis,adult,mlp,3,path_spectral,standard,22,0.29347771230435193,0.30870678047125294
ordinal_basis,adult,mlp,4,path_spectral,standard,1,0.41845537528066146,0.33801251015424555
ordinal_basis,adult,mlp,4,path_spectral,standard,2,0.3320166029274024,0.32890687964699544
ordinal_basis,adult,mlp,4,path_spectral,standard,3,0.32693488255179776,0.3336539514351271
ordinal_basis,adult,mlp,4,path_spectral,standard,4,0.3242197975479707,0.3261631949851011
ordinal_basis,adult,mlp,4,path_spectral,standard,5,0.31936273981956653,0.3237676466426458
ordinal_basis,adult,mlp,4,path_spectral,standard,6,0.317457449524057,0.3213967725711055
ordinal_basis,adult,mlp,4,path_spectral,standard,7,0.3146836001984317,0.31719083670977544
ordinal_basis,adult,mlp,4,path_spectral,standard,8,0.3101759629108982,0.313359484910059
ordinal_basis,adult,mlp,4,path_spectral,standard,9,0.3061177439127273,0.31039223489971923
ordinal_basis,adult,mlp,4,path_spectral,standard,10,0.30479259170244016,0.3090300773026298
ordinal_basis,adult,mlp,4,path_spectral,standard,11,0.302092998560875,0.30937733498656383
ordinal_basis,adult,mlp,4,path_spectral,standard,12,0.30243210512824376,0.31177895168778796
ordinal_basis,adult,mlp,4,path_spectral,standard,13,0.30138079078835994,0.30878285240673997
ordinal_basis,adult,mlp,4,path_spectral,standard,14,0.2995791187011053,0.31024694867046404
ordinal_basis,adult,mlp,4,path_spectral,standard,15,0.2977636846775505,0.30897897867528024
ordinal_basis,adult,mlp,4,path_spectral,standard,16,0.2969163579349143,0.31046371751130764
ordinal_basis,adult,mlp,4,path_spectral,standard,17,0.2956286724427994,0.30893396212673524
ordinal_basis,adult,mlp,4,path_spectral,standard,18,0.29589786202960283,0.30916092956632857
ordinal_basis,adult,mlp,4,path_spectral,standard,19,0.29378807493451187,0.3103037630852053
ordinal_basis,adult,mlp,4,path_spectral,standard,20,0.29361077000819497,0.3096525861583973
ordinal_basis,adult,mlp,0,whitened,standard,1,0.41386029995630064,0.3395030793128517
ordinal_basis,adult,mlp,0,whitened,standard,2,0.33545192841815713,0.33114394673577363
ordinal_basis,adult,mlp,0,whitened,standard,3,0.32882395167022727,0.3278671601970955
ordinal_basis,adult,mlp,0,whitened,standard,4,0.3245895139561824,0.32760729183486903
ordinal_basis,adult,mlp,0,whitened,standard,5,0.3220227442004464,0.32536805980792005
ordinal_basis,adult,mlp,0,whitened,standard,6,0.31951985795609195,0.3228198967829263
ordinal_basis,adult,mlp,0,whitened,standard,7,0.3169645380036544,0.32038988541329355
ordinal_basis,adult,mlp,0,whitened,standard,8,0.3120864667822161,0.3204856262559406
ordinal_basis,adult,mlp,0,whitened,standard,9,0.31106977373434813,0.3186926906693065
ordinal_basis,adult,mlp,0,whitened,standard,10,0.3076121692136113,0.3142442661603692
ordinal_basis,adult,mlp,0,whitened,standard,11,0.30525042339976355,0.3126436681867565
ordinal_basis,adult,mlp,0,whitened,standard,12,0.3022255024687371,0.31420904761644775
ordinal_basis,adult,mlp,0,whitened,standard,13,0.300859253954243,0.30992274932778857
ordinal_basis,adult,mlp,0,whitened,standard,14,0.29767050702097375,0.31237918008057175
ordinal_basis,adult,mlp,0,whitened,standard,15,0.29823744626537296,0.31643295085048667
ordinal_basis,adult,mlp,0,whitened,standard,16,0.29798393951001273,0.3111886162265246
ordinal_basis,adult,mlp,0,whitened,standard,17,0.2953998738629812,0.3119275676516911
ordinal_basis,adult,mlp,0,whitened,standard,18,0.2930931279788146,0.31546845079851943
ordinal_basis,adult,mlp,0,whitened,standard,19,0.2940667579156468,0.3128857334292132
ordinal_basis,adult,mlp,0,whitened,standard,20,0.2915492088554532,0.31349909692336464
ordinal_basis,adult,mlp,1,whitened,standard,1,0.4109103464377307,0.34004152116832126
ordinal_basis,adult,mlp,1,whitened,standard,2,0.3337407580025366,0.3298552260258922
ordinal_basis,adult,mlp,1,whitened,standard,3,0.32774839632634156,0.3276581667285597
ordinal_basis,adult,mlp,1,whitened,standard,4,0.3242118047408448,0.3317267354059058
ordinal_basis,adult,mlp,1,whitened,standard,5,0.32127836112308267,0.32285516492550825
ordinal_basis,adult,mlp,1,whitened,standard,6,0.3175402597801105,0.320775793244302
ordinal_basis,adult,mlp,1,whitened,standard,7,0.3146166008432609,0.32077507038804537
ordinal_basis,adult,mlp,1,whitened,standard,8,0.3115598297968543,0.3190764482310312
ordinal_basis,adult,mlp,1,whitened,standard,9,0.3084571557050841,0.31578619181772616
ordinal_basis,adult,mlp,1,whitened,standard,10,0.3068819764351669,0.31395483979492755
ordinal_basis,adult,mlp,1,whitened,standard,11,0.302896506956227,0.31824160021986286
ordinal_basis,adult,mlp,1,whitened,standard,12,0.3049190402470291,0.3131795372601339
ordinal_basis,adult,mlp,1,whitened,standard,13,0.29989348443485886,0.32074761607658014
ordinal_basis,adult,mlp,1,whitened,standard,14,0.29836174706569174,0.31526693063394784
ordinal_basis,adult,mlp,1,whitened,standard,15,0.29618200754943586,0.31735735258305603
ordinal_basis,adult,mlp,1,whitened,standard,16,0.2957671972984764,0.31973189763288146
ordinal_basis,adult,mlp,1,whitened,standard,17,0.29441473363951326,0.31611248090346344
ordinal_basis,adult,mlp,1,whitened,standard,18,0.29428903732897316,0.31522650210005876
ordinal_basis,adult,mlp,1,whitened,standard,19,0.2934620608861675,0.31549031442192754
ordinal_basis,adult,mlp,2,whitened,standard,1,0.40978269055668787,0.33791411950280836
ordinal_basis,adult,mlp,2,whitened,standard,2,0.33375911257190843,0.3302585646675781
ordinal_basis,adult,mlp,2,whitened,standard,3,0.3272276537570672,0.32764590011272543
ordinal_basis,adult,mlp,2,whitened,standard,4,0.3246163988728488,0.3273036526025617
ordinal_basis,adult,mlp,2,whitened,standard,5,0.32176192218314226,0.32675355602738604
ordinal_basis,adult,mlp,2,whitened,standard,6,0.31922769063227885,0.3226650960855861
ordinal_basis,adult,mlp,2,whitened,standard,7,0.31525838741213447,0.323324331993895
ordinal_basis,adult,mlp,2,whitened,standard,8,0.31291329435985854,0.3202868674834573
ordinal_basis,adult,mlp,2,whitened,standard,9,0.31000425445066915,0.3169201138590663
ordinal_basis,adult,mlp,2,whitened,standard,10,0.3074798873220673,0.31975507486474686
ordinal_basis,adult,mlp,2,whitened,standard,11,0.3054963922178423,0.31559581385866303
ordinal_basis,adult,mlp,2,whitened,standard,12,0.30298275458431945,0.31215717058532483
ordinal_basis,adult,mlp,2,whitened,standard,13,0.30030977030351064,0.3126196541029001
ordinal_basis,adult,mlp,2,whitened,standard,14,0.29736405654972836,0.3134519269859815
ordinal_basis,adult,mlp,2,whitened,standard,15,0.2973931455202126,0.3122424233213784
ordinal_basis,adult,mlp,2,whitened,standard,16,0.2973892677767564,0.31539910367347496
ordinal_basis,adult,mlp,2,whitened,standard,17,0.2949233027289482,0.3104374667471052
ordinal_basis,adult,mlp,2,whitened,standard,18,0.29663157001760143,0.3151463771654366
ordinal_basis,adult,mlp,2,whitened,standard,19,0.2932322013583172,0.31274760802898427
ordinal_basis,adult,mlp,2,whitened,standard,20,0.2911942092294482,0.3127420557500931
ordinal_basis,adult,mlp,2,whitened,standard,21,0.29080082845922184,0.3151811983987442
ordinal_basis,adult,mlp,2,whitened,standard,22,0.28897020103597526,0.31770667122015245
ordinal_basis,adult,mlp,2,whitened,standard,23,0.2894005276061393,0.3184775767708301
ordinal_basis,adult,mlp,2,whitened,standard,24,0.2877790229326384,0.31574808763633777
ordinal_basis,adult,mlp,3,whitened,standard,1,0.4218179299438908,0.34085136927322895
ordinal_basis,adult,mlp,3,whitened,standard,2,0.33255692437767104,0.32998184835414146
ordinal_basis,adult,mlp,3,whitened,standard,3,0.32756283996439095,0.32808045758259313
ordinal_basis,adult,mlp,3,whitened,standard,4,0.3257448176786999,0.32684096055240186
ordinal_basis,adult,mlp,3,whitened,standard,5,0.3216763124858425,0.32618730131620877
ordinal_basis,adult,mlp,3,whitened,standard,6,0.3193913443375571,0.3227037120506979
ordinal_basis,adult,mlp,3,whitened,standard,7,0.3166712731928439,0.32125011486477584
ordinal_basis,adult,mlp,3,whitened,standard,8,0.31351758125958923,0.32159950778249247
ordinal_basis,adult,mlp,3,whitened,standard,9,0.3110456903824349,0.32062206720229586
ordinal_basis,adult,mlp,3,whitened,standard,10,0.30842852189734177,0.317760138415421
ordinal_basis,adult,mlp,3,whitened,standard,11,0.30599887811873994,0.3162767695432437
ordinal_basis,adult,mlp,3,whitened,standard,12,0.3020474111858105,0.3113915796787859
ordinal_basis,adult,mlp,3,whitened,standard,13,0.3002096262991575,0.3108506187586542
ordinal_basis,adult,mlp,3,whitened,standard,14,0.2984022026565795,0.31050101467065133
ordinal_basis,adult,mlp,3,whitened,standard,15,0.2972767249079243,0.3093946942150719
ordinal_basis,adult,mlp,3,whitened,standard,16,0.2961734105679561,0.30811716907424974
ordinal_basis,adult,mlp,3,whitened,standard,17,0.2957802269909833,0.3111389496476989
ordinal_basis,adult,mlp,3,whitened,standard,18,0.29285404547426563,0.31153981184758406
ordinal_basis,adult,mlp,3,whitened,standard,19,0.2943062749336627,0.3117903371346061
ordinal_basis,adult,mlp,3,whitened,standard,20,0.2906500101821721,0.31132841611263884
ordinal_basis,adult,mlp,3,whitened,standard,21,0.29188358307763457,0.3186715739292401
ordinal_basis,adult,mlp,3,whitened,standard,22,0.2901319886308337,0.3133946457884521
ordinal_basis,adult,mlp,3,whitened,standard,23,0.2889355298049327,0.31352813130739116
ordinal_basis,adult,mlp,4,whitened,standard,1,0.4150375742877145,0.33875472701790016
ordinal_basis,adult,mlp,4,whitened,standard,2,0.3321963340703041,0.3305430213269558
ordinal_basis,adult,mlp,4,whitened,standard,3,0.32752535164502683,0.3332344763392797
ordinal_basis,adult,mlp,4,whitened,standard,4,0.3241113050856813,0.3263100610096135
ordinal_basis,adult,mlp,4,whitened,standard,5,0.32003977345600176,0.32553784962499716
ordinal_basis,adult,mlp,4,whitened,standard,6,0.31811910794466663,0.32273518786583066
ordinal_basis,adult,mlp,4,whitened,standard,7,0.3149252819487738,0.3216210817944821
ordinal_basis,adult,mlp,4,whitened,standard,8,0.3112899079662576,0.3180112740302886
ordinal_basis,adult,mlp,4,whitened,standard,9,0.3075106774413322,0.3143459035037087
ordinal_basis,adult,mlp,4,whitened,standard,10,0.3058277738328648,0.3122081893783734
ordinal_basis,adult,mlp,4,whitened,standard,11,0.30229728147204443,0.31271558783271763
ordinal_basis,adult,mlp,4,whitened,standard,12,0.30218129471420363,0.3138452035334093
ordinal_basis,adult,mlp,4,whitened,standard,13,0.2995943754398852,0.31419892078724737
ordinal_basis,adult,mlp,4,whitened,standard,14,0.2988040480918322,0.3136552094678425
ordinal_basis,adult,mlp,4,whitened,standard,15,0.2965235333770733,0.3165714673000483
ordinal_basis,adult,mlp,4,whitened,standard,16,0.29499783679952785,0.3148585728623147
ordinal_basis,adult,mlp,4,whitened,standard,17,0.29341881061361813,0.3142692306199419
ordinal_basis,black-friday,mlp,0,local,standard,1,0.7909869186782837,0.7730103135108948
ordinal_basis,black-friday,mlp,0,local,standard,2,0.7772082349777222,0.7643186450004578
ordinal_basis,black-friday,mlp,0,local,standard,3,0.7611370375061035,0.7370897531509399
ordinal_basis,black-friday,mlp,0,local,standard,4,0.7257255670738221,0.6914172768592834
ordinal_basis,black-friday,mlp,0,local,standard,5,0.6692066883468628,0.6032806634902954
ordinal_basis,black-friday,mlp,0,local,standard,6,0.6059745877456665,0.5742821097373962
ordinal_basis,black-friday,mlp,0,local,standard,7,0.5829063922309875,0.5587136149406433
ordinal_basis,black-friday,mlp,0,local,standard,8,0.5697912040901184,0.5485641956329346
ordinal_basis,black-friday,mlp,0,local,standard,9,0.5564253293037414,0.5361005663871765
ordinal_basis,black-friday,mlp,0,local,standard,10,0.5446100047206879,0.5252803564071655
ordinal_basis,black-friday,mlp,0,local,standard,11,0.5339484099388122,0.5207659602165222
ordinal_basis,black-friday,mlp,0,local,standard,12,0.52546827627182,0.507951557636261
ordinal_basis,black-friday,mlp,0,local,standard,13,0.5169742238426208,0.5011366605758667
ordinal_basis,black-friday,mlp,0,local,standard,14,0.5128402887153626,0.5036521553993225
ordinal_basis,black-friday,mlp,0,local,standard,15,0.5105756248283386,0.49980491399765015
ordinal_basis,black-friday,mlp,0,local,standard,16,0.5078482526779174,0.4986562132835388
ordinal_basis,black-friday,mlp,0,local,standard,17,0.505755164937973,0.4985367953777313
ordinal_basis,black-friday,mlp,0,local,standard,18,0.5025937889766693,0.49595925211906433
ordinal_basis,black-friday,mlp,0,local,standard,19,0.501677917175293,0.4959755837917328
ordinal_basis,black-friday,mlp,0,local,standard,20,0.5006387109756469,0.49773475527763367
ordinal_basis,black-friday,mlp,0,local,standard,21,0.4996983041191101,0.49409016966819763
ordinal_basis,black-friday,mlp,0,local,standard,22,0.49706483638763427,0.49591922760009766
ordinal_basis,black-friday,mlp,0,local,standard,23,0.4963354916667938,0.49454402923583984
ordinal_basis,black-friday,mlp,0,local,standard,24,0.4965805919456482,0.49722516536712646
ordinal_basis,black-friday,mlp,0,local,standard,25,0.49450824172973634,0.49410513043403625
ordinal_basis,black-friday,mlp,0,local,standard,26,0.49283865713119507,0.4937984347343445
ordinal_basis,black-friday,mlp,0,local,standard,27,0.4935199752807617,0.49184054136276245
ordinal_basis,black-friday,mlp,0,local,standard,28,0.49210695718765257,0.4957315921783447
ordinal_basis,black-friday,mlp,0,local,standard,29,0.49198233764648436,0.4940747022628784
ordinal_basis,black-friday,mlp,0,local,standard,30,0.49106180768966673,0.49464696645736694
ordinal_basis,black-friday,mlp,0,local,standard,31,0.491054810962677,0.493161141872406
ordinal_basis,black-friday,mlp,0,local,standard,32,0.4898774087524414,0.49190378189086914
ordinal_basis,black-friday,mlp,0,local,standard,33,0.48953124453544616,0.4919149577617645
ordinal_basis,black-friday,mlp,0,local,standard,34,0.4878956248474121,0.49300965666770935
ordinal_basis,black-friday,mlp,1,local,standard,1,0.788943850440979,0.7718116641044617
ordinal_basis,black-friday,mlp,1,local,standard,2,0.7770347558784485,0.7639934420585632
ordinal_basis,black-friday,mlp,1,local,standard,3,0.7635701271629334,0.7393486499786377
ordinal_basis,black-friday,mlp,1,local,standard,4,0.7306616811180114,0.7032088041305542
ordinal_basis,black-friday,mlp,1,local,standard,5,0.6715707780647278,0.6030115485191345
ordinal_basis,black-friday,mlp,1,local,standard,6,0.6027093285560607,0.5685918927192688
ordinal_basis,black-friday,mlp,1,local,standard,7,0.5798488028907776,0.562247633934021
ordinal_basis,black-friday,mlp,1,local,standard,8,0.5698294082832337,0.5509536266326904
ordinal_basis,black-friday,mlp,1,local,standard,9,0.5597716102409362,0.5404878258705139
ordinal_basis,black-friday,mlp,1,local,standard,10,0.5509439633750915,0.5322721004486084
ordinal_basis,black-friday,mlp,1,local,standard,11,0.5416691218566895,0.5241619348526001
ordinal_basis,black-friday,mlp,1,local,standard,12,0.5328079428100586,0.5161377191543579
ordinal_basis,black-friday,mlp,1,local,standard,13,0.5235895510196685,0.5079599618911743
ordinal_basis,black-friday,mlp,1,local,standard,14,0.5170707998847961,0.5058932304382324
ordinal_basis,black-friday,mlp,1,local,standard,15,0.5126584029579163,0.5022910833358765
ordinal_basis,black-friday,mlp,1,local,standard,16,0.508253777217865,0.4980413317680359
ordinal_basis,black-friday,mlp,1,local,standard,17,0.5059290272521972,0.49762171506881714
ordinal_basis,black-friday,mlp,1,local,standard,18,0.5033502966308594,0.497295618057251
ordinal_basis,black-friday,mlp,1,local,standard,19,0.5020364098262787,0.49337559938430786
ordinal_basis,black-friday,mlp,1,local,standard,20,0.5006254842281341,0.49825772643089294
ordinal_basis,black-friday,mlp,1,local,standard,21,0.499150500869751,0.49429062008857727
ordinal_basis,black-friday,mlp,1,local,standard,22,0.49734168610572815,0.4945808947086334
ordinal_basis,black-friday,mlp,1,local,standard,23,0.4968115764427185,0.4939163625240326
ordinal_basis,black-friday,mlp,1,local,standard,24,0.49512661668777463,0.4954599142074585
ordinal_basis,black-friday,mlp,1,local,standard,25,0.4946443217754364,0.4977617859840393
ordinal_basis,black-friday,mlp,1,local,standard,26,0.4936499693489075,0.49200406670570374
ordinal_basis,black-friday,mlp,1,local,standard,27,0.4930664517211914,0.49474507570266724
ordinal_basis,black-friday,mlp,1,local,standard,28,0.49155584367752075,0.4947962164878845
ordinal_basis,black-friday,mlp,1,local,standard,29,0.49130428042411806,0.4934222996234894
ordinal_basis,black-friday,mlp,1,local,standard,30,0.4901484892368317,0.49380800127983093
ordinal_basis,black-friday,mlp,1,local,standard,31,0.4904426742744446,0.49340903759002686
ordinal_basis,black-friday,mlp,1,local,standard,32,0.4875679827308655,0.4932798743247986
ordinal_basis,black-friday,mlp,1,local,standard,33,0.48904621927261355,0.49516570568084717
ordinal_basis,black-friday,mlp,2,local,standard,1,0.7883010140800476,0.7745862007141113
ordinal_basis,black-friday,mlp,2,local,standard,2,0.7745036685752869,0.7602835297584534
ordinal_basis,black-friday,mlp,2,local,standard,3,0.758514960155487,0.738093376159668
ordinal_basis,black-friday,mlp,2,local,standard,4,0.7287955025291443,0.7042790651321411
ordinal_basis,black-friday,mlp,2,local,standard,5,0.6586446510887146,0.591595470905304
ordinal_basis,black-friday,mlp,2,local,standard,6,0.6041899484443665,0.5702932476997375
ordinal_basis,black-friday,mlp,2,local,standard,7,0.5873372241020203,0.5606924295425415
ordinal_basis,black-friday,mlp,2,local,standard,8,0.5749567717552185,0.5588324069976807
ordinal_basis,black-friday,mlp,2,local,standard,9,0.5651317057800292,0.5518383979797363
ordinal_basis,black-friday,mlp,2,local,standard,10,0.5579122855186462,0.5391759276390076
ordinal_basis,black-friday,mlp,2,local,standard,11,0.5493438711547851,0.533213198184967
ordinal_basis,black-friday,mlp,2,local,standard,12,0.5404679224014283,0.5220670700073242
ordinal_basis,black-friday,mlp,2,local,standard,13,0.5295843590068817,0.5109311938285828
ordinal_basis,black-friday,mlp,2,local,standard,14,0.5202256156730651,0.5093023180961609
ordinal_basis,black-friday,mlp,2,local,standard,15,0.514478841381073,0.5025733709335327
ordinal_basis,black-friday,mlp,2,local,standard,16,0.5101491047096253,0.5049879550933838
ordinal_basis,black-friday,mlp,2,local,standard,17,0.5063564888572692,0.5034314393997192
ordinal_basis,black-friday,mlp,2,local,standard,18,0.506152202091217,0.5000179409980774
ordinal_basis,black-friday,mlp,2,local,standard,19,0.5035338222312927,0.4978095293045044
ordinal_basis,black-friday,mlp,2,local,standard,20,0.5008118204498291,0.49939754605293274
ordinal_basis,black-friday,mlp,2,local,standard,21,0.5004835040664672,0.49492475390434265
ordinal_basis,black-friday,mlp,2,local,standard,22,0.49858677088737485,0.49735069274902344
ordinal_basis,black-friday,mlp,2,local,standard,23,0.49754025007247926,0.4946836233139038
ordinal_basis,black-friday,mlp,2,local,standard,24,0.49722068784713747,0.49835747480392456
ordinal_basis,black-friday,mlp,2,local,standard,25,0.4965926345825195,0.49613237380981445
ordinal_basis,black-friday,mlp,2,local,standard,26,0.4962363498878479,0.4941943287849426
ordinal_basis,black-friday,mlp,2,local,standard,27,0.4940752538013458,0.49363160133361816
ordinal_basis,black-friday,mlp,2,local,standard,28,0.49308044988632205,0.49481135606765747
ordinal_basis,black-friday,mlp,2,local,standard,29,0.49219274277687075,0.49366316199302673
ordinal_basis,black-friday,mlp,2,local,standard,30,0.4921694894504547,0.49236229062080383
ordinal_basis,black-friday,mlp,2,local,standard,31,0.48992512316703796,0.4924232065677643
ordinal_basis,black-friday,mlp,2,local,standard,32,0.4895285644721985,0.4938907325267792
ordinal_basis,black-friday,mlp,2,local,standard,33,0.4890048307323456,0.493903249502182
ordinal_basis,black-friday,mlp,2,local,standard,34,0.48925694519042967,0.49764177203178406
ordinal_basis,black-friday,mlp,2,local,standard,35,0.48964618310928343,0.4930371940135956
ordinal_basis,black-friday,mlp,2,local,standard,36,0.48723033229827883,0.4922058582305908
ordinal_basis,black-friday,mlp,2,local,standard,37,0.48647903364181516,0.49182918667793274
ordinal_basis,black-friday,mlp,2,local,standard,38,0.4850695054244995,0.4916575849056244
ordinal_basis,black-friday,mlp,2,local,standard,39,0.4842761347484589,0.49266886711120605
ordinal_basis,black-friday,mlp,2,local,standard,40,0.48419876410484314,0.49247241020202637
ordinal_basis,black-friday,mlp,3,local,standard,1,0.7901324681282044,0.7708620429039001
ordinal_basis,black-friday,mlp,3,local,standard,2,0.7764275983428955,0.7627837657928467
ordinal_basis,black-friday,mlp,3,local,standard,3,0.7612902349853515,0.7403069734573364
ordinal_basis,black-friday,mlp,3,local,standard,4,0.7141197945976258,0.6459755301475525
ordinal_basis,black-friday,mlp,3,local,standard,5,0.6237647271728516,0.5810415744781494
ordinal_basis,black-friday,mlp,3,local,standard,6,0.5928111929893494,0.5774099826812744
ordinal_basis,black-friday,mlp,3,local,standard,7,0.5761492654323578,0.5513846278190613
ordinal_basis,black-friday,mlp,3,local,standard,8,0.563541641626358,0.5436593890190125
ordinal_basis,black-friday,mlp,3,local,standard,9,0.5559560508823395,0.5419439673423767
ordinal_basis,black-friday,mlp,3,local,standard,10,0.5494459070110321,0.5389249920845032
ordinal_basis,black-friday,mlp,3,local,standard,11,0.539562589225769,0.5221155285835266
ordinal_basis,black-friday,mlp,3,local,standard,12,0.5312565060806275,0.5098283886909485
ordinal_basis,black-friday,mlp,3,local,standard,13,0.5231423616790771,0.5091277956962585
ordinal_basis,black-friday,mlp,3,local,standard,14,0.5159931303787232,0.5049972534179688
ordinal_basis,black-friday,mlp,3,local,standard,15,0.5133071606636047,0.5006735324859619
ordinal_basis,black-friday,mlp,3,local,standard,16,0.5087066609573364,0.5034130215644836
ordinal_basis,black-friday,mlp,3,local,standard,17,0.5069844164466858,0.5013899803161621
ordinal_basis,black-friday,mlp,3,local,standard,18,0.5054265375137329,0.49703699350357056
ordinal_basis,black-friday,mlp,3,local,standard,19,0.5029537203884125,0.4944794476032257
ordinal_basis,black-friday,mlp,3,local,standard,20,0.501567442035675,0.4972657561302185
ordinal_basis,black-friday,mlp,3,local,standard,21,0.4995987886619568,0.4951930344104767
ordinal_basis,black-friday,mlp,3,local,standard,22,0.4993450542259216,0.4945574998855591
ordinal_basis,black-friday,mlp,3,local,standard,23,0.4960000697135925,0.4941261410713196
ordinal_basis,black-friday,mlp,3,local,standard,24,0.4971542994499207,0.49330294132232666
ordinal_basis,black-friday,mlp,3,local,standard,25,0.4945755603694916,0.4975326955318451
ordinal_basis,black-friday,mlp,3,local,standard,26,0.4928267452907562,0.497245192527771
ordinal_basis,black-friday,mlp,3,local,standard,27,0.4928301665306091,0.49151816964149475
ordinal_basis,black-friday,mlp,3,local,standard,28,0.49323608446121214,0.49385157227516174
ordinal_basis,black-friday,mlp,3,local,standard,29,0.49080210116386414,0.49545344710350037
ordinal_basis,black-friday,mlp,3,local,standard,30,0.48968656418800355,0.49210721254348755
ordinal_basis,black-friday,mlp,3,local,standard,31,0.4895778605747223,0.4943520724773407
ordinal_basis,black-friday,mlp,3,local,standard,32,0.4903255675506592,0.4932699203491211
ordinal_basis,black-friday,mlp,3,local,standard,33,0.4877562174129486,0.4920252859592438
ordinal_basis,black-friday,mlp,3,local,standard,34,0.4880930558109283,0.49117398262023926
ordinal_basis,black-friday,mlp,3,local,standard,35,0.4882985884284973,0.49293145537376404
ordinal_basis,black-friday,mlp,3,local,standard,36,0.4863671887207031,0.4929862916469574
ordinal_basis,black-friday,mlp,3,local,standard,37,0.48543223691940307,0.4929560422897339
ordinal_basis,black-friday,mlp,3,local,standard,38,0.48562280595779417,0.4903627336025238
ordinal_basis,black-friday,mlp,3,local,standard,39,0.4844595760345459,0.49325963854789734
ordinal_basis,black-friday,mlp,3,local,standard,40,0.4836172273349762,0.4913944602012634
ordinal_basis,black-friday,mlp,4,local,standard,1,0.7898098113059998,0.7717127203941345
ordinal_basis,black-friday,mlp,4,local,standard,2,0.7757525615501404,0.7656004428863525
ordinal_basis,black-friday,mlp,4,local,standard,3,0.7570369732475281,0.7384617924690247
ordinal_basis,black-friday,mlp,4,local,standard,4,0.7270978017616272,0.6960939764976501
ordinal_basis,black-friday,mlp,4,local,standard,5,0.6753905693626404,0.6129984259605408
ordinal_basis,black-friday,mlp,4,local,standard,6,0.6148691207695007,0.5768212080001831
ordinal_basis,black-friday,mlp,4,local,standard,7,0.5922194243812561,0.5660122632980347
ordinal_basis,black-friday,mlp,4,local,standard,8,0.5775952468109131,0.5548731088638306
ordinal_basis,black-friday,mlp,4,local,standard,9,0.5664283661460876,0.5456851720809937
ordinal_basis,black-friday,mlp,4,local,standard,10,0.555934337310791,0.5361078381538391
ordinal_basis,black-friday,mlp,4,local,standard,11,0.5476490750312805,0.5292247533798218
ordinal_basis,black-friday,mlp,4,local,standard,12,0.5377172519302368,0.5191272497177124
ordinal_basis,black-friday,mlp,4,local,standard,13,0.5315804800701142,0.5118400454521179
ordinal_basis,black-friday,mlp,4,local,standard,14,0.5226537611961365,0.5055232048034668
ordinal_basis,black-friday,mlp,4,local,standard,15,0.5181744644451142,0.5041654706001282
ordinal_basis,black-friday,mlp,4,local,standard,16,0.5129967662239074,0.5023428797721863
ordinal_basis,black-friday,mlp,4,local,standard,17,0.5119363966655731,0.5028599500656128
ordinal_basis,black-friday,mlp,4,local,standard,18,0.5078117078208924,0.49787643551826477
ordinal_basis,black-friday,mlp,4,local,standard,19,0.5063347206020355,0.49833735823631287
ordinal_basis,black-friday,mlp,4,local,standard,20,0.5031089730072021,0.49989020824432373
ordinal_basis,black-friday,mlp,4,local,standard,21,0.5013027984237671,0.49853530526161194
ordinal_basis,black-friday,mlp,4,local,standard,22,0.4998545690727234,0.49549034237861633
ordinal_basis,black-friday,mlp,4,local,standard,23,0.4985243858623505,0.49487099051475525
ordinal_basis,black-friday,mlp,4,local,standard,24,0.49738834188461306,0.4936702251434326
ordinal_basis,black-friday,mlp,4,local,standard,25,0.495666734790802,0.49555256962776184
ordinal_basis,black-friday,mlp,4,local,standard,26,0.4956353919124603,0.49335920810699463
ordinal_basis,black-friday,mlp,4,local,standard,27,0.49544449892997744,0.49370479583740234
ordinal_basis,black-friday,mlp,4,local,standard,28,0.4936612138557434,0.49360910058021545
ordinal_basis,black-friday,mlp,4,local,standard,29,0.493282143497467,0.49274930357933044
ordinal_basis,black-friday,mlp,4,local,standard,30,0.4917553864955902,0.4929473102092743
ordinal_basis,black-friday,mlp,4,local,standard,31,0.4910259970283508,0.49397534132003784
ordinal_basis,black-friday,mlp,4,local,standard,32,0.49091137258529666,0.49335455894470215
ordinal_basis,black-friday,mlp,4,local,standard,33,0.48955931114196777,0.4925024211406708
ordinal_basis,black-friday,mlp,4,local,standard,34,0.4887331773376465,0.49129718542099
ordinal_basis,black-friday,mlp,4,local,standard,35,0.4878509303188324,0.48922988772392273
ordinal_basis,black-friday,mlp,4,local,standard,36,0.48849126695632933,0.48941609263420105
ordinal_basis,black-friday,mlp,4,local,standard,37,0.4863003639984131,0.49150627851486206
ordinal_basis,black-friday,mlp,4,local,standard,38,0.48605898574829104,0.49153727293014526
ordinal_basis,black-friday,mlp,4,local,standard,39,0.4853537148475647,0.48862504959106445
ordinal_basis,black-friday,mlp,4,local,standard,40,0.4845437575054169,0.49127891659736633
ordinal_basis,black-friday,mlp,0,cumulative,standard,1,0.7910131770133972,0.7740645408630371
ordinal_basis,black-friday,mlp,0,cumulative,standard,2,0.7782757598876953,0.7658503651618958
ordinal_basis,black-friday,mlp,0,cumulative,standard,3,0.7645764959526062,0.7370749711990356
ordinal_basis,black-friday,mlp,0,cumulative,standard,4,0.7018421347427368,0.6120082139968872
ordinal_basis,black-friday,mlp,0,cumulative,standard,5,0.6078306786537171,0.5716058611869812
ordinal_basis,black-friday,mlp,0,cumulative,standard,6,0.5833133128166199,0.5600501298904419
ordinal_basis,black-friday,mlp,0,cumulative,standard,7,0.5706963035774231,0.5548990368843079
ordinal_basis,black-friday,mlp,0,cumulative,standard,8,0.5605827567863464,0.5439695119857788
ordinal_basis,black-friday,mlp,0,cumulative,standard,9,0.5503500688743591,0.5318445563316345
ordinal_basis,black-friday,mlp,0,cumulative,standard,10,0.539271268415451,0.5188384652137756
ordinal_basis,black-friday,mlp,0,cumulative,standard,11,0.5274869968986511,0.5207254886627197
ordinal_basis,black-friday,mlp,0,cumulative,standard,12,0.5199409545326233,0.503275454044342
ordinal_basis,black-friday,mlp,0,cumulative,standard,13,0.5138781637477875,0.5019313097000122
ordinal_basis,black-friday,mlp,0,cumulative,standard,14,0.5096552200317382,0.5030404925346375
ordinal_basis,black-friday,mlp,0,cumulative,standard,15,0.508656075630188,0.5005965232849121
ordinal_basis,black-friday,mlp,0,cumulative,standard,16,0.5054794703102112,0.49965983629226685
ordinal_basis,black-friday,mlp,0,cumulative,standard,17,0.5036462343120575,0.49863097071647644
ordinal_basis,black-friday,mlp,0,cumulative,standard,18,0.5013350833129883,0.49675968289375305
ordinal_basis,black-friday,mlp,0,cumulative,standard,19,0.5005696523857117,0.49691179394721985
ordinal_basis,black-friday,mlp,0,cumulative,standard,20,0.5002312536430359,0.4984968602657318
ordinal_basis,black-friday,mlp,0,cumulative,standard,21,0.4992888814353943,0.4936801493167877
ordinal_basis,black-friday,mlp,0,cumulative,standard,22,0.4978135657119751,0.49556776881217957
ordinal_basis,black-friday,mlp,0,cumulative,standard,23,0.49657230186462403,0.49582573771476746
ordinal_basis,black-friday,mlp,0,cumulative,standard,24,0.49603049285888673,0.4965582489967346
ordinal_basis,black-friday,mlp,0,cumulative,standard,25,0.4948292177009583,0.4952513575553894
ordinal_basis,black-friday,mlp,0,cumulative,standard,26,0.494211888256073,0.4952187240123749
ordinal_basis,black-friday,mlp,0,cumulative,standard,27,0.49354087142944336,0.492415189743042
ordinal_basis,black-friday,mlp,0,cumulative,standard,28,0.4924984466934204,0.4972572326660156
ordinal_basis,black-friday,mlp,0,cumulative,standard,29,0.4925681761932373,0.49737390875816345
ordinal_basis,black-friday,mlp,0,cumulative,standard,30,0.4918406308174133,0.4944075644016266
ordinal_basis,black-friday,mlp,0,cumulative,standard,31,0.49191859008789063,0.4938427209854126
ordinal_basis,black-friday,mlp,0,cumulative,standard,32,0.491136502828598,0.4922834038734436
ordinal_basis,black-friday,mlp,0,cumulative,standard,33,0.48965846331596374,0.4935571849346161
ordinal_basis,black-friday,mlp,0,cumulative,standard,34,0.48951175080299375,0.4946437478065491
ordinal_basis,black-friday,mlp,0,cumulative,standard,35,0.48898746643066404,0.4925423860549927
ordinal_basis,black-friday,mlp,0,cumulative,standard,36,0.4880842314434051,0.49190643429756165
ordinal_basis,black-friday,mlp,0,cumulative,standard,37,0.48770472427368167,0.4911557734012604
ordinal_basis,black-friday,mlp,0,cumulative,standard,38,0.48778218551635744,0.49439823627471924
ordinal_basis,black-friday,mlp,0,cumulative,standard,39,0.48659390574455264,0.4943753480911255
ordinal_basis,black-friday,mlp,0,cumulative,standard,40,0.4856938738155365,0.4932158589363098
ordinal_basis,black-friday,mlp,1,cumulative,standard,1,0.7882840682983399,0.7717952132225037
ordinal_basis,black-friday,mlp,1,cumulative,standard,2,0.7774674014282227,0.763691782951355
ordinal_basis,black-friday,mlp,1,cumulative,standard,3,0.759439066772461,0.7232076525688171
ordinal_basis,black-friday,mlp,1,cumulative,standard,4,0.6866836141204834,0.6018582582473755
ordinal_basis,black-friday,mlp,1,cumulative,standard,5,0.6027375390052795,0.5749936103820801
ordinal_basis,black-friday,mlp,1,cumulative,standard,6,0.5844782232475281,0.5638628005981445
ordinal_basis,black-friday,mlp,1,cumulative,standard,7,0.5742062817001343,0.5615471005439758
ordinal_basis,black-friday,mlp,1,cumulative,standard,8,0.5663538327598572,0.5498996376991272
ordinal_basis,black-friday,mlp,1,cumulative,standard,9,0.5564232672309876,0.5390722155570984
ordinal_basis,black-friday,mlp,1,cumulative,standard,10,0.5462691750907898,0.5289503335952759
ordinal_basis,black-friday,mlp,1,cumulative,standard,11,0.5332151997184753,0.5136147737503052
ordinal_basis,black-friday,mlp,1,cumulative,standard,12,0.5227664610290528,0.5053079128265381
ordinal_basis,black-friday,mlp,1,cumulative,standard,13,0.5153023431301117,0.5012921690940857
ordinal_basis,black-friday,mlp,1,cumulative,standard,14,0.5121645684623718,0.5035768151283264
ordinal_basis,black-friday,mlp,1,cumulative,standard,15,0.5083776310157776,0.49910473823547363
ordinal_basis,black-friday,mlp,1,cumulative,standard,16,0.5069680122375488,0.4990517497062683
ordinal_basis,black-friday,mlp,1,cumulative,standard,17,0.5047890469169617,0.4987538158893585
ordinal_basis,black-friday,mlp,1,cumulative,standard,18,0.5028695766639709,0.49677351117134094
ordinal_basis,black-friday,mlp,1,cumulative,standard,19,0.5033282711696625,0.4953404664993286
ordinal_basis,black-friday,mlp,1,cumulative,standard,20,0.5025691790294647,0.49783703684806824
ordinal_basis,black-friday,mlp,1,cumulative,standard,21,0.4992512713432312,0.495997816324234
ordinal_basis,black-friday,mlp,1,cumulative,standard,22,0.4992776679229736,0.49613696336746216
ordinal_basis,black-friday,mlp,1,cumulative,standard,23,0.49738184223175047,0.4932943284511566
ordinal_basis,black-friday,mlp,1,cumulative,standard,24,0.4968447684288025,0.4948748052120209
ordinal_basis,black-friday,mlp,1,cumulative,standard,25,0.49538137009620664,0.49865958094596863
ordinal_basis,black-friday,mlp,1,cumulative,standard,26,0.49482732641220095,0.49412041902542114
ordinal_basis,black-friday,mlp,1,cumulative,standard,27,0.4939882367515564,0.4949578642845154
ordinal_basis,black-friday,mlp,1,cumulative,standard,28,0.49204554401397704,0.492790549993515
ordinal_basis,black-friday,mlp,1,cumulative,standard,29,0.4912430320072174,0.49290600419044495
ordinal_basis,black-friday,mlp,1,cumulative,standard,30,0.49181648097038266,0.4957197904586792
ordinal_basis,black-friday,mlp,1,cumulative,standard,31,0.49106209661483763,0.49228277802467346
ordinal_basis,black-friday,mlp,1,cumulative,standard,32,0.489657093667984,0.49405837059020996
ordinal_basis,black-friday,mlp,1,cumulative,standard,33,0.4899277552318573,0.49172666668891907
ordinal_basis,black-friday,mlp,1,cumulative,standard,34,0.4884403213119507,0.4918503761291504
ordinal_basis,black-friday,mlp,1,cumulative,standard,35,0.4870344587993622,0.49230971932411194
ordinal_basis,black-friday,mlp,1,cumulative,standard,36,0.48709880241394043,0.4914987087249756
ordinal_basis,black-friday,mlp,1,cumulative,standard,37,0.48655659042358396,0.4944796860218048
ordinal_basis,black-friday,mlp,1,cumulative,standard,38,0.4867989145278931,0.49206534028053284
ordinal_basis,black-friday,mlp,1,cumulative,standard,39,0.4864539764499664,0.49345889687538147
ordinal_basis,black-friday,mlp,1,cumulative,standard,40,0.48550570506095886,0.49224692583084106
ordinal_basis,black-friday,mlp,2,cumulative,standard,1,0.7889843671226502,0.7744940519332886
ordinal_basis,black-friday,mlp,2,cumulative,standard,2,0.7757837872314454,0.7618968486785889
ordinal_basis,black-friday,mlp,2,cumulative,standard,3,0.7601158270263672,0.7374550104141235
ordinal_basis,black-friday,mlp,2,cumulative,standard,4,0.7276585154533386,0.6997475624084473
ordinal_basis,black-friday,mlp,2,cumulative,standard,5,0.6697450247764587,0.6013195514678955
ordinal_basis,black-friday,mlp,2,cumulative,standard,6,0.6108497949409485,0.5773415565490723
ordinal_basis,black-friday,mlp,2,cumulative,standard,7,0.5937372051048279,0.5681002140045166
ordinal_basis,black-friday,mlp,2,cumulative,standard,8,0.5799170848846436,0.562029242515564
ordinal_basis,black-friday,mlp,2,cumulative,standard,9,0.5715425120162964,0.5539925694465637
ordinal_basis,black-friday,mlp,2,cumulative,standard,10,0.5625675426101685,0.5416387319564819
ordinal_basis,black-friday,mlp,2,cumulative,standard,11,0.5507310104751587,0.5350421667098999
ordinal_basis,black-friday,mlp,2,cumulative,standard,12,0.5411059849357605,0.5252129435539246
ordinal_basis,black-friday,mlp,2,cumulative,standard,13,0.5290385501289367,0.5122871994972229
ordinal_basis,black-friday,mlp,2,cumulative,standard,14,0.5217251233863831,0.5094478726387024
ordinal_basis,black-friday,mlp,2,cumulative,standard,15,0.5175865780544281,0.5080180764198303
ordinal_basis,black-friday,mlp,2,cumulative,standard,16,0.5122108220481872,0.501140832901001
ordinal_basis,black-friday,mlp,2,cumulative,standard,17,0.508537579498291,0.502191424369812
ordinal_basis,black-friday,mlp,2,cumulative,standard,18,0.5060909268474579,0.49754655361175537
ordinal_basis,black-friday,mlp,2,cumulative,standard,19,0.503513245677948,0.4965977072715759
ordinal_basis,black-friday,mlp,2,cumulative,standard,20,0.5016050914382935,0.4950362741947174
ordinal_basis,black-friday,mlp,2,cumulative,standard,21,0.5014698178863526,0.4963392913341522
ordinal_basis,black-friday,mlp,2,cumulative,standard,22,0.49939824907302854,0.4968504309654236
ordinal_basis,black-friday,mlp,2,cumulative,standard,23,0.4989013229942322,0.4930511713027954
ordinal_basis,black-friday,mlp,2,cumulative,standard,24,0.4974103940200806,0.5001746416091919
ordinal_basis,black-friday,mlp,2,cumulative,standard,25,0.4973683226585388,0.4959162473678589
ordinal_basis,black-friday,mlp,2,cumulative,standard,26,0.4960120404720306,0.4946371614933014
ordinal_basis,black-friday,mlp,2,cumulative,standard,27,0.4951690262699127,0.49246498942375183
ordinal_basis,black-friday,mlp,2,cumulative,standard,28,0.49415903648376464,0.4932641386985779
ordinal_basis,black-friday,mlp,2,cumulative,standard,29,0.4936294647121429,0.49469995498657227
ordinal_basis,black-friday,mlp,2,cumulative,standard,30,0.4935549998283386,0.4925664961338043
ordinal_basis,black-friday,mlp,2,cumulative,standard,31,0.4915409571075439,0.4928421378135681
ordinal_basis,black-friday,mlp,2,cumulative,standard,32,0.49144752365112304,0.4952591359615326
ordinal_basis,black-friday,mlp,2,cumulative,standard,33,0.49099182458877566,0.4929157793521881
ordinal_basis,black-friday,mlp,2,cumulative,standard,34,0.4904070614910126,0.49503782391548157
ordinal_basis,black-friday,mlp,3,cumulative,standard,1,0.7900844330024719,0.7708927989006042
ordinal_basis,black-friday,mlp,3,cumulative,standard,2,0.7764009250259399,0.7605884671211243
ordinal_basis,black-friday,mlp,3,cumulative,standard,3,0.7587410387039184,0.740094006061554
ordinal_basis,black-friday,mlp,3,cumulative,standard,4,0.723682516002655,0.6840722560882568
ordinal_basis,black-friday,mlp,3,cumulative,standard,5,0.6407791620922089,0.590509295463562
ordinal_basis,black-friday,mlp,3,cumulative,standard,6,0.5986568060302735,0.5746458768844604
ordinal_basis,black-friday,mlp,3,cumulative,standard,7,0.5805168512248993,0.5565710663795471
ordinal_basis,black-friday,mlp,3,cumulative,standard,8,0.5664172930812835,0.5446932911872864
ordinal_basis,black-friday,mlp,3,cumulative,standard,9,0.5562157929229736,0.541330099105835
ordinal_basis,black-friday,mlp,3,cumulative,standard,10,0.5474238959503174,0.5272355675697327
ordinal_basis,black-friday,mlp,3,cumulative,standard,11,0.5360861502647399,0.5132951736450195
ordinal_basis,black-friday,mlp,3,cumulative,standard,12,0.5266191813468933,0.5062500238418579
ordinal_basis,black-friday,mlp,3,cumulative,standard,13,0.5195173524856568,0.5058923959732056
ordinal_basis,black-friday,mlp,3,cumulative,standard,14,0.5154664647293091,0.5042247772216797
ordinal_basis,black-friday,mlp,3,cumulative,standard,15,0.5139398008155823,0.5013291239738464
ordinal_basis,black-friday,mlp,3,cumulative,standard,16,0.5111495939445495,0.5015689730644226
ordinal_basis,black-friday,mlp,3,cumulative,standard,17,0.5086077736473084,0.5023900866508484
ordinal_basis,black-friday,mlp,3,cumulative,standard,18,0.5076480849838256,0.49844104051589966
ordinal_basis,black-friday,mlp,3,cumulative,standard,19,0.5060327543926239,0.4979972243309021
ordinal_basis,black-friday,mlp,3,cumulative,standard,20,0.5048338406944275,0.49718180298805237
ordinal_basis,black-friday,mlp,3,cumulative,standard,21,0.5032328260803223,0.4964218735694885
ordinal_basis,black-friday,mlp,3,cumulative,standard,22,0.5017369107818603,0.49715420603752136
ordinal_basis,black-friday,mlp,3,cumulative,standard,23,0.5003578502464294,0.4960162043571472
ordinal_basis,black-friday,mlp,3,cumulative,standard,24,0.5010044265556336,0.49783381819725037
ordinal_basis,black-friday,mlp,3,cumulative,standard,25,0.4989708312416077,0.497879296541214
ordinal_basis,black-friday,mlp,3,cumulative,standard,26,0.4971872429561615,0.4986394941806793
ordinal_basis,black-friday,mlp,3,cumulative,standard,27,0.4970337805175781,0.49445751309394836
ordinal_basis,black-friday,mlp,3,cumulative,standard,28,0.4964726872253418,0.4959010183811188
ordinal_basis,black-friday,mlp,3,cumulative,standard,29,0.49608755877494815,0.4953670799732208
ordinal_basis,black-friday,mlp,3,cumulative,standard,30,0.4938438748168945,0.49312135577201843
ordinal_basis,black-friday,mlp,3,cumulative,standard,31,0.4944568351650238,0.49527883529663086
ordinal_basis,black-friday,mlp,3,cumulative,standard,32,0.4941706474113464,0.49522313475608826
ordinal_basis,black-friday,mlp,3,cumulative,standard,33,0.49244540345191956,0.491275817155838
ordinal_basis,black-friday,mlp,3,cumulative,standard,34,0.49188656641960143,0.49345752596855164
ordinal_basis,black-friday,mlp,3,cumulative,standard,35,0.491255575428009,0.498741090297699
ordinal_basis,black-friday,mlp,3,cumulative,standard,36,0.49165010940551757,0.49498456716537476
ordinal_basis,black-friday,mlp,3,cumulative,standard,37,0.4897003894424439,0.49594926834106445
ordinal_basis,black-friday,mlp,3,cumulative,standard,38,0.48980337282180786,0.49255409836769104
ordinal_basis,black-friday,mlp,3,cumulative,standard,39,0.4899106293296814,0.4953542649745941
ordinal_basis,black-friday,mlp,3,cumulative,standard,40,0.4879768699645996,0.49183210730552673
ordinal_basis,black-friday,mlp,4,cumulative,standard,1,0.7895828261184692,0.7710748314857483
ordinal_basis,black-friday,mlp,4,cumulative,standard,2,0.7759661742210389,0.7650371193885803
ordinal_basis,black-friday,mlp,4,cumulative,standard,3,0.7563502915000916,0.734612762928009
ordinal_basis,black-friday,mlp,4,cumulative,standard,4,0.7216999028205872,0.6793688535690308
ordinal_basis,black-friday,mlp,4,cumulative,standard,5,0.6421905431747437,0.5876017212867737
ordinal_basis,black-friday,mlp,4,cumulative,standard,6,0.6023099278259277,0.5751704573631287
ordinal_basis,black-friday,mlp,4,cumulative,standard,7,0.5856392191886902,0.5621309876441956
ordinal_basis,black-friday,mlp,4,cumulative,standard,8,0.5710546273612976,0.552781879901886
ordinal_basis,black-friday,mlp,4,cumulative,standard,9,0.5600631680870056,0.5401812195777893
ordinal_basis,black-friday,mlp,4,cumulative,standard,10,0.5488534030723572,0.5291330218315125
ordinal_basis,black-friday,mlp,4,cumulative,standard,11,0.5384903214263916,0.5198432207107544
ordinal_basis,black-friday,mlp,4,cumulative,standard,12,0.5283239096641541,0.5115339159965515
ordinal_basis,black-friday,mlp,4,cumulative,standard,13,0.5222034435653686,0.5071637034416199
ordinal_basis,black-friday,mlp,4,cumulative,standard,14,0.5158056296730041,0.5017825365066528
ordinal_basis,black-friday,mlp,4,cumulative,standard,15,0.5121882946777344,0.5052052140235901
ordinal_basis,black-friday,mlp,4,cumulative,standard,16,0.5090952062416076,0.49851566553115845
ordinal_basis,black-friday,mlp,4,cumulative,standard,17,0.5081798891067505,0.5046915411949158
ordinal_basis,black-friday,mlp,4,cumulative,standard,18,0.5048919852256775,0.5006330013275146
ordinal_basis,black-friday,mlp,4,cumulative,standard,19,0.5044817768859863,0.4972688555717468
ordinal_basis,black-friday,mlp,4,cumulative,standard,20,0.501777483997345,0.4990745186805725
ordinal_basis,black-friday,mlp,4,cumulative,standard,21,0.5006565829658508,0.4999438524246216
ordinal_basis,black-friday,mlp,4,cumulative,standard,22,0.4991189691734314,0.49745050072669983
ordinal_basis,black-friday,mlp,4,cumulative,standard,23,0.4985888911628723,0.5007905960083008
ordinal_basis,black-friday,mlp,4,cumulative,standard,24,0.4970933114624023,0.49702468514442444
ordinal_basis,black-friday,mlp,4,cumulative,standard,25,0.49583744232177734,0.49555960297584534
ordinal_basis,black-friday,mlp,4,cumulative,standard,26,0.4956516455364227,0.49408602714538574
ordinal_basis,black-friday,mlp,4,cumulative,standard,27,0.49444859285354614,0.49346479773521423
ordinal_basis,black-friday,mlp,4,cumulative,standard,28,0.4923262278747559,0.4939780831336975
ordinal_basis,black-friday,mlp,4,cumulative,standard,29,0.49284545289993287,0.4939897656440735
ordinal_basis,black-friday,mlp,4,cumulative,standard,30,0.49203254717826844,0.4922017455101013
ordinal_basis,black-friday,mlp,4,cumulative,standard,31,0.4917405652141571,0.49449023604393005
ordinal_basis,black-friday,mlp,4,cumulative,standard,32,0.49080167300224303,0.49308905005455017
ordinal_basis,black-friday,mlp,4,cumulative,standard,33,0.4890669390678406,0.4917966425418854
ordinal_basis,black-friday,mlp,4,cumulative,standard,34,0.4891398333549499,0.49093809723854065
ordinal_basis,black-friday,mlp,4,cumulative,standard,35,0.4886495545387268,0.4918500483036041
ordinal_basis,black-friday,mlp,4,cumulative,standard,36,0.4883369218826294,0.49108222126960754
ordinal_basis,black-friday,mlp,4,cumulative,standard,37,0.4874383309841156,0.49242469668388367
ordinal_basis,black-friday,mlp,4,cumulative,standard,38,0.4873805785369873,0.48945948481559753
ordinal_basis,black-friday,mlp,4,cumulative,standard,39,0.4861581090545654,0.48994937539100647
ordinal_basis,black-friday,mlp,4,cumulative,standard,40,0.48585715432167054,0.4913293421268463
ordinal_basis,black-friday,mlp,0,cumulative_standardized,standard,1,0.7920839482307435,0.7736225128173828
ordinal_basis,black-friday,mlp,0,cumulative_standardized,standard,2,0.778409855632782,0.7699590921401978
ordinal_basis,black-friday,mlp,0,cumulative_standardized,standard,3,0.770908965511322,0.7565369009971619
ordinal_basis,black-friday,mlp,0,cumulative_standardized,standard,4,0.7437619020271301,0.702308177947998
ordinal_basis,black-friday,mlp,0,cumulative_standardized,standard,5,0.6597950411987304,0.5867994427680969
ordinal_basis,black-friday,mlp,0,cumulative_standardized,standard,6,0.5945637331962585,0.5640882253646851
ordinal_basis,black-friday,mlp,0,cumulative_standardized,standard,7,0.57755004529953,0.5526591539382935
ordinal_basis,black-friday,mlp,0,cumulative_standardized,standard,8,0.5646714556121826,0.5467944741249084
ordinal_basis,black-friday,mlp,0,cumulative_standardized,standard,9,0.5563996772575378,0.5360174775123596
ordinal_basis,black-friday,mlp,0,cumulative_standardized,standard,10,0.5459638623428344,0.5281890034675598
ordinal_basis,black-friday,mlp,0,cumulative_standardized,standard,11,0.5371422740745544,0.5246382355690002
ordinal_basis,black-friday,mlp,0,cumulative_standardized,standard,12,0.5295335298728943,0.5120781660079956
ordinal_basis,black-friday,mlp,0,cumulative_standardized,standard,13,0.5223905777168274,0.508883535861969
ordinal_basis,black-friday,mlp,0,cumulative_standardized,standard,14,0.516266490020752,0.5049765110015869
ordinal_basis,black-friday,mlp,0,cumulative_standardized,standard,15,0.5134269413375855,0.5012549757957458
ordinal_basis,black-friday,mlp,0,cumulative_standardized,standard,16,0.5103952573013306,0.5010055899620056
ordinal_basis,black-friday,mlp,0,cumulative_standardized,standard,17,0.5074805542945862,0.5008191466331482
ordinal_basis,black-friday,mlp,0,cumulative_standardized,standard,18,0.5051598140144348,0.4980330467224121
ordinal_basis,black-friday,mlp,0,cumulative_standardized,standard,19,0.5026809991836548,0.4972531497478485
ordinal_basis,black-friday,mlp,0,cumulative_standardized,standard,20,0.5026712932395935,0.5011943578720093
ordinal_basis,black-friday,mlp,0,cumulative_standardized,standard,21,0.5008413826560975,0.4969354271888733
ordinal_basis,black-friday,mlp,0,cumulative_standardized,standard,22,0.49835774782180786,0.4966737627983093
ordinal_basis,black-friday,mlp,0,cumulative_standardized,standard,23,0.496731091632843,0.496260404586792
ordinal_basis,black-friday,mlp,0,cumulative_standardized,standard,24,0.49530531507492065,0.496692031621933
ordinal_basis,black-friday,mlp,0,cumulative_standardized,standard,25,0.494361348400116,0.49708840250968933
ordinal_basis,black-friday,mlp,0,cumulative_standardized,standard,26,0.49195550954818723,0.4950026273727417
ordinal_basis,black-friday,mlp,0,cumulative_standardized,standard,27,0.4917388824272156,0.4929882287979126
ordinal_basis,black-friday,mlp,0,cumulative_standardized,standard,28,0.490691127204895,0.4963891804218292
ordinal_basis,black-friday,mlp,0,cumulative_standardized,standard,29,0.4900426686954498,0.49509871006011963
ordinal_basis,black-friday,mlp,0,cumulative_standardized,standard,30,0.4885939317512512,0.4940565526485443
ordinal_basis,black-friday,mlp,0,cumulative_standardized,standard,31,0.48841618957519534,0.4932565987110138
ordinal_basis,black-friday,mlp,0,cumulative_standardized,standard,32,0.48743545013427736,0.4933486580848694
ordinal_basis,black-friday,mlp,0,cumulative_standardized,standard,33,0.4857392698574066,0.49268680810928345
ordinal_basis,black-friday,mlp,0,cumulative_standardized,standard,34,0.48446186036109923,0.4953788220882416
ordinal_basis,black-friday,mlp,0,cumulative_standardized,standard,35,0.48337576838493346,0.49375781416893005
ordinal_basis,black-friday,mlp,0,cumulative_standardized,standard,36,0.48371751757621767,0.4918382465839386
ordinal_basis,black-friday,mlp,0,cumulative_standardized,standard,37,0.48351927112579346,0.49134570360183716
ordinal_basis,black-friday,mlp,0,cumulative_standardized,standard,38,0.4828489867210388,0.49374860525131226
ordinal_basis,black-friday,mlp,0,cumulative_standardized,standard,39,0.4815134801006317,0.49527692794799805
ordinal_basis,black-friday,mlp,0,cumulative_standardized,standard,40,0.47968304016113283,0.49380797147750854
ordinal_basis,black-friday,mlp,1,cumulative_standardized,standard,1,0.789230141582489,0.772225558757782
ordinal_basis,black-friday,mlp,1,cumulative_standardized,standard,2,0.779092957611084,0.7683699131011963
ordinal_basis,black-friday,mlp,1,cumulative_standardized,standard,3,0.771215733242035,0.760981023311615
ordinal_basis,black-friday,mlp,1,cumulative_standardized,standard,4,0.7438491662406921,0.7037429809570312
ordinal_basis,black-friday,mlp,1,cumulative_standardized,standard,5,0.6652752703666687,0.5887749195098877
ordinal_basis,black-friday,mlp,1,cumulative_standardized,standard,6,0.5979724985313416,0.5624287128448486
ordinal_basis,black-friday,mlp,1,cumulative_standardized,standard,7,0.5765104817581177,0.5578991174697876
ordinal_basis,black-friday,mlp,1,cumulative_standardized,standard,8,0.5653473019981384,0.5473823547363281
ordinal_basis,black-friday,mlp,1,cumulative_standardized,standard,9,0.5548509070014953,0.5385881662368774
ordinal_basis,black-friday,mlp,1,cumulative_standardized,standard,10,0.5474125325012207,0.5296533107757568
ordinal_basis,black-friday,mlp,1,cumulative_standardized,standard,11,0.5388514447021484,0.526481032371521
ordinal_basis,black-friday,mlp,1,cumulative_standardized,standard,12,0.5307678286266327,0.5142976641654968
ordinal_basis,black-friday,mlp,1,cumulative_standardized,standard,13,0.5234845601081848,0.5066823959350586
ordinal_basis,black-friday,mlp,1,cumulative_standardized,standard,14,0.5166448161888123,0.5113944411277771
ordinal_basis,black-friday,mlp,1,cumulative_standardized,standard,15,0.5125526560020447,0.5037320852279663
ordinal_basis,black-friday,mlp,1,cumulative_standardized,standard,16,0.5097546956062317,0.5021541118621826
ordinal_basis,black-friday,mlp,1,cumulative_standardized,standard,17,0.5067523045730591,0.501573383808136
ordinal_basis,black-friday,mlp,1,cumulative_standardized,standard,18,0.5033347273826599,0.4977715313434601
ordinal_basis,black-friday,mlp,1,cumulative_standardized,standard,19,0.5038725409030914,0.49841129779815674
ordinal_basis,black-friday,mlp,1,cumulative_standardized,standard,20,0.5019825186347961,0.4997665286064148
ordinal_basis,black-friday,mlp,1,cumulative_standardized,standard,21,0.4995613020992279,0.4985884428024292
ordinal_basis,black-friday,mlp,1,cumulative_standardized,standard,22,0.499110936126709,0.49838492274284363
ordinal_basis,black-friday,mlp,1,cumulative_standardized,standard,23,0.4963309506225586,0.49553269147872925
ordinal_basis,black-friday,mlp,1,cumulative_standardized,standard,24,0.4950820037841797,0.4947996139526367
ordinal_basis,black-friday,mlp,1,cumulative_standardized,standard,25,0.4944359847164154,0.5012809038162231
ordinal_basis,black-friday,mlp,1,cumulative_standardized,standard,26,0.49339790042877196,0.4951614439487457
ordinal_basis,black-friday,mlp,1,cumulative_standardized,standard,27,0.4917492831802368,0.49505382776260376
ordinal_basis,black-friday,mlp,1,cumulative_standardized,standard,28,0.4910076251411438,0.4953324496746063
ordinal_basis,black-friday,mlp,1,cumulative_standardized,standard,29,0.4895119432258606,0.49372926354408264
ordinal_basis,black-friday,mlp,1,cumulative_standardized,standard,30,0.48829980781555177,0.49654996395111084
ordinal_basis,black-friday,mlp,1,cumulative_standardized,standard,31,0.48825746351242066,0.4931620955467224
ordinal_basis,black-friday,mlp,1,cumulative_standardized,standard,32,0.4855641701507568,0.49452754855155945
ordinal_basis,black-friday,mlp,1,cumulative_standardized,standard,33,0.48559806632995606,0.4940308928489685
ordinal_basis,black-friday,mlp,1,cumulative_standardized,standard,34,0.4841287914848328,0.4949411451816559
ordinal_basis,black-friday,mlp,1,cumulative_standardized,standard,35,0.4832315136051178,0.49313971400260925
ordinal_basis,black-friday,mlp,1,cumulative_standardized,standard,36,0.4826601818084717,0.49234116077423096
ordinal_basis,black-friday,mlp,1,cumulative_standardized,standard,37,0.4824688287448883,0.4937765598297119
ordinal_basis,black-friday,mlp,1,cumulative_standardized,standard,38,0.48311056062698365,0.49585801362991333
ordinal_basis,black-friday,mlp,1,cumulative_standardized,standard,39,0.4812487306880951,0.49812716245651245
ordinal_basis,black-friday,mlp,1,cumulative_standardized,standard,40,0.4804722465801239,0.49532994627952576
ordinal_basis,black-friday,mlp,2,cumulative_standardized,standard,1,0.7895087305450439,0.7752155661582947
ordinal_basis,black-friday,mlp,2,cumulative_standardized,standard,2,0.7774291573905945,0.7678767442703247
ordinal_basis,black-friday,mlp,2,cumulative_standardized,standard,3,0.7715617556762695,0.7610703706741333
ordinal_basis,black-friday,mlp,2,cumulative_standardized,standard,4,0.7549207256126403,0.7453066110610962
ordinal_basis,black-friday,mlp,2,cumulative_standardized,standard,5,0.727796180896759,0.6965014934539795
ordinal_basis,black-friday,mlp,2,cumulative_standardized,standard,6,0.6585295732498169,0.5908607840538025
ordinal_basis,black-friday,mlp,2,cumulative_standardized,standard,7,0.5992488689994812,0.570859432220459
ordinal_basis,black-friday,mlp,2,cumulative_standardized,standard,8,0.5778757440376282,0.551979660987854
ordinal_basis,black-friday,mlp,2,cumulative_standardized,standard,9,0.5656908028030395,0.5457956790924072
ordinal_basis,black-friday,mlp,2,cumulative_standardized,standard,10,0.5561031651115418,0.5354990363121033
ordinal_basis,black-friday,mlp,2,cumulative_standardized,standard,11,0.5465845780754089,0.5250228643417358
ordinal_basis,black-friday,mlp,2,cumulative_standardized,standard,12,0.5381277586746216,0.5246427059173584
ordinal_basis,black-friday,mlp,2,cumulative_standardized,standard,13,0.530584803905487,0.5130059123039246
ordinal_basis,black-friday,mlp,2,cumulative_standardized,standard,14,0.5251580594825744,0.5105466246604919
ordinal_basis,black-friday,mlp,2,cumulative_standardized,standard,15,0.5195651446723938,0.5143364667892456
ordinal_basis,black-friday,mlp,2,cumulative_standardized,standard,16,0.5146868255424499,0.5058135390281677
ordinal_basis,black-friday,mlp,2,cumulative_standardized,standard,17,0.5104106080436707,0.5043968558311462
ordinal_basis,black-friday,mlp,2,cumulative_standardized,standard,18,0.5090821998977662,0.5003491640090942
ordinal_basis,black-friday,mlp,2,cumulative_standardized,standard,19,0.5054405225372315,0.49800363183021545
ordinal_basis,black-friday,mlp,2,cumulative_standardized,standard,20,0.5034428784751892,0.4992225468158722
ordinal_basis,black-friday,mlp,2,cumulative_standardized,standard,21,0.502875753955841,0.4980471134185791
ordinal_basis,black-friday,mlp,2,cumulative_standardized,standard,22,0.500577868423462,0.4971705377101898
ordinal_basis,black-friday,mlp,2,cumulative_standardized,standard,23,0.49859694131851195,0.4934103190898895
ordinal_basis,black-friday,mlp,2,cumulative_standardized,standard,24,0.4978297903251648,0.4987153112888336
ordinal_basis,black-friday,mlp,2,cumulative_standardized,standard,25,0.4959892566871643,0.4959786832332611
ordinal_basis,black-friday,mlp,2,cumulative_standardized,standard,26,0.49476068113327026,0.49573180079460144
ordinal_basis,black-friday,mlp,2,cumulative_standardized,standard,27,0.49361920340538024,0.4937843680381775
ordinal_basis,black-friday,mlp,2,cumulative_standardized,standard,28,0.4906821845626831,0.49477526545524597
ordinal_basis,black-friday,mlp,2,cumulative_standardized,standard,29,0.49106229170799254,0.49598804116249084
ordinal_basis,black-friday,mlp,2,cumulative_standardized,standard,30,0.48960203941345215,0.4917103052139282
ordinal_basis,black-friday,mlp,2,cumulative_standardized,standard,31,0.4886404382991791,0.4936773478984833
ordinal_basis,black-friday,mlp,2,cumulative_standardized,standard,32,0.48777099946022034,0.4950220286846161
ordinal_basis,black-friday,mlp,2,cumulative_standardized,standard,33,0.4868381417179108,0.4944281578063965
ordinal_basis,black-friday,mlp,2,cumulative_standardized,standard,34,0.48696663084983827,0.49406805634498596
ordinal_basis,black-friday,mlp,2,cumulative_standardized,standard,35,0.4866056239318848,0.49307766556739807
ordinal_basis,black-friday,mlp,2,cumulative_standardized,standard,36,0.4845755075645447,0.49200761318206787
ordinal_basis,black-friday,mlp,2,cumulative_standardized,standard,37,0.483870880317688,0.4920881688594818
ordinal_basis,black-friday,mlp,3,cumulative_standardized,standard,1,0.7912171800231934,0.7729982733726501
ordinal_basis,black-friday,mlp,3,cumulative_standardized,standard,2,0.7783352531051636,0.7661344408988953
ordinal_basis,black-friday,mlp,3,cumulative_standardized,standard,3,0.7698532043457031,0.7556858658790588
ordinal_basis,black-friday,mlp,3,cumulative_standardized,standard,4,0.7403033979988098,0.694480836391449
ordinal_basis,black-friday,mlp,3,cumulative_standardized,standard,5,0.6528933371734619,0.5952906012535095
ordinal_basis,black-friday,mlp,3,cumulative_standardized,standard,6,0.6041221770477295,0.5851435661315918
ordinal_basis,black-friday,mlp,3,cumulative_standardized,standard,7,0.5856138465976715,0.5605170130729675
ordinal_basis,black-friday,mlp,3,cumulative_standardized,standard,8,0.5728191343784332,0.5515691637992859
ordinal_basis,black-friday,mlp,3,cumulative_standardized,standard,9,0.562905200433731,0.5437192916870117
ordinal_basis,black-friday,mlp,3,cumulative_standardized,standard,10,0.5551844061470032,0.5375592708587646
ordinal_basis,black-friday,mlp,3,cumulative_standardized,standard,11,0.545601549949646,0.5260610580444336
ordinal_basis,black-friday,mlp,3,cumulative_standardized,standard,12,0.5352554484176636,0.5115723013877869
ordinal_basis,black-friday,mlp,3,cumulative_standardized,standard,13,0.5246366847801208,0.510260283946991
ordinal_basis,black-friday,mlp,3,cumulative_standardized,standard,14,0.5185684725952149,0.5042699575424194
ordinal_basis,black-friday,mlp,3,cumulative_standardized,standard,15,0.5173126111793518,0.5044510364532471
ordinal_basis,black-friday,mlp,3,cumulative_standardized,standard,16,0.5117817104148865,0.5021259784698486
ordinal_basis,black-friday,mlp,3,cumulative_standardized,standard,17,0.5087194325065613,0.5011627078056335
ordinal_basis,black-friday,mlp,3,cumulative_standardized,standard,18,0.5059601391410827,0.4994158446788788
ordinal_basis,black-friday,mlp,3,cumulative_standardized,standard,19,0.5056624015808105,0.49692532420158386
ordinal_basis,black-friday,mlp,3,cumulative_standardized,standard,20,0.5029960520935058,0.49780046939849854
ordinal_basis,black-friday,mlp,3,cumulative_standardized,standard,21,0.5013598068428039,0.4955174922943115
ordinal_basis,black-friday,mlp,3,cumulative_standardized,standard,22,0.49847176357269285,0.49690350890159607
ordinal_basis,black-friday,mlp,3,cumulative_standardized,standard,23,0.49797743558883667,0.4955764710903168
ordinal_basis,black-friday,mlp,3,cumulative_standardized,standard,24,0.4981348991012573,0.49484577775001526
ordinal_basis,black-friday,mlp,3,cumulative_standardized,standard,25,0.49697934433937074,0.49793270230293274
ordinal_basis,black-friday,mlp,3,cumulative_standardized,standard,26,0.49293319083213805,0.49798426032066345
ordinal_basis,black-friday,mlp,3,cumulative_standardized,standard,27,0.49300359424591067,0.4941551685333252
ordinal_basis,black-friday,mlp,3,cumulative_standardized,standard,28,0.49329124353408815,0.4960978031158447
ordinal_basis,black-friday,mlp,3,cumulative_standardized,standard,29,0.4909513655948639,0.49600356817245483
ordinal_basis,black-friday,mlp,3,cumulative_standardized,standard,30,0.4904005705165863,0.4934786856174469
ordinal_basis,black-friday,mlp,3,cumulative_standardized,standard,31,0.48971843791007996,0.4975133538246155
ordinal_basis,black-friday,mlp,3,cumulative_standardized,standard,32,0.48928471822738645,0.49393951892852783
ordinal_basis,black-friday,mlp,3,cumulative_standardized,standard,33,0.48742894212722776,0.49137812852859497
ordinal_basis,black-friday,mlp,3,cumulative_standardized,standard,34,0.4861201834011078,0.49151527881622314
ordinal_basis,black-friday,mlp,3,cumulative_standardized,standard,35,0.4857126158428192,0.495876669883728
ordinal_basis,black-friday,mlp,3,cumulative_standardized,standard,36,0.4843196142196655,0.49427109956741333
ordinal_basis,black-friday,mlp,3,cumulative_standardized,standard,37,0.48335973749160766,0.492687851190567
ordinal_basis,black-friday,mlp,3,cumulative_standardized,standard,38,0.48320609161376954,0.49117231369018555
ordinal_basis,black-friday,mlp,3,cumulative_standardized,standard,39,0.48299268671035767,0.49683940410614014
ordinal_basis,black-friday,mlp,3,cumulative_standardized,standard,40,0.48058082244873046,0.4913919270038605
ordinal_basis,black-friday,mlp,4,cumulative_standardized,standard,1,0.7900017556381226,0.7721030712127686
ordinal_basis,black-friday,mlp,4,cumulative_standardized,standard,2,0.7777611345672607,0.7717915773391724
ordinal_basis,black-friday,mlp,4,cumulative_standardized,standard,3,0.772102118396759,0.7612025141716003
ordinal_basis,black-friday,mlp,4,cumulative_standardized,standard,4,0.751663814125061,0.7325782179832458
ordinal_basis,black-friday,mlp,4,cumulative_standardized,standard,5,0.7225640508079528,0.6894157528877258
ordinal_basis,black-friday,mlp,4,cumulative_standardized,standard,6,0.6825399502563476,0.6298316717147827
ordinal_basis,black-friday,mlp,4,cumulative_standardized,standard,7,0.6267818092536926,0.5820377469062805
ordinal_basis,black-friday,mlp,4,cumulative_standardized,standard,8,0.594843513507843,0.5676481127738953
ordinal_basis,black-friday,mlp,4,cumulative_standardized,standard,9,0.5790891513442993,0.5600925087928772
ordinal_basis,black-friday,mlp,4,cumulative_standardized,standard,10,0.566291906375885,0.5433410406112671
ordinal_basis,black-friday,mlp,4,cumulative_standardized,standard,11,0.5590187727355957,0.5381754040718079
ordinal_basis,black-friday,mlp,4,cumulative_standardized,standard,12,0.5504623967552185,0.5298290848731995
ordinal_basis,black-friday,mlp,4,cumulative_standardized,standard,13,0.544843620376587,0.5219582915306091
ordinal_basis,black-friday,mlp,4,cumulative_standardized,standard,14,0.5347639609527588,0.5155187249183655
ordinal_basis,black-friday,mlp,4,cumulative_standardized,standard,15,0.5266825672340393,0.5086175203323364
ordinal_basis,black-friday,mlp,4,cumulative_standardized,standard,16,0.5198784454631805,0.5016811490058899
ordinal_basis,black-friday,mlp,4,cumulative_standardized,standard,17,0.5155436436939239,0.5008590221405029
ordinal_basis,black-friday,mlp,4,cumulative_standardized,standard,18,0.5122785809135437,0.5002622008323669
ordinal_basis,black-friday,mlp,4,cumulative_standardized,standard,19,0.5083039593696594,0.49709272384643555
ordinal_basis,black-friday,mlp,4,cumulative_standardized,standard,20,0.5075035791778565,0.4989699721336365
ordinal_basis,black-friday,mlp,4,cumulative_standardized,standard,21,0.5051192941284179,0.500918984413147
ordinal_basis,black-friday,mlp,4,cumulative_standardized,standard,22,0.5021243482398987,0.49759480357170105
ordinal_basis,black-friday,mlp,4,cumulative_standardized,standard,23,0.5014721491527557,0.4991672933101654
ordinal_basis,black-friday,mlp,4,cumulative_standardized,standard,24,0.5002901299095154,0.49861156940460205
ordinal_basis,black-friday,mlp,4,cumulative_standardized,standard,25,0.4974438539123535,0.4952913224697113
ordinal_basis,black-friday,mlp,4,cumulative_standardized,standard,26,0.49681919392585755,0.4960234463214874
ordinal_basis,black-friday,mlp,4,cumulative_standardized,standard,27,0.49654738649368285,0.4955441653728485
ordinal_basis,black-friday,mlp,4,cumulative_standardized,standard,28,0.4950555473327637,0.4972270727157593
ordinal_basis,black-friday,mlp,4,cumulative_standardized,standard,29,0.4946545592021942,0.4960801899433136
ordinal_basis,black-friday,mlp,4,cumulative_standardized,standard,30,0.4927747471523285,0.4948836863040924
ordinal_basis,black-friday,mlp,4,cumulative_standardized,standard,31,0.49262368058204653,0.4933645725250244
ordinal_basis,black-friday,mlp,4,cumulative_standardized,standard,32,0.4913864518737793,0.49638742208480835
ordinal_basis,black-friday,mlp,4,cumulative_standardized,standard,33,0.4904778070735931,0.4964739978313446
ordinal_basis,black-friday,mlp,4,cumulative_standardized,standard,34,0.49071229894638063,0.4947027266025543
ordinal_basis,black-friday,mlp,4,cumulative_standardized,standard,35,0.48935832200050355,0.49371054768562317
ordinal_basis,black-friday,mlp,4,cumulative_standardized,standard,36,0.48943551403045654,0.49088773131370544
ordinal_basis,black-friday,mlp,4,cumulative_standardized,standard,37,0.487695433216095,0.4935673177242279
ordinal_basis,black-friday,mlp,4,cumulative_standardized,standard,38,0.488662715139389,0.49287644028663635
ordinal_basis,black-friday,mlp,4,cumulative_standardized,standard,39,0.48629013246536257,0.49275121092796326
ordinal_basis,black-friday,mlp,4,cumulative_standardized,standard,40,0.48568614473342897,0.49325668811798096
ordinal_basis,black-friday,mlp,0,path_spectral,standard,1,0.7909434606742859,0.7735529541969299
ordinal_basis,black-friday,mlp,0,path_spectral,standard,2,0.7775036479187012,0.7656809091567993
ordinal_basis,black-friday,mlp,0,path_spectral,standard,3,0.763545702419281,0.7412468194961548
ordinal_basis,black-friday,mlp,0,path_spectral,standard,4,0.726547640247345,0.6953404545783997
ordinal_basis,black-friday,mlp,0,path_spectral,standard,5,0.6775043626213074,0.6216320991516113
ordinal_basis,black-friday,mlp,0,path_spectral,standard,6,0.6138974467849732,0.5763807892799377
ordinal_basis,black-friday,mlp,0,path_spectral,standard,7,0.5851011026763916,0.554882824420929
ordinal_basis,black-friday,mlp,0,path_spectral,standard,8,0.5677404043197631,0.5446712374687195
ordinal_basis,black-friday,mlp,0,path_spectral,standard,9,0.5566434426879883,0.534455418586731
ordinal_basis,black-friday,mlp,0,path_spectral,standard,10,0.5450777921676636,0.5247072577476501
ordinal_basis,black-friday,mlp,0,path_spectral,standard,11,0.5346508386802673,0.5101705193519592
ordinal_basis,black-friday,mlp,0,path_spectral,standard,12,0.5270395176887512,0.507149338722229
ordinal_basis,black-friday,mlp,0,path_spectral,standard,13,0.5190239091777802,0.5029204487800598
ordinal_basis,black-friday,mlp,0,path_spectral,standard,14,0.5138236810970307,0.5021076202392578
ordinal_basis,black-friday,mlp,0,path_spectral,standard,15,0.5114240258598327,0.5019586086273193
ordinal_basis,black-friday,mlp,0,path_spectral,standard,16,0.5088296344566345,0.49932876229286194
ordinal_basis,black-friday,mlp,0,path_spectral,standard,17,0.5065826156520844,0.49940624833106995
ordinal_basis,black-friday,mlp,0,path_spectral,standard,18,0.5040993704032898,0.49668973684310913
ordinal_basis,black-friday,mlp,0,path_spectral,standard,19,0.5027174380493165,0.49792706966400146
ordinal_basis,black-friday,mlp,0,path_spectral,standard,20,0.502061365852356,0.4993133246898651
ordinal_basis,black-friday,mlp,0,path_spectral,standard,21,0.5001840421867371,0.49540090560913086
ordinal_basis,black-friday,mlp,0,path_spectral,standard,22,0.499818776512146,0.4954891800880432
ordinal_basis,black-friday,mlp,0,path_spectral,standard,23,0.49809632615089416,0.49643266201019287
ordinal_basis,black-friday,mlp,0,path_spectral,standard,24,0.49710714532852174,0.49949711561203003
ordinal_basis,black-friday,mlp,0,path_spectral,standard,25,0.49656397401809693,0.4961046576499939
ordinal_basis,black-friday,mlp,0,path_spectral,standard,26,0.4950492748832703,0.49492210149765015
ordinal_basis,black-friday,mlp,0,path_spectral,standard,27,0.4950202220153809,0.4924514591693878
ordinal_basis,black-friday,mlp,0,path_spectral,standard,28,0.4941022585105896,0.4953572154045105
ordinal_basis,black-friday,mlp,0,path_spectral,standard,29,0.49343722877502444,0.4950779378414154
ordinal_basis,black-friday,mlp,0,path_spectral,standard,30,0.49259280096054076,0.4935838282108307
ordinal_basis,black-friday,mlp,0,path_spectral,standard,31,0.49240408544540404,0.49351203441619873
ordinal_basis,black-friday,mlp,0,path_spectral,standard,32,0.49141111365318296,0.4919129014015198
ordinal_basis,black-friday,mlp,0,path_spectral,standard,33,0.49131493752479555,0.4929758310317993
ordinal_basis,black-friday,mlp,0,path_spectral,standard,34,0.4905756307220459,0.49458664655685425
ordinal_basis,black-friday,mlp,0,path_spectral,standard,35,0.4904578635597229,0.4923989772796631
ordinal_basis,black-friday,mlp,0,path_spectral,standard,36,0.4893697656440735,0.4915072023868561
ordinal_basis,black-friday,mlp,0,path_spectral,standard,37,0.48942694555282595,0.4914945065975189
ordinal_basis,black-friday,mlp,0,path_spectral,standard,38,0.4885253582572937,0.4929070770740509
ordinal_basis,black-friday,mlp,0,path_spectral,standard,39,0.4877365731906891,0.4939870238304138
ordinal_basis,black-friday,mlp,0,path_spectral,standard,40,0.48681839454650877,0.49205562472343445
ordinal_basis,black-friday,mlp,1,path_spectral,standard,1,0.7886123819541931,0.7712901830673218
ordinal_basis,black-friday,mlp,1,path_spectral,standard,2,0.77717861328125,0.7639774084091187
ordinal_basis,black-friday,mlp,1,path_spectral,standard,3,0.7646487054252624,0.7407375574111938
ordinal_basis,black-friday,mlp,1,path_spectral,standard,4,0.7303237786674499,0.7048975825309753
ordinal_basis,black-friday,mlp,1,path_spectral,standard,5,0.6782116727256775,0.6147254109382629
ordinal_basis,black-friday,mlp,1,path_spectral,standard,6,0.6124192082023621,0.5734255313873291
ordinal_basis,black-friday,mlp,1,path_spectral,standard,7,0.5856164102363587,0.5691273212432861
ordinal_basis,black-friday,mlp,1,path_spectral,standard,8,0.5730792169189454,0.5524139404296875
ordinal_basis,black-friday,mlp,1,path_spectral,standard,9,0.559518348903656,0.540467381477356
ordinal_basis,black-friday,mlp,1,path_spectral,standard,10,0.5488126741600037,0.5289130806922913
ordinal_basis,black-friday,mlp,1,path_spectral,standard,11,0.5385601322555542,0.5214428305625916
ordinal_basis,black-friday,mlp,1,path_spectral,standard,12,0.5279032449054718,0.5087263584136963
ordinal_basis,black-friday,mlp,1,path_spectral,standard,13,0.520425209684372,0.5057218074798584
ordinal_basis,black-friday,mlp,1,path_spectral,standard,14,0.5160401268577576,0.5031664967536926
ordinal_basis,black-friday,mlp,1,path_spectral,standard,15,0.5124335643005371,0.5040735006332397
ordinal_basis,black-friday,mlp,1,path_spectral,standard,16,0.5097165067100525,0.49868953227996826
ordinal_basis,black-friday,mlp,1,path_spectral,standard,17,0.5074162413406372,0.49888479709625244
ordinal_basis,black-friday,mlp,1,path_spectral,standard,18,0.5045586351013184,0.4996039867401123
ordinal_basis,black-friday,mlp,1,path_spectral,standard,19,0.503925169839859,0.49612388014793396
ordinal_basis,black-friday,mlp,1,path_spectral,standard,20,0.502528050107956,0.5001423358917236
ordinal_basis,black-friday,mlp,1,path_spectral,standard,21,0.5013420114135743,0.497089147567749
ordinal_basis,black-friday,mlp,1,path_spectral,standard,22,0.4995267720031738,0.4973328113555908
ordinal_basis,black-friday,mlp,1,path_spectral,standard,23,0.4999136495780945,0.495176762342453
ordinal_basis,black-friday,mlp,1,path_spectral,standard,24,0.4981400298118591,0.4964229166507721
ordinal_basis,black-friday,mlp,1,path_spectral,standard,25,0.4955931816005707,0.50421541929245
ordinal_basis,black-friday,mlp,1,path_spectral,standard,26,0.49532478044509887,0.4939959645271301
ordinal_basis,black-friday,mlp,1,path_spectral,standard,27,0.4942755800247192,0.4960142970085144
ordinal_basis,black-friday,mlp,1,path_spectral,standard,28,0.49335946520805357,0.49290233850479126
ordinal_basis,black-friday,mlp,1,path_spectral,standard,29,0.49220894407272336,0.49421462416648865
ordinal_basis,black-friday,mlp,1,path_spectral,standard,30,0.49169854654312134,0.4928944408893585
ordinal_basis,black-friday,mlp,1,path_spectral,standard,31,0.49122518127441406,0.4940009117126465
ordinal_basis,black-friday,mlp,1,path_spectral,standard,32,0.4891048555278778,0.493403822183609
ordinal_basis,black-friday,mlp,1,path_spectral,standard,33,0.489774459066391,0.49406641721725464
ordinal_basis,black-friday,mlp,1,path_spectral,standard,34,0.48861012741088866,0.49309343099594116
ordinal_basis,black-friday,mlp,1,path_spectral,standard,35,0.48745823600769045,0.49289172887802124
ordinal_basis,black-friday,mlp,1,path_spectral,standard,36,0.486332417011261,0.49140042066574097
ordinal_basis,black-friday,mlp,1,path_spectral,standard,37,0.48656631600379946,0.4951328933238983
ordinal_basis,black-friday,mlp,1,path_spectral,standard,38,0.4859351447868347,0.49434301257133484
ordinal_basis,black-friday,mlp,1,path_spectral,standard,39,0.485194943151474,0.49236777424812317
ordinal_basis,black-friday,mlp,1,path_spectral,standard,40,0.4841929100894928,0.4935809373855591
ordinal_basis,black-friday,mlp,2,path_spectral,standard,1,0.7883816408348083,0.7748198509216309
ordinal_basis,black-friday,mlp,2,path_spectral,standard,2,0.7746617642211914,0.7606631517410278
ordinal_basis,black-friday,mlp,2,path_spectral,standard,3,0.75855968875885,0.7386493682861328
ordinal_basis,black-friday,mlp,2,path_spectral,standard,4,0.7302891397094726,0.7050851583480835
ordinal_basis,black-friday,mlp,2,path_spectral,standard,5,0.6600958862686157,0.5942269563674927
ordinal_basis,black-friday,mlp,2,path_spectral,standard,6,0.605300520992279,0.5717285871505737
ordinal_basis,black-friday,mlp,2,path_spectral,standard,7,0.5885430802726745,0.5644053220748901
ordinal_basis,black-friday,mlp,2,path_spectral,standard,8,0.575163866481781,0.5575116276741028
ordinal_basis,black-friday,mlp,2,path_spectral,standard,9,0.5664708463478089,0.5535750985145569
ordinal_basis,black-friday,mlp,2,path_spectral,standard,10,0.5599356824684143,0.5443137884140015
ordinal_basis,black-friday,mlp,2,path_spectral,standard,11,0.550465881023407,0.5344175100326538
ordinal_basis,black-friday,mlp,2,path_spectral,standard,12,0.5408848926925659,0.5234549045562744
ordinal_basis,black-friday,mlp,2,path_spectral,standard,13,0.5287210214138031,0.5115885734558105
ordinal_basis,black-friday,mlp,2,path_spectral,standard,14,0.520833743095398,0.5090939998626709
ordinal_basis,black-friday,mlp,2,path_spectral,standard,15,0.5146218071556091,0.5009395480155945
ordinal_basis,black-friday,mlp,2,path_spectral,standard,16,0.5103591839408874,0.5056372880935669
ordinal_basis,black-friday,mlp,2,path_spectral,standard,17,0.5073623205947876,0.5044687390327454
ordinal_basis,black-friday,mlp,2,path_spectral,standard,18,0.5071229496097565,0.49999094009399414
ordinal_basis,black-friday,mlp,2,path_spectral,standard,19,0.5044472407150269,0.4984602630138397
ordinal_basis,black-friday,mlp,2,path_spectral,standard,20,0.5029152582359314,0.49807193875312805
ordinal_basis,black-friday,mlp,2,path_spectral,standard,21,0.5015106285858154,0.49749499559402466
ordinal_basis,black-friday,mlp,2,path_spectral,standard,22,0.5004755383300781,0.49959367513656616
ordinal_basis,black-friday,mlp,2,path_spectral,standard,23,0.4993714659500122,0.49639371037483215
ordinal_basis,black-friday,mlp,2,path_spectral,standard,24,0.49892377964019774,0.5005820989608765
ordinal_basis,black-friday,mlp,2,path_spectral,standard,25,0.49747245620727537,0.4953414797782898
ordinal_basis,black-friday,mlp,2,path_spectral,standard,26,0.49740193782806397,0.4947943389415741
ordinal_basis,black-friday,mlp,2,path_spectral,standard,27,0.4956308896541595,0.4944022297859192
ordinal_basis,black-friday,mlp,2,path_spectral,standard,28,0.49452933530807497,0.4948676526546478
ordinal_basis,black-friday,mlp,2,path_spectral,standard,29,0.49413856310844423,0.4963933229446411
ordinal_basis,black-friday,mlp,2,path_spectral,standard,30,0.4938303394603729,0.4931873381137848
ordinal_basis,black-friday,mlp,2,path_spectral,standard,31,0.49140207908630373,0.49404820799827576
ordinal_basis,black-friday,mlp,2,path_spectral,standard,32,0.4916353137397766,0.4935998320579529
ordinal_basis,black-friday,mlp,2,path_spectral,standard,33,0.4907512167453766,0.49481770396232605
ordinal_basis,black-friday,mlp,2,path_spectral,standard,34,0.48994715394973753,0.4993384778499603
ordinal_basis,black-friday,mlp,2,path_spectral,standard,35,0.4899449481201172,0.4949009120464325
ordinal_basis,black-friday,mlp,2,path_spectral,standard,36,0.4888283012580872,0.49241843819618225
ordinal_basis,black-friday,mlp,2,path_spectral,standard,37,0.4881259799766541,0.49336960911750793
ordinal_basis,black-friday,mlp,2,path_spectral,standard,38,0.4862239684486389,0.4929429590702057
ordinal_basis,black-friday,mlp,2,path_spectral,standard,39,0.4869281553840637,0.4941871464252472
ordinal_basis,black-friday,mlp,2,path_spectral,standard,40,0.48575389605522157,0.4940539002418518
ordinal_basis,black-friday,mlp,3,path_spectral,standard,1,0.7901002655410767,0.7704260349273682
ordinal_basis,black-friday,mlp,3,path_spectral,standard,2,0.775341461467743,0.7593433856964111
ordinal_basis,black-friday,mlp,3,path_spectral,standard,3,0.7575267597579957,0.7354891300201416
ordinal_basis,black-friday,mlp,3,path_spectral,standard,4,0.7140131389045715,0.6534027457237244
ordinal_basis,black-friday,mlp,3,path_spectral,standard,5,0.6280075779724121,0.579913318157196
ordinal_basis,black-friday,mlp,3,path_spectral,standard,6,0.5900633126831055,0.5761204957962036
ordinal_basis,black-friday,mlp,3,path_spectral,standard,7,0.5755025539398193,0.5536068081855774
ordinal_basis,black-friday,mlp,3,path_spectral,standard,8,0.5637346504974365,0.5453038811683655
ordinal_basis,black-friday,mlp,3,path_spectral,standard,9,0.556417606420517,0.5451235175132751
ordinal_basis,black-friday,mlp,3,path_spectral,standard,10,0.546852918844223,0.5283505320549011
ordinal_basis,black-friday,mlp,3,path_spectral,standard,11,0.533042537689209,0.5128229856491089
ordinal_basis,black-friday,mlp,3,path_spectral,standard,12,0.524063329486847,0.5037582516670227
ordinal_basis,black-friday,mlp,3,path_spectral,standard,13,0.5175698268127441,0.503918468952179
ordinal_basis,black-friday,mlp,3,path_spectral,standard,14,0.5129157925605774,0.5021004676818848
ordinal_basis,black-friday,mlp,3,path_spectral,standard,15,0.5119836796569824,0.5003311038017273
ordinal_basis,black-friday,mlp,3,path_spectral,standard,16,0.508336347579956,0.5002728700637817
ordinal_basis,black-friday,mlp,3,path_spectral,standard,17,0.5057764838027954,0.5015379190444946
ordinal_basis,black-friday,mlp,3,path_spectral,standard,18,0.5041791922950745,0.49575746059417725
ordinal_basis,black-friday,mlp,3,path_spectral,standard,19,0.5027325366401673,0.49404624104499817
ordinal_basis,black-friday,mlp,3,path_spectral,standard,20,0.5011148254203797,0.49593737721443176
ordinal_basis,black-friday,mlp,3,path_spectral,standard,21,0.5000528454399109,0.494657039642334
ordinal_basis,black-friday,mlp,3,path_spectral,standard,22,0.4977546780204773,0.49586260318756104
ordinal_basis,black-friday,mlp,3,path_spectral,standard,23,0.4968877853965759,0.49238765239715576
ordinal_basis,black-friday,mlp,3,path_spectral,standard,24,0.49764844495773314,0.4938778877258301
ordinal_basis,black-friday,mlp,3,path_spectral,standard,25,0.49588732330322266,0.49781543016433716
ordinal_basis,black-friday,mlp,3,path_spectral,standard,26,0.49330893244743346,0.4956132471561432
ordinal_basis,black-friday,mlp,3,path_spectral,standard,27,0.4933870250511169,0.4924802780151367
ordinal_basis,black-friday,mlp,3,path_spectral,standard,28,0.49321958132743837,0.49467432498931885
ordinal_basis,black-friday,mlp,3,path_spectral,standard,29,0.4910149151039124,0.49290159344673157
ordinal_basis,black-friday,mlp,3,path_spectral,standard,30,0.4892935387325287,0.4924137592315674
ordinal_basis,black-friday,mlp,4,path_spectral,standard,1,0.7897488862419129,0.7717036604881287
ordinal_basis,black-friday,mlp,4,path_spectral,standard,2,0.7759321497917175,0.7668293714523315
ordinal_basis,black-friday,mlp,4,path_spectral,standard,3,0.7580777293205261,0.74017333984375
ordinal_basis,black-friday,mlp,4,path_spectral,standard,4,0.7246842145347595,0.6890915632247925
ordinal_basis,black-friday,mlp,4,path_spectral,standard,5,0.6772383971977234,0.6326392292976379
ordinal_basis,black-friday,mlp,4,path_spectral,standard,6,0.6287009365653992,0.5852178931236267
ordinal_basis,black-friday,mlp,4,path_spectral,standard,7,0.5952558676719666,0.5702102184295654
ordinal_basis,black-friday,mlp,4,path_spectral,standard,8,0.5786412676620484,0.5576009154319763
ordinal_basis,black-friday,mlp,4,path_spectral,standard,9,0.5673352738952637,0.546064555644989
ordinal_basis,black-friday,mlp,4,path_spectral,standard,10,0.5561334894752502,0.5341164469718933
ordinal_basis,black-friday,mlp,4,path_spectral,standard,11,0.5450630587005615,0.523992121219635
ordinal_basis,black-friday,mlp,4,path_spectral,standard,12,0.534685063610077,0.5149089694023132
ordinal_basis,black-friday,mlp,4,path_spectral,standard,13,0.528895647277832,0.5068397521972656
ordinal_basis,black-friday,mlp,4,path_spectral,standard,14,0.5219462079238891,0.5063891410827637
ordinal_basis,black-friday,mlp,4,path_spectral,standard,15,0.5180523542308807,0.5043712258338928
ordinal_basis,black-friday,mlp,4,path_spectral,standard,16,0.5131326008701325,0.5018666386604309
ordinal_basis,black-friday,mlp,4,path_spectral,standard,17,0.5119228323364258,0.5007995367050171
ordinal_basis,black-friday,mlp,4,path_spectral,standard,18,0.5075956466674805,0.49914121627807617
ordinal_basis,black-friday,mlp,4,path_spectral,standard,19,0.5074310023593902,0.4979969263076782
ordinal_basis,black-friday,mlp,4,path_spectral,standard,20,0.5040552724742889,0.5001435875892639
ordinal_basis,black-friday,mlp,4,path_spectral,standard,21,0.5025936285591126,0.5009597539901733
ordinal_basis,black-friday,mlp,4,path_spectral,standard,22,0.500510710735321,0.49651530385017395
ordinal_basis,black-friday,mlp,4,path_spectral,standard,23,0.49986164323806764,0.49638909101486206
ordinal_basis,black-friday,mlp,4,path_spectral,standard,24,0.497867697429657,0.4963487386703491
ordinal_basis,black-friday,mlp,4,path_spectral,standard,25,0.49670163653373717,0.49454164505004883
ordinal_basis,black-friday,mlp,4,path_spectral,standard,26,0.4958755426311493,0.49443721771240234
ordinal_basis,black-friday,mlp,4,path_spectral,standard,27,0.4961878762340546,0.4946284294128418
ordinal_basis,black-friday,mlp,4,path_spectral,standard,28,0.49347189903259275,0.49389320611953735
ordinal_basis,black-friday,mlp,4,path_spectral,standard,29,0.4934014757061005,0.49184131622314453
ordinal_basis,black-friday,mlp,4,path_spectral,standard,30,0.49332745774269104,0.49482154846191406
ordinal_basis,black-friday,mlp,4,path_spectral,standard,31,0.4924885052680969,0.49538618326187134
ordinal_basis,black-friday,mlp,4,path_spectral,standard,32,0.4913827674007416,0.49389421939849854
ordinal_basis,black-friday,mlp,4,path_spectral,standard,33,0.48965892677307127,0.49254110455513
ordinal_basis,black-friday,mlp,4,path_spectral,standard,34,0.4895958731174469,0.49049532413482666
ordinal_basis,black-friday,mlp,4,path_spectral,standard,35,0.4879108961009979,0.49024733901023865
ordinal_basis,black-friday,mlp,4,path_spectral,standard,36,0.48897528394699097,0.4907364547252655
ordinal_basis,black-friday,mlp,4,path_spectral,standard,37,0.4873737528133392,0.49264082312583923
ordinal_basis,black-friday,mlp,4,path_spectral,standard,38,0.48703327738761903,0.49100375175476074
ordinal_basis,black-friday,mlp,4,path_spectral,standard,39,0.486416796875,0.4911666810512543
ordinal_basis,black-friday,mlp,4,path_spectral,standard,40,0.485033329076767,0.49213069677352905
ordinal_basis,black-friday,mlp,0,whitened,standard,1,0.7919492739868164,0.7731265425682068
ordinal_basis,black-friday,mlp,0,whitened,standard,2,0.778434911289215,0.7713038921356201
ordinal_basis,black-friday,mlp,0,whitened,standard,3,0.7699006018447876,0.7549940347671509
ordinal_basis,black-friday,mlp,0,whitened,standard,4,0.7453619878196717,0.717336893081665
ordinal_basis,black-friday,mlp,0,whitened,standard,5,0.6995031938743591,0.6436485648155212
ordinal_basis,black-friday,mlp,0,whitened,standard,6,0.620859287185669,0.576559841632843
ordinal_basis,black-friday,mlp,0,whitened,standard,7,0.5901604233932495,0.5639480352401733
ordinal_basis,black-friday,mlp,0,whitened,standard,8,0.5791936291694642,0.5595837235450745
ordinal_basis,black-friday,mlp,0,whitened,standard,9,0.5693689838027954,0.5527768135070801
ordinal_basis,black-friday,mlp,0,whitened,standard,10,0.5591414760112763,0.5401301383972168
ordinal_basis,black-friday,mlp,0,whitened,standard,11,0.5491182710647583,0.542912483215332
ordinal_basis,black-friday,mlp,0,whitened,standard,12,0.5403536149406433,0.5207552909851074
ordinal_basis,black-friday,mlp,0,whitened,standard,13,0.5298411679649353,0.5097029805183411
ordinal_basis,black-friday,mlp,0,whitened,standard,14,0.5185885214138031,0.5049599409103394
ordinal_basis,black-friday,mlp,0,whitened,standard,15,0.5153596326255798,0.5018303990364075
ordinal_basis,black-friday,mlp,0,whitened,standard,16,0.5109422933006287,0.5015798807144165
ordinal_basis,black-friday,mlp,0,whitened,standard,17,0.5081661434364318,0.49965226650238037
ordinal_basis,black-friday,mlp,0,whitened,standard,18,0.5038186449432374,0.49742186069488525
ordinal_basis,black-friday,mlp,0,whitened,standard,19,0.5022713821220398,0.4984164834022522
ordinal_basis,black-friday,mlp,0,whitened,standard,20,0.5001450783920288,0.49772343039512634
ordinal_basis,black-friday,mlp,0,whitened,standard,21,0.49954355211257934,0.49605417251586914
ordinal_basis,black-friday,mlp,0,whitened,standard,22,0.49721275968551637,0.495287150144577
ordinal_basis,black-friday,mlp,0,whitened,standard,23,0.495420222492218,0.49530529975891113
ordinal_basis,black-friday,mlp,0,whitened,standard,24,0.4951654839515686,0.49731454253196716
ordinal_basis,black-friday,mlp,0,whitened,standard,25,0.4931041579055786,0.49665987491607666
ordinal_basis,black-friday,mlp,0,whitened,standard,26,0.4911558785820007,0.49340835213661194
ordinal_basis,black-friday,mlp,0,whitened,standard,27,0.49034628867149355,0.49184277653694153
ordinal_basis,black-friday,mlp,0,whitened,standard,28,0.4910490742301941,0.49779659509658813
ordinal_basis,black-friday,mlp,0,whitened,standard,29,0.48959643946647646,0.49659255146980286
ordinal_basis,black-friday,mlp,0,whitened,standard,30,0.4875103695678711,0.49290362000465393
ordinal_basis,black-friday,mlp,0,whitened,standard,31,0.48669679960250856,0.49339261651039124
ordinal_basis,black-friday,mlp,0,whitened,standard,32,0.4869978633022308,0.49191081523895264
ordinal_basis,black-friday,mlp,0,whitened,standard,33,0.48525401782035826,0.4916483163833618
ordinal_basis,black-friday,mlp,0,whitened,standard,34,0.48387942605018613,0.4935367703437805
ordinal_basis,black-friday,mlp,0,whitened,standard,35,0.4835741121006012,0.494190514087677
ordinal_basis,black-friday,mlp,0,whitened,standard,36,0.48207240122795103,0.4914882481098175
ordinal_basis,black-friday,mlp,0,whitened,standard,37,0.4815645066833496,0.4918377995491028
ordinal_basis,black-friday,mlp,0,whitened,standard,38,0.4808782461357117,0.49248063564300537
ordinal_basis,black-friday,mlp,0,whitened,standard,39,0.4809485523223877,0.4941149652004242
ordinal_basis,black-friday,mlp,0,whitened,standard,40,0.47910410487174987,0.4932357668876648
ordinal_basis,black-friday,mlp,1,whitened,standard,1,0.7898882626724243,0.7723761200904846
ordinal_basis,black-friday,mlp,1,whitened,standard,2,0.7787240872764587,0.7677873373031616
ordinal_basis,black-friday,mlp,1,whitened,standard,3,0.7718956237983704,0.7631703615188599
ordinal_basis,black-friday,mlp,1,whitened,standard,4,0.7512884697532654,0.7207690477371216
ordinal_basis,black-friday,mlp,1,whitened,standard,5,0.6919726347732544,0.6013928651809692
ordinal_basis,black-friday,mlp,1,whitened,standard,6,0.606019160232544,0.5670390129089355
ordinal_basis,black-friday,mlp,1,whitened,standard,7,0.5808484435081482,0.5608842968940735
ordinal_basis,black-friday,mlp,1,whitened,standard,8,0.569262801208496,0.5503762364387512
ordinal_basis,black-friday,mlp,1,whitened,standard,9,0.5578685472869873,0.5397675037384033
ordinal_basis,black-friday,mlp,1,whitened,standard,10,0.5480769969844818,0.5332129001617432
ordinal_basis,black-friday,mlp,1,whitened,standard,11,0.5407961979675293,0.5278974771499634
ordinal_basis,black-friday,mlp,1,whitened,standard,12,0.533644659128189,0.5156824588775635
ordinal_basis,black-friday,mlp,1,whitened,standard,13,0.5241117013740539,0.5090203881263733
ordinal_basis,black-friday,mlp,1,whitened,standard,14,0.5175678649711609,0.5076085329055786
ordinal_basis,black-friday,mlp,1,whitened,standard,15,0.5128251932144166,0.5037568211555481
ordinal_basis,black-friday,mlp,1,whitened,standard,16,0.5095710831451417,0.500707745552063
ordinal_basis,black-friday,mlp,1,whitened,standard,17,0.5077609816932678,0.5007796287536621
ordinal_basis,black-friday,mlp,1,whitened,standard,18,0.5037248225593567,0.49986812472343445
ordinal_basis,black-friday,mlp,1,whitened,standard,19,0.5038860274505615,0.4988184869289398
ordinal_basis,black-friday,mlp,1,whitened,standard,20,0.5018836294460297,0.49820637702941895
ordinal_basis,black-friday,mlp,1,whitened,standard,21,0.500014648361206,0.4982231557369232
ordinal_basis,black-friday,mlp,1,whitened,standard,22,0.49849819953918456,0.5000608563423157
ordinal_basis,black-friday,mlp,1,whitened,standard,23,0.4961813247489929,0.4967077076435089
ordinal_basis,black-friday,mlp,1,whitened,standard,24,0.49441888050079347,0.49497756361961365
ordinal_basis,black-friday,mlp,1,whitened,standard,25,0.4941804092597961,0.5039246678352356
ordinal_basis,black-friday,mlp,1,whitened,standard,26,0.4932317365837097,0.4966808557510376
ordinal_basis,black-friday,mlp,1,whitened,standard,27,0.4923115986442566,0.49456390738487244
ordinal_basis,black-friday,mlp,1,whitened,standard,28,0.489939771900177,0.4958697259426117
ordinal_basis,black-friday,mlp,1,whitened,standard,29,0.4890244137763977,0.49477243423461914
ordinal_basis,black-friday,mlp,1,whitened,standard,30,0.4875767440891266,0.4972279965877533
ordinal_basis,black-friday,mlp,1,whitened,standard,31,0.4869993008995056,0.49395817518234253
ordinal_basis,black-friday,mlp,1,whitened,standard,32,0.48531639786720276,0.49348485469818115
ordinal_basis,black-friday,mlp,1,whitened,standard,33,0.4853157010746002,0.493913471698761
ordinal_basis,black-friday,mlp,1,whitened,standard,34,0.4822516444969177,0.49493226408958435
ordinal_basis,black-friday,mlp,1,whitened,standard,35,0.48135597517967227,0.4938894808292389
ordinal_basis,black-friday,mlp,1,whitened,standard,36,0.48055921877861024,0.491769403219223
ordinal_basis,black-friday,mlp,1,whitened,standard,37,0.4805671287727356,0.49562233686447144
ordinal_basis,black-friday,mlp,1,whitened,standard,38,0.4802686773681641,0.4949091076850891
ordinal_basis,black-friday,mlp,1,whitened,standard,39,0.479009135351181,0.49321848154067993
ordinal_basis,black-friday,mlp,1,whitened,standard,40,0.47835561141967775,0.4930625259876251
ordinal_basis,black-friday,mlp,2,whitened,standard,1,0.7896810558700561,0.7765821218490601
ordinal_basis,black-friday,mlp,2,whitened,standard,2,0.7775877849388123,0.7676196098327637
ordinal_basis,black-friday,mlp,2,whitened,standard,3,0.7715040232276916,0.7615959644317627
ordinal_basis,black-friday,mlp,2,whitened,standard,4,0.7559891339302063,0.7435203790664673
ordinal_basis,black-friday,mlp,2,whitened,standard,5,0.721535980091095,0.6718314290046692
ordinal_basis,black-friday,mlp,2,whitened,standard,6,0.6308203207206726,0.5793866515159607
ordinal_basis,black-friday,mlp,2,whitened,standard,7,0.5921155733299255,0.5670272707939148
ordinal_basis,black-friday,mlp,2,whitened,standard,8,0.5791274905204773,0.5606355667114258
ordinal_basis,black-friday,mlp,2,whitened,standard,9,0.5703896559143067,0.5599255561828613
ordinal_basis,black-friday,mlp,2,whitened,standard,10,0.5620637947463989,0.5471280217170715
ordinal_basis,black-friday,mlp,2,whitened,standard,11,0.5523890938186645,0.5355414748191833
ordinal_basis,black-friday,mlp,2,whitened,standard,12,0.5428266138076783,0.5266949534416199
ordinal_basis,black-friday,mlp,2,whitened,standard,13,0.5309939425563812,0.5129285454750061
ordinal_basis,black-friday,mlp,2,whitened,standard,14,0.5220554129695892,0.511043906211853
ordinal_basis,black-friday,mlp,2,whitened,standard,15,0.5165687473106384,0.5024793744087219
ordinal_basis,black-friday,mlp,2,whitened,standard,16,0.5108927232933045,0.504866898059845
ordinal_basis,black-friday,mlp,2,whitened,standard,17,0.5065187384033203,0.5002886056900024
ordinal_basis,black-friday,mlp,2,whitened,standard,18,0.5058229801082611,0.49753859639167786
ordinal_basis,black-friday,mlp,2,whitened,standard,19,0.5026426557350159,0.4974331259727478
ordinal_basis,black-friday,mlp,2,whitened,standard,20,0.4995893685722351,0.4983276128768921
ordinal_basis,black-friday,mlp,2,whitened,standard,21,0.49924821578979495,0.49484798312187195
ordinal_basis,black-friday,mlp,2,whitened,standard,22,0.49777997835159304,0.4957873523235321
ordinal_basis,black-friday,mlp,2,whitened,standard,23,0.49591512887954714,0.4933868646621704
ordinal_basis,black-friday,mlp,2,whitened,standard,24,0.49496761487960816,0.5005522966384888
ordinal_basis,black-friday,mlp,2,whitened,standard,25,0.49315063917160035,0.4969669282436371
ordinal_basis,black-friday,mlp,2,whitened,standard,26,0.49202275828361514,0.49502938985824585
ordinal_basis,black-friday,mlp,2,whitened,standard,27,0.49056254697799684,0.4940350651741028
ordinal_basis,black-friday,mlp,2,whitened,standard,28,0.4893122491645813,0.49393051862716675
ordinal_basis,black-friday,mlp,2,whitened,standard,29,0.48700294525146487,0.4948115646839142
ordinal_basis,black-friday,mlp,2,whitened,standard,30,0.4866961974334717,0.49160856008529663
ordinal_basis,black-friday,mlp,2,whitened,standard,31,0.4854438363552093,0.4934849143028259
ordinal_basis,black-friday,mlp,2,whitened,standard,32,0.48454774042129517,0.4929879307746887
ordinal_basis,black-friday,mlp,2,whitened,standard,33,0.48410977829933166,0.4927375316619873
ordinal_basis,black-friday,mlp,2,whitened,standard,34,0.48371533288955687,0.49345970153808594
ordinal_basis,black-friday,mlp,2,whitened,standard,35,0.48247035512924197,0.49194639921188354
ordinal_basis,black-friday,mlp,2,whitened,standard,36,0.48103818515777585,0.4916880130767822
ordinal_basis,black-friday,mlp,2,whitened,standard,37,0.4796908361816406,0.493140310049057
ordinal_basis,black-friday,mlp,3,whitened,standard,1,0.7908342373657227,0.7721655368804932
ordinal_basis,black-friday,mlp,3,whitened,standard,2,0.7782803194618225,0.766080915927887
ordinal_basis,black-friday,mlp,3,whitened,standard,3,0.7698786332511902,0.7584124803543091
ordinal_basis,black-friday,mlp,3,whitened,standard,4,0.7493238795661926,0.7243680953979492
ordinal_basis,black-friday,mlp,3,whitened,standard,5,0.6870239168071747,0.6153755784034729
ordinal_basis,black-friday,mlp,3,whitened,standard,6,0.6188575127029419,0.5961908102035522
ordinal_basis,black-friday,mlp,3,whitened,standard,7,0.5960366454315186,0.5664258599281311
ordinal_basis,black-friday,mlp,3,whitened,standard,8,0.5809201177024841,0.5570849776268005
ordinal_basis,black-friday,mlp,3,whitened,standard,9,0.5694430914592743,0.5504398941993713
ordinal_basis,black-friday,mlp,3,whitened,standard,10,0.5618080005168915,0.5451918244361877
ordinal_basis,black-friday,mlp,3,whitened,standard,11,0.5524078094291687,0.5342926979064941
ordinal_basis,black-friday,mlp,3,whitened,standard,12,0.5446072705459595,0.5273294448852539
ordinal_basis,black-friday,mlp,3,whitened,standard,13,0.5377807007026673,0.5203702449798584
ordinal_basis,black-friday,mlp,3,whitened,standard,14,0.5289920097732544,0.5208998322486877
ordinal_basis,black-friday,mlp,3,whitened,standard,15,0.5235349450302124,0.5090230703353882
ordinal_basis,black-friday,mlp,3,whitened,standard,16,0.5179534710311889,0.5071799755096436
ordinal_basis,black-friday,mlp,3,whitened,standard,17,0.5132026597976684,0.5071185827255249
ordinal_basis,black-friday,mlp,3,whitened,standard,18,0.5103006765174866,0.4996585547924042
ordinal_basis,black-friday,mlp,3,whitened,standard,19,0.5080302621459961,0.4981137812137604
ordinal_basis,black-friday,mlp,3,whitened,standard,20,0.5044097234153747,0.4991714358329773
ordinal_basis,black-friday,mlp,3,whitened,standard,21,0.503092560596466,0.4967917501926422
ordinal_basis,black-friday,mlp,3,whitened,standard,22,0.4991387948989868,0.500562310218811
ordinal_basis,black-friday,mlp,3,whitened,standard,23,0.4979454141044617,0.4945889413356781
ordinal_basis,black-friday,mlp,3,whitened,standard,24,0.4979766125869751,0.49415749311447144
ordinal_basis,black-friday,mlp,3,whitened,standard,25,0.4962563208961487,0.4994955360889435
ordinal_basis,black-friday,mlp,3,whitened,standard,26,0.49268491097450257,0.5003325343132019
ordinal_basis,black-friday,mlp,3,whitened,standard,27,0.49288859966278076,0.494059681892395
ordinal_basis,black-friday,mlp,3,whitened,standard,28,0.4924699306297302,0.4931987226009369
ordinal_basis,black-friday,mlp,3,whitened,standard,29,0.48927174990653993,0.4965381622314453
ordinal_basis,black-friday,mlp,3,whitened,standard,30,0.48721984637260435,0.4933326840400696
ordinal_basis,black-friday,mlp,3,whitened,standard,31,0.48819643991470335,0.49619826674461365
ordinal_basis,black-friday,mlp,3,whitened,standard,32,0.48778483341217044,0.49303868412971497
ordinal_basis,black-friday,mlp,3,whitened,standard,33,0.4845004383850098,0.4912478029727936
ordinal_basis,black-friday,mlp,3,whitened,standard,34,0.48512861422538756,0.49127545952796936
ordinal_basis,black-friday,mlp,3,whitened,standard,35,0.48440577346801755,0.49378207325935364
ordinal_basis,black-friday,mlp,3,whitened,standard,36,0.4831994468307495,0.4928944408893585
ordinal_basis,black-friday,mlp,3,whitened,standard,37,0.48207895280838015,0.49239107966423035
ordinal_basis,black-friday,mlp,3,whitened,standard,38,0.48087949171066285,0.49127501249313354
ordinal_basis,black-friday,mlp,3,whitened,standard,39,0.4804200798416138,0.49306201934814453
ordinal_basis,black-friday,mlp,3,whitened,standard,40,0.4789910150051117,0.4932464063167572
ordinal_basis,black-friday,mlp,4,whitened,standard,1,0.7907642291641236,0.7727184295654297
ordinal_basis,black-friday,mlp,4,whitened,standard,2,0.7779640388870239,0.7730264067649841
ordinal_basis,black-friday,mlp,4,whitened,standard,3,0.773263832988739,0.7657188177108765
ordinal_basis,black-friday,mlp,4,whitened,standard,4,0.7577790755271911,0.7398305535316467
ordinal_basis,black-friday,mlp,4,whitened,standard,5,0.727543307800293,0.6952199339866638
ordinal_basis,black-friday,mlp,4,whitened,standard,6,0.6852739787864685,0.6255753040313721
ordinal_basis,black-friday,mlp,4,whitened,standard,7,0.6205345070457459,0.579162061214447
ordinal_basis,black-friday,mlp,4,whitened,standard,8,0.5931383782196045,0.5679269433021545
ordinal_basis,black-friday,mlp,4,whitened,standard,9,0.581406022567749,0.558155357837677
ordinal_basis,black-friday,mlp,4,whitened,standard,10,0.5695210143470765,0.5451022982597351
ordinal_basis,black-friday,mlp,4,whitened,standard,11,0.5614381918716431,0.5421921610832214
ordinal_basis,black-friday,mlp,4,whitened,standard,12,0.5527274291801453,0.5327991843223572
ordinal_basis,black-friday,mlp,4,whitened,standard,13,0.5463102817058563,0.5260754823684692
ordinal_basis,black-friday,mlp,4,whitened,standard,14,0.5381259525871277,0.5200479626655579
ordinal_basis,black-friday,mlp,4,whitened,standard,15,0.5316071629238128,0.5124658346176147
ordinal_basis,black-friday,mlp,4,whitened,standard,16,0.5254631646537781,0.5073173642158508
ordinal_basis,black-friday,mlp,4,whitened,standard,17,0.5205240208530426,0.5122008323669434
ordinal_basis,black-friday,mlp,4,whitened,standard,18,0.5167533259963989,0.5063211917877197
ordinal_basis,black-friday,mlp,4,whitened,standard,19,0.5124592531585693,0.499864399433136
ordinal_basis,black-friday,mlp,4,whitened,standard,20,0.5103272532558442,0.5042998194694519
ordinal_basis,black-friday,mlp,4,whitened,standard,21,0.5074881363296508,0.5001040697097778
ordinal_basis,black-friday,mlp,4,whitened,standard,22,0.5050147435569763,0.5008752942085266
ordinal_basis,black-friday,mlp,4,whitened,standard,23,0.5040739856529236,0.4992610514163971
ordinal_basis,black-friday,mlp,4,whitened,standard,24,0.5012602493858337,0.4998018443584442
ordinal_basis,black-friday,mlp,4,whitened,standard,25,0.49974028802871706,0.49777719378471375
ordinal_basis,black-friday,mlp,4,whitened,standard,26,0.4979951618385315,0.49641183018684387
ordinal_basis,black-friday,mlp,4,whitened,standard,27,0.4986740298652649,0.49605852365493774
ordinal_basis,black-friday,mlp,4,whitened,standard,28,0.49660055000305175,0.4988667070865631
ordinal_basis,black-friday,mlp,4,whitened,standard,29,0.49559060317993164,0.4959212839603424
ordinal_basis,black-friday,mlp,4,whitened,standard,30,0.49371214431762694,0.4968337118625641
ordinal_basis,black-friday,mlp,4,whitened,standard,31,0.49349326113700864,0.49682390689849854
ordinal_basis,black-friday,mlp,4,whitened,standard,32,0.4910301763439178,0.4979531168937683
ordinal_basis,black-friday,mlp,4,whitened,standard,33,0.49104117087364196,0.49446332454681396
ordinal_basis,black-friday,mlp,4,whitened,standard,34,0.4912653774833679,0.49487733840942383
ordinal_basis,black-friday,mlp,4,whitened,standard,35,0.4898394468975067,0.4928683638572693
ordinal_basis,black-friday,mlp,4,whitened,standard,36,0.4891901759338379,0.4932902455329895
ordinal_basis,black-friday,mlp,4,whitened,standard,37,0.4880079608821869,0.49467769265174866
ordinal_basis,black-friday,mlp,4,whitened,standard,38,0.4876273783016205,0.4936942458152771
ordinal_basis,black-friday,mlp,4,whitened,standard,39,0.4871024280166626,0.49274617433547974
ordinal_basis,black-friday,mlp,4,whitened,standard,40,0.4849883407020569,0.49360302090644836
ordinal_basis,diamond,mlp,1,local,standard,1,0.17637891246100912,0.05696531757712364
ordinal_basis,diamond,mlp,1,local,standard,2,0.054251593780191766,0.043468739837408066
ordinal_basis,diamond,mlp,1,local,standard,3,0.046859433605189134,0.0433083176612854
ordinal_basis,diamond,mlp,1,local,standard,4,0.04556023391212253,0.03986511006951332
ordinal_basis,diamond,mlp,1,local,standard,5,0.04274915014457162,0.03855139762163162
ordinal_basis,diamond,mlp,1,local,standard,6,0.042086039598291894,0.0399082787334919
ordinal_basis,diamond,mlp,1,local,standard,7,0.04112486014037039,0.03856399655342102
ordinal_basis,diamond,mlp,1,local,standard,8,0.04040456537777477,0.036670662462711334
ordinal_basis,diamond,mlp,1,local,standard,9,0.03840798677619271,0.03509414941072464
ordinal_basis,diamond,mlp,1,local,standard,10,0.038834715133799914,0.03463583439588547
ordinal_basis,diamond,mlp,1,local,standard,11,0.03729790064818454,0.03805025666952133
ordinal_basis,diamond,mlp,1,local,standard,12,0.03805559070271035,0.03449442237615585
ordinal_basis,diamond,mlp,1,local,standard,13,0.03722550283400589,0.03398061916232109
ordinal_basis,diamond,mlp,1,local,standard,14,0.03621783512465468,0.03232618048787117
ordinal_basis,diamond,mlp,1,local,standard,15,0.0355821028196388,0.0364358089864254
ordinal_basis,diamond,mlp,1,local,standard,16,0.03329996534485265,0.031042026355862617
ordinal_basis,diamond,mlp,1,local,standard,17,0.03163883197485126,0.02868095226585865
ordinal_basis,diamond,mlp,1,local,standard,18,0.030469090643616116,0.027255535125732422
ordinal_basis,diamond,mlp,1,local,standard,19,0.02980163010517504,0.02652612142264843
ordinal_basis,diamond,mlp,1,local,standard,20,0.029605233677870938,0.026655061170458794
ordinal_basis,diamond,mlp,1,local,standard,21,0.02982429556311401,0.032548096030950546
ordinal_basis,diamond,mlp,1,local,standard,22,0.02885720665445463,0.025207819417119026
ordinal_basis,diamond,mlp,1,local,standard,23,0.028467863572493843,0.025181930512189865
ordinal_basis,diamond,mlp,1,local,standard,24,0.02812907165961271,0.02442711591720581
ordinal_basis,diamond,mlp,1,local,standard,25,0.027683937154745472,0.02424955554306507
ordinal_basis,diamond,mlp,1,local,standard,26,0.02723919150307384,0.02530546858906746
ordinal_basis,diamond,mlp,1,local,standard,27,0.02689246068291539,0.024078641086816788
ordinal_basis,diamond,mlp,1,local,standard,28,0.027365853946478686,0.023789364844560623
ordinal_basis,diamond,mlp,1,local,standard,29,0.025803783051597296,0.02417430654168129
ordinal_basis,diamond,mlp,1,local,standard,30,0.02721612751229241,0.024255502969026566
ordinal_basis,diamond,mlp,1,local,standard,31,0.026591066835023883,0.023821687325835228
ordinal_basis,diamond,mlp,1,local,standard,32,0.02659501842356948,0.024571213871240616
ordinal_basis,diamond,mlp,1,local,standard,33,0.02621822444816643,0.023396586999297142
ordinal_basis,diamond,mlp,1,local,standard,34,0.02599661581705797,0.02576304040849209
ordinal_basis,diamond,mlp,1,local,standard,35,0.025921292520138146,0.023427214473485947
ordinal_basis,diamond,mlp,1,local,standard,36,0.025263652328246084,0.02716771699488163
ordinal_basis,diamond,mlp,1,local,standard,37,0.025612126512150855,0.02473222278058529
ordinal_basis,diamond,mlp,1,local,standard,38,0.0251501694124474,0.022854836657643318
ordinal_basis,diamond,mlp,1,local,standard,39,0.02581617905833888,0.023997243493795395
ordinal_basis,diamond,mlp,1,local,standard,40,0.02578215954066055,0.0228078905493021
ordinal_basis,diamond,mlp,2,local,standard,1,0.17318384936547998,0.05442475527524948
ordinal_basis,diamond,mlp,2,local,standard,2,0.052258429583769084,0.0436556302011013
ordinal_basis,diamond,mlp,2,local,standard,3,0.04555257092458286,0.041584696620702744
ordinal_basis,diamond,mlp,2,local,standard,4,0.04419180143065875,0.03969842195510864
ordinal_basis,diamond,mlp,2,local,standard,5,0.042115571711845094,0.04504339396953583
ordinal_basis,diamond,mlp,2,local,standard,6,0.04271788789860302,0.03962942212820053
ordinal_basis,diamond,mlp,2,local,standard,7,0.0395350207826833,0.03569455444812775
ordinal_basis,diamond,mlp,2,local,standard,8,0.03867438593971878,0.035487398505210876
ordinal_basis,diamond,mlp,2,local,standard,9,0.03672508619699157,0.03487619757652283
ordinal_basis,diamond,mlp,2,local,standard,10,0.035802936132001556,0.031871821731328964
ordinal_basis,diamond,mlp,2,local,standard,11,0.033932049063093356,0.030794920399785042
ordinal_basis,diamond,mlp,2,local,standard,12,0.03320954316227023,0.02939903549849987
ordinal_basis,diamond,mlp,2,local,standard,13,0.03170363214061733,0.028894608840346336
ordinal_basis,diamond,mlp,2,local,standard,14,0.03241199265543588,0.028704676777124405
ordinal_basis,diamond,mlp,2,local,standard,15,0.031171628081370525,0.028331296518445015
ordinal_basis,diamond,mlp,2,local,standard,16,0.03102506175274655,0.026302693411707878
ordinal_basis,diamond,mlp,2,local,standard,17,0.029813546045925295,0.025967486202716827
ordinal_basis,diamond,mlp,2,local,standard,18,0.02992586928242062,0.026419546455144882
ordinal_basis,diamond,mlp,2,local,standard,19,0.029129363552410553,0.026293743401765823
ordinal_basis,diamond,mlp,2,local,standard,20,0.02922422314710575,0.02497180551290512
ordinal_basis,diamond,mlp,2,local,standard,21,0.02785976064214968,0.025775032117962837
ordinal_basis,diamond,mlp,2,local,standard,22,0.02743490301361806,0.024731336161494255
ordinal_basis,diamond,mlp,2,local,standard,23,0.027390935950194668,0.024374622851610184
ordinal_basis,diamond,mlp,2,local,standard,24,0.02747999493444169,0.02448856644332409
ordinal_basis,diamond,mlp,2,local,standard,25,0.02701876365954746,0.026027869433164597
ordinal_basis,diamond,mlp,2,local,standard,26,0.026815882688938857,0.02532261051237583
ordinal_basis,diamond,mlp,2,local,standard,27,0.026654767143280796,0.024079736322164536
ordinal_basis,diamond,mlp,2,local,standard,28,0.02872064316064203,0.02678871899843216
ordinal_basis,diamond,mlp,2,local,standard,29,0.02666412508648536,0.024416198953986168
ordinal_basis,diamond,mlp,2,local,standard,30,0.026385326064776247,0.025023778900504112
ordinal_basis,diamond,mlp,2,local,standard,31,0.026414009452285718,0.025816716253757477
ordinal_basis,diamond,mlp,2,local,standard,32,0.025668305274870587,0.024054646492004395
ordinal_basis,diamond,mlp,2,local,standard,33,0.025965331418610304,0.023178506642580032
ordinal_basis,diamond,mlp,2,local,standard,34,0.02535952639437629,0.02258463390171528
ordinal_basis,diamond,mlp,2,local,standard,35,0.025206812123000036,0.023827165365219116
ordinal_basis,diamond,mlp,2,local,standard,36,0.02569050887558958,0.023115670308470726
ordinal_basis,diamond,mlp,2,local,standard,37,0.025274028911,0.02265230193734169
ordinal_basis,diamond,mlp,2,local,standard,38,0.026209030721080523,0.022754032164812088
ordinal_basis,diamond,mlp,2,local,standard,39,0.025797839654163716,0.023138323798775673
ordinal_basis,diamond,mlp,2,local,standard,40,0.02513909169082727,0.024292778223752975
ordinal_basis,diamond,mlp,3,local,standard,1,0.17286096691480085,0.05350140482187271
ordinal_basis,diamond,mlp,3,local,standard,2,0.05340892962895789,0.04240678623318672
ordinal_basis,diamond,mlp,3,local,standard,3,0.04615756778895176,0.044605888426303864
ordinal_basis,diamond,mlp,3,local,standard,4,0.045624700620270166,0.03884349390864372
ordinal_basis,diamond,mlp,3,local,standard,5,0.0425142624190538,0.038172997534275055
ordinal_basis,diamond,mlp,3,local,standard,6,0.04046943880634237,0.037910476326942444
ordinal_basis,diamond,mlp,3,local,standard,7,0.04029973054057111,0.036981552839279175
ordinal_basis,diamond,mlp,3,local,standard,8,0.03944807949037733,0.035566605627536774
ordinal_basis,diamond,mlp,3,local,standard,9,0.03844422697507266,0.03459005430340767
ordinal_basis,diamond,mlp,3,local,standard,10,0.038451567852933244,0.03515669330954552
ordinal_basis,diamond,mlp,3,local,standard,11,0.03770631890580913,0.032658956944942474
ordinal_basis,diamond,mlp,3,local,standard,12,0.0349790843845265,0.033609189093112946
ordinal_basis,diamond,mlp,3,local,standard,13,0.03381127175416887,0.030359109863638878
ordinal_basis,diamond,mlp,3,local,standard,14,0.032566470211947876,0.028977014124393463
ordinal_basis,diamond,mlp,3,local,standard,15,0.031206395576984628,0.02845669910311699
ordinal_basis,diamond,mlp,3,local,standard,16,0.03128197208529935,0.027255503460764885
ordinal_basis,diamond,mlp,3,local,standard,17,0.03025059314978133,0.02636694349348545
ordinal_basis,diamond,mlp,3,local,standard,18,0.029610667350516078,0.0267771165817976
ordinal_basis,diamond,mlp,3,local,standard,19,0.029141519572640318,0.026697276160120964
ordinal_basis,diamond,mlp,3,local,standard,20,0.029009617311002493,0.025924518704414368
ordinal_basis,diamond,mlp,3,local,standard,21,0.028537078811148895,0.025690957903862
ordinal_basis,diamond,mlp,3,local,standard,22,0.028212398973404402,0.027196351438760757
ordinal_basis,diamond,mlp,3,local,standard,23,0.028306743051796434,0.025439292192459106
ordinal_basis,diamond,mlp,3,local,standard,24,0.0275943638086565,0.024648433551192284
ordinal_basis,diamond,mlp,3,local,standard,25,0.027443635087926573,0.02519155852496624
ordinal_basis,diamond,mlp,3,local,standard,26,0.026932039591885344,0.02487861178815365
ordinal_basis,diamond,mlp,3,local,standard,27,0.02683552220610084,0.027084888890385628
ordinal_basis,diamond,mlp,3,local,standard,28,0.026863856038175194,0.02419092506170273
ordinal_basis,diamond,mlp,3,local,standard,29,0.026665096579087243,0.026357708498835564
ordinal_basis,diamond,mlp,3,local,standard,30,0.026218188412206717,0.023476645350456238
ordinal_basis,diamond,mlp,3,local,standard,31,0.02600109991697222,0.0240634698420763
ordinal_basis,diamond,mlp,3,local,standard,32,0.026191416459160167,0.023899072781205177
ordinal_basis,diamond,mlp,3,local,standard,33,0.026090131838449077,0.024586115032434464
ordinal_basis,diamond,mlp,3,local,standard,34,0.025534911271770547,0.024425458163022995
ordinal_basis,diamond,mlp,3,local,standard,35,0.025413595685700112,0.024428168311715126
ordinal_basis,diamond,mlp,3,local,standard,36,0.025996175421507235,0.022328658029437065
ordinal_basis,diamond,mlp,3,local,standard,37,0.025540222997084708,0.02549176849424839
ordinal_basis,diamond,mlp,3,local,standard,38,0.025386068273058032,0.023560578003525734
ordinal_basis,diamond,mlp,3,local,standard,39,0.02520273250213732,0.02220110595226288
ordinal_basis,diamond,mlp,3,local,standard,40,0.0266215079523236,0.0242195762693882
ordinal_basis,diamond,mlp,4,local,standard,1,0.18881339134201625,0.05637219175696373
ordinal_basis,diamond,mlp,4,local,standard,2,0.05263802470186488,0.04324137419462204
ordinal_basis,diamond,mlp,4,local,standard,3,0.04735381103760052,0.04122181236743927
ordinal_basis,diamond,mlp,4,local,standard,4,0.04518715385582317,0.041046276688575745
ordinal_basis,diamond,mlp,4,local,standard,5,0.04284983654788024,0.04060320556163788
ordinal_basis,diamond,mlp,4,local,standard,6,0.042138727639145765,0.03750631958246231
ordinal_basis,diamond,mlp,4,local,standard,7,0.040493581309348686,0.03759476915001869
ordinal_basis,diamond,mlp,4,local,standard,8,0.03910884696163956,0.03505246341228485
ordinal_basis,diamond,mlp,4,local,standard,9,0.03837991842541367,0.03697740659117699
ordinal_basis,diamond,mlp,4,local,standard,10,0.03752789781829638,0.03357163444161415
ordinal_basis,diamond,mlp,4,local,standard,11,0.03729273844135317,0.03218263387680054
ordinal_basis,diamond,mlp,4,local,standard,12,0.03552276504090786,0.030858656391501427
ordinal_basis,diamond,mlp,4,local,standard,13,0.03345259706998582,0.02902178280055523
ordinal_basis,diamond,mlp,4,local,standard,14,0.032754473820551445,0.03152593970298767
ordinal_basis,diamond,mlp,4,local,standard,15,0.031964679545258896,0.02896537259221077
ordinal_basis,diamond,mlp,4,local,standard,16,0.03093499237693239,0.026544613763689995
ordinal_basis,diamond,mlp,4,local,standard,17,0.03026630597863044,0.026585178449749947
ordinal_basis,diamond,mlp,4,local,standard,18,0.03040413889961766,0.02678796276450157
ordinal_basis,diamond,mlp,4,local,standard,19,0.029764035610843446,0.02684130147099495
ordinal_basis,diamond,mlp,4,local,standard,20,0.029546827110401595,0.025772523134946823
ordinal_basis,diamond,mlp,4,local,standard,21,0.029997967264309415,0.02549911104142666
ordinal_basis,diamond,mlp,4,local,standard,22,0.028749277750096797,0.02641235664486885
ordinal_basis,diamond,mlp,4,local,standard,23,0.02878044446445379,0.025304602459073067
ordinal_basis,diamond,mlp,4,local,standard,24,0.027588032097164376,0.02452697418630123
ordinal_basis,diamond,mlp,4,local,standard,25,0.027812334566827995,0.025010647252202034
ordinal_basis,diamond,mlp,4,local,standard,26,0.027422268910797597,0.024955840781331062
ordinal_basis,diamond,mlp,4,local,standard,27,0.0272268342354233,0.023731617256999016
ordinal_basis,diamond,mlp,4,local,standard,28,0.027725515527087026,0.02677585557103157
ordinal_basis,diamond,mlp,4,local,standard,29,0.026194539279823063,0.02352195419371128
ordinal_basis,diamond,mlp,4,local,standard,30,0.02669509529660825,0.024180598556995392
ordinal_basis,diamond,mlp,4,local,standard,31,0.025668276113825612,0.02287168800830841
ordinal_basis,diamond,mlp,4,local,standard,32,0.025916564767774333,0.02323860488831997
ordinal_basis,diamond,mlp,4,local,standard,33,0.02550538621199911,0.0245151799172163
ordinal_basis,diamond,mlp,4,local,standard,34,0.026044780656748028,0.024310803040862083
ordinal_basis,diamond,mlp,4,local,standard,35,0.02570304759706832,0.022785354405641556
ordinal_basis,diamond,mlp,4,local,standard,36,0.025078884804599917,0.022449631243944168
ordinal_basis,diamond,mlp,4,local,standard,37,0.025140514623573713,0.022626139223575592
ordinal_basis,diamond,mlp,4,local,standard,38,0.024895141387305378,0.022438621148467064
ordinal_basis,diamond,mlp,4,local,standard,39,0.025262692268862394,0.022209500893950462
ordinal_basis,diamond,mlp,4,local,standard,40,0.02514502467625738,0.02373560518026352
ordinal_basis,diamond,mlp,1,cumulative,standard,1,0.16263997223904728,0.050899382680654526
ordinal_basis,diamond,mlp,1,cumulative,standard,2,0.0556437700397869,0.042605921626091
ordinal_basis,diamond,mlp,1,cumulative,standard,3,0.05172934911715425,0.0404830127954483
ordinal_basis,diamond,mlp,1,cumulative,standard,4,0.047463032704400616,0.037780970335006714
ordinal_basis,diamond,mlp,1,cumulative,standard,5,0.04504605959501428,0.038066279143095016
ordinal_basis,diamond,mlp,1,cumulative,standard,6,0.04296324875176942,0.04215237870812416
ordinal_basis,diamond,mlp,1,cumulative,standard,7,0.04146387726534684,0.036760423332452774
ordinal_basis,diamond,mlp,1,cumulative,standard,8,0.04040059971447142,0.03925592824816704
ordinal_basis,diamond,mlp,1,cumulative,standard,9,0.03988449677677348,0.03519953787326813
ordinal_basis,diamond,mlp,1,cumulative,standard,10,0.038743077558504015,0.03797502443194389
ordinal_basis,diamond,mlp,1,cumulative,standard,11,0.03688582928538243,0.03407161310315132
ordinal_basis,diamond,mlp,1,cumulative,standard,12,0.03619106146759618,0.030073020607233047
ordinal_basis,diamond,mlp,1,cumulative,standard,13,0.03347475418761571,0.030528051778674126
ordinal_basis,diamond,mlp,1,cumulative,standard,14,0.03311798810418862,0.027733560651540756
ordinal_basis,diamond,mlp,1,cumulative,standard,15,0.031039127040099635,0.03121619112789631
ordinal_basis,diamond,mlp,1,cumulative,standard,16,0.0304579241631048,0.02683446742594242
ordinal_basis,diamond,mlp,1,cumulative,standard,17,0.0305758233152375,0.026011351495981216
ordinal_basis,diamond,mlp,1,cumulative,standard,18,0.028752992362654196,0.024537328630685806
ordinal_basis,diamond,mlp,1,cumulative,standard,19,0.029269851234390437,0.026277152821421623
ordinal_basis,diamond,mlp,1,cumulative,standard,20,0.02893110808352082,0.025237662717700005
ordinal_basis,diamond,mlp,1,cumulative,standard,21,0.029452672467192107,0.03151524066925049
ordinal_basis,diamond,mlp,1,cumulative,standard,22,0.02869171982072148,0.02487626112997532
ordinal_basis,diamond,mlp,1,cumulative,standard,23,0.027381762232043208,0.024666037410497665
ordinal_basis,diamond,mlp,1,cumulative,standard,24,0.027493582536650386,0.024176577106118202
ordinal_basis,diamond,mlp,1,cumulative,standard,25,0.026948523924999152,0.024292441084980965
ordinal_basis,diamond,mlp,1,cumulative,standard,26,0.026719838112917733,0.02487460896372795
ordinal_basis,diamond,mlp,1,cumulative,standard,27,0.02730608984803391,0.024768438190221786
ordinal_basis,diamond,mlp,1,cumulative,standard,28,0.027490709741444973,0.023909253999590874
ordinal_basis,diamond,mlp,1,cumulative,standard,29,0.026190767554888764,0.023620786145329475
ordinal_basis,diamond,mlp,1,cumulative,standard,30,0.028174302938084886,0.02377057820558548
ordinal_basis,diamond,mlp,1,cumulative,standard,31,0.026455308390354863,0.02420978993177414
ordinal_basis,diamond,mlp,1,cumulative,standard,32,0.02702800987183086,0.02386060170829296
ordinal_basis,diamond,mlp,1,cumulative,standard,33,0.02671244200858081,0.023531004786491394
ordinal_basis,diamond,mlp,1,cumulative,standard,34,0.026450653914821366,0.02399122528731823
ordinal_basis,diamond,mlp,1,cumulative,standard,35,0.02567156942757186,0.024113910272717476
ordinal_basis,diamond,mlp,1,cumulative,standard,36,0.025498913336760087,0.02880658395588398
ordinal_basis,diamond,mlp,1,cumulative,standard,37,0.026307032619185648,0.02503797970712185
ordinal_basis,diamond,mlp,1,cumulative,standard,38,0.02569021935229953,0.02501678466796875
ordinal_basis,diamond,mlp,1,cumulative,standard,39,0.026009802977268234,0.02460014447569847
ordinal_basis,diamond,mlp,1,cumulative,standard,40,0.025865199485606102,0.023652182891964912
ordinal_basis,diamond,mlp,2,cumulative,standard,1,0.1753989264292608,0.05993526428937912
ordinal_basis,diamond,mlp,2,cumulative,standard,2,0.0580086589582796,0.04470520094037056
ordinal_basis,diamond,mlp,2,cumulative,standard,3,0.049743277301409095,0.04236830398440361
ordinal_basis,diamond,mlp,2,cumulative,standard,4,0.04547725732975596,0.037227679044008255
ordinal_basis,diamond,mlp,2,cumulative,standard,5,0.043263011064740516,0.037012334913015366
ordinal_basis,diamond,mlp,2,cumulative,standard,6,0.04377725954049622,0.0358707532286644
ordinal_basis,diamond,mlp,2,cumulative,standard,7,0.0408826809028888,0.03582077473402023
ordinal_basis,diamond,mlp,2,cumulative,standard,8,0.03950649692573176,0.034799061715602875
ordinal_basis,diamond,mlp,2,cumulative,standard,9,0.03848882769520315,0.03750075027346611
ordinal_basis,diamond,mlp,2,cumulative,standard,10,0.038408193030757175,0.03167959675192833
ordinal_basis,diamond,mlp,2,cumulative,standard,11,0.03478248318064455,0.030399594455957413
ordinal_basis,diamond,mlp,2,cumulative,standard,12,0.03357489291551661,0.029758909717202187
ordinal_basis,diamond,mlp,2,cumulative,standard,13,0.03184203112880534,0.027997706085443497
ordinal_basis,diamond,mlp,2,cumulative,standard,14,0.03195626979278788,0.02655152790248394
ordinal_basis,diamond,mlp,2,cumulative,standard,15,0.03063379380845401,0.02639654651284218
ordinal_basis,diamond,mlp,2,cumulative,standard,16,0.030341127944400616,0.026374422013759613
ordinal_basis,diamond,mlp,2,cumulative,standard,17,0.029579003327332314,0.025304371491074562
ordinal_basis,diamond,mlp,2,cumulative,standard,18,0.030037262591666017,0.026489032432436943
ordinal_basis,diamond,mlp,2,cumulative,standard,19,0.02872307887734932,0.02486814558506012
ordinal_basis,diamond,mlp,2,cumulative,standard,20,0.029116459201474994,0.026651106774806976
ordinal_basis,diamond,mlp,2,cumulative,standard,21,0.0274123050835127,0.02514692395925522
ordinal_basis,diamond,mlp,2,cumulative,standard,22,0.027325252933955227,0.023939084261655807
ordinal_basis,diamond,mlp,2,cumulative,standard,23,0.02708360607170911,0.024863166734576225
ordinal_basis,diamond,mlp,2,cumulative,standard,24,0.027589657886972974,0.023662805557250977
ordinal_basis,diamond,mlp,2,cumulative,standard,25,0.027269425142229128,0.025890838354825974
ordinal_basis,diamond,mlp,2,cumulative,standard,26,0.02663496209679782,0.02439315989613533
ordinal_basis,diamond,mlp,2,cumulative,standard,27,0.02596245575511158,0.0235592108219862
ordinal_basis,diamond,mlp,2,cumulative,standard,28,0.02734192061472946,0.025954706594347954
ordinal_basis,diamond,mlp,2,cumulative,standard,29,0.02668114819886776,0.022839251905679703
ordinal_basis,diamond,mlp,2,cumulative,standard,30,0.025962561338510586,0.026494909077882767
ordinal_basis,diamond,mlp,2,cumulative,standard,31,0.02601004558160557,0.02515425905585289
ordinal_basis,diamond,mlp,2,cumulative,standard,32,0.02587620490485701,0.023231975734233856
ordinal_basis,diamond,mlp,2,cumulative,standard,33,0.025770462190202556,0.022982539609074593
ordinal_basis,diamond,mlp,2,cumulative,standard,34,0.02545648405916469,0.02213921770453453
ordinal_basis,diamond,mlp,2,cumulative,standard,35,0.025061825651779383,0.023510638624429703
ordinal_basis,diamond,mlp,2,cumulative,standard,36,0.0259484228675107,0.022202622145414352
ordinal_basis,diamond,mlp,2,cumulative,standard,37,0.025145023331166538,0.025540316477417946
ordinal_basis,diamond,mlp,2,cumulative,standard,38,0.026001280354684627,0.022379284724593163
ordinal_basis,diamond,mlp,2,cumulative,standard,39,0.026164906132568187,0.022357702255249023
ordinal_basis,diamond,mlp,2,cumulative,standard,40,0.02489083682116407,0.023903559893369675
ordinal_basis,diamond,mlp,3,cumulative,standard,1,0.16784583996297317,0.052586525678634644
ordinal_basis,diamond,mlp,3,cumulative,standard,2,0.056799927375182704,0.045609019696712494
ordinal_basis,diamond,mlp,3,cumulative,standard,3,0.05053929172184106,0.03935813903808594
ordinal_basis,diamond,mlp,3,cumulative,standard,4,0.04607380595928959,0.04182465746998787
ordinal_basis,diamond,mlp,3,cumulative,standard,5,0.04535403828928197,0.040553197264671326
ordinal_basis,diamond,mlp,3,cumulative,standard,6,0.04340929431511479,0.038672786206007004
ordinal_basis,diamond,mlp,3,cumulative,standard,7,0.040963234081775865,0.038043320178985596
ordinal_basis,diamond,mlp,3,cumulative,standard,8,0.040994085812753586,0.03544763848185539
ordinal_basis,diamond,mlp,3,cumulative,standard,9,0.03955105015388757,0.035278622061014175
ordinal_basis,diamond,mlp,3,cumulative,standard,10,0.03916203185630191,0.03505363315343857
ordinal_basis,diamond,mlp,3,cumulative,standard,11,0.03870091910161403,0.03469621017575264
ordinal_basis,diamond,mlp,3,cumulative,standard,12,0.03631950416341448,0.03387707099318504
ordinal_basis,diamond,mlp,3,cumulative,standard,13,0.03434632921743074,0.030197342857718468
ordinal_basis,diamond,mlp,3,cumulative,standard,14,0.03259943165205548,0.028026487678289413
ordinal_basis,diamond,mlp,3,cumulative,standard,15,0.03136570570075173,0.02986573427915573
ordinal_basis,diamond,mlp,3,cumulative,standard,16,0.031489180068970966,0.026721755042672157
ordinal_basis,diamond,mlp,3,cumulative,standard,17,0.03000000637378706,0.02614317648112774
ordinal_basis,diamond,mlp,3,cumulative,standard,18,0.029627438635335457,0.026069309562444687
ordinal_basis,diamond,mlp,3,cumulative,standard,19,0.029204146423190164,0.028051994740962982
ordinal_basis,diamond,mlp,3,cumulative,standard,20,0.029189310280457716,0.02759639360010624
ordinal_basis,diamond,mlp,3,cumulative,standard,21,0.02820493342220379,0.02492246776819229
ordinal_basis,diamond,mlp,3,cumulative,standard,22,0.028287793621541723,0.028114454820752144
ordinal_basis,diamond,mlp,3,cumulative,standard,23,0.027982072914688023,0.024438301101326942
ordinal_basis,diamond,mlp,3,cumulative,standard,24,0.02753493354612178,0.024387063458561897
ordinal_basis,diamond,mlp,3,cumulative,standard,25,0.026919140222194174,0.02650393173098564
ordinal_basis,diamond,mlp,3,cumulative,standard,26,0.02722160884091414,0.02477157488465309
ordinal_basis,diamond,mlp,3,cumulative,standard,27,0.026770294732346874,0.02723018079996109
ordinal_basis,diamond,mlp,3,cumulative,standard,28,0.026760601821378967,0.023728743195533752
ordinal_basis,diamond,mlp,3,cumulative,standard,29,0.02622477267034509,0.024010030552744865
ordinal_basis,diamond,mlp,3,cumulative,standard,30,0.026786786238487133,0.023997316136956215
ordinal_basis,diamond,mlp,3,cumulative,standard,31,0.026405890415119947,0.023902302607893944
ordinal_basis,diamond,mlp,3,cumulative,standard,32,0.025915677837352154,0.027674656361341476
ordinal_basis,diamond,mlp,3,cumulative,standard,33,0.025957787365719714,0.02309209480881691
ordinal_basis,diamond,mlp,3,cumulative,standard,34,0.02589642837705566,0.022591087967157364
ordinal_basis,diamond,mlp,3,cumulative,standard,35,0.025108416578656485,0.02310114912688732
ordinal_basis,diamond,mlp,3,cumulative,standard,36,0.026729590814951406,0.022621190175414085
ordinal_basis,diamond,mlp,3,cumulative,standard,37,0.025675677680270563,0.029433052986860275
ordinal_basis,diamond,mlp,3,cumulative,standard,38,0.02538965615722006,0.023462720215320587
ordinal_basis,diamond,mlp,3,cumulative,standard,39,0.025502140332979303,0.022330546751618385
ordinal_basis,diamond,mlp,3,cumulative,standard,40,0.025771442275544086,0.025384407490491867
ordinal_basis,diamond,mlp,4,cumulative,standard,1,0.17364839003116375,0.05351579189300537
ordinal_basis,diamond,mlp,4,cumulative,standard,2,0.05489167486916674,0.043515320867300034
ordinal_basis,diamond,mlp,4,cumulative,standard,3,0.05120759255335251,0.04036234691739082
ordinal_basis,diamond,mlp,4,cumulative,standard,4,0.04594975882005206,0.038685549050569534
ordinal_basis,diamond,mlp,4,cumulative,standard,5,0.04604394777017332,0.05247366055846214
ordinal_basis,diamond,mlp,4,cumulative,standard,6,0.04317772192271068,0.03751469403505325
ordinal_basis,diamond,mlp,4,cumulative,standard,7,0.04227457067491537,0.04216437786817551
ordinal_basis,diamond,mlp,4,cumulative,standard,8,0.040918226678779396,0.03522177040576935
ordinal_basis,diamond,mlp,4,cumulative,standard,9,0.03989877046790112,0.0360841229557991
ordinal_basis,diamond,mlp,4,cumulative,standard,10,0.03889927958589879,0.0348484106361866
ordinal_basis,diamond,mlp,4,cumulative,standard,11,0.03785185218540455,0.03493501618504524
ordinal_basis,diamond,mlp,4,cumulative,standard,12,0.03607673253948762,0.030888011679053307
ordinal_basis,diamond,mlp,4,cumulative,standard,13,0.03398045346487049,0.03247018903493881
ordinal_basis,diamond,mlp,4,cumulative,standard,14,0.03271267180712284,0.03007918782532215
ordinal_basis,diamond,mlp,4,cumulative,standard,15,0.0316303712142521,0.02690650336444378
ordinal_basis,diamond,mlp,4,cumulative,standard,16,0.03070331794210291,0.0258390624076128
ordinal_basis,diamond,mlp,4,cumulative,standard,17,0.02987774395788328,0.025611646473407745
ordinal_basis,diamond,mlp,4,cumulative,standard,18,0.02958040216148326,0.026516273617744446
ordinal_basis,diamond,mlp,4,cumulative,standard,19,0.028574758743865822,0.025873323902487755
ordinal_basis,diamond,mlp,4,cumulative,standard,20,0.028931446627491628,0.025482507422566414
ordinal_basis,diamond,mlp,4,cumulative,standard,21,0.031072250894166403,0.0273969154804945
ordinal_basis,diamond,mlp,4,cumulative,standard,22,0.028612111536342705,0.027598846703767776
ordinal_basis,diamond,mlp,4,cumulative,standard,23,0.028205908932758043,0.02515164576470852
ordinal_basis,diamond,mlp,4,cumulative,standard,24,0.027130903847627164,0.023422718048095703
ordinal_basis,diamond,mlp,4,cumulative,standard,25,0.02739927737395024,0.02329069748520851
ordinal_basis,diamond,mlp,4,cumulative,standard,26,0.027199269600795523,0.02496735192835331
ordinal_basis,diamond,mlp,4,cumulative,standard,27,0.027203159064155064,0.02324330061674118
ordinal_basis,diamond,mlp,4,cumulative,standard,28,0.027256472198328927,0.02251444011926651
ordinal_basis,diamond,mlp,4,cumulative,standard,29,0.02587868625423916,0.024450166150927544
ordinal_basis,diamond,mlp,4,cumulative,standard,30,0.026591244026421136,0.022388001903891563
ordinal_basis,diamond,mlp,4,cumulative,standard,31,0.025824394677764453,0.023355238139629364
ordinal_basis,diamond,mlp,4,cumulative,standard,32,0.02594857506689459,0.02355615235865116
ordinal_basis,diamond,mlp,4,cumulative,standard,33,0.02580773781879613,0.02446090243756771
ordinal_basis,diamond,mlp,4,cumulative,standard,34,0.025981499980520562,0.02498062700033188
ordinal_basis,diamond,mlp,4,cumulative,standard,35,0.02585709277397028,0.023106621578335762
ordinal_basis,diamond,mlp,4,cumulative,standard,36,0.024891824919910318,0.022915592417120934
ordinal_basis,diamond,mlp,4,cumulative,standard,37,0.02567172298148904,0.023060563951730728
ordinal_basis,diamond,mlp,1,cumulative_standardized,standard,1,0.14662719462424623,0.04045515134930611
ordinal_basis,diamond,mlp,1,cumulative_standardized,standard,2,0.046095221256056224,0.03785015270113945
ordinal_basis,diamond,mlp,1,cumulative_standardized,standard,3,0.0441816915808107,0.038361988961696625
ordinal_basis,diamond,mlp,1,cumulative_standardized,standard,4,0.04253809907789568,0.03581799566745758
ordinal_basis,diamond,mlp,1,cumulative_standardized,standard,5,0.04035449260968532,0.035425879061222076
ordinal_basis,diamond,mlp,1,cumulative_standardized,standard,6,0.03999468895394457,0.040386710315942764
ordinal_basis,diamond,mlp,1,cumulative_standardized,standard,7,0.03958419963574151,0.035679321736097336
ordinal_basis,diamond,mlp,1,cumulative_standardized,standard,8,0.03788891262298874,0.034173384308815
ordinal_basis,diamond,mlp,1,cumulative_standardized,standard,9,0.03741005156887945,0.03259603679180145
ordinal_basis,diamond,mlp,1,cumulative_standardized,standard,10,0.03643230067872027,0.031127138063311577
ordinal_basis,diamond,mlp,1,cumulative_standardized,standard,11,0.03449771656130557,0.030589966103434563
ordinal_basis,diamond,mlp,1,cumulative_standardized,standard,12,0.033233064434243356,0.028413966298103333
ordinal_basis,diamond,mlp,1,cumulative_standardized,standard,13,0.033272938971453545,0.028519170358777046
ordinal_basis,diamond,mlp,1,cumulative_standardized,standard,14,0.031260331615124475,0.02751225233078003
ordinal_basis,diamond,mlp,1,cumulative_standardized,standard,15,0.03085948902981841,0.02891990728676319
ordinal_basis,diamond,mlp,1,cumulative_standardized,standard,16,0.029828715803506496,0.02663160115480423
ordinal_basis,diamond,mlp,1,cumulative_standardized,standard,17,0.02979795789030829,0.025918152183294296
ordinal_basis,diamond,mlp,1,cumulative_standardized,standard,18,0.028039334853502712,0.024837397038936615
ordinal_basis,diamond,mlp,1,cumulative_standardized,standard,19,0.028727631916878712,0.026758182793855667
ordinal_basis,diamond,mlp,1,cumulative_standardized,standard,20,0.02902137906605456,0.025293953716754913
ordinal_basis,diamond,mlp,1,cumulative_standardized,standard,21,0.028439937205228444,0.030341491103172302
ordinal_basis,diamond,mlp,1,cumulative_standardized,standard,22,0.027617118745487144,0.023899951949715614
ordinal_basis,diamond,mlp,1,cumulative_standardized,standard,23,0.027359917776082387,0.02472156286239624
ordinal_basis,diamond,mlp,1,cumulative_standardized,standard,24,0.027046718142551367,0.023949993774294853
ordinal_basis,diamond,mlp,1,cumulative_standardized,standard,25,0.0264911363056456,0.023338941857218742
ordinal_basis,diamond,mlp,1,cumulative_standardized,standard,26,0.026462256126797513,0.0257712472230196
ordinal_basis,diamond,mlp,1,cumulative_standardized,standard,27,0.02640008164865905,0.02349388413131237
ordinal_basis,diamond,mlp,1,cumulative_standardized,standard,28,0.02647149543216975,0.023202843964099884
ordinal_basis,diamond,mlp,1,cumulative_standardized,standard,29,0.02560198699303807,0.02376597374677658
ordinal_basis,diamond,mlp,1,cumulative_standardized,standard,30,0.027296633078449314,0.024498315528035164
ordinal_basis,diamond,mlp,1,cumulative_standardized,standard,31,0.025770931853471,0.02359083481132984
ordinal_basis,diamond,mlp,1,cumulative_standardized,standard,32,0.026154008495782526,0.02430090680718422
ordinal_basis,diamond,mlp,1,cumulative_standardized,standard,33,0.026213279758209317,0.02396504394710064
ordinal_basis,diamond,mlp,1,cumulative_standardized,standard,34,0.025940801313398442,0.02603786252439022
ordinal_basis,diamond,mlp,1,cumulative_standardized,standard,35,0.025257496750083947,0.023623500019311905
ordinal_basis,diamond,mlp,2,cumulative_standardized,standard,1,0.15664430162922946,0.04287036135792732
ordinal_basis,diamond,mlp,2,cumulative_standardized,standard,2,0.04696241200379454,0.038909152150154114
ordinal_basis,diamond,mlp,2,cumulative_standardized,standard,3,0.04301254870001775,0.03634543716907501
ordinal_basis,diamond,mlp,2,cumulative_standardized,standard,4,0.04191409649012235,0.03561572730541229
ordinal_basis,diamond,mlp,2,cumulative_standardized,standard,5,0.04024117827352445,0.037439703941345215
ordinal_basis,diamond,mlp,2,cumulative_standardized,standard,6,0.04038425435191957,0.037076402455568314
ordinal_basis,diamond,mlp,2,cumulative_standardized,standard,7,0.03852842378031786,0.034074556082487106
ordinal_basis,diamond,mlp,2,cumulative_standardized,standard,8,0.0384433594738723,0.03679265081882477
ordinal_basis,diamond,mlp,2,cumulative_standardized,standard,9,0.037333690325104,0.03692920506000519
ordinal_basis,diamond,mlp,2,cumulative_standardized,standard,10,0.03713015234827605,0.03219811990857124
ordinal_basis,diamond,mlp,2,cumulative_standardized,standard,11,0.035763323969735646,0.03269455209374428
ordinal_basis,diamond,mlp,2,cumulative_standardized,standard,12,0.03436629011223892,0.031035291031003
ordinal_basis,diamond,mlp,2,cumulative_standardized,standard,13,0.03322651300788986,0.029782893136143684
ordinal_basis,diamond,mlp,2,cumulative_standardized,standard,14,0.03325124458719531,0.028574444353580475
ordinal_basis,diamond,mlp,2,cumulative_standardized,standard,15,0.03189295519684315,0.028568023815751076
ordinal_basis,diamond,mlp,2,cumulative_standardized,standard,16,0.0310542116018856,0.026505302637815475
ordinal_basis,diamond,mlp,2,cumulative_standardized,standard,17,0.029372309510340637,0.026708099991083145
ordinal_basis,diamond,mlp,2,cumulative_standardized,standard,18,0.030106756437110898,0.02673434466123581
ordinal_basis,diamond,mlp,2,cumulative_standardized,standard,19,0.029139245893219277,0.02577042393386364
ordinal_basis,diamond,mlp,2,cumulative_standardized,standard,20,0.02885157077444202,0.02454264834523201
ordinal_basis,diamond,mlp,2,cumulative_standardized,standard,21,0.02739926785018478,0.025129005312919617
ordinal_basis,diamond,mlp,2,cumulative_standardized,standard,22,0.027315370202876457,0.02436354011297226
ordinal_basis,diamond,mlp,2,cumulative_standardized,standard,23,0.026798784430174513,0.023956365883350372
ordinal_basis,diamond,mlp,2,cumulative_standardized,standard,24,0.027313086861452455,0.024719825014472008
ordinal_basis,diamond,mlp,2,cumulative_standardized,standard,25,0.02729116456164383,0.025738082826137543
ordinal_basis,diamond,mlp,2,cumulative_standardized,standard,26,0.026503390948784032,0.024782879278063774
ordinal_basis,diamond,mlp,2,cumulative_standardized,standard,27,0.0261466674122923,0.02406061626970768
ordinal_basis,diamond,mlp,2,cumulative_standardized,standard,28,0.027126907702414636,0.027505146339535713
ordinal_basis,diamond,mlp,2,cumulative_standardized,standard,29,0.026647223111325474,0.023848289623856544
ordinal_basis,diamond,mlp,2,cumulative_standardized,standard,30,0.02581661463046907,0.02575390599668026
ordinal_basis,diamond,mlp,2,cumulative_standardized,standard,31,0.02625228232383842,0.02662760019302368
ordinal_basis,diamond,mlp,2,cumulative_standardized,standard,32,0.025691293841608016,0.023936640471220016
ordinal_basis,diamond,mlp,2,cumulative_standardized,standard,33,0.026256508265915565,0.023135993629693985
ordinal_basis,diamond,mlp,2,cumulative_standardized,standard,34,0.025405739778281294,0.023093510419130325
ordinal_basis,diamond,mlp,2,cumulative_standardized,standard,35,0.025209124929246197,0.0243308674544096
ordinal_basis,diamond,mlp,2,cumulative_standardized,standard,36,0.02573746223465514,0.023422453552484512
ordinal_basis,diamond,mlp,2,cumulative_standardized,standard,37,0.025240176100790948,0.026028592139482498
ordinal_basis,diamond,mlp,2,cumulative_standardized,standard,38,0.025978738828988053,0.02297786995768547
ordinal_basis,diamond,mlp,2,cumulative_standardized,standard,39,0.02586050541635868,0.02348766103386879
ordinal_basis,diamond,mlp,2,cumulative_standardized,standard,40,0.024788102344253007,0.02504594624042511
ordinal_basis,diamond,mlp,3,cumulative_standardized,standard,1,0.15094932301693467,0.04149622470140457
ordinal_basis,diamond,mlp,3,cumulative_standardized,standard,2,0.04657184615505052,0.037495631724596024
ordinal_basis,diamond,mlp,3,cumulative_standardized,standard,3,0.044429674416008674,0.04184158518910408
ordinal_basis,diamond,mlp,3,cumulative_standardized,standard,4,0.042630737025992925,0.035844869911670685
ordinal_basis,diamond,mlp,3,cumulative_standardized,standard,5,0.04180708674101073,0.035275451838970184
ordinal_basis,diamond,mlp,3,cumulative_standardized,standard,6,0.03984412070326961,0.035295940935611725
ordinal_basis,diamond,mlp,3,cumulative_standardized,standard,7,0.039210725751153246,0.034224897623062134
ordinal_basis,diamond,mlp,3,cumulative_standardized,standard,8,0.03814975349777788,0.03451981768012047
ordinal_basis,diamond,mlp,3,cumulative_standardized,standard,9,0.03783610093505453,0.033874236047267914
ordinal_basis,diamond,mlp,3,cumulative_standardized,standard,10,0.0365531204897959,0.03466220200061798
ordinal_basis,diamond,mlp,3,cumulative_standardized,standard,11,0.0356278551569179,0.030358491465449333
ordinal_basis,diamond,mlp,3,cumulative_standardized,standard,12,0.0334211185937985,0.03029445745050907
ordinal_basis,diamond,mlp,3,cumulative_standardized,standard,13,0.03177550024065944,0.02844952419400215
ordinal_basis,diamond,mlp,3,cumulative_standardized,standard,14,0.031080059091624777,0.027094604447484016
ordinal_basis,diamond,mlp,3,cumulative_standardized,standard,15,0.029742081149771983,0.027768943458795547
ordinal_basis,diamond,mlp,3,cumulative_standardized,standard,16,0.029673834600227704,0.025398418307304382
ordinal_basis,diamond,mlp,3,cumulative_standardized,standard,17,0.02891100350210431,0.02681780606508255
ordinal_basis,diamond,mlp,3,cumulative_standardized,standard,18,0.029174480870733436,0.02540491707623005
ordinal_basis,diamond,mlp,3,cumulative_standardized,standard,19,0.02797578445356698,0.024570167064666748
ordinal_basis,diamond,mlp,3,cumulative_standardized,standard,20,0.02785520235288651,0.025331709533929825
ordinal_basis,diamond,mlp,3,cumulative_standardized,standard,21,0.02768861859921814,0.025409134104847908
ordinal_basis,diamond,mlp,3,cumulative_standardized,standard,22,0.02762624862778151,0.028124410659074783
ordinal_basis,diamond,mlp,3,cumulative_standardized,standard,23,0.02738857409877133,0.024450067430734634
ordinal_basis,diamond,mlp,3,cumulative_standardized,standard,24,0.02691959422674695,0.023430272936820984
ordinal_basis,diamond,mlp,3,cumulative_standardized,standard,25,0.02710242240266484,0.02641293592751026
ordinal_basis,diamond,mlp,3,cumulative_standardized,standard,26,0.027057332853191746,0.024062782526016235
ordinal_basis,diamond,mlp,3,cumulative_standardized,standard,27,0.02631738099806251,0.026600167155265808
ordinal_basis,diamond,mlp,3,cumulative_standardized,standard,28,0.026784681820853647,0.02584424801170826
ordinal_basis,diamond,mlp,3,cumulative_standardized,standard,29,0.026361807542984846,0.026030920445919037
ordinal_basis,diamond,mlp,3,cumulative_standardized,standard,30,0.02692475759893883,0.025158768519759178
ordinal_basis,diamond,mlp,3,cumulative_standardized,standard,31,0.026196815613922165,0.02493814006447792
ordinal_basis,diamond,mlp,4,cumulative_standardized,standard,1,0.15960720123871586,0.04006204009056091
ordinal_basis,diamond,mlp,4,cumulative_standardized,standard,2,0.04592288804094922,0.03776738420128822
ordinal_basis,diamond,mlp,4,cumulative_standardized,standard,3,0.04485980895197111,0.03769293427467346
ordinal_basis,diamond,mlp,4,cumulative_standardized,standard,4,0.04256938886884701,0.03644082695245743
ordinal_basis,diamond,mlp,4,cumulative_standardized,standard,5,0.04077662900899571,0.03725488483905792
ordinal_basis,diamond,mlp,4,cumulative_standardized,standard,6,0.040920756371575655,0.035928789526224136
ordinal_basis,diamond,mlp,4,cumulative_standardized,standard,7,0.039256047784812925,0.037543799728155136
ordinal_basis,diamond,mlp,4,cumulative_standardized,standard,8,0.03837422688737767,0.03326429799199104
ordinal_basis,diamond,mlp,4,cumulative_standardized,standard,9,0.03723921384248541,0.03420427069067955
ordinal_basis,diamond,mlp,4,cumulative_standardized,standard,10,0.03595462955459135,0.0312512181699276
ordinal_basis,diamond,mlp,4,cumulative_standardized,standard,11,0.034836518366153854,0.029018757864832878
ordinal_basis,diamond,mlp,4,cumulative_standardized,standard,12,0.034005370398654276,0.02940186858177185
ordinal_basis,diamond,mlp,4,cumulative_standardized,standard,13,0.032038331428112535,0.029009811580181122
ordinal_basis,diamond,mlp,4,cumulative_standardized,standard,14,0.031770587560670104,0.02935476042330265
ordinal_basis,diamond,mlp,4,cumulative_standardized,standard,15,0.03136371577053408,0.028356263414025307
ordinal_basis,diamond,mlp,4,cumulative_standardized,standard,16,0.030306155085103946,0.026687288656830788
ordinal_basis,diamond,mlp,4,cumulative_standardized,standard,17,0.030248109613635103,0.02658027596771717
ordinal_basis,diamond,mlp,4,cumulative_standardized,standard,18,0.030191610501309436,0.027483247220516205
ordinal_basis,diamond,mlp,4,cumulative_standardized,standard,19,0.02929891758635051,0.026734327897429466
ordinal_basis,diamond,mlp,4,cumulative_standardized,standard,20,0.029652454301344538,0.02684217318892479
ordinal_basis,diamond,mlp,4,cumulative_standardized,standard,21,0.03029092897804205,0.026124371215701103
ordinal_basis,diamond,mlp,4,cumulative_standardized,standard,22,0.028750585366056333,0.02718200534582138
ordinal_basis,diamond,mlp,4,cumulative_standardized,standard,23,0.028675647119020178,0.02601170912384987
ordinal_basis,diamond,mlp,4,cumulative_standardized,standard,24,0.02797133907639484,0.025333518162369728
ordinal_basis,diamond,mlp,4,cumulative_standardized,standard,25,0.02789077107900851,0.02531125210225582
ordinal_basis,diamond,mlp,4,cumulative_standardized,standard,26,0.02767134880184815,0.02556772716343403
ordinal_basis,diamond,mlp,4,cumulative_standardized,standard,27,0.027304281012183795,0.024338698014616966
ordinal_basis,diamond,mlp,4,cumulative_standardized,standard,28,0.027714433053593168,0.02661539427936077
ordinal_basis,diamond,mlp,4,cumulative_standardized,standard,29,0.026576679388459312,0.024428900331258774
ordinal_basis,diamond,mlp,4,cumulative_standardized,standard,30,0.027049367543792193,0.025068609043955803
ordinal_basis,diamond,mlp,4,cumulative_standardized,standard,31,0.026121779701603887,0.023722834885120392
ordinal_basis,diamond,mlp,4,cumulative_standardized,standard,32,0.02610385750997811,0.023944946005940437
ordinal_basis,diamond,mlp,4,cumulative_standardized,standard,33,0.026075243929494438,0.024890849366784096
ordinal_basis,diamond,mlp,4,cumulative_standardized,standard,34,0.026213404474391095,0.025868982076644897
ordinal_basis,diamond,mlp,4,cumulative_standardized,standard,35,0.02600400003102711,0.022987904027104378
ordinal_basis,diamond,mlp,4,cumulative_standardized,standard,36,0.02504549339875082,0.02329849638044834
ordinal_basis,diamond,mlp,4,cumulative_standardized,standard,37,0.02536094196319687,0.023017672821879387
ordinal_basis,diamond,mlp,4,cumulative_standardized,standard,38,0.024874125090162093,0.022787557914853096
ordinal_basis,diamond,mlp,4,cumulative_standardized,standard,39,0.025682787181787046,0.023393874987959862
ordinal_basis,diamond,mlp,4,cumulative_standardized,standard,40,0.025578528319560673,0.02420886419713497
ordinal_basis,diamond,mlp,1,path_spectral,standard,1,0.1815557397889278,0.06107611581683159
ordinal_basis,diamond,mlp,1,path_spectral,standard,2,0.057428555827966514,0.04582115262746811
ordinal_basis,diamond,mlp,1,path_spectral,standard,3,0.048683715587372486,0.043758146464824677
ordinal_basis,diamond,mlp,1,path_spectral,standard,4,0.046411990645643435,0.04099718853831291
ordinal_basis,diamond,mlp,1,path_spectral,standard,5,0.043207055591848606,0.0388423353433609
ordinal_basis,diamond,mlp,1,path_spectral,standard,6,0.04257730170303108,0.041710078716278076
ordinal_basis,diamond,mlp,1,path_spectral,standard,7,0.0408885848145222,0.038589958101511
ordinal_basis,diamond,mlp,1,path_spectral,standard,8,0.040268122499583614,0.036740291863679886
ordinal_basis,diamond,mlp,1,path_spectral,standard,9,0.038592731794616766,0.034867897629737854
ordinal_basis,diamond,mlp,1,path_spectral,standard,10,0.03832348221746523,0.0339992381632328
ordinal_basis,diamond,mlp,1,path_spectral,standard,11,0.03707560464387569,0.03649254888296127
ordinal_basis,diamond,mlp,1,path_spectral,standard,12,0.03706088253737173,0.03291889280080795
ordinal_basis,diamond,mlp,1,path_spectral,standard,13,0.03587507246897034,0.03164450824260712
ordinal_basis,diamond,mlp,1,path_spectral,standard,14,0.034060213800035925,0.0293177030980587
ordinal_basis,diamond,mlp,1,path_spectral,standard,15,0.03276726327184067,0.033178746700286865
ordinal_basis,diamond,mlp,1,path_spectral,standard,16,0.03124502173559564,0.02884531021118164
ordinal_basis,diamond,mlp,1,path_spectral,standard,17,0.030259374886803404,0.02685730904340744
ordinal_basis,diamond,mlp,1,path_spectral,standard,18,0.029545077975725097,0.025806870311498642
ordinal_basis,diamond,mlp,1,path_spectral,standard,19,0.029249462652817127,0.025610527023673058
ordinal_basis,diamond,mlp,1,path_spectral,standard,20,0.029030079324370253,0.02641245722770691
ordinal_basis,diamond,mlp,1,path_spectral,standard,21,0.02938071355050562,0.031814318150281906
ordinal_basis,diamond,mlp,1,path_spectral,standard,22,0.02805274446494311,0.024335529655218124
ordinal_basis,diamond,mlp,1,path_spectral,standard,23,0.027669106561693052,0.025150535628199577
ordinal_basis,diamond,mlp,1,path_spectral,standard,24,0.027672387464441665,0.024460777640342712
ordinal_basis,diamond,mlp,1,path_spectral,standard,25,0.027319665774245473,0.0236910879611969
ordinal_basis,diamond,mlp,1,path_spectral,standard,26,0.02718897292404009,0.02579876035451889
ordinal_basis,diamond,mlp,1,path_spectral,standard,27,0.026686927432682715,0.023530710488557816
ordinal_basis,diamond,mlp,1,path_spectral,standard,28,0.02735341114828448,0.02324356511235237
ordinal_basis,diamond,mlp,1,path_spectral,standard,29,0.02564724102809044,0.02321789227426052
ordinal_basis,diamond,mlp,1,path_spectral,standard,30,0.02695588171175611,0.023907165974378586
ordinal_basis,diamond,mlp,1,path_spectral,standard,31,0.02605397822761352,0.02313382737338543
ordinal_basis,diamond,mlp,1,path_spectral,standard,32,0.026114533419688807,0.02423505112528801
ordinal_basis,diamond,mlp,1,path_spectral,standard,33,0.0259666224058715,0.02402617782354355
ordinal_basis,diamond,mlp,1,path_spectral,standard,34,0.02588496160054914,0.025038914754986763
ordinal_basis,diamond,mlp,1,path_spectral,standard,35,0.02539361304557141,0.02334597148001194
ordinal_basis,diamond,mlp,1,path_spectral,standard,36,0.024974591750066166,0.02648150734603405
ordinal_basis,diamond,mlp,1,path_spectral,standard,37,0.025460874577900312,0.025478901341557503
ordinal_basis,diamond,mlp,1,path_spectral,standard,38,0.025064990169395042,0.022535089403390884
ordinal_basis,diamond,mlp,1,path_spectral,standard,39,0.025616489272396414,0.023547327145934105
ordinal_basis,diamond,mlp,1,path_spectral,standard,40,0.025542337375588267,0.022415852174162865
ordinal_basis,diamond,mlp,2,path_spectral,standard,1,0.18119252630821064,0.05717100575566292
ordinal_basis,diamond,mlp,2,path_spectral,standard,2,0.054295859513188396,0.044874485582113266
ordinal_basis,diamond,mlp,2,path_spectral,standard,3,0.0471154996154422,0.04181469604372978
ordinal_basis,diamond,mlp,2,path_spectral,standard,4,0.04504909743376698,0.04004675894975662
ordinal_basis,diamond,mlp,2,path_spectral,standard,5,0.04301999315089828,0.044390562921762466
ordinal_basis,diamond,mlp,2,path_spectral,standard,6,0.042662380649594496,0.038265302777290344
ordinal_basis,diamond,mlp,2,path_spectral,standard,7,0.039967085388948644,0.035305388271808624
ordinal_basis,diamond,mlp,2,path_spectral,standard,8,0.038252539957332146,0.0362345315515995
ordinal_basis,diamond,mlp,2,path_spectral,standard,9,0.03631909339126515,0.0354650542140007
ordinal_basis,diamond,mlp,2,path_spectral,standard,10,0.035368664669795775,0.03064487874507904
ordinal_basis,diamond,mlp,2,path_spectral,standard,11,0.033898903600810486,0.030367553234100342
ordinal_basis,diamond,mlp,2,path_spectral,standard,12,0.03283108866458896,0.029416650533676147
ordinal_basis,diamond,mlp,2,path_spectral,standard,13,0.031094055695657864,0.02804132178425789
ordinal_basis,diamond,mlp,2,path_spectral,standard,14,0.031432954807568594,0.02799885720014572
ordinal_basis,diamond,mlp,2,path_spectral,standard,15,0.030532875472398024,0.027795802801847458
ordinal_basis,diamond,mlp,2,path_spectral,standard,16,0.029960918788370032,0.025457259267568588
ordinal_basis,diamond,mlp,2,path_spectral,standard,17,0.029319414374328206,0.025485724210739136
ordinal_basis,diamond,mlp,2,path_spectral,standard,18,0.029931297691357148,0.02713511884212494
ordinal_basis,diamond,mlp,2,path_spectral,standard,19,0.02805415760430161,0.025493280962109566
ordinal_basis,diamond,mlp,2,path_spectral,standard,20,0.028604960663988786,0.023993002250790596
ordinal_basis,diamond,mlp,2,path_spectral,standard,21,0.027289887695435385,0.02451196312904358
ordinal_basis,diamond,mlp,2,path_spectral,standard,22,0.026722185245446187,0.02460453100502491
ordinal_basis,diamond,mlp,2,path_spectral,standard,23,0.026832037514023244,0.02383260987699032
ordinal_basis,diamond,mlp,2,path_spectral,standard,24,0.027172559757287537,0.023712722584605217
ordinal_basis,diamond,mlp,2,path_spectral,standard,25,0.026511646406617944,0.02498503401875496
ordinal_basis,diamond,mlp,2,path_spectral,standard,26,0.026363646108639317,0.02493993006646633
ordinal_basis,diamond,mlp,2,path_spectral,standard,27,0.026322599189895917,0.023521453142166138
ordinal_basis,diamond,mlp,2,path_spectral,standard,28,0.02829932857476718,0.02600960247218609
ordinal_basis,diamond,mlp,2,path_spectral,standard,29,0.02637069835986514,0.023799393326044083
ordinal_basis,diamond,mlp,2,path_spectral,standard,30,0.02585649082744658,0.02461223490536213
ordinal_basis,diamond,mlp,2,path_spectral,standard,31,0.026219199031687675,0.025425907224416733
ordinal_basis,diamond,mlp,2,path_spectral,standard,32,0.025316684680979355,0.02340618707239628
ordinal_basis,diamond,mlp,2,path_spectral,standard,33,0.025812595965439097,0.022650524973869324
ordinal_basis,diamond,mlp,2,path_spectral,standard,34,0.0252601102060126,0.02219703234732151
ordinal_basis,diamond,mlp,2,path_spectral,standard,35,0.02495085753924347,0.02335025556385517
ordinal_basis,diamond,mlp,2,path_spectral,standard,36,0.02541376800344298,0.022906238213181496
ordinal_basis,diamond,mlp,2,path_spectral,standard,37,0.024866126486675195,0.022425452247262
ordinal_basis,diamond,mlp,2,path_spectral,standard,38,0.025954372642268752,0.02274462953209877
ordinal_basis,diamond,mlp,2,path_spectral,standard,39,0.025913194506403912,0.02275271527469158
ordinal_basis,diamond,mlp,2,path_spectral,standard,40,0.02504900873093914,0.02374013513326645
ordinal_basis,diamond,mlp,3,path_spectral,standard,1,0.1808783336999049,0.05968392640352249
ordinal_basis,diamond,mlp,3,path_spectral,standard,2,0.05680866578391997,0.044978830963373184
ordinal_basis,diamond,mlp,3,path_spectral,standard,3,0.04864903715717855,0.04297281429171562
ordinal_basis,diamond,mlp,3,path_spectral,standard,4,0.04860937356295327,0.04093508422374725
ordinal_basis,diamond,mlp,3,path_spectral,standard,5,0.04405688670990776,0.038938235491514206
ordinal_basis,diamond,mlp,3,path_spectral,standard,6,0.041521437913015366,0.03871457278728485
ordinal_basis,diamond,mlp,3,path_spectral,standard,7,0.040905329030744064,0.03685144707560539
ordinal_basis,diamond,mlp,3,path_spectral,standard,8,0.039682078246280936,0.03575829043984413
ordinal_basis,diamond,mlp,3,path_spectral,standard,9,0.038760994300054155,0.03457551822066307
ordinal_basis,diamond,mlp,3,path_spectral,standard,10,0.038599960005458435,0.03549028933048248
ordinal_basis,diamond,mlp,3,path_spectral,standard,11,0.037929745026532576,0.03303699567914009
ordinal_basis,diamond,mlp,3,path_spectral,standard,12,0.03469990518718163,0.03256382420659065
ordinal_basis,diamond,mlp,3,path_spectral,standard,13,0.03316117600055435,0.029616497457027435
ordinal_basis,diamond,mlp,3,path_spectral,standard,14,0.0322788779232808,0.029134279116988182
ordinal_basis,diamond,mlp,3,path_spectral,standard,15,0.03041388818235045,0.027812160551548004
ordinal_basis,diamond,mlp,3,path_spectral,standard,16,0.03132831381290658,0.027156775817275047
ordinal_basis,diamond,mlp,3,path_spectral,standard,17,0.030443115337549172,0.026335708796977997
ordinal_basis,diamond,mlp,3,path_spectral,standard,18,0.030019589187079615,0.02691543474793434
ordinal_basis,diamond,mlp,3,path_spectral,standard,19,0.0289941469988108,0.026252901181578636
ordinal_basis,diamond,mlp,3,path_spectral,standard,20,0.028997204708476262,0.025897512212395668
ordinal_basis,diamond,mlp,3,path_spectral,standard,21,0.028396608200475563,0.025853078812360764
ordinal_basis,diamond,mlp,3,path_spectral,standard,22,0.028023076750218725,0.0273581575602293
ordinal_basis,diamond,mlp,3,path_spectral,standard,23,0.02853174425420053,0.025756483897566795
ordinal_basis,diamond,mlp,3,path_spectral,standard,24,0.027650072959150993,0.024470970034599304
ordinal_basis,diamond,mlp,3,path_spectral,standard,25,0.02730215331863523,0.026435542851686478
ordinal_basis,diamond,mlp,3,path_spectral,standard,26,0.02720052000234572,0.024607954546809196
ordinal_basis,diamond,mlp,3,path_spectral,standard,27,0.026772252559736972,0.026688290759921074
ordinal_basis,diamond,mlp,3,path_spectral,standard,28,0.02676246161220971,0.023986173793673515
ordinal_basis,diamond,mlp,3,path_spectral,standard,29,0.02660482288475699,0.026829473674297333
ordinal_basis,diamond,mlp,3,path_spectral,standard,30,0.02645086103075332,0.022978371009230614
ordinal_basis,diamond,mlp,3,path_spectral,standard,31,0.025998357430578285,0.023707814514636993
ordinal_basis,diamond,mlp,3,path_spectral,standard,32,0.02607815495012148,0.023934373632073402
ordinal_basis,diamond,mlp,3,path_spectral,standard,33,0.026010963003325425,0.02405535988509655
ordinal_basis,diamond,mlp,3,path_spectral,standard,34,0.025632275649424944,0.023933731019496918
ordinal_basis,diamond,mlp,3,path_spectral,standard,35,0.02531630517840161,0.023565692827105522
ordinal_basis,diamond,mlp,3,path_spectral,standard,36,0.025670343418574194,0.022167665883898735
ordinal_basis,diamond,mlp,3,path_spectral,standard,37,0.02571579562199849,0.02700718864798546
ordinal_basis,diamond,mlp,3,path_spectral,standard,38,0.025515190687970805,0.022977598011493683
ordinal_basis,diamond,mlp,3,path_spectral,standard,39,0.02556078067290949,0.02227073162794113
ordinal_basis,diamond,mlp,3,path_spectral,standard,40,0.026627683245004516,0.02349959872663021
ordinal_basis,diamond,mlp,4,path_spectral,standard,1,0.18887530221601895,0.061916012316942215
ordinal_basis,diamond,mlp,4,path_spectral,standard,2,0.05592375983800573,0.0446462482213974
ordinal_basis,diamond,mlp,4,path_spectral,standard,3,0.048325077685048935,0.041668977588415146
ordinal_basis,diamond,mlp,4,path_spectral,standard,4,0.045580689651007616,0.042056579142808914
ordinal_basis,diamond,mlp,4,path_spectral,standard,5,0.042718125070238824,0.0397217683494091
ordinal_basis,diamond,mlp,4,path_spectral,standard,6,0.04197161973197412,0.03967389091849327
ordinal_basis,diamond,mlp,4,path_spectral,standard,7,0.04120792418617762,0.03864438086748123
ordinal_basis,diamond,mlp,4,path_spectral,standard,8,0.0392565886794067,0.03527380898594856
ordinal_basis,diamond,mlp,4,path_spectral,standard,9,0.03844432651859346,0.03728837892413139
ordinal_basis,diamond,mlp,4,path_spectral,standard,10,0.03712807275528172,0.03252177685499191
ordinal_basis,diamond,mlp,4,path_spectral,standard,11,0.03624297416439858,0.03049979731440544
ordinal_basis,diamond,mlp,4,path_spectral,standard,12,0.03435105531952365,0.029800862073898315
ordinal_basis,diamond,mlp,4,path_spectral,standard,13,0.03313684077099635,0.02855164371430874
ordinal_basis,diamond,mlp,4,path_spectral,standard,14,0.03237889750394255,0.03248818963766098
ordinal_basis,diamond,mlp,4,path_spectral,standard,15,0.0317662474946306,0.02906852588057518
ordinal_basis,diamond,mlp,4,path_spectral,standard,16,0.030531062663595572,0.026293974369764328
ordinal_basis,diamond,mlp,4,path_spectral,standard,17,0.03030018068318889,0.02649981528520584
ordinal_basis,diamond,mlp,4,path_spectral,standard,18,0.030540307421201725,0.027547644451260567
ordinal_basis,diamond,mlp,4,path_spectral,standard,19,0.029230565646680737,0.02663804031908512
ordinal_basis,diamond,mlp,4,path_spectral,standard,20,0.029877805843878526,0.025693925097584724
ordinal_basis,diamond,mlp,4,path_spectral,standard,21,0.02968217649745482,0.025427725166082382
ordinal_basis,diamond,mlp,4,path_spectral,standard,22,0.02844900222904353,0.027047956362366676
ordinal_basis,diamond,mlp,4,path_spectral,standard,23,0.0286282778267766,0.025406908243894577
ordinal_basis,diamond,mlp,4,path_spectral,standard,24,0.027206707056491454,0.024499166756868362
ordinal_basis,diamond,mlp,4,path_spectral,standard,25,0.027468826590637745,0.024577636271715164
ordinal_basis,diamond,mlp,4,path_spectral,standard,26,0.02725853484535852,0.025147954002022743
ordinal_basis,diamond,mlp,4,path_spectral,standard,27,0.027138872112406422,0.023811878636479378
ordinal_basis,diamond,mlp,4,path_spectral,standard,28,0.027755804633851907,0.025528259575366974
ordinal_basis,diamond,mlp,4,path_spectral,standard,29,0.025870336235477753,0.023401876911520958
ordinal_basis,diamond,mlp,4,path_spectral,standard,30,0.026420560223980497,0.02454092726111412
ordinal_basis,diamond,mlp,4,path_spectral,standard,31,0.025777142456769406,0.02301652729511261
ordinal_basis,diamond,mlp,4,path_spectral,standard,32,0.02575220073865225,0.024500781670212746
ordinal_basis,diamond,mlp,4,path_spectral,standard,33,0.02555514249498165,0.023924879729747772
ordinal_basis,diamond,mlp,4,path_spectral,standard,34,0.02569959613832264,0.02380039356648922
ordinal_basis,diamond,mlp,4,path_spectral,standard,35,0.02560207401128059,0.022500116378068924
ordinal_basis,diamond,mlp,4,path_spectral,standard,36,0.024847437082622166,0.0226944237947464
ordinal_basis,diamond,mlp,4,path_spectral,standard,37,0.025193615390732917,0.022660832852125168
ordinal_basis,diamond,mlp,4,path_spectral,standard,38,0.02494542702582709,0.02240852639079094
ordinal_basis,diamond,mlp,4,path_spectral,standard,39,0.025318560952504742,0.022771546617150307
ordinal_basis,diamond,mlp,4,path_spectral,standard,40,0.025589727280381804,0.02365209348499775
ordinal_basis,diamond,mlp,1,whitened,standard,1,0.15667805193692289,0.04465685412287712
ordinal_basis,diamond,mlp,1,whitened,standard,2,0.04892170303661306,0.04006004333496094
ordinal_basis,diamond,mlp,1,whitened,standard,3,0.045416679878097214,0.038970526307821274
ordinal_basis,diamond,mlp,1,whitened,standard,4,0.04400110129013488,0.036856696009635925
ordinal_basis,diamond,mlp,1,whitened,standard,5,0.04173008184733795,0.03657582402229309
ordinal_basis,diamond,mlp,1,whitened,standard,6,0.04111433565597831,0.03978881239891052
ordinal_basis,diamond,mlp,1,whitened,standard,7,0.04065088446979306,0.03669626638293266
ordinal_basis,diamond,mlp,1,whitened,standard,8,0.03909267882016124,0.035257745534181595
ordinal_basis,diamond,mlp,1,whitened,standard,9,0.03790608289928398,0.03415060043334961
ordinal_basis,diamond,mlp,1,whitened,standard,10,0.03755068702718266,0.0326579324901104
ordinal_basis,diamond,mlp,1,whitened,standard,11,0.0362750186819953,0.032867684960365295
ordinal_basis,diamond,mlp,1,whitened,standard,12,0.035392588435369444,0.03065120056271553
ordinal_basis,diamond,mlp,1,whitened,standard,13,0.034361364586953096,0.030190590769052505
ordinal_basis,diamond,mlp,1,whitened,standard,14,0.032762044073064135,0.02828982286155224
ordinal_basis,diamond,mlp,1,whitened,standard,15,0.03225719172427992,0.029619574546813965
ordinal_basis,diamond,mlp,1,whitened,standard,16,0.03053015063842614,0.027975764125585556
ordinal_basis,diamond,mlp,1,whitened,standard,17,0.030507117333996477,0.02724587358534336
ordinal_basis,diamond,mlp,1,whitened,standard,18,0.029074955036396042,0.02560574561357498
ordinal_basis,diamond,mlp,1,whitened,standard,19,0.028950574457453762,0.02823394164443016
ordinal_basis,diamond,mlp,1,whitened,standard,20,0.029440965659713308,0.025423511862754822
ordinal_basis,diamond,mlp,1,whitened,standard,21,0.028825982668494014,0.032108403742313385
ordinal_basis,diamond,mlp,1,whitened,standard,22,0.028261396829972852,0.024203617125749588
ordinal_basis,diamond,mlp,1,whitened,standard,23,0.027870887309018863,0.024133773520588875
ordinal_basis,diamond,mlp,1,whitened,standard,24,0.02681480376146189,0.02429579570889473
ordinal_basis,diamond,mlp,1,whitened,standard,25,0.027032084141035268,0.023947343230247498
ordinal_basis,diamond,mlp,1,whitened,standard,26,0.027244374183030624,0.026508312672376633
ordinal_basis,diamond,mlp,1,whitened,standard,27,0.026655155990325315,0.023871954530477524
ordinal_basis,diamond,mlp,1,whitened,standard,28,0.02631431012788452,0.02388611063361168
ordinal_basis,diamond,mlp,1,whitened,standard,29,0.02567244677136883,0.024590807035565376
ordinal_basis,diamond,mlp,1,whitened,standard,30,0.027234351754482928,0.02387196570634842
ordinal_basis,diamond,mlp,1,whitened,standard,31,0.02583950491713979,0.02360333502292633
ordinal_basis,diamond,mlp,1,whitened,standard,32,0.02681003268092119,0.02482411079108715
ordinal_basis,diamond,mlp,1,whitened,standard,33,0.02619761307219728,0.02435568906366825
ordinal_basis,diamond,mlp,1,whitened,standard,34,0.026052740846180075,0.0255553238093853
ordinal_basis,diamond,mlp,1,whitened,standard,35,0.02494944347808578,0.02342090755701065
ordinal_basis,diamond,mlp,1,whitened,standard,36,0.02518674860810421,0.027053240686655045
ordinal_basis,diamond,mlp,1,whitened,standard,37,0.025679325756236035,0.025809437036514282
ordinal_basis,diamond,mlp,1,whitened,standard,38,0.024975634890540423,0.023901093751192093
ordinal_basis,diamond,mlp,1,whitened,standard,39,0.025832309369683604,0.024142561480402946
ordinal_basis,diamond,mlp,1,whitened,standard,40,0.02597976861653958,0.023958764970302582
ordinal_basis,diamond,mlp,2,whitened,standard,1,0.16683051963821163,0.0443822480738163
ordinal_basis,diamond,mlp,2,whitened,standard,2,0.04969682692764898,0.04242163524031639
ordinal_basis,diamond,mlp,2,whitened,standard,3,0.044785648669347915,0.03778091073036194
ordinal_basis,diamond,mlp,2,whitened,standard,4,0.0433218979880575,0.03696117177605629
ordinal_basis,diamond,mlp,2,whitened,standard,5,0.04146170543901652,0.038351867347955704
ordinal_basis,diamond,mlp,2,whitened,standard,6,0.041298820122337015,0.03716789558529854
ordinal_basis,diamond,mlp,2,whitened,standard,7,0.039885614673143804,0.03510243445634842
ordinal_basis,diamond,mlp,2,whitened,standard,8,0.039024564478710305,0.036299023777246475
ordinal_basis,diamond,mlp,2,whitened,standard,9,0.0384680762716929,0.039469484239816666
ordinal_basis,diamond,mlp,2,whitened,standard,10,0.038386199111727276,0.034690145403146744
ordinal_basis,diamond,mlp,2,whitened,standard,11,0.03668995277882693,0.033542074263095856
ordinal_basis,diamond,mlp,2,whitened,standard,12,0.03560491712300254,0.03114643320441246
ordinal_basis,diamond,mlp,2,whitened,standard,13,0.03404771944675277,0.030308665707707405
ordinal_basis,diamond,mlp,2,whitened,standard,14,0.03393852151342202,0.029550356790423393
ordinal_basis,diamond,mlp,2,whitened,standard,15,0.03236868370105632,0.029497584328055382
ordinal_basis,diamond,mlp,2,whitened,standard,16,0.03188283238229206,0.02732177823781967
ordinal_basis,diamond,mlp,2,whitened,standard,17,0.030657385849719776,0.02651233971118927
ordinal_basis,diamond,mlp,2,whitened,standard,18,0.03153370554408636,0.028381403535604477
ordinal_basis,diamond,mlp,2,whitened,standard,19,0.029427006590561817,0.02621632069349289
ordinal_basis,diamond,mlp,2,whitened,standard,20,0.030098405626100753,0.02647337317466736
ordinal_basis,diamond,mlp,2,whitened,standard,21,0.028608058174616514,0.02650514803826809
ordinal_basis,diamond,mlp,2,whitened,standard,22,0.02827866553288167,0.025017553940415382
ordinal_basis,diamond,mlp,2,whitened,standard,23,0.027558941904522655,0.025283170863986015
ordinal_basis,diamond,mlp,2,whitened,standard,24,0.0281369843886888,0.025724992156028748
ordinal_basis,diamond,mlp,2,whitened,standard,25,0.02775073071950852,0.026067445054650307
ordinal_basis,diamond,mlp,2,whitened,standard,26,0.026728502130939042,0.026072002947330475
ordinal_basis,diamond,mlp,2,whitened,standard,27,0.026504922193528457,0.02461540699005127
ordinal_basis,diamond,mlp,2,whitened,standard,28,0.027705404409712843,0.029523933306336403
ordinal_basis,diamond,mlp,2,whitened,standard,29,0.027538054128707617,0.024403423070907593
ordinal_basis,diamond,mlp,2,whitened,standard,30,0.026763436543590906,0.026953522115945816
ordinal_basis,diamond,mlp,2,whitened,standard,31,0.026508445502646652,0.02646990306675434
ordinal_basis,diamond,mlp,2,whitened,standard,32,0.02611850910213565,0.023981451988220215
ordinal_basis,diamond,mlp,2,whitened,standard,33,0.02656450695708532,0.024037471041083336
ordinal_basis,diamond,mlp,2,whitened,standard,34,0.025547355456440515,0.02369942143559456
ordinal_basis,diamond,mlp,2,whitened,standard,35,0.025348799356375493,0.024635428562760353
ordinal_basis,diamond,mlp,2,whitened,standard,36,0.02624946363064815,0.0239280853420496
ordinal_basis,diamond,mlp,2,whitened,standard,37,0.025649325650027036,0.026808740571141243
ordinal_basis,diamond,mlp,2,whitened,standard,38,0.026322240783915225,0.025504745543003082
ordinal_basis,diamond,mlp,2,whitened,standard,39,0.026041017185596312,0.024287600070238113
ordinal_basis,diamond,mlp,2,whitened,standard,40,0.025149001535611493,0.02458900399506092
ordinal_basis,diamond,mlp,3,whitened,standard,1,0.15497386557589915,0.04235738888382912
ordinal_basis,diamond,mlp,3,whitened,standard,2,0.049116845178389504,0.03862602636218071
ordinal_basis,diamond,mlp,3,whitened,standard,3,0.045143211709736834,0.0438702255487442
ordinal_basis,diamond,mlp,3,whitened,standard,4,0.04449506787820264,0.037435613572597504
ordinal_basis,diamond,mlp,3,whitened,standard,5,0.042527992218769094,0.03635699674487114
ordinal_basis,diamond,mlp,3,whitened,standard,6,0.040420166036817536,0.03689377382397652
ordinal_basis,diamond,mlp,3,whitened,standard,7,0.04020050463375745,0.03527781739830971
ordinal_basis,diamond,mlp,3,whitened,standard,8,0.03930670513259774,0.035239338874816895
ordinal_basis,diamond,mlp,3,whitened,standard,9,0.03837606288236493,0.0349237360060215
ordinal_basis,diamond,mlp,3,whitened,standard,10,0.03734273786969859,0.034552380442619324
ordinal_basis,diamond,mlp,3,whitened,standard,11,0.0365757816808255,0.03165647014975548
ordinal_basis,diamond,mlp,3,whitened,standard,12,0.03460783905565958,0.03208944946527481
ordinal_basis,diamond,mlp,3,whitened,standard,13,0.03275646299634412,0.029288290068507195
ordinal_basis,diamond,mlp,3,whitened,standard,14,0.031307118414778415,0.027616823092103004
ordinal_basis,diamond,mlp,3,whitened,standard,15,0.03038895606736931,0.027304213494062424
ordinal_basis,diamond,mlp,3,whitened,standard,16,0.03061022173392842,0.026672465726733208
ordinal_basis,diamond,mlp,3,whitened,standard,17,0.029579302528326773,0.026237938553094864
ordinal_basis,diamond,mlp,3,whitened,standard,18,0.029322621306900713,0.025167109444737434
ordinal_basis,diamond,mlp,3,whitened,standard,19,0.028575834390603152,0.025728262960910797
ordinal_basis,diamond,mlp,3,whitened,standard,20,0.02877275995972326,0.025177504867315292
ordinal_basis,diamond,mlp,3,whitened,standard,21,0.027661330152439708,0.026866471394896507
ordinal_basis,diamond,mlp,3,whitened,standard,22,0.027741656332827363,0.02796800807118416
ordinal_basis,diamond,mlp,3,whitened,standard,23,0.02770032274721672,0.02501889131963253
ordinal_basis,diamond,mlp,3,whitened,standard,24,0.02679031379190677,0.023585936054587364
ordinal_basis,diamond,mlp,3,whitened,standard,25,0.026880424292622947,0.025119146332144737
ordinal_basis,diamond,mlp,3,whitened,standard,26,0.026892214313143842,0.024099672213196754
ordinal_basis,diamond,mlp,3,whitened,standard,27,0.02641385159627929,0.02728279121220112
ordinal_basis,diamond,mlp,3,whitened,standard,28,0.026760483413834565,0.02494739554822445
ordinal_basis,diamond,mlp,3,whitened,standard,29,0.02609976441581488,0.025894584134221077
ordinal_basis,diamond,mlp,3,whitened,standard,30,0.026332966865476523,0.023688144981861115
ordinal_basis,diamond,mlp,3,whitened,standard,31,0.02639257773849355,0.02435120940208435
ordinal_basis,diamond,mlp,4,whitened,standard,1,0.16830903882702672,0.04443486034870148
ordinal_basis,diamond,mlp,4,whitened,standard,2,0.048628100985341455,0.03979196026921272
ordinal_basis,diamond,mlp,4,whitened,standard,3,0.04632181766648557,0.038093842566013336
ordinal_basis,diamond,mlp,4,whitened,standard,4,0.043582769573371094,0.03707795590162277
ordinal_basis,diamond,mlp,4,whitened,standard,5,0.042137345639538616,0.038085486739873886
ordinal_basis,diamond,mlp,4,whitened,standard,6,0.04147587993540057,0.03805489465594292
ordinal_basis,diamond,mlp,4,whitened,standard,7,0.04036838162479645,0.03717595338821411
ordinal_basis,diamond,mlp,4,whitened,standard,8,0.03950004986847788,0.034542981535196304
ordinal_basis,diamond,mlp,4,whitened,standard,9,0.0388201109722681,0.036193765699863434
ordinal_basis,diamond,mlp,4,whitened,standard,10,0.03821823338559206,0.03426709398627281
ordinal_basis,diamond,mlp,4,whitened,standard,11,0.038284885768748486,0.0333080068230629
ordinal_basis,diamond,mlp,4,whitened,standard,12,0.03695559132982231,0.0332295298576355
ordinal_basis,diamond,mlp,4,whitened,standard,13,0.03524016792608108,0.032626885920763016
ordinal_basis,diamond,mlp,4,whitened,standard,14,0.034581671870487565,0.033798567950725555
ordinal_basis,diamond,mlp,4,whitened,standard,15,0.03384720564388406,0.03190920501947403
ordinal_basis,diamond,mlp,4,whitened,standard,16,0.03210400975150706,0.02827063761651516
ordinal_basis,diamond,mlp,4,whitened,standard,17,0.03125506103591738,0.02782537415623665
ordinal_basis,diamond,mlp,4,whitened,standard,18,0.031441785476566335,0.027759794145822525
ordinal_basis,diamond,mlp,4,whitened,standard,19,0.030502738234207454,0.027498062700033188
ordinal_basis,diamond,mlp,4,whitened,standard,20,0.030204697222746484,0.02774757519364357
ordinal_basis,diamond,mlp,4,whitened,standard,21,0.03123707742399811,0.02680075913667679
ordinal_basis,diamond,mlp,4,whitened,standard,22,0.029005107586700343,0.027701498940587044
ordinal_basis,diamond,mlp,4,whitened,standard,23,0.028888017674163706,0.026324676349759102
ordinal_basis,diamond,mlp,4,whitened,standard,24,0.02797306316515506,0.02592518739402294
ordinal_basis,diamond,mlp,4,whitened,standard,25,0.02817007460636583,0.025663912296295166
ordinal_basis,diamond,mlp,4,whitened,standard,26,0.02795587735823776,0.02588016167283058
ordinal_basis,diamond,mlp,4,whitened,standard,27,0.027379457450586665,0.024579480290412903
ordinal_basis,diamond,mlp,4,whitened,standard,28,0.027863737291611568,0.02706531435251236
ordinal_basis,diamond,mlp,4,whitened,standard,29,0.026272306774553052,0.02433953620493412
ordinal_basis,diamond,mlp,4,whitened,standard,30,0.027103801733727013,0.02410636842250824
ordinal_basis,diamond,mlp,4,whitened,standard,31,0.025742304638085987,0.023726819083094597
ordinal_basis,diamond,mlp,4,whitened,standard,32,0.026136993124754298,0.0240132138133049
ordinal_basis,diamond,mlp,4,whitened,standard,33,0.026130401208355334,0.02476608194410801
ordinal_basis,diamond,mlp,4,whitened,standard,34,0.026320205243198995,0.025288142263889313
ordinal_basis,diamond,mlp,4,whitened,standard,35,0.02614651307287099,0.023383529856801033
ordinal_basis,diamond,mlp,4,whitened,standard,36,0.024727732521494194,0.022921497002243996
ordinal_basis,diamond,mlp,4,whitened,standard,37,0.025323595329681002,0.02328585647046566
ordinal_basis,diamond,mlp,4,whitened,standard,38,0.02512489177336481,0.023110030218958855
ordinal_basis,diamond,mlp,4,whitened,standard,39,0.025249378630724555,0.023462997749447823
ordinal_basis,diamond,mlp,4,whitened,standard,40,0.025259466402122357,0.025555845350027084
ordinal_basis,diamond,resnet,0,local,standard,1,0.15555830491282466,0.05184740200638771
ordinal_basis,diamond,resnet,0,local,standard,2,0.03972503007691089,0.03151048347353935
ordinal_basis,diamond,resnet,0,local,standard,3,0.034731415645602885,0.036334328353405
ordinal_basis,diamond,resnet,0,local,standard,4,0.032683846483258026,0.028151504695415497
ordinal_basis,diamond,resnet,0,local,standard,5,0.029183348302382027,0.027086380869150162
ordinal_basis,diamond,resnet,0,local,standard,6,0.028756898007895226,0.036648258566856384
ordinal_basis,diamond,resnet,0,local,standard,7,0.02946395710040952,0.026804974302649498
ordinal_basis,diamond,resnet,0,local,standard,8,0.026369125930812184,0.03283863142132759
ordinal_basis,diamond,resnet,0,local,standard,9,0.026770083248768072,0.03235107287764549
ordinal_basis,diamond,resnet,0,local,standard,10,0.02781895203164358,0.02546774223446846
ordinal_basis,diamond,resnet,0,local,standard,11,0.025048101938830815,0.0270131416618824
ordinal_basis,diamond,resnet,0,local,standard,12,0.025111622985419284,0.026223966851830482
ordinal_basis,diamond,resnet,0,local,standard,13,0.02512100795497313,0.024773629382252693
ordinal_basis,diamond,resnet,0,local,standard,14,0.02401135788837606,0.024441998451948166
ordinal_basis,diamond,resnet,0,local,standard,15,0.024091591733179457,0.027601001784205437
ordinal_basis,diamond,resnet,0,local,standard,16,0.023230287466172415,0.027105281129479408
ordinal_basis,diamond,resnet,0,local,standard,17,0.02346133447768932,0.02633132040500641
ordinal_basis,diamond,resnet,0,local,standard,18,0.022616086268496382,0.022951332852244377
ordinal_basis,diamond,resnet,0,local,standard,19,0.022661219466380403,0.025142624974250793
ordinal_basis,diamond,resnet,0,local,standard,20,0.022096510957074534,0.02339763566851616
ordinal_basis,diamond,resnet,0,local,standard,21,0.022504839858073722,0.022645488381385803
ordinal_basis,diamond,resnet,0,local,standard,22,0.021841888927711692,0.022795729339122772
ordinal_basis,diamond,resnet,0,local,standard,23,0.021613895907071752,0.02254740335047245
ordinal_basis,diamond,resnet,0,local,standard,24,0.02078875951642254,0.023897165432572365
ordinal_basis,diamond,resnet,0,local,standard,25,0.02105620222536918,0.023995384573936462
ordinal_basis,diamond,resnet,0,local,standard,26,0.02029843005614735,0.024125447496771812
ordinal_basis,diamond,resnet,0,local,standard,27,0.021276802928527287,0.023134732618927956
ordinal_basis,diamond,resnet,0,local,standard,28,0.021083144107272085,0.025342268869280815
ordinal_basis,diamond,resnet,0,local,standard,29,0.0208559579417122,0.02350073866546154
ordinal_basis,diamond,resnet,0,local,standard,30,0.02065163395215647,0.022897319868206978
ordinal_basis,diamond,resnet,1,local,standard,1,0.1398285171641062,0.03967367857694626
ordinal_basis,diamond,resnet,1,local,standard,2,0.040053538849790384,0.03358148783445358
ordinal_basis,diamond,resnet,1,local,standard,3,0.03370493246558429,0.03196587413549423
ordinal_basis,diamond,resnet,1,local,standard,4,0.03095771161994384,0.027516480535268784
ordinal_basis,diamond,resnet,1,local,standard,5,0.029147985294978803,0.028495319187641144
ordinal_basis,diamond,resnet,1,local,standard,6,0.029571960960088017,0.029188714921474457
ordinal_basis,diamond,resnet,1,local,standard,7,0.028598389920886567,0.029058029875159264
ordinal_basis,diamond,resnet,1,local,standard,8,0.02664018105050225,0.029337288811802864
ordinal_basis,diamond,resnet,1,local,standard,9,0.026596147602375518,0.026834646239876747
ordinal_basis,diamond,resnet,1,local,standard,10,0.025521262858981004,0.025123493745923042
ordinal_basis,diamond,resnet,1,local,standard,11,0.024482081895379298,0.0248989537358284
ordinal_basis,diamond,resnet,1,local,standard,12,0.024432038220780817,0.02662690356373787
ordinal_basis,diamond,resnet,1,local,standard,13,0.024709030431695148,0.025103861466050148
ordinal_basis,diamond,resnet,1,local,standard,14,0.024727530569612508,0.027994124218821526
ordinal_basis,diamond,resnet,1,local,standard,15,0.0231539187616455,0.024085024371743202
ordinal_basis,diamond,resnet,1,local,standard,16,0.022403630085740773,0.02504795230925083
ordinal_basis,diamond,resnet,1,local,standard,17,0.02225232116645155,0.025863830000162125
ordinal_basis,diamond,resnet,1,local,standard,18,0.02218057908354534,0.025247834622859955
ordinal_basis,diamond,resnet,1,local,standard,19,0.022491937028236313,0.02416854165494442
ordinal_basis,diamond,resnet,1,local,standard,20,0.021657645142991178,0.02224208414554596
ordinal_basis,diamond,resnet,1,local,standard,21,0.021486092043719464,0.022198809310793877
ordinal_basis,diamond,resnet,1,local,standard,22,0.021476417726019572,0.025963330641388893
ordinal_basis,diamond,resnet,1,local,standard,23,0.02125045504314269,0.0277826189994812
ordinal_basis,diamond,resnet,1,local,standard,24,0.021394585409339785,0.024584539234638214
ordinal_basis,diamond,resnet,1,local,standard,25,0.020340714671270452,0.022126734256744385
ordinal_basis,diamond,resnet,1,local,standard,26,0.020515733750484752,0.02500929869711399
ordinal_basis,diamond,resnet,1,local,standard,27,0.02023061812812111,0.021935513243079185
ordinal_basis,diamond,resnet,1,local,standard,28,0.02031902836084863,0.02306254580616951
ordinal_basis,diamond,resnet,1,local,standard,29,0.020478069654918864,0.023570304736495018
ordinal_basis,diamond,resnet,1,local,standard,30,0.020204343129836346,0.021013744175434113
ordinal_basis,diamond,resnet,1,local,standard,31,0.020091171378268657,0.021851038560271263
ordinal_basis,diamond,resnet,1,local,standard,32,0.020012324983202007,0.02352035976946354
ordinal_basis,diamond,resnet,1,local,standard,33,0.019968157566126424,0.023215796798467636
ordinal_basis,diamond,resnet,1,local,standard,34,0.019842557917363852,0.022448433563113213
ordinal_basis,diamond,resnet,1,local,standard,35,0.01880813716477209,0.021093932911753654
ordinal_basis,diamond,resnet,1,local,standard,36,0.020122822266650346,0.023441381752490997
ordinal_basis,diamond,resnet,1,local,standard,37,0.01930608494401346,0.02186085470020771
ordinal_basis,diamond,resnet,2,local,standard,1,0.14470204628255295,0.04372313246130943
ordinal_basis,diamond,resnet,2,local,standard,2,0.039753563205271604,0.03650610148906708
ordinal_basis,diamond,resnet,2,local,standard,3,0.034194663871352816,0.029791709035634995
ordinal_basis,diamond,resnet,2,local,standard,4,0.03100661935191874,0.027786850929260254
ordinal_basis,diamond,resnet,2,local,standard,5,0.028841089452579235,0.026768440380692482
ordinal_basis,diamond,resnet,2,local,standard,6,0.029453196302403794,0.026736343279480934
ordinal_basis,diamond,resnet,2,local,standard,7,0.027346451900682935,0.026125572621822357
ordinal_basis,diamond,resnet,2,local,standard,8,0.02633810012946451,0.02744668535888195
ordinal_basis,diamond,resnet,2,local,standard,9,0.026086717156383034,0.026527242735028267
ordinal_basis,diamond,resnet,2,local,standard,10,0.025356775396124055,0.02630114182829857
ordinal_basis,diamond,resnet,2,local,standard,11,0.02565737930376713,0.028496162965893745
ordinal_basis,diamond,resnet,2,local,standard,12,0.024696477190961942,0.02622562274336815
ordinal_basis,diamond,resnet,2,local,standard,13,0.02437881513765729,0.02760092355310917
ordinal_basis,diamond,resnet,2,local,standard,14,0.02402481276315653,0.025270583108067513
ordinal_basis,diamond,resnet,2,local,standard,15,0.023459373004325525,0.02620622143149376
ordinal_basis,diamond,resnet,2,local,standard,16,0.02237299870620759,0.024050146341323853
ordinal_basis,diamond,resnet,2,local,standard,17,0.023356551327984768,0.023480454459786415
ordinal_basis,diamond,resnet,2,local,standard,18,0.02298694872113219,0.022710157558321953
ordinal_basis,diamond,resnet,2,local,standard,19,0.02180467606439454,0.02544749341905117
ordinal_basis,diamond,resnet,2,local,standard,20,0.022075027777330163,0.02369093708693981
ordinal_basis,diamond,resnet,2,local,standard,21,0.02161786006373739,0.022883109748363495
ordinal_basis,diamond,resnet,2,local,standard,22,0.021079929691097374,0.02249821461737156
ordinal_basis,diamond,resnet,2,local,standard,23,0.02098312628517268,0.028928110376000404
ordinal_basis,diamond,resnet,2,local,standard,24,0.021391569970080713,0.022119564935564995
ordinal_basis,diamond,resnet,2,local,standard,25,0.020815847904504026,0.021520715206861496
ordinal_basis,diamond,resnet,2,local,standard,26,0.020555877642014473,0.021823836490511894
ordinal_basis,diamond,resnet,2,local,standard,27,0.020176246520656825,0.023215724155306816
ordinal_basis,diamond,resnet,2,local,standard,28,0.020190698602481096,0.026251740753650665
ordinal_basis,diamond,resnet,2,local,standard,29,0.019663914719979112,0.021279076114296913
ordinal_basis,diamond,resnet,2,local,standard,30,0.020724587800255715,0.02171418070793152
ordinal_basis,diamond,resnet,2,local,standard,31,0.019778635183101644,0.021285610273480415
ordinal_basis,diamond,resnet,2,local,standard,32,0.019754007144064313,0.020923437550663948
ordinal_basis,diamond,resnet,2,local,standard,33,0.02001376635085305,0.021609928458929062
ordinal_basis,diamond,resnet,2,local,standard,34,0.020155171196584987,0.020534096285700798
ordinal_basis,diamond,resnet,2,local,standard,35,0.018662685976563332,0.022615889087319374
ordinal_basis,diamond,resnet,2,local,standard,36,0.018862208270206855,0.021290985867381096
ordinal_basis,diamond,resnet,2,local,standard,37,0.018920246355060972,0.02422749064862728
ordinal_basis,diamond,resnet,2,local,standard,38,0.01954631580241172,0.02275758422911167
ordinal_basis,diamond,resnet,2,local,standard,39,0.01872606872127735,0.021619878709316254
ordinal_basis,diamond,resnet,2,local,standard,40,0.018935717250310614,0.021863136440515518
ordinal_basis,diamond,resnet,0,cumulative,standard,1,0.1402075636466857,0.03582295775413513
ordinal_basis,diamond,resnet,0,cumulative,standard,2,0.040391619356649054,0.030659664422273636
ordinal_basis,diamond,resnet,0,cumulative,standard,3,0.033852765160625416,0.028023315593600273
ordinal_basis,diamond,resnet,0,cumulative,standard,4,0.030850496960279458,0.02925606071949005
ordinal_basis,diamond,resnet,0,cumulative,standard,5,0.029053976253091172,0.0270095132291317
ordinal_basis,diamond,resnet,0,cumulative,standard,6,0.02878769401987829,0.03328114002943039
ordinal_basis,diamond,resnet,0,cumulative,standard,7,0.028049752215969562,0.03090032935142517
ordinal_basis,diamond,resnet,0,cumulative,standard,8,0.026290933144246745,0.029524166136980057
ordinal_basis,diamond,resnet,0,cumulative,standard,9,0.027507122664042684,0.033989425748586655
ordinal_basis,diamond,resnet,0,cumulative,standard,10,0.02652300350930901,0.025548407807946205
ordinal_basis,diamond,resnet,0,cumulative,standard,11,0.025325055872794704,0.025664236396551132
ordinal_basis,diamond,resnet,0,cumulative,standard,12,0.024520573439150734,0.02678471989929676
ordinal_basis,diamond,resnet,0,cumulative,standard,13,0.02539871925013456,0.02361208014190197
ordinal_basis,diamond,resnet,0,cumulative,standard,14,0.023961530802000135,0.024566475301980972
ordinal_basis,diamond,resnet,0,cumulative,standard,15,0.02443058351245525,0.026518110185861588
ordinal_basis,diamond,resnet,0,cumulative,standard,16,0.023595237770469592,0.024064568802714348
ordinal_basis,diamond,resnet,0,cumulative,standard,17,0.023237597354092903,0.023142602294683456
ordinal_basis,diamond,resnet,0,cumulative,standard,18,0.023068293386941396,0.023935962468385696
ordinal_basis,diamond,resnet,0,cumulative,standard,19,0.022455112416927304,0.02589421533048153
ordinal_basis,diamond,resnet,0,cumulative,standard,20,0.02298147013559685,0.02379063330590725
ordinal_basis,diamond,resnet,0,cumulative,standard,21,0.022119567908318812,0.02150835283100605
ordinal_basis,diamond,resnet,0,cumulative,standard,22,0.021974868826097192,0.023288145661354065
ordinal_basis,diamond,resnet,0,cumulative,standard,23,0.02185434891764419,0.022618448361754417
ordinal_basis,diamond,resnet,0,cumulative,standard,24,0.020835016931292683,0.02436189539730549
ordinal_basis,diamond,resnet,0,cumulative,standard,25,0.020641435356636678,0.022440345957875252
ordinal_basis,diamond,resnet,0,cumulative,standard,26,0.020818179431464332,0.02107984386384487
ordinal_basis,diamond,resnet,0,cumulative,standard,27,0.020329379842191627,0.022114688530564308
ordinal_basis,diamond,resnet,0,cumulative,standard,28,0.02090314864561513,0.024679580703377724
ordinal_basis,diamond,resnet,0,cumulative,standard,29,0.02012883052911896,0.02195870131254196
ordinal_basis,diamond,resnet,0,cumulative,standard,30,0.02059775720943457,0.023349881172180176
ordinal_basis,diamond,resnet,0,cumulative,standard,31,0.02031425515322015,0.02349071018397808
ordinal_basis,diamond,resnet,0,cumulative,standard,32,0.020381440158356818,0.020346736535429955
ordinal_basis,diamond,resnet,0,cumulative,standard,33,0.019852840186744398,0.021387677639722824
ordinal_basis,diamond,resnet,0,cumulative,standard,34,0.020193990820471207,0.020629344508051872
ordinal_basis,diamond,resnet,0,cumulative,standard,35,0.019467468062065375,0.021454840898513794
ordinal_basis,diamond,resnet,0,cumulative,standard,36,0.019726083885389153,0.021455025300383568
ordinal_basis,diamond,resnet,0,cumulative,standard,37,0.02012422661214496,0.023208092898130417
ordinal_basis,diamond,resnet,0,cumulative,standard,38,0.01996519877157307,0.021379943937063217
ordinal_basis,diamond,resnet,0,cumulative,standard,39,0.01897039709077529,0.02150627039372921
ordinal_basis,diamond,resnet,1,cumulative,standard,1,0.2007132541622554,0.04240557551383972
ordinal_basis,diamond,resnet,1,cumulative,standard,2,0.04158755992149524,0.03564760833978653
ordinal_basis,diamond,resnet,1,cumulative,standard,3,0.03339364672025887,0.029069656506180763
ordinal_basis,diamond,resnet,1,cumulative,standard,4,0.031850502844052234,0.027200348675251007
ordinal_basis,diamond,resnet,1,cumulative,standard,5,0.030629097570248284,0.02800738997757435
ordinal_basis,diamond,resnet,1,cumulative,standard,6,0.028159200303822626,0.030007919296622276
ordinal_basis,diamond,resnet,1,cumulative,standard,7,0.028332118550621704,0.029547525569796562
ordinal_basis,diamond,resnet,1,cumulative,standard,8,0.026879895011975907,0.029387466609477997
ordinal_basis,diamond,resnet,1,cumulative,standard,9,0.027214935399594728,0.02833488956093788
ordinal_basis,diamond,resnet,1,cumulative,standard,10,0.025638080732466078,0.024994296953082085
ordinal_basis,diamond,resnet,1,cumulative,standard,11,0.024614911074390906,0.024666020646691322
ordinal_basis,diamond,resnet,1,cumulative,standard,12,0.024511735889896528,0.029961204156279564
ordinal_basis,diamond,resnet,1,cumulative,standard,13,0.025352058834415322,0.026312127709388733
ordinal_basis,diamond,resnet,1,cumulative,standard,14,0.026075986843415985,0.0261799655854702
ordinal_basis,diamond,resnet,1,cumulative,standard,15,0.023385104132581862,0.023786112666130066
ordinal_basis,diamond,resnet,1,cumulative,standard,16,0.022768489325542682,0.024911371991038322
ordinal_basis,diamond,resnet,1,cumulative,standard,17,0.02256149095886587,0.02913530543446541
ordinal_basis,diamond,resnet,1,cumulative,standard,18,0.022910673599159805,0.025517288595438004
ordinal_basis,diamond,resnet,1,cumulative,standard,19,0.022291291689738757,0.02339153178036213
ordinal_basis,diamond,resnet,1,cumulative,standard,20,0.02298547927130381,0.022449275478720665
ordinal_basis,diamond,resnet,1,cumulative,standard,21,0.022086941345003268,0.022061364725232124
ordinal_basis,diamond,resnet,1,cumulative,standard,22,0.022021147556494394,0.023344213142991066
ordinal_basis,diamond,resnet,1,cumulative,standard,23,0.02063523143713777,0.02590225264430046
ordinal_basis,diamond,resnet,1,cumulative,standard,24,0.022067434163920326,0.024636609479784966
ordinal_basis,diamond,resnet,1,cumulative,standard,25,0.021055272260403404,0.023820891976356506
ordinal_basis,diamond,resnet,1,cumulative,standard,26,0.021795039278069046,0.02350768633186817
ordinal_basis,diamond,resnet,1,cumulative,standard,27,0.02105300246701018,0.022029362618923187
ordinal_basis,diamond,resnet,1,cumulative,standard,28,0.019976309854241026,0.021145060658454895
ordinal_basis,diamond,resnet,1,cumulative,standard,29,0.02012977563416696,0.023633049800992012
ordinal_basis,diamond,resnet,1,cumulative,standard,30,0.020889438539240544,0.019987627863883972
ordinal_basis,diamond,resnet,1,cumulative,standard,31,0.01995906061848571,0.02281378209590912
ordinal_basis,diamond,resnet,1,cumulative,standard,32,0.020558087075690464,0.02685481123626232
ordinal_basis,diamond,resnet,1,cumulative,standard,33,0.020492779292097817,0.02090945653617382
ordinal_basis,diamond,resnet,1,cumulative,standard,34,0.019984779414936094,0.021297985687851906
ordinal_basis,diamond,resnet,1,cumulative,standard,35,0.019461867959343238,0.020879436284303665
ordinal_basis,diamond,resnet,1,cumulative,standard,36,0.020537244623161588,0.020123036578297615
ordinal_basis,diamond,resnet,1,cumulative,standard,37,0.019492606547456385,0.020928502082824707
ordinal_basis,diamond,resnet,2,cumulative,standard,1,0.13495232986061767,0.03943378105759621
ordinal_basis,diamond,resnet,2,cumulative,standard,2,0.041555951185489284,0.042858392000198364
ordinal_basis,diamond,resnet,2,cumulative,standard,3,0.033628348290848174,0.0313674695789814
ordinal_basis,diamond,resnet,2,cumulative,standard,4,0.03205414132353833,0.030093705281615257
ordinal_basis,diamond,resnet,2,cumulative,standard,5,0.03050980399391367,0.032810427248477936
ordinal_basis,diamond,resnet,2,cumulative,standard,6,0.02933642225554919,0.027958029881119728
ordinal_basis,diamond,resnet,2,cumulative,standard,7,0.028196220048483513,0.027764184400439262
ordinal_basis,diamond,resnet,2,cumulative,standard,8,0.0275440690466214,0.028807125985622406
ordinal_basis,diamond,resnet,2,cumulative,standard,9,0.027212221818598108,0.028125347569584846
ordinal_basis,diamond,resnet,2,cumulative,standard,10,0.026044392197275713,0.026842642575502396
ordinal_basis,diamond,resnet,2,cumulative,standard,11,0.02614326292942383,0.03180141746997833
ordinal_basis,diamond,resnet,2,cumulative,standard,12,0.025888202500267007,0.0241322573274374
ordinal_basis,diamond,resnet,2,cumulative,standard,13,0.02533504069464421,0.02503025345504284
ordinal_basis,diamond,resnet,2,cumulative,standard,14,0.023937904412761418,0.024253733456134796
ordinal_basis,diamond,resnet,2,cumulative,standard,15,0.023655715658589527,0.024850832298398018
ordinal_basis,diamond,resnet,2,cumulative,standard,16,0.02334516739383664,0.023089498281478882
ordinal_basis,diamond,resnet,2,cumulative,standard,17,0.023596595198819053,0.025965789332985878
ordinal_basis,diamond,resnet,2,cumulative,standard,18,0.023112466971098502,0.022648585960268974
ordinal_basis,diamond,resnet,2,cumulative,standard,19,0.023140827490565074,0.023575207218527794
ordinal_basis,diamond,resnet,2,cumulative,standard,20,0.022641172320920146,0.02395721897482872
ordinal_basis,diamond,resnet,2,cumulative,standard,21,0.021850277422902097,0.023012720048427582
ordinal_basis,diamond,resnet,2,cumulative,standard,22,0.021749967206278677,0.02161075919866562
ordinal_basis,diamond,resnet,2,cumulative,standard,23,0.021191535663472736,0.025175202637910843
ordinal_basis,diamond,resnet,2,cumulative,standard,24,0.021551264958281715,0.02285068668425083
ordinal_basis,diamond,resnet,2,cumulative,standard,25,0.02113458258625259,0.02109035663306713
ordinal_basis,diamond,resnet,2,cumulative,standard,26,0.020464734679158627,0.021565895527601242
ordinal_basis,diamond,resnet,2,cumulative,standard,27,0.02018413663219958,0.022746840491890907
ordinal_basis,diamond,resnet,2,cumulative,standard,28,0.020179399692815143,0.02161048911511898
ordinal_basis,diamond,resnet,2,cumulative,standard,29,0.019875968762929384,0.020857002586126328
ordinal_basis,diamond,resnet,2,cumulative,standard,30,0.020822077221016574,0.020396940410137177
ordinal_basis,diamond,resnet,2,cumulative,standard,31,0.020509690339161342,0.020409125834703445
ordinal_basis,diamond,resnet,2,cumulative,standard,32,0.020377795178004955,0.021352488547563553
ordinal_basis,diamond,resnet,2,cumulative,standard,33,0.019839088713120512,0.020183885470032692
ordinal_basis,diamond,resnet,2,cumulative,standard,34,0.01981778414899199,0.020571785047650337
ordinal_basis,diamond,resnet,2,cumulative,standard,35,0.019493109592114394,0.020168712362647057
ordinal_basis,diamond,resnet,2,cumulative,standard,36,0.019244443141866064,0.021215613931417465
ordinal_basis,diamond,resnet,2,cumulative,standard,37,0.019961794319837713,0.024728501215577126
ordinal_basis,diamond,resnet,2,cumulative,standard,38,0.01891146689526166,0.020428219810128212
ordinal_basis,diamond,resnet,2,cumulative,standard,39,0.018939922996007143,0.021657269448041916
ordinal_basis,diamond,resnet,2,cumulative,standard,40,0.019877637333414504,0.022640176117420197
ordinal_basis,diamond,resnet,0,cumulative_standardized,standard,1,0.10621849206042577,0.03593902289867401
ordinal_basis,diamond,resnet,0,cumulative_standardized,standard,2,0.036587033844578426,0.030115898698568344
ordinal_basis,diamond,resnet,0,cumulative_standardized,standard,3,0.031871994508190844,0.029172383248806
ordinal_basis,diamond,resnet,0,cumulative_standardized,standard,4,0.029888602194174572,0.028032559901475906
ordinal_basis,diamond,resnet,0,cumulative_standardized,standard,5,0.02964309196432404,0.02713572047650814
ordinal_basis,diamond,resnet,0,cumulative_standardized,standard,6,0.02827271572877108,0.032105620950460434
ordinal_basis,diamond,resnet,0,cumulative_standardized,standard,7,0.029667300822519282,0.026780346408486366
ordinal_basis,diamond,resnet,0,cumulative_standardized,standard,8,0.026842873485497264,0.029208172112703323
ordinal_basis,diamond,resnet,0,cumulative_standardized,standard,9,0.026224504702663194,0.02677786536514759
ordinal_basis,diamond,resnet,0,cumulative_standardized,standard,10,0.02587802467485124,0.0250948965549469
ordinal_basis,diamond,resnet,0,cumulative_standardized,standard,11,0.02578168133574962,0.02555304765701294
ordinal_basis,diamond,resnet,0,cumulative_standardized,standard,12,0.025313358293883318,0.02706259675323963
ordinal_basis,diamond,resnet,0,cumulative_standardized,standard,13,0.025389618694586717,0.025873640552163124
ordinal_basis,diamond,resnet,0,cumulative_standardized,standard,14,0.02437229088414598,0.023941101506352425
ordinal_basis,diamond,resnet,0,cumulative_standardized,standard,15,0.02336048061022026,0.024189995601773262
ordinal_basis,diamond,resnet,0,cumulative_standardized,standard,16,0.02296699496408964,0.02563631720840931
ordinal_basis,diamond,resnet,0,cumulative_standardized,standard,17,0.023243319870711085,0.027371477335691452
ordinal_basis,diamond,resnet,0,cumulative_standardized,standard,18,0.02290559188378594,0.02258601412177086
ordinal_basis,diamond,resnet,0,cumulative_standardized,standard,19,0.0241755023080685,0.02417667768895626
ordinal_basis,diamond,resnet,0,cumulative_standardized,standard,20,0.022336602982150136,0.02415863797068596
ordinal_basis,diamond,resnet,0,cumulative_standardized,standard,21,0.022326762380596367,0.022735051810741425
ordinal_basis,diamond,resnet,0,cumulative_standardized,standard,22,0.021735307913045766,0.024141475558280945
ordinal_basis,diamond,resnet,0,cumulative_standardized,standard,23,0.021778001246018242,0.024065254256129265
ordinal_basis,diamond,resnet,0,cumulative_standardized,standard,24,0.021215590165897736,0.022512393072247505
ordinal_basis,diamond,resnet,0,cumulative_standardized,standard,25,0.021773603805911014,0.02428116835653782
ordinal_basis,diamond,resnet,0,cumulative_standardized,standard,26,0.02135319017611535,0.02225174382328987
ordinal_basis,diamond,resnet,0,cumulative_standardized,standard,27,0.02087096448396679,0.023393917828798294
ordinal_basis,diamond,resnet,0,cumulative_standardized,standard,28,0.02093610809115303,0.02385781891644001
ordinal_basis,diamond,resnet,0,cumulative_standardized,standard,29,0.020327300539485258,0.023549340665340424
ordinal_basis,diamond,resnet,0,cumulative_standardized,standard,30,0.020411856083840874,0.02346353977918625
ordinal_basis,diamond,resnet,0,cumulative_standardized,standard,31,0.02075824974661219,0.023543156683444977
ordinal_basis,diamond,resnet,0,cumulative_standardized,standard,32,0.020536801060774174,0.023095984011888504
ordinal_basis,diamond,resnet,0,cumulative_standardized,standard,33,0.02114862950215436,0.02270347811281681
ordinal_basis,diamond,resnet,1,cumulative_standardized,standard,1,0.09814928755973931,0.03963106870651245
ordinal_basis,diamond,resnet,1,cumulative_standardized,standard,2,0.03783777528933854,0.032846324145793915
ordinal_basis,diamond,resnet,1,cumulative_standardized,standard,3,0.032935174046032106,0.03002747893333435
ordinal_basis,diamond,resnet,1,cumulative_standardized,standard,4,0.03135529868197895,0.030733728781342506
ordinal_basis,diamond,resnet,1,cumulative_standardized,standard,5,0.029581320930560148,0.026340557262301445
ordinal_basis,diamond,resnet,1,cumulative_standardized,standard,6,0.02759639273285745,0.027326393872499466
ordinal_basis,diamond,resnet,1,cumulative_standardized,standard,7,0.028338712630960987,0.029336586594581604
ordinal_basis,diamond,resnet,1,cumulative_standardized,standard,8,0.026672704910150957,0.028901327401399612
ordinal_basis,diamond,resnet,1,cumulative_standardized,standard,9,0.028652345571728573,0.025942886248230934
ordinal_basis,diamond,resnet,1,cumulative_standardized,standard,10,0.025140052799753038,0.025246398523449898
ordinal_basis,diamond,resnet,1,cumulative_standardized,standard,11,0.024512510877724738,0.024966657161712646
ordinal_basis,diamond,resnet,1,cumulative_standardized,standard,12,0.024867915138392906,0.026291336864233017
ordinal_basis,diamond,resnet,1,cumulative_standardized,standard,13,0.024674580670613264,0.025011057034134865
ordinal_basis,diamond,resnet,1,cumulative_standardized,standard,14,0.022697596552817292,0.022709133103489876
ordinal_basis,diamond,resnet,1,cumulative_standardized,standard,15,0.022844359617851785,0.024593165144324303
ordinal_basis,diamond,resnet,1,cumulative_standardized,standard,16,0.022274184541444995,0.024390775710344315
ordinal_basis,diamond,resnet,1,cumulative_standardized,standard,17,0.02204708224194024,0.024176521226763725
ordinal_basis,diamond,resnet,1,cumulative_standardized,standard,18,0.02299028264352111,0.026315435767173767
ordinal_basis,diamond,resnet,1,cumulative_standardized,standard,19,0.022096689471170525,0.023254642263054848
ordinal_basis,diamond,resnet,1,cumulative_standardized,standard,20,0.0217312802080816,0.021642791107296944
ordinal_basis,diamond,resnet,1,cumulative_standardized,standard,21,0.02146589853355554,0.02230500988662243
ordinal_basis,diamond,resnet,1,cumulative_standardized,standard,22,0.021346403645483562,0.022556964308023453
ordinal_basis,diamond,resnet,1,cumulative_standardized,standard,23,0.021726340832201835,0.02478616125881672
ordinal_basis,diamond,resnet,1,cumulative_standardized,standard,24,0.020884646208271747,0.024351507425308228
ordinal_basis,diamond,resnet,1,cumulative_standardized,standard,25,0.021106031119192376,0.023478098213672638
ordinal_basis,diamond,resnet,1,cumulative_standardized,standard,26,0.021319758285886253,0.023122301325201988
ordinal_basis,diamond,resnet,1,cumulative_standardized,standard,27,0.021110516164161226,0.025086872279644012
ordinal_basis,diamond,resnet,2,cumulative_standardized,standard,1,0.10606847530422589,0.037979405373334885
ordinal_basis,diamond,resnet,2,cumulative_standardized,standard,2,0.03759293106690052,0.03220151364803314
ordinal_basis,diamond,resnet,2,cumulative_standardized,standard,3,0.03297366326955017,0.03512413054704666
ordinal_basis,diamond,resnet,2,cumulative_standardized,standard,4,0.030389468496530087,0.027621779590845108
ordinal_basis,diamond,resnet,2,cumulative_standardized,standard,5,0.029172689579985155,0.027496667578816414
ordinal_basis,diamond,resnet,2,cumulative_standardized,standard,6,0.028305719478727544,0.02807370387017727
ordinal_basis,diamond,resnet,2,cumulative_standardized,standard,7,0.027677348176567924,0.026925103738904
ordinal_basis,diamond,resnet,2,cumulative_standardized,standard,8,0.026790742472071853,0.02662344090640545
ordinal_basis,diamond,resnet,2,cumulative_standardized,standard,9,0.02558299526529062,0.025128435343503952
ordinal_basis,diamond,resnet,2,cumulative_standardized,standard,10,0.02574410613536997,0.024880200624465942
ordinal_basis,diamond,resnet,2,cumulative_standardized,standard,11,0.02476157659867574,0.026073068380355835
ordinal_basis,diamond,resnet,2,cumulative_standardized,standard,12,0.024276826164058022,0.02396267279982567
ordinal_basis,diamond,resnet,2,cumulative_standardized,standard,13,0.024897732358434597,0.027810925617814064
ordinal_basis,diamond,resnet,2,cumulative_standardized,standard,14,0.025035437985666348,0.02688436023890972
ordinal_basis,diamond,resnet,2,cumulative_standardized,standard,15,0.023368164170273886,0.02578664943575859
ordinal_basis,diamond,resnet,2,cumulative_standardized,standard,16,0.022713658834637423,0.023760709911584854
ordinal_basis,diamond,resnet,2,cumulative_standardized,standard,17,0.02370317036601698,0.024638447910547256
ordinal_basis,diamond,resnet,2,cumulative_standardized,standard,18,0.02350382531710708,0.023375509306788445
ordinal_basis,diamond,resnet,2,cumulative_standardized,standard,19,0.022820931503711683,0.026079753413796425
ordinal_basis,diamond,resnet,2,cumulative_standardized,standard,20,0.021999696952131848,0.02389949932694435
ordinal_basis,diamond,resnet,2,cumulative_standardized,standard,21,0.022506335534286808,0.024369001388549805
ordinal_basis,diamond,resnet,2,cumulative_standardized,standard,22,0.02165234216770094,0.02282644249498844
ordinal_basis,diamond,resnet,2,cumulative_standardized,standard,23,0.02114398685785191,0.024979962036013603
ordinal_basis,diamond,resnet,2,cumulative_standardized,standard,24,0.021231581350907018,0.022135093808174133
ordinal_basis,diamond,resnet,2,cumulative_standardized,standard,25,0.021156189688635033,0.021614128723740578
ordinal_basis,diamond,resnet,2,cumulative_standardized,standard,26,0.021199782740779376,0.02502821572124958
ordinal_basis,diamond,resnet,2,cumulative_standardized,standard,27,0.02132141602398992,0.02331274002790451
ordinal_basis,diamond,resnet,2,cumulative_standardized,standard,28,0.02132899033298018,0.025981882587075233
ordinal_basis,diamond,resnet,2,cumulative_standardized,standard,29,0.020443736074473397,0.022163743153214455
ordinal_basis,diamond,resnet,2,cumulative_standardized,standard,30,0.02115405191718394,0.02228097803890705
ordinal_basis,diamond,resnet,2,cumulative_standardized,standard,31,0.020562140246274438,0.021537387743592262
ordinal_basis,diamond,resnet,2,cumulative_standardized,standard,32,0.020352529092275536,0.02167115919291973
ordinal_basis,diamond,resnet,2,cumulative_standardized,standard,33,0.019899049522858887,0.02137482538819313
ordinal_basis,diamond,resnet,2,cumulative_standardized,standard,34,0.02029805099914545,0.023160040378570557
ordinal_basis,diamond,resnet,2,cumulative_standardized,standard,35,0.019740156374176983,0.02159327082335949
ordinal_basis,diamond,resnet,2,cumulative_standardized,standard,36,0.01922286826279686,0.021771598607301712
ordinal_basis,diamond,resnet,2,cumulative_standardized,standard,37,0.019531868962902158,0.0242537222802639
ordinal_basis,diamond,resnet,2,cumulative_standardized,standard,38,0.01965789498258364,0.02307453565299511
ordinal_basis,diamond,resnet,2,cumulative_standardized,standard,39,0.01949397829806377,0.022582320496439934
ordinal_basis,diamond,resnet,2,cumulative_standardized,standard,40,0.01911862098111792,0.023406200110912323
ordinal_basis,diamond,resnet,0,path_spectral,standard,1,0.1537737445292585,0.0460754930973053
ordinal_basis,diamond,resnet,0,path_spectral,standard,2,0.040424204958012334,0.03293442353606224
ordinal_basis,diamond,resnet,0,path_spectral,standard,3,0.03451504957163214,0.03564804047346115
ordinal_basis,diamond,resnet,0,path_spectral,standard,4,0.03227114257747259,0.027969030663371086
ordinal_basis,diamond,resnet,0,path_spectral,standard,5,0.02899575481590936,0.026640333235263824
ordinal_basis,diamond,resnet,0,path_spectral,standard,6,0.02836393995029719,0.03849602863192558
ordinal_basis,diamond,resnet,0,path_spectral,standard,7,0.029209171981223747,0.02690303511917591
ordinal_basis,diamond,resnet,0,path_spectral,standard,8,0.0264332451467815,0.03179335221648216
ordinal_basis,diamond,resnet,0,path_spectral,standard,9,0.02661626568056378,0.03331337869167328
ordinal_basis,diamond,resnet,0,path_spectral,standard,10,0.028126657821769194,0.025714406743645668
ordinal_basis,diamond,resnet,0,path_spectral,standard,11,0.02541094635406365,0.02737111784517765
ordinal_basis,diamond,resnet,0,path_spectral,standard,12,0.02526615303327986,0.026117177680134773
ordinal_basis,diamond,resnet,0,path_spectral,standard,13,0.025451596262627493,0.025240756571292877
ordinal_basis,diamond,resnet,0,path_spectral,standard,14,0.02392452795846583,0.025130225345492363
ordinal_basis,diamond,resnet,0,path_spectral,standard,15,0.024418770987116922,0.027022963389754295
ordinal_basis,diamond,resnet,0,path_spectral,standard,16,0.023709751583874512,0.0271728727966547
ordinal_basis,diamond,resnet,0,path_spectral,standard,17,0.023309562616323266,0.026216914877295494
ordinal_basis,diamond,resnet,0,path_spectral,standard,18,0.022817690125072627,0.02221887931227684
ordinal_basis,diamond,resnet,0,path_spectral,standard,19,0.022420020067117876,0.025188956409692764
ordinal_basis,diamond,resnet,0,path_spectral,standard,20,0.02219803251875581,0.024346591904759407
ordinal_basis,diamond,resnet,0,path_spectral,standard,21,0.022353570703649617,0.021927060559391975
ordinal_basis,diamond,resnet,0,path_spectral,standard,22,0.021542529588125643,0.023743731901049614
ordinal_basis,diamond,resnet,0,path_spectral,standard,23,0.021737809274222076,0.023233946412801743
ordinal_basis,diamond,resnet,0,path_spectral,standard,24,0.020941324219136116,0.026916464790701866
ordinal_basis,diamond,resnet,0,path_spectral,standard,25,0.021484306215456907,0.024229956790804863
ordinal_basis,diamond,resnet,0,path_spectral,standard,26,0.020590891707472202,0.024273119866847992
ordinal_basis,diamond,resnet,0,path_spectral,standard,27,0.020882310728727822,0.022556984797120094
ordinal_basis,diamond,resnet,0,path_spectral,standard,28,0.02107536085105366,0.023208200931549072
ordinal_basis,diamond,resnet,1,path_spectral,standard,1,0.14391397145621532,0.04916711896657944
ordinal_basis,diamond,resnet,1,path_spectral,standard,2,0.03931935067869936,0.031019136309623718
ordinal_basis,diamond,resnet,1,path_spectral,standard,3,0.03309294152779885,0.03169231489300728
ordinal_basis,diamond,resnet,1,path_spectral,standard,4,0.03095222414344923,0.028442276641726494
ordinal_basis,diamond,resnet,1,path_spectral,standard,5,0.030221823391457833,0.028934240341186523
ordinal_basis,diamond,resnet,1,path_spectral,standard,6,0.029519236058759484,0.03040168806910515
ordinal_basis,diamond,resnet,1,path_spectral,standard,7,0.028329558720484847,0.028299588710069656
ordinal_basis,diamond,resnet,1,path_spectral,standard,8,0.026410844378428677,0.02968088537454605
ordinal_basis,diamond,resnet,1,path_spectral,standard,9,0.026645682302725637,0.0265136007219553
ordinal_basis,diamond,resnet,1,path_spectral,standard,10,0.02530281081647203,0.025310907512903214
ordinal_basis,diamond,resnet,1,path_spectral,standard,11,0.02449125820146417,0.024788429960608482
ordinal_basis,diamond,resnet,1,path_spectral,standard,12,0.024585481555241876,0.025541823357343674
ordinal_basis,diamond,resnet,1,path_spectral,standard,13,0.024677520938184618,0.024517102167010307
ordinal_basis,diamond,resnet,1,path_spectral,standard,14,0.025124047875975438,0.028727257624268532
ordinal_basis,diamond,resnet,1,path_spectral,standard,15,0.023150497753891712,0.024240905418992043
ordinal_basis,diamond,resnet,1,path_spectral,standard,16,0.022513286699310922,0.023083440959453583
ordinal_basis,diamond,resnet,1,path_spectral,standard,17,0.02217492477065151,0.026372188702225685
ordinal_basis,diamond,resnet,1,path_spectral,standard,18,0.0222554771324427,0.027640651911497116
ordinal_basis,diamond,resnet,1,path_spectral,standard,19,0.02244631536165742,0.02497570589184761
ordinal_basis,diamond,resnet,1,path_spectral,standard,20,0.021823683402889996,0.021839115768671036
ordinal_basis,diamond,resnet,1,path_spectral,standard,21,0.02185691341100364,0.023197444155812263
ordinal_basis,diamond,resnet,1,path_spectral,standard,22,0.021710244174054417,0.023195022717118263
ordinal_basis,diamond,resnet,1,path_spectral,standard,23,0.021819668686019176,0.027223942801356316
ordinal_basis,diamond,resnet,1,path_spectral,standard,24,0.021242380684316598,0.023772098124027252
ordinal_basis,diamond,resnet,1,path_spectral,standard,25,0.020683141245305795,0.023166893050074577
ordinal_basis,diamond,resnet,1,path_spectral,standard,26,0.02057192031563784,0.024645332247018814
ordinal_basis,diamond,resnet,1,path_spectral,standard,27,0.020465690529016076,0.02235250547528267
ordinal_basis,diamond,resnet,2,path_spectral,standard,1,0.1476736604952209,0.043942976742982864
ordinal_basis,diamond,resnet,2,path_spectral,standard,2,0.03999899996172694,0.03979929909110069
ordinal_basis,diamond,resnet,2,path_spectral,standard,3,0.03441485731231001,0.03056664764881134
ordinal_basis,diamond,resnet,2,path_spectral,standard,4,0.030979322625134687,0.028269927948713303
ordinal_basis,diamond,resnet,2,path_spectral,standard,5,0.030060566068023674,0.026946179568767548
ordinal_basis,diamond,resnet,2,path_spectral,standard,6,0.02858431188139353,0.027561310678720474
ordinal_basis,diamond,resnet,2,path_spectral,standard,7,0.02716243878428446,0.027589375153183937
ordinal_basis,diamond,resnet,2,path_spectral,standard,8,0.026849374255953067,0.02818557806313038
ordinal_basis,diamond,resnet,2,path_spectral,standard,9,0.026654369186050235,0.025406789034605026
ordinal_basis,diamond,resnet,2,path_spectral,standard,10,0.02518180229954888,0.025867991149425507
ordinal_basis,diamond,resnet,2,path_spectral,standard,11,0.025626113818605686,0.02793794684112072
ordinal_basis,diamond,resnet,2,path_spectral,standard,12,0.024561813857216126,0.02439565770328045
ordinal_basis,diamond,resnet,2,path_spectral,standard,13,0.024103816000433962,0.026950908824801445
ordinal_basis,diamond,resnet,2,path_spectral,standard,14,0.023571240831770715,0.024584725499153137
ordinal_basis,diamond,resnet,2,path_spectral,standard,15,0.023441866225625607,0.02743118442595005
ordinal_basis,diamond,resnet,2,path_spectral,standard,16,0.02244595996404208,0.023704703897237778
ordinal_basis,diamond,resnet,2,path_spectral,standard,17,0.02313584465806409,0.02458704635500908
ordinal_basis,diamond,resnet,2,path_spectral,standard,18,0.023315157624005975,0.02286178432404995
ordinal_basis,diamond,resnet,2,path_spectral,standard,19,0.021649118503264557,0.02654399536550045
ordinal_basis,diamond,resnet,2,path_spectral,standard,20,0.021763595390718156,0.02311263419687748
ordinal_basis,diamond,resnet,2,path_spectral,standard,21,0.021821975978655477,0.022764181718230247
ordinal_basis,diamond,resnet,2,path_spectral,standard,22,0.021132442481760348,0.022502953186631203
ordinal_basis,diamond,resnet,2,path_spectral,standard,23,0.020823264116894166,0.02887195348739624
ordinal_basis,diamond,resnet,2,path_spectral,standard,24,0.021121913584559514,0.02204117923974991
ordinal_basis,diamond,resnet,2,path_spectral,standard,25,0.020713815810623686,0.021426944062113762
ordinal_basis,diamond,resnet,2,path_spectral,standard,26,0.020524401512573353,0.021764766424894333
ordinal_basis,diamond,resnet,2,path_spectral,standard,27,0.02018687248718614,0.02328847348690033
ordinal_basis,diamond,resnet,2,path_spectral,standard,28,0.02028390826129015,0.025414416566491127
ordinal_basis,diamond,resnet,2,path_spectral,standard,29,0.019893470940726896,0.021678928285837173
ordinal_basis,diamond,resnet,2,path_spectral,standard,30,0.02068993892968616,0.0220401082187891
ordinal_basis,diamond,resnet,2,path_spectral,standard,31,0.0197485345652237,0.021751336753368378
ordinal_basis,diamond,resnet,2,path_spectral,standard,32,0.019793750715322297,0.02117937244474888
ordinal_basis,diamond,resnet,2,path_spectral,standard,33,0.019896682520955434,0.02116454765200615
ordinal_basis,diamond,resnet,2,path_spectral,standard,34,0.019686315429950606,0.021864229813218117
ordinal_basis,diamond,resnet,2,path_spectral,standard,35,0.018496240448474397,0.020290600135922432
ordinal_basis,diamond,resnet,2,path_spectral,standard,36,0.018683168657571022,0.02092786692082882
ordinal_basis,diamond,resnet,2,path_spectral,standard,37,0.018839849358600065,0.024675926193594933
ordinal_basis,diamond,resnet,2,path_spectral,standard,38,0.019650553559596783,0.021314021199941635
ordinal_basis,diamond,resnet,2,path_spectral,standard,39,0.01888731250973829,0.0216784980148077
ordinal_basis,diamond,resnet,2,path_spectral,standard,40,0.019574794985367114,0.0230080708861351
ordinal_basis,diamond,resnet,0,whitened,standard,1,0.10190370724829761,0.039632610976696014
ordinal_basis,diamond,resnet,0,whitened,standard,2,0.03929608255952397,0.032206904143095016
ordinal_basis,diamond,resnet,0,whitened,standard,3,0.033276945376457215,0.03068198263645172
ordinal_basis,diamond,resnet,0,whitened,standard,4,0.030801104746536852,0.030893433839082718
ordinal_basis,diamond,resnet,0,whitened,standard,5,0.03031058589397483,0.028746802359819412
ordinal_basis,diamond,resnet,0,whitened,standard,6,0.028701281043416547,0.030549701303243637
ordinal_basis,diamond,resnet,0,whitened,standard,7,0.0296758339332395,0.028232676908373833
ordinal_basis,diamond,resnet,0,whitened,standard,8,0.026735809681960463,0.028294840827584267
ordinal_basis,diamond,resnet,0,whitened,standard,9,0.026943170531761023,0.02639608643949032
ordinal_basis,diamond,resnet,0,whitened,standard,10,0.02591837509914705,0.025983689352869987
ordinal_basis,diamond,resnet,0,whitened,standard,11,0.02661181906999152,0.026414239779114723
ordinal_basis,diamond,resnet,0,whitened,standard,12,0.024930390048821627,0.026149580255150795
ordinal_basis,diamond,resnet,0,whitened,standard,13,0.02520515834657172,0.025045903399586678
ordinal_basis,diamond,resnet,0,whitened,standard,14,0.024641539928203633,0.025269679725170135
ordinal_basis,diamond,resnet,0,whitened,standard,15,0.023540677651348575,0.026819251477718353
ordinal_basis,diamond,resnet,0,whitened,standard,16,0.0236086095934311,0.026576803997159004
ordinal_basis,diamond,resnet,0,whitened,standard,17,0.023853712824282346,0.027758603915572166
ordinal_basis,diamond,resnet,0,whitened,standard,18,0.022775241127266005,0.024206742644309998
ordinal_basis,diamond,resnet,0,whitened,standard,19,0.02320787085929265,0.024082818999886513
ordinal_basis,diamond,resnet,0,whitened,standard,20,0.022559792978810424,0.024734564125537872
ordinal_basis,diamond,resnet,0,whitened,standard,21,0.022775122837131755,0.023117296397686005
ordinal_basis,diamond,resnet,0,whitened,standard,22,0.02221578157886119,0.023171018809080124
ordinal_basis,diamond,resnet,0,whitened,standard,23,0.021808732628353117,0.02398812770843506
ordinal_basis,diamond,resnet,0,whitened,standard,24,0.02144152329665024,0.022951586171984673
ordinal_basis,diamond,resnet,0,whitened,standard,25,0.0221691920765534,0.02393318898975849
ordinal_basis,diamond,resnet,0,whitened,standard,26,0.021483601030230035,0.02271209843456745
ordinal_basis,diamond,resnet,0,whitened,standard,27,0.021544616518876757,0.022360261529684067
ordinal_basis,diamond,resnet,0,whitened,standard,28,0.021061984354995456,0.024579498916864395
ordinal_basis,diamond,resnet,0,whitened,standard,29,0.021101409858105886,0.023449711501598358
ordinal_basis,diamond,resnet,0,whitened,standard,30,0.0211709224269088,0.025079069659113884
ordinal_basis,diamond,resnet,0,whitened,standard,31,0.020364571689442695,0.0248179342597723
ordinal_basis,diamond,resnet,0,whitened,standard,32,0.020954796503370853,0.023341789841651917
ordinal_basis,diamond,resnet,0,whitened,standard,33,0.020788929581843734,0.022864680737257004
ordinal_basis,diamond,resnet,0,whitened,standard,34,0.019979725243249993,0.022416705265641212
ordinal_basis,diamond,resnet,1,whitened,standard,1,0.09306803781425137,0.040623415261507034
ordinal_basis,diamond,resnet,1,whitened,standard,2,0.039748228491524575,0.03518993407487869
ordinal_basis,diamond,resnet,1,whitened,standard,3,0.03358521037467824,0.03191743418574333
ordinal_basis,diamond,resnet,1,whitened,standard,4,0.03196991753521725,0.036873362958431244
ordinal_basis,diamond,resnet,1,whitened,standard,5,0.029813973281287237,0.027587924152612686
ordinal_basis,diamond,resnet,1,whitened,standard,6,0.027933597245164674,0.027368532493710518
ordinal_basis,diamond,resnet,1,whitened,standard,7,0.029213055743608194,0.03054443933069706
ordinal_basis,diamond,resnet,1,whitened,standard,8,0.026846624376118858,0.03215349093079567
ordinal_basis,diamond,resnet,1,whitened,standard,9,0.028176423952096546,0.02625461108982563
ordinal_basis,diamond,resnet,1,whitened,standard,10,0.025768853928445423,0.026793623343110085
ordinal_basis,diamond,resnet,1,whitened,standard,11,0.024655086019287027,0.026472557336091995
ordinal_basis,diamond,resnet,1,whitened,standard,12,0.02451066908928031,0.025787342339754105
ordinal_basis,diamond,resnet,1,whitened,standard,13,0.02421214877645083,0.02556118555366993
ordinal_basis,diamond,resnet,1,whitened,standard,14,0.023364834717888,0.024753237143158913
ordinal_basis,diamond,resnet,1,whitened,standard,15,0.02312976928568481,0.024899935349822044
ordinal_basis,diamond,resnet,1,whitened,standard,16,0.023417567221415938,0.025643302127718925
ordinal_basis,diamond,resnet,1,whitened,standard,17,0.02268246803247631,0.023619599640369415
ordinal_basis,diamond,resnet,1,whitened,standard,18,0.023020659654284507,0.02534761093556881
ordinal_basis,diamond,resnet,1,whitened,standard,19,0.022372917475972597,0.02354755997657776
ordinal_basis,diamond,resnet,1,whitened,standard,20,0.022901227009132476,0.02225235477089882
ordinal_basis,diamond,resnet,1,whitened,standard,21,0.021631211113411417,0.02309443987905979
ordinal_basis,diamond,resnet,1,whitened,standard,22,0.02080204135604959,0.022762035951018333
ordinal_basis,diamond,resnet,1,whitened,standard,23,0.021226175599216083,0.026445215567946434
ordinal_basis,diamond,resnet,1,whitened,standard,24,0.020835884927547337,0.023031869903206825
ordinal_basis,diamond,resnet,1,whitened,standard,25,0.020695243247477308,0.023340482264757156
ordinal_basis,diamond,resnet,1,whitened,standard,26,0.020933244860504473,0.023659029975533485
ordinal_basis,diamond,resnet,1,whitened,standard,27,0.020814513055108737,0.022790327668190002
ordinal_basis,diamond,resnet,2,whitened,standard,1,0.09858454346344066,0.041822873055934906
ordinal_basis,diamond,resnet,2,whitened,standard,2,0.04021623130389293,0.03344772383570671
ordinal_basis,diamond,resnet,2,whitened,standard,3,0.033654804035478644,0.032888490706682205
ordinal_basis,diamond,resnet,2,whitened,standard,4,0.03182599229081407,0.028992630541324615
ordinal_basis,diamond,resnet,2,whitened,standard,5,0.03005902915575742,0.028267227113246918
ordinal_basis,diamond,resnet,2,whitened,standard,6,0.02893179438416653,0.029795212671160698
ordinal_basis,diamond,resnet,2,whitened,standard,7,0.028626376469298935,0.02885620668530464
ordinal_basis,diamond,resnet,2,whitened,standard,8,0.027857117646075076,0.028896896168589592
ordinal_basis,diamond,resnet,2,whitened,standard,9,0.026301921833792055,0.025573542341589928
ordinal_basis,diamond,resnet,2,whitened,standard,10,0.026334266876592766,0.026457004249095917
ordinal_basis,diamond,resnet,2,whitened,standard,11,0.024486218177485513,0.027347633615136147
ordinal_basis,diamond,resnet,2,whitened,standard,12,0.02482941732995894,0.026317790150642395
ordinal_basis,diamond,resnet,2,whitened,standard,13,0.025207068993642022,0.03167391195893288
ordinal_basis,diamond,resnet,2,whitened,standard,14,0.02559316897277194,0.027820944786071777
ordinal_basis,diamond,resnet,2,whitened,standard,15,0.023652126374732303,0.024046260863542557
ordinal_basis,diamond,resnet,2,whitened,standard,16,0.022701223408354693,0.024520952254533768
ordinal_basis,diamond,resnet,2,whitened,standard,17,0.023681703356337545,0.02624266780912876
ordinal_basis,diamond,resnet,2,whitened,standard,18,0.024436529217084644,0.02405981346964836
ordinal_basis,diamond,resnet,2,whitened,standard,19,0.021992596987708172,0.024022463709115982
ordinal_basis,diamond,resnet,2,whitened,standard,20,0.021883199610788807,0.02360498160123825
ordinal_basis,diamond,resnet,2,whitened,standard,21,0.02166772742568022,0.023419594392180443
ordinal_basis,diamond,resnet,2,whitened,standard,22,0.021675020943571613,0.026111438870429993
ordinal_basis,diamond,resnet,2,whitened,standard,23,0.021653863427726357,0.026124287396669388
ordinal_basis,diamond,resnet,2,whitened,standard,24,0.021309622543511642,0.023212596774101257
ordinal_basis,diamond,resnet,2,whitened,standard,25,0.021054375071053396,0.022406350821256638
ordinal_basis,diamond,resnet,2,whitened,standard,26,0.020681343390973925,0.0231615100055933
ordinal_basis,diamond,resnet,2,whitened,standard,27,0.021247085005153713,0.02298865281045437
ordinal_basis,diamond,resnet,2,whitened,standard,28,0.020478558037606488,0.024898892268538475
ordinal_basis,diamond,resnet,2,whitened,standard,29,0.020320185910123568,0.023529034107923508
ordinal_basis,diamond,resnet,2,whitened,standard,30,0.0215028937242789,0.02281443029642105
ordinal_basis,diamond,resnet,2,whitened,standard,31,0.02039312038195966,0.02180652879178524
ordinal_basis,diamond,resnet,2,whitened,standard,32,0.020094031008051464,0.0226485226303339
ordinal_basis,diamond,resnet,2,whitened,standard,33,0.019859568712498683,0.02185208536684513
ordinal_basis,diamond,resnet,2,whitened,standard,34,0.019733171756702104,0.023524999618530273
ordinal_basis,diamond,resnet,2,whitened,standard,35,0.01927935072370835,0.022559139877557755
ordinal_basis,diamond,resnet,2,whitened,standard,36,0.01892838355076425,0.022470073774456978
ordinal_basis,diamond,resnet,2,whitened,standard,37,0.0195501900784498,0.02408272586762905
ordinal_basis,diamond,resnet,2,whitened,standard,38,0.02032277302131312,0.022793728858232498
