dataset,task,model,seed,representation,selection,encoded_selection,state_metadata,diagnostics,reused_baseline,bins,train_rows,input_features,parameters,width,best_epoch,val_score,test_score,train_seconds,selected_numeric,members,activation,test_loss,test_auc,test_mae
adult,binclass,mlp,0,baseline_ple,singletons=3;4|pairs=,singletons=|pairs=,[],"[{""cardinality"":73,""columns"":[0],""fold_wins"":0,""incremental_fold_wins"":0,""incremental_gain"":-0.00676481064154223,""kind"":""singleton"",""relative_gain"":-0.00676481064154223},{""cardinality"":16,""columns"":[2],""fold_wins"":3,""incremental_fold_wins"":3,""incremental_gain"":-0.00019522939887215636,""kind"":""singleton"",""relative_gain"":-0.00019522939887215636},{""cardinality"":116,""columns"":[3],""fold_wins"":5,""incremental_fold_wins"":5,""incremental_gain"":0.027455180475580775,""kind"":""singleton"",""relative_gain"":0.027455180475580775},{""cardinality"":88,""columns"":[4],""fold_wins"":5,""incremental_fold_wins"":5,""incremental_gain"":0.0150816228874289,""kind"":""singleton"",""relative_gain"":0.0150816228874289},{""cardinality"":93,""columns"":[5],""fold_wins"":1,""incremental_fold_wins"":1,""incremental_gain"":-0.008467153221546325,""kind"":""singleton"",""relative_gain"":-0.008467153221546325},{""cardinality"":361,""columns"":[2,4],""fold_wins"":5,""incremental_fold_wins"":3,""incremental_gain"":0.000389645521487714,""kind"":""pair"",""relative_gain"":0.015275789438396805},{""cardinality"":203,""columns"":[3,4],""fold_wins"":5,""incremental_fold_wins"":3,""incremental_gain"":2.5387366365522174e-13,""kind"":""pair"",""relative_gain"":0.04103928040823439}]",0,128,26048,350,430849,384,6,0.8572086596038692,0.8616792580308335,29.504218203946948,,,gelu,0.3022345632470673,0.9135398926210365,nan
adult,binclass,mlp,0,adaptive_atomic,singletons=3;4|pairs=,singletons=3;4|pairs=,"[{""cardinality"":116,""columns"":[3],""gated"":true,""maximum_count"":23856,""median_count"":8.0,""minimum_count"":1,""test_unseen_rate"":0.0004913703089490795,""val_unseen_rate"":0.0006141563027790564},{""cardinality"":88,""columns"":[4],""gated"":true,""maximum_count"":24851,""median_count"":5.0,""minimum_count"":1,""test_unseen_rate"":0.0007370554634236193,""val_unseen_rate"":0.0006141563027790564}]","[{""cardinality"":73,""columns"":[0],""fold_wins"":0,""incremental_fold_wins"":0,""incremental_gain"":-0.00676481064154223,""kind"":""singleton"",""relative_gain"":-0.00676481064154223},{""cardinality"":16,""columns"":[2],""fold_wins"":3,""incremental_fold_wins"":3,""incremental_gain"":-0.00019522939887215636,""kind"":""singleton"",""relative_gain"":-0.00019522939887215636},{""cardinality"":116,""columns"":[3],""fold_wins"":5,""incremental_fold_wins"":5,""incremental_gain"":0.027455180475580775,""kind"":""singleton"",""relative_gain"":0.027455180475580775},{""cardinality"":88,""columns"":[4],""fold_wins"":5,""incremental_fold_wins"":5,""incremental_gain"":0.0150816228874289,""kind"":""singleton"",""relative_gain"":0.0150816228874289},{""cardinality"":93,""columns"":[5],""fold_wins"":1,""incremental_fold_wins"":1,""incremental_gain"":-0.008467153221546325,""kind"":""singleton"",""relative_gain"":-0.008467153221546325},{""cardinality"":361,""columns"":[2,4],""fold_wins"":5,""incremental_fold_wins"":3,""incremental_gain"":0.000389645521487714,""kind"":""pair"",""relative_gain"":0.015275789438396805},{""cardinality"":203,""columns"":[3,4],""fold_wins"":5,""incremental_fold_wins"":3,""incremental_gain"":2.5387366365522174e-13,""kind"":""pair"",""relative_gain"":0.04103928040823439}]",0,128,26048,554,430561,345,14,0.8665745432212498,0.8712609790553406,60.9583364140708,3;4,,gelu,0.2823849556871154,0.9252441243608731,nan
adult,binclass,mlp,0,adaptive_atomic_ungated,singletons=3;4|pairs=,singletons=3;4|pairs=,"[{""cardinality"":116,""columns"":[3],""gated"":false,""maximum_count"":23856,""median_count"":8.0,""minimum_count"":1,""test_unseen_rate"":0.0004913703089490795,""val_unseen_rate"":0.0006141563027790564},{""cardinality"":88,""columns"":[4],""gated"":false,""maximum_count"":24851,""median_count"":5.0,""minimum_count"":1,""test_unseen_rate"":0.0007370554634236193,""val_unseen_rate"":0.0006141563027790564}]","[{""cardinality"":73,""columns"":[0],""fold_wins"":0,""incremental_fold_wins"":0,""incremental_gain"":-0.00676481064154223,""kind"":""singleton"",""relative_gain"":-0.00676481064154223},{""cardinality"":16,""columns"":[2],""fold_wins"":3,""incremental_fold_wins"":3,""incremental_gain"":-0.00019522939887215636,""kind"":""singleton"",""relative_gain"":-0.00019522939887215636},{""cardinality"":116,""columns"":[3],""fold_wins"":5,""incremental_fold_wins"":5,""incremental_gain"":0.027455180475580775,""kind"":""singleton"",""relative_gain"":0.027455180475580775},{""cardinality"":88,""columns"":[4],""fold_wins"":5,""incremental_fold_wins"":5,""incremental_gain"":0.0150816228874289,""kind"":""singleton"",""relative_gain"":0.0150816228874289},{""cardinality"":93,""columns"":[5],""fold_wins"":1,""incremental_fold_wins"":1,""incremental_gain"":-0.008467153221546325,""kind"":""singleton"",""relative_gain"":-0.008467153221546325},{""cardinality"":361,""columns"":[2,4],""fold_wins"":5,""incremental_fold_wins"":3,""incremental_gain"":0.000389645521487714,""kind"":""pair"",""relative_gain"":0.015275789438396805},{""cardinality"":203,""columns"":[3,4],""fold_wins"":5,""incremental_fold_wins"":3,""incremental_gain"":2.5387366365522174e-13,""kind"":""pair"",""relative_gain"":0.04103928040823439}]",0,128,26048,554,430561,345,10,0.8711807154920927,0.8738406731773233,42.87159946211614,3;4,,gelu,0.2765317230970134,0.9279550072232081,nan
adult,binclass,mlp,0,matched_random_0,singletons=3;4|pairs=,singletons=2;5|pairs=,"[{""cardinality"":16,""columns"":[2],""gated"":true,""maximum_count"":8398,""median_count"":631.0,""minimum_count"":38,""test_unseen_rate"":0.0,""val_unseen_rate"":0.0},{""cardinality"":93,""columns"":[5],""gated"":true,""maximum_count"":12131,""median_count"":29.0,""minimum_count"":1,""test_unseen_rate"":0.00024568515447453976,""val_unseen_rate"":0.00015353907569481962}]","[{""cardinality"":73,""columns"":[0],""fold_wins"":0,""incremental_fold_wins"":0,""incremental_gain"":-0.00676481064154223,""kind"":""singleton"",""relative_gain"":-0.00676481064154223},{""cardinality"":16,""columns"":[2],""fold_wins"":3,""incremental_fold_wins"":3,""incremental_gain"":-0.00019522939887215636,""kind"":""singleton"",""relative_gain"":-0.00019522939887215636},{""cardinality"":116,""columns"":[3],""fold_wins"":5,""incremental_fold_wins"":5,""incremental_gain"":0.027455180475580775,""kind"":""singleton"",""relative_gain"":0.027455180475580775},{""cardinality"":88,""columns"":[4],""fold_wins"":5,""incremental_fold_wins"":5,""incremental_gain"":0.0150816228874289,""kind"":""singleton"",""relative_gain"":0.0150816228874289},{""cardinality"":93,""columns"":[5],""fold_wins"":1,""incremental_fold_wins"":1,""incremental_gain"":-0.008467153221546325,""kind"":""singleton"",""relative_gain"":-0.008467153221546325},{""cardinality"":361,""columns"":[2,4],""fold_wins"":5,""incremental_fold_wins"":3,""incremental_gain"":0.000389645521487714,""kind"":""pair"",""relative_gain"":0.015275789438396805},{""cardinality"":203,""columns"":[3,4],""fold_wins"":5,""incremental_fold_wins"":3,""incremental_gain"":2.5387366365522174e-13,""kind"":""pair"",""relative_gain"":0.04103928040823439}]",0,128,26048,459,431608,363,6,0.8587440503608168,0.8601437258153676,5.236869549145922,2;5,,gelu,0.30315961594224655,0.9134445659289983,nan
adult,binclass,mlp,0,matched_random_1,singletons=3;4|pairs=,singletons=0;2|pairs=,"[{""cardinality"":73,""columns"":[0],""gated"":true,""maximum_count"":725,""median_count"":339.0,""minimum_count"":1,""test_unseen_rate"":0.00012284257723726988,""val_unseen_rate"":0.0},{""cardinality"":16,""columns"":[2],""gated"":true,""maximum_count"":8398,""median_count"":631.0,""minimum_count"":38,""test_unseen_rate"":0.0,""val_unseen_rate"":0.0}]","[{""cardinality"":73,""columns"":[0],""fold_wins"":0,""incremental_fold_wins"":0,""incremental_gain"":-0.00676481064154223,""kind"":""singleton"",""relative_gain"":-0.00676481064154223},{""cardinality"":16,""columns"":[2],""fold_wins"":3,""incremental_fold_wins"":3,""incremental_gain"":-0.00019522939887215636,""kind"":""singleton"",""relative_gain"":-0.00019522939887215636},{""cardinality"":116,""columns"":[3],""fold_wins"":5,""incremental_fold_wins"":5,""incremental_gain"":0.027455180475580775,""kind"":""singleton"",""relative_gain"":0.027455180475580775},{""cardinality"":88,""columns"":[4],""fold_wins"":5,""incremental_fold_wins"":5,""incremental_gain"":0.0150816228874289,""kind"":""singleton"",""relative_gain"":0.0150816228874289},{""cardinality"":93,""columns"":[5],""fold_wins"":1,""incremental_fold_wins"":1,""incremental_gain"":-0.008467153221546325,""kind"":""singleton"",""relative_gain"":-0.008467153221546325},{""cardinality"":361,""columns"":[2,4],""fold_wins"":5,""incremental_fold_wins"":3,""incremental_gain"":0.000389645521487714,""kind"":""pair"",""relative_gain"":0.015275789438396805},{""cardinality"":203,""columns"":[3,4],""fold_wins"":5,""incremental_fold_wins"":3,""incremental_gain"":2.5387366365522174e-13,""kind"":""pair"",""relative_gain"":0.04103928040823439}]",0,128,26048,439,430051,366,4,0.8556732688469215,0.861924943185308,4.385882592992857,0;2,,gelu,0.3018347922602783,0.9135619417539067,nan
adult,binclass,resnet,0,baseline_ple,singletons=3;4|pairs=,singletons=|pairs=,[],"[{""cardinality"":73,""columns"":[0],""fold_wins"":0,""incremental_fold_wins"":0,""incremental_gain"":-0.00676481064154223,""kind"":""singleton"",""relative_gain"":-0.00676481064154223},{""cardinality"":16,""columns"":[2],""fold_wins"":3,""incremental_fold_wins"":3,""incremental_gain"":-0.00019522939887215636,""kind"":""singleton"",""relative_gain"":-0.00019522939887215636},{""cardinality"":116,""columns"":[3],""fold_wins"":5,""incremental_fold_wins"":5,""incremental_gain"":0.027455180475580775,""kind"":""singleton"",""relative_gain"":0.027455180475580775},{""cardinality"":88,""columns"":[4],""fold_wins"":5,""incremental_fold_wins"":5,""incremental_gain"":0.0150816228874289,""kind"":""singleton"",""relative_gain"":0.0150816228874289},{""cardinality"":93,""columns"":[5],""fold_wins"":1,""incremental_fold_wins"":1,""incremental_gain"":-0.008467153221546325,""kind"":""singleton"",""relative_gain"":-0.008467153221546325},{""cardinality"":361,""columns"":[2,4],""fold_wins"":5,""incremental_fold_wins"":3,""incremental_gain"":0.000389645521487714,""kind"":""pair"",""relative_gain"":0.015275789438396805},{""cardinality"":203,""columns"":[3,4],""fold_wins"":5,""incremental_fold_wins"":3,""incremental_gain"":2.5387366365522174e-13,""kind"":""pair"",""relative_gain"":0.04103928040823439}]",0,128,26048,350,1319425,384,19,0.8601259020420697,0.8616792580308335,9.555983344092965,,,gelu,0.2996808489250813,0.914268967220289,nan
adult,binclass,resnet,0,adaptive_atomic,singletons=3;4|pairs=,singletons=3;4|pairs=,"[{""cardinality"":116,""columns"":[3],""gated"":true,""maximum_count"":23856,""median_count"":8.0,""minimum_count"":1,""test_unseen_rate"":0.0004913703089490795,""val_unseen_rate"":0.0006141563027790564},{""cardinality"":88,""columns"":[4],""gated"":true,""maximum_count"":24851,""median_count"":5.0,""minimum_count"":1,""test_unseen_rate"":0.0007370554634236193,""val_unseen_rate"":0.0006141563027790564}]","[{""cardinality"":73,""columns"":[0],""fold_wins"":0,""incremental_fold_wins"":0,""incremental_gain"":-0.00676481064154223,""kind"":""singleton"",""relative_gain"":-0.00676481064154223},{""cardinality"":16,""columns"":[2],""fold_wins"":3,""incremental_fold_wins"":3,""incremental_gain"":-0.00019522939887215636,""kind"":""singleton"",""relative_gain"":-0.00019522939887215636},{""cardinality"":116,""columns"":[3],""fold_wins"":5,""incremental_fold_wins"":5,""incremental_gain"":0.027455180475580775,""kind"":""singleton"",""relative_gain"":0.027455180475580775},{""cardinality"":88,""columns"":[4],""fold_wins"":5,""incremental_fold_wins"":5,""incremental_gain"":0.0150816228874289,""kind"":""singleton"",""relative_gain"":0.0150816228874289},{""cardinality"":93,""columns"":[5],""fold_wins"":1,""incremental_fold_wins"":1,""incremental_gain"":-0.008467153221546325,""kind"":""singleton"",""relative_gain"":-0.008467153221546325},{""cardinality"":361,""columns"":[2,4],""fold_wins"":5,""incremental_fold_wins"":3,""incremental_gain"":0.000389645521487714,""kind"":""pair"",""relative_gain"":0.015275789438396805},{""cardinality"":203,""columns"":[3,4],""fold_wins"":5,""incremental_fold_wins"":3,""incremental_gain"":2.5387366365522174e-13,""kind"":""pair"",""relative_gain"":0.04103928040823439}]",0,128,26048,554,1318369,372,11,0.8673422385997236,0.8696026042626375,8.385980451013893,3;4,,gelu,0.28018077921822077,0.9257548717710671,nan
adult,binclass,resnet,0,adaptive_atomic_ungated,singletons=3;4|pairs=,singletons=3;4|pairs=,"[{""cardinality"":116,""columns"":[3],""gated"":false,""maximum_count"":23856,""median_count"":8.0,""minimum_count"":1,""test_unseen_rate"":0.0004913703089490795,""val_unseen_rate"":0.0006141563027790564},{""cardinality"":88,""columns"":[4],""gated"":false,""maximum_count"":24851,""median_count"":5.0,""minimum_count"":1,""test_unseen_rate"":0.0007370554634236193,""val_unseen_rate"":0.0006141563027790564}]","[{""cardinality"":73,""columns"":[0],""fold_wins"":0,""incremental_fold_wins"":0,""incremental_gain"":-0.00676481064154223,""kind"":""singleton"",""relative_gain"":-0.00676481064154223},{""cardinality"":16,""columns"":[2],""fold_wins"":3,""incremental_fold_wins"":3,""incremental_gain"":-0.00019522939887215636,""kind"":""singleton"",""relative_gain"":-0.00019522939887215636},{""cardinality"":116,""columns"":[3],""fold_wins"":5,""incremental_fold_wins"":5,""incremental_gain"":0.027455180475580775,""kind"":""singleton"",""relative_gain"":0.027455180475580775},{""cardinality"":88,""columns"":[4],""fold_wins"":5,""incremental_fold_wins"":5,""incremental_gain"":0.0150816228874289,""kind"":""singleton"",""relative_gain"":0.0150816228874289},{""cardinality"":93,""columns"":[5],""fold_wins"":1,""incremental_fold_wins"":1,""incremental_gain"":-0.008467153221546325,""kind"":""singleton"",""relative_gain"":-0.008467153221546325},{""cardinality"":361,""columns"":[2,4],""fold_wins"":5,""incremental_fold_wins"":3,""incremental_gain"":0.000389645521487714,""kind"":""pair"",""relative_gain"":0.015275789438396805},{""cardinality"":203,""columns"":[3,4],""fold_wins"":5,""incremental_fold_wins"":3,""incremental_gain"":2.5387366365522174e-13,""kind"":""pair"",""relative_gain"":0.04103928040823439}]",0,128,26048,554,1318369,372,13,0.8687240902809765,0.868005650758553,34.32572735310532,3;4,,gelu,0.27950609787073966,0.927158624744668,nan
adult,binclass,resnet,0,matched_random_0,singletons=3;4|pairs=,singletons=2;5|pairs=,"[{""cardinality"":16,""columns"":[2],""gated"":true,""maximum_count"":8398,""median_count"":631.0,""minimum_count"":38,""test_unseen_rate"":0.0,""val_unseen_rate"":0.0},{""cardinality"":93,""columns"":[5],""gated"":true,""maximum_count"":12131,""median_count"":29.0,""minimum_count"":1,""test_unseen_rate"":0.00024568515447453976,""val_unseen_rate"":0.00015353907569481962}]","[{""cardinality"":73,""columns"":[0],""fold_wins"":0,""incremental_fold_wins"":0,""incremental_gain"":-0.00676481064154223,""kind"":""singleton"",""relative_gain"":-0.00676481064154223},{""cardinality"":16,""columns"":[2],""fold_wins"":3,""incremental_fold_wins"":3,""incremental_gain"":-0.00019522939887215636,""kind"":""singleton"",""relative_gain"":-0.00019522939887215636},{""cardinality"":116,""columns"":[3],""fold_wins"":5,""incremental_fold_wins"":5,""incremental_gain"":0.027455180475580775,""kind"":""singleton"",""relative_gain"":0.027455180475580775},{""cardinality"":88,""columns"":[4],""fold_wins"":5,""incremental_fold_wins"":5,""incremental_gain"":0.0150816228874289,""kind"":""singleton"",""relative_gain"":0.0150816228874289},{""cardinality"":93,""columns"":[5],""fold_wins"":1,""incremental_fold_wins"":1,""incremental_gain"":-0.008467153221546325,""kind"":""singleton"",""relative_gain"":-0.008467153221546325},{""cardinality"":361,""columns"":[2,4],""fold_wins"":5,""incremental_fold_wins"":3,""incremental_gain"":0.000389645521487714,""kind"":""pair"",""relative_gain"":0.015275789438396805},{""cardinality"":203,""columns"":[3,4],""fold_wins"":5,""incremental_fold_wins"":3,""incremental_gain"":2.5387366365522174e-13,""kind"":""pair"",""relative_gain"":0.04103928040823439}]",0,128,26048,459,1321867,378,19,0.8593582066635959,0.8597751980836558,22.53032886912115,2;5,,gelu,0.3026623127861096,0.9129997568217968,nan
adult,binclass,resnet,0,matched_random_1,singletons=3;4|pairs=,singletons=0;2|pairs=,"[{""cardinality"":73,""columns"":[0],""gated"":true,""maximum_count"":725,""median_count"":339.0,""minimum_count"":1,""test_unseen_rate"":0.00012284257723726988,""val_unseen_rate"":0.0},{""cardinality"":16,""columns"":[2],""gated"":true,""maximum_count"":8398,""median_count"":631.0,""minimum_count"":38,""test_unseen_rate"":0.0,""val_unseen_rate"":0.0}]","[{""cardinality"":73,""columns"":[0],""fold_wins"":0,""incremental_fold_wins"":0,""incremental_gain"":-0.00676481064154223,""kind"":""singleton"",""relative_gain"":-0.00676481064154223},{""cardinality"":16,""columns"":[2],""fold_wins"":3,""incremental_fold_wins"":3,""incremental_gain"":-0.00019522939887215636,""kind"":""singleton"",""relative_gain"":-0.00019522939887215636},{""cardinality"":116,""columns"":[3],""fold_wins"":5,""incremental_fold_wins"":5,""incremental_gain"":0.027455180475580775,""kind"":""singleton"",""relative_gain"":0.027455180475580775},{""cardinality"":88,""columns"":[4],""fold_wins"":5,""incremental_fold_wins"":5,""incremental_gain"":0.0150816228874289,""kind"":""singleton"",""relative_gain"":0.0150816228874289},{""cardinality"":93,""columns"":[5],""fold_wins"":1,""incremental_fold_wins"":1,""incremental_gain"":-0.008467153221546325,""kind"":""singleton"",""relative_gain"":-0.008467153221546325},{""cardinality"":361,""columns"":[2,4],""fold_wins"":5,""incremental_fold_wins"":3,""incremental_gain"":0.000389645521487714,""kind"":""pair"",""relative_gain"":0.015275789438396805},{""cardinality"":203,""columns"":[3,4],""fold_wins"":5,""incremental_fold_wins"":3,""incremental_gain"":2.5387366365522174e-13,""kind"":""pair"",""relative_gain"":0.04103928040823439}]",0,128,26048,439,1320816,379,19,0.8584369722094273,0.8607579387015539,11.846411056118086,0;2,,gelu,0.3027053352143958,0.912602746972766,nan
adult,binclass,tabm,0,baseline_ple,singletons=3;4|pairs=,singletons=|pairs=,[],"[{""cardinality"":73,""columns"":[0],""fold_wins"":0,""incremental_fold_wins"":0,""incremental_gain"":-0.00676481064154223,""kind"":""singleton"",""relative_gain"":-0.00676481064154223},{""cardinality"":16,""columns"":[2],""fold_wins"":3,""incremental_fold_wins"":3,""incremental_gain"":-0.00019522939887215636,""kind"":""singleton"",""relative_gain"":-0.00019522939887215636},{""cardinality"":116,""columns"":[3],""fold_wins"":5,""incremental_fold_wins"":5,""incremental_gain"":0.027455180475580775,""kind"":""singleton"",""relative_gain"":0.027455180475580775},{""cardinality"":88,""columns"":[4],""fold_wins"":5,""incremental_fold_wins"":5,""incremental_gain"":0.0150816228874289,""kind"":""singleton"",""relative_gain"":0.0150816228874289},{""cardinality"":93,""columns"":[5],""fold_wins"":1,""incremental_fold_wins"":1,""incremental_gain"":-0.008467153221546325,""kind"":""singleton"",""relative_gain"":-0.008467153221546325},{""cardinality"":361,""columns"":[2,4],""fold_wins"":5,""incremental_fold_wins"":3,""incremental_gain"":0.000389645521487714,""kind"":""pair"",""relative_gain"":0.015275789438396805},{""cardinality"":203,""columns"":[3,4],""fold_wins"":5,""incremental_fold_wins"":3,""incremental_gain"":2.5387366365522174e-13,""kind"":""pair"",""relative_gain"":0.04103928040823439}]",0,128,26048,350,782832,512,15,0.8616612927990174,0.8624163134942571,16.345820447895676,,16,relu,0.2974401125208667,0.9164424743455359,nan
adult,binclass,tabm,0,adaptive_atomic,singletons=3;4|pairs=,singletons=3;4|pairs=,"[{""cardinality"":116,""columns"":[3],""gated"":true,""maximum_count"":23856,""median_count"":8.0,""minimum_count"":1,""test_unseen_rate"":0.0004913703089490795,""val_unseen_rate"":0.0006141563027790564},{""cardinality"":88,""columns"":[4],""gated"":true,""maximum_count"":24851,""median_count"":5.0,""minimum_count"":1,""test_unseen_rate"":0.0007370554634236193,""val_unseen_rate"":0.0006141563027790564}]","[{""cardinality"":73,""columns"":[0],""fold_wins"":0,""incremental_fold_wins"":0,""incremental_gain"":-0.00676481064154223,""kind"":""singleton"",""relative_gain"":-0.00676481064154223},{""cardinality"":16,""columns"":[2],""fold_wins"":3,""incremental_fold_wins"":3,""incremental_gain"":-0.00019522939887215636,""kind"":""singleton"",""relative_gain"":-0.00019522939887215636},{""cardinality"":116,""columns"":[3],""fold_wins"":5,""incremental_fold_wins"":5,""incremental_gain"":0.027455180475580775,""kind"":""singleton"",""relative_gain"":0.027455180475580775},{""cardinality"":88,""columns"":[4],""fold_wins"":5,""incremental_fold_wins"":5,""incremental_gain"":0.0150816228874289,""kind"":""singleton"",""relative_gain"":0.0150816228874289},{""cardinality"":93,""columns"":[5],""fold_wins"":1,""incremental_fold_wins"":1,""incremental_gain"":-0.008467153221546325,""kind"":""singleton"",""relative_gain"":-0.008467153221546325},{""cardinality"":361,""columns"":[2,4],""fold_wins"":5,""incremental_fold_wins"":3,""incremental_gain"":0.000389645521487714,""kind"":""pair"",""relative_gain"":0.015275789438396805},{""cardinality"":203,""columns"":[3,4],""fold_wins"":5,""incremental_fold_wins"":3,""incremental_gain"":2.5387366365522174e-13,""kind"":""pair"",""relative_gain"":0.04103928040823439}]",0,128,26048,554,783904,472,15,0.8701059419622293,0.8713224003439592,18.029589185025543,3;4,16,relu,0.2772094504863812,0.9273549028008566,nan
adult,binclass,tabm,0,adaptive_atomic_ungated,singletons=3;4|pairs=,singletons=3;4|pairs=,"[{""cardinality"":116,""columns"":[3],""gated"":false,""maximum_count"":23856,""median_count"":8.0,""minimum_count"":1,""test_unseen_rate"":0.0004913703089490795,""val_unseen_rate"":0.0006141563027790564},{""cardinality"":88,""columns"":[4],""gated"":false,""maximum_count"":24851,""median_count"":5.0,""minimum_count"":1,""test_unseen_rate"":0.0007370554634236193,""val_unseen_rate"":0.0006141563027790564}]","[{""cardinality"":73,""columns"":[0],""fold_wins"":0,""incremental_fold_wins"":0,""incremental_gain"":-0.00676481064154223,""kind"":""singleton"",""relative_gain"":-0.00676481064154223},{""cardinality"":16,""columns"":[2],""fold_wins"":3,""incremental_fold_wins"":3,""incremental_gain"":-0.00019522939887215636,""kind"":""singleton"",""relative_gain"":-0.00019522939887215636},{""cardinality"":116,""columns"":[3],""fold_wins"":5,""incremental_fold_wins"":5,""incremental_gain"":0.027455180475580775,""kind"":""singleton"",""relative_gain"":0.027455180475580775},{""cardinality"":88,""columns"":[4],""fold_wins"":5,""incremental_fold_wins"":5,""incremental_gain"":0.0150816228874289,""kind"":""singleton"",""relative_gain"":0.0150816228874289},{""cardinality"":93,""columns"":[5],""fold_wins"":1,""incremental_fold_wins"":1,""incremental_gain"":-0.008467153221546325,""kind"":""singleton"",""relative_gain"":-0.008467153221546325},{""cardinality"":361,""columns"":[2,4],""fold_wins"":5,""incremental_fold_wins"":3,""incremental_gain"":0.000389645521487714,""kind"":""pair"",""relative_gain"":0.015275789438396805},{""cardinality"":203,""columns"":[3,4],""fold_wins"":5,""incremental_fold_wins"":3,""incremental_gain"":2.5387366365522174e-13,""kind"":""pair"",""relative_gain"":0.04103928040823439}]",0,128,26048,554,783904,472,15,0.8713342545677875,0.8733493028683742,17.165505377110094,3;4,16,relu,0.2740542271932386,0.9288983002826346,nan
adult,binclass,tabm,0,matched_random_0,singletons=3;4|pairs=,singletons=2;5|pairs=,"[{""cardinality"":16,""columns"":[2],""gated"":true,""maximum_count"":8398,""median_count"":631.0,""minimum_count"":38,""test_unseen_rate"":0.0,""val_unseen_rate"":0.0},{""cardinality"":93,""columns"":[5],""gated"":true,""maximum_count"":12131,""median_count"":29.0,""minimum_count"":1,""test_unseen_rate"":0.00024568515447453976,""val_unseen_rate"":0.00015353907569481962}]","[{""cardinality"":73,""columns"":[0],""fold_wins"":0,""incremental_fold_wins"":0,""incremental_gain"":-0.00676481064154223,""kind"":""singleton"",""relative_gain"":-0.00676481064154223},{""cardinality"":16,""columns"":[2],""fold_wins"":3,""incremental_fold_wins"":3,""incremental_gain"":-0.00019522939887215636,""kind"":""singleton"",""relative_gain"":-0.00019522939887215636},{""cardinality"":116,""columns"":[3],""fold_wins"":5,""incremental_fold_wins"":5,""incremental_gain"":0.027455180475580775,""kind"":""singleton"",""relative_gain"":0.027455180475580775},{""cardinality"":88,""columns"":[4],""fold_wins"":5,""incremental_fold_wins"":5,""incremental_gain"":0.0150816228874289,""kind"":""singleton"",""relative_gain"":0.0150816228874289},{""cardinality"":93,""columns"":[5],""fold_wins"":1,""incremental_fold_wins"":1,""incremental_gain"":-0.008467153221546325,""kind"":""singleton"",""relative_gain"":-0.008467153221546325},{""cardinality"":361,""columns"":[2,4],""fold_wins"":5,""incremental_fold_wins"":3,""incremental_gain"":0.000389645521487714,""kind"":""pair"",""relative_gain"":0.015275789438396805},{""cardinality"":203,""columns"":[3,4],""fold_wins"":5,""incremental_fold_wins"":3,""incremental_gain"":2.5387366365522174e-13,""kind"":""pair"",""relative_gain"":0.04103928040823439}]",0,128,26048,459,783030,490,13,0.8595117457392907,0.8613721515877403,13.682754294015467,2;5,16,relu,0.29947654545403,0.9160109532648294,nan
adult,binclass,tabm,0,matched_random_1,singletons=3;4|pairs=,singletons=0;2|pairs=,"[{""cardinality"":73,""columns"":[0],""gated"":true,""maximum_count"":725,""median_count"":339.0,""minimum_count"":1,""test_unseen_rate"":0.00012284257723726988,""val_unseen_rate"":0.0},{""cardinality"":16,""columns"":[2],""gated"":true,""maximum_count"":8398,""median_count"":631.0,""minimum_count"":38,""test_unseen_rate"":0.0,""val_unseen_rate"":0.0}]","[{""cardinality"":73,""columns"":[0],""fold_wins"":0,""incremental_fold_wins"":0,""incremental_gain"":-0.00676481064154223,""kind"":""singleton"",""relative_gain"":-0.00676481064154223},{""cardinality"":16,""columns"":[2],""fold_wins"":3,""incremental_fold_wins"":3,""incremental_gain"":-0.00019522939887215636,""kind"":""singleton"",""relative_gain"":-0.00019522939887215636},{""cardinality"":116,""columns"":[3],""fold_wins"":5,""incremental_fold_wins"":5,""incremental_gain"":0.027455180475580775,""kind"":""singleton"",""relative_gain"":0.027455180475580775},{""cardinality"":88,""columns"":[4],""fold_wins"":5,""incremental_fold_wins"":5,""incremental_gain"":0.0150816228874289,""kind"":""singleton"",""relative_gain"":0.0150816228874289},{""cardinality"":93,""columns"":[5],""fold_wins"":1,""incremental_fold_wins"":1,""incremental_gain"":-0.008467153221546325,""kind"":""singleton"",""relative_gain"":-0.008467153221546325},{""cardinality"":361,""columns"":[2,4],""fold_wins"":5,""incremental_fold_wins"":3,""incremental_gain"":0.000389645521487714,""kind"":""pair"",""relative_gain"":0.015275789438396805},{""cardinality"":203,""columns"":[3,4],""fold_wins"":5,""incremental_fold_wins"":3,""incremental_gain"":2.5387366365522174e-13,""kind"":""pair"",""relative_gain"":0.04103928040823439}]",0,128,26048,439,783114,494,9,0.8572086596038692,0.8621092070511639,13.902088477043435,0;2,16,relu,0.29861492599055117,0.9159487159542674,nan
adult,binclass,mlp,1,baseline_ple,singletons=3;4|pairs=,singletons=|pairs=,[],"[{""cardinality"":73,""columns"":[0],""fold_wins"":0,""incremental_fold_wins"":0,""incremental_gain"":-0.005686196064149852,""kind"":""singleton"",""relative_gain"":-0.005686196064149852},{""cardinality"":16,""columns"":[2],""fold_wins"":3,""incremental_fold_wins"":3,""incremental_gain"":4.0659073222105176e-05,""kind"":""singleton"",""relative_gain"":4.0659073222105176e-05},{""cardinality"":116,""columns"":[3],""fold_wins"":5,""incremental_fold_wins"":5,""incremental_gain"":0.02736540199738472,""kind"":""singleton"",""relative_gain"":0.02736540199738472},{""cardinality"":88,""columns"":[4],""fold_wins"":5,""incremental_fold_wins"":5,""incremental_gain"":0.013841332441684296,""kind"":""singleton"",""relative_gain"":0.013841332441684296},{""cardinality"":93,""columns"":[5],""fold_wins"":0,""incremental_fold_wins"":0,""incremental_gain"":-0.011809795735368337,""kind"":""singleton"",""relative_gain"":-0.011809795735368337},{""cardinality"":361,""columns"":[2,4],""fold_wins"":5,""incremental_fold_wins"":4,""incremental_gain"":0.0018655199540014839,""kind"":""pair"",""relative_gain"":0.016433433578792008},{""cardinality"":203,""columns"":[3,4],""fold_wins"":5,""incremental_fold_wins"":2,""incremental_gain"":1.435826132072516e-12,""kind"":""pair"",""relative_gain"":0.04039377485848784}]",0,128,26048,350,430849,384,12,0.8575157377552587,0.8579939807137154,10.919210869818926,,,gelu,0.3023285837055621,0.9139564529103078,nan
adult,binclass,mlp,1,adaptive_atomic,singletons=3;4|pairs=,singletons=3;4|pairs=,"[{""cardinality"":116,""columns"":[3],""gated"":true,""maximum_count"":23856,""median_count"":8.0,""minimum_count"":1,""test_unseen_rate"":0.0004913703089490795,""val_unseen_rate"":0.0006141563027790564},{""cardinality"":88,""columns"":[4],""gated"":true,""maximum_count"":24851,""median_count"":5.0,""minimum_count"":1,""test_unseen_rate"":0.0007370554634236193,""val_unseen_rate"":0.0006141563027790564}]","[{""cardinality"":73,""columns"":[0],""fold_wins"":0,""incremental_fold_wins"":0,""incremental_gain"":-0.005686196064149852,""kind"":""singleton"",""relative_gain"":-0.005686196064149852},{""cardinality"":16,""columns"":[2],""fold_wins"":3,""incremental_fold_wins"":3,""incremental_gain"":4.0659073222105176e-05,""kind"":""singleton"",""relative_gain"":4.0659073222105176e-05},{""cardinality"":116,""columns"":[3],""fold_wins"":5,""incremental_fold_wins"":5,""incremental_gain"":0.02736540199738472,""kind"":""singleton"",""relative_gain"":0.02736540199738472},{""cardinality"":88,""columns"":[4],""fold_wins"":5,""incremental_fold_wins"":5,""incremental_gain"":0.013841332441684296,""kind"":""singleton"",""relative_gain"":0.013841332441684296},{""cardinality"":93,""columns"":[5],""fold_wins"":0,""incremental_fold_wins"":0,""incremental_gain"":-0.011809795735368337,""kind"":""singleton"",""relative_gain"":-0.011809795735368337},{""cardinality"":361,""columns"":[2,4],""fold_wins"":5,""incremental_fold_wins"":4,""incremental_gain"":0.0018655199540014839,""kind"":""pair"",""relative_gain"":0.016433433578792008},{""cardinality"":203,""columns"":[3,4],""fold_wins"":5,""incremental_fold_wins"":2,""incremental_gain"":1.435826132072516e-12,""kind"":""pair"",""relative_gain"":0.04039377485848784}]",0,128,26048,554,430561,345,12,0.8659603869184708,0.8664701185430871,13.694567078957334,3;4,,gelu,0.28350573466072976,0.9241782176313189,nan
adult,binclass,mlp,1,adaptive_atomic_ungated,singletons=3;4|pairs=,singletons=3;4|pairs=,"[{""cardinality"":116,""columns"":[3],""gated"":false,""maximum_count"":23856,""median_count"":8.0,""minimum_count"":1,""test_unseen_rate"":0.0004913703089490795,""val_unseen_rate"":0.0006141563027790564},{""cardinality"":88,""columns"":[4],""gated"":false,""maximum_count"":24851,""median_count"":5.0,""minimum_count"":1,""test_unseen_rate"":0.0007370554634236193,""val_unseen_rate"":0.0006141563027790564}]","[{""cardinality"":73,""columns"":[0],""fold_wins"":0,""incremental_fold_wins"":0,""incremental_gain"":-0.005686196064149852,""kind"":""singleton"",""relative_gain"":-0.005686196064149852},{""cardinality"":16,""columns"":[2],""fold_wins"":3,""incremental_fold_wins"":3,""incremental_gain"":4.0659073222105176e-05,""kind"":""singleton"",""relative_gain"":4.0659073222105176e-05},{""cardinality"":116,""columns"":[3],""fold_wins"":5,""incremental_fold_wins"":5,""incremental_gain"":0.02736540199738472,""kind"":""singleton"",""relative_gain"":0.02736540199738472},{""cardinality"":88,""columns"":[4],""fold_wins"":5,""incremental_fold_wins"":5,""incremental_gain"":0.013841332441684296,""kind"":""singleton"",""relative_gain"":0.013841332441684296},{""cardinality"":93,""columns"":[5],""fold_wins"":0,""incremental_fold_wins"":0,""incremental_gain"":-0.011809795735368337,""kind"":""singleton"",""relative_gain"":-0.011809795735368337},{""cardinality"":361,""columns"":[2,4],""fold_wins"":5,""incremental_fold_wins"":4,""incremental_gain"":0.0018655199540014839,""kind"":""pair"",""relative_gain"":0.016433433578792008},{""cardinality"":203,""columns"":[3,4],""fold_wins"":5,""incremental_fold_wins"":2,""incremental_gain"":1.435826132072516e-12,""kind"":""pair"",""relative_gain"":0.04039377485848784}]",0,128,26048,554,430561,345,10,0.8696453247351451,0.8726736686935692,13.496744961012155,3;4,,gelu,0.2808301690815054,0.9260156453704871,nan
adult,binclass,mlp,1,matched_random_0,singletons=3;4|pairs=,singletons=5;0|pairs=,"[{""cardinality"":93,""columns"":[5],""gated"":true,""maximum_count"":12131,""median_count"":29.0,""minimum_count"":1,""test_unseen_rate"":0.00024568515447453976,""val_unseen_rate"":0.00015353907569481962},{""cardinality"":73,""columns"":[0],""gated"":true,""maximum_count"":725,""median_count"":339.0,""minimum_count"":1,""test_unseen_rate"":0.00012284257723726988,""val_unseen_rate"":0.0}]","[{""cardinality"":73,""columns"":[0],""fold_wins"":0,""incremental_fold_wins"":0,""incremental_gain"":-0.005686196064149852,""kind"":""singleton"",""relative_gain"":-0.005686196064149852},{""cardinality"":16,""columns"":[2],""fold_wins"":3,""incremental_fold_wins"":3,""incremental_gain"":4.0659073222105176e-05,""kind"":""singleton"",""relative_gain"":4.0659073222105176e-05},{""cardinality"":116,""columns"":[3],""fold_wins"":5,""incremental_fold_wins"":5,""incremental_gain"":0.02736540199738472,""kind"":""singleton"",""relative_gain"":0.02736540199738472},{""cardinality"":88,""columns"":[4],""fold_wins"":5,""incremental_fold_wins"":5,""incremental_gain"":0.013841332441684296,""kind"":""singleton"",""relative_gain"":0.013841332441684296},{""cardinality"":93,""columns"":[5],""fold_wins"":0,""incremental_fold_wins"":0,""incremental_gain"":-0.011809795735368337,""kind"":""singleton"",""relative_gain"":-0.011809795735368337},{""cardinality"":361,""columns"":[2,4],""fold_wins"":5,""incremental_fold_wins"":4,""incremental_gain"":0.0018655199540014839,""kind"":""pair"",""relative_gain"":0.016433433578792008},{""cardinality"":203,""columns"":[3,4],""fold_wins"":5,""incremental_fold_wins"":2,""incremental_gain"":1.435826132072516e-12,""kind"":""pair"",""relative_gain"":0.04039377485848784}]",0,128,26048,516,430849,352,7,0.8570551205281745,0.8607579387015539,9.593200403964147,0;5,,gelu,0.303675008351689,0.9142585333489738,nan
adult,binclass,mlp,1,matched_random_2,singletons=3;4|pairs=,singletons=0;2|pairs=,"[{""cardinality"":73,""columns"":[0],""gated"":true,""maximum_count"":725,""median_count"":339.0,""minimum_count"":1,""test_unseen_rate"":0.00012284257723726988,""val_unseen_rate"":0.0},{""cardinality"":16,""columns"":[2],""gated"":true,""maximum_count"":8398,""median_count"":631.0,""minimum_count"":38,""test_unseen_rate"":0.0,""val_unseen_rate"":0.0}]","[{""cardinality"":73,""columns"":[0],""fold_wins"":0,""incremental_fold_wins"":0,""incremental_gain"":-0.005686196064149852,""kind"":""singleton"",""relative_gain"":-0.005686196064149852},{""cardinality"":16,""columns"":[2],""fold_wins"":3,""incremental_fold_wins"":3,""incremental_gain"":4.0659073222105176e-05,""kind"":""singleton"",""relative_gain"":4.0659073222105176e-05},{""cardinality"":116,""columns"":[3],""fold_wins"":5,""incremental_fold_wins"":5,""incremental_gain"":0.02736540199738472,""kind"":""singleton"",""relative_gain"":0.02736540199738472},{""cardinality"":88,""columns"":[4],""fold_wins"":5,""incremental_fold_wins"":5,""incremental_gain"":0.013841332441684296,""kind"":""singleton"",""relative_gain"":0.013841332441684296},{""cardinality"":93,""columns"":[5],""fold_wins"":0,""incremental_fold_wins"":0,""incremental_gain"":-0.011809795735368337,""kind"":""singleton"",""relative_gain"":-0.011809795735368337},{""cardinality"":361,""columns"":[2,4],""fold_wins"":5,""incremental_fold_wins"":4,""incremental_gain"":0.0018655199540014839,""kind"":""pair"",""relative_gain"":0.016433433578792008},{""cardinality"":203,""columns"":[3,4],""fold_wins"":5,""incremental_fold_wins"":2,""incremental_gain"":1.435826132072516e-12,""kind"":""pair"",""relative_gain"":0.04039377485848784}]",0,128,26048,439,430051,366,7,0.8575157377552587,0.8608193599901726,8.18743517389521,0;2,,gelu,0.3029520883342737,0.9142408229501677,nan
adult,binclass,resnet,1,baseline_ple,singletons=3;4|pairs=,singletons=|pairs=,[],"[{""cardinality"":73,""columns"":[0],""fold_wins"":0,""incremental_fold_wins"":0,""incremental_gain"":-0.005686196064149852,""kind"":""singleton"",""relative_gain"":-0.005686196064149852},{""cardinality"":16,""columns"":[2],""fold_wins"":3,""incremental_fold_wins"":3,""incremental_gain"":4.0659073222105176e-05,""kind"":""singleton"",""relative_gain"":4.0659073222105176e-05},{""cardinality"":116,""columns"":[3],""fold_wins"":5,""incremental_fold_wins"":5,""incremental_gain"":0.02736540199738472,""kind"":""singleton"",""relative_gain"":0.02736540199738472},{""cardinality"":88,""columns"":[4],""fold_wins"":5,""incremental_fold_wins"":5,""incremental_gain"":0.013841332441684296,""kind"":""singleton"",""relative_gain"":0.013841332441684296},{""cardinality"":93,""columns"":[5],""fold_wins"":0,""incremental_fold_wins"":0,""incremental_gain"":-0.011809795735368337,""kind"":""singleton"",""relative_gain"":-0.011809795735368337},{""cardinality"":361,""columns"":[2,4],""fold_wins"":5,""incremental_fold_wins"":4,""incremental_gain"":0.0018655199540014839,""kind"":""pair"",""relative_gain"":0.016433433578792008},{""cardinality"":203,""columns"":[3,4],""fold_wins"":5,""incremental_fold_wins"":2,""incremental_gain"":1.435826132072516e-12,""kind"":""pair"",""relative_gain"":0.04039377485848784}]",0,128,26048,350,1319425,384,15,0.8596652848149854,0.860573674835698,14.581043997080997,,,gelu,0.30311684558318325,0.9131855905518891,nan
adult,binclass,resnet,1,adaptive_atomic,singletons=3;4|pairs=,singletons=3;4|pairs=,"[{""cardinality"":116,""columns"":[3],""gated"":true,""maximum_count"":23856,""median_count"":8.0,""minimum_count"":1,""test_unseen_rate"":0.0004913703089490795,""val_unseen_rate"":0.0006141563027790564},{""cardinality"":88,""columns"":[4],""gated"":true,""maximum_count"":24851,""median_count"":5.0,""minimum_count"":1,""test_unseen_rate"":0.0007370554634236193,""val_unseen_rate"":0.0006141563027790564}]","[{""cardinality"":73,""columns"":[0],""fold_wins"":0,""incremental_fold_wins"":0,""incremental_gain"":-0.005686196064149852,""kind"":""singleton"",""relative_gain"":-0.005686196064149852},{""cardinality"":16,""columns"":[2],""fold_wins"":3,""incremental_fold_wins"":3,""incremental_gain"":4.0659073222105176e-05,""kind"":""singleton"",""relative_gain"":4.0659073222105176e-05},{""cardinality"":116,""columns"":[3],""fold_wins"":5,""incremental_fold_wins"":5,""incremental_gain"":0.02736540199738472,""kind"":""singleton"",""relative_gain"":0.02736540199738472},{""cardinality"":88,""columns"":[4],""fold_wins"":5,""incremental_fold_wins"":5,""incremental_gain"":0.013841332441684296,""kind"":""singleton"",""relative_gain"":0.013841332441684296},{""cardinality"":93,""columns"":[5],""fold_wins"":0,""incremental_fold_wins"":0,""incremental_gain"":-0.011809795735368337,""kind"":""singleton"",""relative_gain"":-0.011809795735368337},{""cardinality"":361,""columns"":[2,4],""fold_wins"":5,""incremental_fold_wins"":4,""incremental_gain"":0.0018655199540014839,""kind"":""pair"",""relative_gain"":0.016433433578792008},{""cardinality"":203,""columns"":[3,4],""fold_wins"":5,""incremental_fold_wins"":2,""incremental_gain"":1.435826132072516e-12,""kind"":""pair"",""relative_gain"":0.04039377485848784}]",0,128,26048,554,1318369,372,21,0.8693382465837556,0.8704010810146797,16.098175616003573,3;4,,gelu,0.2819404778489139,0.9249299163763897,nan
adult,binclass,resnet,1,adaptive_atomic_ungated,singletons=3;4|pairs=,singletons=3;4|pairs=,"[{""cardinality"":116,""columns"":[3],""gated"":false,""maximum_count"":23856,""median_count"":8.0,""minimum_count"":1,""test_unseen_rate"":0.0004913703089490795,""val_unseen_rate"":0.0006141563027790564},{""cardinality"":88,""columns"":[4],""gated"":false,""maximum_count"":24851,""median_count"":5.0,""minimum_count"":1,""test_unseen_rate"":0.0007370554634236193,""val_unseen_rate"":0.0006141563027790564}]","[{""cardinality"":73,""columns"":[0],""fold_wins"":0,""incremental_fold_wins"":0,""incremental_gain"":-0.005686196064149852,""kind"":""singleton"",""relative_gain"":-0.005686196064149852},{""cardinality"":16,""columns"":[2],""fold_wins"":3,""incremental_fold_wins"":3,""incremental_gain"":4.0659073222105176e-05,""kind"":""singleton"",""relative_gain"":4.0659073222105176e-05},{""cardinality"":116,""columns"":[3],""fold_wins"":5,""incremental_fold_wins"":5,""incremental_gain"":0.02736540199738472,""kind"":""singleton"",""relative_gain"":0.02736540199738472},{""cardinality"":88,""columns"":[4],""fold_wins"":5,""incremental_fold_wins"":5,""incremental_gain"":0.013841332441684296,""kind"":""singleton"",""relative_gain"":0.013841332441684296},{""cardinality"":93,""columns"":[5],""fold_wins"":0,""incremental_fold_wins"":0,""incremental_gain"":-0.011809795735368337,""kind"":""singleton"",""relative_gain"":-0.011809795735368337},{""cardinality"":361,""columns"":[2,4],""fold_wins"":5,""incremental_fold_wins"":4,""incremental_gain"":0.0018655199540014839,""kind"":""pair"",""relative_gain"":0.016433433578792008},{""cardinality"":203,""columns"":[3,4],""fold_wins"":5,""incremental_fold_wins"":2,""incremental_gain"":1.435826132072516e-12,""kind"":""pair"",""relative_gain"":0.04039377485848784}]",0,128,26048,554,1318369,372,15,0.8708736373407032,0.8722437196732388,15.582688061054796,3;4,,gelu,0.2804626584165309,0.9269353838085973,nan
adult,binclass,resnet,1,matched_random_0,singletons=3;4|pairs=,singletons=5;0|pairs=,"[{""cardinality"":93,""columns"":[5],""gated"":true,""maximum_count"":12131,""median_count"":29.0,""minimum_count"":1,""test_unseen_rate"":0.00024568515447453976,""val_unseen_rate"":0.00015353907569481962},{""cardinality"":73,""columns"":[0],""gated"":true,""maximum_count"":725,""median_count"":339.0,""minimum_count"":1,""test_unseen_rate"":0.00012284257723726988,""val_unseen_rate"":0.0}]","[{""cardinality"":73,""columns"":[0],""fold_wins"":0,""incremental_fold_wins"":0,""incremental_gain"":-0.005686196064149852,""kind"":""singleton"",""relative_gain"":-0.005686196064149852},{""cardinality"":16,""columns"":[2],""fold_wins"":3,""incremental_fold_wins"":3,""incremental_gain"":4.0659073222105176e-05,""kind"":""singleton"",""relative_gain"":4.0659073222105176e-05},{""cardinality"":116,""columns"":[3],""fold_wins"":5,""incremental_fold_wins"":5,""incremental_gain"":0.02736540199738472,""kind"":""singleton"",""relative_gain"":0.02736540199738472},{""cardinality"":88,""columns"":[4],""fold_wins"":5,""incremental_fold_wins"":5,""incremental_gain"":0.013841332441684296,""kind"":""singleton"",""relative_gain"":0.013841332441684296},{""cardinality"":93,""columns"":[5],""fold_wins"":0,""incremental_fold_wins"":0,""incremental_gain"":-0.011809795735368337,""kind"":""singleton"",""relative_gain"":-0.011809795735368337},{""cardinality"":361,""columns"":[2,4],""fold_wins"":5,""incremental_fold_wins"":4,""incremental_gain"":0.0018655199540014839,""kind"":""pair"",""relative_gain"":0.016433433578792008},{""cardinality"":203,""columns"":[3,4],""fold_wins"":5,""incremental_fold_wins"":2,""incremental_gain"":1.435826132072516e-12,""kind"":""pair"",""relative_gain"":0.04039377485848784}]",0,128,26048,516,1317229,374,7,0.8572086596038692,0.861924943185308,9.7139097310137,0;5,,gelu,0.3035953953471315,0.914152678692592,nan
adult,binclass,resnet,1,matched_random_2,singletons=3;4|pairs=,singletons=0;2|pairs=,"[{""cardinality"":73,""columns"":[0],""gated"":true,""maximum_count"":725,""median_count"":339.0,""minimum_count"":1,""test_unseen_rate"":0.00012284257723726988,""val_unseen_rate"":0.0},{""cardinality"":16,""columns"":[2],""gated"":true,""maximum_count"":8398,""median_count"":631.0,""minimum_count"":38,""test_unseen_rate"":0.0,""val_unseen_rate"":0.0}]","[{""cardinality"":73,""columns"":[0],""fold_wins"":0,""incremental_fold_wins"":0,""incremental_gain"":-0.005686196064149852,""kind"":""singleton"",""relative_gain"":-0.005686196064149852},{""cardinality"":16,""columns"":[2],""fold_wins"":3,""incremental_fold_wins"":3,""incremental_gain"":4.0659073222105176e-05,""kind"":""singleton"",""relative_gain"":4.0659073222105176e-05},{""cardinality"":116,""columns"":[3],""fold_wins"":5,""incremental_fold_wins"":5,""incremental_gain"":0.02736540199738472,""kind"":""singleton"",""relative_gain"":0.02736540199738472},{""cardinality"":88,""columns"":[4],""fold_wins"":5,""incremental_fold_wins"":5,""incremental_gain"":0.013841332441684296,""kind"":""singleton"",""relative_gain"":0.013841332441684296},{""cardinality"":93,""columns"":[5],""fold_wins"":0,""incremental_fold_wins"":0,""incremental_gain"":-0.011809795735368337,""kind"":""singleton"",""relative_gain"":-0.011809795735368337},{""cardinality"":361,""columns"":[2,4],""fold_wins"":5,""incremental_fold_wins"":4,""incremental_gain"":0.0018655199540014839,""kind"":""pair"",""relative_gain"":0.016433433578792008},{""cardinality"":203,""columns"":[3,4],""fold_wins"":5,""incremental_fold_wins"":2,""incremental_gain"":1.435826132072516e-12,""kind"":""pair"",""relative_gain"":0.04039377485848784}]",0,128,26048,439,1320816,379,7,0.8567480423767849,0.8609422025674098,9.61243739305064,0;2,,gelu,0.3032146694652032,0.9143347487015685,nan
adult,binclass,tabm,1,baseline_ple,singletons=3;4|pairs=,singletons=|pairs=,[],"[{""cardinality"":73,""columns"":[0],""fold_wins"":0,""incremental_fold_wins"":0,""incremental_gain"":-0.005686196064149852,""kind"":""singleton"",""relative_gain"":-0.005686196064149852},{""cardinality"":16,""columns"":[2],""fold_wins"":3,""incremental_fold_wins"":3,""incremental_gain"":4.0659073222105176e-05,""kind"":""singleton"",""relative_gain"":4.0659073222105176e-05},{""cardinality"":116,""columns"":[3],""fold_wins"":5,""incremental_fold_wins"":5,""incremental_gain"":0.02736540199738472,""kind"":""singleton"",""relative_gain"":0.02736540199738472},{""cardinality"":88,""columns"":[4],""fold_wins"":5,""incremental_fold_wins"":5,""incremental_gain"":0.013841332441684296,""kind"":""singleton"",""relative_gain"":0.013841332441684296},{""cardinality"":93,""columns"":[5],""fold_wins"":0,""incremental_fold_wins"":0,""incremental_gain"":-0.011809795735368337,""kind"":""singleton"",""relative_gain"":-0.011809795735368337},{""cardinality"":361,""columns"":[2,4],""fold_wins"":5,""incremental_fold_wins"":4,""incremental_gain"":0.0018655199540014839,""kind"":""pair"",""relative_gain"":0.016433433578792008},{""cardinality"":203,""columns"":[3,4],""fold_wins"":5,""incremental_fold_wins"":2,""incremental_gain"":1.435826132072516e-12,""kind"":""pair"",""relative_gain"":0.04039377485848784}]",0,128,26048,350,782832,512,12,0.8593582066635959,0.861249309010503,14.06489851186052,,16,relu,0.2974229549663601,0.9157456004713852,nan
adult,binclass,tabm,1,adaptive_atomic,singletons=3;4|pairs=,singletons=3;4|pairs=,"[{""cardinality"":116,""columns"":[3],""gated"":true,""maximum_count"":23856,""median_count"":8.0,""minimum_count"":1,""test_unseen_rate"":0.0004913703089490795,""val_unseen_rate"":0.0006141563027790564},{""cardinality"":88,""columns"":[4],""gated"":true,""maximum_count"":24851,""median_count"":5.0,""minimum_count"":1,""test_unseen_rate"":0.0007370554634236193,""val_unseen_rate"":0.0006141563027790564}]","[{""cardinality"":73,""columns"":[0],""fold_wins"":0,""incremental_fold_wins"":0,""incremental_gain"":-0.005686196064149852,""kind"":""singleton"",""relative_gain"":-0.005686196064149852},{""cardinality"":16,""columns"":[2],""fold_wins"":3,""incremental_fold_wins"":3,""incremental_gain"":4.0659073222105176e-05,""kind"":""singleton"",""relative_gain"":4.0659073222105176e-05},{""cardinality"":116,""columns"":[3],""fold_wins"":5,""incremental_fold_wins"":5,""incremental_gain"":0.02736540199738472,""kind"":""singleton"",""relative_gain"":0.02736540199738472},{""cardinality"":88,""columns"":[4],""fold_wins"":5,""incremental_fold_wins"":5,""incremental_gain"":0.013841332441684296,""kind"":""singleton"",""relative_gain"":0.013841332441684296},{""cardinality"":93,""columns"":[5],""fold_wins"":0,""incremental_fold_wins"":0,""incremental_gain"":-0.011809795735368337,""kind"":""singleton"",""relative_gain"":-0.011809795735368337},{""cardinality"":361,""columns"":[2,4],""fold_wins"":5,""incremental_fold_wins"":4,""incremental_gain"":0.0018655199540014839,""kind"":""pair"",""relative_gain"":0.016433433578792008},{""cardinality"":203,""columns"":[3,4],""fold_wins"":5,""incremental_fold_wins"":2,""incremental_gain"":1.435826132072516e-12,""kind"":""pair"",""relative_gain"":0.04039377485848784}]",0,128,26048,554,783904,472,14,0.869031168432366,0.8710767151894847,14.040087292902172,3;4,16,relu,0.2771186142810549,0.9272365442265458,nan
adult,binclass,tabm,1,adaptive_atomic_ungated,singletons=3;4|pairs=,singletons=3;4|pairs=,"[{""cardinality"":116,""columns"":[3],""gated"":false,""maximum_count"":23856,""median_count"":8.0,""minimum_count"":1,""test_unseen_rate"":0.0004913703089490795,""val_unseen_rate"":0.0006141563027790564},{""cardinality"":88,""columns"":[4],""gated"":false,""maximum_count"":24851,""median_count"":5.0,""minimum_count"":1,""test_unseen_rate"":0.0007370554634236193,""val_unseen_rate"":0.0006141563027790564}]","[{""cardinality"":73,""columns"":[0],""fold_wins"":0,""incremental_fold_wins"":0,""incremental_gain"":-0.005686196064149852,""kind"":""singleton"",""relative_gain"":-0.005686196064149852},{""cardinality"":16,""columns"":[2],""fold_wins"":3,""incremental_fold_wins"":3,""incremental_gain"":4.0659073222105176e-05,""kind"":""singleton"",""relative_gain"":4.0659073222105176e-05},{""cardinality"":116,""columns"":[3],""fold_wins"":5,""incremental_fold_wins"":5,""incremental_gain"":0.02736540199738472,""kind"":""singleton"",""relative_gain"":0.02736540199738472},{""cardinality"":88,""columns"":[4],""fold_wins"":5,""incremental_fold_wins"":5,""incremental_gain"":0.013841332441684296,""kind"":""singleton"",""relative_gain"":0.013841332441684296},{""cardinality"":93,""columns"":[5],""fold_wins"":0,""incremental_fold_wins"":0,""incremental_gain"":-0.011809795735368337,""kind"":""singleton"",""relative_gain"":-0.011809795735368337},{""cardinality"":361,""columns"":[2,4],""fold_wins"":5,""incremental_fold_wins"":4,""incremental_gain"":0.0018655199540014839,""kind"":""pair"",""relative_gain"":0.016433433578792008},{""cardinality"":203,""columns"":[3,4],""fold_wins"":5,""incremental_fold_wins"":2,""incremental_gain"":1.435826132072516e-12,""kind"":""pair"",""relative_gain"":0.04039377485848784}]",0,128,26048,554,783904,472,14,0.8714877936434823,0.8714452429211965,14.588716755155474,3;4,16,relu,0.2739974087646103,0.9285172862483457,nan
adult,binclass,tabm,1,matched_random_0,singletons=3;4|pairs=,singletons=5;0|pairs=,"[{""cardinality"":93,""columns"":[5],""gated"":true,""maximum_count"":12131,""median_count"":29.0,""minimum_count"":1,""test_unseen_rate"":0.00024568515447453976,""val_unseen_rate"":0.00015353907569481962},{""cardinality"":73,""columns"":[0],""gated"":true,""maximum_count"":725,""median_count"":339.0,""minimum_count"":1,""test_unseen_rate"":0.00012284257723726988,""val_unseen_rate"":0.0}]","[{""cardinality"":73,""columns"":[0],""fold_wins"":0,""incremental_fold_wins"":0,""incremental_gain"":-0.005686196064149852,""kind"":""singleton"",""relative_gain"":-0.005686196064149852},{""cardinality"":16,""columns"":[2],""fold_wins"":3,""incremental_fold_wins"":3,""incremental_gain"":4.0659073222105176e-05,""kind"":""singleton"",""relative_gain"":4.0659073222105176e-05},{""cardinality"":116,""columns"":[3],""fold_wins"":5,""incremental_fold_wins"":5,""incremental_gain"":0.02736540199738472,""kind"":""singleton"",""relative_gain"":0.02736540199738472},{""cardinality"":88,""columns"":[4],""fold_wins"":5,""incremental_fold_wins"":5,""incremental_gain"":0.013841332441684296,""kind"":""singleton"",""relative_gain"":0.013841332441684296},{""cardinality"":93,""columns"":[5],""fold_wins"":0,""incremental_fold_wins"":0,""incremental_gain"":-0.011809795735368337,""kind"":""singleton"",""relative_gain"":-0.011809795735368337},{""cardinality"":361,""columns"":[2,4],""fold_wins"":5,""incremental_fold_wins"":4,""incremental_gain"":0.0018655199540014839,""kind"":""pair"",""relative_gain"":0.016433433578792008},{""cardinality"":203,""columns"":[3,4],""fold_wins"":5,""incremental_fold_wins"":2,""incremental_gain"":1.435826132072516e-12,""kind"":""pair"",""relative_gain"":0.04039377485848784}]",0,128,26048,516,783294,479,7,0.857976354982343,0.8618021006080707,12.092196003999561,0;5,16,relu,0.2976686397811464,0.9156936506652065,nan
adult,binclass,tabm,1,matched_random_2,singletons=3;4|pairs=,singletons=0;2|pairs=,"[{""cardinality"":73,""columns"":[0],""gated"":true,""maximum_count"":725,""median_count"":339.0,""minimum_count"":1,""test_unseen_rate"":0.00012284257723726988,""val_unseen_rate"":0.0},{""cardinality"":16,""columns"":[2],""gated"":true,""maximum_count"":8398,""median_count"":631.0,""minimum_count"":38,""test_unseen_rate"":0.0,""val_unseen_rate"":0.0}]","[{""cardinality"":73,""columns"":[0],""fold_wins"":0,""incremental_fold_wins"":0,""incremental_gain"":-0.005686196064149852,""kind"":""singleton"",""relative_gain"":-0.005686196064149852},{""cardinality"":16,""columns"":[2],""fold_wins"":3,""incremental_fold_wins"":3,""incremental_gain"":4.0659073222105176e-05,""kind"":""singleton"",""relative_gain"":4.0659073222105176e-05},{""cardinality"":116,""columns"":[3],""fold_wins"":5,""incremental_fold_wins"":5,""incremental_gain"":0.02736540199738472,""kind"":""singleton"",""relative_gain"":0.02736540199738472},{""cardinality"":88,""columns"":[4],""fold_wins"":5,""incremental_fold_wins"":5,""incremental_gain"":0.013841332441684296,""kind"":""singleton"",""relative_gain"":0.013841332441684296},{""cardinality"":93,""columns"":[5],""fold_wins"":0,""incremental_fold_wins"":0,""incremental_gain"":-0.011809795735368337,""kind"":""singleton"",""relative_gain"":-0.011809795735368337},{""cardinality"":361,""columns"":[2,4],""fold_wins"":5,""incremental_fold_wins"":4,""incremental_gain"":0.0018655199540014839,""kind"":""pair"",""relative_gain"":0.016433433578792008},{""cardinality"":203,""columns"":[3,4],""fold_wins"":5,""incremental_fold_wins"":2,""incremental_gain"":1.435826132072516e-12,""kind"":""pair"",""relative_gain"":0.04039377485848784}]",0,128,26048,439,783114,494,7,0.8569015814524796,0.8627848412259689,11.132206172915176,0;2,16,relu,0.2978237107186391,0.9157038231669999,nan
adult,binclass,mlp,2,baseline_ple,singletons=3;4|pairs=,singletons=|pairs=,[],"[{""cardinality"":73,""columns"":[0],""fold_wins"":0,""incremental_fold_wins"":0,""incremental_gain"":-0.006480131766685925,""kind"":""singleton"",""relative_gain"":-0.006480131766685925},{""cardinality"":16,""columns"":[2],""fold_wins"":2,""incremental_fold_wins"":2,""incremental_gain"":-8.08038216677448e-05,""kind"":""singleton"",""relative_gain"":-8.08038216677448e-05},{""cardinality"":116,""columns"":[3],""fold_wins"":5,""incremental_fold_wins"":5,""incremental_gain"":0.02778746759469522,""kind"":""singleton"",""relative_gain"":0.02778746759469522},{""cardinality"":88,""columns"":[4],""fold_wins"":5,""incremental_fold_wins"":5,""incremental_gain"":0.015848047431662547,""kind"":""singleton"",""relative_gain"":0.015848047431662547},{""cardinality"":93,""columns"":[5],""fold_wins"":1,""incremental_fold_wins"":1,""incremental_gain"":-0.011209485324293285,""kind"":""singleton"",""relative_gain"":-0.011209485324293285},{""cardinality"":361,""columns"":[2,4],""fold_wins"":5,""incremental_fold_wins"":5,""incremental_gain"":0.0004981665446652087,""kind"":""pair"",""relative_gain"":0.016183373930225134},{""cardinality"":203,""columns"":[3,4],""fold_wins"":5,""incremental_fold_wins"":4,""incremental_gain"":2.5979419341784377e-12,""kind"":""pair"",""relative_gain"":0.04345075644082052}]",0,128,26048,350,430849,384,9,0.8578228159066482,0.8586081935999017,9.838265918195248,,,gelu,0.3031971166764169,0.9127627051201872,nan
adult,binclass,mlp,2,adaptive_atomic,singletons=3;4|pairs=,singletons=3;4|pairs=,"[{""cardinality"":116,""columns"":[3],""gated"":true,""maximum_count"":23856,""median_count"":8.0,""minimum_count"":1,""test_unseen_rate"":0.0004913703089490795,""val_unseen_rate"":0.0006141563027790564},{""cardinality"":88,""columns"":[4],""gated"":true,""maximum_count"":24851,""median_count"":5.0,""minimum_count"":1,""test_unseen_rate"":0.0007370554634236193,""val_unseen_rate"":0.0006141563027790564}]","[{""cardinality"":73,""columns"":[0],""fold_wins"":0,""incremental_fold_wins"":0,""incremental_gain"":-0.006480131766685925,""kind"":""singleton"",""relative_gain"":-0.006480131766685925},{""cardinality"":16,""columns"":[2],""fold_wins"":2,""incremental_fold_wins"":2,""incremental_gain"":-8.08038216677448e-05,""kind"":""singleton"",""relative_gain"":-8.08038216677448e-05},{""cardinality"":116,""columns"":[3],""fold_wins"":5,""incremental_fold_wins"":5,""incremental_gain"":0.02778746759469522,""kind"":""singleton"",""relative_gain"":0.02778746759469522},{""cardinality"":88,""columns"":[4],""fold_wins"":5,""incremental_fold_wins"":5,""incremental_gain"":0.015848047431662547,""kind"":""singleton"",""relative_gain"":0.015848047431662547},{""cardinality"":93,""columns"":[5],""fold_wins"":1,""incremental_fold_wins"":1,""incremental_gain"":-0.011209485324293285,""kind"":""singleton"",""relative_gain"":-0.011209485324293285},{""cardinality"":361,""columns"":[2,4],""fold_wins"":5,""incremental_fold_wins"":5,""incremental_gain"":0.0004981665446652087,""kind"":""pair"",""relative_gain"":0.016183373930225134},{""cardinality"":203,""columns"":[3,4],""fold_wins"":5,""incremental_fold_wins"":4,""incremental_gain"":2.5979419341784377e-12,""kind"":""pair"",""relative_gain"":0.04345075644082052}]",0,128,26048,554,430561,345,14,0.8674957776754184,0.8712609790553406,10.910044245887548,3;4,,gelu,0.27941616232270744,0.9262071665013766,nan
adult,binclass,mlp,2,adaptive_atomic_ungated,singletons=3;4|pairs=,singletons=3;4|pairs=,"[{""cardinality"":116,""columns"":[3],""gated"":false,""maximum_count"":23856,""median_count"":8.0,""minimum_count"":1,""test_unseen_rate"":0.0004913703089490795,""val_unseen_rate"":0.0006141563027790564},{""cardinality"":88,""columns"":[4],""gated"":false,""maximum_count"":24851,""median_count"":5.0,""minimum_count"":1,""test_unseen_rate"":0.0007370554634236193,""val_unseen_rate"":0.0006141563027790564}]","[{""cardinality"":73,""columns"":[0],""fold_wins"":0,""incremental_fold_wins"":0,""incremental_gain"":-0.006480131766685925,""kind"":""singleton"",""relative_gain"":-0.006480131766685925},{""cardinality"":16,""columns"":[2],""fold_wins"":2,""incremental_fold_wins"":2,""incremental_gain"":-8.08038216677448e-05,""kind"":""singleton"",""relative_gain"":-8.08038216677448e-05},{""cardinality"":116,""columns"":[3],""fold_wins"":5,""incremental_fold_wins"":5,""incremental_gain"":0.02778746759469522,""kind"":""singleton"",""relative_gain"":0.02778746759469522},{""cardinality"":88,""columns"":[4],""fold_wins"":5,""incremental_fold_wins"":5,""incremental_gain"":0.015848047431662547,""kind"":""singleton"",""relative_gain"":0.015848047431662547},{""cardinality"":93,""columns"":[5],""fold_wins"":1,""incremental_fold_wins"":1,""incremental_gain"":-0.011209485324293285,""kind"":""singleton"",""relative_gain"":-0.011209485324293285},{""cardinality"":361,""columns"":[2,4],""fold_wins"":5,""incremental_fold_wins"":5,""incremental_gain"":0.0004981665446652087,""kind"":""pair"",""relative_gain"":0.016183373930225134},{""cardinality"":203,""columns"":[3,4],""fold_wins"":5,""incremental_fold_wins"":4,""incremental_gain"":2.5979419341784377e-12,""kind"":""pair"",""relative_gain"":0.04345075644082052}]",0,128,26048,554,430561,345,7,0.869031168432366,0.8732878815797556,9.409080544952303,3;4,,gelu,0.27683016604808475,0.927164165778533,nan
adult,binclass,mlp,2,matched_random_0,singletons=3;4|pairs=,singletons=5;0|pairs=,"[{""cardinality"":93,""columns"":[5],""gated"":true,""maximum_count"":12131,""median_count"":29.0,""minimum_count"":1,""test_unseen_rate"":0.00024568515447453976,""val_unseen_rate"":0.00015353907569481962},{""cardinality"":73,""columns"":[0],""gated"":true,""maximum_count"":725,""median_count"":339.0,""minimum_count"":1,""test_unseen_rate"":0.00012284257723726988,""val_unseen_rate"":0.0}]","[{""cardinality"":73,""columns"":[0],""fold_wins"":0,""incremental_fold_wins"":0,""incremental_gain"":-0.006480131766685925,""kind"":""singleton"",""relative_gain"":-0.006480131766685925},{""cardinality"":16,""columns"":[2],""fold_wins"":2,""incremental_fold_wins"":2,""incremental_gain"":-8.08038216677448e-05,""kind"":""singleton"",""relative_gain"":-8.08038216677448e-05},{""cardinality"":116,""columns"":[3],""fold_wins"":5,""incremental_fold_wins"":5,""incremental_gain"":0.02778746759469522,""kind"":""singleton"",""relative_gain"":0.02778746759469522},{""cardinality"":88,""columns"":[4],""fold_wins"":5,""incremental_fold_wins"":5,""incremental_gain"":0.015848047431662547,""kind"":""singleton"",""relative_gain"":0.015848047431662547},{""cardinality"":93,""columns"":[5],""fold_wins"":1,""incremental_fold_wins"":1,""incremental_gain"":-0.011209485324293285,""kind"":""singleton"",""relative_gain"":-0.011209485324293285},{""cardinality"":361,""columns"":[2,4],""fold_wins"":5,""incremental_fold_wins"":5,""incremental_gain"":0.0004981665446652087,""kind"":""pair"",""relative_gain"":0.016183373930225134},{""cardinality"":203,""columns"":[3,4],""fold_wins"":5,""incremental_fold_wins"":4,""incremental_gain"":2.5979419341784377e-12,""kind"":""pair"",""relative_gain"":0.04345075644082052}]",0,128,26048,516,430849,352,5,0.8564409642253954,0.8600823045267489,6.881502227159217,0;5,,gelu,0.30084046172303086,0.9138831544415779,nan
adult,binclass,mlp,2,matched_random_1,singletons=3;4|pairs=,singletons=2;5|pairs=,"[{""cardinality"":16,""columns"":[2],""gated"":true,""maximum_count"":8398,""median_count"":631.0,""minimum_count"":38,""test_unseen_rate"":0.0,""val_unseen_rate"":0.0},{""cardinality"":93,""columns"":[5],""gated"":true,""maximum_count"":12131,""median_count"":29.0,""minimum_count"":1,""test_unseen_rate"":0.00024568515447453976,""val_unseen_rate"":0.00015353907569481962}]","[{""cardinality"":73,""columns"":[0],""fold_wins"":0,""incremental_fold_wins"":0,""incremental_gain"":-0.006480131766685925,""kind"":""singleton"",""relative_gain"":-0.006480131766685925},{""cardinality"":16,""columns"":[2],""fold_wins"":2,""incremental_fold_wins"":2,""incremental_gain"":-8.08038216677448e-05,""kind"":""singleton"",""relative_gain"":-8.08038216677448e-05},{""cardinality"":116,""columns"":[3],""fold_wins"":5,""incremental_fold_wins"":5,""incremental_gain"":0.02778746759469522,""kind"":""singleton"",""relative_gain"":0.02778746759469522},{""cardinality"":88,""columns"":[4],""fold_wins"":5,""incremental_fold_wins"":5,""incremental_gain"":0.015848047431662547,""kind"":""singleton"",""relative_gain"":0.015848047431662547},{""cardinality"":93,""columns"":[5],""fold_wins"":1,""incremental_fold_wins"":1,""incremental_gain"":-0.011209485324293285,""kind"":""singleton"",""relative_gain"":-0.011209485324293285},{""cardinality"":361,""columns"":[2,4],""fold_wins"":5,""incremental_fold_wins"":5,""incremental_gain"":0.0004981665446652087,""kind"":""pair"",""relative_gain"":0.016183373930225134},{""cardinality"":203,""columns"":[3,4],""fold_wins"":5,""incremental_fold_wins"":4,""incremental_gain"":2.5979419341784377e-12,""kind"":""pair"",""relative_gain"":0.04345075644082052}]",0,128,26048,459,431608,363,9,0.8595117457392907,0.8597751980836558,10.239381142891943,2;5,,gelu,0.30429747378652555,0.9124150418368966,nan
adult,binclass,mlp,2,matched_random_2,singletons=3;4|pairs=,singletons=5;2|pairs=,"[{""cardinality"":93,""columns"":[5],""gated"":true,""maximum_count"":12131,""median_count"":29.0,""minimum_count"":1,""test_unseen_rate"":0.00024568515447453976,""val_unseen_rate"":0.00015353907569481962},{""cardinality"":16,""columns"":[2],""gated"":true,""maximum_count"":8398,""median_count"":631.0,""minimum_count"":38,""test_unseen_rate"":0.0,""val_unseen_rate"":0.0}]","[{""cardinality"":73,""columns"":[0],""fold_wins"":0,""incremental_fold_wins"":0,""incremental_gain"":-0.006480131766685925,""kind"":""singleton"",""relative_gain"":-0.006480131766685925},{""cardinality"":16,""columns"":[2],""fold_wins"":2,""incremental_fold_wins"":2,""incremental_gain"":-8.08038216677448e-05,""kind"":""singleton"",""relative_gain"":-8.08038216677448e-05},{""cardinality"":116,""columns"":[3],""fold_wins"":5,""incremental_fold_wins"":5,""incremental_gain"":0.02778746759469522,""kind"":""singleton"",""relative_gain"":0.02778746759469522},{""cardinality"":88,""columns"":[4],""fold_wins"":5,""incremental_fold_wins"":5,""incremental_gain"":0.015848047431662547,""kind"":""singleton"",""relative_gain"":0.015848047431662547},{""cardinality"":93,""columns"":[5],""fold_wins"":1,""incremental_fold_wins"":1,""incremental_gain"":-0.011209485324293285,""kind"":""singleton"",""relative_gain"":-0.011209485324293285},{""cardinality"":361,""columns"":[2,4],""fold_wins"":5,""incremental_fold_wins"":5,""incremental_gain"":0.0004981665446652087,""kind"":""pair"",""relative_gain"":0.016183373930225134},{""cardinality"":203,""columns"":[3,4],""fold_wins"":5,""incremental_fold_wins"":4,""incremental_gain"":2.5979419341784377e-12,""kind"":""pair"",""relative_gain"":0.04345075644082052}]",0,128,26048,459,431608,363,9,0.8592046675879011,0.859222406486088,6.614227473037317,2;5,,gelu,0.3043298530889544,0.9119962024053941,nan
adult,binclass,resnet,2,baseline_ple,singletons=3;4|pairs=,singletons=|pairs=,[],"[{""cardinality"":73,""columns"":[0],""fold_wins"":0,""incremental_fold_wins"":0,""incremental_gain"":-0.006480131766685925,""kind"":""singleton"",""relative_gain"":-0.006480131766685925},{""cardinality"":16,""columns"":[2],""fold_wins"":2,""incremental_fold_wins"":2,""incremental_gain"":-8.08038216677448e-05,""kind"":""singleton"",""relative_gain"":-8.08038216677448e-05},{""cardinality"":116,""columns"":[3],""fold_wins"":5,""incremental_fold_wins"":5,""incremental_gain"":0.02778746759469522,""kind"":""singleton"",""relative_gain"":0.02778746759469522},{""cardinality"":88,""columns"":[4],""fold_wins"":5,""incremental_fold_wins"":5,""incremental_gain"":0.015848047431662547,""kind"":""singleton"",""relative_gain"":0.015848047431662547},{""cardinality"":93,""columns"":[5],""fold_wins"":1,""incremental_fold_wins"":1,""incremental_gain"":-0.011209485324293285,""kind"":""singleton"",""relative_gain"":-0.011209485324293285},{""cardinality"":361,""columns"":[2,4],""fold_wins"":5,""incremental_fold_wins"":5,""incremental_gain"":0.0004981665446652087,""kind"":""pair"",""relative_gain"":0.016183373930225134},{""cardinality"":203,""columns"":[3,4],""fold_wins"":5,""incremental_fold_wins"":4,""incremental_gain"":2.5979419341784377e-12,""kind"":""pair"",""relative_gain"":0.04345075644082052}]",0,128,26048,350,1319425,384,18,0.8576692768309535,0.8583010871568085,12.327184173977003,,,gelu,0.30145073342685125,0.9139680368075199,nan
adult,binclass,resnet,2,adaptive_atomic,singletons=3;4|pairs=,singletons=3;4|pairs=,"[{""cardinality"":116,""columns"":[3],""gated"":true,""maximum_count"":23856,""median_count"":8.0,""minimum_count"":1,""test_unseen_rate"":0.0004913703089490795,""val_unseen_rate"":0.0006141563027790564},{""cardinality"":88,""columns"":[4],""gated"":true,""maximum_count"":24851,""median_count"":5.0,""minimum_count"":1,""test_unseen_rate"":0.0007370554634236193,""val_unseen_rate"":0.0006141563027790564}]","[{""cardinality"":73,""columns"":[0],""fold_wins"":0,""incremental_fold_wins"":0,""incremental_gain"":-0.006480131766685925,""kind"":""singleton"",""relative_gain"":-0.006480131766685925},{""cardinality"":16,""columns"":[2],""fold_wins"":2,""incremental_fold_wins"":2,""incremental_gain"":-8.08038216677448e-05,""kind"":""singleton"",""relative_gain"":-8.08038216677448e-05},{""cardinality"":116,""columns"":[3],""fold_wins"":5,""incremental_fold_wins"":5,""incremental_gain"":0.02778746759469522,""kind"":""singleton"",""relative_gain"":0.02778746759469522},{""cardinality"":88,""columns"":[4],""fold_wins"":5,""incremental_fold_wins"":5,""incremental_gain"":0.015848047431662547,""kind"":""singleton"",""relative_gain"":0.015848047431662547},{""cardinality"":93,""columns"":[5],""fold_wins"":1,""incremental_fold_wins"":1,""incremental_gain"":-0.011209485324293285,""kind"":""singleton"",""relative_gain"":-0.011209485324293285},{""cardinality"":361,""columns"":[2,4],""fold_wins"":5,""incremental_fold_wins"":5,""incremental_gain"":0.0004981665446652087,""kind"":""pair"",""relative_gain"":0.016183373930225134},{""cardinality"":203,""columns"":[3,4],""fold_wins"":5,""incremental_fold_wins"":4,""incremental_gain"":2.5979419341784377e-12,""kind"":""pair"",""relative_gain"":0.04345075644082052}]",0,128,26048,554,1318369,372,14,0.8701059419622293,0.8707081874577729,13.912674131104723,3;4,,gelu,0.2822307297861152,0.9255133558780229,nan
adult,binclass,resnet,2,adaptive_atomic_ungated,singletons=3;4|pairs=,singletons=3;4|pairs=,"[{""cardinality"":116,""columns"":[3],""gated"":false,""maximum_count"":23856,""median_count"":8.0,""minimum_count"":1,""test_unseen_rate"":0.0004913703089490795,""val_unseen_rate"":0.0006141563027790564},{""cardinality"":88,""columns"":[4],""gated"":false,""maximum_count"":24851,""median_count"":5.0,""minimum_count"":1,""test_unseen_rate"":0.0007370554634236193,""val_unseen_rate"":0.0006141563027790564}]","[{""cardinality"":73,""columns"":[0],""fold_wins"":0,""incremental_fold_wins"":0,""incremental_gain"":-0.006480131766685925,""kind"":""singleton"",""relative_gain"":-0.006480131766685925},{""cardinality"":16,""columns"":[2],""fold_wins"":2,""incremental_fold_wins"":2,""incremental_gain"":-8.08038216677448e-05,""kind"":""singleton"",""relative_gain"":-8.08038216677448e-05},{""cardinality"":116,""columns"":[3],""fold_wins"":5,""incremental_fold_wins"":5,""incremental_gain"":0.02778746759469522,""kind"":""singleton"",""relative_gain"":0.02778746759469522},{""cardinality"":88,""columns"":[4],""fold_wins"":5,""incremental_fold_wins"":5,""incremental_gain"":0.015848047431662547,""kind"":""singleton"",""relative_gain"":0.015848047431662547},{""cardinality"":93,""columns"":[5],""fold_wins"":1,""incremental_fold_wins"":1,""incremental_gain"":-0.011209485324293285,""kind"":""singleton"",""relative_gain"":-0.011209485324293285},{""cardinality"":361,""columns"":[2,4],""fold_wins"":5,""incremental_fold_wins"":5,""incremental_gain"":0.0004981665446652087,""kind"":""pair"",""relative_gain"":0.016183373930225134},{""cardinality"":203,""columns"":[3,4],""fold_wins"":5,""incremental_fold_wins"":4,""incremental_gain"":2.5979419341784377e-12,""kind"":""pair"",""relative_gain"":0.04345075644082052}]",0,128,26048,554,1318369,372,12,0.8702594810379242,0.873717830600086,11.796391118783504,3;4,,gelu,0.27612775117228117,0.9271653785331149,nan
adult,binclass,resnet,2,matched_random_0,singletons=3;4|pairs=,singletons=5;0|pairs=,"[{""cardinality"":93,""columns"":[5],""gated"":true,""maximum_count"":12131,""median_count"":29.0,""minimum_count"":1,""test_unseen_rate"":0.00024568515447453976,""val_unseen_rate"":0.00015353907569481962},{""cardinality"":73,""columns"":[0],""gated"":true,""maximum_count"":725,""median_count"":339.0,""minimum_count"":1,""test_unseen_rate"":0.00012284257723726988,""val_unseen_rate"":0.0}]","[{""cardinality"":73,""columns"":[0],""fold_wins"":0,""incremental_fold_wins"":0,""incremental_gain"":-0.006480131766685925,""kind"":""singleton"",""relative_gain"":-0.006480131766685925},{""cardinality"":16,""columns"":[2],""fold_wins"":2,""incremental_fold_wins"":2,""incremental_gain"":-8.08038216677448e-05,""kind"":""singleton"",""relative_gain"":-8.08038216677448e-05},{""cardinality"":116,""columns"":[3],""fold_wins"":5,""incremental_fold_wins"":5,""incremental_gain"":0.02778746759469522,""kind"":""singleton"",""relative_gain"":0.02778746759469522},{""cardinality"":88,""columns"":[4],""fold_wins"":5,""incremental_fold_wins"":5,""incremental_gain"":0.015848047431662547,""kind"":""singleton"",""relative_gain"":0.015848047431662547},{""cardinality"":93,""columns"":[5],""fold_wins"":1,""incremental_fold_wins"":1,""incremental_gain"":-0.011209485324293285,""kind"":""singleton"",""relative_gain"":-0.011209485324293285},{""cardinality"":361,""columns"":[2,4],""fold_wins"":5,""incremental_fold_wins"":5,""incremental_gain"":0.0004981665446652087,""kind"":""pair"",""relative_gain"":0.016183373930225134},{""cardinality"":203,""columns"":[3,4],""fold_wins"":5,""incremental_fold_wins"":4,""incremental_gain"":2.5979419341784377e-12,""kind"":""pair"",""relative_gain"":0.04345075644082052}]",0,128,26048,516,1317229,374,10,0.8569015814524796,0.8605122535470794,10.037928747013211,0;5,,gelu,0.3021827750048996,0.9131501592994962,nan
adult,binclass,resnet,2,matched_random_1,singletons=3;4|pairs=,singletons=2;5|pairs=,"[{""cardinality"":16,""columns"":[2],""gated"":true,""maximum_count"":8398,""median_count"":631.0,""minimum_count"":38,""test_unseen_rate"":0.0,""val_unseen_rate"":0.0},{""cardinality"":93,""columns"":[5],""gated"":true,""maximum_count"":12131,""median_count"":29.0,""minimum_count"":1,""test_unseen_rate"":0.00024568515447453976,""val_unseen_rate"":0.00015353907569481962}]","[{""cardinality"":73,""columns"":[0],""fold_wins"":0,""incremental_fold_wins"":0,""incremental_gain"":-0.006480131766685925,""kind"":""singleton"",""relative_gain"":-0.006480131766685925},{""cardinality"":16,""columns"":[2],""fold_wins"":2,""incremental_fold_wins"":2,""incremental_gain"":-8.08038216677448e-05,""kind"":""singleton"",""relative_gain"":-8.08038216677448e-05},{""cardinality"":116,""columns"":[3],""fold_wins"":5,""incremental_fold_wins"":5,""incremental_gain"":0.02778746759469522,""kind"":""singleton"",""relative_gain"":0.02778746759469522},{""cardinality"":88,""columns"":[4],""fold_wins"":5,""incremental_fold_wins"":5,""incremental_gain"":0.015848047431662547,""kind"":""singleton"",""relative_gain"":0.015848047431662547},{""cardinality"":93,""columns"":[5],""fold_wins"":1,""incremental_fold_wins"":1,""incremental_gain"":-0.011209485324293285,""kind"":""singleton"",""relative_gain"":-0.011209485324293285},{""cardinality"":361,""columns"":[2,4],""fold_wins"":5,""incremental_fold_wins"":5,""incremental_gain"":0.0004981665446652087,""kind"":""pair"",""relative_gain"":0.016183373930225134},{""cardinality"":203,""columns"":[3,4],""fold_wins"":5,""incremental_fold_wins"":4,""incremental_gain"":2.5979419341784377e-12,""kind"":""pair"",""relative_gain"":0.04345075644082052}]",0,128,26048,459,1321867,378,12,0.8584369722094273,0.8608193599901726,11.292359558865428,2;5,,gelu,0.30195274688606377,0.9135857891090875,nan
adult,binclass,resnet,2,matched_random_2,singletons=3;4|pairs=,singletons=5;2|pairs=,"[{""cardinality"":93,""columns"":[5],""gated"":true,""maximum_count"":12131,""median_count"":29.0,""minimum_count"":1,""test_unseen_rate"":0.00024568515447453976,""val_unseen_rate"":0.00015353907569481962},{""cardinality"":16,""columns"":[2],""gated"":true,""maximum_count"":8398,""median_count"":631.0,""minimum_count"":38,""test_unseen_rate"":0.0,""val_unseen_rate"":0.0}]","[{""cardinality"":73,""columns"":[0],""fold_wins"":0,""incremental_fold_wins"":0,""incremental_gain"":-0.006480131766685925,""kind"":""singleton"",""relative_gain"":-0.006480131766685925},{""cardinality"":16,""columns"":[2],""fold_wins"":2,""incremental_fold_wins"":2,""incremental_gain"":-8.08038216677448e-05,""kind"":""singleton"",""relative_gain"":-8.08038216677448e-05},{""cardinality"":116,""columns"":[3],""fold_wins"":5,""incremental_fold_wins"":5,""incremental_gain"":0.02778746759469522,""kind"":""singleton"",""relative_gain"":0.02778746759469522},{""cardinality"":88,""columns"":[4],""fold_wins"":5,""incremental_fold_wins"":5,""incremental_gain"":0.015848047431662547,""kind"":""singleton"",""relative_gain"":0.015848047431662547},{""cardinality"":93,""columns"":[5],""fold_wins"":1,""incremental_fold_wins"":1,""incremental_gain"":-0.011209485324293285,""kind"":""singleton"",""relative_gain"":-0.011209485324293285},{""cardinality"":361,""columns"":[2,4],""fold_wins"":5,""incremental_fold_wins"":5,""incremental_gain"":0.0004981665446652087,""kind"":""pair"",""relative_gain"":0.016183373930225134},{""cardinality"":203,""columns"":[3,4],""fold_wins"":5,""incremental_fold_wins"":4,""incremental_gain"":2.5979419341784377e-12,""kind"":""pair"",""relative_gain"":0.04345075644082052}]",0,128,26048,459,1321867,378,16,0.8604329801934593,0.8589153000429949,12.273236233042553,2;5,,gelu,0.30545433865568383,0.9133323443110624,nan
adult,binclass,tabm,2,baseline_ple,singletons=3;4|pairs=,singletons=|pairs=,[],"[{""cardinality"":73,""columns"":[0],""fold_wins"":0,""incremental_fold_wins"":0,""incremental_gain"":-0.006480131766685925,""kind"":""singleton"",""relative_gain"":-0.006480131766685925},{""cardinality"":16,""columns"":[2],""fold_wins"":2,""incremental_fold_wins"":2,""incremental_gain"":-8.08038216677448e-05,""kind"":""singleton"",""relative_gain"":-8.08038216677448e-05},{""cardinality"":116,""columns"":[3],""fold_wins"":5,""incremental_fold_wins"":5,""incremental_gain"":0.02778746759469522,""kind"":""singleton"",""relative_gain"":0.02778746759469522},{""cardinality"":88,""columns"":[4],""fold_wins"":5,""incremental_fold_wins"":5,""incremental_gain"":0.015848047431662547,""kind"":""singleton"",""relative_gain"":0.015848047431662547},{""cardinality"":93,""columns"":[5],""fold_wins"":1,""incremental_fold_wins"":1,""incremental_gain"":-0.011209485324293285,""kind"":""singleton"",""relative_gain"":-0.011209485324293285},{""cardinality"":361,""columns"":[2,4],""fold_wins"":5,""incremental_fold_wins"":5,""incremental_gain"":0.0004981665446652087,""kind"":""pair"",""relative_gain"":0.016183373930225134},{""cardinality"":203,""columns"":[3,4],""fold_wins"":5,""incremental_fold_wins"":4,""incremental_gain"":2.5979419341784377e-12,""kind"":""pair"",""relative_gain"":0.04345075644082052}]",0,128,26048,350,782832,512,9,0.8590511285122063,0.8631533689576807,14.033482539001852,,16,relu,0.2984640528618477,0.915183279627124,nan
adult,binclass,tabm,2,adaptive_atomic,singletons=3;4|pairs=,singletons=3;4|pairs=,"[{""cardinality"":116,""columns"":[3],""gated"":true,""maximum_count"":23856,""median_count"":8.0,""minimum_count"":1,""test_unseen_rate"":0.0004913703089490795,""val_unseen_rate"":0.0006141563027790564},{""cardinality"":88,""columns"":[4],""gated"":true,""maximum_count"":24851,""median_count"":5.0,""minimum_count"":1,""test_unseen_rate"":0.0007370554634236193,""val_unseen_rate"":0.0006141563027790564}]","[{""cardinality"":73,""columns"":[0],""fold_wins"":0,""incremental_fold_wins"":0,""incremental_gain"":-0.006480131766685925,""kind"":""singleton"",""relative_gain"":-0.006480131766685925},{""cardinality"":16,""columns"":[2],""fold_wins"":2,""incremental_fold_wins"":2,""incremental_gain"":-8.08038216677448e-05,""kind"":""singleton"",""relative_gain"":-8.08038216677448e-05},{""cardinality"":116,""columns"":[3],""fold_wins"":5,""incremental_fold_wins"":5,""incremental_gain"":0.02778746759469522,""kind"":""singleton"",""relative_gain"":0.02778746759469522},{""cardinality"":88,""columns"":[4],""fold_wins"":5,""incremental_fold_wins"":5,""incremental_gain"":0.015848047431662547,""kind"":""singleton"",""relative_gain"":0.015848047431662547},{""cardinality"":93,""columns"":[5],""fold_wins"":1,""incremental_fold_wins"":1,""incremental_gain"":-0.011209485324293285,""kind"":""singleton"",""relative_gain"":-0.011209485324293285},{""cardinality"":361,""columns"":[2,4],""fold_wins"":5,""incremental_fold_wins"":5,""incremental_gain"":0.0004981665446652087,""kind"":""pair"",""relative_gain"":0.016183373930225134},{""cardinality"":203,""columns"":[3,4],""fold_wins"":5,""incremental_fold_wins"":4,""incremental_gain"":2.5979419341784377e-12,""kind"":""pair"",""relative_gain"":0.04345075644082052}]",0,128,26048,554,783904,472,17,0.8699524028865346,0.8719980345187642,17.71059556095861,3;4,16,relu,0.27841560829141054,0.9268270722787093,nan
adult,binclass,tabm,2,adaptive_atomic_ungated,singletons=3;4|pairs=,singletons=3;4|pairs=,"[{""cardinality"":116,""columns"":[3],""gated"":false,""maximum_count"":23856,""median_count"":8.0,""minimum_count"":1,""test_unseen_rate"":0.0004913703089490795,""val_unseen_rate"":0.0006141563027790564},{""cardinality"":88,""columns"":[4],""gated"":false,""maximum_count"":24851,""median_count"":5.0,""minimum_count"":1,""test_unseen_rate"":0.0007370554634236193,""val_unseen_rate"":0.0006141563027790564}]","[{""cardinality"":73,""columns"":[0],""fold_wins"":0,""incremental_fold_wins"":0,""incremental_gain"":-0.006480131766685925,""kind"":""singleton"",""relative_gain"":-0.006480131766685925},{""cardinality"":16,""columns"":[2],""fold_wins"":2,""incremental_fold_wins"":2,""incremental_gain"":-8.08038216677448e-05,""kind"":""singleton"",""relative_gain"":-8.08038216677448e-05},{""cardinality"":116,""columns"":[3],""fold_wins"":5,""incremental_fold_wins"":5,""incremental_gain"":0.02778746759469522,""kind"":""singleton"",""relative_gain"":0.02778746759469522},{""cardinality"":88,""columns"":[4],""fold_wins"":5,""incremental_fold_wins"":5,""incremental_gain"":0.015848047431662547,""kind"":""singleton"",""relative_gain"":0.015848047431662547},{""cardinality"":93,""columns"":[5],""fold_wins"":1,""incremental_fold_wins"":1,""incremental_gain"":-0.011209485324293285,""kind"":""singleton"",""relative_gain"":-0.011209485324293285},{""cardinality"":361,""columns"":[2,4],""fold_wins"":5,""incremental_fold_wins"":5,""incremental_gain"":0.0004981665446652087,""kind"":""pair"",""relative_gain"":0.016183373930225134},{""cardinality"":203,""columns"":[3,4],""fold_wins"":5,""incremental_fold_wins"":4,""incremental_gain"":2.5979419341784377e-12,""kind"":""pair"",""relative_gain"":0.04345075644082052}]",0,128,26048,554,783904,472,9,0.8727161062490404,0.8732264602911369,11.897682331036776,3;4,16,relu,0.27504354807527925,0.9276734913385278,nan
adult,binclass,tabm,2,matched_random_0,singletons=3;4|pairs=,singletons=5;0|pairs=,"[{""cardinality"":93,""columns"":[5],""gated"":true,""maximum_count"":12131,""median_count"":29.0,""minimum_count"":1,""test_unseen_rate"":0.00024568515447453976,""val_unseen_rate"":0.00015353907569481962},{""cardinality"":73,""columns"":[0],""gated"":true,""maximum_count"":725,""median_count"":339.0,""minimum_count"":1,""test_unseen_rate"":0.00012284257723726988,""val_unseen_rate"":0.0}]","[{""cardinality"":73,""columns"":[0],""fold_wins"":0,""incremental_fold_wins"":0,""incremental_gain"":-0.006480131766685925,""kind"":""singleton"",""relative_gain"":-0.006480131766685925},{""cardinality"":16,""columns"":[2],""fold_wins"":2,""incremental_fold_wins"":2,""incremental_gain"":-8.08038216677448e-05,""kind"":""singleton"",""relative_gain"":-8.08038216677448e-05},{""cardinality"":116,""columns"":[3],""fold_wins"":5,""incremental_fold_wins"":5,""incremental_gain"":0.02778746759469522,""kind"":""singleton"",""relative_gain"":0.02778746759469522},{""cardinality"":88,""columns"":[4],""fold_wins"":5,""incremental_fold_wins"":5,""incremental_gain"":0.015848047431662547,""kind"":""singleton"",""relative_gain"":0.015848047431662547},{""cardinality"":93,""columns"":[5],""fold_wins"":1,""incremental_fold_wins"":1,""incremental_gain"":-0.011209485324293285,""kind"":""singleton"",""relative_gain"":-0.011209485324293285},{""cardinality"":361,""columns"":[2,4],""fold_wins"":5,""incremental_fold_wins"":5,""incremental_gain"":0.0004981665446652087,""kind"":""pair"",""relative_gain"":0.016183373930225134},{""cardinality"":203,""columns"":[3,4],""fold_wins"":5,""incremental_fold_wins"":4,""incremental_gain"":2.5979419341784377e-12,""kind"":""pair"",""relative_gain"":0.04345075644082052}]",0,128,26048,516,783294,479,9,0.8596652848149854,0.861924943185308,13.316803860012442,0;5,16,relu,0.2999832195667735,0.9142679112874205,nan
adult,binclass,tabm,2,matched_random_1,singletons=3;4|pairs=,singletons=2;5|pairs=,"[{""cardinality"":16,""columns"":[2],""gated"":true,""maximum_count"":8398,""median_count"":631.0,""minimum_count"":38,""test_unseen_rate"":0.0,""val_unseen_rate"":0.0},{""cardinality"":93,""columns"":[5],""gated"":true,""maximum_count"":12131,""median_count"":29.0,""minimum_count"":1,""test_unseen_rate"":0.00024568515447453976,""val_unseen_rate"":0.00015353907569481962}]","[{""cardinality"":73,""columns"":[0],""fold_wins"":0,""incremental_fold_wins"":0,""incremental_gain"":-0.006480131766685925,""kind"":""singleton"",""relative_gain"":-0.006480131766685925},{""cardinality"":16,""columns"":[2],""fold_wins"":2,""incremental_fold_wins"":2,""incremental_gain"":-8.08038216677448e-05,""kind"":""singleton"",""relative_gain"":-8.08038216677448e-05},{""cardinality"":116,""columns"":[3],""fold_wins"":5,""incremental_fold_wins"":5,""incremental_gain"":0.02778746759469522,""kind"":""singleton"",""relative_gain"":0.02778746759469522},{""cardinality"":88,""columns"":[4],""fold_wins"":5,""incremental_fold_wins"":5,""incremental_gain"":0.015848047431662547,""kind"":""singleton"",""relative_gain"":0.015848047431662547},{""cardinality"":93,""columns"":[5],""fold_wins"":1,""incremental_fold_wins"":1,""incremental_gain"":-0.011209485324293285,""kind"":""singleton"",""relative_gain"":-0.011209485324293285},{""cardinality"":361,""columns"":[2,4],""fold_wins"":5,""incremental_fold_wins"":5,""incremental_gain"":0.0004981665446652087,""kind"":""pair"",""relative_gain"":0.016183373930225134},{""cardinality"":203,""columns"":[3,4],""fold_wins"":5,""incremental_fold_wins"":4,""incremental_gain"":2.5979419341784377e-12,""kind"":""pair"",""relative_gain"":0.04345075644082052}]",0,128,26048,459,783030,490,9,0.8607400583448488,0.861924943185308,11.926772109000012,2;5,16,relu,0.2984588226580371,0.9150072002075901,nan
adult,binclass,tabm,2,matched_random_2,singletons=3;4|pairs=,singletons=5;2|pairs=,"[{""cardinality"":93,""columns"":[5],""gated"":true,""maximum_count"":12131,""median_count"":29.0,""minimum_count"":1,""test_unseen_rate"":0.00024568515447453976,""val_unseen_rate"":0.00015353907569481962},{""cardinality"":16,""columns"":[2],""gated"":true,""maximum_count"":8398,""median_count"":631.0,""minimum_count"":38,""test_unseen_rate"":0.0,""val_unseen_rate"":0.0}]","[{""cardinality"":73,""columns"":[0],""fold_wins"":0,""incremental_fold_wins"":0,""incremental_gain"":-0.006480131766685925,""kind"":""singleton"",""relative_gain"":-0.006480131766685925},{""cardinality"":16,""columns"":[2],""fold_wins"":2,""incremental_fold_wins"":2,""incremental_gain"":-8.08038216677448e-05,""kind"":""singleton"",""relative_gain"":-8.08038216677448e-05},{""cardinality"":116,""columns"":[3],""fold_wins"":5,""incremental_fold_wins"":5,""incremental_gain"":0.02778746759469522,""kind"":""singleton"",""relative_gain"":0.02778746759469522},{""cardinality"":88,""columns"":[4],""fold_wins"":5,""incremental_fold_wins"":5,""incremental_gain"":0.015848047431662547,""kind"":""singleton"",""relative_gain"":0.015848047431662547},{""cardinality"":93,""columns"":[5],""fold_wins"":1,""incremental_fold_wins"":1,""incremental_gain"":-0.011209485324293285,""kind"":""singleton"",""relative_gain"":-0.011209485324293285},{""cardinality"":361,""columns"":[2,4],""fold_wins"":5,""incremental_fold_wins"":5,""incremental_gain"":0.0004981665446652087,""kind"":""pair"",""relative_gain"":0.016183373930225134},{""cardinality"":203,""columns"":[3,4],""fold_wins"":5,""incremental_fold_wins"":4,""incremental_gain"":2.5979419341784377e-12,""kind"":""pair"",""relative_gain"":0.04345075644082052}]",0,128,26048,459,783030,490,9,0.8610471364962383,0.8622320496284012,8.508354840101674,2;5,16,relu,0.29832617776637077,0.9151650464892742,nan
adult,binclass,mlp,0,all_eligible_singletons,singletons=3;4|pairs=,singletons=0;2;3;4;5|pairs=,"[{""cardinality"":73,""columns"":[0],""gated"":true,""maximum_count"":725,""median_count"":339.0,""minimum_count"":1,""test_unseen_rate"":0.00012284257723726988,""val_unseen_rate"":0.0},{""cardinality"":16,""columns"":[2],""gated"":true,""maximum_count"":8398,""median_count"":631.0,""minimum_count"":38,""test_unseen_rate"":0.0,""val_unseen_rate"":0.0},{""cardinality"":116,""columns"":[3],""gated"":true,""maximum_count"":23856,""median_count"":8.0,""minimum_count"":1,""test_unseen_rate"":0.0004913703089490795,""val_unseen_rate"":0.0006141563027790564},{""cardinality"":88,""columns"":[4],""gated"":true,""maximum_count"":24851,""median_count"":5.0,""minimum_count"":1,""test_unseen_rate"":0.0007370554634236193,""val_unseen_rate"":0.0006141563027790564},{""cardinality"":93,""columns"":[5],""gated"":true,""maximum_count"":12131,""median_count"":29.0,""minimum_count"":1,""test_unseen_rate"":0.00024568515447453976,""val_unseen_rate"":0.00015353907569481962}]","[{""cardinality"":73,""columns"":[0],""fold_wins"":0,""incremental_fold_wins"":0,""incremental_gain"":-0.00676481064154223,""kind"":""singleton"",""relative_gain"":-0.00676481064154223},{""cardinality"":16,""columns"":[2],""fold_wins"":3,""incremental_fold_wins"":3,""incremental_gain"":-0.00019522939887215636,""kind"":""singleton"",""relative_gain"":-0.00019522939887215636},{""cardinality"":116,""columns"":[3],""fold_wins"":5,""incremental_fold_wins"":5,""incremental_gain"":0.027455180475580775,""kind"":""singleton"",""relative_gain"":0.027455180475580775},{""cardinality"":88,""columns"":[4],""fold_wins"":5,""incremental_fold_wins"":5,""incremental_gain"":0.0150816228874289,""kind"":""singleton"",""relative_gain"":0.0150816228874289},{""cardinality"":93,""columns"":[5],""fold_wins"":1,""incremental_fold_wins"":1,""incremental_gain"":-0.008467153221546325,""kind"":""singleton"",""relative_gain"":-0.008467153221546325},{""cardinality"":361,""columns"":[2,4],""fold_wins"":5,""incremental_fold_wins"":3,""incremental_gain"":0.000389645521487714,""kind"":""pair"",""relative_gain"":0.015275789438396805},{""cardinality"":203,""columns"":[3,4],""fold_wins"":5,""incremental_fold_wins"":3,""incremental_gain"":2.5387366365522174e-13,""kind"":""pair"",""relative_gain"":0.04103928040823439}]",0,128,26048,736,431551,315,6,0.8681099339781975,0.8713224003439592,5.804352083941922,0;2;3;4;5,,gelu,0.28233588473102944,0.9242251805070192,nan
adult,binclass,resnet,0,all_eligible_singletons,singletons=3;4|pairs=,singletons=0;2;3;4;5|pairs=,"[{""cardinality"":73,""columns"":[0],""gated"":true,""maximum_count"":725,""median_count"":339.0,""minimum_count"":1,""test_unseen_rate"":0.00012284257723726988,""val_unseen_rate"":0.0},{""cardinality"":16,""columns"":[2],""gated"":true,""maximum_count"":8398,""median_count"":631.0,""minimum_count"":38,""test_unseen_rate"":0.0,""val_unseen_rate"":0.0},{""cardinality"":116,""columns"":[3],""gated"":true,""maximum_count"":23856,""median_count"":8.0,""minimum_count"":1,""test_unseen_rate"":0.0004913703089490795,""val_unseen_rate"":0.0006141563027790564},{""cardinality"":88,""columns"":[4],""gated"":true,""maximum_count"":24851,""median_count"":5.0,""minimum_count"":1,""test_unseen_rate"":0.0007370554634236193,""val_unseen_rate"":0.0006141563027790564},{""cardinality"":93,""columns"":[5],""gated"":true,""maximum_count"":12131,""median_count"":29.0,""minimum_count"":1,""test_unseen_rate"":0.00024568515447453976,""val_unseen_rate"":0.00015353907569481962}]","[{""cardinality"":73,""columns"":[0],""fold_wins"":0,""incremental_fold_wins"":0,""incremental_gain"":-0.00676481064154223,""kind"":""singleton"",""relative_gain"":-0.00676481064154223},{""cardinality"":16,""columns"":[2],""fold_wins"":3,""incremental_fold_wins"":3,""incremental_gain"":-0.00019522939887215636,""kind"":""singleton"",""relative_gain"":-0.00019522939887215636},{""cardinality"":116,""columns"":[3],""fold_wins"":5,""incremental_fold_wins"":5,""incremental_gain"":0.027455180475580775,""kind"":""singleton"",""relative_gain"":0.027455180475580775},{""cardinality"":88,""columns"":[4],""fold_wins"":5,""incremental_fold_wins"":5,""incremental_gain"":0.0150816228874289,""kind"":""singleton"",""relative_gain"":0.0150816228874289},{""cardinality"":93,""columns"":[5],""fold_wins"":1,""incremental_fold_wins"":1,""incremental_gain"":-0.008467153221546325,""kind"":""singleton"",""relative_gain"":-0.008467153221546325},{""cardinality"":361,""columns"":[2,4],""fold_wins"":5,""incremental_fold_wins"":3,""incremental_gain"":0.000389645521487714,""kind"":""pair"",""relative_gain"":0.015275789438396805},{""cardinality"":203,""columns"":[3,4],""fold_wins"":5,""incremental_fold_wins"":3,""incremental_gain"":2.5387366365522174e-13,""kind"":""pair"",""relative_gain"":0.04103928040823439}]",0,128,26048,736,1319853,362,11,0.866421004145555,0.8694797616854002,7.366010461933911,0;2;3;4;5,,gelu,0.28394406868136907,0.9243722165452762,nan
adult,binclass,tabm,0,all_eligible_singletons,singletons=3;4|pairs=,singletons=0;2;3;4;5|pairs=,"[{""cardinality"":73,""columns"":[0],""gated"":true,""maximum_count"":725,""median_count"":339.0,""minimum_count"":1,""test_unseen_rate"":0.00012284257723726988,""val_unseen_rate"":0.0},{""cardinality"":16,""columns"":[2],""gated"":true,""maximum_count"":8398,""median_count"":631.0,""minimum_count"":38,""test_unseen_rate"":0.0,""val_unseen_rate"":0.0},{""cardinality"":116,""columns"":[3],""gated"":true,""maximum_count"":23856,""median_count"":8.0,""minimum_count"":1,""test_unseen_rate"":0.0004913703089490795,""val_unseen_rate"":0.0006141563027790564},{""cardinality"":88,""columns"":[4],""gated"":true,""maximum_count"":24851,""median_count"":5.0,""minimum_count"":1,""test_unseen_rate"":0.0007370554634236193,""val_unseen_rate"":0.0006141563027790564},{""cardinality"":93,""columns"":[5],""gated"":true,""maximum_count"":12131,""median_count"":29.0,""minimum_count"":1,""test_unseen_rate"":0.00024568515447453976,""val_unseen_rate"":0.00015353907569481962}]","[{""cardinality"":73,""columns"":[0],""fold_wins"":0,""incremental_fold_wins"":0,""incremental_gain"":-0.00676481064154223,""kind"":""singleton"",""relative_gain"":-0.00676481064154223},{""cardinality"":16,""columns"":[2],""fold_wins"":3,""incremental_fold_wins"":3,""incremental_gain"":-0.00019522939887215636,""kind"":""singleton"",""relative_gain"":-0.00019522939887215636},{""cardinality"":116,""columns"":[3],""fold_wins"":5,""incremental_fold_wins"":5,""incremental_gain"":0.027455180475580775,""kind"":""singleton"",""relative_gain"":0.027455180475580775},{""cardinality"":88,""columns"":[4],""fold_wins"":5,""incremental_fold_wins"":5,""incremental_gain"":0.0150816228874289,""kind"":""singleton"",""relative_gain"":0.0150816228874289},{""cardinality"":93,""columns"":[5],""fold_wins"":1,""incremental_fold_wins"":1,""incremental_gain"":-0.008467153221546325,""kind"":""singleton"",""relative_gain"":-0.008467153221546325},{""cardinality"":361,""columns"":[2,4],""fold_wins"":5,""incremental_fold_wins"":3,""incremental_gain"":0.000389645521487714,""kind"":""pair"",""relative_gain"":0.015275789438396805},{""cardinality"":203,""columns"":[3,4],""fold_wins"":5,""incremental_fold_wins"":3,""incremental_gain"":2.5387366365522174e-13,""kind"":""pair"",""relative_gain"":0.04103928040823439}]",0,128,26048,736,783554,439,10,0.8697988638108398,0.8721822983846201,7.66076561389491,0;2;3;4;5,16,relu,0.27854561830666436,0.9261598586179072,nan
adult,binclass,mlp,1,all_eligible_singletons,singletons=3;4|pairs=,singletons=0;2;3;4;5|pairs=,"[{""cardinality"":73,""columns"":[0],""gated"":true,""maximum_count"":725,""median_count"":339.0,""minimum_count"":1,""test_unseen_rate"":0.00012284257723726988,""val_unseen_rate"":0.0},{""cardinality"":16,""columns"":[2],""gated"":true,""maximum_count"":8398,""median_count"":631.0,""minimum_count"":38,""test_unseen_rate"":0.0,""val_unseen_rate"":0.0},{""cardinality"":116,""columns"":[3],""gated"":true,""maximum_count"":23856,""median_count"":8.0,""minimum_count"":1,""test_unseen_rate"":0.0004913703089490795,""val_unseen_rate"":0.0006141563027790564},{""cardinality"":88,""columns"":[4],""gated"":true,""maximum_count"":24851,""median_count"":5.0,""minimum_count"":1,""test_unseen_rate"":0.0007370554634236193,""val_unseen_rate"":0.0006141563027790564},{""cardinality"":93,""columns"":[5],""gated"":true,""maximum_count"":12131,""median_count"":29.0,""minimum_count"":1,""test_unseen_rate"":0.00024568515447453976,""val_unseen_rate"":0.00015353907569481962}]","[{""cardinality"":73,""columns"":[0],""fold_wins"":0,""incremental_fold_wins"":0,""incremental_gain"":-0.005686196064149852,""kind"":""singleton"",""relative_gain"":-0.005686196064149852},{""cardinality"":16,""columns"":[2],""fold_wins"":3,""incremental_fold_wins"":3,""incremental_gain"":4.0659073222105176e-05,""kind"":""singleton"",""relative_gain"":4.0659073222105176e-05},{""cardinality"":116,""columns"":[3],""fold_wins"":5,""incremental_fold_wins"":5,""incremental_gain"":0.02736540199738472,""kind"":""singleton"",""relative_gain"":0.02736540199738472},{""cardinality"":88,""columns"":[4],""fold_wins"":5,""incremental_fold_wins"":5,""incremental_gain"":0.013841332441684296,""kind"":""singleton"",""relative_gain"":0.013841332441684296},{""cardinality"":93,""columns"":[5],""fold_wins"":0,""incremental_fold_wins"":0,""incremental_gain"":-0.011809795735368337,""kind"":""singleton"",""relative_gain"":-0.011809795735368337},{""cardinality"":361,""columns"":[2,4],""fold_wins"":5,""incremental_fold_wins"":4,""incremental_gain"":0.0018655199540014839,""kind"":""pair"",""relative_gain"":0.016433433578792008},{""cardinality"":203,""columns"":[3,4],""fold_wins"":5,""incremental_fold_wins"":2,""incremental_gain"":1.435826132072516e-12,""kind"":""pair"",""relative_gain"":0.04039377485848784}]",0,128,26048,736,431551,315,7,0.8676493167511131,0.8696640255512561,5.276069188956171,0;2;3;4;5,,gelu,0.2841486468215293,0.9241020859169712,nan
adult,binclass,resnet,1,all_eligible_singletons,singletons=3;4|pairs=,singletons=0;2;3;4;5|pairs=,"[{""cardinality"":73,""columns"":[0],""gated"":true,""maximum_count"":725,""median_count"":339.0,""minimum_count"":1,""test_unseen_rate"":0.00012284257723726988,""val_unseen_rate"":0.0},{""cardinality"":16,""columns"":[2],""gated"":true,""maximum_count"":8398,""median_count"":631.0,""minimum_count"":38,""test_unseen_rate"":0.0,""val_unseen_rate"":0.0},{""cardinality"":116,""columns"":[3],""gated"":true,""maximum_count"":23856,""median_count"":8.0,""minimum_count"":1,""test_unseen_rate"":0.0004913703089490795,""val_unseen_rate"":0.0006141563027790564},{""cardinality"":88,""columns"":[4],""gated"":true,""maximum_count"":24851,""median_count"":5.0,""minimum_count"":1,""test_unseen_rate"":0.0007370554634236193,""val_unseen_rate"":0.0006141563027790564},{""cardinality"":93,""columns"":[5],""gated"":true,""maximum_count"":12131,""median_count"":29.0,""minimum_count"":1,""test_unseen_rate"":0.00024568515447453976,""val_unseen_rate"":0.00015353907569481962}]","[{""cardinality"":73,""columns"":[0],""fold_wins"":0,""incremental_fold_wins"":0,""incremental_gain"":-0.005686196064149852,""kind"":""singleton"",""relative_gain"":-0.005686196064149852},{""cardinality"":16,""columns"":[2],""fold_wins"":3,""incremental_fold_wins"":3,""incremental_gain"":4.0659073222105176e-05,""kind"":""singleton"",""relative_gain"":4.0659073222105176e-05},{""cardinality"":116,""columns"":[3],""fold_wins"":5,""incremental_fold_wins"":5,""incremental_gain"":0.02736540199738472,""kind"":""singleton"",""relative_gain"":0.02736540199738472},{""cardinality"":88,""columns"":[4],""fold_wins"":5,""incremental_fold_wins"":5,""incremental_gain"":0.013841332441684296,""kind"":""singleton"",""relative_gain"":0.013841332441684296},{""cardinality"":93,""columns"":[5],""fold_wins"":0,""incremental_fold_wins"":0,""incremental_gain"":-0.011809795735368337,""kind"":""singleton"",""relative_gain"":-0.011809795735368337},{""cardinality"":361,""columns"":[2,4],""fold_wins"":5,""incremental_fold_wins"":4,""incremental_gain"":0.0018655199540014839,""kind"":""pair"",""relative_gain"":0.016433433578792008},{""cardinality"":203,""columns"":[3,4],""fold_wins"":5,""incremental_fold_wins"":2,""incremental_gain"":1.435826132072516e-12,""kind"":""pair"",""relative_gain"":0.04039377485848784}]",0,128,26048,736,1319853,362,13,0.8662674650698603,0.8692954978195443,8.134352491004393,0;2;3;4;5,,gelu,0.2831624298578539,0.9238776217715374,nan
adult,binclass,tabm,1,all_eligible_singletons,singletons=3;4|pairs=,singletons=0;2;3;4;5|pairs=,"[{""cardinality"":73,""columns"":[0],""gated"":true,""maximum_count"":725,""median_count"":339.0,""minimum_count"":1,""test_unseen_rate"":0.00012284257723726988,""val_unseen_rate"":0.0},{""cardinality"":16,""columns"":[2],""gated"":true,""maximum_count"":8398,""median_count"":631.0,""minimum_count"":38,""test_unseen_rate"":0.0,""val_unseen_rate"":0.0},{""cardinality"":116,""columns"":[3],""gated"":true,""maximum_count"":23856,""median_count"":8.0,""minimum_count"":1,""test_unseen_rate"":0.0004913703089490795,""val_unseen_rate"":0.0006141563027790564},{""cardinality"":88,""columns"":[4],""gated"":true,""maximum_count"":24851,""median_count"":5.0,""minimum_count"":1,""test_unseen_rate"":0.0007370554634236193,""val_unseen_rate"":0.0006141563027790564},{""cardinality"":93,""columns"":[5],""gated"":true,""maximum_count"":12131,""median_count"":29.0,""minimum_count"":1,""test_unseen_rate"":0.00024568515447453976,""val_unseen_rate"":0.00015353907569481962}]","[{""cardinality"":73,""columns"":[0],""fold_wins"":0,""incremental_fold_wins"":0,""incremental_gain"":-0.005686196064149852,""kind"":""singleton"",""relative_gain"":-0.005686196064149852},{""cardinality"":16,""columns"":[2],""fold_wins"":3,""incremental_fold_wins"":3,""incremental_gain"":4.0659073222105176e-05,""kind"":""singleton"",""relative_gain"":4.0659073222105176e-05},{""cardinality"":116,""columns"":[3],""fold_wins"":5,""incremental_fold_wins"":5,""incremental_gain"":0.02736540199738472,""kind"":""singleton"",""relative_gain"":0.02736540199738472},{""cardinality"":88,""columns"":[4],""fold_wins"":5,""incremental_fold_wins"":5,""incremental_gain"":0.013841332441684296,""kind"":""singleton"",""relative_gain"":0.013841332441684296},{""cardinality"":93,""columns"":[5],""fold_wins"":0,""incremental_fold_wins"":0,""incremental_gain"":-0.011809795735368337,""kind"":""singleton"",""relative_gain"":-0.011809795735368337},{""cardinality"":361,""columns"":[2,4],""fold_wins"":5,""incremental_fold_wins"":4,""incremental_gain"":0.0018655199540014839,""kind"":""pair"",""relative_gain"":0.016433433578792008},{""cardinality"":203,""columns"":[3,4],""fold_wins"":5,""incremental_fold_wins"":2,""incremental_gain"":1.435826132072516e-12,""kind"":""pair"",""relative_gain"":0.04039377485848784}]",0,128,26048,736,783554,439,12,0.8674957776754184,0.8689269700878325,9.020825306884944,0;2;3;4;5,16,relu,0.27955815384011584,0.9261011654780626,nan
adult,binclass,mlp,2,all_eligible_singletons,singletons=3;4|pairs=,singletons=0;2;3;4;5|pairs=,"[{""cardinality"":73,""columns"":[0],""gated"":true,""maximum_count"":725,""median_count"":339.0,""minimum_count"":1,""test_unseen_rate"":0.00012284257723726988,""val_unseen_rate"":0.0},{""cardinality"":16,""columns"":[2],""gated"":true,""maximum_count"":8398,""median_count"":631.0,""minimum_count"":38,""test_unseen_rate"":0.0,""val_unseen_rate"":0.0},{""cardinality"":116,""columns"":[3],""gated"":true,""maximum_count"":23856,""median_count"":8.0,""minimum_count"":1,""test_unseen_rate"":0.0004913703089490795,""val_unseen_rate"":0.0006141563027790564},{""cardinality"":88,""columns"":[4],""gated"":true,""maximum_count"":24851,""median_count"":5.0,""minimum_count"":1,""test_unseen_rate"":0.0007370554634236193,""val_unseen_rate"":0.0006141563027790564},{""cardinality"":93,""columns"":[5],""gated"":true,""maximum_count"":12131,""median_count"":29.0,""minimum_count"":1,""test_unseen_rate"":0.00024568515447453976,""val_unseen_rate"":0.00015353907569481962}]","[{""cardinality"":73,""columns"":[0],""fold_wins"":0,""incremental_fold_wins"":0,""incremental_gain"":-0.006480131766685925,""kind"":""singleton"",""relative_gain"":-0.006480131766685925},{""cardinality"":16,""columns"":[2],""fold_wins"":2,""incremental_fold_wins"":2,""incremental_gain"":-8.08038216677448e-05,""kind"":""singleton"",""relative_gain"":-8.08038216677448e-05},{""cardinality"":116,""columns"":[3],""fold_wins"":5,""incremental_fold_wins"":5,""incremental_gain"":0.02778746759469522,""kind"":""singleton"",""relative_gain"":0.02778746759469522},{""cardinality"":88,""columns"":[4],""fold_wins"":5,""incremental_fold_wins"":5,""incremental_gain"":0.015848047431662547,""kind"":""singleton"",""relative_gain"":0.015848047431662547},{""cardinality"":93,""columns"":[5],""fold_wins"":1,""incremental_fold_wins"":1,""incremental_gain"":-0.011209485324293285,""kind"":""singleton"",""relative_gain"":-0.011209485324293285},{""cardinality"":361,""columns"":[2,4],""fold_wins"":5,""incremental_fold_wins"":5,""incremental_gain"":0.0004981665446652087,""kind"":""pair"",""relative_gain"":0.016183373930225134},{""cardinality"":203,""columns"":[3,4],""fold_wins"":5,""incremental_fold_wins"":4,""incremental_gain"":2.5979419341784377e-12,""kind"":""pair"",""relative_gain"":0.04345075644082052}]",0,128,26048,736,431551,315,7,0.8693382465837556,0.8700325532829679,5.439677136018872,0;2;3;4;5,,gelu,0.2849779049826372,0.9232702408216956,nan
adult,binclass,resnet,2,all_eligible_singletons,singletons=3;4|pairs=,singletons=0;2;3;4;5|pairs=,"[{""cardinality"":73,""columns"":[0],""gated"":true,""maximum_count"":725,""median_count"":339.0,""minimum_count"":1,""test_unseen_rate"":0.00012284257723726988,""val_unseen_rate"":0.0},{""cardinality"":16,""columns"":[2],""gated"":true,""maximum_count"":8398,""median_count"":631.0,""minimum_count"":38,""test_unseen_rate"":0.0,""val_unseen_rate"":0.0},{""cardinality"":116,""columns"":[3],""gated"":true,""maximum_count"":23856,""median_count"":8.0,""minimum_count"":1,""test_unseen_rate"":0.0004913703089490795,""val_unseen_rate"":0.0006141563027790564},{""cardinality"":88,""columns"":[4],""gated"":true,""maximum_count"":24851,""median_count"":5.0,""minimum_count"":1,""test_unseen_rate"":0.0007370554634236193,""val_unseen_rate"":0.0006141563027790564},{""cardinality"":93,""columns"":[5],""gated"":true,""maximum_count"":12131,""median_count"":29.0,""minimum_count"":1,""test_unseen_rate"":0.00024568515447453976,""val_unseen_rate"":0.00015353907569481962}]","[{""cardinality"":73,""columns"":[0],""fold_wins"":0,""incremental_fold_wins"":0,""incremental_gain"":-0.006480131766685925,""kind"":""singleton"",""relative_gain"":-0.006480131766685925},{""cardinality"":16,""columns"":[2],""fold_wins"":2,""incremental_fold_wins"":2,""incremental_gain"":-8.08038216677448e-05,""kind"":""singleton"",""relative_gain"":-8.08038216677448e-05},{""cardinality"":116,""columns"":[3],""fold_wins"":5,""incremental_fold_wins"":5,""incremental_gain"":0.02778746759469522,""kind"":""singleton"",""relative_gain"":0.02778746759469522},{""cardinality"":88,""columns"":[4],""fold_wins"":5,""incremental_fold_wins"":5,""incremental_gain"":0.015848047431662547,""kind"":""singleton"",""relative_gain"":0.015848047431662547},{""cardinality"":93,""columns"":[5],""fold_wins"":1,""incremental_fold_wins"":1,""incremental_gain"":-0.011209485324293285,""kind"":""singleton"",""relative_gain"":-0.011209485324293285},{""cardinality"":361,""columns"":[2,4],""fold_wins"":5,""incremental_fold_wins"":5,""incremental_gain"":0.0004981665446652087,""kind"":""pair"",""relative_gain"":0.016183373930225134},{""cardinality"":203,""columns"":[3,4],""fold_wins"":5,""incremental_fold_wins"":4,""incremental_gain"":2.5979419341784377e-12,""kind"":""pair"",""relative_gain"":0.04345075644082052}]",0,128,26048,736,1319853,362,12,0.8679563949025026,0.8734721454456115,7.930761743802577,0;2;3;4;5,,gelu,0.28085639909405924,0.9253394301433496,nan
adult,binclass,tabm,2,all_eligible_singletons,singletons=3;4|pairs=,singletons=0;2;3;4;5|pairs=,"[{""cardinality"":73,""columns"":[0],""gated"":true,""maximum_count"":725,""median_count"":339.0,""minimum_count"":1,""test_unseen_rate"":0.00012284257723726988,""val_unseen_rate"":0.0},{""cardinality"":16,""columns"":[2],""gated"":true,""maximum_count"":8398,""median_count"":631.0,""minimum_count"":38,""test_unseen_rate"":0.0,""val_unseen_rate"":0.0},{""cardinality"":116,""columns"":[3],""gated"":true,""maximum_count"":23856,""median_count"":8.0,""minimum_count"":1,""test_unseen_rate"":0.0004913703089490795,""val_unseen_rate"":0.0006141563027790564},{""cardinality"":88,""columns"":[4],""gated"":true,""maximum_count"":24851,""median_count"":5.0,""minimum_count"":1,""test_unseen_rate"":0.0007370554634236193,""val_unseen_rate"":0.0006141563027790564},{""cardinality"":93,""columns"":[5],""gated"":true,""maximum_count"":12131,""median_count"":29.0,""minimum_count"":1,""test_unseen_rate"":0.00024568515447453976,""val_unseen_rate"":0.00015353907569481962}]","[{""cardinality"":73,""columns"":[0],""fold_wins"":0,""incremental_fold_wins"":0,""incremental_gain"":-0.006480131766685925,""kind"":""singleton"",""relative_gain"":-0.006480131766685925},{""cardinality"":16,""columns"":[2],""fold_wins"":2,""incremental_fold_wins"":2,""incremental_gain"":-8.08038216677448e-05,""kind"":""singleton"",""relative_gain"":-8.08038216677448e-05},{""cardinality"":116,""columns"":[3],""fold_wins"":5,""incremental_fold_wins"":5,""incremental_gain"":0.02778746759469522,""kind"":""singleton"",""relative_gain"":0.02778746759469522},{""cardinality"":88,""columns"":[4],""fold_wins"":5,""incremental_fold_wins"":5,""incremental_gain"":0.015848047431662547,""kind"":""singleton"",""relative_gain"":0.015848047431662547},{""cardinality"":93,""columns"":[5],""fold_wins"":1,""incremental_fold_wins"":1,""incremental_gain"":-0.011209485324293285,""kind"":""singleton"",""relative_gain"":-0.011209485324293285},{""cardinality"":361,""columns"":[2,4],""fold_wins"":5,""incremental_fold_wins"":5,""incremental_gain"":0.0004981665446652087,""kind"":""pair"",""relative_gain"":0.016183373930225134},{""cardinality"":203,""columns"":[3,4],""fold_wins"":5,""incremental_fold_wins"":4,""incremental_gain"":2.5979419341784377e-12,""kind"":""pair"",""relative_gain"":0.04345075644082052}]",0,128,26048,736,783554,439,9,0.8693382465837556,0.8713838216325779,7.573635589098558,0;2;3;4;5,16,relu,0.2791892888438904,0.9256472084375937,nan
