dataset,problem_type,model,pipeline,family,variant,scope,repair,reference_id,model_seed,pred_disagreement,task_metric_original,orbit_mean,orbit_worst,orbit_best,orbit_span,orbit_members,probability_mad,js_divergence,label_flip_rate,prediction_rmse_normalized,prediction_pearson,prediction_spearman,kill_effect_magnitude,kill_effect_pass
adult,classification,catboost,native_categorical,T1,nominal_relabeling,all,nominal_canonicalization,nominal_canonical_ref__native_categorical,0,0.0,0.3309802459709373,0.3309802459709373,0.3309802459709373,0.3309802459709373,0.0,8,0.0,0.0,0.0,,,,0.0,False
adult,classification,catboost,native_categorical,T1,nominal_relabeling,all,nominal_canonicalization,nominal_canonical_ref__native_categorical,1,0.0,0.3300756618168314,0.3300756618168314,0.3300756618168314,0.3300756618168314,0.0,8,0.0,0.0,0.0,,,,0.0,False
adult,classification,catboost,native_categorical,T1,nominal_relabeling,all,nominal_canonicalization,nominal_canonical_ref__native_categorical,2,0.0,0.3301257855100953,0.3301257855100953,0.3301257855100953,0.3301257855100953,0.0,8,0.0,0.0,0.0,,,,0.0,False
adult,classification,catboost,native_categorical,T1,nominal_relabeling,all,none,original__native_categorical,0,0.0,0.3262761535878709,0.3262761535878709,0.3262761535878709,0.3262761535878709,0.0,8,0.0,0.0,0.0,,,,0.0,False
adult,classification,catboost,native_categorical,T1,nominal_relabeling,all,none,original__native_categorical,1,0.0,0.3280838999589675,0.3280838999589675,0.3280838999589675,0.3280838999589675,0.0,8,0.0,0.0,0.0,,,,0.0,False
adult,classification,catboost,native_categorical,T1,nominal_relabeling,all,none,original__native_categorical,2,0.0,0.3264458483087148,0.3264458483087148,0.3264458483087148,0.3264458483087148,0.0,8,0.0,0.0,0.0,,,,0.0,False
adult,classification,catboost,native_categorical,T1,nominal_relabeling,one,none,original__native_categorical,0,0.0,0.3262761535878709,0.3262761535878709,0.3262761535878709,0.3262761535878709,0.0,8,0.0,0.0,0.0,,,,0.0,False
adult,classification,catboost,native_categorical,T1,nominal_relabeling,one,none,original__native_categorical,1,0.0,0.3280838999589675,0.3280838999589675,0.3280838999589675,0.3280838999589675,0.0,8,0.0,0.0,0.0,,,,0.0,False
adult,classification,catboost,native_categorical,T1,nominal_relabeling,one,none,original__native_categorical,2,0.0,0.3264458483087148,0.3264458483087148,0.3264458483087148,0.3264458483087148,0.0,8,0.0,0.0,0.0,,,,0.0,False
adult,classification,catboost,numeric_code,T0,column_permutation,all,none,original__numeric_code,0,0.019030566241867636,0.3297960087357015,0.3298906982896977,0.3345648174138542,0.3266307759423004,0.007934041471553799,8,0.019030566241867636,0.0008619736383577875,0.013427734375,,,,0.013427734375,False
adult,classification,catboost,numeric_code,T0,column_permutation,all,none,original__numeric_code,1,0.020134702407159425,0.3277847724348737,0.332611080433294,0.3371798206207798,0.3291414219086741,0.008038398712105654,8,0.020134702407159425,0.0009542647709209625,0.017333984375,,,,0.017333984375,False
adult,classification,catboost,numeric_code,T0,column_permutation,all,none,original__numeric_code,2,0.02045638640840309,0.3362411919649516,0.329757746083287,0.3333519307675411,0.3257157323877714,0.007636198379769699,8,0.02045638640840309,0.000971000953969525,0.01806640625,,,,0.01806640625,False
adult,classification,catboost,numeric_code,T1,nominal_relabeling,all,nominal_canonicalization,nominal_canonical_ref__numeric_code,0,0.0,0.3309802459709373,0.3309802459709373,0.3309802459709373,0.3309802459709373,0.0,8,0.0,0.0,0.0,,,,0.0,False
adult,classification,catboost,numeric_code,T1,nominal_relabeling,all,nominal_canonicalization,nominal_canonical_ref__numeric_code,1,0.0,0.3300756618168314,0.3300756618168314,0.3300756618168314,0.3300756618168314,0.0,8,0.0,0.0,0.0,,,,0.0,False
adult,classification,catboost,numeric_code,T1,nominal_relabeling,all,nominal_canonicalization,nominal_canonical_ref__numeric_code,2,0.0,0.3301257855100953,0.3301257855100953,0.3301257855100953,0.3301257855100953,0.0,8,0.0,0.0,0.0,,,,0.0,False
adult,classification,catboost,numeric_code,T1,nominal_relabeling,all,none,original__numeric_code,0,0.03631498004818163,0.3297960087357015,0.3325554131866466,0.3436979589377447,0.3239849501049456,0.019713008832799084,8,0.03631498004818163,0.00299903388030315,0.036376953125,,,,0.036376953125,True
adult,classification,catboost,numeric_code,T1,nominal_relabeling,all,none,original__numeric_code,1,0.037611913627250915,0.3277847724348737,0.3302968432775362,0.3414622100623974,0.3164705655756261,0.024991644486771325,8,0.037611913627250915,0.0032263527712052876,0.040283203125,,,,0.040283203125,True
adult,classification,catboost,numeric_code,T1,nominal_relabeling,all,none,original__numeric_code,2,0.03859770855495241,0.3362411919649516,0.33013708620686644,0.3400842510414987,0.3239552880792328,0.016128962962265903,8,0.03859770855495241,0.00345818388576905,0.03955078125,,,,0.03955078125,True
adult,classification,catboost,numeric_code,T1,nominal_relabeling,one,none,original__numeric_code,0,0.019292070813466025,0.3297960087357015,0.33139379774432376,0.3352188832235365,0.3277983078296999,0.007420575393836615,8,0.019292070813466025,0.0010626263024769876,0.020263671875,,,,0.020263671875,False
adult,classification,catboost,numeric_code,T1,nominal_relabeling,one,none,original__numeric_code,1,0.019918300793342864,0.3277847724348737,0.3298387092125482,0.33473230880906,0.3172233907241392,0.017508918084920833,8,0.019918300793342864,0.001134983774421925,0.020263671875,,,,0.020263671875,False
adult,classification,catboost,numeric_code,T1,nominal_relabeling,one,none,original__numeric_code,2,0.01919380261571789,0.3362411919649516,0.3347879673265222,0.3452388911047603,0.3240590566408963,0.02117983446386401,8,0.01919380261571789,0.0010384287021192875,0.020263671875,,,,0.020263671875,False
adult,classification,catboost,numeric_code,T2,affine,all,none,original__numeric_code,0,2.686964622664919e-06,0.3297960087357015,0.32979913800061467,0.3298210428550069,0.3297960087357015,2.5034119305433755e-05,8,2.686964622664919e-06,3.046661565541957e-08,0.0,,,,0.0,False
adult,classification,catboost,numeric_code,T2,affine,all,none,original__numeric_code,1,1.083260222312607e-06,0.3277847724348737,0.3277859981922577,0.3277945784939456,0.3277847724348737,9.806059071915119e-06,8,1.083260222312607e-06,5.848371538439347e-09,0.0,,,,0.0,False
adult,classification,catboost,numeric_code,T2,affine,all,none,original__numeric_code,2,1.2393742674421793e-05,0.3362411919649516,0.3362109756132102,0.336244825596473,0.3361183354092846,0.00012649018718841054,8,1.2393742674421793e-05,1.554624662299606e-07,0.0,,,,0.0,False
adult,classification,catboost,numeric_code,T2,affine,all,standardization,zscore_reference,0,0.0,0.3298210428550069,0.3298210428550069,0.3298210428550069,0.3298210428550069,0.0,8,0.0,0.0,0.0,,,,0.0,False
adult,classification,catboost,numeric_code,T2,affine,all,standardization,zscore_reference,1,0.0,0.3277945784939456,0.3277945784939456,0.3277945784939456,0.3277945784939456,0.0,8,0.0,0.0,0.0,,,,0.0,False
adult,classification,catboost,numeric_code,T2,affine,all,standardization,zscore_reference,2,0.0,0.336244825596473,0.336244825596473,0.336244825596473,0.336244825596473,0.0,8,0.0,0.0,0.0,,,,0.0,False
adult,classification,catboost,numeric_code,T2,affine,one,none,original__numeric_code,0,2.686964622664919e-06,0.3297960087357015,0.32979913800061467,0.3298210428550069,0.3297960087357015,2.5034119305433755e-05,8,2.686964622664919e-06,3.046661565541957e-08,0.0,,,,0.0,False
adult,classification,catboost,numeric_code,T2,affine,one,none,original__numeric_code,1,1.083260222312607e-06,0.3277847724348737,0.3277859981922577,0.3277945784939456,0.3277847724348737,9.806059071915119e-06,8,1.083260222312607e-06,5.848371538439347e-09,0.0,,,,0.0,False
adult,classification,catboost,numeric_code,T2,affine,one,none,original__numeric_code,2,4.1464217703741876e-07,0.3362411919649516,0.3362416461688918,0.336244825596473,0.3362411919649516,3.633631521393621e-06,8,4.1464217703741876e-07,1.1070750603062233e-09,0.0,,,,0.0,False
adult,classification,catboost,numeric_code,T2,affine,one,standardization,zscore_reference,0,0.0,0.3298210428550069,0.3298210428550069,0.3298210428550069,0.3298210428550069,0.0,8,0.0,0.0,0.0,,,,0.0,False
adult,classification,catboost,numeric_code,T2,affine,one,standardization,zscore_reference,1,0.0,0.3277945784939456,0.3277945784939456,0.3277945784939456,0.3277945784939456,0.0,8,0.0,0.0,0.0,,,,0.0,False
adult,classification,catboost,numeric_code,T2,affine,one,standardization,zscore_reference,2,0.0,0.336244825596473,0.336244825596473,0.336244825596473,0.336244825596473,0.0,8,0.0,0.0,0.0,,,,0.0,False
adult,classification,catboost,numeric_code,T2,scaling,all,none,original__numeric_code,0,2.686964622664919e-06,0.3297960087357015,0.32979913800061467,0.3298210428550069,0.3297960087357015,2.5034119305433755e-05,8,2.686964622664919e-06,3.046661565541957e-08,0.0,,,,0.0,False
adult,classification,catboost,numeric_code,T2,scaling,all,none,original__numeric_code,1,1.083260222312607e-06,0.3277847724348737,0.3277859981922577,0.3277945784939456,0.3277847724348737,9.806059071915119e-06,8,1.083260222312607e-06,5.848371538439347e-09,0.0,,,,0.0,False
adult,classification,catboost,numeric_code,T2,scaling,all,none,original__numeric_code,2,4.765696452349712e-07,0.3362411919649516,0.3362417082192277,0.336244825596473,0.3362411919649516,3.633631521393621e-06,8,4.765696452349712e-07,1.3289104393133166e-09,0.0,,,,0.0,False
adult,classification,catboost,numeric_code,T2,scaling,all,standardization,zscore_reference,0,0.0,0.3298210428550069,0.3298210428550069,0.3298210428550069,0.3298210428550069,0.0,8,0.0,0.0,0.0,,,,0.0,False
adult,classification,catboost,numeric_code,T2,scaling,all,standardization,zscore_reference,1,0.0,0.3277945784939456,0.3277945784939456,0.3277945784939456,0.3277945784939456,0.0,8,0.0,0.0,0.0,,,,0.0,False
adult,classification,catboost,numeric_code,T2,scaling,all,standardization,zscore_reference,2,0.0,0.336244825596473,0.336244825596473,0.336244825596473,0.336244825596473,0.0,8,0.0,0.0,0.0,,,,0.0,False
adult,classification,catboost,numeric_code,T2,scaling,one,none,original__numeric_code,0,0.0,0.3297960087357015,0.3297960087357015,0.3297960087357015,0.3297960087357015,0.0,8,0.0,0.0,0.0,,,,0.0,False
adult,classification,catboost,numeric_code,T2,scaling,one,none,original__numeric_code,1,0.0,0.3277847724348737,0.3277847724348737,0.3277847724348737,0.3277847724348737,0.0,8,0.0,0.0,0.0,,,,0.0,False
adult,classification,catboost,numeric_code,T2,scaling,one,none,original__numeric_code,2,0.0,0.3362411919649516,0.3362411919649516,0.3362411919649516,0.3362411919649516,0.0,8,0.0,0.0,0.0,,,,0.0,False
adult,classification,catboost,numeric_code,T2,scaling,one,standardization,zscore_reference,0,0.0,0.3298210428550069,0.3298210428550069,0.3298210428550069,0.3298210428550069,0.0,8,0.0,0.0,0.0,,,,0.0,False
adult,classification,catboost,numeric_code,T2,scaling,one,standardization,zscore_reference,1,0.0,0.3277945784939456,0.3277945784939456,0.3277945784939456,0.3277945784939456,0.0,8,0.0,0.0,0.0,,,,0.0,False
adult,classification,catboost,numeric_code,T2,scaling,one,standardization,zscore_reference,2,0.0,0.336244825596473,0.336244825596473,0.336244825596473,0.336244825596473,0.0,8,0.0,0.0,0.0,,,,0.0,False
adult,classification,catboost,numeric_code,T3,mixed_monotone,all,none,original__numeric_code,0,1.0747858490659675e-05,0.3297960087357015,0.3298085257953542,0.3298210428550069,0.3297960087357015,2.5034119305433755e-05,8,1.0747858490659675e-05,1.218664626216783e-07,0.0,,,,0.0,False
adult,classification,catboost,numeric_code,T3,mixed_monotone,all,none,original__numeric_code,1,4.333040889250428e-06,0.3277847724348737,0.3277896754644096,0.3277945784939456,0.3277847724348737,9.806059071915119e-06,8,4.333040889250428e-06,2.3393486153757387e-08,0.0,,,,0.0,False
adult,classification,catboost,numeric_code,T3,mixed_monotone,all,none,original__numeric_code,2,1.9619969819812897e-05,0.3362411919649516,0.3361969956833174,0.3362449418184334,0.3361220852627664,0.00012285655566701692,8,1.9619969819812897e-05,2.3593387533962993e-07,0.0,,,,0.0,False
adult,classification,catboost,numeric_code,T3,mixed_monotone,all,quantile_rank,quantile_reference,0,8.060893867994756e-06,0.3297960087357015,0.329805396530441,0.3298210428550069,0.3297960087357015,2.5034119305433755e-05,8,8.060893867994756e-06,9.139984696625872e-08,0.0,,,,0.0,False
adult,classification,catboost,numeric_code,T3,mixed_monotone,all,quantile_rank,quantile_reference,1,3.249780666937821e-06,0.3277847724348737,0.32778844970702564,0.3277945784939456,0.3277847724348737,9.806059071915119e-06,8,3.249780666937821e-06,1.754511461531804e-08,0.0,,,,0.0,False
adult,classification,catboost,numeric_code,T3,mixed_monotone,all,quantile_rank,quantile_reference,2,1.9190828373948793e-05,0.3362411919649516,0.33619652695163216,0.3362411919649516,0.3361220852627664,0.00011910670218523434,8,1.9190828373948793e-05,2.3477177696717071e-07,0.0,,,,0.0,False
adult,classification,catboost,numeric_code,T6,cond_le_10,one,none,basis_reference__fnlwgt,0,0.02639033685715801,0.3338027718481684,0.3375835712166416,0.3413519360788903,0.3346853840385582,0.006666552040332119,8,0.02639033685715801,0.0015125962054222375,0.028564453125,,,,0.028564453125,False
adult,classification,catboost,numeric_code,T6,cond_le_10,one,none,basis_reference__fnlwgt,1,0.02546711520339795,0.3415119103341788,0.3377797182678819,0.3421974264480717,0.3331219403335411,0.009075486114530629,8,0.02546711520339795,0.0013598469300350876,0.023193359375,,,,0.023193359375,False
adult,classification,catboost,numeric_code,T6,cond_le_10,one,none,basis_reference__fnlwgt,2,0.025559385557506826,0.337469431310109,0.34030816113502543,0.3478583668652942,0.333845459336212,0.014012907529082186,8,0.025559385557506826,0.0014353330902687875,0.02734375,,,,0.02734375,False
adult,classification,catboost,numeric_code,T6,cond_le_3,one,none,basis_reference__fnlwgt,0,0.02457481502783164,0.3338027718481684,0.33521261356844223,0.3407201568087934,0.3310511648806854,0.009668991928107995,8,0.02457481502783164,0.0013094757473939625,0.02392578125,,,,0.02392578125,False
adult,classification,catboost,numeric_code,T6,cond_le_3,one,none,basis_reference__fnlwgt,1,0.025376875001693076,0.3415119103341788,0.3387832877391878,0.3441164097972654,0.3364930362667861,0.0076233735304792605,8,0.025376875001693076,0.0013460459056906374,0.022705078125,,,,0.022705078125,False
adult,classification,catboost,numeric_code,T6,cond_le_3,one,none,basis_reference__fnlwgt,2,0.0250474287019292,0.337469431310109,0.3383285810060378,0.3421885348980588,0.3330329219937404,0.009155612904318378,8,0.0250474287019292,0.001378395863411375,0.027099609375,,,,0.027099609375,False
adult,classification,catboost,numeric_code,T6,orthogonal,one,none,basis_reference__fnlwgt,0,0.025248451276055763,0.3338027718481684,0.33900729080367964,0.3469076625665392,0.332523335060392,0.01438432750614721,8,0.025248451276055763,0.0013625419431147125,0.02783203125,,,,0.02783203125,False
adult,classification,catboost,numeric_code,T6,orthogonal,one,none,basis_reference__fnlwgt,1,0.024306623778405638,0.3415119103341788,0.33799570255553846,0.3419849965911231,0.3342668997140405,0.007718096877082581,8,0.024306623778405638,0.0012716257287608249,0.024169921875,,,,0.024169921875,False
adult,classification,catboost,numeric_code,T6,orthogonal,one,none,basis_reference__fnlwgt,2,0.024112683522192275,0.337469431310109,0.33971200809483615,0.3418925546387651,0.336470988218753,0.005421566420012125,8,0.024112683522192275,0.0012725599703026125,0.024658203125,,,,0.024658203125,False
adult,classification,tabicl_v2,numeric_code,T0,column_permutation,all,none,original__numeric_code,0,0.012049602323268738,0.3269448589893808,0.3262020681908298,0.3278941778217589,0.323562024135354,0.004332153686404883,8,0.012049602323268738,0.000372393748562325,0.010986328125,,,,0.010986328125,False
adult,classification,tabicl_v2,numeric_code,T0,column_permutation,all,none,original__numeric_code,1,0.012049602323268738,0.3269448589893808,0.3262020681908298,0.3278941778217589,0.323562024135354,0.004332153686404883,8,0.012049602323268738,0.000372393748562325,0.010986328125,,,,0.010986328125,False
adult,classification,tabicl_v2,numeric_code,T0,column_permutation,all,none,original__numeric_code,2,0.012049602323268738,0.3269448589893808,0.3262020681908298,0.3278941778217589,0.323562024135354,0.004332153686404883,8,0.012049602323268738,0.000372393748562325,0.010986328125,,,,0.010986328125,False
adult,classification,tabicl_v2,numeric_code,T1,nominal_relabeling,all,nominal_canonicalization,nominal_canonical_ref__numeric_code,0,0.0,0.3313774726240932,0.3313774726240932,0.3313774726240932,0.3313774726240932,0.0,8,0.0,0.0,0.0,,,,0.0,False
adult,classification,tabicl_v2,numeric_code,T1,nominal_relabeling,all,nominal_canonicalization,nominal_canonical_ref__numeric_code,1,0.0,0.3313774726240932,0.3313774726240932,0.3313774726240932,0.3313774726240932,0.0,8,0.0,0.0,0.0,,,,0.0,False
adult,classification,tabicl_v2,numeric_code,T1,nominal_relabeling,all,nominal_canonicalization,nominal_canonical_ref__numeric_code,2,0.0,0.3313774726240932,0.3313774726240932,0.3313774726240932,0.3313774726240932,0.0,8,0.0,0.0,0.0,,,,0.0,False
adult,classification,tabicl_v2,numeric_code,T1,nominal_relabeling,all,none,original__numeric_code,0,0.0253345601687143,0.3269448589893808,0.3291401401053579,0.3451573616377117,0.3218602310088149,0.023297130628896823,8,0.0253345601687143,0.0016846223920379125,0.03076171875,,,,0.03076171875,True
adult,classification,tabicl_v2,numeric_code,T1,nominal_relabeling,all,none,original__numeric_code,1,0.0253345601687143,0.3269448589893808,0.3291401401053579,0.3451573616377117,0.3218602310088149,0.023297130628896823,8,0.0253345601687143,0.0016846223920379125,0.03076171875,,,,0.03076171875,True
adult,classification,tabicl_v2,numeric_code,T1,nominal_relabeling,all,none,original__numeric_code,2,0.0253345601687143,0.3269448589893808,0.3291401401053579,0.3451573616377117,0.3218602310088149,0.023297130628896823,8,0.0253345601687143,0.0016846223920379125,0.03076171875,,,,0.03076171875,True
adult,classification,tabicl_v2,numeric_code,T1,nominal_relabeling,one,none,original__numeric_code,0,0.00528407855629175,0.3269448589893808,0.3265707549749746,0.3286835396675066,0.3235748310385479,0.00510870862895868,8,0.00528407855629175,9.515734588003956e-05,0.00830078125,,,,0.00830078125,False
adult,classification,tabicl_v2,numeric_code,T1,nominal_relabeling,one,none,original__numeric_code,1,0.00528407855629175,0.3269448589893808,0.3265707549749746,0.3286835396675066,0.3235748310385479,0.00510870862895868,8,0.00528407855629175,9.515734588003956e-05,0.00830078125,,,,0.00830078125,False
adult,classification,tabicl_v2,numeric_code,T1,nominal_relabeling,one,none,original__numeric_code,2,0.00528407855629175,0.3269448589893808,0.3265707549749746,0.3286835396675066,0.3235748310385479,0.00510870862895868,8,0.00528407855629175,9.515734588003956e-05,0.00830078125,,,,0.00830078125,False
adult,classification,tabicl_v2,numeric_code,T2,affine,all,none,original__numeric_code,0,0.0,0.3269448589893808,0.3269448589893808,0.3269448589893808,0.3269448589893808,0.0,8,0.0,0.0,0.0,,,,0.0,False
adult,classification,tabicl_v2,numeric_code,T2,affine,all,none,original__numeric_code,1,0.0,0.3269448589893808,0.3269448589893808,0.3269448589893808,0.3269448589893808,0.0,8,0.0,0.0,0.0,,,,0.0,False
adult,classification,tabicl_v2,numeric_code,T2,affine,all,none,original__numeric_code,2,0.0,0.3269448589893808,0.3269448589893808,0.3269448589893808,0.3269448589893808,0.0,8,0.0,0.0,0.0,,,,0.0,False
adult,classification,tabicl_v2,numeric_code,T2,affine,all,standardization,zscore_reference,0,0.0,0.3268061414259733,0.3268061414259733,0.3268061414259733,0.3268061414259733,0.0,8,0.0,0.0,0.0,,,,0.0,False
adult,classification,tabicl_v2,numeric_code,T2,affine,all,standardization,zscore_reference,1,0.0,0.3268061414259733,0.3268061414259733,0.3268061414259733,0.3268061414259733,0.0,8,0.0,0.0,0.0,,,,0.0,False
adult,classification,tabicl_v2,numeric_code,T2,affine,all,standardization,zscore_reference,2,0.0,0.3268061414259733,0.3268061414259733,0.3268061414259733,0.3268061414259733,0.0,8,0.0,0.0,0.0,,,,0.0,False
adult,classification,tabicl_v2,numeric_code,T2,affine,one,none,original__numeric_code,0,0.0,0.3269448589893808,0.3269448589893808,0.3269448589893808,0.3269448589893808,0.0,8,0.0,0.0,0.0,,,,0.0,False
adult,classification,tabicl_v2,numeric_code,T2,affine,one,none,original__numeric_code,1,0.0,0.3269448589893808,0.3269448589893808,0.3269448589893808,0.3269448589893808,0.0,8,0.0,0.0,0.0,,,,0.0,False
adult,classification,tabicl_v2,numeric_code,T2,affine,one,none,original__numeric_code,2,0.0,0.3269448589893808,0.3269448589893808,0.3269448589893808,0.3269448589893808,0.0,8,0.0,0.0,0.0,,,,0.0,False
adult,classification,tabicl_v2,numeric_code,T2,affine,one,standardization,zscore_reference,0,0.0,0.3268061414259733,0.3268061414259733,0.3268061414259733,0.3268061414259733,0.0,8,0.0,0.0,0.0,,,,0.0,False
adult,classification,tabicl_v2,numeric_code,T2,affine,one,standardization,zscore_reference,1,0.0,0.3268061414259733,0.3268061414259733,0.3268061414259733,0.3268061414259733,0.0,8,0.0,0.0,0.0,,,,0.0,False
adult,classification,tabicl_v2,numeric_code,T2,affine,one,standardization,zscore_reference,2,0.0,0.3268061414259733,0.3268061414259733,0.3268061414259733,0.3268061414259733,0.0,8,0.0,0.0,0.0,,,,0.0,False
adult,classification,tabicl_v2,numeric_code,T2,scaling,all,none,original__numeric_code,0,0.0,0.3269448589893808,0.3269448589893808,0.3269448589893808,0.3269448589893808,0.0,8,0.0,0.0,0.0,,,,0.0,False
adult,classification,tabicl_v2,numeric_code,T2,scaling,all,none,original__numeric_code,1,0.0,0.3269448589893808,0.3269448589893808,0.3269448589893808,0.3269448589893808,0.0,8,0.0,0.0,0.0,,,,0.0,False
adult,classification,tabicl_v2,numeric_code,T2,scaling,all,none,original__numeric_code,2,0.0,0.3269448589893808,0.3269448589893808,0.3269448589893808,0.3269448589893808,0.0,8,0.0,0.0,0.0,,,,0.0,False
adult,classification,tabicl_v2,numeric_code,T2,scaling,all,standardization,zscore_reference,0,0.0,0.3268061414259733,0.3268061414259733,0.3268061414259733,0.3268061414259733,0.0,8,0.0,0.0,0.0,,,,0.0,False
adult,classification,tabicl_v2,numeric_code,T2,scaling,all,standardization,zscore_reference,1,0.0,0.3268061414259733,0.3268061414259733,0.3268061414259733,0.3268061414259733,0.0,8,0.0,0.0,0.0,,,,0.0,False
adult,classification,tabicl_v2,numeric_code,T2,scaling,all,standardization,zscore_reference,2,0.0,0.3268061414259733,0.3268061414259733,0.3268061414259733,0.3268061414259733,0.0,8,0.0,0.0,0.0,,,,0.0,False
adult,classification,tabicl_v2,numeric_code,T2,scaling,one,none,original__numeric_code,0,0.0,0.3269448589893808,0.3269448589893808,0.3269448589893808,0.3269448589893808,0.0,8,0.0,0.0,0.0,,,,0.0,False
adult,classification,tabicl_v2,numeric_code,T2,scaling,one,none,original__numeric_code,1,0.0,0.3269448589893808,0.3269448589893808,0.3269448589893808,0.3269448589893808,0.0,8,0.0,0.0,0.0,,,,0.0,False
adult,classification,tabicl_v2,numeric_code,T2,scaling,one,none,original__numeric_code,2,0.0,0.3269448589893808,0.3269448589893808,0.3269448589893808,0.3269448589893808,0.0,8,0.0,0.0,0.0,,,,0.0,False
adult,classification,tabicl_v2,numeric_code,T2,scaling,one,standardization,zscore_reference,0,0.0,0.3268061414259733,0.3268061414259733,0.3268061414259733,0.3268061414259733,0.0,8,0.0,0.0,0.0,,,,0.0,False
adult,classification,tabicl_v2,numeric_code,T2,scaling,one,standardization,zscore_reference,1,0.0,0.3268061414259733,0.3268061414259733,0.3268061414259733,0.3268061414259733,0.0,8,0.0,0.0,0.0,,,,0.0,False
adult,classification,tabicl_v2,numeric_code,T2,scaling,one,standardization,zscore_reference,2,0.0,0.3268061414259733,0.3268061414259733,0.3268061414259733,0.3268061414259733,0.0,8,0.0,0.0,0.0,,,,0.0,False
adult,classification,tabicl_v2,numeric_code,T3,mixed_monotone,all,none,original__numeric_code,0,0.011335730861934562,0.3269448589893808,0.32785277728404444,0.3311723389196007,0.323816217382434,0.007356121537166693,8,0.011335730861934562,0.000396325165017925,0.01416015625,,,,0.01416015625,False
adult,classification,tabicl_v2,numeric_code,T3,mixed_monotone,all,none,original__numeric_code,1,0.011335730861934562,0.3269448589893808,0.32785277728404444,0.3311723389196007,0.323816217382434,0.007356121537166693,8,0.011335730861934562,0.000396325165017925,0.01416015625,,,,0.01416015625,False
adult,classification,tabicl_v2,numeric_code,T3,mixed_monotone,all,none,original__numeric_code,2,0.011335730861934562,0.3269448589893808,0.32785277728404444,0.3311723389196007,0.323816217382434,0.007356121537166693,8,0.011335730861934562,0.000396325165017925,0.01416015625,,,,0.01416015625,False
adult,classification,tabicl_v2,numeric_code,T3,mixed_monotone,all,quantile_rank,quantile_reference,0,4.367391656712105e-06,0.323816217382434,0.32381818367296633,0.3238210295211702,0.32381617785862,4.851662550209301e-06,8,4.367391656712105e-06,1.0444877362937371e-08,0.0,,,,0.0,False
adult,classification,tabicl_v2,numeric_code,T3,mixed_monotone,all,quantile_rank,quantile_reference,1,4.367391656712105e-06,0.323816217382434,0.32381818367296633,0.3238210295211702,0.32381617785862,4.851662550209301e-06,8,4.367391656712105e-06,1.0444877362937371e-08,0.0,,,,0.0,False
adult,classification,tabicl_v2,numeric_code,T3,mixed_monotone,all,quantile_rank,quantile_reference,2,4.367391656712105e-06,0.323816217382434,0.32381818367296633,0.3238210295211702,0.32381617785862,4.851662550209301e-06,8,4.367391656712105e-06,1.0444877362937371e-08,0.0,,,,0.0,False
adult,classification,tabicl_v2,numeric_code,T6,cond_le_10,one,none,basis_reference__fnlwgt,0,0.010460879423230224,0.3286511104189969,0.331149214875873,0.332625753643325,0.3287382752005812,0.003887478442743786,8,0.010460879423230224,0.0002510849966768875,0.0107421875,,,,0.0107421875,False
adult,classification,tabicl_v2,numeric_code,T6,cond_le_10,one,none,basis_reference__fnlwgt,1,0.010460879423230224,0.3286511104189969,0.331149214875873,0.332625753643325,0.3287382752005812,0.003887478442743786,8,0.010460879423230224,0.0002510849966768875,0.0107421875,,,,0.0107421875,False
adult,classification,tabicl_v2,numeric_code,T6,cond_le_10,one,none,basis_reference__fnlwgt,2,0.010460879423230224,0.3286511104189969,0.331149214875873,0.332625753643325,0.3287382752005812,0.003887478442743786,8,0.010460879423230224,0.0002510849966768875,0.0107421875,,,,0.0107421875,False
adult,classification,tabicl_v2,numeric_code,T6,cond_le_3,one,none,basis_reference__fnlwgt,0,0.009657401537219413,0.3286511104189969,0.3296541423662212,0.3323114188354889,0.3264634783194436,0.0058479405160453135,8,0.009657401537219413,0.0002217079031048375,0.00927734375,,,,0.00927734375,False
adult,classification,tabicl_v2,numeric_code,T6,cond_le_3,one,none,basis_reference__fnlwgt,1,0.009657401537219413,0.3286511104189969,0.3296541423662212,0.3323114188354889,0.3264634783194436,0.0058479405160453135,8,0.009657401537219413,0.0002217079031048375,0.00927734375,,,,0.00927734375,False
adult,classification,tabicl_v2,numeric_code,T6,cond_le_3,one,none,basis_reference__fnlwgt,2,0.009657401537219413,0.3286511104189969,0.3296541423662212,0.3323114188354889,0.3264634783194436,0.0058479405160453135,8,0.009657401537219413,0.0002217079031048375,0.00927734375,,,,0.00927734375,False
adult,classification,tabicl_v2,numeric_code,T6,orthogonal,one,none,basis_reference__fnlwgt,0,0.010855820588378213,0.3286511104189969,0.33110586159449185,0.33214628845611,0.32984403897088,0.0023022494852300013,8,0.010855820588378213,0.0002692707795293625,0.0107421875,,,,0.0107421875,False
adult,classification,tabicl_v2,numeric_code,T6,orthogonal,one,none,basis_reference__fnlwgt,1,0.010855820588378213,0.3286511104189969,0.33110586159449185,0.33214628845611,0.32984403897088,0.0023022494852300013,8,0.010855820588378213,0.0002692707795293625,0.0107421875,,,,0.0107421875,False
adult,classification,tabicl_v2,numeric_code,T6,orthogonal,one,none,basis_reference__fnlwgt,2,0.010855820588378213,0.3286511104189969,0.33110586159449185,0.33214628845611,0.32984403897088,0.0023022494852300013,8,0.010855820588378213,0.0002692707795293625,0.0107421875,,,,0.0107421875,False
adult,classification,tabpfn_2_6,native_categorical,T1,nominal_relabeling,all,nominal_canonicalization,nominal_canonical_ref__native_categorical,0,0.0,0.3436714930749422,0.3436714930749422,0.3436714930749422,0.3436714930749422,0.0,8,0.0,0.0,0.0,,,,0.0,False
adult,classification,tabpfn_2_6,native_categorical,T1,nominal_relabeling,all,nominal_canonicalization,nominal_canonical_ref__native_categorical,1,0.0,0.3410476840551087,0.3410476840551087,0.3410476840551087,0.3410476840551087,0.0,8,0.0,0.0,0.0,,,,0.0,False
adult,classification,tabpfn_2_6,native_categorical,T1,nominal_relabeling,all,nominal_canonicalization,nominal_canonical_ref__native_categorical,2,0.0,0.3415442213134136,0.3415442213134136,0.3415442213134136,0.3415442213134136,0.0,8,0.0,0.0,0.0,,,,0.0,False
adult,classification,tabpfn_2_6,native_categorical,T1,nominal_relabeling,all,none,original__native_categorical,0,0.022819346931949813,0.3439944895115413,0.3420534191386802,0.3477842101517163,0.3368888467569971,0.010895363394719193,8,0.022819346931949813,0.001272826297269575,0.02734375,,,,0.02734375,False
adult,classification,tabpfn_2_6,native_categorical,T1,nominal_relabeling,all,none,original__native_categorical,1,0.023314380783841314,0.3545242103579763,0.349216549342509,0.3577616306294188,0.3432287885681949,0.014532842061223905,8,0.023314380783841314,0.0013972901913504876,0.026611328125,,,,0.026611328125,False
adult,classification,tabpfn_2_6,native_categorical,T1,nominal_relabeling,all,none,original__native_categorical,2,0.019660401546124712,0.3430580904468464,0.3435895242934369,0.3501735965310392,0.3378540564796183,0.012319540051420885,8,0.019660401546124712,0.0010304128081069625,0.019287109375,,,,0.019287109375,False
adult,classification,tabpfn_2_6,native_categorical,T1,nominal_relabeling,one,none,original__native_categorical,0,0.011509520385759024,0.3439944895115413,0.34442058241025525,0.3477991816723133,0.3425417341038765,0.005257447568436768,8,0.011509520385759024,0.0003679401325112875,0.010986328125,,,,0.010986328125,False
adult,classification,tabpfn_2_6,native_categorical,T1,nominal_relabeling,one,none,original__native_categorical,1,0.013350323817305063,0.3545242103579763,0.3557284640392895,0.3606856758414589,0.3503375462122513,0.010348129629207559,8,0.013350323817305063,0.0005643747664334,0.013427734375,,,,0.013427734375,False
adult,classification,tabpfn_2_6,native_categorical,T1,nominal_relabeling,one,none,original__native_categorical,2,0.008782811036990537,0.3430580904468464,0.34324942482251053,0.3480563361108019,0.3402861021248557,0.007770233985946173,8,0.008782811036990537,0.00024140190610475002,0.00732421875,,,,0.00732421875,False
adult,classification,tabpfn_2_6,numeric_code,T0,column_permutation,all,none,original__numeric_code,0,0.023887933471647988,0.3554973136364212,0.3503197910497391,0.3574745549386933,0.3377256252327836,0.01974892970590969,8,0.023887933471647988,0.0018187193039639876,0.02197265625,,,,0.02197265625,False
adult,classification,tabpfn_2_6,numeric_code,T0,column_permutation,all,none,original__numeric_code,1,0.027520878074237774,0.351256649908695,0.3489695677281787,0.354196209752992,0.3410365260801039,0.013159683672888112,8,0.027520878074237774,0.0021144592840928126,0.026123046875,,,,0.026123046875,False
adult,classification,tabpfn_2_6,numeric_code,T0,column_permutation,all,none,original__numeric_code,2,0.025989073018961976,0.3501361358432766,0.3533109513828239,0.3617889152855951,0.3465131049878576,0.015275810297737502,8,0.025989073018961976,0.0023626447510202123,0.023681640625,,,,0.023681640625,False
adult,classification,tabpfn_2_6,numeric_code,T1,nominal_relabeling,all,nominal_canonicalization,nominal_canonical_ref__numeric_code,0,0.0,0.3436714930749422,0.3436714930749422,0.3436714930749422,0.3436714930749422,0.0,8,0.0,0.0,0.0,,,,0.0,False
adult,classification,tabpfn_2_6,numeric_code,T1,nominal_relabeling,all,nominal_canonicalization,nominal_canonical_ref__numeric_code,1,0.0,0.3410476840551087,0.3410476840551087,0.3410476840551087,0.3410476840551087,0.0,8,0.0,0.0,0.0,,,,0.0,False
adult,classification,tabpfn_2_6,numeric_code,T1,nominal_relabeling,all,nominal_canonicalization,nominal_canonical_ref__numeric_code,2,0.0,0.3415442213134136,0.3415442213134136,0.3415442213134136,0.3415442213134136,0.0,8,0.0,0.0,0.0,,,,0.0,False
adult,classification,tabpfn_2_6,numeric_code,T1,nominal_relabeling,all,none,original__numeric_code,0,0.01988247512137731,0.3554973136364212,0.3485550466363859,0.3569507721346439,0.3408148102584952,0.016135961876148686,8,0.01988247512137731,0.0009684289589535876,0.0244140625,,,,0.0244140625,False
adult,classification,tabpfn_2_6,numeric_code,T1,nominal_relabeling,all,none,original__numeric_code,1,0.024706693027620564,0.351256649908695,0.34488806975425496,0.3549330772258232,0.3373798794779781,0.017553197747845084,8,0.024706693027620564,0.0014990458561044875,0.022216796875,,,,0.022216796875,False
adult,classification,tabpfn_2_6,numeric_code,T1,nominal_relabeling,all,none,original__numeric_code,2,0.021632009851980164,0.3501361358432766,0.3391925598269546,0.3509740628073967,0.3311668468218909,0.019807215985505777,8,0.021632009851980164,0.00116344363165145,0.019775390625,,,,0.019775390625,False
adult,classification,tabpfn_2_6,numeric_code,T1,nominal_relabeling,one,none,original__numeric_code,0,0.008346497938844562,0.3554973136364212,0.3540345338495152,0.3562162474655692,0.35196841894833,0.004247828517239205,8,0.008346497938844562,0.00020994584150441488,0.0068359375,,,,0.0068359375,False
adult,classification,tabpfn_2_6,numeric_code,T1,nominal_relabeling,one,none,original__numeric_code,1,0.011128630747088088,0.351256649908695,0.35156661687845336,0.3536254787997281,0.3485641690382981,0.0050613097614299885,8,0.011128630747088088,0.00044282461699919997,0.012451171875,,,,0.012451171875,False
adult,classification,tabpfn_2_6,numeric_code,T1,nominal_relabeling,one,none,original__numeric_code,2,0.008567707272293987,0.3501361358432766,0.3477896716650275,0.3522813122195835,0.3418389615939675,0.010442350625615993,8,0.008567707272293987,0.00024814310845183604,0.005126953125,,,,0.005126953125,False
adult,classification,tabpfn_2_6,numeric_code,T2,affine,all,none,original__numeric_code,0,0.0001579807463151535,0.3554973136364212,0.35552970485112306,0.3557769639898279,0.3554921834774733,0.0002847805123545877,8,0.0001579807463151535,9.850158145559533e-07,0.00048828125,,,,0.00048828125,False
adult,classification,tabpfn_2_6,numeric_code,T2,affine,all,none,original__numeric_code,1,0.0001674441749703221,0.351256649908695,0.35128887912525353,0.3515282755727844,0.3512532019257897,0.0002750736469946946,8,0.0001674441749703221,9.440225178040634e-07,0.000244140625,,,,0.000244140625,False
adult,classification,tabpfn_2_6,numeric_code,T2,affine,all,none,original__numeric_code,2,0.00012722163842491816,0.3501361358432766,0.3501464357042638,0.350236467773144,0.3501316525827841,0.00010481519035987485,8,0.00012722163842491816,7.238123801073111e-07,0.0,,,,0.0,False
adult,classification,tabpfn_2_6,numeric_code,T2,affine,all,standardization,zscore_reference,0,9.867858612710577e-05,0.3554973136364212,0.3554627881282621,0.3554973136364212,0.355236500047992,0.00026081358842916513,8,9.867858612710577e-05,6.480689247848386e-07,0.0,,,,0.0,False
adult,classification,tabpfn_2_6,numeric_code,T2,affine,all,standardization,zscore_reference,1,0.0001105830031436166,0.351256649908695,0.35123245606403547,0.351256649908695,0.3510734431001349,0.00018320680856009908,8,0.0001105830031436166,8.780747694673315e-07,0.0,,,,0.0,False
adult,classification,tabpfn_2_6,numeric_code,T2,affine,all,standardization,zscore_reference,2,9.392069031254487e-05,0.3501361358432766,0.3501339581181992,0.3501361358432766,0.3501316525827841,4.483260492460506e-06,8,9.392069031254487e-05,6.254234026360013e-07,0.0,,,,0.0,False
adult,classification,tabpfn_2_6,numeric_code,T2,affine,one,none,original__numeric_code,0,0.0,0.3554973136364212,0.3554973136364212,0.3554973136364212,0.3554973136364212,0.0,8,0.0,0.0,0.0,,,,0.0,False
adult,classification,tabpfn_2_6,numeric_code,T2,affine,one,none,original__numeric_code,1,0.0,0.351256649908695,0.351256649908695,0.351256649908695,0.351256649908695,0.0,8,0.0,0.0,0.0,,,,0.0,False
adult,classification,tabpfn_2_6,numeric_code,T2,affine,one,none,original__numeric_code,2,0.0,0.3501361358432766,0.3501361358432766,0.3501361358432766,0.3501361358432766,0.0,8,0.0,0.0,0.0,,,,0.0,False
adult,classification,tabpfn_2_6,numeric_code,T2,affine,one,standardization,zscore_reference,0,0.0,0.3554973136364212,0.3554973136364212,0.3554973136364212,0.3554973136364212,0.0,8,0.0,0.0,0.0,,,,0.0,False
adult,classification,tabpfn_2_6,numeric_code,T2,affine,one,standardization,zscore_reference,1,0.0,0.351256649908695,0.351256649908695,0.351256649908695,0.351256649908695,0.0,8,0.0,0.0,0.0,,,,0.0,False
adult,classification,tabpfn_2_6,numeric_code,T2,affine,one,standardization,zscore_reference,2,0.0,0.3501361358432766,0.3501361358432766,0.3501361358432766,0.3501361358432766,0.0,8,0.0,0.0,0.0,,,,0.0,False
adult,classification,tabpfn_2_6,numeric_code,T2,scaling,all,none,original__numeric_code,0,1.887370738305763e-06,0.3554973136364212,0.3554953898268157,0.3554973136364212,0.3554921834774733,5.130158947874719e-06,8,1.887370738305763e-06,3.274213655356468e-08,0.0,,,,0.0,False
adult,classification,tabpfn_2_6,numeric_code,T2,scaling,all,none,original__numeric_code,1,1.2765329401665993e-06,0.351256649908695,0.3512553569151055,0.351256649908695,0.3512532019257897,3.44798290530246e-06,8,1.2765329401665993e-06,2.2144736142286592e-08,0.0,,,,0.0,False
adult,classification,tabpfn_2_6,numeric_code,T2,scaling,all,none,original__numeric_code,2,1.6505235740573796e-06,0.3501361358432766,0.3501344546205919,0.3501361358432766,0.3501316525827841,4.483260492460506e-06,8,1.6505235740573796e-06,2.5952315236149058e-08,0.0,,,,0.0,False
adult,classification,tabpfn_2_6,numeric_code,T2,scaling,all,standardization,zscore_reference,0,0.0,0.3554973136364212,0.3554973136364212,0.3554973136364212,0.3554973136364212,0.0,8,0.0,0.0,0.0,,,,0.0,False
adult,classification,tabpfn_2_6,numeric_code,T2,scaling,all,standardization,zscore_reference,1,0.0,0.351256649908695,0.351256649908695,0.351256649908695,0.351256649908695,0.0,8,0.0,0.0,0.0,,,,0.0,False
adult,classification,tabpfn_2_6,numeric_code,T2,scaling,all,standardization,zscore_reference,2,0.0,0.3501361358432766,0.3501361358432766,0.3501361358432766,0.3501361358432766,0.0,8,0.0,0.0,0.0,,,,0.0,False
adult,classification,tabpfn_2_6,numeric_code,T2,scaling,one,none,original__numeric_code,0,0.0,0.3554973136364212,0.3554973136364212,0.3554973136364212,0.3554973136364212,0.0,8,0.0,0.0,0.0,,,,0.0,False
adult,classification,tabpfn_2_6,numeric_code,T2,scaling,one,none,original__numeric_code,1,0.0,0.351256649908695,0.351256649908695,0.351256649908695,0.351256649908695,0.0,8,0.0,0.0,0.0,,,,0.0,False
adult,classification,tabpfn_2_6,numeric_code,T2,scaling,one,none,original__numeric_code,2,0.0,0.3501361358432766,0.3501361358432766,0.3501361358432766,0.3501361358432766,0.0,8,0.0,0.0,0.0,,,,0.0,False
adult,classification,tabpfn_2_6,numeric_code,T2,scaling,one,standardization,zscore_reference,0,6.291235794352544e-07,0.3554973136364212,0.3554966723665527,0.3554973136364212,0.3554921834774733,5.130158947874719e-06,8,6.291235794352544e-07,1.0914045517854893e-08,0.0,,,,0.0,False
adult,classification,tabpfn_2_6,numeric_code,T2,scaling,one,standardization,zscore_reference,1,4.2551098005553313e-07,0.351256649908695,0.3512562189108318,0.351256649908695,0.3512532019257897,3.44798290530246e-06,8,4.2551098005553313e-07,7.381578714095531e-09,0.0,,,,0.0,False
adult,classification,tabpfn_2_6,numeric_code,T2,scaling,one,standardization,zscore_reference,2,5.501745246857932e-07,0.3501361358432766,0.350135575435715,0.3501361358432766,0.3501316525827841,4.483260492460506e-06,8,5.501745246857932e-07,8.650771745383019e-09,0.0,,,,0.0,False
adult,classification,tabpfn_2_6,numeric_code,T3,mixed_monotone,all,none,original__numeric_code,0,0.00607019980324675,0.3554973136364212,0.3539190414877468,0.3557436530806976,0.3528173128749716,0.002926340205726019,8,0.00607019980324675,9.882589282482501e-05,0.00732421875,,,,0.00732421875,False
adult,classification,tabpfn_2_6,numeric_code,T3,mixed_monotone,all,none,original__numeric_code,1,0.008736076367944913,0.351256649908695,0.35080750147203027,0.3515112653324274,0.3500004241719835,0.0015108411604438654,8,0.008736076367944913,0.00022014724316971705,0.0107421875,,,,0.0107421875,False
adult,classification,tabpfn_2_6,numeric_code,T3,mixed_monotone,all,none,original__numeric_code,2,0.005586559691294037,0.3501361358432766,0.3490468802473555,0.3501672601002362,0.3477811907697948,0.002386069330441387,8,0.005586559691294037,9.030927030504054e-05,0.001220703125,,,,0.001220703125,False
adult,classification,tabpfn_2_6,numeric_code,T3,mixed_monotone,all,quantile_rank,quantile_reference,0,0.001519134506303331,0.3528173128749716,0.3530372824292336,0.3534143592057699,0.3528001170134802,0.0006142421922897268,8,0.001519134506303331,3.3606321957048955e-05,0.000732421875,,,,0.000732421875,False
adult,classification,tabpfn_2_6,numeric_code,T3,mixed_monotone,all,quantile_rank,quantile_reference,1,0.002103417319059963,0.3500004241719835,0.3501224317160314,0.3503430817912946,0.349974392829444,0.00036868896185060507,8,0.002103417319059963,3.941915629479756e-05,0.003662109375,,,,0.003662109375,False
adult,classification,tabpfn_2_6,numeric_code,T3,mixed_monotone,all,quantile_rank,quantile_reference,2,0.0013927693723510667,0.3496854069274072,0.34962861075216706,0.3496854069274072,0.3495572795208009,0.00012812740660628208,8,0.0013927693723510667,1.7264543616309726e-05,0.00146484375,,,,0.00146484375,False
adult,classification,tabpfn_2_6,numeric_code,T6,cond_le_10,one,none,basis_reference__fnlwgt,0,0.009568063468614288,0.3499013700451717,0.3506814295441624,0.3541961835840763,0.3475007319038423,0.006695451680233999,8,0.009568063468614288,0.0002568620610543125,0.006591796875,,,,0.006591796875,False
adult,classification,tabpfn_2_6,numeric_code,T6,cond_le_10,one,none,basis_reference__fnlwgt,1,0.01076016225764615,0.3436314824862763,0.3450226248288625,0.3488955404450186,0.3391182093060756,0.009777331138942968,8,0.01076016225764615,0.0004417500305412625,0.009033203125,,,,0.009033203125,False
adult,classification,tabpfn_2_6,numeric_code,T6,cond_le_10,one,none,basis_reference__fnlwgt,2,0.0106858417714847,0.3567617307270602,0.3546497740772188,0.3575927800562295,0.3529623318480734,0.004630448208156113,8,0.0106858417714847,0.0002941189353036625,0.009765625,,,,0.009765625,False
adult,classification,tabpfn_2_6,numeric_code,T6,cond_le_3,one,none,basis_reference__fnlwgt,0,0.008898459132131624,0.3499013700451717,0.3522151238186661,0.3541698552241723,0.350800055593652,0.0033697996305203093,8,0.008898459132131624,0.0002036213787413125,0.0068359375,,,,0.0068359375,False
adult,classification,tabpfn_2_6,numeric_code,T6,cond_le_3,one,none,basis_reference__fnlwgt,1,0.011303605577812676,0.3436314824862763,0.3458759186691633,0.3482011832468211,0.3437256529715801,0.004475530275241002,8,0.011303605577812676,0.0004941311826225125,0.010498046875,,,,0.010498046875,False
adult,classification,tabpfn_2_6,numeric_code,T6,cond_le_3,one,none,basis_reference__fnlwgt,2,0.010081562918277963,0.3567617307270602,0.35574600967472914,0.3578425350491088,0.3534589087932319,0.004383626255876905,8,0.010081562918277963,0.0002442374957704625,0.0087890625,,,,0.0087890625,False
adult,classification,tabpfn_2_6,numeric_code,T6,orthogonal,one,none,basis_reference__fnlwgt,0,0.009415012474936438,0.3499013700451717,0.35160058902706176,0.3548032177925958,0.3493886109136471,0.005414606878948736,8,0.009415012474936438,0.00024295470834456248,0.00634765625,,,,0.00634765625,False
adult,classification,tabpfn_2_6,numeric_code,T6,orthogonal,one,none,basis_reference__fnlwgt,1,0.011155727155735476,0.3436314824862763,0.3457240443395076,0.3514746710895874,0.3416113223458713,0.009863348743716083,8,0.011155727155735476,0.0004157054077322125,0.0078125,,,,0.0078125,False
adult,classification,tabpfn_2_6,numeric_code,T6,orthogonal,one,none,basis_reference__fnlwgt,2,0.0094295535769427,0.3567617307270602,0.35521060769649265,0.3572676782494391,0.3527664847106559,0.004501193538783199,8,0.0094295535769427,0.00021087178969365,0.006591796875,,,,0.006591796875,False
bank-marketing,classification,catboost,native_categorical,T1,nominal_relabeling,all,nominal_canonicalization,nominal_canonical_ref__native_categorical,0,0.0,0.2443553526731497,0.2443553526731497,0.2443553526731497,0.2443553526731497,0.0,8,0.0,0.0,0.0,,,,0.0,False
bank-marketing,classification,catboost,native_categorical,T1,nominal_relabeling,all,nominal_canonicalization,nominal_canonical_ref__native_categorical,1,0.0,0.2453614005517786,0.2453614005517786,0.2453614005517786,0.2453614005517786,0.0,8,0.0,0.0,0.0,,,,0.0,False
bank-marketing,classification,catboost,native_categorical,T1,nominal_relabeling,all,nominal_canonicalization,nominal_canonical_ref__native_categorical,2,0.0,0.2396456192127018,0.2396456192127018,0.2396456192127018,0.2396456192127018,0.0,8,0.0,0.0,0.0,,,,0.0,False
bank-marketing,classification,catboost,native_categorical,T1,nominal_relabeling,all,none,original__native_categorical,0,0.0,0.2308547920213714,0.2308547920213714,0.2308547920213714,0.2308547920213714,0.0,8,0.0,0.0,0.0,,,,0.0,False
bank-marketing,classification,catboost,native_categorical,T1,nominal_relabeling,all,none,original__native_categorical,1,0.0,0.2362867461046595,0.2362867461046595,0.2362867461046595,0.2362867461046595,0.0,8,0.0,0.0,0.0,,,,0.0,False
bank-marketing,classification,catboost,native_categorical,T1,nominal_relabeling,all,none,original__native_categorical,2,0.0,0.2370791630985197,0.2370791630985197,0.2370791630985197,0.2370791630985197,0.0,8,0.0,0.0,0.0,,,,0.0,False
bank-marketing,classification,catboost,native_categorical,T1,nominal_relabeling,one,none,original__native_categorical,0,0.0,0.2308547920213714,0.2308547920213714,0.2308547920213714,0.2308547920213714,0.0,8,0.0,0.0,0.0,,,,0.0,False
bank-marketing,classification,catboost,native_categorical,T1,nominal_relabeling,one,none,original__native_categorical,1,0.0,0.2362867461046595,0.2362867461046595,0.2362867461046595,0.2362867461046595,0.0,8,0.0,0.0,0.0,,,,0.0,False
bank-marketing,classification,catboost,native_categorical,T1,nominal_relabeling,one,none,original__native_categorical,2,0.0,0.2370791630985197,0.2370791630985197,0.2370791630985197,0.2370791630985197,0.0,8,0.0,0.0,0.0,,,,0.0,False
bank-marketing,classification,catboost,numeric_code,T0,column_permutation,all,none,original__numeric_code,0,0.01562743609549371,0.2549185627846018,0.2540318462493927,0.2578526865789005,0.2479067071063572,0.009945979472543276,8,0.01562743609549371,0.0009038784778880375,0.016357421875,,,,0.016357421875,False
bank-marketing,classification,catboost,numeric_code,T0,column_permutation,all,none,original__numeric_code,1,0.0164644334407024,0.2507672382443003,0.25545409863566976,0.261210192786127,0.2513800993415566,0.00983009344457042,8,0.0164644334407024,0.00103680051541955,0.013916015625,,,,0.013916015625,False
bank-marketing,classification,catboost,numeric_code,T0,column_permutation,all,none,original__numeric_code,2,0.017016143855153362,0.2510802872761561,0.25335798484798155,0.2580181335473012,0.2480713123550416,0.009946821192259592,8,0.017016143855153362,0.00110534911935415,0.017578125,,,,0.017578125,False
bank-marketing,classification,catboost,numeric_code,T1,nominal_relabeling,all,nominal_canonicalization,nominal_canonical_ref__numeric_code,0,0.0,0.2443553526731497,0.2443553526731497,0.2443553526731497,0.2443553526731497,0.0,8,0.0,0.0,0.0,,,,0.0,False
bank-marketing,classification,catboost,numeric_code,T1,nominal_relabeling,all,nominal_canonicalization,nominal_canonical_ref__numeric_code,1,0.0,0.2453614005517786,0.2453614005517786,0.2453614005517786,0.2453614005517786,0.0,8,0.0,0.0,0.0,,,,0.0,False
bank-marketing,classification,catboost,numeric_code,T1,nominal_relabeling,all,nominal_canonicalization,nominal_canonical_ref__numeric_code,2,0.0,0.2396456192127018,0.2396456192127018,0.2396456192127018,0.2396456192127018,0.0,8,0.0,0.0,0.0,,,,0.0,False
bank-marketing,classification,catboost,numeric_code,T1,nominal_relabeling,all,none,original__numeric_code,0,0.02514953472505741,0.2549185627846018,0.24765022011711893,0.2557730948658145,0.2389018659084449,0.016871228957369616,8,0.02514953472505741,0.0025144055678480498,0.017578125,,,,0.017578125,False
bank-marketing,classification,catboost,numeric_code,T1,nominal_relabeling,all,none,original__numeric_code,1,0.02549583731620029,0.2507672382443003,0.24844673414805693,0.2605125373934182,0.2427545876009486,0.017757949792469585,8,0.02549583731620029,0.00245335894444035,0.01611328125,,,,0.01611328125,False
bank-marketing,classification,catboost,numeric_code,T1,nominal_relabeling,all,none,original__numeric_code,2,0.02487540742373356,0.2510802872761561,0.24806941107456185,0.2547471621693057,0.2440195355055129,0.010727626663792816,8,0.02487540742373356,0.002525002620290975,0.02392578125,,,,0.02392578125,False
bank-marketing,classification,catboost,numeric_code,T1,nominal_relabeling,one,none,original__numeric_code,0,0.010674267275615512,0.2549185627846018,0.25307971263385143,0.2563756894688971,0.2469492259797838,0.009426463489113301,8,0.010674267275615512,0.00074710053398795,0.009033203125,,,,0.009033203125,False
bank-marketing,classification,catboost,numeric_code,T1,nominal_relabeling,one,none,original__numeric_code,1,0.011191053582171262,0.2507672382443003,0.2495289120776508,0.2549174021063952,0.2438884802554794,0.01102892185091578,8,0.011191053582171262,0.00078162841184465,0.0078125,,,,0.0078125,False
bank-marketing,classification,catboost,numeric_code,T1,nominal_relabeling,one,none,original__numeric_code,2,0.011263631588090989,0.2510802872761561,0.24963273400395614,0.2526671877428709,0.2470051731827529,0.0056620145601180005,8,0.011263631588090989,0.0007762489487264375,0.010498046875,,,,0.010498046875,False
bank-marketing,classification,catboost,numeric_code,T2,affine,all,none,original__numeric_code,0,9.585365660602783e-06,0.2549185627846018,0.2548981876095785,0.2549236353851015,0.2548618543860778,6.178099902370837e-05,8,9.585365660602783e-06,5.7148403401491125e-08,0.0,,,,0.0,False
bank-marketing,classification,catboost,numeric_code,T2,affine,all,none,original__numeric_code,1,2.4587941375726462e-06,0.2507672382443003,0.25076725131673705,0.2507742302271011,0.250760200515606,1.4029711495111563e-05,8,2.4587941375726462e-06,2.8296711080892827e-09,0.0,,,,0.0,False
bank-marketing,classification,catboost,numeric_code,T2,affine,all,none,original__numeric_code,2,2.055405145827728e-05,0.2510802872761561,0.2510543817490863,0.2510930511214697,0.251008177934611,8.48731868586805e-05,8,2.055405145827728e-05,1.621846146062197e-07,0.0,,,,0.0,False
bank-marketing,classification,catboost,numeric_code,T2,affine,all,standardization,zscore_reference,0,0.0,0.2548618543860778,0.2548618543860778,0.2548618543860778,0.2548618543860778,0.0,8,0.0,0.0,0.0,,,,0.0,False
bank-marketing,classification,catboost,numeric_code,T2,affine,all,standardization,zscore_reference,1,0.0,0.250760200515606,0.250760200515606,0.250760200515606,0.250760200515606,0.0,8,0.0,0.0,0.0,,,,0.0,False
bank-marketing,classification,catboost,numeric_code,T2,affine,all,standardization,zscore_reference,2,0.0,0.251008177934611,0.251008177934611,0.251008177934611,0.251008177934611,0.0,8,0.0,0.0,0.0,,,,0.0,False
bank-marketing,classification,catboost,numeric_code,T2,affine,one,none,original__numeric_code,0,2.5434570248490114e-06,0.2549185627846018,0.2549224482837002,0.2549496467773891,0.2549185627846018,3.108399278733964e-05,8,2.5434570248490114e-06,1.0151838287964062e-08,0.0,,,,0.0,False
bank-marketing,classification,catboost,numeric_code,T2,affine,one,none,original__numeric_code,1,6.652047425353729e-06,0.2507672382443003,0.2507831636429776,0.2508946414337188,0.2507672382443003,0.0001274031894185068,8,6.652047425353729e-06,7.180663812217233e-08,0.0,,,,0.0,False
bank-marketing,classification,catboost,numeric_code,T2,affine,one,none,original__numeric_code,2,2.2707904785486985e-06,0.2510802872761561,0.25108287641989957,0.2511013369541122,0.2510799507481476,2.1386205964590843e-05,8,2.2707904785486985e-06,1.7222452090109015e-08,0.0,,,,0.0,False
bank-marketing,classification,catboost,numeric_code,T2,affine,one,standardization,zscore_reference,0,0.0,0.2548618543860778,0.2548618543860778,0.2548618543860778,0.2548618543860778,0.0,8,0.0,0.0,0.0,,,,0.0,False
bank-marketing,classification,catboost,numeric_code,T2,affine,one,standardization,zscore_reference,1,0.0,0.250760200515606,0.250760200515606,0.250760200515606,0.250760200515606,0.0,8,0.0,0.0,0.0,,,,0.0,False
bank-marketing,classification,catboost,numeric_code,T2,affine,one,standardization,zscore_reference,2,0.0,0.251008177934611,0.251008177934611,0.251008177934611,0.251008177934611,0.0,8,0.0,0.0,0.0,,,,0.0,False
bank-marketing,classification,catboost,numeric_code,T2,scaling,all,none,original__numeric_code,0,8.931994496943448e-06,0.2549185627846018,0.2549309926390064,0.2549538003448844,0.2549159534287523,3.7846916132122654e-05,8,8.931994496943448e-06,5.515077248637335e-08,0.0,,,,0.0,False
bank-marketing,classification,catboost,numeric_code,T2,scaling,all,none,original__numeric_code,1,1.840106940715238e-05,0.2507672382443003,0.2508146103984097,0.2508971681066276,0.2507672382443003,0.00012992986232729375,8,1.840106940715238e-05,2.0097972414852733e-07,0.0,,,,0.0,False
bank-marketing,classification,catboost,numeric_code,T2,scaling,all,none,original__numeric_code,2,9.847056600987822e-06,0.2510802872761561,0.2510932376570231,0.2511234821282696,0.2510800570429293,4.342508534033174e-05,8,9.847056600987822e-06,8.028358285489119e-08,0.0,,,,0.0,False
bank-marketing,classification,catboost,numeric_code,T2,scaling,all,standardization,zscore_reference,0,0.0,0.2548618543860778,0.2548618543860778,0.2548618543860778,0.2548618543860778,0.0,8,0.0,0.0,0.0,,,,0.0,False
bank-marketing,classification,catboost,numeric_code,T2,scaling,all,standardization,zscore_reference,1,0.0,0.250760200515606,0.250760200515606,0.250760200515606,0.250760200515606,0.0,8,0.0,0.0,0.0,,,,0.0,False
bank-marketing,classification,catboost,numeric_code,T2,scaling,all,standardization,zscore_reference,2,0.0,0.251008177934611,0.251008177934611,0.251008177934611,0.251008177934611,0.0,8,0.0,0.0,0.0,,,,0.0,False
bank-marketing,classification,catboost,numeric_code,T2,scaling,one,none,original__numeric_code,0,0.0,0.2549185627846018,0.2549185627846018,0.2549185627846018,0.2549185627846018,0.0,8,0.0,0.0,0.0,,,,0.0,False
bank-marketing,classification,catboost,numeric_code,T2,scaling,one,none,original__numeric_code,1,0.0,0.2507672382443003,0.2507672382443003,0.2507672382443003,0.2507672382443003,0.0,8,0.0,0.0,0.0,,,,0.0,False
bank-marketing,classification,catboost,numeric_code,T2,scaling,one,none,original__numeric_code,2,2.8604261623540475e-08,0.2510802872761561,0.2510802584970028,0.2510802872761561,0.2510800570429293,2.3023322681670066e-07,8,2.8604261623540475e-08,6.935762685327823e-11,0.0,,,,0.0,False
bank-marketing,classification,catboost,numeric_code,T2,scaling,one,standardization,zscore_reference,0,0.0,0.2548618543860778,0.2548618543860778,0.2548618543860778,0.2548618543860778,0.0,8,0.0,0.0,0.0,,,,0.0,False
bank-marketing,classification,catboost,numeric_code,T2,scaling,one,standardization,zscore_reference,1,0.0,0.250760200515606,0.250760200515606,0.250760200515606,0.250760200515606,0.0,8,0.0,0.0,0.0,,,,0.0,False
bank-marketing,classification,catboost,numeric_code,T2,scaling,one,standardization,zscore_reference,2,0.0,0.251008177934611,0.251008177934611,0.251008177934611,0.251008177934611,0.0,8,0.0,0.0,0.0,,,,0.0,False
bank-marketing,classification,catboost,numeric_code,T3,mixed_monotone,all,none,original__numeric_code,0,2.6438346827054445e-05,0.2549185627846018,0.25491895235031864,0.2549538003448844,0.2548817832628727,7.201708201171053e-05,8,2.6438346827054445e-05,1.861670287517172e-07,0.0,,,,0.0,False
bank-marketing,classification,catboost,numeric_code,T3,mixed_monotone,all,none,original__numeric_code,1,2.84828410539782e-05,0.2507672382443003,0.25082594530365254,0.2508971681066276,0.2507672382443003,0.00012992986232729375,8,2.84828410539782e-05,2.2743002361506254e-07,0.0,,,,0.0,False
bank-marketing,classification,catboost,numeric_code,T3,mixed_monotone,all,none,original__numeric_code,2,6.303128347453336e-05,0.2510802872761561,0.25108521862991057,0.2511204017560753,0.2510319307058702,8.847105020509671e-05,8,6.303128347453336e-05,5.307496091691078e-07,0.0,,,,0.0,False
bank-marketing,classification,catboost,numeric_code,T3,mixed_monotone,all,quantile_rank,quantile_reference,0,1.9063740836685628e-05,0.2549538003448844,0.2549267981965881,0.2549538344045491,0.2548817832628727,7.205114167641025e-05,8,1.9063740836685628e-05,9.012849473158588e-08,0.0,,,,0.0,False
bank-marketing,classification,catboost,numeric_code,T3,mixed_monotone,all,quantile_rank,quantile_reference,1,2.2443603440877117e-05,0.2508971681066276,0.2508568637666586,0.2508971681066276,0.2507896898667103,0.00010747823991730243,8,2.2443603440877117e-05,2.1765553780936128e-07,0.0,,,,0.0,False
bank-marketing,classification,catboost,numeric_code,T3,mixed_monotone,all,quantile_rank,quantile_reference,2,3.575448049963971e-05,0.2511204017560753,0.25108722546888784,0.2511204046091909,0.2510319307058702,8.847390332067384e-05,8,3.575448049963971e-05,3.0017224612602766e-07,0.0,,,,0.0,False
bank-marketing,classification,catboost,numeric_code,T6,cond_le_10,one,none,basis_reference__V6,0,0.019048431387351974,0.2665053186916877,0.25662638634451584,0.2624770048550425,0.2511762707189006,0.01130073413614191,8,0.019048431387351974,0.0013141827478086625,0.017822265625,,,,0.017822265625,False
bank-marketing,classification,catboost,numeric_code,T6,cond_le_10,one,none,basis_reference__V6,1,0.017547968294837214,0.2540019693306566,0.2593508141527808,0.2623032241754487,0.2546939554204204,0.00760926875502832,8,0.017547968294837214,0.0011525571601316625,0.015625,,,,0.015625,False
bank-marketing,classification,catboost,numeric_code,T6,cond_le_10,one,none,basis_reference__V6,2,0.01769240708412754,0.2593526529683163,0.25894336409770446,0.2654003889613665,0.2546681909697895,0.010732197991576986,8,0.01769240708412754,0.0011661948424983,0.01708984375,,,,0.01708984375,False
bank-marketing,classification,catboost,numeric_code,T6,cond_le_3,one,none,basis_reference__V6,0,0.018921922591097314,0.2665053186916877,0.2587919914446061,0.2625278563147661,0.2550694950658281,0.007458361248938006,8,0.018921922591097314,0.0012842083749458125,0.0166015625,,,,0.0166015625,False
bank-marketing,classification,catboost,numeric_code,T6,cond_le_3,one,none,basis_reference__V6,1,0.018501832515728088,0.2540019693306566,0.2586887100929882,0.2650523583711978,0.2539030981918198,0.011149260179378007,8,0.018501832515728088,0.001242592381630775,0.015869140625,,,,0.015869140625,False
bank-marketing,classification,catboost,numeric_code,T6,cond_le_3,one,none,basis_reference__V6,2,0.017472152435228226,0.2593526529683163,0.2554648222053134,0.2612326832057796,0.2490509780294176,0.012181705176361968,8,0.017472152435228226,0.00112577148705695,0.013916015625,,,,0.013916015625,False
bank-marketing,classification,catboost,numeric_code,T6,orthogonal,one,none,basis_reference__V6,0,0.019561472923152537,0.2665053186916877,0.2604781330459667,0.2642255984375611,0.2560741114836884,0.008151486953872689,8,0.019561472923152537,0.00140029786121555,0.015380859375,,,,0.015380859375,False
bank-marketing,classification,catboost,numeric_code,T6,orthogonal,one,none,basis_reference__V6,1,0.018567487947394937,0.2540019693306566,0.2585769776963168,0.2642017147660724,0.2526413336341056,0.01156038113196678,8,0.018567487947394937,0.00127787905335215,0.014892578125,,,,0.014892578125,False
bank-marketing,classification,catboost,numeric_code,T6,orthogonal,one,none,basis_reference__V6,2,0.017210701344523502,0.2593526529683163,0.25546172630482383,0.2600801246803728,0.2497576173996272,0.010322507280745574,8,0.017210701344523502,0.0010873393712011374,0.012939453125,,,,0.012939453125,False
bank-marketing,classification,tabicl_v2,numeric_code,T0,column_permutation,all,none,original__numeric_code,0,0.010995597423458413,0.2194887478772314,0.22228006096089276,0.2280570265937392,0.2180747930570181,0.009982233536721091,8,0.010995597423458413,0.0004864033357553375,0.0087890625,,,,0.0087890625,False
bank-marketing,classification,tabicl_v2,numeric_code,T0,column_permutation,all,none,original__numeric_code,1,0.010995597423458413,0.2194887478772314,0.22228006096089276,0.2280570265937392,0.2180747930570181,0.009982233536721091,8,0.010995597423458413,0.0004864033357553375,0.0087890625,,,,0.0087890625,False
bank-marketing,classification,tabicl_v2,numeric_code,T0,column_permutation,all,none,original__numeric_code,2,0.010995597423458413,0.2194887478772314,0.22228006096089276,0.2280570265937392,0.2180747930570181,0.009982233536721091,8,0.010995597423458413,0.0004864033357553375,0.0087890625,,,,0.0087890625,False
bank-marketing,classification,tabicl_v2,numeric_code,T1,nominal_relabeling,all,nominal_canonicalization,nominal_canonical_ref__numeric_code,0,0.0,0.2274814491684133,0.2274814491684133,0.2274814491684133,0.2274814491684133,0.0,8,0.0,0.0,0.0,,,,0.0,False
bank-marketing,classification,tabicl_v2,numeric_code,T1,nominal_relabeling,all,nominal_canonicalization,nominal_canonical_ref__numeric_code,1,0.0,0.2274814491684133,0.2274814491684133,0.2274814491684133,0.2274814491684133,0.0,8,0.0,0.0,0.0,,,,0.0,False
bank-marketing,classification,tabicl_v2,numeric_code,T1,nominal_relabeling,all,nominal_canonicalization,nominal_canonical_ref__numeric_code,2,0.0,0.2274814491684133,0.2274814491684133,0.2274814491684133,0.2274814491684133,0.0,8,0.0,0.0,0.0,,,,0.0,False
bank-marketing,classification,tabicl_v2,numeric_code,T1,nominal_relabeling,all,none,original__numeric_code,0,0.013533378502036226,0.2194887478772314,0.22386712586035568,0.228447506735634,0.217592340015329,0.010855166720304982,8,0.013533378502036226,0.000727176060815475,0.01025390625,,,,0.01025390625,False
bank-marketing,classification,tabicl_v2,numeric_code,T1,nominal_relabeling,all,none,original__numeric_code,1,0.013533378502036226,0.2194887478772314,0.22386712586035568,0.228447506735634,0.217592340015329,0.010855166720304982,8,0.013533378502036226,0.000727176060815475,0.01025390625,,,,0.01025390625,False
bank-marketing,classification,tabicl_v2,numeric_code,T1,nominal_relabeling,all,none,original__numeric_code,2,0.013533378502036226,0.2194887478772314,0.22386712586035568,0.228447506735634,0.217592340015329,0.010855166720304982,8,0.013533378502036226,0.000727176060815475,0.01025390625,,,,0.01025390625,False
bank-marketing,classification,tabicl_v2,numeric_code,T1,nominal_relabeling,one,none,original__numeric_code,0,0.0038692031369100877,0.2194887478772314,0.21955740119914316,0.2225945667368337,0.2172121983257744,0.005382368411059296,8,0.0038692031369100877,0.00011644024662293886,0.001708984375,,,,0.001708984375,False
bank-marketing,classification,tabicl_v2,numeric_code,T1,nominal_relabeling,one,none,original__numeric_code,1,0.0038692031369100877,0.2194887478772314,0.21955740119914316,0.2225945667368337,0.2172121983257744,0.005382368411059296,8,0.0038692031369100877,0.00011644024662293886,0.001708984375,,,,0.001708984375,False
bank-marketing,classification,tabicl_v2,numeric_code,T1,nominal_relabeling,one,none,original__numeric_code,2,0.0038692031369100877,0.2194887478772314,0.21955740119914316,0.2225945667368337,0.2172121983257744,0.005382368411059296,8,0.0038692031369100877,0.00011644024662293886,0.001708984375,,,,0.001708984375,False
bank-marketing,classification,tabicl_v2,numeric_code,T2,affine,all,none,original__numeric_code,0,0.0,0.2194887478772314,0.2194887478772314,0.2194887478772314,0.2194887478772314,0.0,8,0.0,0.0,0.0,,,,0.0,False
bank-marketing,classification,tabicl_v2,numeric_code,T2,affine,all,none,original__numeric_code,1,0.0,0.2194887478772314,0.2194887478772314,0.2194887478772314,0.2194887478772314,0.0,8,0.0,0.0,0.0,,,,0.0,False
bank-marketing,classification,tabicl_v2,numeric_code,T2,affine,all,none,original__numeric_code,2,0.0,0.2194887478772314,0.2194887478772314,0.2194887478772314,0.2194887478772314,0.0,8,0.0,0.0,0.0,,,,0.0,False
bank-marketing,classification,tabicl_v2,numeric_code,T2,affine,all,standardization,zscore_reference,0,0.0,0.2191802124922353,0.2191802124922353,0.2191802124922353,0.2191802124922353,0.0,8,0.0,0.0,0.0,,,,0.0,False
bank-marketing,classification,tabicl_v2,numeric_code,T2,affine,all,standardization,zscore_reference,1,0.0,0.2191802124922353,0.2191802124922353,0.2191802124922353,0.2191802124922353,0.0,8,0.0,0.0,0.0,,,,0.0,False
bank-marketing,classification,tabicl_v2,numeric_code,T2,affine,all,standardization,zscore_reference,2,0.0,0.2191802124922353,0.2191802124922353,0.2191802124922353,0.2191802124922353,0.0,8,0.0,0.0,0.0,,,,0.0,False
bank-marketing,classification,tabicl_v2,numeric_code,T2,affine,one,none,original__numeric_code,0,0.0,0.2194887478772314,0.2194887478772314,0.2194887478772314,0.2194887478772314,0.0,8,0.0,0.0,0.0,,,,0.0,False
bank-marketing,classification,tabicl_v2,numeric_code,T2,affine,one,none,original__numeric_code,1,0.0,0.2194887478772314,0.2194887478772314,0.2194887478772314,0.2194887478772314,0.0,8,0.0,0.0,0.0,,,,0.0,False
bank-marketing,classification,tabicl_v2,numeric_code,T2,affine,one,none,original__numeric_code,2,0.0,0.2194887478772314,0.2194887478772314,0.2194887478772314,0.2194887478772314,0.0,8,0.0,0.0,0.0,,,,0.0,False
bank-marketing,classification,tabicl_v2,numeric_code,T2,affine,one,standardization,zscore_reference,0,0.0,0.2191802124922353,0.2191802124922353,0.2191802124922353,0.2191802124922353,0.0,8,0.0,0.0,0.0,,,,0.0,False
bank-marketing,classification,tabicl_v2,numeric_code,T2,affine,one,standardization,zscore_reference,1,0.0,0.2191802124922353,0.2191802124922353,0.2191802124922353,0.2191802124922353,0.0,8,0.0,0.0,0.0,,,,0.0,False
bank-marketing,classification,tabicl_v2,numeric_code,T2,affine,one,standardization,zscore_reference,2,0.0,0.2191802124922353,0.2191802124922353,0.2191802124922353,0.2191802124922353,0.0,8,0.0,0.0,0.0,,,,0.0,False
bank-marketing,classification,tabicl_v2,numeric_code,T2,scaling,all,none,original__numeric_code,0,0.0,0.2194887478772314,0.2194887478772314,0.2194887478772314,0.2194887478772314,0.0,8,0.0,0.0,0.0,,,,0.0,False
bank-marketing,classification,tabicl_v2,numeric_code,T2,scaling,all,none,original__numeric_code,1,0.0,0.2194887478772314,0.2194887478772314,0.2194887478772314,0.2194887478772314,0.0,8,0.0,0.0,0.0,,,,0.0,False
bank-marketing,classification,tabicl_v2,numeric_code,T2,scaling,all,none,original__numeric_code,2,0.0,0.2194887478772314,0.2194887478772314,0.2194887478772314,0.2194887478772314,0.0,8,0.0,0.0,0.0,,,,0.0,False
bank-marketing,classification,tabicl_v2,numeric_code,T2,scaling,all,standardization,zscore_reference,0,0.0,0.2191802124922353,0.2191802124922353,0.2191802124922353,0.2191802124922353,0.0,8,0.0,0.0,0.0,,,,0.0,False
bank-marketing,classification,tabicl_v2,numeric_code,T2,scaling,all,standardization,zscore_reference,1,0.0,0.2191802124922353,0.2191802124922353,0.2191802124922353,0.2191802124922353,0.0,8,0.0,0.0,0.0,,,,0.0,False
bank-marketing,classification,tabicl_v2,numeric_code,T2,scaling,all,standardization,zscore_reference,2,0.0,0.2191802124922353,0.2191802124922353,0.2191802124922353,0.2191802124922353,0.0,8,0.0,0.0,0.0,,,,0.0,False
bank-marketing,classification,tabicl_v2,numeric_code,T2,scaling,one,none,original__numeric_code,0,0.0,0.2194887478772314,0.2194887478772314,0.2194887478772314,0.2194887478772314,0.0,8,0.0,0.0,0.0,,,,0.0,False
bank-marketing,classification,tabicl_v2,numeric_code,T2,scaling,one,none,original__numeric_code,1,0.0,0.2194887478772314,0.2194887478772314,0.2194887478772314,0.2194887478772314,0.0,8,0.0,0.0,0.0,,,,0.0,False
bank-marketing,classification,tabicl_v2,numeric_code,T2,scaling,one,none,original__numeric_code,2,0.0,0.2194887478772314,0.2194887478772314,0.2194887478772314,0.2194887478772314,0.0,8,0.0,0.0,0.0,,,,0.0,False
bank-marketing,classification,tabicl_v2,numeric_code,T2,scaling,one,standardization,zscore_reference,0,0.0,0.2191802124922353,0.2191802124922353,0.2191802124922353,0.2191802124922353,0.0,8,0.0,0.0,0.0,,,,0.0,False
bank-marketing,classification,tabicl_v2,numeric_code,T2,scaling,one,standardization,zscore_reference,1,0.0,0.2191802124922353,0.2191802124922353,0.2191802124922353,0.2191802124922353,0.0,8,0.0,0.0,0.0,,,,0.0,False
bank-marketing,classification,tabicl_v2,numeric_code,T2,scaling,one,standardization,zscore_reference,2,0.0,0.2191802124922353,0.2191802124922353,0.2191802124922353,0.2191802124922353,0.0,8,0.0,0.0,0.0,,,,0.0,False
bank-marketing,classification,tabicl_v2,numeric_code,T3,mixed_monotone,all,none,original__numeric_code,0,0.009874809992751638,0.2194887478772314,0.22318193494590605,0.2260801329517451,0.2217579512879111,0.004322181663833996,8,0.009874809992751638,0.00041033448900148746,0.008544921875,,,,0.008544921875,False
bank-marketing,classification,tabicl_v2,numeric_code,T3,mixed_monotone,all,none,original__numeric_code,1,0.009874809992751638,0.2194887478772314,0.22318193494590605,0.2260801329517451,0.2217579512879111,0.004322181663833996,8,0.009874809992751638,0.00041033448900148746,0.008544921875,,,,0.008544921875,False
bank-marketing,classification,tabicl_v2,numeric_code,T3,mixed_monotone,all,none,original__numeric_code,2,0.009874809992751638,0.2194887478772314,0.22318193494590605,0.2260801329517451,0.2217579512879111,0.004322181663833996,8,0.009874809992751638,0.00041033448900148746,0.008544921875,,,,0.008544921875,False
bank-marketing,classification,tabicl_v2,numeric_code,T3,mixed_monotone,all,quantile_rank,quantile_reference,0,1.0192632326910418e-06,0.2217579512879111,0.2217584808989671,0.2217593593003704,0.2217579512879111,1.408012459319652e-06,8,1.0192632326910418e-06,2.211849053935795e-09,0.0,,,,0.0,False
bank-marketing,classification,tabicl_v2,numeric_code,T3,mixed_monotone,all,quantile_rank,quantile_reference,1,1.0192632326910418e-06,0.2217579512879111,0.2217584808989671,0.2217593593003704,0.2217579512879111,1.408012459319652e-06,8,1.0192632326910418e-06,2.211849053935795e-09,0.0,,,,0.0,False
bank-marketing,classification,tabicl_v2,numeric_code,T3,mixed_monotone,all,quantile_rank,quantile_reference,2,1.0192632326910418e-06,0.2217579512879111,0.2217584808989671,0.2217593593003704,0.2217579512879111,1.408012459319652e-06,8,1.0192632326910418e-06,2.211849053935795e-09,0.0,,,,0.0,False
bank-marketing,classification,tabicl_v2,numeric_code,T6,cond_le_10,one,none,basis_reference__V6,0,0.011841704700200063,0.221200190422836,0.22252577908401283,0.2263085124233771,0.2185499312986658,0.007758581124711311,8,0.011841704700200063,0.0005255509286922375,0.007080078125,,,,0.007080078125,False
bank-marketing,classification,tabicl_v2,numeric_code,T6,cond_le_10,one,none,basis_reference__V6,1,0.011841704700200063,0.221200190422836,0.22252577908401283,0.2263085124233771,0.2185499312986658,0.007758581124711311,8,0.011841704700200063,0.0005255509286922375,0.007080078125,,,,0.007080078125,False
bank-marketing,classification,tabicl_v2,numeric_code,T6,cond_le_10,one,none,basis_reference__V6,2,0.011841704700200063,0.221200190422836,0.22252577908401283,0.2263085124233771,0.2185499312986658,0.007758581124711311,8,0.011841704700200063,0.0005255509286922375,0.007080078125,,,,0.007080078125,False
bank-marketing,classification,tabicl_v2,numeric_code,T6,cond_le_3,one,none,basis_reference__V6,0,0.011601219568993888,0.221200190422836,0.22252552336417958,0.224498672390981,0.2201447783848986,0.004353894006082409,8,0.011601219568993888,0.0005067213249920125,0.00732421875,,,,0.00732421875,False
bank-marketing,classification,tabicl_v2,numeric_code,T6,cond_le_3,one,none,basis_reference__V6,1,0.011601219568993888,0.221200190422836,0.22252552336417958,0.224498672390981,0.2201447783848986,0.004353894006082409,8,0.011601219568993888,0.0005067213249920125,0.00732421875,,,,0.00732421875,False
bank-marketing,classification,tabicl_v2,numeric_code,T6,cond_le_3,one,none,basis_reference__V6,2,0.011601219568993888,0.221200190422836,0.22252552336417958,0.224498672390981,0.2201447783848986,0.004353894006082409,8,0.011601219568993888,0.0005067213249920125,0.00732421875,,,,0.00732421875,False
bank-marketing,classification,tabicl_v2,numeric_code,T6,orthogonal,one,none,basis_reference__V6,0,0.011123479575304225,0.221200190422836,0.2220262584983737,0.2243791872284865,0.2206008822295581,0.0037783049989283946,8,0.011123479575304225,0.0004715972030587125,0.007568359375,,,,0.007568359375,False
bank-marketing,classification,tabicl_v2,numeric_code,T6,orthogonal,one,none,basis_reference__V6,1,0.011123479575304225,0.221200190422836,0.2220262584983737,0.2243791872284865,0.2206008822295581,0.0037783049989283946,8,0.011123479575304225,0.0004715972030587125,0.007568359375,,,,0.007568359375,False
bank-marketing,classification,tabicl_v2,numeric_code,T6,orthogonal,one,none,basis_reference__V6,2,0.011123479575304225,0.221200190422836,0.2220262584983737,0.2243791872284865,0.2206008822295581,0.0037783049989283946,8,0.011123479575304225,0.0004715972030587125,0.007568359375,,,,0.007568359375,False
bank-marketing,classification,tabpfn_2_6,native_categorical,T1,nominal_relabeling,all,nominal_canonicalization,nominal_canonical_ref__native_categorical,0,0.0,0.2441531829907581,0.2441531829907581,0.2441531829907581,0.2441531829907581,0.0,8,0.0,0.0,0.0,,,,0.0,False
bank-marketing,classification,tabpfn_2_6,native_categorical,T1,nominal_relabeling,all,nominal_canonicalization,nominal_canonical_ref__native_categorical,1,0.0,0.2430020272764088,0.2430020272764088,0.2430020272764088,0.2430020272764088,0.0,8,0.0,0.0,0.0,,,,0.0,False
bank-marketing,classification,tabpfn_2_6,native_categorical,T1,nominal_relabeling,all,nominal_canonicalization,nominal_canonical_ref__native_categorical,2,0.0,0.2421078948497842,0.2421078948497842,0.2421078948497842,0.2421078948497842,0.0,8,0.0,0.0,0.0,,,,0.0,False
bank-marketing,classification,tabpfn_2_6,native_categorical,T1,nominal_relabeling,all,none,original__native_categorical,0,0.023841563114937188,0.2283839821591016,0.2187498045626058,0.2239102623896061,0.2086113349181468,0.015298927471459306,8,0.023841563114937188,0.00223418218125965,0.01953125,,,,0.01953125,False
bank-marketing,classification,tabpfn_2_6,native_categorical,T1,nominal_relabeling,all,none,original__native_categorical,1,0.02395688530011225,0.2135978502430445,0.21268170147133825,0.2264125748238855,0.2048874410379927,0.021525133785892797,8,0.02395688530011225,0.00234384854157,0.021240234375,,,,0.021240234375,False
bank-marketing,classification,tabpfn_2_6,native_categorical,T1,nominal_relabeling,all,none,original__native_categorical,2,0.021564122022152264,0.2177993415542249,0.2224129902252467,0.2328422392039958,0.2168228244794298,0.016019414724566,8,0.021564122022152264,0.0019002824409891125,0.0205078125,,,,0.0205078125,False
bank-marketing,classification,tabpfn_2_6,native_categorical,T1,nominal_relabeling,one,none,original__native_categorical,0,0.0049660909441077376,0.2283839821591016,0.2290420201439566,0.2312035091580257,0.2274052726968108,0.00379823646121491,8,0.0049660909441077376,0.00018399122117344617,0.002685546875,,,,0.002685546875,False
bank-marketing,classification,tabpfn_2_6,native_categorical,T1,nominal_relabeling,one,none,original__native_categorical,1,0.0045872601974220875,0.2135978502430445,0.21282418062228758,0.2178979859122922,0.2087347457673063,0.009163240144985901,8,0.0045872601974220875,0.0001838912694554227,0.006591796875,,,,0.006591796875,False
bank-marketing,classification,tabpfn_2_6,native_categorical,T1,nominal_relabeling,one,none,original__native_categorical,2,0.004890382543129563,0.2177993415542249,0.21927837029382227,0.2261163238783479,0.2144921654849861,0.011624158393361811,8,0.004890382543129563,0.0001763914690642,0.0048828125,,,,0.0048828125,False
bank-marketing,classification,tabpfn_2_6,numeric_code,T0,column_permutation,all,none,original__numeric_code,0,0.02245620881375265,0.2193720628071964,0.20758157351619377,0.2135470001564596,0.2030874967717861,0.010459503384673496,8,0.02245620881375265,0.0021035700485450377,0.0234375,,,,0.0234375,False
bank-marketing,classification,tabpfn_2_6,numeric_code,T0,column_permutation,all,none,original__numeric_code,1,0.01918786586540215,0.2125376889722057,0.211394374141636,0.2212211716589538,0.2041250819258439,0.017096089733109915,8,0.01918786586540215,0.0013773086304698,0.017333984375,,,,0.017333984375,False
bank-marketing,classification,tabpfn_2_6,numeric_code,T0,column_permutation,all,none,original__numeric_code,2,0.019750090812671924,0.2221791439175928,0.21896641425424565,0.2262251674303923,0.2090155922330298,0.01720957519736252,8,0.019750090812671924,0.0014903494175515875,0.021728515625,,,,0.021728515625,False
bank-marketing,classification,tabpfn_2_6,numeric_code,T1,nominal_relabeling,all,nominal_canonicalization,nominal_canonical_ref__numeric_code,0,0.0,0.2441531829907581,0.2441531829907581,0.2441531829907581,0.2441531829907581,0.0,8,0.0,0.0,0.0,,,,0.0,False
bank-marketing,classification,tabpfn_2_6,numeric_code,T1,nominal_relabeling,all,nominal_canonicalization,nominal_canonical_ref__numeric_code,1,0.0,0.2430020272764088,0.2430020272764088,0.2430020272764088,0.2430020272764088,0.0,8,0.0,0.0,0.0,,,,0.0,False
bank-marketing,classification,tabpfn_2_6,numeric_code,T1,nominal_relabeling,all,nominal_canonicalization,nominal_canonical_ref__numeric_code,2,0.0,0.2421078948497842,0.2421078948497842,0.2421078948497842,0.2421078948497842,0.0,8,0.0,0.0,0.0,,,,0.0,False
bank-marketing,classification,tabpfn_2_6,numeric_code,T1,nominal_relabeling,all,none,original__numeric_code,0,0.019379913900164362,0.2193720628071964,0.2168917220741889,0.2247118098591907,0.2135907070822801,0.011121102776910613,8,0.019379913900164362,0.00159394314137015,0.01708984375,,,,0.01708984375,False
bank-marketing,classification,tabpfn_2_6,numeric_code,T1,nominal_relabeling,all,none,original__numeric_code,1,0.020651639709531062,0.2125376889722057,0.21952964833490168,0.2285208988100805,0.2093765754734901,0.019144323336590413,8,0.020651639709531062,0.0017007951238671376,0.0166015625,,,,0.0166015625,False
bank-marketing,classification,tabpfn_2_6,numeric_code,T1,nominal_relabeling,all,none,original__numeric_code,2,0.02480229168642384,0.2221791439175928,0.22425673884094216,0.2314616251958453,0.2149882875268895,0.016473337668955784,8,0.02480229168642384,0.0024102734383789127,0.025390625,,,,0.025390625,False
bank-marketing,classification,tabpfn_2_6,numeric_code,T1,nominal_relabeling,one,none,original__numeric_code,0,0.00748650006946165,0.2193720628071964,0.22023348253846461,0.2236020779089951,0.2139961385143415,0.009605939394653623,8,0.00748650006946165,0.000361488814339325,0.00537109375,,,,0.00537109375,False
bank-marketing,classification,tabpfn_2_6,numeric_code,T1,nominal_relabeling,one,none,original__numeric_code,1,0.007657160257149275,0.2125376889722057,0.2148340004030112,0.2169726804590987,0.2125376889722057,0.004434991486892997,8,0.007657160257149275,0.00035748203196515004,0.00634765625,,,,0.00634765625,False
bank-marketing,classification,tabpfn_2_6,numeric_code,T1,nominal_relabeling,one,none,original__numeric_code,2,0.006243540809995112,0.2221791439175928,0.22006520442557714,0.2238712658631281,0.2126364765021423,0.01123478936098582,8,0.006243540809995112,0.00026261354208235603,0.00439453125,,,,0.00439453125,False
bank-marketing,classification,tabpfn_2_6,numeric_code,T2,affine,all,none,original__numeric_code,0,0.00016931738207924999,0.2193720628071964,0.21952186933042456,0.2197715468691382,0.2193720628071964,0.00039948406194179054,8,0.00016931738207924999,1.0365726637066753e-06,0.0,,,,0.0,False
bank-marketing,classification,tabpfn_2_6,numeric_code,T2,affine,all,none,original__numeric_code,1,0.0002107135998115125,0.2125376889722057,0.21276303979787675,0.2131386245073285,0.2125376889722057,0.0006009355351228041,8,0.0002107135998115125,1.4070277471464518e-06,0.0,,,,0.0,False
bank-marketing,classification,tabpfn_2_6,numeric_code,T2,affine,all,none,original__numeric_code,2,0.0001586340972457875,0.2221791439175928,0.222133881295064,0.2221791439175928,0.2220584435908493,0.00012070032674349473,8,0.0001586340972457875,1.0086528741859819e-06,0.0,,,,0.0,False
bank-marketing,classification,tabpfn_2_6,numeric_code,T2,affine,all,standardization,zscore_reference,0,2.09634492349334e-06,0.2193720628071964,0.21936738444995382,0.2193720628071964,0.2193346359492557,3.742685794069778e-05,8,2.09634492349334e-06,9.098384499452881e-09,0.0,,,,0.0,False
bank-marketing,classification,tabpfn_2_6,numeric_code,T2,affine,all,standardization,zscore_reference,1,5.214450162412163e-06,0.2125376889722057,0.21252576582616778,0.2125376889722057,0.2124423038039024,9.538516830331911e-05,8,5.214450162412163e-06,5.657682586296026e-08,0.0,,,,0.0,False
bank-marketing,classification,tabpfn_2_6,numeric_code,T2,affine,all,standardization,zscore_reference,2,2.9791454391115866e-06,0.2221791439175928,0.22217119265549082,0.2221791439175928,0.2221155338207769,6.361009681590812e-05,8,2.9791454391115866e-06,1.9395085314063343e-08,0.0,,,,0.0,False
bank-marketing,classification,tabpfn_2_6,numeric_code,T2,affine,one,none,original__numeric_code,0,0.0,0.2193720628071964,0.2193720628071964,0.2193720628071964,0.2193720628071964,0.0,8,0.0,0.0,0.0,,,,0.0,False
bank-marketing,classification,tabpfn_2_6,numeric_code,T2,affine,one,none,original__numeric_code,1,0.0,0.2125376889722057,0.2125376889722057,0.2125376889722057,0.2125376889722057,0.0,8,0.0,0.0,0.0,,,,0.0,False
bank-marketing,classification,tabpfn_2_6,numeric_code,T2,affine,one,none,original__numeric_code,2,0.0,0.2221791439175928,0.2221791439175928,0.2221791439175928,0.2221791439175928,0.0,8,0.0,0.0,0.0,,,,0.0,False
bank-marketing,classification,tabpfn_2_6,numeric_code,T2,affine,one,standardization,zscore_reference,0,0.0,0.2193720628071964,0.2193720628071964,0.2193720628071964,0.2193720628071964,0.0,8,0.0,0.0,0.0,,,,0.0,False
bank-marketing,classification,tabpfn_2_6,numeric_code,T2,affine,one,standardization,zscore_reference,1,0.0,0.2125376889722057,0.2125376889722057,0.2125376889722057,0.2125376889722057,0.0,8,0.0,0.0,0.0,,,,0.0,False
bank-marketing,classification,tabpfn_2_6,numeric_code,T2,affine,one,standardization,zscore_reference,2,0.0,0.2221791439175928,0.2221791439175928,0.2221791439175928,0.2221791439175928,0.0,8,0.0,0.0,0.0,,,,0.0,False
bank-marketing,classification,tabpfn_2_6,numeric_code,T2,scaling,all,none,original__numeric_code,0,0.0,0.2193720628071964,0.2193720628071964,0.2193720628071964,0.2193720628071964,0.0,8,0.0,0.0,0.0,,,,0.0,False
bank-marketing,classification,tabpfn_2_6,numeric_code,T2,scaling,all,none,original__numeric_code,1,0.0,0.2125376889722057,0.2125376889722057,0.2125376889722057,0.2125376889722057,0.0,8,0.0,0.0,0.0,,,,0.0,False
bank-marketing,classification,tabpfn_2_6,numeric_code,T2,scaling,all,none,original__numeric_code,2,0.0,0.2221791439175928,0.2221791439175928,0.2221791439175928,0.2221791439175928,0.0,8,0.0,0.0,0.0,,,,0.0,False
bank-marketing,classification,tabpfn_2_6,numeric_code,T2,scaling,all,standardization,zscore_reference,0,0.0,0.2193720628071964,0.2193720628071964,0.2193720628071964,0.2193720628071964,0.0,8,0.0,0.0,0.0,,,,0.0,False
bank-marketing,classification,tabpfn_2_6,numeric_code,T2,scaling,all,standardization,zscore_reference,1,0.0,0.2125376889722057,0.2125376889722057,0.2125376889722057,0.2125376889722057,0.0,8,0.0,0.0,0.0,,,,0.0,False
bank-marketing,classification,tabpfn_2_6,numeric_code,T2,scaling,all,standardization,zscore_reference,2,0.0,0.2221791439175928,0.2221791439175928,0.2221791439175928,0.2221791439175928,0.0,8,0.0,0.0,0.0,,,,0.0,False
bank-marketing,classification,tabpfn_2_6,numeric_code,T2,scaling,one,none,original__numeric_code,0,0.0,0.2193720628071964,0.2193720628071964,0.2193720628071964,0.2193720628071964,0.0,8,0.0,0.0,0.0,,,,0.0,False
bank-marketing,classification,tabpfn_2_6,numeric_code,T2,scaling,one,none,original__numeric_code,1,0.0,0.2125376889722057,0.2125376889722057,0.2125376889722057,0.2125376889722057,0.0,8,0.0,0.0,0.0,,,,0.0,False
bank-marketing,classification,tabpfn_2_6,numeric_code,T2,scaling,one,none,original__numeric_code,2,0.0,0.2221791439175928,0.2221791439175928,0.2221791439175928,0.2221791439175928,0.0,8,0.0,0.0,0.0,,,,0.0,False
bank-marketing,classification,tabpfn_2_6,numeric_code,T2,scaling,one,standardization,zscore_reference,0,0.0,0.2193720628071964,0.2193720628071964,0.2193720628071964,0.2193720628071964,0.0,8,0.0,0.0,0.0,,,,0.0,False
bank-marketing,classification,tabpfn_2_6,numeric_code,T2,scaling,one,standardization,zscore_reference,1,0.0,0.2125376889722057,0.2125376889722057,0.2125376889722057,0.2125376889722057,0.0,8,0.0,0.0,0.0,,,,0.0,False
bank-marketing,classification,tabpfn_2_6,numeric_code,T2,scaling,one,standardization,zscore_reference,2,0.0,0.2221791439175928,0.2221791439175928,0.2221791439175928,0.2221791439175928,0.0,8,0.0,0.0,0.0,,,,0.0,False
bank-marketing,classification,tabpfn_2_6,numeric_code,T3,mixed_monotone,all,none,original__numeric_code,0,0.0050608130979146,0.2193720628071964,0.21966255116891406,0.2201239739037318,0.2187712282110165,0.001352745692715318,8,0.0050608130979146,0.00012411993522675835,0.003662109375,,,,0.003662109375,False
bank-marketing,classification,tabpfn_2_6,numeric_code,T3,mixed_monotone,all,none,original__numeric_code,1,0.006112741770333675,0.2125376889722057,0.21423730014177414,0.2160883816600987,0.2130845779697199,0.0030038036903787813,8,0.006112741770333675,0.00019782524460356678,0.00537109375,,,,0.00537109375,False
bank-marketing,classification,tabpfn_2_6,numeric_code,T3,mixed_monotone,all,none,original__numeric_code,2,0.0032923405284748,0.2221791439175928,0.22096052598122992,0.2228336073128975,0.2204119817458651,0.002421625567032404,8,0.0032923405284748,4.620014261606481e-05,0.0029296875,,,,0.0029296875,False
bank-marketing,classification,tabpfn_2_6,numeric_code,T3,mixed_monotone,all,quantile_rank,quantile_reference,0,0.0009659129741501083,0.2201239739037318,0.22002771206332042,0.2201239739037318,0.2198673526430669,0.00025662126066491875,8,0.0009659129741501083,2.1257314206336374e-05,0.000732421875,,,,0.000732421875,False
bank-marketing,classification,tabpfn_2_6,numeric_code,T3,mixed_monotone,all,quantile_rank,quantile_reference,1,0.0007084914827705475,0.2160883816600987,0.21542398978210958,0.2160883988707291,0.2143166747977033,0.0017717240730257822,8,0.0007084914827705475,1.0398018032570262e-05,0.0,,,,0.0,False
bank-marketing,classification,tabpfn_2_6,numeric_code,T3,mixed_monotone,all,quantile_rank,quantile_reference,2,0.000578373920762729,0.2206466314573361,0.22064678710886207,0.2206470595695124,0.2206465988586173,4.6071089510046903e-07,8,0.000578373920762729,5.934159678810162e-06,0.0,,,,0.0,False
bank-marketing,classification,tabpfn_2_6,numeric_code,T6,cond_le_10,one,none,basis_reference__V6,0,0.011932406497696325,0.2246632522332085,0.22827594118687472,0.2310950178126256,0.2251685583447327,0.005926459467892886,8,0.011932406497696325,0.0005170829616267375,0.01513671875,,,,0.01513671875,False
bank-marketing,classification,tabpfn_2_6,numeric_code,T6,cond_le_10,one,none,basis_reference__V6,1,0.006340007975752325,0.2149338141809091,0.21819328442656152,0.2200355163778981,0.2143824080213164,0.005653108356581699,8,0.006340007975752325,0.00016314988279825,0.00634765625,,,,0.00634765625,False
bank-marketing,classification,tabpfn_2_6,numeric_code,T6,cond_le_10,one,none,basis_reference__V6,2,0.011729092003009374,0.2064676838426881,0.2068151330350383,0.2083524165180722,0.2042905365522381,0.004061879965834098,8,0.011729092003009374,0.0004991369895425875,0.020751953125,,,,0.020751953125,False
bank-marketing,classification,tabpfn_2_6,numeric_code,T6,cond_le_3,one,none,basis_reference__V6,0,0.012462200375778075,0.2246632522332085,0.2207297816140259,0.2264550183489391,0.2100422522241221,0.016412766124817013,8,0.012462200375778075,0.0005758393850872001,0.012939453125,,,,0.012939453125,False
bank-marketing,classification,tabpfn_2_6,numeric_code,T6,cond_le_3,one,none,basis_reference__V6,1,0.006299075151998875,0.2149338141809091,0.21800486190211996,0.2210663883425346,0.2154091077945888,0.005657280547945787,8,0.006299075151998875,0.0001597175737645,0.0078125,,,,0.0078125,False
bank-marketing,classification,tabpfn_2_6,numeric_code,T6,cond_le_3,one,none,basis_reference__V6,2,0.01150036673697025,0.2064676838426881,0.20532518491491622,0.2087873566770124,0.202566531672156,0.006220825004856406,8,0.01150036673697025,0.000479843450482725,0.019775390625,,,,0.019775390625,False
bank-marketing,classification,tabpfn_2_6,numeric_code,T6,orthogonal,one,none,basis_reference__V6,0,0.0125523428447165,0.2246632522332085,0.2250934825423254,0.2324835720077726,0.2203312351462423,0.012152336861530277,8,0.0125523428447165,0.0005614754267911125,0.017333984375,,,,0.017333984375,False
bank-marketing,classification,tabpfn_2_6,numeric_code,T6,orthogonal,one,none,basis_reference__V6,1,0.006175625399385612,0.2149338141809091,0.21758912748545317,0.220159427581612,0.2153654531101225,0.004793974471489493,8,0.006175625399385612,0.0001634183398411125,0.00732421875,,,,0.00732421875,False
bank-marketing,classification,tabpfn_2_6,numeric_code,T6,orthogonal,one,none,basis_reference__V6,2,0.011155231503402563,0.2064676838426881,0.2081707939577957,0.2116413902053223,0.2049491150583562,0.0066922751469661035,8,0.011155231503402563,0.0004549466182242375,0.01953125,,,,0.01953125,False
bike-sharing,regression,catboost,native_categorical,T1,nominal_relabeling,all,nominal_canonicalization,nominal_canonical_ref__native_categorical,0,0.0,54.98464145539925,54.98464145539925,54.98464145539925,54.98464145539925,0.0,8,,,,0.0,1.0,1.0,0.0,False
bike-sharing,regression,catboost,native_categorical,T1,nominal_relabeling,all,nominal_canonicalization,nominal_canonical_ref__native_categorical,1,0.0,55.60523832704976,55.60523832704976,55.60523832704976,55.60523832704976,0.0,8,,,,0.0,1.0,1.0,0.0,False
bike-sharing,regression,catboost,native_categorical,T1,nominal_relabeling,all,nominal_canonicalization,nominal_canonical_ref__native_categorical,2,0.0,54.98458236110183,54.98458236110183,54.98458236110183,54.98458236110183,0.0,8,,,,0.0,1.0,1.0,0.0,False
bike-sharing,regression,catboost,native_categorical,T1,nominal_relabeling,all,none,original__native_categorical,0,0.0,55.4746814308572,55.4746814308572,55.4746814308572,55.4746814308572,0.0,8,,,,0.0,1.0,1.0,0.0,False
bike-sharing,regression,catboost,native_categorical,T1,nominal_relabeling,all,none,original__native_categorical,1,0.0,55.43831271324756,55.43831271324756,55.43831271324756,55.43831271324756,0.0,8,,,,0.0,1.0,1.0,0.0,False
bike-sharing,regression,catboost,native_categorical,T1,nominal_relabeling,all,none,original__native_categorical,2,0.0,55.91030980732367,55.91030980732367,55.91030980732367,55.91030980732367,0.0,8,,,,0.0,1.0,1.0,0.0,False
bike-sharing,regression,catboost,native_categorical,T1,nominal_relabeling,one,none,original__native_categorical,0,0.0,55.4746814308572,55.4746814308572,55.4746814308572,55.4746814308572,0.0,8,,,,0.0,1.0,1.0,0.0,False
bike-sharing,regression,catboost,native_categorical,T1,nominal_relabeling,one,none,original__native_categorical,1,0.0,55.43831271324756,55.43831271324756,55.43831271324756,55.43831271324756,0.0,8,,,,0.0,1.0,1.0,0.0,False
bike-sharing,regression,catboost,native_categorical,T1,nominal_relabeling,one,none,original__native_categorical,2,0.0,55.91030980732367,55.91030980732367,55.91030980732367,55.91030980732367,0.0,8,,,,0.0,1.0,1.0,0.0,False
bike-sharing,regression,catboost,numeric_code,T0,column_permutation,all,none,original__numeric_code,0,0.051832011043240776,55.200914489154925,55.44418128701771,55.90995112133411,54.98354850828798,0.9264026130461289,8,,,,0.051832011043240776,0.9984354875806922,0.9969918128833786,0.051832011043240776,True
bike-sharing,regression,catboost,numeric_code,T0,column_permutation,all,none,original__numeric_code,1,0.04773530725981458,55.97718960079364,55.453019379975636,55.72301840302664,55.02171082195665,0.7013075810699902,8,,,,0.04773530725981458,0.9986707516728558,0.9973581593288301,0.04773530725981458,False
bike-sharing,regression,catboost,numeric_code,T0,column_permutation,all,none,original__numeric_code,2,0.04917007705646795,54.97981536570575,55.0830403091022,55.60242330734188,54.22573477192286,1.3766885354190208,8,,,,0.04917007705646795,0.9986016435037154,0.997279056212878,0.04917007705646795,False
bike-sharing,regression,catboost,numeric_code,T1,nominal_relabeling,all,nominal_canonicalization,nominal_canonical_ref__numeric_code,0,0.0,54.98464145539925,54.98464145539925,54.98464145539925,54.98464145539925,0.0,8,,,,0.0,1.0,1.0,0.0,False
bike-sharing,regression,catboost,numeric_code,T1,nominal_relabeling,all,nominal_canonicalization,nominal_canonical_ref__numeric_code,1,0.0,55.60523832704976,55.60523832704976,55.60523832704976,55.60523832704976,0.0,8,,,,0.0,1.0,1.0,0.0,False
bike-sharing,regression,catboost,numeric_code,T1,nominal_relabeling,all,nominal_canonicalization,nominal_canonical_ref__numeric_code,2,0.0,54.98458236110183,54.98458236110183,54.98458236110183,54.98458236110183,0.0,8,,,,0.0,1.0,1.0,0.0,False
bike-sharing,regression,catboost,numeric_code,T1,nominal_relabeling,all,none,original__numeric_code,0,0.058132977562720914,55.200914489154925,55.2675941110437,55.94572285192695,54.41877543729986,1.5269474146270952,8,,,,0.058132977562720914,0.9980018493693034,0.9971217217022293,0.058132977562720914,True
bike-sharing,regression,catboost,numeric_code,T1,nominal_relabeling,all,none,original__numeric_code,1,0.056066470982000086,55.97718960079364,55.34930796384268,56.07013405906254,54.96179447883603,1.108339580226506,8,,,,0.056066470982000086,0.9981215129835753,0.9968829259578741,0.056066470982000086,True
bike-sharing,regression,catboost,numeric_code,T1,nominal_relabeling,all,none,original__numeric_code,2,0.05718028236414208,54.97981536570575,54.867114951645874,55.90432844952185,53.94491115260215,1.9594172969196961,8,,,,0.05718028236414208,0.9981017180365211,0.9971792888328126,0.05718028236414208,True
bike-sharing,regression,catboost,numeric_code,T1,nominal_relabeling,one,none,original__numeric_code,0,0.020467768698787185,55.200914489154925,55.0150736813369,55.73034888318149,53.97340573545851,1.7569431477229784,8,,,,0.020467768698787185,0.9993478140942361,0.9990024156066537,0.020467768698787185,False
bike-sharing,regression,catboost,numeric_code,T1,nominal_relabeling,one,none,original__numeric_code,1,0.0187599498182264,55.97718960079364,55.635548165334846,55.97718960079364,54.40669510067442,1.5704945001192243,8,,,,0.0187599498182264,0.9994371077893475,0.9991641087235783,0.0187599498182264,False
bike-sharing,regression,catboost,numeric_code,T1,nominal_relabeling,one,none,original__numeric_code,2,0.018370904672108286,54.97981536570575,54.8662774221573,54.97981536570575,54.351889464346215,0.6279259013595322,8,,,,0.018370904672108286,0.9994703671928155,0.9992077841936462,0.018370904672108286,False
bike-sharing,regression,catboost,numeric_code,T2,affine,all,none,original__numeric_code,0,0.0,55.200914489154925,55.200914489154925,55.200914489154925,55.200914489154925,0.0,8,,,,0.0,1.0,1.0,0.0,False
bike-sharing,regression,catboost,numeric_code,T2,affine,all,none,original__numeric_code,1,0.0,55.97718960079364,55.97718960079364,55.97718960079364,55.97718960079364,0.0,8,,,,0.0,0.9999999999999998,1.0,0.0,False
bike-sharing,regression,catboost,numeric_code,T2,affine,all,none,original__numeric_code,2,0.0,54.97981536570575,54.97981536570575,54.97981536570575,54.97981536570575,0.0,8,,,,0.0,1.0,1.0,0.0,False
bike-sharing,regression,catboost,numeric_code,T2,affine,all,standardization,zscore_reference,0,0.0,55.200914489154925,55.200914489154925,55.200914489154925,55.200914489154925,0.0,8,,,,0.0,1.0,1.0,0.0,False
bike-sharing,regression,catboost,numeric_code,T2,affine,all,standardization,zscore_reference,1,0.0,55.97718960079364,55.97718960079364,55.97718960079364,55.97718960079364,0.0,8,,,,0.0,0.9999999999999998,1.0,0.0,False
bike-sharing,regression,catboost,numeric_code,T2,affine,all,standardization,zscore_reference,2,0.0,54.97981536570575,54.97981536570575,54.97981536570575,54.97981536570575,0.0,8,,,,0.0,1.0,1.0,0.0,False
bike-sharing,regression,catboost,numeric_code,T2,affine,one,none,original__numeric_code,0,0.0,55.200914489154925,55.200914489154925,55.200914489154925,55.200914489154925,0.0,8,,,,0.0,1.0,1.0,0.0,False
bike-sharing,regression,catboost,numeric_code,T2,affine,one,none,original__numeric_code,1,0.0,55.97718960079364,55.97718960079364,55.97718960079364,55.97718960079364,0.0,8,,,,0.0,0.9999999999999998,1.0,0.0,False
bike-sharing,regression,catboost,numeric_code,T2,affine,one,none,original__numeric_code,2,0.0,54.97981536570575,54.97981536570575,54.97981536570575,54.97981536570575,0.0,8,,,,0.0,1.0,1.0,0.0,False
bike-sharing,regression,catboost,numeric_code,T2,affine,one,standardization,zscore_reference,0,0.0,55.200914489154925,55.200914489154925,55.200914489154925,55.200914489154925,0.0,8,,,,0.0,1.0,1.0,0.0,False
bike-sharing,regression,catboost,numeric_code,T2,affine,one,standardization,zscore_reference,1,0.0,55.97718960079364,55.97718960079364,55.97718960079364,55.97718960079364,0.0,8,,,,0.0,0.9999999999999998,1.0,0.0,False
bike-sharing,regression,catboost,numeric_code,T2,affine,one,standardization,zscore_reference,2,0.0,54.97981536570575,54.97981536570575,54.97981536570575,54.97981536570575,0.0,8,,,,0.0,1.0,1.0,0.0,False
bike-sharing,regression,catboost,numeric_code,T2,scaling,all,none,original__numeric_code,0,0.0,55.200914489154925,55.200914489154925,55.200914489154925,55.200914489154925,0.0,8,,,,0.0,1.0,1.0,0.0,False
bike-sharing,regression,catboost,numeric_code,T2,scaling,all,none,original__numeric_code,1,0.0,55.97718960079364,55.97718960079364,55.97718960079364,55.97718960079364,0.0,8,,,,0.0,0.9999999999999998,1.0,0.0,False
bike-sharing,regression,catboost,numeric_code,T2,scaling,all,none,original__numeric_code,2,0.0,54.97981536570575,54.97981536570575,54.97981536570575,54.97981536570575,0.0,8,,,,0.0,1.0,1.0,0.0,False
bike-sharing,regression,catboost,numeric_code,T2,scaling,all,standardization,zscore_reference,0,0.0,55.200914489154925,55.200914489154925,55.200914489154925,55.200914489154925,0.0,8,,,,0.0,1.0,1.0,0.0,False
bike-sharing,regression,catboost,numeric_code,T2,scaling,all,standardization,zscore_reference,1,0.0,55.97718960079364,55.97718960079364,55.97718960079364,55.97718960079364,0.0,8,,,,0.0,0.9999999999999998,1.0,0.0,False
bike-sharing,regression,catboost,numeric_code,T2,scaling,all,standardization,zscore_reference,2,0.0,54.97981536570575,54.97981536570575,54.97981536570575,54.97981536570575,0.0,8,,,,0.0,1.0,1.0,0.0,False
bike-sharing,regression,catboost,numeric_code,T2,scaling,one,none,original__numeric_code,0,0.0,55.200914489154925,55.200914489154925,55.200914489154925,55.200914489154925,0.0,8,,,,0.0,1.0,1.0,0.0,False
bike-sharing,regression,catboost,numeric_code,T2,scaling,one,none,original__numeric_code,1,0.0,55.97718960079364,55.97718960079364,55.97718960079364,55.97718960079364,0.0,8,,,,0.0,0.9999999999999998,1.0,0.0,False
bike-sharing,regression,catboost,numeric_code,T2,scaling,one,none,original__numeric_code,2,0.0,54.97981536570575,54.97981536570575,54.97981536570575,54.97981536570575,0.0,8,,,,0.0,1.0,1.0,0.0,False
bike-sharing,regression,catboost,numeric_code,T2,scaling,one,standardization,zscore_reference,0,0.0,55.200914489154925,55.200914489154925,55.200914489154925,55.200914489154925,0.0,8,,,,0.0,1.0,1.0,0.0,False
bike-sharing,regression,catboost,numeric_code,T2,scaling,one,standardization,zscore_reference,1,0.0,55.97718960079364,55.97718960079364,55.97718960079364,55.97718960079364,0.0,8,,,,0.0,0.9999999999999998,1.0,0.0,False
bike-sharing,regression,catboost,numeric_code,T2,scaling,one,standardization,zscore_reference,2,0.0,54.97981536570575,54.97981536570575,54.97981536570575,54.97981536570575,0.0,8,,,,0.0,1.0,1.0,0.0,False
bike-sharing,regression,catboost,numeric_code,T3,mixed_monotone,all,none,original__numeric_code,0,0.0,55.200914489154925,55.200914489154925,55.200914489154925,55.200914489154925,0.0,8,,,,0.0,1.0,1.0,0.0,False
bike-sharing,regression,catboost,numeric_code,T3,mixed_monotone,all,none,original__numeric_code,1,0.0,55.97718960079364,55.97718960079364,55.97718960079364,55.97718960079364,0.0,8,,,,0.0,0.9999999999999998,1.0,0.0,False
bike-sharing,regression,catboost,numeric_code,T3,mixed_monotone,all,none,original__numeric_code,2,0.0,54.97981536570575,54.97981536570575,54.97981536570575,54.97981536570575,0.0,8,,,,0.0,1.0,1.0,0.0,False
bike-sharing,regression,catboost,numeric_code,T3,mixed_monotone,all,quantile_rank,quantile_reference,0,0.0,55.200914489154925,55.200914489154925,55.200914489154925,55.200914489154925,0.0,8,,,,0.0,1.0,1.0,0.0,False
bike-sharing,regression,catboost,numeric_code,T3,mixed_monotone,all,quantile_rank,quantile_reference,1,0.0,55.97718960079364,55.97718960079364,55.97718960079364,55.97718960079364,0.0,8,,,,0.0,0.9999999999999998,1.0,0.0,False
bike-sharing,regression,catboost,numeric_code,T3,mixed_monotone,all,quantile_rank,quantile_reference,2,0.0,54.97981536570575,54.97981536570575,54.97981536570575,54.97981536570575,0.0,8,,,,0.0,1.0,1.0,0.0,False
bike-sharing,regression,catboost,numeric_code,T5,cyclic_rotation,all,none,cyclic_sincos_reference,0,0.06823464194385653,52.92708883988212,52.835653980368264,53.945706794059696,51.67973736172468,2.2659694323350124,8,,,,0.06823464194385653,0.9973509117737506,0.9959296764134937,0.06823464194385653,True
bike-sharing,regression,catboost,numeric_code,T5,cyclic_rotation,all,none,cyclic_sincos_reference,1,0.07104629711607154,53.80098012258119,52.848002038621395,53.66311268583435,52.04893494369011,1.6141777421442427,8,,,,0.07104629711607154,0.9971383931442023,0.995266888861709,0.07104629711607154,True
bike-sharing,regression,catboost,numeric_code,T5,cyclic_rotation,all,none,cyclic_sincos_reference,2,0.071342128919898,53.49831274362077,52.99291687660999,53.54983604071008,52.05746466111806,1.4923713795920222,8,,,,0.071342128919898,0.9971116290811711,0.9954653619100547,0.071342128919898,True
bike-sharing,regression,catboost,numeric_code,T5,cyclic_shift,all,cyclic_frontend,cyclic_sincos_reference,0,0.0,52.92708883988212,52.92708883988212,52.92708883988212,52.92708883988212,0.0,8,,,,0.0,1.0,1.0,0.0,False
bike-sharing,regression,catboost,numeric_code,T5,cyclic_shift,all,cyclic_frontend,cyclic_sincos_reference,1,0.0,53.80098012258119,53.80098012258119,53.80098012258119,53.80098012258119,0.0,8,,,,0.0,1.0,1.0,0.0,False
bike-sharing,regression,catboost,numeric_code,T5,cyclic_shift,all,cyclic_frontend,cyclic_sincos_reference,2,0.0,53.49831274362077,53.49831274362077,53.49831274362077,53.49831274362077,0.0,8,,,,0.0,1.0,1.0,0.0,False
bike-sharing,regression,catboost,numeric_code,T5,cyclic_shift,all,none,original__numeric_code,0,0.09243777860936005,55.200914489154925,55.93971843850586,56.90682876455395,54.771180326460495,2.1356484380934546,8,,,,0.09243777860936005,0.995072313709591,0.99102407622581,0.09243777860936005,True
bike-sharing,regression,catboost,numeric_code,T5,cyclic_shift,all,none,original__numeric_code,1,0.0962067368926023,55.97718960079364,55.69814503305493,57.437741448761976,54.38832750956011,3.0494139392018624,8,,,,0.0962067368926023,0.9946340055459663,0.9906483196611677,0.0962067368926023,True
bike-sharing,regression,catboost,numeric_code,T5,cyclic_shift,all,none,original__numeric_code,2,0.09504761161651955,54.97981536570575,55.73124175512828,57.37538957307426,53.72936443581025,3.6460251372640116,8,,,,0.09504761161651955,0.9947519588798099,0.9901758020371992,0.09504761161651955,True
bike-sharing,regression,catboost,numeric_code,T5,cyclic_shift,one,cyclic_frontend,cyclic_sincos_reference,0,0.0,52.92708883988212,52.92708883988212,52.92708883988212,52.92708883988212,0.0,8,,,,0.0,1.0,1.0,0.0,False
bike-sharing,regression,catboost,numeric_code,T5,cyclic_shift,one,cyclic_frontend,cyclic_sincos_reference,1,0.0,53.80098012258119,53.80098012258119,53.80098012258119,53.80098012258119,0.0,8,,,,0.0,1.0,1.0,0.0,False
bike-sharing,regression,catboost,numeric_code,T5,cyclic_shift,one,cyclic_frontend,cyclic_sincos_reference,2,0.0,53.49831274362077,53.49831274362077,53.49831274362077,53.49831274362077,0.0,8,,,,0.0,1.0,1.0,0.0,False
bike-sharing,regression,catboost,numeric_code,T5,cyclic_shift,one,none,original__numeric_code,0,0.0619916960070901,55.200914489154925,55.611171320912476,56.67899877732622,55.16411131759859,1.5148874597276318,8,,,,0.0619916960070901,0.9975972629083314,0.995505192865869,0.0619916960070901,True
bike-sharing,regression,catboost,numeric_code,T5,cyclic_shift,one,none,original__numeric_code,1,0.06417662816116224,55.97718960079364,55.712907805493394,56.1612092150432,55.14332209733412,1.0178871177090798,8,,,,0.06417662816116224,0.9973416854570729,0.9951501452689944,0.06417662816116224,True
bike-sharing,regression,catboost,numeric_code,T5,cyclic_shift,one,none,original__numeric_code,2,0.06406461109600696,54.97981536570575,55.513530311864145,56.36803609193856,54.91746219040478,1.4505739015337866,8,,,,0.06406461109600696,0.9974937546594758,0.9951342642958709,0.06406461109600696,True
bike-sharing,regression,catboost,numeric_code,T6,cond_le_10,one,none,basis_reference__humidity,0,0.049759143293258076,56.40707346690096,56.26621450884376,56.96965177963264,55.60041745154092,1.3692343280917214,8,,,,0.049759143293258076,0.998551459906739,0.9972524910664218,0.049759143293258076,False
bike-sharing,regression,catboost,numeric_code,T6,cond_le_10,one,none,basis_reference__humidity,1,0.051949567935271036,55.64896780100339,56.40946324400703,57.22387791184687,55.73545517625367,1.488422735593197,8,,,,0.051949567935271036,0.9984263178700857,0.9969989207643823,0.051949567935271036,True
bike-sharing,regression,catboost,numeric_code,T6,cond_le_10,one,none,basis_reference__humidity,2,0.049121658106551114,55.54821199803051,56.07299338124649,56.61679743572781,55.50220211148266,1.1145953242451512,8,,,,0.049121658106551114,0.9985939370566488,0.9974864923438734,0.049121658106551114,False
bike-sharing,regression,catboost,numeric_code,T6,cond_le_3,one,none,basis_reference__humidity,0,0.048215450472179996,56.40707346690096,56.48661644897033,57.11750584866,55.88981701689914,1.2276888317608652,8,,,,0.048215450472179996,0.9986442054310932,0.997297105313226,0.048215450472179996,False
bike-sharing,regression,catboost,numeric_code,T6,cond_le_3,one,none,basis_reference__humidity,1,0.049682919500381735,55.64896780100339,56.75152971882819,57.21362038200323,56.38045819187138,0.8331621901318513,8,,,,0.049682919500381735,0.998569741280829,0.9971162231527735,0.049682919500381735,False
bike-sharing,regression,catboost,numeric_code,T6,cond_le_3,one,none,basis_reference__humidity,2,0.047000438296495264,55.54821199803051,56.269829988247196,57.423635913935776,55.85091403928983,1.5727218746459428,8,,,,0.047000438296495264,0.9987171132055361,0.9977242152005299,0.047000438296495264,False
bike-sharing,regression,catboost,numeric_code,T6,orthogonal,one,none,basis_reference__humidity,0,0.049267282826034126,56.40707346690096,56.28727911066329,57.00346265889541,55.39600665151741,1.6074560073779978,8,,,,0.049267282826034126,0.9985884176145698,0.9972960212496138,0.049267282826034126,False
bike-sharing,regression,catboost,numeric_code,T6,orthogonal,one,none,basis_reference__humidity,1,0.051813460611589576,55.64896780100339,56.279084881537685,56.64396822990117,55.87410416540694,0.7698640644942287,8,,,,0.051813460611589576,0.9984324079305711,0.9971513602249059,0.051813460611589576,True
bike-sharing,regression,catboost,numeric_code,T6,orthogonal,one,none,basis_reference__humidity,2,0.04860584573937821,55.54821199803051,56.02045915188245,56.64980378873681,55.317084108570754,1.3327196801660577,8,,,,0.04860584573937821,0.9986236790745798,0.9977166714588984,0.04860584573937821,False
bike-sharing,regression,tabicl_v2,numeric_code,T0,column_permutation,all,none,original__numeric_code,0,0.06182762601355006,45.79978064598804,46.50153516942826,47.48498801904423,45.233068845856245,2.2519191731879857,8,,,,0.06182762601355006,0.9980322643424943,0.9980756039624405,0.06182762601355006,True
bike-sharing,regression,tabicl_v2,numeric_code,T0,column_permutation,all,none,original__numeric_code,1,0.06182762601355006,45.79978064598804,46.50153516942826,47.48498801904423,45.233068845856245,2.2519191731879857,8,,,,0.06182762601355006,0.9980322643424943,0.9980756039624405,0.06182762601355006,True
bike-sharing,regression,tabicl_v2,numeric_code,T0,column_permutation,all,none,original__numeric_code,2,0.06182762601355006,45.79978064598804,46.50153516942826,47.48498801904423,45.233068845856245,2.2519191731879857,8,,,,0.06182762601355006,0.9980322643424943,0.9980756039624405,0.06182762601355006,True
bike-sharing,regression,tabicl_v2,numeric_code,T1,nominal_relabeling,all,nominal_canonicalization,nominal_canonical_ref__numeric_code,0,0.0,46.31160086795298,46.31160086795298,46.31160086795298,46.31160086795298,0.0,8,,,,0.0,1.0,0.9999999999999998,0.0,False
bike-sharing,regression,tabicl_v2,numeric_code,T1,nominal_relabeling,all,nominal_canonicalization,nominal_canonical_ref__numeric_code,1,0.0,46.31160086795298,46.31160086795298,46.31160086795298,46.31160086795298,0.0,8,,,,0.0,1.0,0.9999999999999998,0.0,False
bike-sharing,regression,tabicl_v2,numeric_code,T1,nominal_relabeling,all,nominal_canonicalization,nominal_canonical_ref__numeric_code,2,0.0,46.31160086795298,46.31160086795298,46.31160086795298,46.31160086795298,0.0,8,,,,0.0,1.0,0.9999999999999998,0.0,False
bike-sharing,regression,tabicl_v2,numeric_code,T1,nominal_relabeling,all,none,original__numeric_code,0,0.042995451902555146,45.79978064598804,45.72935311203652,46.31842429464077,44.921932633830096,1.3964916608106748,8,,,,0.042995451902555146,0.9989332412365063,0.9990380561266633,0.042995451902555146,False
bike-sharing,regression,tabicl_v2,numeric_code,T1,nominal_relabeling,all,none,original__numeric_code,1,0.042995451902555146,45.79978064598804,45.72935311203652,46.31842429464077,44.921932633830096,1.3964916608106748,8,,,,0.042995451902555146,0.9989332412365063,0.9990380561266633,0.042995451902555146,False
bike-sharing,regression,tabicl_v2,numeric_code,T1,nominal_relabeling,all,none,original__numeric_code,2,0.042995451902555146,45.79978064598804,45.72935311203652,46.31842429464077,44.921932633830096,1.3964916608106748,8,,,,0.042995451902555146,0.9989332412365063,0.9990380561266633,0.042995451902555146,False
bike-sharing,regression,tabicl_v2,numeric_code,T1,nominal_relabeling,one,none,original__numeric_code,0,0.013433192710719199,45.79978064598804,45.7690573910327,45.92955086579576,45.31160668121595,0.6179441845798124,8,,,,0.013433192710719199,0.9997524400744919,0.999741489402343,0.013433192710719199,False
bike-sharing,regression,tabicl_v2,numeric_code,T1,nominal_relabeling,one,none,original__numeric_code,1,0.013433192710719199,45.79978064598804,45.7690573910327,45.92955086579576,45.31160668121595,0.6179441845798124,8,,,,0.013433192710719199,0.9997524400744919,0.999741489402343,0.013433192710719199,False
bike-sharing,regression,tabicl_v2,numeric_code,T1,nominal_relabeling,one,none,original__numeric_code,2,0.013433192710719199,45.79978064598804,45.7690573910327,45.92955086579576,45.31160668121595,0.6179441845798124,8,,,,0.013433192710719199,0.9997524400744919,0.999741489402343,0.013433192710719199,False
bike-sharing,regression,tabicl_v2,numeric_code,T2,affine,all,none,original__numeric_code,0,0.00329350259368175,45.79978064598804,45.776927155914585,45.805554965683086,45.74654483417205,0.0590101315110374,8,,,,0.00329350259368175,0.9999944073891914,0.999985309228084,0.00329350259368175,False
bike-sharing,regression,tabicl_v2,numeric_code,T2,affine,all,none,original__numeric_code,1,0.00329350259368175,45.79978064598804,45.776927155914585,45.805554965683086,45.74654483417205,0.0590101315110374,8,,,,0.00329350259368175,0.9999944073891914,0.999985309228084,0.00329350259368175,False
bike-sharing,regression,tabicl_v2,numeric_code,T2,affine,all,none,original__numeric_code,2,0.00329350259368175,45.79978064598804,45.776927155914585,45.805554965683086,45.74654483417205,0.0590101315110374,8,,,,0.00329350259368175,0.9999944073891914,0.999985309228084,0.00329350259368175,False
bike-sharing,regression,tabicl_v2,numeric_code,T2,affine,all,standardization,zscore_reference,0,0.0,45.77345016853469,45.77345016853469,45.77345016853469,45.77345016853469,0.0,8,,,,0.0,1.0,1.0,0.0,False
bike-sharing,regression,tabicl_v2,numeric_code,T2,affine,all,standardization,zscore_reference,1,0.0,45.77345016853469,45.77345016853469,45.77345016853469,45.77345016853469,0.0,8,,,,0.0,1.0,1.0,0.0,False
bike-sharing,regression,tabicl_v2,numeric_code,T2,affine,all,standardization,zscore_reference,2,0.0,45.77345016853469,45.77345016853469,45.77345016853469,45.77345016853469,0.0,8,,,,0.0,1.0,1.0,0.0,False
bike-sharing,regression,tabicl_v2,numeric_code,T2,affine,one,none,original__numeric_code,0,0.0004267890934406875,45.79978064598804,45.796489336306365,45.79978064598804,45.77345016853469,0.026330477453349488,8,,,,0.0004267890934406875,0.999999249631052,0.9999980414173035,0.0004267890934406875,False
bike-sharing,regression,tabicl_v2,numeric_code,T2,affine,one,none,original__numeric_code,1,0.0004267890934406875,45.79978064598804,45.796489336306365,45.79978064598804,45.77345016853469,0.026330477453349488,8,,,,0.0004267890934406875,0.999999249631052,0.9999980414173035,0.0004267890934406875,False
bike-sharing,regression,tabicl_v2,numeric_code,T2,affine,one,none,original__numeric_code,2,0.0004267890934406875,45.79978064598804,45.796489336306365,45.79978064598804,45.77345016853469,0.026330477453349488,8,,,,0.0004267890934406875,0.999999249631052,0.9999980414173035,0.0004267890934406875,False
bike-sharing,regression,tabicl_v2,numeric_code,T2,affine,one,standardization,zscore_reference,0,0.0,45.77345016853469,45.77345016853469,45.77345016853469,45.77345016853469,0.0,8,,,,0.0,1.0,1.0,0.0,False
bike-sharing,regression,tabicl_v2,numeric_code,T2,affine,one,standardization,zscore_reference,1,0.0,45.77345016853469,45.77345016853469,45.77345016853469,45.77345016853469,0.0,8,,,,0.0,1.0,1.0,0.0,False
bike-sharing,regression,tabicl_v2,numeric_code,T2,affine,one,standardization,zscore_reference,2,0.0,45.77345016853469,45.77345016853469,45.77345016853469,45.77345016853469,0.0,8,,,,0.0,1.0,1.0,0.0,False
bike-sharing,regression,tabicl_v2,numeric_code,T2,scaling,all,none,original__numeric_code,0,0.0029557640523021874,45.79978064598804,45.78618120476929,45.805554965683086,45.77345016853469,0.0321047971483992,8,,,,0.0029557640523021874,0.9999948568326784,0.9999867090148551,0.0029557640523021874,False
bike-sharing,regression,tabicl_v2,numeric_code,T2,scaling,all,none,original__numeric_code,1,0.0029557640523021874,45.79978064598804,45.78618120476929,45.805554965683086,45.77345016853469,0.0321047971483992,8,,,,0.0029557640523021874,0.9999948568326784,0.9999867090148551,0.0029557640523021874,False
bike-sharing,regression,tabicl_v2,numeric_code,T2,scaling,all,none,original__numeric_code,2,0.0029557640523021874,45.79978064598804,45.78618120476929,45.805554965683086,45.77345016853469,0.0321047971483992,8,,,,0.0029557640523021874,0.9999948568326784,0.9999867090148551,0.0029557640523021874,False
bike-sharing,regression,tabicl_v2,numeric_code,T2,scaling,all,standardization,zscore_reference,0,0.0,45.77345016853469,45.77345016853469,45.77345016853469,45.77345016853469,0.0,8,,,,0.0,1.0,1.0,0.0,False
bike-sharing,regression,tabicl_v2,numeric_code,T2,scaling,all,standardization,zscore_reference,1,0.0,45.77345016853469,45.77345016853469,45.77345016853469,45.77345016853469,0.0,8,,,,0.0,1.0,1.0,0.0,False
bike-sharing,regression,tabicl_v2,numeric_code,T2,scaling,all,standardization,zscore_reference,2,0.0,45.77345016853469,45.77345016853469,45.77345016853469,45.77345016853469,0.0,8,,,,0.0,1.0,1.0,0.0,False
bike-sharing,regression,tabicl_v2,numeric_code,T2,scaling,one,none,original__numeric_code,0,0.0004267890934406875,45.79978064598804,45.796489336306365,45.79978064598804,45.77345016853469,0.026330477453349488,8,,,,0.0004267890934406875,0.999999249631052,0.9999980414173035,0.0004267890934406875,False
bike-sharing,regression,tabicl_v2,numeric_code,T2,scaling,one,none,original__numeric_code,1,0.0004267890934406875,45.79978064598804,45.796489336306365,45.79978064598804,45.77345016853469,0.026330477453349488,8,,,,0.0004267890934406875,0.999999249631052,0.9999980414173035,0.0004267890934406875,False
bike-sharing,regression,tabicl_v2,numeric_code,T2,scaling,one,none,original__numeric_code,2,0.0004267890934406875,45.79978064598804,45.796489336306365,45.79978064598804,45.77345016853469,0.026330477453349488,8,,,,0.0004267890934406875,0.999999249631052,0.9999980414173035,0.0004267890934406875,False
bike-sharing,regression,tabicl_v2,numeric_code,T2,scaling,one,standardization,zscore_reference,0,0.0,45.77345016853469,45.77345016853469,45.77345016853469,45.77345016853469,0.0,8,,,,0.0,1.0,1.0,0.0,False
bike-sharing,regression,tabicl_v2,numeric_code,T2,scaling,one,standardization,zscore_reference,1,0.0,45.77345016853469,45.77345016853469,45.77345016853469,45.77345016853469,0.0,8,,,,0.0,1.0,1.0,0.0,False
bike-sharing,regression,tabicl_v2,numeric_code,T2,scaling,one,standardization,zscore_reference,2,0.0,45.77345016853469,45.77345016853469,45.77345016853469,45.77345016853469,0.0,8,,,,0.0,1.0,1.0,0.0,False
bike-sharing,regression,tabicl_v2,numeric_code,T3,mixed_monotone,all,none,original__numeric_code,0,0.035596870996921236,45.79978064598804,45.70754878795899,46.18036294710294,45.58120471025264,0.5991582368503003,8,,,,0.035596870996921236,0.9992218024535484,0.9992975783275715,0.035596870996921236,False
bike-sharing,regression,tabicl_v2,numeric_code,T3,mixed_monotone,all,none,original__numeric_code,1,0.035596870996921236,45.79978064598804,45.70754878795899,46.18036294710294,45.58120471025264,0.5991582368503003,8,,,,0.035596870996921236,0.9992218024535484,0.9992975783275715,0.035596870996921236,False
bike-sharing,regression,tabicl_v2,numeric_code,T3,mixed_monotone,all,none,original__numeric_code,2,0.035596870996921236,45.79978064598804,45.70754878795899,46.18036294710294,45.58120471025264,0.5991582368503003,8,,,,0.035596870996921236,0.9992218024535484,0.9992975783275715,0.035596870996921236,False
bike-sharing,regression,tabicl_v2,numeric_code,T3,mixed_monotone,all,quantile_rank,quantile_reference,0,0.0,45.58778640338812,45.58778640338812,45.58778640338812,45.58778640338812,0.0,8,,,,0.0,1.0,0.9999999999999998,0.0,False
bike-sharing,regression,tabicl_v2,numeric_code,T3,mixed_monotone,all,quantile_rank,quantile_reference,1,0.0,45.58778640338812,45.58778640338812,45.58778640338812,45.58778640338812,0.0,8,,,,0.0,1.0,0.9999999999999998,0.0,False
bike-sharing,regression,tabicl_v2,numeric_code,T3,mixed_monotone,all,quantile_rank,quantile_reference,2,0.0,45.58778640338812,45.58778640338812,45.58778640338812,45.58778640338812,0.0,8,,,,0.0,1.0,0.9999999999999998,0.0,False
bike-sharing,regression,tabicl_v2,numeric_code,T5,cyclic_rotation,all,none,cyclic_sincos_reference,0,0.07579386376486552,46.46965369539964,45.508188092658415,46.78099818382884,44.04345056703525,2.7375476167935915,8,,,,0.07579386376486552,0.9969680002836503,0.9974072560819524,0.07579386376486552,True
bike-sharing,regression,tabicl_v2,numeric_code,T5,cyclic_rotation,all,none,cyclic_sincos_reference,1,0.07579386376486552,46.46965369539964,45.508188092658415,46.78099818382884,44.04345056703525,2.7375476167935915,8,,,,0.07579386376486552,0.9969680002836503,0.9974072560819524,0.07579386376486552,True
bike-sharing,regression,tabicl_v2,numeric_code,T5,cyclic_rotation,all,none,cyclic_sincos_reference,2,0.07579386376486552,46.46965369539964,45.508188092658415,46.78099818382884,44.04345056703525,2.7375476167935915,8,,,,0.07579386376486552,0.9969680002836503,0.9974072560819524,0.07579386376486552,True
bike-sharing,regression,tabicl_v2,numeric_code,T5,cyclic_shift,all,cyclic_frontend,cyclic_sincos_reference,0,0.0,46.46965369539964,46.46965369539964,46.46965369539964,46.46965369539964,0.0,8,,,,0.0,1.0,0.9999999999999998,0.0,False
bike-sharing,regression,tabicl_v2,numeric_code,T5,cyclic_shift,all,cyclic_frontend,cyclic_sincos_reference,1,0.0,46.46965369539964,46.46965369539964,46.46965369539964,46.46965369539964,0.0,8,,,,0.0,1.0,0.9999999999999998,0.0,False
bike-sharing,regression,tabicl_v2,numeric_code,T5,cyclic_shift,all,cyclic_frontend,cyclic_sincos_reference,2,0.0,46.46965369539964,46.46965369539964,46.46965369539964,46.46965369539964,0.0,8,,,,0.0,1.0,0.9999999999999998,0.0,False
bike-sharing,regression,tabicl_v2,numeric_code,T5,cyclic_shift,all,none,original__numeric_code,0,0.07691859025740418,45.79978064598804,46.017283629109286,47.46318571348339,44.50743980734288,2.955745906140514,8,,,,0.07691859025740418,0.9969249123419069,0.9967645502938692,0.07691859025740418,True
bike-sharing,regression,tabicl_v2,numeric_code,T5,cyclic_shift,all,none,original__numeric_code,1,0.07691859025740418,45.79978064598804,46.017283629109286,47.46318571348339,44.50743980734288,2.955745906140514,8,,,,0.07691859025740418,0.9969249123419069,0.9967645502938692,0.07691859025740418,True
bike-sharing,regression,tabicl_v2,numeric_code,T5,cyclic_shift,all,none,original__numeric_code,2,0.07691859025740418,45.79978064598804,46.017283629109286,47.46318571348339,44.50743980734288,2.955745906140514,8,,,,0.07691859025740418,0.9969249123419069,0.9967645502938692,0.07691859025740418,True
bike-sharing,regression,tabicl_v2,numeric_code,T5,cyclic_shift,one,cyclic_frontend,cyclic_sincos_reference,0,0.0,46.46965369539964,46.46965369539964,46.46965369539964,46.46965369539964,0.0,8,,,,0.0,1.0,0.9999999999999998,0.0,False
bike-sharing,regression,tabicl_v2,numeric_code,T5,cyclic_shift,one,cyclic_frontend,cyclic_sincos_reference,1,0.0,46.46965369539964,46.46965369539964,46.46965369539964,46.46965369539964,0.0,8,,,,0.0,1.0,0.9999999999999998,0.0,False
bike-sharing,regression,tabicl_v2,numeric_code,T5,cyclic_shift,one,cyclic_frontend,cyclic_sincos_reference,2,0.0,46.46965369539964,46.46965369539964,46.46965369539964,46.46965369539964,0.0,8,,,,0.0,1.0,0.9999999999999998,0.0,False
bike-sharing,regression,tabicl_v2,numeric_code,T5,cyclic_shift,one,none,original__numeric_code,0,0.05816030231449117,45.79978064598804,46.43171754952425,47.41376656496989,45.23902763500982,2.1747389299600712,8,,,,0.05816030231449117,0.9981804729580945,0.9983717805397037,0.05816030231449117,True
bike-sharing,regression,tabicl_v2,numeric_code,T5,cyclic_shift,one,none,original__numeric_code,1,0.05816030231449117,45.79978064598804,46.43171754952425,47.41376656496989,45.23902763500982,2.1747389299600712,8,,,,0.05816030231449117,0.9981804729580945,0.9983717805397037,0.05816030231449117,True
bike-sharing,regression,tabicl_v2,numeric_code,T5,cyclic_shift,one,none,original__numeric_code,2,0.05816030231449117,45.79978064598804,46.43171754952425,47.41376656496989,45.23902763500982,2.1747389299600712,8,,,,0.05816030231449117,0.9981804729580945,0.9983717805397037,0.05816030231449117,True
bike-sharing,regression,tabicl_v2,numeric_code,T6,cond_le_10,one,none,basis_reference__humidity,0,0.07854584193435588,48.80207783765621,49.23482629253876,51.29878337143069,47.33098998510808,3.9677933863226045,8,,,,0.07854584193435588,0.9967958265227306,0.9970379001626295,0.07854584193435588,True
bike-sharing,regression,tabicl_v2,numeric_code,T6,cond_le_10,one,none,basis_reference__humidity,1,0.07854584193435588,48.80207783765621,49.23482629253876,51.29878337143069,47.33098998510808,3.9677933863226045,8,,,,0.07854584193435588,0.9967958265227306,0.9970379001626295,0.07854584193435588,True
bike-sharing,regression,tabicl_v2,numeric_code,T6,cond_le_10,one,none,basis_reference__humidity,2,0.07854584193435588,48.80207783765621,49.23482629253876,51.29878337143069,47.33098998510808,3.9677933863226045,8,,,,0.07854584193435588,0.9967958265227306,0.9970379001626295,0.07854584193435588,True
bike-sharing,regression,tabicl_v2,numeric_code,T6,cond_le_3,one,none,basis_reference__humidity,0,0.08072541163571317,48.80207783765621,49.368832485576974,51.25168768037671,47.73654896346614,3.5151387169105703,8,,,,0.08072541163571317,0.9966105412938319,0.9969115703347545,0.08072541163571317,True
bike-sharing,regression,tabicl_v2,numeric_code,T6,cond_le_3,one,none,basis_reference__humidity,1,0.08072541163571317,48.80207783765621,49.368832485576974,51.25168768037671,47.73654896346614,3.5151387169105703,8,,,,0.08072541163571317,0.9966105412938319,0.9969115703347545,0.08072541163571317,True
bike-sharing,regression,tabicl_v2,numeric_code,T6,cond_le_3,one,none,basis_reference__humidity,2,0.08072541163571317,48.80207783765621,49.368832485576974,51.25168768037671,47.73654896346614,3.5151387169105703,8,,,,0.08072541163571317,0.9966105412938319,0.9969115703347545,0.08072541163571317,True
bike-sharing,regression,tabicl_v2,numeric_code,T6,orthogonal,one,none,basis_reference__humidity,0,0.07891394920718153,48.80207783765621,48.592201399813604,50.278107339984686,46.254398468358815,4.023708871625871,8,,,,0.07891394920718153,0.9967991028326173,0.9971811118803899,0.07891394920718153,True
bike-sharing,regression,tabicl_v2,numeric_code,T6,orthogonal,one,none,basis_reference__humidity,1,0.07891394920718153,48.80207783765621,48.592201399813604,50.278107339984686,46.254398468358815,4.023708871625871,8,,,,0.07891394920718153,0.9967991028326173,0.9971811118803899,0.07891394920718153,True
bike-sharing,regression,tabicl_v2,numeric_code,T6,orthogonal,one,none,basis_reference__humidity,2,0.07891394920718153,48.80207783765621,48.592201399813604,50.278107339984686,46.254398468358815,4.023708871625871,8,,,,0.07891394920718153,0.9967991028326173,0.9971811118803899,0.07891394920718153,True
bike-sharing,regression,tabpfn_2_6,native_categorical,T1,nominal_relabeling,all,nominal_canonicalization,nominal_canonical_ref__native_categorical,0,0.0,48.74125718281624,48.74125718281624,48.74125718281624,48.74125718281624,0.0,8,,,,0.0,1.0,1.0,0.0,False
bike-sharing,regression,tabpfn_2_6,native_categorical,T1,nominal_relabeling,all,nominal_canonicalization,nominal_canonical_ref__native_categorical,1,0.0,45.91611562525531,45.91611562525531,45.91611562525531,45.91611562525531,0.0,8,,,,0.0,1.0,1.0,0.0,False
bike-sharing,regression,tabpfn_2_6,native_categorical,T1,nominal_relabeling,all,nominal_canonicalization,nominal_canonical_ref__native_categorical,2,0.0,46.10159403824187,46.10159403824187,46.10159403824187,46.10159403824187,0.0,8,,,,0.0,1.0,1.0,0.0,False
bike-sharing,regression,tabpfn_2_6,native_categorical,T1,nominal_relabeling,all,none,original__native_categorical,0,0.04715519177642375,45.63106927797302,46.13751924440097,47.03418401522951,45.17086947559475,1.8633145396347643,8,,,,0.04715519177642375,0.998854508920493,0.9988915728962818,0.04715519177642375,False
bike-sharing,regression,tabpfn_2_6,native_categorical,T1,nominal_relabeling,all,none,original__native_categorical,1,0.05021731503577408,45.8709182763668,46.56932306183314,47.14064645175544,45.86209035054877,1.278556101206668,8,,,,0.05021731503577408,0.9986873324397795,0.9987398822219649,0.05021731503577408,True
bike-sharing,regression,tabpfn_2_6,native_categorical,T1,nominal_relabeling,all,none,original__native_categorical,2,0.051501572015760326,45.52983746283137,45.7106094848859,47.24212450862999,43.94888970340897,3.2932348052210187,8,,,,0.051501572015760326,0.9986079578820961,0.9987204137805987,0.051501572015760326,True
bike-sharing,regression,tabpfn_2_6,native_categorical,T1,nominal_relabeling,one,none,original__native_categorical,0,0.026446848128779763,45.63106927797302,45.89616905140024,46.43357051669141,45.26678622488748,1.1667842918039284,8,,,,0.026446848128779763,0.9995060042011185,0.9994926470535642,0.026446848128779763,False
bike-sharing,regression,tabpfn_2_6,native_categorical,T1,nominal_relabeling,one,none,original__native_categorical,1,0.019595769684280163,45.8709182763668,46.15328970332859,47.67303202052796,45.54369621409884,2.1293358064291255,8,,,,0.019595769684280163,0.9996928206445439,0.9997207921523271,0.019595769684280163,False
bike-sharing,regression,tabpfn_2_6,native_categorical,T1,nominal_relabeling,one,none,original__native_categorical,2,0.025993819598652962,45.52983746283137,45.82882329366312,47.13877636744009,45.3297454066135,1.8090309608265898,8,,,,0.025993819598652962,0.9994886718156893,0.9994776936812636,0.025993819598652962,False
bike-sharing,regression,tabpfn_2_6,numeric_code,T0,column_permutation,all,none,original__numeric_code,0,0.08707773337265252,46.8946444105445,45.62632225819213,48.082239531098224,42.67160157728679,5.410637953811431,8,,,,0.08707773337265252,0.9963192473586596,0.996557852161082,0.08707773337265252,True
bike-sharing,regression,tabpfn_2_6,numeric_code,T0,column_permutation,all,none,original__numeric_code,1,0.08733543334946134,44.89171187053456,46.20993286669127,49.15887416164303,43.78386290159197,5.3750112600510604,8,,,,0.08733543334946134,0.9962617131173991,0.996423517680474,0.08733543334946134,True
bike-sharing,regression,tabpfn_2_6,numeric_code,T0,column_permutation,all,none,original__numeric_code,2,0.08069004356444522,44.99353611698256,45.90619728104487,49.49134592344766,44.72782425194876,4.7635216714989,8,,,,0.08069004356444522,0.9967328176937484,0.9970113595561392,0.08069004356444522,True
bike-sharing,regression,tabpfn_2_6,numeric_code,T1,nominal_relabeling,all,nominal_canonicalization,nominal_canonical_ref__numeric_code,0,0.0,48.74125718281624,48.74125718281624,48.74125718281624,48.74125718281624,0.0,8,,,,0.0,1.0,1.0,0.0,False
bike-sharing,regression,tabpfn_2_6,numeric_code,T1,nominal_relabeling,all,nominal_canonicalization,nominal_canonical_ref__numeric_code,1,0.0,45.91611562525531,45.91611562525531,45.91611562525531,45.91611562525531,0.0,8,,,,0.0,1.0,1.0,0.0,False
bike-sharing,regression,tabpfn_2_6,numeric_code,T1,nominal_relabeling,all,nominal_canonicalization,nominal_canonical_ref__numeric_code,2,0.0,46.10159403824187,46.10159403824187,46.10159403824187,46.10159403824187,0.0,8,,,,0.0,1.0,1.0,0.0,False
bike-sharing,regression,tabpfn_2_6,numeric_code,T1,nominal_relabeling,all,none,original__numeric_code,0,0.04615596945516965,46.8946444105445,47.885028223432194,48.60437293204163,46.54674919244993,2.0576237395916976,8,,,,0.04615596945516965,0.9989255039163469,0.9989989510734599,0.04615596945516965,False
bike-sharing,regression,tabpfn_2_6,numeric_code,T1,nominal_relabeling,all,none,original__numeric_code,1,0.0447952360319612,44.89171187053456,45.22838544639951,45.83956493096774,44.33850546764993,1.5010594633178087,8,,,,0.0447952360319612,0.998885540952641,0.9987770980140133,0.0447952360319612,False
bike-sharing,regression,tabpfn_2_6,numeric_code,T1,nominal_relabeling,all,none,original__numeric_code,2,0.048178847736782535,44.99353611698256,45.21231109587678,46.70264834713856,44.28315952334464,2.4194888237939267,8,,,,0.048178847736782535,0.9987798195340257,0.998834396922672,0.048178847736782535,False
bike-sharing,regression,tabpfn_2_6,numeric_code,T1,nominal_relabeling,one,none,original__numeric_code,0,0.012233150120929463,46.8946444105445,47.125807936133334,48.23116637824313,46.6269788240219,1.6041875542212338,8,,,,0.012233150120929463,0.9998308033600203,0.9998226829559629,0.012233150120929463,False
bike-sharing,regression,tabpfn_2_6,numeric_code,T1,nominal_relabeling,one,none,original__numeric_code,1,0.014399333745119612,44.89171187053456,44.932937036593984,45.50521925522868,44.37050202027344,1.1347172349552395,8,,,,0.014399333745119612,0.9997345790305737,0.9996972556784369,0.014399333745119612,False
bike-sharing,regression,tabpfn_2_6,numeric_code,T1,nominal_relabeling,one,none,original__numeric_code,2,0.012708454655567024,44.99353611698256,44.99848954380056,46.3053679087374,44.111141371440034,2.194226537297368,8,,,,0.012708454655567024,0.9997971206029677,0.9997809409189354,0.012708454655567024,False
bike-sharing,regression,tabpfn_2_6,numeric_code,T2,affine,all,none,original__numeric_code,0,0.03233974158373065,46.8946444105445,46.863371212699576,47.62917631507177,45.855529864336326,1.7736464507354412,8,,,,0.03233974158373065,0.9994633308017351,0.9995071422134103,0.03233974158373065,False
bike-sharing,regression,tabpfn_2_6,numeric_code,T2,affine,all,none,original__numeric_code,1,0.035917697200357875,44.89171187053456,44.97266647689165,46.30214708827822,44.255762232182825,2.0463848560953934,8,,,,0.035917697200357875,0.9992868410426661,0.999318626904018,0.035917697200357875,False
bike-sharing,regression,tabpfn_2_6,numeric_code,T2,affine,all,none,original__numeric_code,2,0.04237925643247706,44.99353611698256,45.20888674979256,46.478437232585,44.46891650085884,2.0095207317261625,8,,,,0.04237925643247706,0.9990740116312112,0.9990605303569997,0.04237925643247706,False
bike-sharing,regression,tabpfn_2_6,numeric_code,T2,affine,all,standardization,zscore_reference,0,0.001232191543992325,45.75326578182347,45.74289533557385,45.74656690405243,45.731955251573424,0.014611652479004533,8,,,,0.001232191543992325,0.9999992287377137,0.9999952837644912,0.001232191543992325,False
bike-sharing,regression,tabpfn_2_6,numeric_code,T2,affine,all,standardization,zscore_reference,1,0.0,46.42643326480937,46.42643326480937,46.42643326480937,46.42643326480937,0.0,8,,,,0.0,1.0,1.0,0.0,False
bike-sharing,regression,tabpfn_2_6,numeric_code,T2,affine,all,standardization,zscore_reference,2,8.231954282818137e-05,45.19480688290592,45.19406434171584,45.19480688290592,45.18896778374368,0.005839099162244565,8,,,,8.231954282818137e-05,0.9999999785923034,0.9999996423707671,8.231954282818137e-05,False
bike-sharing,regression,tabpfn_2_6,numeric_code,T2,affine,one,none,original__numeric_code,0,0.018703027815546024,46.8946444105445,47.013447482198806,48.18977513073231,45.84022537501138,2.349549755720929,8,,,,0.018703027815546024,0.9997184598266285,0.9997360249224659,0.018703027815546024,False
bike-sharing,regression,tabpfn_2_6,numeric_code,T2,affine,one,none,original__numeric_code,1,0.016956100011406273,44.89171187053456,44.940179116094946,45.24314601203902,44.779641900459495,0.46350411157952465,8,,,,0.016956100011406273,0.9997669044879964,0.9997331080090351,0.016956100011406273,False
bike-sharing,regression,tabpfn_2_6,numeric_code,T2,affine,one,none,original__numeric_code,2,0.019512381913523637,44.99353611698256,44.91894124012649,45.52651183214145,44.173263462194754,1.353248369946698,8,,,,0.019512381913523637,0.9997538763670853,0.9997238096489797,0.019512381913523637,False
bike-sharing,regression,tabpfn_2_6,numeric_code,T2,affine,one,standardization,zscore_reference,0,0.00029654058113285,45.75326578182347,45.750510945833504,45.75326578182347,45.7422464378636,0.01101934395987314,8,,,,0.00029654058113285,0.9999998250236847,0.999999217686053,0.00029654058113285,False
bike-sharing,regression,tabpfn_2_6,numeric_code,T2,affine,one,standardization,zscore_reference,1,0.0,46.42643326480937,46.42643326480937,46.42643326480937,46.42643326480937,0.0,8,,,,0.0,1.0,1.0,0.0,False
bike-sharing,regression,tabpfn_2_6,numeric_code,T2,affine,one,standardization,zscore_reference,2,5.048157780753181e-06,45.19480688290592,45.19480055600852,45.19480688290592,45.19475626772671,5.0615179212343264e-05,8,,,,5.048157780753181e-06,0.9999999998964937,1.0,5.048157780753181e-06,False
bike-sharing,regression,tabpfn_2_6,numeric_code,T2,scaling,all,none,original__numeric_code,0,0.004664415755525162,46.8946444105445,46.89472759553876,46.97086166779436,46.82500772006483,0.14585394772952753,8,,,,0.004664415755525162,0.9999891328044377,0.9999758935545198,0.004664415755525162,False
bike-sharing,regression,tabpfn_2_6,numeric_code,T2,scaling,all,none,original__numeric_code,1,0.0033976193221556,44.89171187053456,44.875827531900576,44.914029798021176,44.83203677692406,0.08199302109711226,8,,,,0.0033976193221556,0.9999929722376485,0.9999855607197217,0.0033976193221556,False
bike-sharing,regression,tabpfn_2_6,numeric_code,T2,scaling,all,none,original__numeric_code,2,0.006986401232157825,44.99353611698256,44.979535625684306,45.06586179592168,44.87228298432952,0.19357881159215395,8,,,,0.006986401232157825,0.9999750577054878,0.9999606719602946,0.006986401232157825,False
bike-sharing,regression,tabpfn_2_6,numeric_code,T2,scaling,all,standardization,zscore_reference,0,0.0010948393030084376,45.75326578182347,45.74550974764352,45.75326578182347,45.74161071329671,0.011655068526764012,8,,,,0.0010948393030084376,0.9999993056386031,0.9999954402272806,0.0010948393030084376,False
bike-sharing,regression,tabpfn_2_6,numeric_code,T2,scaling,all,standardization,zscore_reference,1,0.0,46.42643326480937,46.42643326480937,46.42643326480937,46.42643326480937,0.0,8,,,,0.0,1.0,1.0,0.0,False
bike-sharing,regression,tabpfn_2_6,numeric_code,T2,scaling,all,standardization,zscore_reference,2,0.0,45.19480688290592,45.19480688290592,45.19480688290592,45.19480688290592,0.0,8,,,,0.0,1.0,1.0,0.0,False
bike-sharing,regression,tabpfn_2_6,numeric_code,T2,scaling,one,none,original__numeric_code,0,0.001230818621831675,46.8946444105445,46.893726689935264,46.91114924252304,46.87993436958064,0.031214872942399552,8,,,,0.001230818621831675,0.9999979214775432,0.9999938867753001,0.001230818621831675,False
bike-sharing,regression,tabpfn_2_6,numeric_code,T2,scaling,one,none,original__numeric_code,1,0.0006288842418148375,44.89171187053456,44.88466162109436,44.911429528568455,44.83303627403556,0.07839325453289803,8,,,,0.0006288842418148375,0.9999994515927721,0.9999981112706138,0.0006288842418148375,False
bike-sharing,regression,tabpfn_2_6,numeric_code,T2,scaling,one,none,original__numeric_code,2,0.00252252920790535,44.99353611698256,44.98110107686001,45.116078449719694,44.86840840695676,0.24767004276293392,8,,,,0.00252252920790535,0.9999944987533486,0.9999895281690241,0.00252252920790535,False
bike-sharing,regression,tabpfn_2_6,numeric_code,T2,scaling,one,standardization,zscore_reference,0,0.000297763436938725,45.75326578182347,45.750796005649946,45.75326578182347,45.7422464378636,0.01101934395987314,8,,,,0.000297763436938725,0.9999998241514028,0.9999989494641284,0.000297763436938725,False
bike-sharing,regression,tabpfn_2_6,numeric_code,T2,scaling,one,standardization,zscore_reference,1,0.0,46.42643326480937,46.42643326480937,46.42643326480937,46.42643326480937,0.0,8,,,,0.0,1.0,1.0,0.0,False
bike-sharing,regression,tabpfn_2_6,numeric_code,T2,scaling,one,standardization,zscore_reference,2,0.0,45.19480688290592,45.19480688290592,45.19480688290592,45.19480688290592,0.0,8,,,,0.0,1.0,1.0,0.0,False
bike-sharing,regression,tabpfn_2_6,numeric_code,T3,mixed_monotone,all,none,original__numeric_code,0,0.04265564447432365,46.8946444105445,46.38511591425456,47.12280605918392,45.55671087275216,1.5660951864317596,8,,,,0.04265564447432365,0.998917143166911,0.9988913046743572,0.04265564447432365,False
bike-sharing,regression,tabpfn_2_6,numeric_code,T3,mixed_monotone,all,none,original__numeric_code,1,0.04846414021356998,44.89171187053456,45.70308089682527,46.29973187083132,44.84371256079896,1.4560193100323602,8,,,,0.04846414021356998,0.9983702241337108,0.9984820762486982,0.04846414021356998,False
bike-sharing,regression,tabpfn_2_6,numeric_code,T3,mixed_monotone,all,none,original__numeric_code,2,0.04327272149474809,44.99353611698256,44.98459156262157,45.03325002801218,44.86795137694698,0.16529865106519992,8,,,,0.04327272149474809,0.9988388441697247,0.9990101828665556,0.04327272149474809,False
bike-sharing,regression,tabpfn_2_6,numeric_code,T3,mixed_monotone,all,quantile_rank,quantile_reference,0,0.0,47.12280605918392,47.12280605918392,47.12280605918392,47.12280605918392,0.0,8,,,,0.0,1.0,1.0,0.0,False
bike-sharing,regression,tabpfn_2_6,numeric_code,T3,mixed_monotone,all,quantile_rank,quantile_reference,1,0.0,44.84371256079896,44.84371256079896,44.84371256079896,44.84371256079896,0.0,8,,,,0.0,1.0,1.0,0.0,False
bike-sharing,regression,tabpfn_2_6,numeric_code,T3,mixed_monotone,all,quantile_rank,quantile_reference,2,0.0,45.01182640756269,45.01182640756269,45.01182640756269,45.01182640756269,0.0,8,,,,0.0,1.0,1.0,0.0,False
bike-sharing,regression,tabpfn_2_6,numeric_code,T5,cyclic_rotation,all,none,cyclic_sincos_reference,0,0.0650527968519528,44.61562120884841,45.02077953781291,46.20193843348241,43.5181880630351,2.6837503704473136,8,,,,0.0650527968519528,0.9978759716431105,0.9979249904870624,0.0650527968519528,True
bike-sharing,regression,tabpfn_2_6,numeric_code,T5,cyclic_rotation,all,none,cyclic_sincos_reference,1,0.06331657868355021,47.19781059411245,47.32649445049124,48.499341272322816,46.61148929278977,1.8878519795330462,8,,,,0.06331657868355021,0.9979948320434265,0.9981595729120174,0.06331657868355021,True
bike-sharing,regression,tabpfn_2_6,numeric_code,T5,cyclic_rotation,all,none,cyclic_sincos_reference,2,0.06646544163534673,47.54458376773701,47.61970697334568,49.00706817640906,45.50593664135999,3.501131535049069,8,,,,0.06646544163534673,0.9977374590276757,0.9979636926756102,0.06646544163534673,True
bike-sharing,regression,tabpfn_2_6,numeric_code,T5,cyclic_shift,all,cyclic_frontend,cyclic_sincos_reference,0,0.0167892173157097,44.61562120884841,44.56347400602294,44.56347400602294,44.56347400602294,0.0,8,,,,0.0167892173157097,0.9998581984563808,0.9997516264977512,0.0167892173157097,False
bike-sharing,regression,tabpfn_2_6,numeric_code,T5,cyclic_shift,all,cyclic_frontend,cyclic_sincos_reference,1,0.0,47.19781059411245,47.19781059411245,47.19781059411245,47.19781059411245,0.0,8,,,,0.0,1.0,1.0,0.0,False
bike-sharing,regression,tabpfn_2_6,numeric_code,T5,cyclic_shift,all,cyclic_frontend,cyclic_sincos_reference,2,0.0,47.54458376773701,47.54458376773701,47.54458376773701,47.54458376773701,0.0,8,,,,0.0,1.0,1.0,0.0,False
bike-sharing,regression,tabpfn_2_6,numeric_code,T5,cyclic_shift,all,none,original__numeric_code,0,0.08326854826018687,46.8946444105445,49.53499058721896,50.52960270226342,47.69942494812074,2.8301777541426745,8,,,,0.08326854826018687,0.9965679332665992,0.9967484573663039,0.08326854826018687,True
bike-sharing,regression,tabpfn_2_6,numeric_code,T5,cyclic_shift,all,none,original__numeric_code,1,0.09148543337140644,44.89171187053456,47.527352173235,48.44181141897755,44.4796758831808,3.9621355357967474,8,,,,0.09148543337140644,0.9957634904101657,0.996057730030699,0.09148543337140644,True
bike-sharing,regression,tabpfn_2_6,numeric_code,T5,cyclic_shift,all,none,original__numeric_code,2,0.07144278300172346,44.99353611698256,46.6267094714008,47.744544322513015,43.61232617151538,4.1322181509976375,8,,,,0.07144278300172346,0.9973777635182949,0.9972868905282612,0.07144278300172346,True
bike-sharing,regression,tabpfn_2_6,numeric_code,T5,cyclic_shift,one,cyclic_frontend,cyclic_sincos_reference,0,0.004197304328927425,44.61562120884841,44.60258440814204,44.61562120884841,44.56347400602294,0.052147202825466366,8,,,,0.004197304328927425,0.9999645496140952,0.9999379066244378,0.004197304328927425,False
bike-sharing,regression,tabpfn_2_6,numeric_code,T5,cyclic_shift,one,cyclic_frontend,cyclic_sincos_reference,1,0.0,47.19781059411245,47.19781059411245,47.19781059411245,47.19781059411245,0.0,8,,,,0.0,1.0,1.0,0.0,False
bike-sharing,regression,tabpfn_2_6,numeric_code,T5,cyclic_shift,one,cyclic_frontend,cyclic_sincos_reference,2,0.0,47.54458376773701,47.54458376773701,47.54458376773701,47.54458376773701,0.0,8,,,,0.0,1.0,1.0,0.0,False
bike-sharing,regression,tabpfn_2_6,numeric_code,T5,cyclic_shift,one,none,original__numeric_code,0,0.053187118203078435,46.8946444105445,47.253138757471724,48.32876488668738,45.91471758994494,2.4140472967424387,8,,,,0.053187118203078435,0.9985447427341716,0.9984103268838478,0.053187118203078435,True
bike-sharing,regression,tabpfn_2_6,numeric_code,T5,cyclic_shift,one,none,original__numeric_code,1,0.051581225424985326,44.89171187053456,45.068038224669685,46.28423502596955,44.23518608147403,2.0490489444955173,8,,,,0.051581225424985326,0.9985621033493447,0.9984569304432599,0.051581225424985326,True
bike-sharing,regression,tabpfn_2_6,numeric_code,T5,cyclic_shift,one,none,original__numeric_code,2,0.04629379037679448,44.99353611698256,45.473855133015924,46.28945451692507,44.73349399359817,1.5559605233269025,8,,,,0.04629379037679448,0.99880858096149,0.9987869104660909,0.04629379037679448,False
bike-sharing,regression,tabpfn_2_6,numeric_code,T6,cond_le_10,one,none,basis_reference__humidity,0,0.06569000827254376,44.988325220537206,45.91171011015257,47.0770409416851,44.79361102946743,2.28342991221767,8,,,,0.06569000827254376,0.9977551812442224,0.997870597315921,0.06569000827254376,True
bike-sharing,regression,tabpfn_2_6,numeric_code,T6,cond_le_10,one,none,basis_reference__humidity,1,0.06548613838997237,44.54768241123767,45.587068612755004,46.37386016016237,44.27504699279736,2.098813167365016,8,,,,0.06548613838997237,0.9978422543256631,0.998136919335296,0.06548613838997237,True
bike-sharing,regression,tabpfn_2_6,numeric_code,T6,cond_le_10,one,none,basis_reference__humidity,2,0.06301022350344834,44.790776413673306,45.10564524536182,46.37511638677312,44.24675937254838,2.12835701422474,8,,,,0.06301022350344834,0.9979136377923953,0.9983399521563613,0.06301022350344834,True
bike-sharing,regression,tabpfn_2_6,numeric_code,T6,cond_le_3,one,none,basis_reference__humidity,0,0.06230070506721125,44.988325220537206,45.15640502093082,46.16161580077596,44.50444853274559,1.6571672680303706,8,,,,0.06230070506721125,0.9979949367961523,0.9978159023951144,0.06230070506721125,True
bike-sharing,regression,tabpfn_2_6,numeric_code,T6,cond_le_3,one,none,basis_reference__humidity,1,0.058944034659220504,44.54768241123767,45.18450946868881,45.59764054518724,44.38425966797159,1.2133808772156485,8,,,,0.058944034659220504,0.9982509158889021,0.998353787937309,0.058944034659220504,True
bike-sharing,regression,tabpfn_2_6,numeric_code,T6,cond_le_3,one,none,basis_reference__humidity,2,0.05807075493881614,44.790776413673306,44.95486757081959,45.69647459101087,44.1198106736573,1.5766639173535708,8,,,,0.05807075493881614,0.9982338220315075,0.9985578489424188,0.05807075493881614,True
bike-sharing,regression,tabpfn_2_6,numeric_code,T6,orthogonal,one,none,basis_reference__humidity,0,0.06179052819571181,44.988325220537206,45.233977209844554,46.41531549949815,44.633879599202345,1.7814359002958042,8,,,,0.06179052819571181,0.9980259400610897,0.9979092100971607,0.06179052819571181,True
bike-sharing,regression,tabpfn_2_6,numeric_code,T6,orthogonal,one,none,basis_reference__humidity,1,0.061321464529364066,44.54768241123767,45.533563843681776,45.93795446324089,45.104384072672566,0.833570390568326,8,,,,0.061321464529364066,0.9981089072283137,0.9982793004736441,0.061321464529364066,True
bike-sharing,regression,tabpfn_2_6,numeric_code,T6,orthogonal,one,none,basis_reference__humidity,2,0.05652905622128264,44.790776413673306,44.5338614033809,45.51023241165337,43.85638894549415,1.6538434661592163,8,,,,0.05652905622128264,0.998324382110039,0.9986199311420675,0.05652905622128264,True
california_housing,regression,catboost,native_categorical,T1,nominal_relabeling,all,nominal_canonicalization,nominal_canonical_ref__native_categorical,0,0.0,59551.27485098069,59551.27485098069,59551.27485098069,59551.27485098069,0.0,8,,,,0.0,1.0,1.0,0.0,False
california_housing,regression,catboost,native_categorical,T1,nominal_relabeling,all,nominal_canonicalization,nominal_canonical_ref__native_categorical,1,0.0,59664.485628257135,59664.485628257135,59664.485628257135,59664.485628257135,0.0,8,,,,0.0,1.0,1.0,0.0,False
california_housing,regression,catboost,native_categorical,T1,nominal_relabeling,all,nominal_canonicalization,nominal_canonical_ref__native_categorical,2,0.0,58957.50892010433,58957.50892010433,58957.50892010433,58957.50892010433,0.0,8,,,,0.0,1.0,1.0,0.0,False
california_housing,regression,catboost,native_categorical,T1,nominal_relabeling,all,none,original__native_categorical,0,0.0,59549.26912957866,59549.26912957866,59549.26912957866,59549.26912957866,0.0,8,,,,0.0,1.0,1.0,0.0,False
california_housing,regression,catboost,native_categorical,T1,nominal_relabeling,all,none,original__native_categorical,1,0.0,59964.45366410599,59964.45366410599,59964.45366410599,59964.45366410599,0.0,8,,,,0.0,1.0,1.0,0.0,False
california_housing,regression,catboost,native_categorical,T1,nominal_relabeling,all,none,original__native_categorical,2,0.0,59876.75251371375,59876.75251371375,59876.75251371375,59876.75251371375,0.0,8,,,,0.0,1.0,1.0,0.0,False
california_housing,regression,catboost,native_categorical,T1,nominal_relabeling,one,none,original__native_categorical,0,0.0,59549.26912957866,59549.26912957866,59549.26912957866,59549.26912957866,0.0,8,,,,0.0,1.0,1.0,0.0,False
california_housing,regression,catboost,native_categorical,T1,nominal_relabeling,one,none,original__native_categorical,1,0.0,59964.45366410599,59964.45366410599,59964.45366410599,59964.45366410599,0.0,8,,,,0.0,1.0,1.0,0.0,False
california_housing,regression,catboost,native_categorical,T1,nominal_relabeling,one,none,original__native_categorical,2,0.0,59876.75251371375,59876.75251371375,59876.75251371375,59876.75251371375,0.0,8,,,,0.0,1.0,1.0,0.0,False
california_housing,regression,catboost,numeric_code,T0,column_permutation,all,none,original__numeric_code,0,0.07288781113655086,59550.36643981253,59196.454185086666,59632.079702830895,58483.93649861595,1148.1432042149463,8,,,,0.07288781113655086,0.9961615073952598,0.9957904804105011,0.07288781113655086,True
california_housing,regression,catboost,numeric_code,T0,column_permutation,all,none,original__numeric_code,1,0.0707586717116381,58841.49964365294,59145.043175059574,59448.28577583427,58600.99214406519,847.2936317690837,8,,,,0.0707586717116381,0.9963775638243035,0.995457661705634,0.0707586717116381,True
california_housing,regression,catboost,numeric_code,T0,column_permutation,all,none,original__numeric_code,2,0.07401889785122412,59069.38244002391,59352.77965624849,59601.279963497895,59079.42799028034,521.8519732175555,8,,,,0.07401889785122412,0.9960261576197984,0.9952418659913196,0.07401889785122412,True
california_housing,regression,catboost,numeric_code,T1,nominal_relabeling,all,nominal_canonicalization,nominal_canonical_ref__numeric_code,0,0.0,59551.27485098069,59551.27485098069,59551.27485098069,59551.27485098069,0.0,8,,,,0.0,1.0,1.0,0.0,False
california_housing,regression,catboost,numeric_code,T1,nominal_relabeling,all,nominal_canonicalization,nominal_canonical_ref__numeric_code,1,0.0,59664.485628257135,59664.485628257135,59664.485628257135,59664.485628257135,0.0,8,,,,0.0,1.0,1.0,0.0,False
california_housing,regression,catboost,numeric_code,T1,nominal_relabeling,all,nominal_canonicalization,nominal_canonical_ref__numeric_code,2,0.0,58957.50892010433,58957.50892010433,58957.50892010433,58957.50892010433,0.0,8,,,,0.0,1.0,1.0,0.0,False
california_housing,regression,catboost,numeric_code,T1,nominal_relabeling,all,none,original__numeric_code,0,0.07685990024695967,59550.36643981253,59291.11982102789,59551.27485098069,59018.96450184336,532.3103491373331,8,,,,0.07685990024695967,0.995680157477489,0.9950294901065448,0.07685990024695967,True
california_housing,regression,catboost,numeric_code,T1,nominal_relabeling,all,none,original__numeric_code,1,0.07762840737794677,58841.49964365294,59012.305854411636,59664.485628257135,58501.46460337354,1163.0210248835938,8,,,,0.07762840737794677,0.9955987207372037,0.9943908872316349,0.07762840737794677,True
california_housing,regression,catboost,numeric_code,T1,nominal_relabeling,all,none,original__numeric_code,2,0.08473783340109119,59069.38244002391,59041.734598398325,59519.65953971333,58623.94228043252,895.7172592808056,8,,,,0.08473783340109119,0.9947635760978744,0.9941623286240716,0.08473783340109119,True
california_housing,regression,catboost,numeric_code,T1,nominal_relabeling,one,none,original__numeric_code,0,0.08190079667781415,59550.36643981253,59265.36818698661,59616.79527382135,58951.63278136104,665.1624924603093,8,,,,0.08190079667781415,0.995063782926868,0.9944539640875877,0.08190079667781415,True
california_housing,regression,catboost,numeric_code,T1,nominal_relabeling,one,none,original__numeric_code,1,0.08021596320609327,58841.49964365294,59110.29741668236,59453.27199216598,58624.141708608266,829.1302835577153,8,,,,0.08021596320609327,0.9952373946753064,0.9938923409050595,0.08021596320609327,True
california_housing,regression,catboost,numeric_code,T1,nominal_relabeling,one,none,original__numeric_code,2,0.0865161475190447,59069.38244002391,58831.50253657819,59351.62286027498,58275.56874120545,1076.0541190695367,8,,,,0.0865161475190447,0.9945577375760868,0.9936751929052082,0.0865161475190447,True
california_housing,regression,catboost,numeric_code,T2,affine,all,none,original__numeric_code,0,0.0005228294745834785,59550.36643981253,59550.47588063414,59555.15050641329,59546.305936565215,8.844569848071842,8,,,,0.0005228294745834785,0.9999996703559092,0.9999992288619666,0.0005228294745834785,False
california_housing,regression,catboost,numeric_code,T2,affine,all,none,original__numeric_code,1,0.0006462297485605625,58841.49964365294,58841.0556735163,58841.97653541221,58839.34838744506,2.628147967145196,8,,,,0.0006462297485605625,0.9999996523060619,0.9999990276955231,0.0006462297485605625,False
california_housing,regression,catboost,numeric_code,T2,affine,all,none,original__numeric_code,2,0.0002563565986685654,59069.38244002391,59068.827120047994,59069.266814318114,59067.81639119522,1.4504231228929712,8,,,,0.0002563565986685654,0.9999999247660363,0.9999999105926918,0.0002563565986685654,False
california_housing,regression,catboost,numeric_code,T2,affine,all,standardization,zscore_reference,0,0.0,59549.78483842267,59549.78483842267,59549.78483842267,59549.78483842267,0.0,8,,,,0.0,1.0,1.0,0.0,False
california_housing,regression,catboost,numeric_code,T2,affine,all,standardization,zscore_reference,1,0.0,58836.14215872932,58836.14215872932,58836.14215872932,58836.14215872932,0.0,8,,,,0.0,1.0,1.0,0.0,False
california_housing,regression,catboost,numeric_code,T2,affine,all,standardization,zscore_reference,2,0.0,59069.77794367296,59069.77794367296,59069.77794367296,59069.77794367296,0.0,8,,,,0.0,1.0,1.0,0.0,False
california_housing,regression,catboost,numeric_code,T2,affine,one,none,original__numeric_code,0,0.00011047297569534098,59550.36643981253,59550.391099539935,59552.1574627047,59548.75085225348,3.406610451223969,8,,,,0.00011047297569534098,0.9999999658966954,0.9999999217686053,0.00011047297569534098,False
california_housing,regression,catboost,numeric_code,T2,affine,one,none,original__numeric_code,1,0.00017063520262589998,58841.49964365294,58841.34398567096,58841.75952506941,58840.319696972,1.4398280974055524,8,,,,0.00017063520262589998,0.999999938718117,0.9999997094262483,0.00017063520262589998,False
california_housing,regression,catboost,numeric_code,T2,affine,one,none,original__numeric_code,2,0.0003860359344447125,59069.38244002391,59071.209274973546,59083.41035106634,59069.38244002391,14.027911042430787,8,,,,0.0003860359344447125,0.9999992318856936,0.9999990947510042,0.0003860359344447125,False
california_housing,regression,catboost,numeric_code,T2,affine,one,standardization,zscore_reference,0,0.0,59549.78483842267,59549.78483842267,59549.78483842267,59549.78483842267,0.0,8,,,,0.0,1.0,1.0,0.0,False
california_housing,regression,catboost,numeric_code,T2,affine,one,standardization,zscore_reference,1,0.0,58836.14215872932,58836.14215872932,58836.14215872932,58836.14215872932,0.0,8,,,,0.0,1.0,1.0,0.0,False
california_housing,regression,catboost,numeric_code,T2,affine,one,standardization,zscore_reference,2,0.0,59069.77794367296,59069.77794367296,59069.77794367296,59069.77794367296,0.0,8,,,,0.0,1.0,1.0,0.0,False
california_housing,regression,catboost,numeric_code,T2,scaling,all,none,original__numeric_code,0,0.00037763186626151344,59550.36643981253,59549.41955124528,59552.1574627047,59544.45769996979,7.699762734911928,8,,,,0.00037763186626151344,0.9999997988167021,0.9999996423707671,0.00037763186626151344,False
california_housing,regression,catboost,numeric_code,T2,scaling,all,none,original__numeric_code,1,0.0008720363119118499,58841.49964365294,58844.8735058062,58863.51391769197,58839.089596851736,24.424320840233122,8,,,,0.0008720363119118499,0.9999990345289922,0.9999985918348955,0.0008720363119118499,False
california_housing,regression,catboost,numeric_code,T2,scaling,all,none,original__numeric_code,2,0.0010131794405810659,59069.38244002391,59073.93820854791,59084.062786766604,59067.96172746023,16.101059306376555,8,,,,0.0010131794405810659,0.999998288370514,0.9999980218633054,0.0010131794405810659,False
california_housing,regression,catboost,numeric_code,T2,scaling,all,standardization,zscore_reference,0,0.0,59549.78483842267,59549.78483842267,59549.78483842267,59549.78483842267,0.0,8,,,,0.0,1.0,1.0,0.0,False
california_housing,regression,catboost,numeric_code,T2,scaling,all,standardization,zscore_reference,1,0.0,58836.14215872932,58836.14215872932,58836.14215872932,58836.14215872932,0.0,8,,,,0.0,1.0,1.0,0.0,False
california_housing,regression,catboost,numeric_code,T2,scaling,all,standardization,zscore_reference,2,0.0,59069.77794367296,59069.77794367296,59069.77794367296,59069.77794367296,0.0,8,,,,0.0,1.0,1.0,0.0,False
california_housing,regression,catboost,numeric_code,T2,scaling,one,none,original__numeric_code,0,0.00015760244959961596,59550.36643981253,59550.13828314463,59550.388282298605,59548.75085225348,1.637430045127985,8,,,,0.00015760244959961596,0.9999999269745664,0.9999997653058159,0.00015760244959961596,False
california_housing,regression,catboost,numeric_code,T2,scaling,one,none,original__numeric_code,1,0.00015501320365643749,58841.49964365294,58841.40812420816,58841.75952506941,58840.31042467943,1.4491003899747739,8,,,,0.00015501320365643749,0.9999999503145256,0.9999998323612971,0.00015501320365643749,False
california_housing,regression,catboost,numeric_code,T2,scaling,one,none,original__numeric_code,2,4.0072851092372656e-05,59069.38244002391,59069.402022245216,59069.720546441786,59069.20099137646,0.5195550653224927,8,,,,4.0072851092372656e-05,0.9999999937895945,0.9999999552963459,4.0072851092372656e-05,False
california_housing,regression,catboost,numeric_code,T2,scaling,one,standardization,zscore_reference,0,0.0,59549.78483842267,59549.78483842267,59549.78483842267,59549.78483842267,0.0,8,,,,0.0,1.0,1.0,0.0,False
california_housing,regression,catboost,numeric_code,T2,scaling,one,standardization,zscore_reference,1,0.0,58836.14215872932,58836.14215872932,58836.14215872932,58836.14215872932,0.0,8,,,,0.0,1.0,1.0,0.0,False
california_housing,regression,catboost,numeric_code,T2,scaling,one,standardization,zscore_reference,2,0.0,59069.77794367296,59069.77794367296,59069.77794367296,59069.77794367296,0.0,8,,,,0.0,1.0,1.0,0.0,False
california_housing,regression,catboost,numeric_code,T3,mixed_monotone,all,none,original__numeric_code,0,0.0005773802833956251,59550.36643981253,59550.546289745085,59555.13200012342,59549.176074512005,5.955925611415296,8,,,,0.0005773802833956251,0.9999996016865991,0.9999994747320643,0.0005773802833956251,False
california_housing,regression,catboost,numeric_code,T3,mixed_monotone,all,none,original__numeric_code,1,0.0011785339554615125,58841.49964365294,58845.60386961276,58861.14649552746,58841.77674846439,19.369747063065006,8,,,,0.0011785339554615125,0.9999985696147937,0.9999972171975314,0.0011785339554615125,False
california_housing,regression,catboost,numeric_code,T3,mixed_monotone,all,none,original__numeric_code,2,0.00154086247733885,59069.38244002391,59075.30827965514,59084.49323067,59067.53160309682,16.96162757318234,8,,,,0.00154086247733885,0.9999972645309655,0.9999968372164716,0.00154086247733885,False
california_housing,regression,catboost,numeric_code,T3,mixed_monotone,all,quantile_rank,quantile_reference,0,0.000401625287657925,59550.36643981253,59549.92005282483,59550.36643981253,59549.176074512005,1.1903653005283559,8,,,,0.000401625287657925,0.9999996925099244,0.9999996311948536,0.000401625287657925,False
california_housing,regression,catboost,numeric_code,T3,mixed_monotone,all,quantile_rank,quantile_reference,1,0.0005612944921445626,58841.77674846439,58843.1455677024,58845.42693309907,58841.77674846439,3.650184634680045,8,,,,0.0005612944921445626,0.9999993839364872,0.9999980218633056,0.0005612944921445626,False
california_housing,regression,catboost,numeric_code,T3,mixed_monotone,all,quantile_rank,quantile_reference,2,0.00113914480776795,59067.53160309682,59073.89221343676,59084.49323067,59067.53160309682,16.96162757318234,8,,,,0.00113914480776795,0.9999974869614708,0.9999971501420503,0.00113914480776795,False
california_housing,regression,catboost,numeric_code,T6,cond_le_10,one,none,basis_reference__median_income,0,0.07753733759518493,60162.34597670043,60708.47762602478,61104.976047135344,60091.17715127525,1013.7988958600909,8,,,,0.07753733759518493,0.9956368882306003,0.9952188324335381,0.07753733759518493,True
california_housing,regression,catboost,numeric_code,T6,cond_le_10,one,none,basis_reference__median_income,1,0.08727670451087668,60042.15250195668,60695.62512403999,61174.609967517,60457.14198163231,717.4679858846866,8,,,,0.08727670451087668,0.9944953702994334,0.9946573433619723,0.08727670451087668,True
california_housing,regression,catboost,numeric_code,T6,cond_le_10,one,none,basis_reference__median_income,2,0.08190712486062315,60058.63721966187,60945.70895878991,61394.04607317378,60606.81959723101,787.2264759427635,8,,,,0.08190712486062315,0.995212695380383,0.9949048339670523,0.08190712486062315,True
california_housing,regression,catboost,numeric_code,T6,cond_le_3,one,none,basis_reference__median_income,0,0.08488741452926292,60162.34597670043,61073.69547341853,61542.779838540846,60095.4463640562,1447.3334744846434,8,,,,0.08488741452926292,0.9948091422483163,0.9948504854995651,0.08488741452926292,True
california_housing,regression,catboost,numeric_code,T6,cond_le_3,one,none,basis_reference__median_income,1,0.08894187804109478,60042.15250195668,60861.013340791425,61787.7958052489,60330.516961408604,1457.2788438402931,8,,,,0.08894187804109478,0.9942628074827466,0.9946497884444272,0.08894187804109478,True
california_housing,regression,catboost,numeric_code,T6,cond_le_3,one,none,basis_reference__median_income,2,0.08493301529761421,60058.63721966187,61087.237097686,61944.5673148606,60427.1304544944,1517.4368603662006,8,,,,0.08493301529761421,0.9948748504720899,0.9947455324956226,0.08493301529761421,True
california_housing,regression,catboost,numeric_code,T6,orthogonal,one,none,basis_reference__median_income,0,0.08056923928535281,60162.34597670043,60923.66340643431,61135.58551603396,60544.32685355142,591.2586624825417,8,,,,0.08056923928535281,0.9953391027582692,0.9951817060487977,0.08056923928535281,True
california_housing,regression,catboost,numeric_code,T6,orthogonal,one,none,basis_reference__median_income,1,0.08700317961066026,60042.15250195668,60929.65914737381,61329.82403244231,60447.54499358159,882.2790388607173,8,,,,0.08700317961066026,0.994581176869909,0.9949274987196872,0.08700317961066026,True
california_housing,regression,catboost,numeric_code,T6,orthogonal,one,none,basis_reference__median_income,2,0.08276499303800021,60058.63721966187,60962.99713727778,61554.996195021486,60662.3480215418,892.6481734796835,8,,,,0.08276499303800021,0.9950874332810712,0.994861549653958,0.08276499303800021,True
california_housing,regression,tabicl_v2,numeric_code,T0,column_permutation,all,none,original__numeric_code,0,0.0699429651198521,50120.3844680495,50976.95669485494,51280.74563657784,50465.97740080988,814.7682357679587,8,,,,0.0699429651198521,0.997066013331927,0.99639157380039,0.0699429651198521,True
california_housing,regression,tabicl_v2,numeric_code,T0,column_permutation,all,none,original__numeric_code,1,0.0699429651198521,50120.3844680495,50976.95669485494,51280.74563657784,50465.97740080988,814.7682357679587,8,,,,0.0699429651198521,0.997066013331927,0.99639157380039,0.0699429651198521,True
california_housing,regression,tabicl_v2,numeric_code,T0,column_permutation,all,none,original__numeric_code,2,0.0699429651198521,50120.3844680495,50976.95669485494,51280.74563657784,50465.97740080988,814.7682357679587,8,,,,0.0699429651198521,0.997066013331927,0.99639157380039,0.0699429651198521,True
california_housing,regression,tabicl_v2,numeric_code,T1,nominal_relabeling,all,nominal_canonicalization,nominal_canonical_ref__numeric_code,0,0.0,50518.8235241222,50518.8235241222,50518.8235241222,50518.8235241222,0.0,8,,,,0.0,1.0,0.9999999999999998,0.0,False
california_housing,regression,tabicl_v2,numeric_code,T1,nominal_relabeling,all,nominal_canonicalization,nominal_canonical_ref__numeric_code,1,0.0,50518.8235241222,50518.8235241222,50518.8235241222,50518.8235241222,0.0,8,,,,0.0,1.0,0.9999999999999998,0.0,False
california_housing,regression,tabicl_v2,numeric_code,T1,nominal_relabeling,all,nominal_canonicalization,nominal_canonical_ref__numeric_code,2,0.0,50518.8235241222,50518.8235241222,50518.8235241222,50518.8235241222,0.0,8,,,,0.0,1.0,0.9999999999999998,0.0,False
california_housing,regression,tabicl_v2,numeric_code,T1,nominal_relabeling,all,none,original__numeric_code,0,0.04171474426675781,50120.3844680495,50406.49403066503,50906.668557796445,50043.38753108488,863.2810267115638,8,,,,0.04171474426675781,0.9989548772512371,0.9985564757899748,0.04171474426675781,False
california_housing,regression,tabicl_v2,numeric_code,T1,nominal_relabeling,all,none,original__numeric_code,1,0.04171474426675781,50120.3844680495,50406.49403066503,50906.668557796445,50043.38753108488,863.2810267115638,8,,,,0.04171474426675781,0.9989548772512371,0.9985564757899748,0.04171474426675781,False
california_housing,regression,tabicl_v2,numeric_code,T1,nominal_relabeling,all,none,original__numeric_code,2,0.04171474426675781,50120.3844680495,50406.49403066503,50906.668557796445,50043.38753108488,863.2810267115638,8,,,,0.04171474426675781,0.9989548772512371,0.9985564757899748,0.04171474426675781,False
california_housing,regression,tabicl_v2,numeric_code,T1,nominal_relabeling,one,none,original__numeric_code,0,0.04479366620441377,50120.3844680495,50615.23482820939,51062.78599930194,50057.3802727174,1005.4057265845404,8,,,,0.04479366620441377,0.9987898035449642,0.9981881817004581,0.04479366620441377,False
california_housing,regression,tabicl_v2,numeric_code,T1,nominal_relabeling,one,none,original__numeric_code,1,0.04479366620441377,50120.3844680495,50615.23482820939,51062.78599930194,50057.3802727174,1005.4057265845404,8,,,,0.04479366620441377,0.9987898035449642,0.9981881817004581,0.04479366620441377,False
california_housing,regression,tabicl_v2,numeric_code,T1,nominal_relabeling,one,none,original__numeric_code,2,0.04479366620441377,50120.3844680495,50615.23482820939,51062.78599930194,50057.3802727174,1005.4057265845404,8,,,,0.04479366620441377,0.9987898035449642,0.9981881817004581,0.04479366620441377,False
california_housing,regression,tabicl_v2,numeric_code,T2,affine,all,none,original__numeric_code,0,0.0070100506264045,50120.3844680495,50085.806904288365,50148.633051594064,50022.9007270746,125.73232451946387,8,,,,0.0070100506264045,0.9999672235728736,0.9999297341725784,0.0070100506264045,False
california_housing,regression,tabicl_v2,numeric_code,T2,affine,all,none,original__numeric_code,1,0.0070100506264045,50120.3844680495,50085.806904288365,50148.633051594064,50022.9007270746,125.73232451946387,8,,,,0.0070100506264045,0.9999672235728736,0.9999297341725784,0.0070100506264045,False
california_housing,regression,tabicl_v2,numeric_code,T2,affine,all,none,original__numeric_code,2,0.0070100506264045,50120.3844680495,50085.806904288365,50148.633051594064,50022.9007270746,125.73232451946387,8,,,,0.0070100506264045,0.9999672235728736,0.9999297341725784,0.0070100506264045,False
california_housing,regression,tabicl_v2,numeric_code,T2,affine,all,standardization,zscore_reference,0,0.0,50161.81231534302,50161.81231534302,50161.81231534302,50161.81231534302,0.0,8,,,,0.0,1.0,1.0,0.0,False
california_housing,regression,tabicl_v2,numeric_code,T2,affine,all,standardization,zscore_reference,1,0.0,50161.81231534302,50161.81231534302,50161.81231534302,50161.81231534302,0.0,8,,,,0.0,1.0,1.0,0.0,False
california_housing,regression,tabicl_v2,numeric_code,T2,affine,all,standardization,zscore_reference,2,0.0,50161.81231534302,50161.81231534302,50161.81231534302,50161.81231534302,0.0,8,,,,0.0,1.0,1.0,0.0,False
california_housing,regression,tabicl_v2,numeric_code,T2,affine,one,none,original__numeric_code,0,0.0028210011873077,50120.3844680495,50107.56679960437,50157.02720952505,49955.466017684805,201.56119184024283,8,,,,0.0028210011873077,0.9999874102674072,0.9999742562589541,0.0028210011873077,False
california_housing,regression,tabicl_v2,numeric_code,T2,affine,one,none,original__numeric_code,1,0.0028210011873077,50120.3844680495,50107.56679960437,50157.02720952505,49955.466017684805,201.56119184024283,8,,,,0.0028210011873077,0.9999874102674072,0.9999742562589541,0.0028210011873077,False
california_housing,regression,tabicl_v2,numeric_code,T2,affine,one,none,original__numeric_code,2,0.0028210011873077,50120.3844680495,50107.56679960437,50157.02720952505,49955.466017684805,201.56119184024283,8,,,,0.0028210011873077,0.9999874102674072,0.9999742562589541,0.0028210011873077,False
california_housing,regression,tabicl_v2,numeric_code,T2,affine,one,standardization,zscore_reference,0,0.0,50161.81231534302,50161.81231534302,50161.81231534302,50161.81231534302,0.0,8,,,,0.0,1.0,1.0,0.0,False
california_housing,regression,tabicl_v2,numeric_code,T2,affine,one,standardization,zscore_reference,1,0.0,50161.81231534302,50161.81231534302,50161.81231534302,50161.81231534302,0.0,8,,,,0.0,1.0,1.0,0.0,False
california_housing,regression,tabicl_v2,numeric_code,T2,affine,one,standardization,zscore_reference,2,0.0,50161.81231534302,50161.81231534302,50161.81231534302,50161.81231534302,0.0,8,,,,0.0,1.0,1.0,0.0,False
california_housing,regression,tabicl_v2,numeric_code,T2,scaling,all,none,original__numeric_code,0,0.007452802292722262,50120.3844680495,50093.02038764317,50125.332674391735,50047.84908910054,77.48358529119287,8,,,,0.007452802292722262,0.9999670758144544,0.9999301700358274,0.007452802292722262,False
california_housing,regression,tabicl_v2,numeric_code,T2,scaling,all,none,original__numeric_code,1,0.007452802292722262,50120.3844680495,50093.02038764317,50125.332674391735,50047.84908910054,77.48358529119287,8,,,,0.007452802292722262,0.9999670758144544,0.9999301700358274,0.007452802292722262,False
california_housing,regression,tabicl_v2,numeric_code,T2,scaling,all,none,original__numeric_code,2,0.007452802292722262,50120.3844680495,50093.02038764317,50125.332674391735,50047.84908910054,77.48358529119287,8,,,,0.007452802292722262,0.9999670758144544,0.9999301700358274,0.007452802292722262,False
california_housing,regression,tabicl_v2,numeric_code,T2,scaling,all,standardization,zscore_reference,0,0.0,50161.81231534302,50161.81231534302,50161.81231534302,50161.81231534302,0.0,8,,,,0.0,1.0,1.0,0.0,False
california_housing,regression,tabicl_v2,numeric_code,T2,scaling,all,standardization,zscore_reference,1,0.0,50161.81231534302,50161.81231534302,50161.81231534302,50161.81231534302,0.0,8,,,,0.0,1.0,1.0,0.0,False
california_housing,regression,tabicl_v2,numeric_code,T2,scaling,all,standardization,zscore_reference,2,0.0,50161.81231534302,50161.81231534302,50161.81231534302,50161.81231534302,0.0,8,,,,0.0,1.0,1.0,0.0,False
california_housing,regression,tabicl_v2,numeric_code,T2,scaling,one,none,original__numeric_code,0,0.0020071559537543,50120.3844680495,50104.350004438355,50157.02720952505,49955.466017684805,201.56119184024283,8,,,,0.0020071559537543,0.9999905011073131,0.9999806209481099,0.0020071559537543,False
california_housing,regression,tabicl_v2,numeric_code,T2,scaling,one,none,original__numeric_code,1,0.0020071559537543,50120.3844680495,50104.350004438355,50157.02720952505,49955.466017684805,201.56119184024283,8,,,,0.0020071559537543,0.9999905011073131,0.9999806209481099,0.0020071559537543,False
california_housing,regression,tabicl_v2,numeric_code,T2,scaling,one,none,original__numeric_code,2,0.0020071559537543,50120.3844680495,50104.350004438355,50157.02720952505,49955.466017684805,201.56119184024283,8,,,,0.0020071559537543,0.9999905011073131,0.9999806209481099,0.0020071559537543,False
california_housing,regression,tabicl_v2,numeric_code,T2,scaling,one,standardization,zscore_reference,0,0.0,50161.81231534302,50161.81231534302,50161.81231534302,50161.81231534302,0.0,8,,,,0.0,1.0,1.0,0.0,False
california_housing,regression,tabicl_v2,numeric_code,T2,scaling,one,standardization,zscore_reference,1,0.0,50161.81231534302,50161.81231534302,50161.81231534302,50161.81231534302,0.0,8,,,,0.0,1.0,1.0,0.0,False
california_housing,regression,tabicl_v2,numeric_code,T2,scaling,one,standardization,zscore_reference,2,0.0,50161.81231534302,50161.81231534302,50161.81231534302,50161.81231534302,0.0,8,,,,0.0,1.0,1.0,0.0,False
california_housing,regression,tabicl_v2,numeric_code,T3,mixed_monotone,all,none,original__numeric_code,0,0.08429070973152032,50120.3844680495,51594.249754218275,52639.516005404905,51152.24922545356,1487.2667799513438,8,,,,0.08429070973152032,0.995676259840691,0.9945746592825382,0.08429070973152032,True
california_housing,regression,tabicl_v2,numeric_code,T3,mixed_monotone,all,none,original__numeric_code,1,0.08429070973152032,50120.3844680495,51594.249754218275,52639.516005404905,51152.24922545356,1487.2667799513438,8,,,,0.08429070973152032,0.995676259840691,0.9945746592825382,0.08429070973152032,True
california_housing,regression,tabicl_v2,numeric_code,T3,mixed_monotone,all,none,original__numeric_code,2,0.08429070973152032,50120.3844680495,51594.249754218275,52639.516005404905,51152.24922545356,1487.2667799513438,8,,,,0.08429070973152032,0.995676259840691,0.9945746592825382,0.08429070973152032,True
california_housing,regression,tabicl_v2,numeric_code,T3,mixed_monotone,all,quantile_rank,quantile_reference,0,0.0002760418436336875,51367.63846617741,51368.187668733415,51369.26277601264,51367.63846617741,1.6243098352351808,8,,,,0.0002760418436336875,0.9999999036796248,0.9999993042988842,0.0002760418436336875,False
california_housing,regression,tabicl_v2,numeric_code,T3,mixed_monotone,all,quantile_rank,quantile_reference,1,0.0002760418436336875,51367.63846617741,51368.187668733415,51369.26277601264,51367.63846617741,1.6243098352351808,8,,,,0.0002760418436336875,0.9999999036796248,0.9999993042988842,0.0002760418436336875,False
california_housing,regression,tabicl_v2,numeric_code,T3,mixed_monotone,all,quantile_rank,quantile_reference,2,0.0002760418436336875,51367.63846617741,51368.187668733415,51369.26277601264,51367.63846617741,1.6243098352351808,8,,,,0.0002760418436336875,0.9999999036796248,0.9999993042988842,0.0002760418436336875,False
california_housing,regression,tabicl_v2,numeric_code,T6,cond_le_10,one,none,basis_reference__median_income,0,0.12395661126894726,55703.94216965382,55197.486341810465,55692.5822648709,54174.048221681485,1518.5340431894147,8,,,,0.12395661126894726,0.9907109745405491,0.9898479379776128,0.12395661126894726,True
california_housing,regression,tabicl_v2,numeric_code,T6,cond_le_10,one,none,basis_reference__median_income,1,0.12395661126894726,55703.94216965382,55197.486341810465,55692.5822648709,54174.048221681485,1518.5340431894147,8,,,,0.12395661126894726,0.9907109745405491,0.9898479379776128,0.12395661126894726,True
california_housing,regression,tabicl_v2,numeric_code,T6,cond_le_10,one,none,basis_reference__median_income,2,0.12395661126894726,55703.94216965382,55197.486341810465,55692.5822648709,54174.048221681485,1518.5340431894147,8,,,,0.12395661126894726,0.9907109745405491,0.9898479379776128,0.12395661126894726,True
california_housing,regression,tabicl_v2,numeric_code,T6,cond_le_3,one,none,basis_reference__median_income,0,0.13721402851324574,55703.94216965382,55787.897467141134,57022.35765009134,54852.55917926809,2169.798470823247,8,,,,0.13721402851324574,0.98865082138212,0.9872333509156459,0.13721402851324574,True
california_housing,regression,tabicl_v2,numeric_code,T6,cond_le_3,one,none,basis_reference__median_income,1,0.13721402851324574,55703.94216965382,55787.897467141134,57022.35765009134,54852.55917926809,2169.798470823247,8,,,,0.13721402851324574,0.98865082138212,0.9872333509156459,0.13721402851324574,True
california_housing,regression,tabicl_v2,numeric_code,T6,cond_le_3,one,none,basis_reference__median_income,2,0.13721402851324574,55703.94216965382,55787.897467141134,57022.35765009134,54852.55917926809,2169.798470823247,8,,,,0.13721402851324574,0.98865082138212,0.9872333509156459,0.13721402851324574,True
california_housing,regression,tabicl_v2,numeric_code,T6,orthogonal,one,none,basis_reference__median_income,0,0.13057443617337686,55703.94216965382,56043.88278126755,56844.27735427253,55076.11083388703,1768.166520385501,8,,,,0.13057443617337686,0.9896293322389336,0.9884186969472989,0.13057443617337686,True
california_housing,regression,tabicl_v2,numeric_code,T6,orthogonal,one,none,basis_reference__median_income,1,0.13057443617337686,55703.94216965382,56043.88278126755,56844.27735427253,55076.11083388703,1768.166520385501,8,,,,0.13057443617337686,0.9896293322389336,0.9884186969472989,0.13057443617337686,True
california_housing,regression,tabicl_v2,numeric_code,T6,orthogonal,one,none,basis_reference__median_income,2,0.13057443617337686,55703.94216965382,56043.88278126755,56844.27735427253,55076.11083388703,1768.166520385501,8,,,,0.13057443617337686,0.9896293322389336,0.9884186969472989,0.13057443617337686,True
california_housing,regression,tabpfn_2_6,native_categorical,T1,nominal_relabeling,all,nominal_canonicalization,nominal_canonical_ref__native_categorical,0,0.0,49742.14965965706,49742.14965965706,49742.14965965706,49742.14965965706,0.0,8,,,,0.0,1.0,1.0,0.0,False
california_housing,regression,tabpfn_2_6,native_categorical,T1,nominal_relabeling,all,nominal_canonicalization,nominal_canonical_ref__native_categorical,1,0.0,51163.26364174424,51163.26364174424,51163.26364174424,51163.26364174424,0.0,8,,,,0.0,1.0,1.0,0.0,False
california_housing,regression,tabpfn_2_6,native_categorical,T1,nominal_relabeling,all,nominal_canonicalization,nominal_canonical_ref__native_categorical,2,0.0,50824.75601708722,50824.75601708722,50824.75601708722,50824.75601708722,0.0,8,,,,0.0,1.0,1.0,0.0,False
california_housing,regression,tabpfn_2_6,native_categorical,T1,nominal_relabeling,all,none,original__native_categorical,0,0.09012790061101064,51806.80515218954,50958.606573989535,51681.77846558459,50323.44207546701,1358.3363901175762,8,,,,0.09012790061101064,0.9952022481690675,0.9949452348944564,0.09012790061101064,True
california_housing,regression,tabpfn_2_6,native_categorical,T1,nominal_relabeling,all,none,original__native_categorical,1,0.07109886750435086,51165.76508775509,51316.109484022054,52025.58549047128,50828.9158383329,1196.6696521383856,8,,,,0.07109886750435086,0.9969142517863906,0.9966816672992231,0.07109886750435086,True
california_housing,regression,tabpfn_2_6,native_categorical,T1,nominal_relabeling,all,none,original__native_categorical,2,0.0826787364999049,51777.34224884137,51867.92019617731,52254.97026530782,51548.067712822405,706.9025524854151,8,,,,0.0826787364999049,0.9958333518787461,0.9947833406110882,0.0826787364999049,True
california_housing,regression,tabpfn_2_6,native_categorical,T1,nominal_relabeling,one,none,original__native_categorical,0,0.0933300478732788,51806.80515218954,51165.29545449946,52142.02668350608,50634.85634466348,1507.170338842603,8,,,,0.0933300478732788,0.9948992415146536,0.9941798971601378,0.0933300478732788,True
california_housing,regression,tabpfn_2_6,native_categorical,T1,nominal_relabeling,one,none,original__native_categorical,1,0.07091254109600553,51165.76508775509,51257.430927672685,52037.19003433411,50729.07035753359,1308.1196768005248,8,,,,0.07091254109600553,0.9969750248575386,0.9966748527998078,0.07091254109600553,True
california_housing,regression,tabpfn_2_6,native_categorical,T1,nominal_relabeling,one,none,original__native_categorical,2,0.08548718661317158,51777.34224884137,52068.19390079382,52733.51388999271,51302.31328087046,1431.2006091222502,8,,,,0.08548718661317158,0.9955535706137715,0.9947548308556781,0.08548718661317158,True
california_housing,regression,tabpfn_2_6,numeric_code,T0,column_permutation,all,none,original__numeric_code,0,0.12360829198952107,50472.45070884558,50424.671602440394,50884.7122904484,49813.7774804116,1070.9348100368006,8,,,,0.12360829198952107,0.9910501549315126,0.9903720399028393,0.12360829198952107,True
california_housing,regression,tabpfn_2_6,numeric_code,T0,column_permutation,all,none,original__numeric_code,1,0.1134067549711208,50983.95638055147,50363.63752231228,51708.74431116421,49475.62185740591,2233.122453758304,8,,,,0.1134067549711208,0.9922620895391625,0.9907373246365057,0.1134067549711208,True
california_housing,regression,tabpfn_2_6,numeric_code,T0,column_permutation,all,none,original__numeric_code,2,0.11006110630601737,50737.96888718207,50733.56555131864,51360.9025774248,50480.46809780817,880.4344796166333,8,,,,0.11006110630601737,0.9928414680661917,0.9915384923495955,0.11006110630601737,True
california_housing,regression,tabpfn_2_6,numeric_code,T1,nominal_relabeling,all,nominal_canonicalization,nominal_canonical_ref__numeric_code,0,0.0,49742.14965965706,49742.14965965706,49742.14965965706,49742.14965965706,0.0,8,,,,0.0,1.0,1.0,0.0,False
california_housing,regression,tabpfn_2_6,numeric_code,T1,nominal_relabeling,all,nominal_canonicalization,nominal_canonical_ref__numeric_code,1,0.0,51163.26364174424,51163.26364174424,51163.26364174424,51163.26364174424,0.0,8,,,,0.0,1.0,1.0,0.0,False
california_housing,regression,tabpfn_2_6,numeric_code,T1,nominal_relabeling,all,nominal_canonicalization,nominal_canonical_ref__numeric_code,2,0.0,50824.75601708722,50824.75601708722,50824.75601708722,50824.75601708722,0.0,8,,,,0.0,1.0,1.0,0.0,False
california_housing,regression,tabpfn_2_6,numeric_code,T1,nominal_relabeling,all,none,original__numeric_code,0,0.07902546910730174,50472.45070884558,50053.46795934826,51013.938829848616,48991.21216631597,2022.726663532645,8,,,,0.07902546910730174,0.996113376833777,0.9952668329821414,0.07902546910730174,True
california_housing,regression,tabpfn_2_6,numeric_code,T1,nominal_relabeling,all,none,original__numeric_code,1,0.078814550542591,50983.95638055147,51574.32725193366,52020.37812495909,51163.26364174424,857.1144832148493,8,,,,0.078814550542591,0.9960584926146027,0.9949150068250073,0.078814550542591,True
california_housing,regression,tabpfn_2_6,numeric_code,T1,nominal_relabeling,all,none,original__numeric_code,2,0.06650073731818582,50737.96888718207,51202.18116485778,52140.38155335546,50650.73224209316,1489.6493112622993,8,,,,0.06650073731818582,0.9971747446633996,0.9962810806625582,0.06650073731818582,True
california_housing,regression,tabpfn_2_6,numeric_code,T1,nominal_relabeling,one,none,original__numeric_code,0,0.0839283969756607,50472.45070884558,50218.84713977757,51347.77525602521,48818.02050385527,2529.7547521699453,8,,,,0.0839283969756607,0.9957182071168653,0.9946024808024627,0.0839283969756607,True
california_housing,regression,tabpfn_2_6,numeric_code,T1,nominal_relabeling,one,none,original__numeric_code,1,0.0777847143398036,50983.95638055147,51604.59622095189,51905.10124032669,50844.79360240972,1060.3076379169652,8,,,,0.0777847143398036,0.9962462833333418,0.9950576981122898,0.0777847143398036,True
california_housing,regression,tabpfn_2_6,numeric_code,T1,nominal_relabeling,one,none,original__numeric_code,2,0.07385148789152603,50737.96888718207,51679.32643217901,52004.75947894446,51137.85035167322,866.9091272712394,8,,,,0.07385148789152603,0.9967077107980928,0.9959163435486547,0.07385148789152603,True
california_housing,regression,tabpfn_2_6,numeric_code,T2,affine,all,none,original__numeric_code,0,0.07669380970186418,50472.45070884558,51047.17700470927,52028.547814735546,50356.52490761767,1672.0229071178765,8,,,,0.07669380970186418,0.9964939998854897,0.9960302484593332,0.07669380970186418,True
california_housing,regression,tabpfn_2_6,numeric_code,T2,affine,all,none,original__numeric_code,1,0.05979853269953642,50983.95638055147,51238.36386486684,51852.167031413424,50610.21008453484,1241.9569468785849,8,,,,0.05979853269953642,0.9978339128462621,0.9972849906229615,0.05979853269953642,True
california_housing,regression,tabpfn_2_6,numeric_code,T2,affine,all,none,original__numeric_code,2,0.05756933440997751,50737.96888718207,51257.59187248936,51851.29042608576,50652.893067319244,1198.3973587665168,8,,,,0.05756933440997751,0.9979024625895484,0.9972647622194756,0.05756933440997751,True
california_housing,regression,tabpfn_2_6,numeric_code,T2,affine,all,standardization,zscore_reference,0,0.0014374768124357875,49963.68924235359,49963.17724411541,49976.50456738432,49953.57800193765,22.926565446672612,8,,,,0.0014374768124357875,0.9999987581145307,0.999993439738759,0.0014374768124357875,False
california_housing,regression,tabpfn_2_6,numeric_code,T2,affine,all,standardization,zscore_reference,1,0.0050980177588377,52314.06592775223,52265.42138694389,52274.23671528886,52249.22207259555,25.014642693313363,8,,,,0.0050980177588377,0.9999840270320642,0.999965969343307,0.0050980177588377,False
california_housing,regression,tabpfn_2_6,numeric_code,T2,affine,all,standardization,zscore_reference,2,0.0009767258650355876,52072.84315066484,52077.898480477306,52084.69312695504,52071.61158544508,13.081541509956878,8,,,,0.0009767258650355876,0.9999994213890914,0.9999957084492052,0.0009767258650355876,False
california_housing,regression,tabpfn_2_6,numeric_code,T2,affine,one,none,original__numeric_code,0,0.033751980120344874,50472.45070884558,50624.05582636811,51314.425084691466,50217.86667342813,1096.558411263337,8,,,,0.033751980120344874,0.9991329653610611,0.9989267881998088,0.033751980120344874,False
california_housing,regression,tabpfn_2_6,numeric_code,T2,affine,one,none,original__numeric_code,1,0.028237123259408824,50983.95638055147,51022.000012899625,51409.42498605738,50695.03373986704,714.3912461903383,8,,,,0.028237123259408824,0.9994397384752424,0.9992764601822764,0.028237123259408824,False
california_housing,regression,tabpfn_2_6,numeric_code,T2,affine,one,none,original__numeric_code,2,0.024005125162063726,50737.96888718207,50894.21318410372,51437.65857958323,50558.1105258076,879.5480537756303,8,,,,0.024005125162063726,0.9994651183946702,0.9992521302185258,0.024005125162063726,False
california_housing,regression,tabpfn_2_6,numeric_code,T2,affine,one,standardization,zscore_reference,0,0.0004758663525816375,49963.68924235359,49963.75942604602,49972.93900891764,49951.28645604965,21.652552867984923,8,,,,0.0004758663525816375,0.99999964651257,0.9999974854194562,0.0004758663525816375,False
california_housing,regression,tabpfn_2_6,numeric_code,T2,affine,one,standardization,zscore_reference,1,0.00145319703330855,52314.06592775223,52313.447460219315,52327.65763165115,52280.83453479893,46.82309685221844,8,,,,0.00145319703330855,0.9999974822639623,0.9999938979512136,0.00145319703330855,False
california_housing,regression,tabpfn_2_6,numeric_code,T2,affine,one,standardization,zscore_reference,2,0.000493941048029175,52072.84315066484,52072.64359039679,52079.81269485784,52067.93397583324,11.878719024600287,8,,,,0.000493941048029175,0.9999997673322044,0.9999980330392191,0.000493941048029175,False
california_housing,regression,tabpfn_2_6,numeric_code,T2,scaling,all,none,original__numeric_code,0,0.0,50472.45070884558,50472.45070884558,50472.45070884558,50472.45070884558,0.0,8,,,,0.0,1.0,1.0,0.0,False
california_housing,regression,tabpfn_2_6,numeric_code,T2,scaling,all,none,original__numeric_code,1,0.0,50983.95638055147,50983.95638055147,50983.95638055147,50983.95638055147,0.0,8,,,,0.0,1.0,1.0,0.0,False
california_housing,regression,tabpfn_2_6,numeric_code,T2,scaling,all,none,original__numeric_code,2,0.003376001799201425,50737.96888718207,50761.05997576748,50791.5535670594,50732.103125384274,59.450441675129696,8,,,,0.003376001799201425,0.9999921867535939,0.999982073834701,0.003376001799201425,False
california_housing,regression,tabpfn_2_6,numeric_code,T2,scaling,all,standardization,zscore_reference,0,0.0014570032712873126,49963.68924235359,49964.608019543164,49972.84397670238,49957.700512413096,15.143464289285475,8,,,,0.0014570032712873126,0.9999986781542756,0.9999934956183266,0.0014570032712873126,False
california_housing,regression,tabpfn_2_6,numeric_code,T2,scaling,all,standardization,zscore_reference,1,0.005131176756645537,52314.06592775223,52267.60217286741,52293.25078128595,52249.19511769717,44.05566358877695,8,,,,0.005131176756645537,0.9999833698182616,0.9999662152134046,0.005131176756645537,False
california_housing,regression,tabpfn_2_6,numeric_code,T2,scaling,all,standardization,zscore_reference,2,0.0010720781221374375,52072.84315066484,52071.786832165584,52085.17477669186,52059.83718597985,25.33759071201348,8,,,,0.0010720781221374375,0.9999993027587751,0.9999954066995399,0.0010720781221374375,False
california_housing,regression,tabpfn_2_6,numeric_code,T2,scaling,one,none,original__numeric_code,0,0.0,50472.45070884558,50472.45070884558,50472.45070884558,50472.45070884558,0.0,8,,,,0.0,1.0,1.0,0.0,False
california_housing,regression,tabpfn_2_6,numeric_code,T2,scaling,one,none,original__numeric_code,1,0.0,50983.95638055147,50983.95638055147,50983.95638055147,50983.95638055147,0.0,8,,,,0.0,1.0,1.0,0.0,False
california_housing,regression,tabpfn_2_6,numeric_code,T2,scaling,one,none,original__numeric_code,2,0.0004375822044869,50737.96888718207,50741.47416145363,50770.393724766094,50733.58624377054,36.80748099555785,8,,,,0.0004375822044869,0.99999941390159,0.9999985471312414,0.0004375822044869,False
california_housing,regression,tabpfn_2_6,numeric_code,T2,scaling,one,standardization,zscore_reference,0,0.00020970843466205,49963.68924235359,49963.90017199919,49966.99123289059,49962.07468898137,4.916543909224856,8,,,,0.00020970843466205,0.9999998975524488,0.9999990276955231,0.00020970843466205,False
california_housing,regression,tabpfn_2_6,numeric_code,T2,scaling,one,standardization,zscore_reference,1,0.001326268334277275,52314.06592775223,52303.850167034994,52317.81272894191,52280.83453479893,36.97819414298283,8,,,,0.001326268334277275,0.9999978196832324,0.9999949903967038,0.001326268334277275,False
california_housing,regression,tabpfn_2_6,numeric_code,T2,scaling,one,standardization,zscore_reference,2,0.000205619619107375,52072.84315066484,52073.985235519795,52079.81269485784,52072.84315066484,6.969544193001639,8,,,,0.000205619619107375,0.999999899507356,0.9999992065101395,0.000205619619107375,False
california_housing,regression,tabpfn_2_6,numeric_code,T3,mixed_monotone,all,none,original__numeric_code,0,0.11394819293574436,50472.45070884558,50611.748663744766,50730.72693101013,50300.85252878,429.87440223013255,8,,,,0.11394819293574436,0.9916417507846047,0.9917417039852771,0.11394819293574436,True
california_housing,regression,tabpfn_2_6,numeric_code,T3,mixed_monotone,all,none,original__numeric_code,1,0.10097560854857622,50983.95638055147,51839.2477520477,51976.89712776193,51179.279353268335,797.6177744935922,8,,,,0.10097560854857622,0.9938491800469658,0.9922248387270974,0.10097560854857622,True
california_housing,regression,tabpfn_2_6,numeric_code,T3,mixed_monotone,all,none,original__numeric_code,2,0.09375553301753034,50737.96888718207,50944.49759471187,51242.05739519808,50613.57963081469,628.4777643833877,8,,,,0.09375553301753034,0.994337133370164,0.9934399399254413,0.09375553301753034,True
california_housing,regression,tabpfn_2_6,numeric_code,T3,mixed_monotone,all,quantile_rank,quantile_reference,0,0.008626579937089474,50636.71265815602,50634.80549581755,50639.25468232397,50624.097789994565,15.15689232940349,8,,,,0.008626579937089474,0.999895273788026,0.9998560207060174,0.008626579937089474,False
california_housing,regression,tabpfn_2_6,numeric_code,T3,mixed_monotone,all,quantile_rank,quantile_reference,1,0.004195531647565675,51976.89712776193,51974.86340043297,51980.48600829316,51969.26482455093,11.221183742229186,8,,,,0.004195531647565675,0.9999747118538574,0.9999619013107828,0.004195531647565675,False
california_housing,regression,tabpfn_2_6,numeric_code,T3,mixed_monotone,all,quantile_rank,quantile_reference,2,0.004892946417894213,50613.57963081469,50637.1734799505,50676.958358944175,50612.43563102237,64.52272792180884,8,,,,0.004892946417894213,0.999964898975198,0.9999539887640048,0.004892946417894213,False
california_housing,regression,tabpfn_2_6,numeric_code,T6,cond_le_10,one,none,basis_reference__median_income,0,0.10323409259266875,50369.01896799084,51312.49496887416,52702.98520352001,50442.392819525696,2260.5923839943134,8,,,,0.10323409259266875,0.9937438668698416,0.9930556449628638,0.10323409259266875,True
california_housing,regression,tabpfn_2_6,numeric_code,T6,cond_le_10,one,none,basis_reference__median_income,1,0.09307378954051752,50566.31393245603,51413.48478865816,51830.4673416734,50775.09991410688,1055.367427566518,8,,,,0.09307378954051752,0.9948254263091884,0.9932489770909866,0.09307378954051752,True
california_housing,regression,tabpfn_2_6,numeric_code,T6,cond_le_10,one,none,basis_reference__median_income,2,0.1064617741025237,50159.61838591112,50332.6254491308,51602.40599555667,49413.39650476733,2189.0094907893435,8,,,,0.1064617741025237,0.9933346553125273,0.9912981766810005,0.1064617741025237,True
california_housing,regression,tabpfn_2_6,numeric_code,T6,cond_le_3,one,none,basis_reference__median_income,0,0.10492865321863808,50369.01896799084,50968.43262510902,51584.10315659212,50107.51712791163,1476.586028680489,8,,,,0.10492865321863808,0.9935404025812697,0.9935909265172063,0.10492865321863808,True
california_housing,regression,tabpfn_2_6,numeric_code,T6,cond_le_3,one,none,basis_reference__median_income,1,0.09800294755865598,50566.31393245603,51205.677535959105,52108.98437845547,50826.92270442905,1282.0616740264159,8,,,,0.09800294755865598,0.9942007006441562,0.9920420678372586,0.09800294755865598,True
california_housing,regression,tabpfn_2_6,numeric_code,T6,cond_le_3,one,none,basis_reference__median_income,2,0.10260309426339695,50159.61838591112,50304.48891770225,51412.00660377209,49827.14517247486,1584.8614312972277,8,,,,0.10260309426339695,0.9938502362937075,0.9923915386532827,0.10260309426339695,True
california_housing,regression,tabpfn_2_6,numeric_code,T6,orthogonal,one,none,basis_reference__median_income,0,0.10706035368921567,50369.01896799084,50898.09834904558,52261.46725406523,49957.8927602663,2303.5744937989293,8,,,,0.10706035368921567,0.9932819818333467,0.992958157469158,0.10706035368921567,True
california_housing,regression,tabpfn_2_6,numeric_code,T6,orthogonal,one,none,basis_reference__median_income,1,0.09212960801621822,50566.31393245603,51394.504454173264,52058.82479954429,50716.5168245852,1342.3079749590906,8,,,,0.09212960801621822,0.9948944234654813,0.99314895266491,0.09212960801621822,True
california_housing,regression,tabpfn_2_6,numeric_code,T6,orthogonal,one,none,basis_reference__median_income,2,0.10772024732381023,50159.61838591112,50528.04775836774,51086.37094566294,49667.2502233522,1419.120722310734,8,,,,0.10772024732381023,0.9931923809011107,0.991534971936834,0.10772024732381023,True
diamonds,regression,catboost,native_categorical,T1,nominal_relabeling,all,nominal_canonicalization,nominal_canonical_ref__native_categorical,0,0.0,735.0508933026975,735.0508933026975,735.0508933026975,735.0508933026975,0.0,8,,,,0.0,1.0,1.0,0.0,False
diamonds,regression,catboost,native_categorical,T1,nominal_relabeling,all,nominal_canonicalization,nominal_canonical_ref__native_categorical,1,0.0,736.8797145686532,736.8797145686532,736.8797145686532,736.8797145686532,0.0,8,,,,0.0,1.0,1.0,0.0,False
diamonds,regression,catboost,native_categorical,T1,nominal_relabeling,all,nominal_canonicalization,nominal_canonical_ref__native_categorical,2,0.0,727.3576178529677,727.3576178529677,727.3576178529677,727.3576178529677,0.0,8,,,,0.0,1.0,1.0,0.0,False
diamonds,regression,catboost,native_categorical,T1,nominal_relabeling,all,none,original__native_categorical,0,0.0,690.0598291535119,690.0598291535119,690.0598291535119,690.0598291535119,0.0,8,,,,0.0,1.0,1.0,0.0,False
diamonds,regression,catboost,native_categorical,T1,nominal_relabeling,all,none,original__native_categorical,1,0.0,688.9649047997056,688.9649047997056,688.9649047997056,688.9649047997056,0.0,8,,,,0.0,1.0,1.0,0.0,False
diamonds,regression,catboost,native_categorical,T1,nominal_relabeling,all,none,original__native_categorical,2,0.0,672.0942208424601,672.0942208424601,672.0942208424601,672.0942208424601,0.0,8,,,,0.0,1.0,1.0,0.0,False
diamonds,regression,catboost,native_categorical,T1,nominal_relabeling,one,none,original__native_categorical,0,0.0,690.0598291535119,690.0598291535119,690.0598291535119,690.0598291535119,0.0,8,,,,0.0,1.0,1.0,0.0,False
diamonds,regression,catboost,native_categorical,T1,nominal_relabeling,one,none,original__native_categorical,1,0.0,688.9649047997056,688.9649047997056,688.9649047997056,688.9649047997056,0.0,8,,,,0.0,1.0,1.0,0.0,False
diamonds,regression,catboost,native_categorical,T1,nominal_relabeling,one,none,original__native_categorical,2,0.0,672.0942208424601,672.0942208424601,672.0942208424601,672.0942208424601,0.0,8,,,,0.0,1.0,1.0,0.0,False
diamonds,regression,catboost,native_categorical,T4,ordinal_categorical,all,none,ordinal_categorical_reference,0,0.0,690.0598291535119,690.0598291535119,690.0598291535119,690.0598291535119,0.0,8,,,,0.0,1.0,1.0,0.0,False
diamonds,regression,catboost,native_categorical,T4,ordinal_categorical,all,none,ordinal_categorical_reference,1,0.0,688.9649047997056,688.9649047997056,688.9649047997056,688.9649047997056,0.0,8,,,,0.0,1.0,1.0,0.0,False
diamonds,regression,catboost,native_categorical,T4,ordinal_categorical,all,none,ordinal_categorical_reference,2,0.0,672.0942208424601,672.0942208424601,672.0942208424601,672.0942208424601,0.0,8,,,,0.0,1.0,1.0,0.0,False
diamonds,regression,catboost,native_categorical,T4,ordinal_categorical,one,none,ordinal_categorical_reference,0,0.0,690.0598291535119,690.0598291535119,690.0598291535119,690.0598291535119,0.0,8,,,,0.0,1.0,1.0,0.0,False
diamonds,regression,catboost,native_categorical,T4,ordinal_categorical,one,none,ordinal_categorical_reference,1,0.0,688.9649047997056,688.9649047997056,688.9649047997056,688.9649047997056,0.0,8,,,,0.0,1.0,1.0,0.0,False
diamonds,regression,catboost,native_categorical,T4,ordinal_categorical,one,none,ordinal_categorical_reference,2,0.0,672.0942208424601,672.0942208424601,672.0942208424601,672.0942208424601,0.0,8,,,,0.0,1.0,1.0,0.0,False
diamonds,regression,catboost,numeric_code,T0,column_permutation,all,none,original__numeric_code,0,0.038039409308178035,736.9706640816986,731.1546525486411,750.1349972906653,720.4905326517173,29.644464638947966,8,,,,0.038039409308178035,0.999212574516576,0.9986833656272531,0.038039409308178035,False
diamonds,regression,catboost,numeric_code,T0,column_permutation,all,none,original__numeric_code,1,0.040846250309387974,739.5302863165549,735.2000399678386,751.7504427737554,723.8972306738863,27.853212099869097,8,,,,0.040846250309387974,0.9990909294182059,0.9986614161031642,0.040846250309387974,False
diamonds,regression,catboost,numeric_code,T0,column_permutation,all,none,original__numeric_code,2,0.0390472973574771,729.5314342371851,733.9375864800243,751.2124165802642,718.7781705208614,32.43424605940277,8,,,,0.0390472973574771,0.9991701973201312,0.9985864481051372,0.0390472973574771,False
diamonds,regression,catboost,numeric_code,T1,nominal_relabeling,all,nominal_canonicalization,nominal_canonical_ref__numeric_code,0,0.0,735.0508933026975,735.0508933026975,735.0508933026975,735.0508933026975,0.0,8,,,,0.0,1.0,1.0,0.0,False
diamonds,regression,catboost,numeric_code,T1,nominal_relabeling,all,nominal_canonicalization,nominal_canonical_ref__numeric_code,1,0.0,736.8797145686532,736.8797145686532,736.8797145686532,736.8797145686532,0.0,8,,,,0.0,1.0,1.0,0.0,False
diamonds,regression,catboost,numeric_code,T1,nominal_relabeling,all,nominal_canonicalization,nominal_canonical_ref__numeric_code,2,0.0,727.3576178529677,727.3576178529677,727.3576178529677,727.3576178529677,0.0,8,,,,0.0,1.0,1.0,0.0,False
diamonds,regression,catboost,numeric_code,T1,nominal_relabeling,all,none,original__numeric_code,0,0.09911508214874913,736.9706640816986,842.8907489646674,899.3582222795252,781.6098752360454,117.74834704347984,8,,,,0.09911508214874913,0.9946275164153981,0.9959817561705347,0.09911508214874913,True
diamonds,regression,catboost,numeric_code,T1,nominal_relabeling,all,none,original__numeric_code,1,0.09976460886042603,739.5302863165549,830.0755128674028,880.8723038100271,773.9469276338435,106.92537617618359,8,,,,0.09976460886042603,0.994556619390378,0.9964559053986617,0.09976460886042603,True
diamonds,regression,catboost,numeric_code,T1,nominal_relabeling,all,none,original__numeric_code,2,0.10014276748079572,729.5314342371851,827.2469761925278,879.0826246182812,762.3091117730122,116.77351284526901,8,,,,0.10014276748079572,0.99449362535584,0.9967553752567777,0.10014276748079572,True
diamonds,regression,catboost,numeric_code,T1,nominal_relabeling,one,none,original__numeric_code,0,0.04815947875270511,736.9706640816986,756.3134596723988,800.6789109002419,720.1631263683562,80.51578453188574,8,,,,0.04815947875270511,0.9983699380143628,0.9983659920348816,0.04815947875270511,False
diamonds,regression,catboost,numeric_code,T1,nominal_relabeling,one,none,original__numeric_code,1,0.04957174055352796,739.5302863165549,757.0824977632163,791.1521962364528,716.4824958915766,74.66970034487622,8,,,,0.04957174055352796,0.9982296501448571,0.9985906977118177,0.04957174055352796,False
diamonds,regression,catboost,numeric_code,T1,nominal_relabeling,one,none,original__numeric_code,2,0.049589422635801114,729.5314342371851,745.9184812258998,784.2781823107209,713.6346362338126,70.64354607690836,8,,,,0.049589422635801114,0.9983305601676477,0.9986499691962667,0.049589422635801114,False
diamonds,regression,catboost,numeric_code,T2,affine,all,none,original__numeric_code,0,0.00046003184907674664,736.9706640816986,737.0569372178395,737.9306209986888,736.7113742125058,1.219246786183021,8,,,,0.00046003184907674664,0.9999997823937722,0.9999998770649512,0.00046003184907674664,False
diamonds,regression,catboost,numeric_code,T2,affine,all,none,original__numeric_code,1,0.0008585492457199124,739.5302863165549,739.6863249146589,741.8783188094025,738.4323842887512,3.4459345206512353,8,,,,0.0008585492457199124,0.9999991725593687,0.999999687074407,0.0008585492457199124,False
diamonds,regression,catboost,numeric_code,T2,affine,all,none,original__numeric_code,2,0.001164628745179625,729.5314342371851,729.9815639875104,731.7242847377515,728.5151681146989,3.209116623052637,8,,,,0.001164628745179625,0.9999989225043759,0.9999995306116318,0.001164628745179625,False
diamonds,regression,catboost,numeric_code,T2,affine,all,standardization,zscore_reference,0,0.0,736.8170052291541,736.8170052291541,736.8170052291541,736.8170052291541,0.0,8,,,,0.0,1.0,1.0,0.0,False
diamonds,regression,catboost,numeric_code,T2,affine,all,standardization,zscore_reference,1,0.0,739.1271067804594,739.1271067804594,739.1271067804594,739.1271067804594,0.0,8,,,,0.0,1.0,0.9999999999999998,0.0,False
diamonds,regression,catboost,numeric_code,T2,affine,all,standardization,zscore_reference,2,0.0,730.883410379703,730.883410379703,730.883410379703,730.883410379703,0.0,8,,,,0.0,1.0,1.0,0.0,False
diamonds,regression,catboost,numeric_code,T2,affine,one,none,original__numeric_code,0,0.00019245855963391251,736.9706640816986,737.0480867298236,737.8741301016897,736.672033874233,1.2020962274567637,8,,,,0.00019245855963391251,0.9999999118657161,0.9999999776481729,0.00019245855963391251,False
diamonds,regression,catboost,numeric_code,T2,affine,one,none,original__numeric_code,1,0.000534702542571475,739.5302863165549,739.6570968244076,741.8705798727357,738.2044768231962,3.6661030495395153,8,,,,0.000534702542571475,0.9999993248350582,0.9999999999999998,0.000534702542571475,False
diamonds,regression,catboost,numeric_code,T2,affine,one,none,original__numeric_code,2,0.000446271856568475,729.5314342371851,729.6109973215598,731.1316141620297,728.5450306018769,2.5865835601528033,8,,,,0.000446271856568475,0.9999995158334979,0.9999999552963459,0.000446271856568475,False
diamonds,regression,catboost,numeric_code,T2,affine,one,standardization,zscore_reference,0,0.0,736.8170052291541,736.8170052291541,736.8170052291541,736.8170052291541,0.0,8,,,,0.0,1.0,1.0,0.0,False
diamonds,regression,catboost,numeric_code,T2,affine,one,standardization,zscore_reference,1,0.0,739.1271067804594,739.1271067804594,739.1271067804594,739.1271067804594,0.0,8,,,,0.0,1.0,0.9999999999999998,0.0,False
diamonds,regression,catboost,numeric_code,T2,affine,one,standardization,zscore_reference,2,0.0,730.883410379703,730.883410379703,730.883410379703,730.883410379703,0.0,8,,,,0.0,1.0,1.0,0.0,False
diamonds,regression,catboost,numeric_code,T2,scaling,all,none,original__numeric_code,0,0.000258936766733,736.9706640816986,737.0578013685507,737.9482506725358,736.7259247042078,1.2223259683279366,8,,,,0.000258936766733,0.9999998997970877,0.9999999217686053,0.000258936766733,False
diamonds,regression,catboost,numeric_code,T2,scaling,all,none,original__numeric_code,1,0.0008243223090401258,739.5302863165549,739.6612803345737,742.0461492647368,738.4323842887512,3.613764975985532,8,,,,0.0008243223090401258,0.9999992046445562,0.9999994970838685,0.0008243223090401258,False
diamonds,regression,catboost,numeric_code,T2,scaling,all,none,original__numeric_code,2,0.0005525529018511429,729.5314342371851,729.6538875007095,731.4442030263232,728.5379282048773,2.9062748214458907,8,,,,0.0005525529018511429,0.9999994072731675,0.9999997429539889,0.0005525529018511429,False
diamonds,regression,catboost,numeric_code,T2,scaling,all,standardization,zscore_reference,0,0.0,736.8170052291541,736.8170052291541,736.8170052291541,736.8170052291541,0.0,8,,,,0.0,1.0,1.0,0.0,False
diamonds,regression,catboost,numeric_code,T2,scaling,all,standardization,zscore_reference,1,0.0,739.1271067804594,739.1271067804594,739.1271067804594,739.1271067804594,0.0,8,,,,0.0,1.0,0.9999999999999998,0.0,False
diamonds,regression,catboost,numeric_code,T2,scaling,all,standardization,zscore_reference,2,0.0,730.883410379703,730.883410379703,730.883410379703,730.883410379703,0.0,8,,,,0.0,1.0,1.0,0.0,False
diamonds,regression,catboost,numeric_code,T2,scaling,one,none,original__numeric_code,0,1.30249604280875e-05,736.9706640816986,736.9715329180095,736.9776147721864,736.9706640816986,0.006950690487769862,8,,,,1.30249604280875e-05,0.9999999992628823,0.9999999888240865,1.30249604280875e-05,False
diamonds,regression,catboost,numeric_code,T2,scaling,one,none,original__numeric_code,1,6.764718930457581e-05,739.5302863165549,739.5346709082338,739.5651012620511,739.5302863165549,0.03481494549623676,8,,,,6.764718930457581e-05,0.9999999847332418,0.9999997653058051,6.764718930457581e-05,False
diamonds,regression,catboost,numeric_code,T2,scaling,one,none,original__numeric_code,2,1.4492811937275e-05,729.5314342371851,729.5320217295564,729.5361341761557,729.5314342371851,0.004699938970588846,8,,,,1.4492811937275e-05,0.9999999990873663,0.9999999888240865,1.4492811937275e-05,False
diamonds,regression,catboost,numeric_code,T2,scaling,one,standardization,zscore_reference,0,0.0,736.8170052291541,736.8170052291541,736.8170052291541,736.8170052291541,0.0,8,,,,0.0,1.0,1.0,0.0,False
diamonds,regression,catboost,numeric_code,T2,scaling,one,standardization,zscore_reference,1,0.0,739.1271067804594,739.1271067804594,739.1271067804594,739.1271067804594,0.0,8,,,,0.0,1.0,0.9999999999999998,0.0,False
diamonds,regression,catboost,numeric_code,T2,scaling,one,standardization,zscore_reference,2,0.0,730.883410379703,730.883410379703,730.883410379703,730.883410379703,0.0,8,,,,0.0,1.0,1.0,0.0,False
diamonds,regression,catboost,numeric_code,T3,mixed_monotone,all,none,original__numeric_code,0,0.000669884801017175,736.9706640816986,736.7765587282682,736.9313375853549,736.6652362150232,0.26610137033162573,8,,,,0.000669884801017175,0.9999996113281018,0.9999997988335565,0.000669884801017175,False
diamonds,regression,catboost,numeric_code,T3,mixed_monotone,all,none,original__numeric_code,1,0.0012615176449914125,739.5302863165549,738.6950395714367,739.3027173052216,738.262377967055,1.0403393381665182,8,,,,0.0012615176449914125,0.9999991209183972,0.9999998658890314,0.0012615176449914125,False
diamonds,regression,catboost,numeric_code,T3,mixed_monotone,all,none,original__numeric_code,2,0.0012755390400156625,729.5314342371851,729.6844046838253,730.5144138594828,728.5151681146989,1.9992457447839342,8,,,,0.0012755390400156625,0.9999984939842785,0.9999993294451883,0.0012755390400156625,False
diamonds,regression,catboost,numeric_code,T3,mixed_monotone,all,quantile_rank,quantile_reference,0,0.0005143861460937,736.9313375853549,736.8315495714805,736.9313375853549,736.6652362150232,0.26610137033162573,8,,,,0.0005143861460937,0.9999996365554539,0.9999997988335565,0.0005143861460937,False
diamonds,regression,catboost,numeric_code,T3,mixed_monotone,all,quantile_rank,quantile_reference,1,0.0005005597861378125,739.3027173052216,738.9125900534091,739.3027173052216,738.262377967055,1.0403393381665182,8,,,,0.0005005597861378125,0.9999996519133522,0.9999998658890314,0.0005005597861378125,False
diamonds,regression,catboost,numeric_code,T3,mixed_monotone,all,quantile_rank,quantile_reference,2,0.000973958830800525,729.6157091509017,729.9527234166196,730.5144138594828,729.6157091509017,0.8987047085811355,8,,,,0.000973958830800525,0.9999986526081148,0.9999993294451883,0.000973958830800525,False
diamonds,regression,catboost,numeric_code,T4,ordinal_integer,all,none,ordinal_integer_reference,0,0.0,634.8659212702235,634.8659212702235,634.8659212702235,634.8659212702235,0.0,8,,,,0.0,1.0,1.0,0.0,False
diamonds,regression,catboost,numeric_code,T4,ordinal_integer,all,none,ordinal_integer_reference,1,0.0,647.7415964477648,647.7415964477648,647.7415964477648,647.7415964477648,0.0,8,,,,0.0,1.0,1.0,0.0,False
diamonds,regression,catboost,numeric_code,T4,ordinal_integer,all,none,ordinal_integer_reference,2,0.0,627.7849323961411,627.7849323961411,627.7849323961411,627.7849323961411,0.0,8,,,,0.0,1.0,1.0,0.0,False
diamonds,regression,catboost,numeric_code,T4,ordinal_integer,all,ordinal_canonicalization,ordinal_rank_reference,0,0.0,634.8659212702235,634.8659212702235,634.8659212702235,634.8659212702235,0.0,8,,,,0.0,1.0,1.0,0.0,False
diamonds,regression,catboost,numeric_code,T4,ordinal_integer,all,ordinal_canonicalization,ordinal_rank_reference,1,0.0,647.7415964477648,647.7415964477648,647.7415964477648,647.7415964477648,0.0,8,,,,0.0,1.0,1.0,0.0,False
diamonds,regression,catboost,numeric_code,T4,ordinal_integer,all,ordinal_canonicalization,ordinal_rank_reference,2,0.0,627.7849323961411,627.7849323961411,627.7849323961411,627.7849323961411,0.0,8,,,,0.0,1.0,1.0,0.0,False
diamonds,regression,catboost,numeric_code,T4,ordinal_integer,one,none,ordinal_integer_reference,0,0.0,634.8659212702235,634.8659212702235,634.8659212702235,634.8659212702235,0.0,8,,,,0.0,1.0,1.0,0.0,False
diamonds,regression,catboost,numeric_code,T4,ordinal_integer,one,none,ordinal_integer_reference,1,0.0,647.7415964477648,647.7415964477648,647.7415964477648,647.7415964477648,0.0,8,,,,0.0,1.0,1.0,0.0,False
diamonds,regression,catboost,numeric_code,T4,ordinal_integer,one,none,ordinal_integer_reference,2,0.0,627.7849323961411,627.7849323961411,627.7849323961411,627.7849323961411,0.0,8,,,,0.0,1.0,1.0,0.0,False
diamonds,regression,catboost,numeric_code,T4,ordinal_integer,one,ordinal_canonicalization,ordinal_rank_reference,0,0.0,634.8659212702235,634.8659212702235,634.8659212702235,634.8659212702235,0.0,8,,,,0.0,1.0,1.0,0.0,False
diamonds,regression,catboost,numeric_code,T4,ordinal_integer,one,ordinal_canonicalization,ordinal_rank_reference,1,0.0,647.7415964477648,647.7415964477648,647.7415964477648,647.7415964477648,0.0,8,,,,0.0,1.0,1.0,0.0,False
diamonds,regression,catboost,numeric_code,T4,ordinal_integer,one,ordinal_canonicalization,ordinal_rank_reference,2,0.0,627.7849323961411,627.7849323961411,627.7849323961411,627.7849323961411,0.0,8,,,,0.0,1.0,1.0,0.0,False
diamonds,regression,catboost,numeric_code,T6,cond_le_10,one,none,basis_reference__y,0,0.035778816913697324,770.9927072707131,763.0924565543214,778.3468734000556,746.1807365238726,32.16613687618303,8,,,,0.035778816913697324,0.9993018106858216,0.9985408280261155,0.035778816913697324,False
diamonds,regression,catboost,numeric_code,T6,cond_le_10,one,none,basis_reference__y,1,0.035973228682622226,755.8393689521859,756.966411293161,770.4416460533124,740.6211263804344,29.82051967287805,8,,,,0.035973228682622226,0.999300762446389,0.9985638392320699,0.035973228682622226,False
diamonds,regression,catboost,numeric_code,T6,cond_le_10,one,none,basis_reference__y,2,0.038043651029933095,741.4176876317745,751.5041169140338,765.8025272303121,728.3940127978393,37.40851443247277,8,,,,0.038043651029933095,0.9992077253657128,0.9984311923144047,0.038043651029933095,False
diamonds,regression,catboost,numeric_code,T6,cond_le_3,one,none,basis_reference__y,0,0.03576802437315215,770.9927072707131,771.3865635922165,783.6532976810349,756.5654275395851,27.087870141449798,8,,,,0.03576802437315215,0.999301046237963,0.9986082634883441,0.03576802437315215,False
diamonds,regression,catboost,numeric_code,T6,cond_le_3,one,none,basis_reference__y,1,0.0357638065533881,755.8393689521859,762.8397298339193,785.9619177811929,754.4406833859363,31.52123439525667,8,,,,0.0357638065533881,0.9993017602334039,0.9986640201209358,0.0357638065533881,False
diamonds,regression,catboost,numeric_code,T6,cond_le_3,one,none,basis_reference__y,2,0.03730327844410272,741.4176876317745,758.0093551443464,771.4889750582562,738.5953131426527,32.8936619156035,8,,,,0.03730327844410272,0.9992371050321196,0.9985160510258237,0.03730327844410272,False
diamonds,regression,catboost,numeric_code,T6,orthogonal,one,none,basis_reference__y,0,0.03643891165111954,770.9927072707131,763.3850231602214,775.4109610130039,753.0091211061979,22.401839906806003,8,,,,0.03643891165111954,0.9992834412973677,0.9986322581746889,0.03643891165111954,False
diamonds,regression,catboost,numeric_code,T6,orthogonal,one,none,basis_reference__y,1,0.03497192591805055,755.8393689521859,760.1724866909293,769.7826770301233,747.6398730398857,22.142803990237553,8,,,,0.03497192591805055,0.9993304547851914,0.9985274392817088,0.03497192591805055,False
diamonds,regression,catboost,numeric_code,T6,orthogonal,one,none,basis_reference__y,2,0.03788030551382979,741.4176876317745,747.3209054339804,763.3983003440534,732.6524976475273,30.745802696526084,8,,,,0.03788030551382979,0.9992139987347751,0.9984434858192857,0.03788030551382979,False
diamonds,regression,tabicl_v2,numeric_code,T0,column_permutation,all,none,original__numeric_code,0,0.036366239072826476,535.6966631524552,562.1843388707609,573.5921810889095,545.9317687105289,27.660412378380556,8,,,,0.036366239072826476,0.9993080069824013,0.9996816591129517,0.036366239072826476,False
diamonds,regression,tabicl_v2,numeric_code,T0,column_permutation,all,none,original__numeric_code,1,0.036366239072826476,535.6966631524552,562.1843388707609,573.5921810889095,545.9317687105289,27.660412378380556,8,,,,0.036366239072826476,0.9993080069824013,0.9996816591129517,0.036366239072826476,False
diamonds,regression,tabicl_v2,numeric_code,T0,column_permutation,all,none,original__numeric_code,2,0.036366239072826476,535.6966631524552,562.1843388707609,573.5921810889095,545.9317687105289,27.660412378380556,8,,,,0.036366239072826476,0.9993080069824013,0.9996816591129517,0.036366239072826476,False
diamonds,regression,tabicl_v2,numeric_code,T1,nominal_relabeling,all,nominal_canonicalization,nominal_canonical_ref__numeric_code,0,0.0,547.1134038792534,547.1134038792534,547.1134038792534,547.1134038792534,0.0,8,,,,0.0,1.0,1.0,0.0,False
diamonds,regression,tabicl_v2,numeric_code,T1,nominal_relabeling,all,nominal_canonicalization,nominal_canonical_ref__numeric_code,1,0.0,547.1134038792534,547.1134038792534,547.1134038792534,547.1134038792534,0.0,8,,,,0.0,1.0,1.0,0.0,False
diamonds,regression,tabicl_v2,numeric_code,T1,nominal_relabeling,all,nominal_canonicalization,nominal_canonical_ref__numeric_code,2,0.0,547.1134038792534,547.1134038792534,547.1134038792534,547.1134038792534,0.0,8,,,,0.0,1.0,1.0,0.0,False
diamonds,regression,tabicl_v2,numeric_code,T1,nominal_relabeling,all,none,original__numeric_code,0,0.038172351691819636,535.6966631524552,543.8917909575845,591.794925780524,519.0265360693684,72.76838971115558,8,,,,0.038172351691819636,0.9992777108089927,0.9996605505461684,0.038172351691819636,False
diamonds,regression,tabicl_v2,numeric_code,T1,nominal_relabeling,all,none,original__numeric_code,1,0.038172351691819636,535.6966631524552,543.8917909575845,591.794925780524,519.0265360693684,72.76838971115558,8,,,,0.038172351691819636,0.9992777108089927,0.9996605505461684,0.038172351691819636,False
diamonds,regression,tabicl_v2,numeric_code,T1,nominal_relabeling,all,none,original__numeric_code,2,0.038172351691819636,535.6966631524552,543.8917909575845,591.794925780524,519.0265360693684,72.76838971115558,8,,,,0.038172351691819636,0.9992777108089927,0.9996605505461684,0.038172351691819636,False
diamonds,regression,tabicl_v2,numeric_code,T1,nominal_relabeling,one,none,original__numeric_code,0,0.021319604010232127,535.6966631524552,534.3825862938181,543.4965070409392,528.6602068146727,14.836300226266417,8,,,,0.021319604010232127,0.9997149616622708,0.9998550118112728,0.021319604010232127,False
diamonds,regression,tabicl_v2,numeric_code,T1,nominal_relabeling,one,none,original__numeric_code,1,0.021319604010232127,535.6966631524552,534.3825862938181,543.4965070409392,528.6602068146727,14.836300226266417,8,,,,0.021319604010232127,0.9997149616622708,0.9998550118112728,0.021319604010232127,False
diamonds,regression,tabicl_v2,numeric_code,T1,nominal_relabeling,one,none,original__numeric_code,2,0.021319604010232127,535.6966631524552,534.3825862938181,543.4965070409392,528.6602068146727,14.836300226266417,8,,,,0.021319604010232127,0.9997149616622708,0.9998550118112728,0.021319604010232127,False
diamonds,regression,tabicl_v2,numeric_code,T2,affine,all,none,original__numeric_code,0,0.0033937613685233754,535.6966631524552,535.5763854433559,536.224514022637,534.5229174428998,1.7015965797371564,8,,,,0.0033937613685233754,0.9999939655040363,0.9999870107745457,0.0033937613685233754,False
diamonds,regression,tabicl_v2,numeric_code,T2,affine,all,none,original__numeric_code,1,0.0033937613685233754,535.6966631524552,535.5763854433559,536.224514022637,534.5229174428998,1.7015965797371564,8,,,,0.0033937613685233754,0.9999939655040363,0.9999870107745457,0.0033937613685233754,False
diamonds,regression,tabicl_v2,numeric_code,T2,affine,all,none,original__numeric_code,2,0.0033937613685233754,535.6966631524552,535.5763854433559,536.224514022637,534.5229174428998,1.7015965797371564,8,,,,0.0033937613685233754,0.9999939655040363,0.9999870107745457,0.0033937613685233754,False
diamonds,regression,tabicl_v2,numeric_code,T2,affine,all,standardization,zscore_reference,0,0.0,535.6966631524552,535.6966631524552,535.6966631524552,535.6966631524552,0.0,8,,,,0.0,1.0,1.0,0.0,False
diamonds,regression,tabicl_v2,numeric_code,T2,affine,all,standardization,zscore_reference,1,0.0,535.6966631524552,535.6966631524552,535.6966631524552,535.6966631524552,0.0,8,,,,0.0,1.0,1.0,0.0,False
diamonds,regression,tabicl_v2,numeric_code,T2,affine,all,standardization,zscore_reference,2,0.0,535.6966631524552,535.6966631524552,535.6966631524552,535.6966631524552,0.0,8,,,,0.0,1.0,1.0,0.0,False
diamonds,regression,tabicl_v2,numeric_code,T2,affine,one,none,original__numeric_code,0,0.0008396645204424499,535.6966631524552,535.697248316856,536.9241912873975,534.4738163327185,2.4503749546790914,8,,,,0.0008396645204424499,0.9999985290877617,0.9999963035599037,0.0008396645204424499,False
diamonds,regression,tabicl_v2,numeric_code,T2,affine,one,none,original__numeric_code,1,0.0008396645204424499,535.6966631524552,535.697248316856,536.9241912873975,534.4738163327185,2.4503749546790914,8,,,,0.0008396645204424499,0.9999985290877617,0.9999963035599037,0.0008396645204424499,False
diamonds,regression,tabicl_v2,numeric_code,T2,affine,one,none,original__numeric_code,2,0.0008396645204424499,535.6966631524552,535.697248316856,536.9241912873975,534.4738163327185,2.4503749546790914,8,,,,0.0008396645204424499,0.9999985290877617,0.9999963035599037,0.0008396645204424499,False
diamonds,regression,tabicl_v2,numeric_code,T2,affine,one,standardization,zscore_reference,0,0.0,535.6966631524552,535.6966631524552,535.6966631524552,535.6966631524552,0.0,8,,,,0.0,1.0,1.0,0.0,False
diamonds,regression,tabicl_v2,numeric_code,T2,affine,one,standardization,zscore_reference,1,0.0,535.6966631524552,535.6966631524552,535.6966631524552,535.6966631524552,0.0,8,,,,0.0,1.0,1.0,0.0,False
diamonds,regression,tabicl_v2,numeric_code,T2,affine,one,standardization,zscore_reference,2,0.0,535.6966631524552,535.6966631524552,535.6966631524552,535.6966631524552,0.0,8,,,,0.0,1.0,1.0,0.0,False
diamonds,regression,tabicl_v2,numeric_code,T2,scaling,all,none,original__numeric_code,0,0.0033414558192513127,535.6966631524552,535.3757953173119,536.5927694476519,533.9651505441989,2.627618903453026,8,,,,0.0033414558192513127,0.9999941551127256,0.9999873963427964,0.0033414558192513127,False
diamonds,regression,tabicl_v2,numeric_code,T2,scaling,all,none,original__numeric_code,1,0.0033414558192513127,535.6966631524552,535.3757953173119,536.5927694476519,533.9651505441989,2.627618903453026,8,,,,0.0033414558192513127,0.9999941551127256,0.9999873963427964,0.0033414558192513127,False
diamonds,regression,tabicl_v2,numeric_code,T2,scaling,all,none,original__numeric_code,2,0.0033414558192513127,535.6966631524552,535.3757953173119,536.5927694476519,533.9651505441989,2.627618903453026,8,,,,0.0033414558192513127,0.9999941551127256,0.9999873963427964,0.0033414558192513127,False
diamonds,regression,tabicl_v2,numeric_code,T2,scaling,all,standardization,zscore_reference,0,0.0,535.6966631524552,535.6966631524552,535.6966631524552,535.6966631524552,0.0,8,,,,0.0,1.0,1.0,0.0,False
diamonds,regression,tabicl_v2,numeric_code,T2,scaling,all,standardization,zscore_reference,1,0.0,535.6966631524552,535.6966631524552,535.6966631524552,535.6966631524552,0.0,8,,,,0.0,1.0,1.0,0.0,False
diamonds,regression,tabicl_v2,numeric_code,T2,scaling,all,standardization,zscore_reference,2,0.0,535.6966631524552,535.6966631524552,535.6966631524552,535.6966631524552,0.0,8,,,,0.0,1.0,1.0,0.0,False
diamonds,regression,tabicl_v2,numeric_code,T2,scaling,one,none,original__numeric_code,0,0.0012404210128340125,535.6966631524552,535.2743430928642,535.6966631524552,534.2104774225096,1.486185729945646,8,,,,0.0012404210128340125,0.9999978589395981,0.9999951887600922,0.0012404210128340125,False
diamonds,regression,tabicl_v2,numeric_code,T2,scaling,one,none,original__numeric_code,1,0.0012404210128340125,535.6966631524552,535.2743430928642,535.6966631524552,534.2104774225096,1.486185729945646,8,,,,0.0012404210128340125,0.9999978589395981,0.9999951887600922,0.0012404210128340125,False
diamonds,regression,tabicl_v2,numeric_code,T2,scaling,one,none,original__numeric_code,2,0.0012404210128340125,535.6966631524552,535.2743430928642,535.6966631524552,534.2104774225096,1.486185729945646,8,,,,0.0012404210128340125,0.9999978589395981,0.9999951887600922,0.0012404210128340125,False
diamonds,regression,tabicl_v2,numeric_code,T2,scaling,one,standardization,zscore_reference,0,0.0,535.6966631524552,535.6966631524552,535.6966631524552,535.6966631524552,0.0,8,,,,0.0,1.0,1.0,0.0,False
diamonds,regression,tabicl_v2,numeric_code,T2,scaling,one,standardization,zscore_reference,1,0.0,535.6966631524552,535.6966631524552,535.6966631524552,535.6966631524552,0.0,8,,,,0.0,1.0,1.0,0.0,False
diamonds,regression,tabicl_v2,numeric_code,T2,scaling,one,standardization,zscore_reference,2,0.0,535.6966631524552,535.6966631524552,535.6966631524552,535.6966631524552,0.0,8,,,,0.0,1.0,1.0,0.0,False
diamonds,regression,tabicl_v2,numeric_code,T3,mixed_monotone,all,none,original__numeric_code,0,0.026090650898175638,535.6966631524552,544.3078463452966,554.9908465408292,527.9468513465938,27.043995194235436,8,,,,0.026090650898175638,0.9996212786189402,0.9997619861727673,0.026090650898175638,False
diamonds,regression,tabicl_v2,numeric_code,T3,mixed_monotone,all,none,original__numeric_code,1,0.026090650898175638,535.6966631524552,544.3078463452966,554.9908465408292,527.9468513465938,27.043995194235436,8,,,,0.026090650898175638,0.9996212786189402,0.9997619861727673,0.026090650898175638,False
diamonds,regression,tabicl_v2,numeric_code,T3,mixed_monotone,all,none,original__numeric_code,2,0.026090650898175638,535.6966631524552,544.3078463452966,554.9908465408292,527.9468513465938,27.043995194235436,8,,,,0.026090650898175638,0.9996212786189402,0.9997619861727673,0.026090650898175638,False
diamonds,regression,tabicl_v2,numeric_code,T3,mixed_monotone,all,quantile_rank,quantile_reference,0,8.468973416726251e-05,554.9908465408292,554.9274044552855,554.9908465408292,554.8216676460459,0.16917889478338566,8,,,,8.468973416726251e-05,0.9999999901860611,0.9999998994166028,8.468973416726251e-05,False
diamonds,regression,tabicl_v2,numeric_code,T3,mixed_monotone,all,quantile_rank,quantile_reference,1,8.468973416726251e-05,554.9908465408292,554.9274044552855,554.9908465408292,554.8216676460459,0.16917889478338566,8,,,,8.468973416726251e-05,0.9999999901860611,0.9999998994166028,8.468973416726251e-05,False
diamonds,regression,tabicl_v2,numeric_code,T3,mixed_monotone,all,quantile_rank,quantile_reference,2,8.468973416726251e-05,554.9908465408292,554.9274044552855,554.9908465408292,554.8216676460459,0.16917889478338566,8,,,,8.468973416726251e-05,0.9999999901860611,0.9999998994166028,8.468973416726251e-05,False
diamonds,regression,tabicl_v2,numeric_code,T4,ordinal_integer,all,none,ordinal_integer_reference,0,0.03143361142113368,529.5633908685481,538.8075137365138,551.7304489815803,515.9349582493138,35.795490732266444,8,,,,0.03143361142113368,0.9994864924059094,0.9997834800727418,0.03143361142113368,False
diamonds,regression,tabicl_v2,numeric_code,T4,ordinal_integer,all,none,ordinal_integer_reference,1,0.03143361142113368,529.5633908685481,538.8075137365138,551.7304489815803,515.9349582493138,35.795490732266444,8,,,,0.03143361142113368,0.9994864924059094,0.9997834800727418,0.03143361142113368,False
diamonds,regression,tabicl_v2,numeric_code,T4,ordinal_integer,all,none,ordinal_integer_reference,2,0.03143361142113368,529.5633908685481,538.8075137365138,551.7304489815803,515.9349582493138,35.795490732266444,8,,,,0.03143361142113368,0.9994864924059094,0.9997834800727418,0.03143361142113368,False
diamonds,regression,tabicl_v2,numeric_code,T4,ordinal_integer,all,ordinal_canonicalization,ordinal_rank_reference,0,0.0,529.5633908685481,529.5633908685481,529.5633908685481,529.5633908685481,0.0,8,,,,0.0,1.0,1.0,0.0,False
diamonds,regression,tabicl_v2,numeric_code,T4,ordinal_integer,all,ordinal_canonicalization,ordinal_rank_reference,1,0.0,529.5633908685481,529.5633908685481,529.5633908685481,529.5633908685481,0.0,8,,,,0.0,1.0,1.0,0.0,False
diamonds,regression,tabicl_v2,numeric_code,T4,ordinal_integer,all,ordinal_canonicalization,ordinal_rank_reference,2,0.0,529.5633908685481,529.5633908685481,529.5633908685481,529.5633908685481,0.0,8,,,,0.0,1.0,1.0,0.0,False
diamonds,regression,tabicl_v2,numeric_code,T4,ordinal_integer,one,none,ordinal_integer_reference,0,0.015510327572611088,529.5633908685481,533.5791909472739,555.2304572724546,525.9815900514752,29.248867220979378,8,,,,0.015510327572611088,0.9998457638872101,0.9999201115758928,0.015510327572611088,False
diamonds,regression,tabicl_v2,numeric_code,T4,ordinal_integer,one,none,ordinal_integer_reference,1,0.015510327572611088,529.5633908685481,533.5791909472739,555.2304572724546,525.9815900514752,29.248867220979378,8,,,,0.015510327572611088,0.9998457638872101,0.9999201115758928,0.015510327572611088,False
diamonds,regression,tabicl_v2,numeric_code,T4,ordinal_integer,one,none,ordinal_integer_reference,2,0.015510327572611088,529.5633908685481,533.5791909472739,555.2304572724546,525.9815900514752,29.248867220979378,8,,,,0.015510327572611088,0.9998457638872101,0.9999201115758928,0.015510327572611088,False
diamonds,regression,tabicl_v2,numeric_code,T4,ordinal_integer,one,ordinal_canonicalization,ordinal_rank_reference,0,0.0,529.5633908685481,529.5633908685481,529.5633908685481,529.5633908685481,0.0,8,,,,0.0,1.0,1.0,0.0,False
diamonds,regression,tabicl_v2,numeric_code,T4,ordinal_integer,one,ordinal_canonicalization,ordinal_rank_reference,1,0.0,529.5633908685481,529.5633908685481,529.5633908685481,529.5633908685481,0.0,8,,,,0.0,1.0,1.0,0.0,False
diamonds,regression,tabicl_v2,numeric_code,T4,ordinal_integer,one,ordinal_canonicalization,ordinal_rank_reference,2,0.0,529.5633908685481,529.5633908685481,529.5633908685481,529.5633908685481,0.0,8,,,,0.0,1.0,1.0,0.0,False
diamonds,regression,tabicl_v2,numeric_code,T6,cond_le_10,one,none,basis_reference__y,0,0.037480376118161386,555.3023807889243,563.6066314827564,599.1983021204384,543.8426982391834,55.35560388125498,8,,,,0.037480376118161386,0.999324168494939,0.9996531994992753,0.037480376118161386,False
diamonds,regression,tabicl_v2,numeric_code,T6,cond_le_10,one,none,basis_reference__y,1,0.037480376118161386,555.3023807889243,563.6066314827564,599.1983021204384,543.8426982391834,55.35560388125498,8,,,,0.037480376118161386,0.999324168494939,0.9996531994992753,0.037480376118161386,False
diamonds,regression,tabicl_v2,numeric_code,T6,cond_le_10,one,none,basis_reference__y,2,0.037480376118161386,555.3023807889243,563.6066314827564,599.1983021204384,543.8426982391834,55.35560388125498,8,,,,0.037480376118161386,0.999324168494939,0.9996531994992753,0.037480376118161386,False
diamonds,regression,tabicl_v2,numeric_code,T6,cond_le_3,one,none,basis_reference__y,0,0.035033835869758334,555.3023807889243,555.2340049968521,579.9169045144822,537.5973547222258,42.31954979225645,8,,,,0.035033835869758334,0.9994015428220789,0.9995869094512227,0.035033835869758334,False
diamonds,regression,tabicl_v2,numeric_code,T6,cond_le_3,one,none,basis_reference__y,1,0.035033835869758334,555.3023807889243,555.2340049968521,579.9169045144822,537.5973547222258,42.31954979225645,8,,,,0.035033835869758334,0.9994015428220789,0.9995869094512227,0.035033835869758334,False
diamonds,regression,tabicl_v2,numeric_code,T6,cond_le_3,one,none,basis_reference__y,2,0.035033835869758334,555.3023807889243,555.2340049968521,579.9169045144822,537.5973547222258,42.31954979225645,8,,,,0.035033835869758334,0.9994015428220789,0.9995869094512227,0.035033835869758334,False
diamonds,regression,tabicl_v2,numeric_code,T6,orthogonal,one,none,basis_reference__y,0,0.035790677155889086,555.3023807889243,561.1236529309766,579.6059255354302,537.4545374823358,42.151388053094365,8,,,,0.035790677155889086,0.9993729516546022,0.9997004960946627,0.035790677155889086,False
diamonds,regression,tabicl_v2,numeric_code,T6,orthogonal,one,none,basis_reference__y,1,0.035790677155889086,555.3023807889243,561.1236529309766,579.6059255354302,537.4545374823358,42.151388053094365,8,,,,0.035790677155889086,0.9993729516546022,0.9997004960946627,0.035790677155889086,False
diamonds,regression,tabicl_v2,numeric_code,T6,orthogonal,one,none,basis_reference__y,2,0.035790677155889086,555.3023807889243,561.1236529309766,579.6059255354302,537.4545374823358,42.151388053094365,8,,,,0.035790677155889086,0.9993729516546022,0.9997004960946627,0.035790677155889086,False
diamonds,regression,tabpfn_2_6,native_categorical,T1,nominal_relabeling,all,nominal_canonicalization,nominal_canonical_ref__native_categorical,0,0.0,615.8719145870136,615.8719145870136,615.8719145870136,615.8719145870136,0.0,8,,,,0.0,1.0,1.0,0.0,False
diamonds,regression,tabpfn_2_6,native_categorical,T1,nominal_relabeling,all,nominal_canonicalization,nominal_canonical_ref__native_categorical,1,0.0,635.4523625212589,635.4523625212589,635.4523625212589,635.4523625212589,0.0,8,,,,0.0,1.0,1.0,0.0,False
diamonds,regression,tabpfn_2_6,native_categorical,T1,nominal_relabeling,all,nominal_canonicalization,nominal_canonical_ref__native_categorical,2,0.0,617.2928540367196,617.2928540367196,617.2928540367196,617.2928540367196,0.0,8,,,,0.0,1.0,1.0,0.0,False
diamonds,regression,tabpfn_2_6,native_categorical,T1,nominal_relabeling,all,none,original__native_categorical,0,0.05491482997290795,626.1690663068708,615.8551924640237,628.3955701949329,592.7766412615562,35.618928933376765,8,,,,0.05491482997290795,0.9983967463768255,0.9986818680548402,0.05491482997290795,True
diamonds,regression,tabpfn_2_6,native_categorical,T1,nominal_relabeling,all,none,original__native_categorical,1,0.058840813442714815,579.481066522102,606.8751539439114,673.9002286819043,577.5095953802547,96.39063330164959,8,,,,0.058840813442714815,0.9981289121262316,0.9985890409170758,0.058840813442714815,True
diamonds,regression,tabpfn_2_6,native_categorical,T1,nominal_relabeling,all,none,original__native_categorical,2,0.056312682843817075,605.5972117554323,624.4415195417175,641.5702357311654,602.4963029368554,39.07393279431005,8,,,,0.056312682843817075,0.9983272541124625,0.9987296450851729,0.056312682843817075,True
diamonds,regression,tabpfn_2_6,native_categorical,T1,nominal_relabeling,one,none,original__native_categorical,0,0.028034192542553987,626.1690663068708,620.8270985234964,645.2438423171992,588.0243074682637,57.219534848935496,8,,,,0.028034192542553987,0.9995131210692937,0.999578578652682,0.028034192542553987,False
diamonds,regression,tabpfn_2_6,native_categorical,T1,nominal_relabeling,one,none,original__native_categorical,1,0.0264822941754666,579.481066522102,581.123860195233,596.9718035964471,558.0556689491256,38.91613464732154,8,,,,0.0264822941754666,0.9995860149323278,0.9994498880084057,0.0264822941754666,False
diamonds,regression,tabpfn_2_6,native_categorical,T1,nominal_relabeling,one,none,original__native_categorical,2,0.03162912728942649,605.5972117554323,626.9663410357429,683.4081880920997,582.4406596674937,100.96752842460603,8,,,,0.03162912728942649,0.999352525314591,0.9995226096777331,0.03162912728942649,False
diamonds,regression,tabpfn_2_6,native_categorical,T4,ordinal_categorical,all,none,ordinal_categorical_reference,0,0.0,567.4719557692987,567.4719557692987,567.4719557692987,567.4719557692987,0.0,8,,,,0.0,1.0,1.0,0.0,False
diamonds,regression,tabpfn_2_6,native_categorical,T4,ordinal_categorical,all,none,ordinal_categorical_reference,1,0.0,528.2928874228606,528.2928874228606,528.2928874228606,528.2928874228606,0.0,8,,,,0.0,1.0,1.0,0.0,False
diamonds,regression,tabpfn_2_6,native_categorical,T4,ordinal_categorical,all,none,ordinal_categorical_reference,2,0.0,574.6279345848684,574.6279345848684,574.6279345848684,574.6279345848684,0.0,8,,,,0.0,1.0,1.0,0.0,False
diamonds,regression,tabpfn_2_6,native_categorical,T4,ordinal_categorical,one,none,ordinal_categorical_reference,0,0.0,567.4719557692987,567.4719557692987,567.4719557692987,567.4719557692987,0.0,8,,,,0.0,1.0,1.0,0.0,False
diamonds,regression,tabpfn_2_6,native_categorical,T4,ordinal_categorical,one,none,ordinal_categorical_reference,1,0.0,528.2928874228606,528.2928874228606,528.2928874228606,528.2928874228606,0.0,8,,,,0.0,1.0,1.0,0.0,False
diamonds,regression,tabpfn_2_6,native_categorical,T4,ordinal_categorical,one,none,ordinal_categorical_reference,2,0.0,574.6279345848684,574.6279345848684,574.6279345848684,574.6279345848684,0.0,8,,,,0.0,1.0,1.0,0.0,False
diamonds,regression,tabpfn_2_6,numeric_code,T0,column_permutation,all,none,original__numeric_code,0,0.04378782677312092,623.0758089900781,616.4993818277931,657.3661159981689,588.5031532105812,68.86296278758766,8,,,,0.04378782677312092,0.9989868667989175,0.9990717956778361,0.04378782677312092,False
diamonds,regression,tabpfn_2_6,numeric_code,T0,column_permutation,all,none,original__numeric_code,1,0.04507369249402999,605.4971183782488,609.2409302354031,664.6609227110022,580.1722472373069,84.48867547369525,8,,,,0.04507369249402999,0.9989196883054908,0.9990393967045181,0.04507369249402999,False
diamonds,regression,tabpfn_2_6,numeric_code,T0,column_permutation,all,none,original__numeric_code,2,0.04958811466641834,597.0991645970794,608.2734504400343,643.5599584256378,590.4168457729781,53.143112652659624,8,,,,0.04958811466641834,0.9987179661987944,0.9987016382458715,0.04958811466641834,False
diamonds,regression,tabpfn_2_6,numeric_code,T1,nominal_relabeling,all,nominal_canonicalization,nominal_canonical_ref__numeric_code,0,0.0,615.8719145870136,615.8719145870136,615.8719145870136,615.8719145870136,0.0,8,,,,0.0,1.0,1.0,0.0,False
diamonds,regression,tabpfn_2_6,numeric_code,T1,nominal_relabeling,all,nominal_canonicalization,nominal_canonical_ref__numeric_code,1,0.0,635.4523625212589,635.4523625212589,635.4523625212589,635.4523625212589,0.0,8,,,,0.0,1.0,1.0,0.0,False
diamonds,regression,tabpfn_2_6,numeric_code,T1,nominal_relabeling,all,nominal_canonicalization,nominal_canonical_ref__numeric_code,2,0.0,617.2928540367196,617.2928540367196,617.2928540367196,617.2928540367196,0.0,8,,,,0.0,1.0,1.0,0.0,False
diamonds,regression,tabpfn_2_6,numeric_code,T1,nominal_relabeling,all,none,original__numeric_code,0,0.0476216860385728,623.0758089900781,622.0580596506209,645.713509054091,610.6589748261433,35.05453422794767,8,,,,0.0476216860385728,0.998805897278654,0.9985632245568259,0.0476216860385728,False
diamonds,regression,tabpfn_2_6,numeric_code,T1,nominal_relabeling,all,none,original__numeric_code,1,0.06464382624878562,605.4971183782488,628.7072225154917,724.124747408611,578.3275386181899,145.7972087904211,8,,,,0.06464382624878562,0.9977476444660626,0.9981978392399378,0.06464382624878562,True
diamonds,regression,tabpfn_2_6,numeric_code,T1,nominal_relabeling,all,none,original__numeric_code,2,0.0586822754034292,597.0991645970794,638.1908039470839,742.7084849839509,605.1742635175166,137.53422146643436,8,,,,0.0586822754034292,0.9981521180825121,0.9983975639905986,0.0586822754034292,True
diamonds,regression,tabpfn_2_6,numeric_code,T1,nominal_relabeling,one,none,original__numeric_code,0,0.023151529828042586,623.0758089900781,625.4697563348409,649.0544963101931,602.5726520186814,46.48184429151172,8,,,,0.023151529828042586,0.9996226650730351,0.9994627598625846,0.023151529828042586,False
diamonds,regression,tabpfn_2_6,numeric_code,T1,nominal_relabeling,one,none,original__numeric_code,1,0.033279401592902574,605.4971183782488,603.6493309239379,635.9823523115365,549.6049062259875,86.37744608554897,8,,,,0.033279401592902574,0.999237209158689,0.9990077800451471,0.033279401592902574,False
diamonds,regression,tabpfn_2_6,numeric_code,T1,nominal_relabeling,one,none,original__numeric_code,2,0.029694051685953238,597.0991645970794,614.4910872714753,658.8947349415829,581.5890044891543,77.30573045242863,8,,,,0.029694051685953238,0.9994157725769803,0.9993677673958011,0.029694051685953238,False
diamonds,regression,tabpfn_2_6,numeric_code,T2,affine,all,none,original__numeric_code,0,0.018695112634290075,623.0758089900781,617.0442401220712,626.8570259786214,605.7894758056917,21.067550172929714,8,,,,0.018695112634290075,0.9997812452788009,0.9996794859759272,0.018695112634290075,False
diamonds,regression,tabpfn_2_6,numeric_code,T2,affine,all,none,original__numeric_code,1,0.03836737165425086,605.4971183782488,625.4269824667836,656.3241451066892,600.364985806979,55.95915929971022,8,,,,0.03836737165425086,0.9991874888221034,0.9986396901571852,0.03836737165425086,False
diamonds,regression,tabpfn_2_6,numeric_code,T2,affine,all,none,original__numeric_code,2,0.022601229208182087,597.0991645970794,605.8109562594178,619.6305227239332,597.8779507089985,21.752572014934685,8,,,,0.022601229208182087,0.9997147483196823,0.9996288702635585,0.022601229208182087,False
diamonds,regression,tabpfn_2_6,numeric_code,T2,affine,all,standardization,zscore_reference,0,0.0004041835819319063,601.6992077519271,601.7802824145485,601.8962171064444,601.580968302134,0.3152488043103858,8,,,,0.0004041835819319063,0.9999998917900004,0.999998390668452,0.0004041835819319063,False
diamonds,regression,tabpfn_2_6,numeric_code,T2,affine,all,standardization,zscore_reference,1,0.0009443097083706625,623.1590628776538,623.615551286638,623.8355423346788,623.311439756516,0.5241025781627968,8,,,,0.0009443097083706625,0.9999994271275224,0.9999987818254255,0.0009443097083706625,False
diamonds,regression,tabpfn_2_6,numeric_code,T2,affine,all,standardization,zscore_reference,2,0.000564027230829025,617.8070429699,618.1552067470715,618.3767917611657,617.8352051723159,0.541586588849782,8,,,,0.000564027230829025,0.999999828562913,0.999997083086569,0.000564027230829025,False
diamonds,regression,tabpfn_2_6,numeric_code,T2,affine,one,none,original__numeric_code,0,0.006896053664227875,623.0758089900781,622.1866928359799,624.7456651710816,619.7038359374319,5.041829233649651,8,,,,0.006896053664227875,0.9999712121909112,0.9999567268628191,0.006896053664227875,False
diamonds,regression,tabpfn_2_6,numeric_code,T2,affine,one,none,original__numeric_code,1,0.008695309914471474,605.4971183782488,604.178581081486,606.7850255273613,599.3286803951798,7.456345132181468,8,,,,0.008695309914471474,0.9999360435291664,0.9999137107716495,0.008695309914471474,False
diamonds,regression,tabpfn_2_6,numeric_code,T2,affine,one,none,original__numeric_code,2,0.009171583954712088,597.0991645970794,603.4668598561426,607.2874080392357,596.029283885051,11.25812415418477,8,,,,0.009171583954712088,0.9999535760134148,0.9999418628978267,0.009171583954712088,False
diamonds,regression,tabpfn_2_6,numeric_code,T2,affine,one,standardization,zscore_reference,0,9.828491402761519e-05,601.6992077519271,601.7168408088774,601.8036829807343,601.6960464886291,0.10763649210514359,8,,,,9.828491402761519e-05,0.99999998309073,0.9999995641393724,9.828491402761519e-05,False
diamonds,regression,tabpfn_2_6,numeric_code,T2,affine,one,standardization,zscore_reference,1,0.0001136365482684375,623.1590628776538,623.1853536330436,623.3118793891227,623.1590628776538,0.15281651146892727,8,,,,0.0001136365482684375,0.9999999726740345,0.9999997206021618,0.0001136365482684375,False
diamonds,regression,tabpfn_2_6,numeric_code,T2,affine,one,standardization,zscore_reference,2,5.277651213790666e-05,617.8070429699,617.800896138288,617.8070429699,617.7815833816454,0.025459588254534538,8,,,,5.277651213790666e-05,0.9999999920112842,0.9999998211853836,5.277651213790666e-05,False
diamonds,regression,tabpfn_2_6,numeric_code,T2,scaling,all,none,original__numeric_code,0,0.00085284825620895,623.0758089900781,623.3436193506861,623.7815306504984,623.0082608082291,0.7732698422693147,8,,,,0.00085284825620895,0.9999995629299295,0.9999966807536822,0.00085284825620895,False
diamonds,regression,tabpfn_2_6,numeric_code,T2,scaling,all,none,original__numeric_code,1,0.003719296794989275,605.4971183782488,604.830407792413,605.6253584862045,604.2191473862051,1.406211099999382,8,,,,0.003719296794989275,0.9999923549103185,0.999971009680308,0.003719296794989275,False
diamonds,regression,tabpfn_2_6,numeric_code,T2,scaling,all,none,original__numeric_code,2,0.0015370975972620001,597.0991645970794,597.3374001739007,597.9675011747618,596.8121624404097,1.1553387343520853,8,,,,0.0015370975972620001,0.999998666461263,0.9999949484870853,0.0015370975972620001,False
diamonds,regression,tabpfn_2_6,numeric_code,T2,scaling,all,standardization,zscore_reference,0,0.000477294329929575,601.6992077519271,601.7440241009585,601.9449037698197,601.5144735207273,0.4304302490924101,8,,,,0.000477294329929575,0.9999998695695473,0.9999983459647979,0.000477294329929575,False
diamonds,regression,tabpfn_2_6,numeric_code,T2,scaling,all,standardization,zscore_reference,1,0.00056588662001135,623.1590628776538,623.3861857657516,623.8355423346788,623.1590628776538,0.6764794570250388,8,,,,0.00056588662001135,0.9999997070523473,0.9999990947510042,0.00056588662001135,False
diamonds,regression,tabpfn_2_6,numeric_code,T2,scaling,all,standardization,zscore_reference,2,0.0005421707302642875,617.8070429699,617.9892529871657,618.3767917611657,617.5838552967253,0.7929364644403449,8,,,,0.0005421707302642875,0.9999998220516478,0.9999977424654672,0.0005421707302642875,False
diamonds,regression,tabpfn_2_6,numeric_code,T2,scaling,one,none,original__numeric_code,0,0.0001739187906640625,623.0758089900781,623.1020795718761,623.202880025128,623.0758089900781,0.12707103504988027,8,,,,0.0001739187906640625,0.9999999219914388,0.9999988600568201,0.0001739187906640625,False
diamonds,regression,tabpfn_2_6,numeric_code,T2,scaling,one,none,original__numeric_code,1,0.00131943121292305,605.4971183782488,605.0925941235301,605.7265105601497,603.121288609557,2.605221950592636,8,,,,0.00131943121292305,0.9999971605952056,0.9999915621852863,0.00131943121292305,False
diamonds,regression,tabpfn_2_6,numeric_code,T2,scaling,one,none,original__numeric_code,2,0.000755398646635325,597.0991645970794,597.193927062199,597.6758927426138,596.8721158097107,0.8037769329030198,8,,,,0.000755398646635325,0.9999994012027895,0.9999974295398886,0.000755398646635325,False
diamonds,regression,tabpfn_2_6,numeric_code,T2,scaling,one,standardization,zscore_reference,0,0.00017083669795346662,601.6992077519271,601.7467681066927,602.1470107201109,601.631552993994,0.5154577261168924,8,,,,0.00017083669795346662,0.9999999397830612,0.9999993406211019,0.00017083669795346662,False
diamonds,regression,tabpfn_2_6,numeric_code,T2,scaling,one,standardization,zscore_reference,1,0.00017861761621016566,623.1590628776538,623.2436754598864,623.8355423346788,623.1590628776538,0.6764794570250388,8,,,,0.00017861761621016566,0.9999998808521611,0.9999998211853836,0.00017861761621016566,False
diamonds,regression,tabpfn_2_6,numeric_code,T2,scaling,one,standardization,zscore_reference,2,0.0001893852927107625,617.8070429699,617.8856967569043,618.3069937598154,617.7678035969653,0.5391901628501046,8,,,,0.0001893852927107625,0.9999999474637145,0.999999005343696,0.0001893852927107625,False
diamonds,regression,tabpfn_2_6,numeric_code,T3,mixed_monotone,all,none,original__numeric_code,0,0.03931979739707935,623.0758089900781,600.5580898926579,608.3889732908816,592.0102340472255,16.378739243656128,8,,,,0.03931979739707935,0.9991829498679863,0.9986743801927764,0.03931979739707935,False
diamonds,regression,tabpfn_2_6,numeric_code,T3,mixed_monotone,all,none,original__numeric_code,1,0.03641775764492473,605.4971183782488,600.4990116809254,603.8570616469193,597.6853812335266,6.171680413392664,8,,,,0.03641775764492473,0.9992921697967643,0.9989131871130451,0.03641775764492473,False
diamonds,regression,tabpfn_2_6,numeric_code,T3,mixed_monotone,all,none,original__numeric_code,2,0.03871603017701744,597.0991645970794,617.5947616390391,644.7146594979553,603.873919279497,40.84074021845822,8,,,,0.03871603017701744,0.999205539882589,0.9992595398491949,0.03871603017701744,False
diamonds,regression,tabpfn_2_6,numeric_code,T3,mixed_monotone,all,quantile_rank,quantile_reference,0,0.0013131965750008876,597.0863163226929,597.3848411062696,597.8823824122309,597.0863163226929,0.7960660895379306,8,,,,0.0013131965750008876,0.9999975559956195,0.9999990276955231,0.0013131965750008876,False
diamonds,regression,tabpfn_2_6,numeric_code,T3,mixed_monotone,all,quantile_rank,quantile_reference,1,0.0015090043084935376,597.6853812335266,597.5425640125209,597.6853812335266,597.3045353108447,0.3808459226819423,8,,,,0.0015090043084935376,0.9999967561205012,0.9999986588903766,0.0015090043084935376,False
diamonds,regression,tabpfn_2_6,numeric_code,T3,mixed_monotone,all,quantile_rank,quantile_reference,2,0.0014761594946871375,603.873919279497,604.858608900895,606.4997582698916,603.873919279497,2.625838990394527,8,,,,0.0014761594946871375,0.9999969742454782,0.9999994300284101,0.0014761594946871375,False
diamonds,regression,tabpfn_2_6,numeric_code,T4,ordinal_integer,all,none,ordinal_integer_reference,0,0.017684524564960724,582.5086611030295,571.632577697957,583.3638240465793,565.4161347762422,17.94768927033715,8,,,,0.017684524564960724,0.999833760367641,0.9998764838036873,0.017684524564960724,False
diamonds,regression,tabpfn_2_6,numeric_code,T4,ordinal_integer,all,none,ordinal_integer_reference,1,0.03045605716996625,519.7529657104595,540.4311009581963,548.5324294609728,530.725471857054,17.806957603918818,8,,,,0.03045605716996625,0.9995215301402272,0.9996691370800002,0.03045605716996625,False
diamonds,regression,tabpfn_2_6,numeric_code,T4,ordinal_integer,all,none,ordinal_integer_reference,2,0.017120337160130877,565.6840037124358,560.8069340200633,571.2482897446513,548.8976434696674,22.350646274983887,8,,,,0.017120337160130877,0.9998545407379458,0.9999001208607993,0.017120337160130877,False
diamonds,regression,tabpfn_2_6,numeric_code,T4,ordinal_integer,all,ordinal_canonicalization,ordinal_rank_reference,0,0.0,582.5811374013114,582.5811374013114,582.5811374013114,582.5811374013114,0.0,8,,,,0.0,1.0,1.0,0.0,False
diamonds,regression,tabpfn_2_6,numeric_code,T4,ordinal_integer,all,ordinal_canonicalization,ordinal_rank_reference,1,0.0,523.1715875585685,523.1715875585685,523.1715875585685,523.1715875585685,0.0,8,,,,0.0,1.0,1.0,0.0,False
diamonds,regression,tabpfn_2_6,numeric_code,T4,ordinal_integer,all,ordinal_canonicalization,ordinal_rank_reference,2,0.0,565.3745553055514,565.3745553055514,565.3745553055514,565.3745553055514,0.0,8,,,,0.0,1.0,1.0,0.0,False
diamonds,regression,tabpfn_2_6,numeric_code,T4,ordinal_integer,one,none,ordinal_integer_reference,0,0.007143805147321337,582.5086611030295,578.0171360735721,582.5086611030295,562.1309244368118,20.37773666621763,8,,,,0.007143805147321337,0.9999475512725158,0.9999478978911319,0.007143805147321337,False
diamonds,regression,tabpfn_2_6,numeric_code,T4,ordinal_integer,one,none,ordinal_integer_reference,1,0.010620491232507901,519.7529657104595,528.2795621769701,555.0055106192194,519.7529657104595,35.25254490875989,8,,,,0.010620491232507901,0.9998601916503524,0.9998989920935328,0.010620491232507901,False
diamonds,regression,tabpfn_2_6,numeric_code,T4,ordinal_integer,one,none,ordinal_integer_reference,2,0.005715118572926288,565.6840037124358,565.2096660812672,581.5277762806094,555.4305305058261,26.097245774783232,8,,,,0.005715118572926288,0.9999594648898498,0.9999706967547293,0.005715118572926288,False
diamonds,regression,tabpfn_2_6,numeric_code,T4,ordinal_integer,one,ordinal_canonicalization,ordinal_rank_reference,0,0.0,582.5811374013114,582.5811374013114,582.5811374013114,582.5811374013114,0.0,8,,,,0.0,1.0,1.0,0.0,False
diamonds,regression,tabpfn_2_6,numeric_code,T4,ordinal_integer,one,ordinal_canonicalization,ordinal_rank_reference,1,0.0,523.1715875585685,523.1715875585685,523.1715875585685,523.1715875585685,0.0,8,,,,0.0,1.0,1.0,0.0,False
diamonds,regression,tabpfn_2_6,numeric_code,T4,ordinal_integer,one,ordinal_canonicalization,ordinal_rank_reference,2,0.0,565.3745553055514,565.3745553055514,565.3745553055514,565.3745553055514,0.0,8,,,,0.0,1.0,1.0,0.0,False
diamonds,regression,tabpfn_2_6,numeric_code,T6,cond_le_10,one,none,basis_reference__y,0,0.045571089181309796,573.0556801364559,644.6960203573451,712.6447403206699,608.931192941188,103.71354737948195,8,,,,0.045571089181309796,0.9988362984452812,0.9983935071339879,0.045571089181309796,False
diamonds,regression,tabpfn_2_6,numeric_code,T6,cond_le_10,one,none,basis_reference__y,1,0.0328800139010784,580.6081678138743,592.6763212266861,613.447717588213,572.2023136627781,41.24540392543486,8,,,,0.0328800139010784,0.9994310738593267,0.9986948209386194,0.0328800139010784,False
diamonds,regression,tabpfn_2_6,numeric_code,T6,cond_le_10,one,none,basis_reference__y,2,0.03844521365126227,585.8473614593339,629.147358517956,656.6629609304097,609.0845024719235,47.578458458486125,8,,,,0.03844521365126227,0.9991946917745078,0.9986938821618829,0.03844521365126227,False
diamonds,regression,tabpfn_2_6,numeric_code,T6,cond_le_3,one,none,basis_reference__y,0,0.0389132159450059,573.0556801364559,616.7842686039787,635.7433507563389,589.1304130257233,46.61293773061561,8,,,,0.0389132159450059,0.9991892057809578,0.9989648645371991,0.0389132159450059,False
diamonds,regression,tabpfn_2_6,numeric_code,T6,cond_le_3,one,none,basis_reference__y,1,0.034300552882768814,580.6081678138743,592.571723071911,616.6629701245195,576.6459539152252,40.0170162092943,8,,,,0.034300552882768814,0.9993848409613575,0.9985643756759193,0.034300552882768814,False
diamonds,regression,tabpfn_2_6,numeric_code,T6,cond_le_3,one,none,basis_reference__y,2,0.03524134252528102,585.8473614593339,618.1513580966794,647.264885083936,602.7009589668854,44.56392611705053,8,,,,0.03524134252528102,0.9993325254603692,0.9992012015805782,0.03524134252528102,False
diamonds,regression,tabpfn_2_6,numeric_code,T6,orthogonal,one,none,basis_reference__y,0,0.042553285709774125,573.0556801364559,631.0450199357279,707.2458451068205,597.0985236003163,110.14732150650423,8,,,,0.042553285709774125,0.9989880574085189,0.9989712124560831,0.042553285709774125,False
diamonds,regression,tabpfn_2_6,numeric_code,T6,orthogonal,one,none,basis_reference__y,1,0.032502662887887376,580.6081678138743,598.1027555640047,617.2559615205125,581.7708796816421,35.48508183887043,8,,,,0.032502662887887376,0.9994423427201861,0.9990704657441263,0.032502662887887376,False
diamonds,regression,tabpfn_2_6,numeric_code,T6,orthogonal,one,none,basis_reference__y,2,0.040084520284905285,585.8473614593339,634.2097484786316,693.580192428784,604.5140921006188,89.06610032816525,8,,,,0.040084520284905285,0.9990901233179943,0.9989790132437257,0.040084520284905285,False
wine-quality-red,regression,catboost,numeric_code,T0,column_permutation,all,none,original__numeric_code,0,0.08888656021345548,0.6533807873591664,0.656220914528922,0.6611906272974869,0.6503921235803114,0.0107985037171755,8,,,,0.08888656021345548,0.9889685481028418,0.983106752739521,0.08888656021345548,True
wine-quality-red,regression,catboost,numeric_code,T0,column_permutation,all,none,original__numeric_code,1,0.08734079090422803,0.6589914756644719,0.6570713993992646,0.6609980725290397,0.6532986777437049,0.007699394785334879,8,,,,0.08734079090422803,0.9893121342893579,0.985293700269077,0.08734079090422803,True
wine-quality-red,regression,catboost,numeric_code,T0,column_permutation,all,none,original__numeric_code,2,0.08949184393486578,0.6535494897337905,0.6581310015227455,0.6605677631847673,0.6558205179594694,0.0047472452252979025,8,,,,0.08949184393486578,0.9888973568841987,0.9843176901322314,0.08949184393486578,True
wine-quality-red,regression,catboost,numeric_code,T2,affine,all,none,original__numeric_code,0,0.0009023507901031642,0.6533807873591664,0.6533916892856826,0.6534509593524516,0.6533225009584429,0.000128458394008657,8,,,,0.0009023507901031642,0.9999982014932538,0.9999977569299421,0.0009023507901031642,False
wine-quality-red,regression,catboost,numeric_code,T2,affine,all,none,original__numeric_code,1,0.0008925598679760749,0.6589914756644719,0.6589573869116686,0.6590651249999259,0.6586684222046728,0.00039670279525305663,8,,,,0.0008925598679760749,0.9999980864650958,0.9999971618297228,0.0008925598679760749,False
wine-quality-red,regression,catboost,numeric_code,T2,affine,all,none,original__numeric_code,2,0.0009681876436478626,0.6535494897337905,0.6535539840732115,0.6536212194279204,0.6535166285818282,0.0001045908460921563,8,,,,0.0009681876436478626,0.9999983416221331,0.9999938658900458,0.0009681876436478626,False
wine-quality-red,regression,catboost,numeric_code,T2,affine,all,standardization,zscore_reference,0,0.0,0.6533807873591664,0.6533807873591664,0.6533807873591664,0.6533807873591664,0.0,8,,,,0.0,1.0,1.0,0.0,False
wine-quality-red,regression,catboost,numeric_code,T2,affine,all,standardization,zscore_reference,1,0.0,0.6586733277892265,0.6586733277892265,0.6586733277892265,0.6586733277892265,0.0,8,,,,0.0,1.0,1.0,0.0,False
wine-quality-red,regression,catboost,numeric_code,T2,affine,all,standardization,zscore_reference,2,0.0,0.6535796352030249,0.6535796352030249,0.6535796352030249,0.6535796352030249,0.0,8,,,,0.0,1.0,1.0,0.0,False
wine-quality-red,regression,catboost,numeric_code,T2,affine,one,none,original__numeric_code,0,0.0,0.6533807873591664,0.6533807873591664,0.6533807873591664,0.6533807873591664,0.0,8,,,,0.0,1.0,1.0,0.0,False
wine-quality-red,regression,catboost,numeric_code,T2,affine,one,none,original__numeric_code,1,0.0,0.6589914756644719,0.6589914756644719,0.6589914756644719,0.6589914756644719,0.0,8,,,,0.0,1.0,1.0,0.0,False
wine-quality-red,regression,catboost,numeric_code,T2,affine,one,none,original__numeric_code,2,0.000101137219950225,0.6535494897337905,0.6535469306850683,0.6535494897337905,0.653538879268701,1.0610465089433418e-05,8,,,,0.000101137219950225,0.9999999421316381,0.9999995422306005,0.000101137219950225,False
wine-quality-red,regression,catboost,numeric_code,T2,affine,one,standardization,zscore_reference,0,0.0,0.6533807873591664,0.6533807873591664,0.6533807873591664,0.6533807873591664,0.0,8,,,,0.0,1.0,1.0,0.0,False
wine-quality-red,regression,catboost,numeric_code,T2,affine,one,standardization,zscore_reference,1,0.0,0.6586733277892265,0.6586733277892265,0.6586733277892265,0.6586733277892265,0.0,8,,,,0.0,1.0,1.0,0.0,False
wine-quality-red,regression,catboost,numeric_code,T2,affine,one,standardization,zscore_reference,2,0.0,0.6535796352030249,0.6535796352030249,0.6535796352030249,0.6535796352030249,0.0,8,,,,0.0,1.0,1.0,0.0,False
wine-quality-red,regression,catboost,numeric_code,T2,scaling,all,none,original__numeric_code,0,0.00268497173836905,0.6533807873591664,0.6533579464628875,0.6534224645568625,0.6532742796528014,0.0001481849040610994,8,,,,0.00268497173836905,0.999989405402661,0.9999870909029319,0.00268497173836905,False
wine-quality-red,regression,catboost,numeric_code,T2,scaling,all,none,original__numeric_code,1,0.0010733217585631308,0.6589914756644719,0.6589470553406678,0.6590540227862685,0.6586587224157553,0.000395300370513163,8,,,,0.0010733217585631308,0.9999975781915261,0.9999988097995611,0.0010733217585631308,False
wine-quality-red,regression,catboost,numeric_code,T2,scaling,all,none,original__numeric_code,2,0.00111719178337375,0.6535494897337905,0.6535563725441014,0.6536300155588235,0.6535180761183331,0.00011193944049037174,8,,,,0.00111719178337375,0.9999980967928728,0.9999942778825053,0.00111719178337375,False
wine-quality-red,regression,catboost,numeric_code,T2,scaling,all,standardization,zscore_reference,0,0.0,0.6533807873591664,0.6533807873591664,0.6533807873591664,0.6533807873591664,0.0,8,,,,0.0,1.0,1.0,0.0,False
wine-quality-red,regression,catboost,numeric_code,T2,scaling,all,standardization,zscore_reference,1,0.0,0.6586733277892265,0.6586733277892265,0.6586733277892265,0.6586733277892265,0.0,8,,,,0.0,1.0,1.0,0.0,False
wine-quality-red,regression,catboost,numeric_code,T2,scaling,all,standardization,zscore_reference,2,0.0,0.6535796352030249,0.6535796352030249,0.6535796352030249,0.6535796352030249,0.0,8,,,,0.0,1.0,1.0,0.0,False
wine-quality-red,regression,catboost,numeric_code,T2,scaling,one,none,original__numeric_code,0,0.0004781677087685,0.6533807873591664,0.6533687099589641,0.6533807873591664,0.653330431992765,5.035536640141114e-05,8,,,,0.0004781677087685,0.9999985339757901,0.9999969787219628,0.0004781677087685,False
wine-quality-red,regression,catboost,numeric_code,T2,scaling,one,none,original__numeric_code,1,3.333740051655e-05,0.6589914756644719,0.6589886549739445,0.6589914756644719,0.6589689101402528,2.2565524219086974e-05,8,,,,3.333740051655e-05,0.9999999875222008,0.9999999542230601,3.333740051655e-05,False
wine-quality-red,regression,catboost,numeric_code,T2,scaling,one,none,original__numeric_code,2,0.00015765547042512445,0.6535494897337905,0.6535502055441255,0.6535556046838857,0.653549101266375,6.50341751073924e-06,8,,,,0.00015765547042512445,0.9999997250241245,0.9999992217920207,0.00015765547042512445,False
wine-quality-red,regression,catboost,numeric_code,T2,scaling,one,standardization,zscore_reference,0,0.0,0.6533807873591664,0.6533807873591664,0.6533807873591664,0.6533807873591664,0.0,8,,,,0.0,1.0,1.0,0.0,False
wine-quality-red,regression,catboost,numeric_code,T2,scaling,one,standardization,zscore_reference,1,0.0,0.6586733277892265,0.6586733277892265,0.6586733277892265,0.6586733277892265,0.0,8,,,,0.0,1.0,1.0,0.0,False
wine-quality-red,regression,catboost,numeric_code,T2,scaling,one,standardization,zscore_reference,2,0.0,0.6535796352030249,0.6535796352030249,0.6535796352030249,0.6535796352030249,0.0,8,,,,0.0,1.0,1.0,0.0,False
wine-quality-red,regression,catboost,numeric_code,T3,mixed_monotone,all,none,original__numeric_code,0,0.0034395777285264875,0.6533807873591664,0.6533162648277185,0.6533665451579742,0.6532623141176714,0.0001042310403027713,8,,,,0.0034395777285264875,0.9999837420236936,0.9999757382218224,0.0034395777285264875,False
wine-quality-red,regression,catboost,numeric_code,T3,mixed_monotone,all,none,original__numeric_code,1,0.00149018654534865,0.6589914756644719,0.658973780524507,0.6589971619866913,0.6589205534441127,7.66085425786267e-05,8,,,,0.00149018654534865,0.9999968023410383,0.9999958342984638,0.00149018654534865,False
wine-quality-red,regression,catboost,numeric_code,T3,mixed_monotone,all,none,original__numeric_code,2,0.0016305999042468126,0.6535494897337905,0.6536111789275261,0.6537938655513776,0.6534589908738688,0.00033487467750881184,8,,,,0.0016305999042468126,0.9999944746729034,0.9999841611787746,0.0016305999042468126,False
wine-quality-red,regression,catboost,numeric_code,T3,mixed_monotone,all,quantile_rank,quantile_reference,0,0.001766567025302025,0.6533665451579742,0.6533389768816023,0.6533665451579742,0.6532930297543156,7.351540365863052e-05,8,,,,0.001766567025302025,0.9999887963111971,0.9999839322940747,0.001766567025302025,False
wine-quality-red,regression,catboost,numeric_code,T3,mixed_monotone,all,quantile_rank,quantile_reference,1,0.0008405883285706125,0.6589790539202912,0.6589858444451913,0.6589971619866913,0.6589790539202912,1.81080664001243e-05,8,,,,0.0008405883285706125,0.9999973846205661,0.9999961547370436,0.0008405883285706125,False
wine-quality-red,regression,catboost,numeric_code,T3,mixed_monotone,all,quantile_rank,quantile_reference,2,0.0011279743558618874,0.6535290171838983,0.6536283353217031,0.6537938655513776,0.6535290171838983,0.00026484836747930895,8,,,,0.0011279743558618874,0.999995218045358,0.9999884642111306,0.0011279743558618874,False
wine-quality-red,regression,catboost,numeric_code,T6,cond_le_10,one,none,basis_reference__density,0,0.0934322697700891,0.6556190928321451,0.6480884448163561,0.6565812356545659,0.6419422648805707,0.01463897077399523,8,,,,0.0934322697700891,0.9877201646192947,0.9831750061569985,0.0934322697700891,True
wine-quality-red,regression,catboost,numeric_code,T6,cond_le_10,one,none,basis_reference__density,1,0.09216992118691775,0.654246670982281,0.6496281338744582,0.6556165567046104,0.6422992948612071,0.013317261843403316,8,,,,0.09216992118691775,0.9878533471215718,0.9833530784534353,0.09216992118691775,True
wine-quality-red,regression,catboost,numeric_code,T6,cond_le_10,one,none,basis_reference__density,2,0.09786349001236062,0.651630289939536,0.6527999246211738,0.6622386430066912,0.6463850468376404,0.0158535961690508,8,,,,0.09786349001236062,0.9862796690246632,0.9820318644123661,0.09786349001236062,True
wine-quality-red,regression,catboost,numeric_code,T6,cond_le_3,one,none,basis_reference__density,0,0.09794695183798734,0.6556190928321451,0.6501198198149531,0.6575806428594385,0.6454834028164947,0.012097240042943769,8,,,,0.09794695183798734,0.9865470840589706,0.9824446808569077,0.09794695183798734,True
wine-quality-red,regression,catboost,numeric_code,T6,cond_le_3,one,none,basis_reference__density,1,0.09567332426233804,0.654246670982281,0.6506222989344561,0.6555150116004834,0.6415830106087499,0.013932000991733529,8,,,,0.09567332426233804,0.9869662880725524,0.9825617324923804,0.09567332426233804,True
wine-quality-red,regression,catboost,numeric_code,T6,cond_le_3,one,none,basis_reference__density,2,0.09530445499211457,0.651630289939536,0.6499610331313708,0.6586146289789545,0.643277830694164,0.01533679828479051,8,,,,0.09530445499211457,0.9869103340820665,0.982828612052336,0.09530445499211457,True
wine-quality-red,regression,catboost,numeric_code,T6,orthogonal,one,none,basis_reference__density,0,0.09530345892030748,0.6556190928321451,0.6527842196215181,0.666168818142716,0.6465165465032312,0.019652271639484797,8,,,,0.09530345892030748,0.9871611218674969,0.9839976177680446,0.09530345892030748,True
wine-quality-red,regression,catboost,numeric_code,T6,orthogonal,one,none,basis_reference__density,1,0.09734483708892601,0.654246670982281,0.6528913522585046,0.6629060447539961,0.6466088574655335,0.016297187288462522,8,,,,0.09734483708892601,0.9863907265152535,0.9821874602312834,0.09734483708892601,True
wine-quality-red,regression,catboost,numeric_code,T6,orthogonal,one,none,basis_reference__density,2,0.09505652460035263,0.651630289939536,0.65264710538752,0.6618268316417792,0.6434590686536007,0.01836776298817855,8,,,,0.09505652460035263,0.9870546437703798,0.98348981417309,0.09505652460035263,True
wine-quality-red,regression,tabicl_v2,numeric_code,T0,column_permutation,all,none,original__numeric_code,0,0.05823317774289756,0.6363011164257991,0.6375230669476669,0.6390860844016665,0.6362306059861521,0.0028554784155143675,8,,,,0.05823317774289756,0.996202755910346,0.9947623260779976,0.05823317774289756,True
wine-quality-red,regression,tabicl_v2,numeric_code,T0,column_permutation,all,none,original__numeric_code,1,0.05823317774289756,0.6363011164257991,0.6375230669476669,0.6390860844016665,0.6362306059861521,0.0028554784155143675,8,,,,0.05823317774289756,0.996202755910346,0.9947623260779976,0.05823317774289756,True
wine-quality-red,regression,tabicl_v2,numeric_code,T0,column_permutation,all,none,original__numeric_code,2,0.05823317774289756,0.6363011164257991,0.6375230669476669,0.6390860844016665,0.6362306059861521,0.0028554784155143675,8,,,,0.05823317774289756,0.996202755910346,0.9947623260779976,0.05823317774289756,True
wine-quality-red,regression,tabicl_v2,numeric_code,T2,affine,all,none,original__numeric_code,0,0.003917067894910238,0.6363011164257991,0.636167796707513,0.6365348332910273,0.6358812304704553,0.0006536028205720301,8,,,,0.003917067894910238,0.9999822437693823,0.9999361409881675,0.003917067894910238,False
wine-quality-red,regression,tabicl_v2,numeric_code,T2,affine,all,none,original__numeric_code,1,0.003917067894910238,0.6363011164257991,0.636167796707513,0.6365348332910273,0.6358812304704553,0.0006536028205720301,8,,,,0.003917067894910238,0.9999822437693823,0.9999361409881675,0.003917067894910238,False
wine-quality-red,regression,tabicl_v2,numeric_code,T2,affine,all,none,original__numeric_code,2,0.003917067894910238,0.6363011164257991,0.636167796707513,0.6365348332910273,0.6358812304704553,0.0006536028205720301,8,,,,0.003917067894910238,0.9999822437693823,0.9999361409881675,0.003917067894910238,False
wine-quality-red,regression,tabicl_v2,numeric_code,T2,affine,all,standardization,zscore_reference,0,0.0,0.6360973292133928,0.6360973292133928,0.6360973292133928,0.6360973292133928,0.0,8,,,,0.0,1.0,1.0,0.0,False
wine-quality-red,regression,tabicl_v2,numeric_code,T2,affine,all,standardization,zscore_reference,1,0.0,0.6360973292133928,0.6360973292133928,0.6360973292133928,0.6360973292133928,0.0,8,,,,0.0,1.0,1.0,0.0,False
wine-quality-red,regression,tabicl_v2,numeric_code,T2,affine,all,standardization,zscore_reference,2,0.0,0.6360973292133928,0.6360973292133928,0.6360973292133928,0.6360973292133928,0.0,8,,,,0.0,1.0,1.0,0.0,False
wine-quality-red,regression,tabicl_v2,numeric_code,T2,affine,one,none,original__numeric_code,0,0.0008302559301912905,0.6363011164257991,0.6362619748687899,0.6363011164257991,0.6360836455530899,0.00021747087270918009,8,,,,0.0008302559301912905,0.9999969008642342,0.9999891966115091,0.0008302559301912905,False
wine-quality-red,regression,tabicl_v2,numeric_code,T2,affine,one,none,original__numeric_code,1,0.0008302559301912905,0.6363011164257991,0.6362619748687899,0.6363011164257991,0.6360836455530899,0.00021747087270918009,8,,,,0.0008302559301912905,0.9999969008642342,0.9999891966115091,0.0008302559301912905,False
wine-quality-red,regression,tabicl_v2,numeric_code,T2,affine,one,none,original__numeric_code,2,0.0008302559301912905,0.6363011164257991,0.6362619748687899,0.6363011164257991,0.6360836455530899,0.00021747087270918009,8,,,,0.0008302559301912905,0.9999969008642342,0.9999891966115091,0.0008302559301912905,False
wine-quality-red,regression,tabicl_v2,numeric_code,T2,affine,one,standardization,zscore_reference,0,0.0,0.6360973292133928,0.6360973292133928,0.6360973292133928,0.6360973292133928,0.0,8,,,,0.0,1.0,1.0,0.0,False
wine-quality-red,regression,tabicl_v2,numeric_code,T2,affine,one,standardization,zscore_reference,1,0.0,0.6360973292133928,0.6360973292133928,0.6360973292133928,0.6360973292133928,0.0,8,,,,0.0,1.0,1.0,0.0,False
wine-quality-red,regression,tabicl_v2,numeric_code,T2,affine,one,standardization,zscore_reference,2,0.0,0.6360973292133928,0.6360973292133928,0.6360973292133928,0.6360973292133928,0.0,8,,,,0.0,1.0,1.0,0.0,False
wine-quality-red,regression,tabicl_v2,numeric_code,T2,scaling,all,none,original__numeric_code,0,0.0038483801318623125,0.6363011164257991,0.6360412313303225,0.6363720132228342,0.6358273284017854,0.0005446848210488575,8,,,,0.0038483801318623125,0.9999829111917156,0.9999276607730315,0.0038483801318623125,False
wine-quality-red,regression,tabicl_v2,numeric_code,T2,scaling,all,none,original__numeric_code,1,0.0038483801318623125,0.6363011164257991,0.6360412313303225,0.6363720132228342,0.6358273284017854,0.0005446848210488575,8,,,,0.0038483801318623125,0.9999829111917156,0.9999276607730315,0.0038483801318623125,False
wine-quality-red,regression,tabicl_v2,numeric_code,T2,scaling,all,none,original__numeric_code,2,0.0038483801318623125,0.6363011164257991,0.6360412313303225,0.6363720132228342,0.6358273284017854,0.0005446848210488575,8,,,,0.0038483801318623125,0.9999829111917156,0.9999276607730315,0.0038483801318623125,False
wine-quality-red,regression,tabicl_v2,numeric_code,T2,scaling,all,standardization,zscore_reference,0,0.0,0.6360973292133928,0.6360973292133928,0.6360973292133928,0.6360973292133928,0.0,8,,,,0.0,1.0,1.0,0.0,False
wine-quality-red,regression,tabicl_v2,numeric_code,T2,scaling,all,standardization,zscore_reference,1,0.0,0.6360973292133928,0.6360973292133928,0.6360973292133928,0.6360973292133928,0.0,8,,,,0.0,1.0,1.0,0.0,False
wine-quality-red,regression,tabicl_v2,numeric_code,T2,scaling,all,standardization,zscore_reference,2,0.0,0.6360973292133928,0.6360973292133928,0.6360973292133928,0.6360973292133928,0.0,8,,,,0.0,1.0,1.0,0.0,False
wine-quality-red,regression,tabicl_v2,numeric_code,T2,scaling,one,none,original__numeric_code,0,0.0004327320590405375,0.6363011164257991,0.6362836771864069,0.6363011164257991,0.6361616025106613,0.0001395139151377789,8,,,,0.0004327320590405375,0.9999982642766974,0.9999937972058959,0.0004327320590405375,False
wine-quality-red,regression,tabicl_v2,numeric_code,T2,scaling,one,none,original__numeric_code,1,0.0004327320590405375,0.6363011164257991,0.6362836771864069,0.6363011164257991,0.6361616025106613,0.0001395139151377789,8,,,,0.0004327320590405375,0.9999982642766974,0.9999937972058959,0.0004327320590405375,False
wine-quality-red,regression,tabicl_v2,numeric_code,T2,scaling,one,none,original__numeric_code,2,0.0004327320590405375,0.6363011164257991,0.6362836771864069,0.6363011164257991,0.6361616025106613,0.0001395139151377789,8,,,,0.0004327320590405375,0.9999982642766974,0.9999937972058959,0.0004327320590405375,False
wine-quality-red,regression,tabicl_v2,numeric_code,T2,scaling,one,standardization,zscore_reference,0,0.0,0.6360973292133928,0.6360973292133928,0.6360973292133928,0.6360973292133928,0.0,8,,,,0.0,1.0,1.0,0.0,False
wine-quality-red,regression,tabicl_v2,numeric_code,T2,scaling,one,standardization,zscore_reference,1,0.0,0.6360973292133928,0.6360973292133928,0.6360973292133928,0.6360973292133928,0.0,8,,,,0.0,1.0,1.0,0.0,False
wine-quality-red,regression,tabicl_v2,numeric_code,T2,scaling,one,standardization,zscore_reference,2,0.0,0.6360973292133928,0.6360973292133928,0.6360973292133928,0.6360973292133928,0.0,8,,,,0.0,1.0,1.0,0.0,False
wine-quality-red,regression,tabicl_v2,numeric_code,T3,mixed_monotone,all,none,original__numeric_code,0,0.08205619283141262,0.6363011164257991,0.6344402511786944,0.6380967498031415,0.6296063225188416,0.008490427284299829,8,,,,0.08205619283141262,0.9918335450299529,0.9897745820237641,0.08205619283141262,True
wine-quality-red,regression,tabicl_v2,numeric_code,T3,mixed_monotone,all,none,original__numeric_code,1,0.08205619283141262,0.6363011164257991,0.6344402511786944,0.6380967498031415,0.6296063225188416,0.008490427284299829,8,,,,0.08205619283141262,0.9918335450299529,0.9897745820237641,0.08205619283141262,True
wine-quality-red,regression,tabicl_v2,numeric_code,T3,mixed_monotone,all,none,original__numeric_code,2,0.08205619283141262,0.6363011164257991,0.6344402511786944,0.6380967498031415,0.6296063225188416,0.008490427284299829,8,,,,0.08205619283141262,0.9918335450299529,0.9897745820237641,0.08205619283141262,True
wine-quality-red,regression,tabicl_v2,numeric_code,T3,mixed_monotone,all,quantile_rank,quantile_reference,0,0.0002217486575805375,0.6366028334608322,0.6366205197154076,0.6366499968063664,0.6366028334608322,4.716334553411805e-05,8,,,,0.0002217486575805375,0.9999998529595678,0.9999997253380584,0.0002217486575805375,False
wine-quality-red,regression,tabicl_v2,numeric_code,T3,mixed_monotone,all,quantile_rank,quantile_reference,1,0.0002217486575805375,0.6366028334608322,0.6366205197154076,0.6366499968063664,0.6366028334608322,4.716334553411805e-05,8,,,,0.0002217486575805375,0.9999998529595678,0.9999997253380584,0.0002217486575805375,False
wine-quality-red,regression,tabicl_v2,numeric_code,T3,mixed_monotone,all,quantile_rank,quantile_reference,2,0.0002217486575805375,0.6366028334608322,0.6366205197154076,0.6366499968063664,0.6366028334608322,4.716334553411805e-05,8,,,,0.0002217486575805375,0.9999998529595678,0.9999997253380584,0.0002217486575805375,False
wine-quality-red,regression,tabicl_v2,numeric_code,T6,cond_le_10,one,none,basis_reference__density,0,0.0610822619549197,0.6386036944740048,0.6325422133761718,0.6369147121098153,0.6290890651042286,0.007825647005586744,8,,,,0.0610822619549197,0.9956726597930247,0.9939934070099103,0.0610822619549197,True
wine-quality-red,regression,tabicl_v2,numeric_code,T6,cond_le_10,one,none,basis_reference__density,1,0.0610822619549197,0.6386036944740048,0.6325422133761718,0.6369147121098153,0.6290890651042286,0.007825647005586744,8,,,,0.0610822619549197,0.9956726597930247,0.9939934070099103,0.0610822619549197,True
wine-quality-red,regression,tabicl_v2,numeric_code,T6,cond_le_10,one,none,basis_reference__density,2,0.0610822619549197,0.6386036944740048,0.6325422133761718,0.6369147121098153,0.6290890651042286,0.007825647005586744,8,,,,0.0610822619549197,0.9956726597930247,0.9939934070099103,0.0610822619549197,True
wine-quality-red,regression,tabicl_v2,numeric_code,T6,cond_le_3,one,none,basis_reference__density,0,0.062047200154357496,0.6386036944740048,0.6318704647082241,0.6373551505135691,0.6268658526395972,0.010489297873971903,8,,,,0.062047200154357496,0.9955697732604719,0.9938161371404525,0.062047200154357496,True
wine-quality-red,regression,tabicl_v2,numeric_code,T6,cond_le_3,one,none,basis_reference__density,1,0.062047200154357496,0.6386036944740048,0.6318704647082241,0.6373551505135691,0.6268658526395972,0.010489297873971903,8,,,,0.062047200154357496,0.9955697732604719,0.9938161371404525,0.062047200154357496,True
wine-quality-red,regression,tabicl_v2,numeric_code,T6,cond_le_3,one,none,basis_reference__density,2,0.062047200154357496,0.6386036944740048,0.6318704647082241,0.6373551505135691,0.6268658526395972,0.010489297873971903,8,,,,0.062047200154357496,0.9955697732604719,0.9938161371404525,0.062047200154357496,True
wine-quality-red,regression,tabicl_v2,numeric_code,T6,orthogonal,one,none,basis_reference__density,0,0.06244234733182294,0.6386036944740048,0.6322602442263026,0.6352062044392685,0.6290369418591866,0.00616926258008188,8,,,,0.06244234733182294,0.9955119442796825,0.9938138115505926,0.06244234733182294,True
wine-quality-red,regression,tabicl_v2,numeric_code,T6,orthogonal,one,none,basis_reference__density,1,0.06244234733182294,0.6386036944740048,0.6322602442263026,0.6352062044392685,0.6290369418591866,0.00616926258008188,8,,,,0.06244234733182294,0.9955119442796825,0.9938138115505926,0.06244234733182294,True
wine-quality-red,regression,tabicl_v2,numeric_code,T6,orthogonal,one,none,basis_reference__density,2,0.06244234733182294,0.6386036944740048,0.6322602442263026,0.6352062044392685,0.6290369418591866,0.00616926258008188,8,,,,0.06244234733182294,0.9955119442796825,0.9938138115505926,0.06244234733182294,True
wine-quality-red,regression,tabpfn_2_6,numeric_code,T0,column_permutation,all,none,original__numeric_code,0,0.12552550049408967,0.6327054774595579,0.6414835365402424,0.6560777074704109,0.629055851708698,0.0270218557617129,8,,,,0.12552550049408967,0.9815130931204867,0.978605552010386,0.12552550049408967,True
wine-quality-red,regression,tabpfn_2_6,numeric_code,T0,column_permutation,all,none,original__numeric_code,1,0.14594708362559078,0.6239036419940039,0.6461878649736438,0.6551475653058175,0.6400173208084061,0.015130244497411405,8,,,,0.14594708362559078,0.975283964855574,0.9723676657331224,0.14594708362559078,True
wine-quality-red,regression,tabpfn_2_6,numeric_code,T0,column_permutation,all,none,original__numeric_code,2,0.11338564595390017,0.6423490228926715,0.6444110115179268,0.6516318509574238,0.6298601566008792,0.02177169435654458,8,,,,0.11338564595390017,0.9842757856449975,0.9800328769982779,0.11338564595390017,True
wine-quality-red,regression,tabpfn_2_6,numeric_code,T2,affine,all,none,original__numeric_code,0,0.08615206145982163,0.6327054774595579,0.6388903144129476,0.644562304843885,0.6339779726075485,0.01058433223633648,8,,,,0.08615206145982163,0.9912524726419287,0.9892567015151252,0.08615206145982163,True
wine-quality-red,regression,tabpfn_2_6,numeric_code,T2,affine,all,none,original__numeric_code,1,0.09582347379747765,0.6239036419940039,0.6344710781773898,0.6442296341980196,0.6229311524433475,0.021298481754672083,8,,,,0.09582347379747765,0.9892678992502547,0.986831256128388,0.09582347379747765,True
wine-quality-red,regression,tabpfn_2_6,numeric_code,T2,affine,all,none,original__numeric_code,2,0.06770008293223188,0.6423490228926715,0.6420456094659852,0.6473857714728655,0.636971794129614,0.010413977343251446,8,,,,0.06770008293223188,0.9938759687936047,0.9920309785184889,0.06770008293223188,True
wine-quality-red,regression,tabpfn_2_6,numeric_code,T2,affine,all,standardization,zscore_reference,0,0.005967083615645587,0.6389296410769574,0.6388627175868422,0.6391674169994094,0.6386732097758309,0.0004942072235785133,8,,,,0.005967083615645587,0.9999590649378431,0.9998949419227963,0.005967083615645587,False
wine-quality-red,regression,tabpfn_2_6,numeric_code,T2,affine,all,standardization,zscore_reference,1,0.004631482910155775,0.6387058450359387,0.6387979573112624,0.6392879051189169,0.6384341547135394,0.0008537504053774958,8,,,,0.004631482910155775,0.9999724848469982,0.9999159993151769,0.004631482910155775,False
wine-quality-red,regression,tabpfn_2_6,numeric_code,T2,affine,all,standardization,zscore_reference,2,0.0041225836875937874,0.634964829013786,0.6350137986327042,0.6352735397129784,0.6346989221766769,0.0005746175363015027,8,,,,0.0041225836875937874,0.9999803251217821,0.9999458916569697,0.0041225836875937874,False
wine-quality-red,regression,tabpfn_2_6,numeric_code,T2,affine,one,none,original__numeric_code,0,0.0381161315603779,0.6327054774595579,0.6353379007847284,0.6392893835708809,0.6327054774595579,0.00658390611132309,8,,,,0.0381161315603779,0.9977312237718758,0.9971642101234788,0.0381161315603779,False
wine-quality-red,regression,tabpfn_2_6,numeric_code,T2,affine,one,none,original__numeric_code,1,0.02758448092693446,0.6239036419940039,0.6266908257165326,0.6326950029764843,0.6239036419940039,0.008791360982480345,8,,,,0.02758448092693446,0.9985818000596826,0.9980486663804083,0.02758448092693446,False
wine-quality-red,regression,tabpfn_2_6,numeric_code,T2,affine,one,none,original__numeric_code,2,0.016127967712329612,0.6423490228926715,0.6428169668798126,0.6459977656285837,0.6410185961620909,0.004979169466492794,8,,,,0.016127967712329612,0.9994328720548905,0.9991246533541221,0.016127967712329612,False
wine-quality-red,regression,tabpfn_2_6,numeric_code,T2,affine,one,standardization,zscore_reference,0,0.000649379430457025,0.6389296410769574,0.638935912990499,0.6389798163852901,0.6389296410769574,5.017530833273387e-05,8,,,,0.000649379430457025,0.9999961778564292,0.9999910277197682,0.000649379430457025,False
wine-quality-red,regression,tabpfn_2_6,numeric_code,T2,affine,one,standardization,zscore_reference,1,0.000583078675785625,0.6387058450359387,0.6387462792815071,0.6390293190004853,0.6387058450359387,0.0003234739645465723,8,,,,0.000583078675785625,0.9999971617771155,0.9999895170807496,0.000583078675785625,False
wine-quality-red,regression,tabpfn_2_6,numeric_code,T2,affine,one,standardization,zscore_reference,2,0.000434308037673775,0.634964829013786,0.6349794275923069,0.6350816176419524,0.634964829013786,0.00011678862816633107,8,,,,0.000434308037673775,0.9999984308171225,0.9999950560904846,0.000434308037673775,False
wine-quality-red,regression,tabpfn_2_6,numeric_code,T2,scaling,all,none,original__numeric_code,0,0.01004257324227695,0.6327054774595579,0.632777194685863,0.6335216606089199,0.6322783185597365,0.0012433420491834157,8,,,,0.01004257324227695,0.9998790328870202,0.9997803164651414,0.01004257324227695,False
wine-quality-red,regression,tabpfn_2_6,numeric_code,T2,scaling,all,none,original__numeric_code,1,0.005512894076223312,0.6239036419940039,0.6242039870590249,0.6245893489484275,0.6238739507608003,0.0007153981876272253,8,,,,0.005512894076223312,0.9999640656118043,0.9998871140660636,0.005512894076223312,False
wine-quality-red,regression,tabpfn_2_6,numeric_code,T2,scaling,all,none,original__numeric_code,2,0.009430604372542424,0.6423490228926715,0.6422535462778259,0.642660287385986,0.6417390282492969,0.0009212591366891676,8,,,,0.009430604372542424,0.9998908783382611,0.9997591675188807,0.009430604372542424,False
wine-quality-red,regression,tabpfn_2_6,numeric_code,T2,scaling,all,standardization,zscore_reference,0,0.005195183098149088,0.6389296410769574,0.6391695933918253,0.6393508187112132,0.638827167684567,0.0005236510266461991,8,,,,0.005195183098149088,0.9999679043598261,0.9999144886761585,0.005195183098149088,False
wine-quality-red,regression,tabpfn_2_6,numeric_code,T2,scaling,all,standardization,zscore_reference,1,0.005860981215028987,0.6387058450359387,0.6388875053001705,0.639145918876685,0.6386504447833927,0.0004954740932923141,8,,,,0.005860981215028987,0.9999579134116168,0.9998831772492272,0.005860981215028987,False
wine-quality-red,regression,tabpfn_2_6,numeric_code,T2,scaling,all,standardization,zscore_reference,2,0.0043518828905715,0.634964829013786,0.635117158222628,0.6354716539956962,0.634842258236902,0.0006293957587941712,8,,,,0.0043518828905715,0.9999778898335674,0.9999362327226385,0.0043518828905715,False
wine-quality-red,regression,tabpfn_2_6,numeric_code,T2,scaling,one,none,original__numeric_code,0,0.002690686957721475,0.6327054774595579,0.632682971329563,0.6328524603989613,0.6320718478780802,0.0007806125208810188,8,,,,0.002690686957721475,0.9999807560684435,0.999948684050307,0.002690686957721475,False
wine-quality-red,regression,tabpfn_2_6,numeric_code,T2,scaling,one,none,original__numeric_code,1,0.0011485223155621375,0.6239036419940039,0.6238851055736941,0.6240388216490707,0.6236343283771049,0.000404493271965789,8,,,,0.0011485223155621375,0.9999959261437273,0.9999822385472963,0.0011485223155621375,False
wine-quality-red,regression,tabpfn_2_6,numeric_code,T2,scaling,one,none,original__numeric_code,2,0.0035070233422826373,0.6423490228926715,0.6425315191576241,0.6433137811346727,0.6423407060693533,0.0009730750653194065,8,,,,0.0035070233422826373,0.9999609569235788,0.9999129322601998,0.0035070233422826373,False
wine-quality-red,regression,tabpfn_2_6,numeric_code,T2,scaling,one,standardization,zscore_reference,0,0.000846990899755725,0.6389296410769574,0.6388931795640256,0.6389296410769574,0.6386379489735031,0.0002916921034542552,8,,,,0.000846990899755725,0.9999935425058929,0.9999795834847787,0.000846990899755725,False
wine-quality-red,regression,tabpfn_2_6,numeric_code,T2,scaling,one,standardization,zscore_reference,1,0.000851466348939225,0.6387058450359387,0.6387039735169036,0.6387058450359387,0.638690872883657,1.4972152281744755e-05,8,,,,0.000851466348939225,0.9999937960884984,0.9999857175947331,0.000851466348939225,False
wine-quality-red,regression,tabpfn_2_6,numeric_code,T2,scaling,one,standardization,zscore_reference,2,0.0005361754761840625,0.634964829013786,0.6348981023712137,0.634964829013786,0.634431015873207,0.000533813140578987,8,,,,0.0005361754761840625,0.9999976045976986,0.9999920348124474,0.0005361754761840625,False
wine-quality-red,regression,tabpfn_2_6,numeric_code,T3,mixed_monotone,all,none,original__numeric_code,0,0.14771428597779704,0.6327054774595579,0.6369287263387737,0.6399273767614181,0.6331613762945353,0.006766000466882804,8,,,,0.14771428597779704,0.9746250173515594,0.9732230994101185,0.14771428597779704,True
wine-quality-red,regression,tabpfn_2_6,numeric_code,T3,mixed_monotone,all,none,original__numeric_code,1,0.1539162483352835,0.6239036419940039,0.6359388368245316,0.6419062323727743,0.6319927298780611,0.009913502494713233,8,,,,0.1539162483352835,0.9721938937161457,0.9682006824426208,0.1539162483352835,True
wine-quality-red,regression,tabpfn_2_6,numeric_code,T3,mixed_monotone,all,none,original__numeric_code,2,0.1338024330437809,0.6423490228926715,0.6426836055802895,0.6478263184348589,0.6380670756499238,0.009759242784935118,8,,,,0.1338024330437809,0.9769837048350932,0.9742764149242649,0.1338024330437809,True
wine-quality-red,regression,tabpfn_2_6,numeric_code,T3,mixed_monotone,all,quantile_rank,quantile_reference,0,0.0036586151746441876,0.6399273767614181,0.6402747562536144,0.6408537220739418,0.6399273767614181,0.0009263453125236687,8,,,,0.0036586151746441876,0.9999602113303585,0.9999405357549944,0.0036586151746441876,False
wine-quality-red,regression,tabpfn_2_6,numeric_code,T3,mixed_monotone,all,quantile_rank,quantile_reference,1,0.0020582922556342496,0.6368952220483649,0.6368629521506953,0.6368952220483649,0.6368091689879126,8.605306045228467e-05,8,,,,0.0020582922556342496,0.9999872336895664,0.9999843442865344,0.0020582922556342496,False
wine-quality-red,regression,tabpfn_2_6,numeric_code,T3,mixed_monotone,all,quantile_rank,quantile_reference,2,0.0027409476419001377,0.6478263184348589,0.6478257303125794,0.6478263184348589,0.64782475010878,1.568326078893456e-06,8,,,,0.0027409476419001377,0.9999756190180715,0.9999755551140623,0.0027409476419001377,False
wine-quality-red,regression,tabpfn_2_6,numeric_code,T6,cond_le_10,one,none,basis_reference__density,0,0.08320669675152177,0.6493322218258114,0.6473656125247677,0.6548592110324324,0.6427438196313727,0.01211539140105966,8,,,,0.08320669675152177,0.9919035170692896,0.9900384800957288,0.08320669675152177,True
wine-quality-red,regression,tabpfn_2_6,numeric_code,T6,cond_le_10,one,none,basis_reference__density,1,0.13848683066980078,0.6291297771203743,0.6335517799359168,0.638491577172186,0.6270745229865754,0.011417054185610565,8,,,,0.13848683066980078,0.9787660684152645,0.9762561878978588,0.13848683066980078,True
wine-quality-red,regression,tabpfn_2_6,numeric_code,T6,cond_le_10,one,none,basis_reference__density,2,0.07976938456507215,0.6448145068995111,0.6405609733216174,0.6451094138452851,0.6364986067724593,0.008610807072825799,8,,,,0.07976938456507215,0.9921296796387555,0.9906919001366901,0.07976938456507215,True
wine-quality-red,regression,tabpfn_2_6,numeric_code,T6,cond_le_3,one,none,basis_reference__density,0,0.08823000817368495,0.6493322218258114,0.6464831160595017,0.6492885654544902,0.6415470221347663,0.007741543319723876,8,,,,0.08823000817368495,0.9911066197020086,0.988610926223137,0.08823000817368495,True
wine-quality-red,regression,tabpfn_2_6,numeric_code,T6,cond_le_3,one,none,basis_reference__density,1,0.11681055958378404,0.6291297771203743,0.634194200178914,0.6398673492475034,0.6301598784596986,0.009707470787804873,8,,,,0.11681055958378404,0.9847790264189293,0.9826513637408184,0.11681055958378404,True
wine-quality-red,regression,tabpfn_2_6,numeric_code,T6,cond_le_3,one,none,basis_reference__density,2,0.08469256900107044,0.6448145068995111,0.6399244275469564,0.6442107301393803,0.6367677922378431,0.007442937901537272,8,,,,0.08469256900107044,0.9913612867177631,0.9895726081777758,0.08469256900107044,True
wine-quality-red,regression,tabpfn_2_6,numeric_code,T6,orthogonal,one,none,basis_reference__density,0,0.0914711117486443,0.6493322218258114,0.6472822131039405,0.6539439561310054,0.643643764823059,0.01030019130794646,8,,,,0.0914711117486443,0.9903714541135727,0.9881786088021732,0.0914711117486443,True
wine-quality-red,regression,tabpfn_2_6,numeric_code,T6,orthogonal,one,none,basis_reference__density,1,0.1204331410319816,0.6291297771203743,0.63267273074624,0.6413804251590911,0.6272792831780514,0.014101141981039733,8,,,,0.1204331410319816,0.9840900109220415,0.9808984614743905,0.1204331410319816,True
wine-quality-red,regression,tabpfn_2_6,numeric_code,T6,orthogonal,one,none,basis_reference__density,2,0.08358255491641169,0.6448145068995111,0.642909563075471,0.64860128278858,0.6387494887938168,0.009851793994763214,8,,,,0.08358255491641169,0.9917934867648056,0.9900996380875129,0.08358255491641169,True
